datetime,open,high,low,close
2026-03-12 02:00:00+00:00,0.9982349376000028,0.9982349376000028,0.9969896625000028,0.9974198400000026
2026-03-12 03:00:00+00:00,0.9972975050000028,0.9977435832000028,0.9966798360000029,0.9977435832000028
2026-03-12 04:00:00+00:00,0.9976301379000029,0.9976595815000028,0.9961874884000027,0.9961874884000027
2026-03-12 05:00:00+00:00,0.9963264752000027,0.9971755280000028,0.9956644236000027,0.9961474551000027
2026-03-12 06:00:00+00:00,0.9959265150000026,0.9963036545000028,0.9946095102000027,0.9959815008000029
2026-03-12 07:00:00+00:00,0.9959973508000026,0.9974057940000027,0.9957245077000028,0.9972540694000026
2026-03-12 08:00:00+00:00,0.9975221568000027,0.9980368317000027,0.9968459556000028,0.9973203067000027
2026-03-12 09:00:00+00:00,0.9968808570000027,0.9978099204000027,0.9958657482000028,0.9975548385000027
2026-03-12 10:00:00+00:00,0.9977159520000028,0.9977536206000027,0.9967634672000029,0.9975825522000028
2026-03-12 11:00:00+00:00,0.9976654180000027,0.9990919155000028,0.9972971239000028,0.9979570783000028
2026-03-12 12:00:00+00:00,0.9977216000000027,0.9980678397000027,0.9971455489000026,0.9977836996000027
2026-03-12 13:00:00+00:00,0.9976349682000027,0.9980694224000028,0.9936445066000028,0.9937000524000027
2026-03-12 14:00:00+00:00,0.9939509760000028,0.9948625555000028,0.9921570600000026,0.9931313886000027
2026-03-12 15:00:00+00:00,0.9925099981000027,0.9943509112000027,0.9918767166000028,0.9934261402000029
2026-03-12 16:00:00+00:00,0.9931942006000026,0.9943049471000027,0.9923564040000026,0.9939338376000028
2026-03-12 17:00:00+00:00,0.9940050168000029,0.9944866665000026,0.9932020732000026,0.9933098835000028
2026-03-12 18:00:00+00:00,0.9935377200000028,0.9936756864000028,0.9921438024000026,0.9925534272000028
2026-03-12 19:00:00+00:00,0.9925826496000029,0.9929838640000028,0.9923151579000028,0.9926821840000026
2026-03-12 20:00:00+00:00,0.9926507325000026,0.9934357854000028,0.9925056960000028,0.9930989195000027
2026-03-12 21:00:00+00:00,0.9929002020000027,0.9933050348000027,0.992022431400003,0.9921256083000031
2026-03-12 22:00:00+00:00,0.992336254000003,0.993138477000003,0.992336254000003,0.9930112668000032
2026-03-12 23:00:00+00:00,0.992879585400003,0.9929779880000031,0.992265319000003,0.9923645016000032
2026-03-13 00:00:00+00:00,0.992235507200003,0.9931063828000031,0.9915593838000031,0.9929955750000032
2026-03-13 01:00:00+00:00,0.9932599992000032,0.9936935552000031,0.992778543100003,0.993035914000003
2026-03-13 02:00:00+00:00,0.993204251600003,0.9936079428000031,0.992292157500003,0.9928332950000032
2026-03-13 03:00:00+00:00,0.992873072400003,0.992944306200003,0.9910242356000031,0.9920653092000032
2026-03-13 04:00:00+00:00,0.9920745943000031,0.9922327632000031,0.9911271432000032,0.9914167644000031
2026-03-13 05:00:00+00:00,0.9914483404000031,0.991973531400003,0.9910470115000031,0.991533370800003
2026-03-13 06:00:00+00:00,0.9916509506000031,0.9916509506000031,0.988607689500003,0.9886368162000031
2026-03-13 07:00:00+00:00,0.988611459300003,0.9889128294000032,0.9872966656000032,0.9876180425000032
2026-03-13 08:00:00+00:00,0.987610377600003,0.9893912944000032,0.9865716232000031,0.9893195375000031
2026-03-13 09:00:00+00:00,0.9896019660000032,0.9905471613000031,0.9892113000000031,0.9895799070000032
2026-03-13 10:00:00+00:00,0.9896354154000031,0.9914807944000031,0.9896109360000029,0.990584416000003
2026-03-13 11:00:00+00:00,0.9909390596000031,0.991298134700003,0.9898666908000032,0.991156975400003
2026-03-13 12:00:00+00:00,0.9912141200000031,0.9948004297000029,0.9903092778000031,0.994739376000003
2026-03-13 13:00:00+00:00,0.9945224910000032,0.9946944448000031,0.992356202600003,0.9924863820000032
2026-03-13 14:00:00+00:00,0.9924126918000031,0.9933123464000031,0.9907986316000031,0.9911387946000031
2026-03-13 15:00:00+00:00,0.9910906978000031,0.992127654000003,0.9898422625000031,0.9898422625000031
2026-03-13 16:00:00+00:00,0.989904272400003,0.9908508160000031,0.989577088000003,0.990118367500003
2026-03-13 17:00:00+00:00,0.9900997510000031,0.9907873185000031,0.989631139400003,0.9896820832000031
2026-03-13 18:00:00+00:00,0.9896482379000031,0.9897783473000031,0.9886306410000031,0.989034858300003
2026-03-13 19:00:00+00:00,0.9890606655000032,0.9890606655000032,0.9877036875000031,0.9877036875000031
2026-03-13 20:00:00+00:00,0.9875740276000031,0.9875740276000031,0.985489876000003,0.985489876000003
2026-03-15 21:00:00+00:00,0.9854243055000032,0.9864232066000027,0.9844056580000028,0.9858672720000028
2026-03-15 22:00:00+00:00,0.9859696140000028,0.9865566585000028,0.9849384000000028,0.9857802870000029
2026-03-15 23:00:00+00:00,0.9861795500000029,0.9870071605000027,0.985488136800003,0.9869444860000027
2026-03-16 00:00:00+00:00,0.9873206460000029,0.9884850196000029,0.9873206460000029,0.988002678600003
2026-03-16 01:00:00+00:00,0.9881167626000028,0.9883049502000029,0.9859436323000028,0.9875043738000028
2026-03-16 02:00:00+00:00,0.9873612750000028,0.987565321800003,0.9870444070000027,0.9872019696000027
2026-03-16 03:00:00+00:00,0.9872904553000027,0.9879904515000029,0.9870280524000028,0.9876869520000028
2026-03-16 04:00:00+00:00,0.9877021753000027,0.9878004432000027,0.987101387500003,0.9871648290000029
2026-03-16 05:00:00+00:00,0.9872746082000029,0.9889807268000029,0.9872746082000029,0.9885880160000029
2026-03-16 06:00:00+00:00,0.9886186981000028,0.9892049002000028,0.9884429932000028,0.9891912209000029
2026-03-16 07:00:00+00:00,0.989107580100003,0.9895462126000029,0.9873427344000028,0.987660993600003
2026-03-16 08:00:00+00:00,0.9881627184000028,0.9882897095000029,0.9870289479000028,0.9882897095000029
2026-03-16 09:00:00+00:00,0.9879924413000029,0.9890063904000028,0.9876131928000028,0.9886963240000027
2026-03-16 10:00:00+00:00,0.9886120112000027,0.9916737488000028,0.9886120112000027,0.9916656123000028
2026-03-16 11:00:00+00:00,0.9913553736000028,0.9915349864000028,0.9906899618000026,0.9909819790000027
2026-03-16 12:00:00+00:00,0.9910865160000029,0.9926986416000029,0.990860836800003,0.9917112114000028
2026-03-16 13:00:00+00:00,0.9919483425000027,0.9924308100000029,0.9910999772000028,0.9924308100000029
2026-03-16 14:00:00+00:00,0.9924203468000027,0.9927320547000027,0.9909482544000028,0.9915223480000027
2026-03-16 15:00:00+00:00,0.9916521243000027,0.9919535654000027,0.9911189640000029,0.9917368380000028
2026-03-16 16:00:00+00:00,0.9916223306000029,0.9920826480000029,0.9906023320000027,0.991152501900003
2026-03-16 17:00:00+00:00,0.9917298352000028,0.9920461440000027,0.9913803060000028,0.9914170284000028
2026-03-16 18:00:00+00:00,0.9915216527000027,0.9938660017000029,0.9915216527000027,0.9937869750000027
2026-03-16 19:00:00+00:00,0.9938438052000028,0.9943230752000027,0.9936560319000027,0.9939359596000029
2026-03-16 20:00:00+00:00,0.9939331600000029,0.9943483634000028,0.9934411932000027,0.9939864408000028
2026-03-16 21:00:00+00:00,0.9934423310000028,0.9947214348000027,0.9934423310000028,0.9938531844000027
2026-03-16 22:00:00+00:00,0.9942607275000026,0.9942607275000026,0.9938036680000029,0.9939192117000025
2026-03-16 23:00:00+00:00,0.9939965696000026,0.9944013756000027,0.9936535466000028,0.9941857952000028
2026-03-17 00:00:00+00:00,0.9938537622000029,0.9940729304000026,0.9933259953000025,0.9934597464000028
2026-03-17 01:00:00+00:00,0.9935998704000026,0.9957679852000025,0.9935625748000028,0.9957679852000025
2026-03-17 02:00:00+00:00,0.9957898816000025,0.9963565557000028,0.9953439450000027,0.9953439450000027
2026-03-17 03:00:00+00:00,0.9954286488000026,0.9962187648000028,0.9919403532000026,0.9940775364000025
2026-03-17 04:00:00+00:00,0.9940165818000027,0.9956791482000028,0.9934652080000027,0.9948023700000028
2026-03-17 05:00:00+00:00,0.9947588182000027,0.9971049447000028,0.9947588182000027,0.9949853000000027
2026-03-17 06:00:00+00:00,0.9947230514000028,0.9954014099000029,0.9933873140000027,0.9953338941000026
2026-03-17 07:00:00+00:00,0.9950271136000026,0.9951834816000028,0.9939756916000028,0.9943606304000027
2026-03-17 08:00:00+00:00,0.9945589080000028,0.9965163472000026,0.9941031241000027,0.9965163472000026
2026-03-17 09:00:00+00:00,0.9965341044000026,0.9978521847000028,0.9965341044000026,0.9978521847000028
2026-03-17 10:00:00+00:00,0.9975133146000026,0.9978887192000027,0.9968849060000027,0.9976866276000027
2026-03-17 11:00:00+00:00,0.9976218470000027,0.9981209493000025,0.9973219910000026,0.9973219910000026
2026-03-17 12:00:00+00:00,0.9972399890000027,0.9994894390000026,0.9970696134000027,0.9994894390000026
2026-03-17 13:00:00+00:00,0.9996270384000027,1.0018656450000027,0.9996270384000027,1.0004178440000024
2026-03-17 14:00:00+00:00,0.9999996780000026,1.0002634168000026,0.9990069050000024,1.0000710836000026
2026-03-17 15:00:00+00:00,1.0001623338000025,1.0003270948000025,0.9991124234000025,1.0001568668000025
2026-03-17 16:00:00+00:00,0.9999674388000026,1.0005879100000026,0.9996591273000026,1.0000418028000024
2026-03-17 17:00:00+00:00,1.0001057276000027,1.0008379029000023,0.9999675132000027,1.0006516512000025
2026-03-17 18:00:00+00:00,1.0007815728000025,1.0011536990000023,0.9999318907000025,1.0000567800000026
2026-03-17 19:00:00+00:00,0.9999603003000026,1.0000822587000024,0.9997563150000026,1.0000607260000025
2026-03-17 20:00:00+00:00,0.9998117780000025,1.0000668744000025,0.9994726080000023,0.9994726080000023
2026-03-17 21:00:00+00:00,0.9989054287000027,1.0000672463000027,0.9984970359000026,0.9991430044000029
2026-03-17 22:00:00+00:00,0.9998974373000026,1.0006300707000029,0.9998974373000026,1.0005964344000027
2026-03-17 23:00:00+00:00,1.000588105500003,1.0006943310000027,1.0001881398000028,1.0005131184000031
2026-03-18 00:00:00+00:00,1.000442896500003,1.0011329684000025,1.000227993600003,1.000453558300003
2026-03-18 01:00:00+00:00,1.001030364600003,1.0018100394000031,1.001013940600003,1.001279174400003
2026-03-18 02:00:00+00:00,1.0012865072000028,1.0013201388000028,1.000022261400003,1.000089580000003
2026-03-18 03:00:00+00:00,1.000196890800003,1.001640186600003,0.999990561400003,1.001556215000003
2026-03-18 04:00:00+00:00,1.001760124800003,1.002273150000003,1.0012519660000028,1.0020403968000031
2026-03-18 05:00:00+00:00,1.001985748000003,1.002541839000003,1.001716829100003,1.002436842000003
2026-03-18 06:00:00+00:00,1.0024641638000027,1.0035447615000028,1.002312630000003,1.0030125120000029
2026-03-18 07:00:00+00:00,1.0029388491000029,1.003207154600003,1.002150270000003,1.002478395600003
2026-03-18 08:00:00+00:00,1.002423708000003,1.0024627375000028,1.000373152500003,1.0009241920000032
2026-03-18 09:00:00+00:00,1.000889187100003,1.001261474000003,1.000376846700003,1.0011176019000028
2026-03-18 10:00:00+00:00,1.001011395000003,1.001011395000003,1.0003891128000029,1.0003891128000029
2026-03-18 11:00:00+00:00,1.000259837400003,1.000725653600003,0.9988383522000028,0.999197607600003
2026-03-18 12:00:00+00:00,0.9992185782000029,0.9992185782000029,0.9948770304000031,0.9948770304000031
2026-03-18 13:00:00+00:00,0.994924229600003,0.996721792800003,0.9941200404000029,0.9962366380000028
2026-03-18 14:00:00+00:00,0.996302990900003,0.9971562355000029,0.9953940444000029,0.9966781431000029
2026-03-18 15:00:00+00:00,0.9970556544000029,0.9982129423000029,0.9965778595000029,0.9966508245000029
2026-03-18 16:00:00+00:00,0.9966665072000028,0.9972979650000029,0.9966019140000029,0.997240999500003
2026-03-18 17:00:00+00:00,0.9971489184000029,0.9977707264000029,0.9968008042000028,0.9971140608000029
2026-03-18 18:00:00+00:00,0.998013547200003,0.998205772200003,0.9945041760000028,0.9946911630000029
2026-03-18 19:00:00+00:00,0.9946432101000031,0.9951160968000029,0.992686490600003,0.993137625000003
2026-03-18 20:00:00+00:00,0.993124901800003,0.993397865600003,0.9914782806000028,0.9916857624000027
2026-03-18 21:00:00+00:00,0.9914579742000028,0.9928826328000029,0.9914579742000028,0.992531672000003
2026-03-18 22:00:00+00:00,0.9932104260000029,0.9932104260000029,0.9922710008000026,0.9924419394000028
2026-03-18 23:00:00+00:00,0.9922525624000029,0.9928842525000029,0.9922525624000029,0.9928842525000029
2026-03-19 00:00:00+00:00,0.9930122202000027,0.9941589310000029,0.9921351300000029,0.9941589310000029
2026-03-19 01:00:00+00:00,0.9944808720000027,0.9944808720000027,0.9932282982000029,0.9939886976000027
2026-03-19 02:00:00+00:00,0.9937474436000028,0.9954991284000029,0.9933195100000028,0.994516320000003
2026-03-19 03:00:00+00:00,0.9945539718000028,0.9954219648000028,0.994547555400003,0.9949285138000027
2026-03-19 04:00:00+00:00,0.9947201385000028,0.9948656440000028,0.9938230612000029,0.9938303210000028
2026-03-19 05:00:00+00:00,0.9939300792000029,0.9943147500000028,0.9932145015000029,0.993340090000003
2026-03-19 06:00:00+00:00,0.9933940380000029,0.994219470000003,0.9930854716000027,0.9935583700000029
2026-03-19 07:00:00+00:00,0.9935486015000029,0.9947369205000028,0.9926898828000029,0.9928938789000028
2026-03-19 08:00:00+00:00,0.9932419497000029,0.9950064086000029,0.9930017175000028,0.9949338696000029
2026-03-19 09:00:00+00:00,0.9951167788000027,0.9973295370000028,0.9951167788000027,0.9970405442000028
2026-03-19 10:00:00+00:00,0.9967127040000028,0.9970680160000029,0.9961609910000028,0.9961609910000028
2026-03-19 11:00:00+00:00,0.996207173300003,0.9963125060000029,0.9939123680000028,0.9951177744000028
2026-03-19 12:00:00+00:00,0.9947591500000029,0.9949737226000028,0.9910414360000028,0.9911343920000028
2026-03-19 13:00:00+00:00,0.9908412838000027,0.9934989812000028,0.9888092981000027,0.9933748852000027
2026-03-19 14:00:00+00:00,0.9939349440000029,0.9953847201000028,0.9934901584000028,0.9949506644000028
2026-03-19 15:00:00+00:00,0.994859039200003,0.9961837782000028,0.9927150891000027,0.9931679326000028
2026-03-19 16:00:00+00:00,0.9933433370000029,0.9952903800000027,0.9933433370000029,0.9951406380000029
2026-03-19 17:00:00+00:00,0.9953006644000029,0.9967892880000029,0.9944147080000026,0.9962507642000028
2026-03-19 18:00:00+00:00,0.9960783562000027,0.9987659046000028,0.9959941602000029,0.9987267030000027
2026-03-19 19:00:00+00:00,0.9992787000000029,1.0021369426000029,0.9992787000000029,1.0009484874000028
2026-03-19 20:00:00+00:00,1.0010416416000028,1.0016847265000028,1.0008343280000027,1.001266333200003
2026-03-19 21:00:00+00:00,1.0002233870000028,1.0015126875000027,1.0002233870000028,1.0006625160000029
2026-03-19 22:00:00+00:00,1.001427835200003,1.0020565120000027,1.0005950538000028,1.0005950538000028
2026-03-19 23:00:00+00:00,1.0008105620000027,1.0013712816000029,1.0001184300000028,1.0003429824000027
2026-03-20 00:00:00+00:00,1.0005073728000027,1.000796878800003,0.9998776557000029,1.0006443648000027
2026-03-20 01:00:00+00:00,1.0013027148000029,1.001498706000003,1.000300121700003,1.000577701100003
2026-03-20 02:00:00+00:00,1.0005146984000028,1.000754412300003,0.999939512000003,1.0005982454000029
2026-03-20 03:00:00+00:00,1.0005106720000028,1.000702572000003,0.9999687488000029,1.000114808000003
2026-03-20 04:00:00+00:00,1.0001558861000028,1.0010120169000027,0.9998838551000028,1.0009976277000028
2026-03-20 05:00:00+00:00,1.0008406070000029,1.001864649100003,1.0007785221000027,1.0009612627000029
2026-03-20 06:00:00+00:00,1.0011695154000029,1.001565731000003,1.000163901000003,1.000282692000003
2026-03-20 07:00:00+00:00,1.000161095800003,1.0015096375000028,0.9999317472000029,1.0006040537000027
2026-03-20 08:00:00+00:00,1.000618182900003,1.0007292344000027,0.9995629332000029,0.9996375206000029
2026-03-20 09:00:00+00:00,0.999395812600003,0.9996118392000028,0.9967841265000029,0.9969152871000029
2026-03-20 10:00:00+00:00,0.9968840255000029,0.9974337254000027,0.9958858536000029,0.9974337254000027
2026-03-20 11:00:00+00:00,0.9972502766000028,0.9988389338000028,0.9972502766000028,0.9982309424000028
2026-03-20 12:00:00+00:00,0.9983848917000029,0.998985164400003,0.9976058400000029,0.9978492843000029
2026-03-20 13:00:00+00:00,0.9980025135000029,0.9982058912000028,0.9938917198000028,0.9942951650000029
2026-03-20 14:00:00+00:00,0.9943272680000029,0.9943272680000029,0.9926023215000027,0.9936163908000029
2026-03-20 15:00:00+00:00,0.9942800568000029,0.995271098700003,0.9933772680000028,0.9933772680000028
2026-03-20 16:00:00+00:00,0.9934119106000028,0.9946929545000028,0.9927706845000028,0.9929669166000029
2026-03-20 17:00:00+00:00,0.9931695120000029,0.993246428300003,0.9918935152000029,0.9918935152000029
2026-03-20 18:00:00+00:00,0.9919054980000028,0.9920232856000029,0.9898138872000027,0.9899218394000029
2026-03-20 19:00:00+00:00,0.9901515904000029,0.9903394312000029,0.9886505008000028,0.9903394312000029
2026-03-20 20:00:00+00:00,0.9905173101000029,0.9913196670000027,0.9902920048000028,0.9904875206000027
2026-03-22 21:00:00+00:00,0.9905687617000025,0.9908906833000027,0.9895455744000027,0.9895455744000027
2026-03-22 22:00:00+00:00,0.9902517660000029,0.9932276492000027,0.9902517660000029,0.9926529438000029
2026-03-22 23:00:00+00:00,0.9925732608000027,0.993040393800003,0.9915793890000028,0.9918874128000027
2026-03-23 00:00:00+00:00,0.9917998048000031,0.9926598000000029,0.9899906835000029,0.9905429937000029
2026-03-23 01:00:00+00:00,0.9904666002000029,0.9914053170000028,0.9893662272000031,0.989717667900003
2026-03-23 02:00:00+00:00,0.9898262230000027,0.9901405344000027,0.9879327253000026,0.9883604022000029
2026-03-23 03:00:00+00:00,0.988471371200003,0.9888769772000026,0.9877813650000027,0.9883996360000029
2026-03-23 04:00:00+00:00,0.9887314200000029,0.9887314200000029,0.987967306200003,0.9881325297000029
2026-03-23 05:00:00+00:00,0.9881929224000026,0.9883547280000028,0.9865965064000026,0.9868955890000028
2026-03-23 06:00:00+00:00,0.9867874842000031,0.9868501768000028,0.9859597475000027,0.9860819196000028
2026-03-23 07:00:00+00:00,0.9860601898000027,0.9866994800000027,0.9855520815000028,0.9856388053000028
2026-03-23 08:00:00+00:00,0.9861150880000029,0.9884822307000029,0.9857281560000029,0.9877555200000028
2026-03-23 09:00:00+00:00,0.9877303425000027,0.9877303425000027,0.9853880090000028,0.9855630486000029
2026-03-23 10:00:00+00:00,0.9852110905000028,0.9854167570000028,0.9815497575000028,0.9830494344000027
2026-03-23 11:00:00+00:00,0.9832594662000028,0.9954609415000029,0.983078700000003,0.9901511334000028
2026-03-23 12:00:00+00:00,0.9894968538000029,0.9946685820000027,0.9894968538000029,0.9937186764000029
2026-03-23 13:00:00+00:00,0.9939865914000028,0.9947407264000028,0.9915506757000028,0.9945251152000029
2026-03-23 14:00:00+00:00,0.9941706304000028,0.9964877706000029,0.9931328900000028,0.9961054760000027
2026-03-23 15:00:00+00:00,0.9961363966000026,0.9974732178000028,0.9899364588000027,0.9902074746000027
2026-03-23 16:00:00+00:00,0.990407835200003,0.9925173416000028,0.9895804184000028,0.9920780168000026
2026-03-23 17:00:00+00:00,0.9925803030000028,0.9944982960000026,0.9920732300000031,0.9937361511000029
2026-03-23 18:00:00+00:00,0.9937562718000026,0.9949190400000028,0.9928752238000029,0.9946885713000028
2026-03-23 19:00:00+00:00,0.994284614400003,0.9946149886000027,0.9929666046000029,0.9929666046000029
2026-03-23 20:00:00+00:00,0.9926817072000028,0.9934890582000028,0.9926817072000028,0.9929765166000031
2026-03-23 21:00:00+00:00,0.9926744533000026,0.9941537436000027,0.9922238820000026,0.9922238820000026
2026-03-23 22:00:00+00:00,0.9929529204000026,0.9950466030000027,0.9929427116000028,0.9947947275000026
2026-03-23 23:00:00+00:00,0.9945783276000026,0.9946916672000026,0.9935043916000027,0.9939408744000027
2026-03-24 00:00:00+00:00,0.9935751711000027,0.9935751711000027,0.9902298380000025,0.9918634752000027
2026-03-24 01:00:00+00:00,0.9917755656000027,0.9925535051000027,0.9896224382000028,0.9899991000000027
2026-03-24 02:00:00+00:00,0.9897804686000027,0.9911561868000028,0.9894644159000027,0.9899811570000027
2026-03-24 03:00:00+00:00,0.9898721808000027,0.9906731136000027,0.9897076108000027,0.9900995650000026
2026-03-24 04:00:00+00:00,0.9900641930000027,0.9902684914000028,0.9894828750000026,0.9900331275000027
2026-03-24 05:00:00+00:00,0.9900049756000027,0.9904085163000027,0.9889808480000027,0.9900237568000027
2026-03-24 06:00:00+00:00,0.9900280600000027,0.9924482747000029,0.9900280600000027,0.9924029448000026
2026-03-24 07:00:00+00:00,0.9925437658000027,0.9943717056000027,0.9913199520000028,0.9920555477000027
2026-03-24 08:00:00+00:00,0.9921126936000028,0.9922244160000028,0.9887364010000027,0.9889578869000027
2026-03-24 09:00:00+00:00,0.9889117056000026,0.9899174268000027,0.9879295916000027,0.9897948662000027
2026-03-24 10:00:00+00:00,0.9896643330000027,0.9898388192000028,0.9886609376000027,0.9896840190000026
2026-03-24 11:00:00+00:00,0.9900586720000027,0.9902814384000027,0.9881535586000028,0.9897355965000028
2026-03-24 12:00:00+00:00,0.9897031600000028,0.9899088885000027,0.9874576701000026,0.9877727496000027
2026-03-24 13:00:00+00:00,0.9878281623000027,0.9888820246000027,0.9871344000000026,0.9885978970000027
2026-03-24 14:00:00+00:00,0.9889764717000027,0.9911789888000027,0.9881454891000027,0.9894716271000028
2026-03-24 15:00:00+00:00,0.9900381278000028,0.9909044622000027,0.9892960584000027,0.9903785886000027
2026-03-24 16:00:00+00:00,0.9903358182000027,0.9916556688000027,0.9900554517000029,0.9910498612000026
2026-03-24 17:00:00+00:00,0.9911322610000027,0.9911322610000027,0.9883129435000028,0.9897523615000027
2026-03-24 18:00:00+00:00,0.9898870737000027,0.9916500230000027,0.9894141976000027,0.9910342208000026
2026-03-24 19:00:00+00:00,0.9913675200000027,0.9921232377000027,0.9906605068000028,0.9908756608000027
2026-03-24 20:00:00+00:00,0.9908439200000028,0.9952723236000027,0.9903645114000028,0.9943224690000027
2026-03-24 21:00:00+00:00,0.9941565942000027,0.9941565942000027,0.9923281792000026,0.9934703622000026
2026-03-24 22:00:00+00:00,0.9941713938000027,0.9947618910000027,0.9937574955000026,0.9947225295000028
2026-03-24 23:00:00+00:00,0.9946805891000027,0.9947415486000027,0.9938928398000028,0.9939330448000028
2026-03-25 00:00:00+00:00,0.9937239057000027,0.9946805988000027,0.9933683526000029,0.9938292672000028
2026-03-25 01:00:00+00:00,0.9940300828000026,0.9941501760000028,0.9927592560000027,0.9927791405000027
2026-03-25 02:00:00+00:00,0.9925964268000027,0.9929729574000027,0.9918175920000027,0.9919137090000028
2026-03-25 03:00:00+00:00,0.9920640308000026,0.9924708672000028,0.9915625005000027,0.9923002952000027
2026-03-25 04:00:00+00:00,0.9924520320000028,0.9927816092000027,0.9920314998000027,0.9921406305000028
2026-03-25 05:00:00+00:00,0.9920032550000026,0.9925475112000027,0.9918483822000028,0.9921035586000028
2026-03-25 06:00:00+00:00,0.9919763922000028,0.9925438848000028,0.9916032432000027,0.9922076448000027
2026-03-25 07:00:00+00:00,0.9921542364000027,0.9928973416000028,0.9914251775000028,0.9919026945000027
2026-03-25 08:00:00+00:00,0.9917151498000029,0.9948679021000026,0.9916904172000026,0.9940680464000028
2026-03-25 09:00:00+00:00,0.9940398372000026,0.9945411815000028,0.9920726550000026,0.9929088400000027
2026-03-25 10:00:00+00:00,0.9931319442000027,0.9932268117000028,0.9920139400000026,0.9926750526000027
2026-03-25 11:00:00+00:00,0.9926894892000028,0.9935590743000027,0.9919321551000027,0.9927571839000027
2026-03-25 12:00:00+00:00,0.9928837345000027,0.9931799876000027,0.9906292428000026,0.9910399620000027
2026-03-25 13:00:00+00:00,0.9914454480000028,0.9917799834000027,0.9897263687000027,0.9897263687000027
2026-03-25 14:00:00+00:00,0.9892007188000027,0.9929793024000028,0.9892007188000027,0.9926365280000027
2026-03-25 15:00:00+00:00,0.9927678840000027,0.9931663634000027,0.9907295550000026,0.9922112028000027
2026-03-25 16:00:00+00:00,0.9922538094000029,0.9932469873000026,0.9917846946000026,0.9927541008000027
2026-03-25 17:00:00+00:00,0.9928268706000027,0.9937089058000028,0.9924177678000028,0.9931625522000027
2026-03-25 18:00:00+00:00,0.9930923949000028,0.9934155062000026,0.9914052425000027,0.9918105184000027
2026-03-25 19:00:00+00:00,0.9915677136000026,0.9919909648000027,0.9913367282000026,0.9918137750000028
2026-03-25 20:00:00+00:00,0.9916913733000028,0.9917214259000028,0.9907462170000026,0.9910087536000027
2026-03-25 21:00:00+00:00,0.9908845077000028,0.9911833312000028,0.9904837104000027,0.9904837104000027
2026-03-25 22:00:00+00:00,0.9909574268000026,0.9917181549000027,0.9905362446000029,0.9912365800000027
2026-03-25 23:00:00+00:00,0.9912109100000028,0.9912109100000028,0.9904745660000029,0.9908446226000027
2026-03-26 00:00:00+00:00,0.9910027083000028,0.9915783556000027,0.9906483762000028,0.9907790009000026
2026-03-26 01:00:00+00:00,0.9910216400000027,0.9916855092000026,0.9905758984000026,0.9914704919000028
2026-03-26 02:00:00+00:00,0.9915712065000029,0.9918049181000027,0.9905442880000029,0.9909256616000027
2026-03-26 03:00:00+00:00,0.991057519600003,0.9923764010000028,0.9909119741000028,0.9923144166000027
2026-03-26 04:00:00+00:00,0.9922336137000027,0.9930270900000028,0.9921246203000029,0.9928326976000028
2026-03-26 05:00:00+00:00,0.9928267545000028,0.9930578305000027,0.9922200736000027,0.9922832054000028
2026-03-26 06:00:00+00:00,0.9923245580000027,0.9924816411000026,0.9915358416000027,0.9924189915000026
2026-03-26 07:00:00+00:00,0.9923892600000028,0.9923892600000028,0.9914488961000028,0.9914488961000028
2026-03-26 08:00:00+00:00,0.9916323009000027,0.9922012872000029,0.9910167106000027,0.9920819734000028
2026-03-26 09:00:00+00:00,0.9919542308000028,0.9921449244000029,0.9904730508000028,0.9909897621000028
2026-03-26 10:00:00+00:00,0.9909299017000026,0.9913368780000028,0.9904588499000028,0.9907911048000027
2026-03-26 11:00:00+00:00,0.9908254851000028,0.9911799306000028,0.9886317876000028,0.9886317876000028
2026-03-26 12:00:00+00:00,0.9886210784000027,0.9894506664000029,0.9866669188000027,0.9870511365000029
2026-03-26 13:00:00+00:00,0.9872278609000028,0.9894063168000028,0.9872278609000028,0.9892646585000029
2026-03-26 14:00:00+00:00,0.9891190544000027,0.9899597165000028,0.9878688512000028,0.9887091510000029
2026-03-26 15:00:00+00:00,0.9889083700000028,0.9897828395000028,0.9885697844000028,0.9891202776000029
2026-03-26 16:00:00+00:00,0.9891970056000029,0.9892972848000029,0.9869048595000027,0.9869048595000027
2026-03-26 17:00:00+00:00,0.9871072420000029,0.9875516222000027,0.9857728005000026,0.9857728005000026
2026-03-26 18:00:00+00:00,0.9860124510000029,0.9866915802000028,0.9857334294000027,0.9865134190000029
2026-03-26 19:00:00+00:00,0.9863696700000029,0.9863696700000029,0.9848392402000028,0.9848392402000028
2026-03-26 20:00:00+00:00,0.9848401200000028,0.9887741916000027,0.9846971183000028,0.9859147518000028
2026-03-26 21:00:00+00:00,0.9861218380000027,0.987298981700003,0.9851991814000027,0.9863287766000027
2026-03-26 22:00:00+00:00,0.9867588064000028,0.9871312716000028,0.9863310780000027,0.9869568480000028
2026-03-26 23:00:00+00:00,0.9868792010000028,0.9872315580000026,0.9861758632000027,0.9862311096000028
2026-03-27 00:00:00+00:00,0.9864282981000029,0.9867202284000027,0.9848468084000028,0.9849912173000028
2026-03-27 01:00:00+00:00,0.9850513904000027,0.9860992540000028,0.9847317725000029,0.9860992540000028
2026-03-27 02:00:00+00:00,0.9863448436000029,0.9873282168000026,0.9861521228000026,0.9870359513000029
2026-03-27 03:00:00+00:00,0.9871045177000027,0.9889555480000028,0.9870269580000027,0.9889555480000028
2026-03-27 04:00:00+00:00,0.9890169454000027,0.9894143288000028,0.9887038912000027,0.9893816275000029
2026-03-27 05:00:00+00:00,0.9893755014000027,0.9893952880000029,0.9878357142000027,0.9879257421000028
2026-03-27 06:00:00+00:00,0.9876904375000026,0.9886016448000029,0.9874808155000027,0.9880379452000028
2026-03-27 07:00:00+00:00,0.9879489206000027,0.9880431054000027,0.985597824500003,0.9864659106000028
2026-03-27 08:00:00+00:00,0.9865734900000029,0.9875706066000028,0.985903974000003,0.9874330123000027
2026-03-27 09:00:00+00:00,0.9875885900000029,0.9877472448000026,0.9863625555000028,0.9871816880000027
2026-03-27 10:00:00+00:00,0.9872855109000028,0.9877640760000028,0.9865540197000028,0.9869687114000028
2026-03-27 11:00:00+00:00,0.9867492304000028,0.9881199620000028,0.9866187677000028,0.9872863475000029
2026-03-27 12:00:00+00:00,0.9871930312000028,0.9875612250000029,0.9863481276000028,0.9873494532000028
2026-03-27 13:00:00+00:00,0.9872513040000028,0.9881046948000028,0.985692324000003,0.9868113410000028
2026-03-27 14:00:00+00:00,0.9869011200000027,0.9879116232000028,0.986598983400003,0.9874593636000029
2026-03-27 15:00:00+00:00,0.9876323821000029,0.9892860750000028,0.9873509114000028,0.9884496822000027
2026-03-27 16:00:00+00:00,0.9885094926000026,0.9886751336000027,0.9868109853000028,0.9877702780000029
2026-03-27 17:00:00+00:00,0.9876911668000029,0.9884027832000026,0.9856472995000027,0.9861227676000028
2026-03-27 18:00:00+00:00,0.9862837908000028,0.9867600204000029,0.9860128083000028,0.9865851242000028
2026-03-27 19:00:00+00:00,0.9866148561000027,0.9868534936000029,0.9862114312000028,0.9864661366000027
2026-03-27 20:00:00+00:00,0.9862160370000028,0.9881101881000028,0.986198376800003,0.986198376800003
2026-03-29 21:00:00+00:00,0.986198376800003,0.9864476336000031,0.9844595745000033,0.9860128083000029
2026-03-29 22:00:00+00:00,0.9868114202000029,0.986871320200003,0.9852053876000031,0.9855331908000031
2026-03-29 23:00:00+00:00,0.985922723100003,0.985936942900003,0.9852584668000032,0.9855947517000032
2026-03-30 00:00:00+00:00,0.985317696000003,0.9860476171000031,0.984392295000003,0.984975806100003
2026-03-30 01:00:00+00:00,0.9852237695000031,0.9861262885000032,0.984655631200003,0.9851119360000032
2026-03-30 02:00:00+00:00,0.9851201123000032,0.9864663921000032,0.9850468808000032,0.9859635624000033
2026-03-30 03:00:00+00:00,0.9860140714000031,0.9878089329000033,0.9860140714000031,0.9876611504000031
2026-03-30 04:00:00+00:00,0.9876599867000031,0.988029098100003,0.9872194563000032,0.9873509672000029
2026-03-30 05:00:00+00:00,0.9873655920000032,0.987657276800003,0.9869624220000031,0.987307257000003
2026-03-30 06:00:00+00:00,0.987382107800003,0.9882952400000031,0.9865993800000032,0.9865993800000032
2026-03-30 07:00:00+00:00,0.9862430044000029,0.9871201678000028,0.9858592475000032,0.986311802200003
2026-03-30 08:00:00+00:00,0.9862288576000031,0.987930251000003,0.9862288576000031,0.987326026200003
2026-03-30 09:00:00+00:00,0.9873199056000033,0.987610914400003,0.9865557152000031,0.9875208375000032
2026-03-30 10:00:00+00:00,0.9875225360000032,0.988100820000003,0.987085702000003,0.987210293400003
2026-03-30 11:00:00+00:00,0.987350822900003,0.988630118600003,0.987350822900003,0.9883663335000032
2026-03-30 12:00:00+00:00,0.9883768104000034,0.9890719992000031,0.9880135956000032,0.9889769648000031
2026-03-30 13:00:00+00:00,0.9891741327000031,0.9891843632000034,0.9862680012000032,0.9866994874000032
2026-03-30 14:00:00+00:00,0.9866618775000032,0.987669450600003,0.9858565829000032,0.987669450600003
2026-03-30 15:00:00+00:00,0.9878978000000032,0.9885953475000032,0.9865882080000031,0.9880688328000033
2026-03-30 16:00:00+00:00,0.9879848160000031,0.9881755188000032,0.9874123200000032,0.9880226881000032
2026-03-30 17:00:00+00:00,0.9881799704000033,0.9885337121000033,0.9874662975000033,0.9877144179000031
2026-03-30 18:00:00+00:00,0.9876598284000032,0.9879993718000033,0.9875063609000032,0.9876859920000031
2026-03-30 19:00:00+00:00,0.9875806569000033,0.9876074866000032,0.9864241506000031,0.9875872740000031
2026-03-30 20:00:00+00:00,0.9874050340000032,0.987712180000003,0.9870603614000032,0.9872834411000032
2026-03-30 21:00:00+00:00,0.9861878202000032,0.986945556900003,0.9857628337000032,0.9866545220000027
2026-03-30 22:00:00+00:00,0.9875234782000027,0.9878420440000026,0.9872910515000027,0.9876594728000029
2026-03-30 23:00:00+00:00,0.9875227028000031,0.9875227028000031,0.9864117348000029,0.9866672115000028
2026-03-31 00:00:00+00:00,0.9867373038000028,0.9886570257000028,0.9855700416000028,0.9877825604000028
2026-03-31 01:00:00+00:00,0.9877683388000029,0.989705109000003,0.987727359800003,0.9891570981000029
2026-03-31 02:00:00+00:00,0.9890900831000029,0.9893921787000028,0.988198176000003,0.988198176000003
2026-03-31 03:00:00+00:00,0.9879558300000029,0.9884424970000031,0.9870118024000027,0.9872963028000029
2026-03-31 04:00:00+00:00,0.9873911355000031,0.9877218492000028,0.9866290980000029,0.9866290980000029
2026-03-31 05:00:00+00:00,0.9866707983000028,0.987908650400003,0.9861326970000028,0.9874041013000029
2026-03-31 06:00:00+00:00,0.9873018736000031,0.988163766400003,0.9870674286000026,0.9881418220000029
2026-03-31 07:00:00+00:00,0.9877933248000026,0.989978030800003,0.9871833174000029,0.9898858050000029
2026-03-31 08:00:00+00:00,0.9901638550000029,0.9904043123000029,0.988974654000003,0.9896534892000028
2026-03-31 09:00:00+00:00,0.9897841695000029,0.9902424800000029,0.9889623440000029,0.9890315974000029
2026-03-31 10:00:00+00:00,0.9891363979000032,0.9892634566000029,0.988407641200003,0.9885257550000032
2026-03-31 11:00:00+00:00,0.9886796946000029,0.992482167600003,0.9885476624000031,0.9923645343000029
2026-03-31 12:00:00+00:00,0.992530646900003,0.9930349767000031,0.9911388045000029,0.9917462967000028
2026-03-31 13:00:00+00:00,0.9917002368000032,0.9922976865000028,0.990499395600003,0.9920959666000029
2026-03-31 14:00:00+00:00,0.9922063962000031,0.9927274224000029,0.988071511600003,0.9890646192000029
2026-03-31 15:00:00+00:00,0.989158100000003,0.991545126000003,0.9891390786000029,0.989619286400003
2026-03-31 16:00:00+00:00,0.9899140320000028,0.9938483968000031,0.989606528000003,0.9925990467000029
2026-03-31 17:00:00+00:00,0.9931028866000029,0.994290078600003,0.992526844000003,0.992526844000003
2026-03-31 18:00:00+00:00,0.9928816339000031,0.993931036200003,0.9928816339000031,0.9933085199000029
2026-03-31 19:00:00+00:00,0.9934765250000028,0.9940437936000031,0.9929316132000028,0.9930922152000029
2026-03-31 20:00:00+00:00,0.9930471668000029,0.993441852000003,0.992777538900003,0.9932331682000028
2026-03-31 21:00:00+00:00,0.9916592224000029,0.9927365230000031,0.9916592224000029,0.9926853300000033
2026-03-31 22:00:00+00:00,0.9934525354000031,0.993554047500003,0.9930589880000029,0.9934215270000031
2026-03-31 23:00:00+00:00,0.9934143703000031,0.9952490200000029,0.9933445341000027,0.9952490200000029
2026-04-01 00:00:00+00:00,0.995047960000003,0.9961025250000027,0.995047960000003,0.995887826400003
2026-04-01 01:00:00+00:00,0.995692381200003,0.9961364040000031,0.9945284070000029,0.9947507790000032
2026-04-01 02:00:00+00:00,0.9947392000000032,0.9951657820000028,0.9939694980000029,0.9939694980000029
2026-04-01 03:00:00+00:00,0.9937024068000032,0.994122547000003,0.993104443200003,0.9935510018000031
2026-04-01 04:00:00+00:00,0.9935572864000031,0.993621840000003,0.992981068500003,0.9932564880000031
2026-04-01 05:00:00+00:00,0.993293574000003,0.994469808000003,0.993233388400003,0.9933730212000029
2026-04-01 06:00:00+00:00,0.993355529400003,0.997946441100003,0.993355529400003,0.997946441100003
2026-04-01 07:00:00+00:00,0.9979667100000029,0.9984807588000031,0.9967251420000031,0.996772497600003
2026-04-01 08:00:00+00:00,0.996586361000003,0.9986030352000029,0.9964963946000032,0.997217681400003
2026-04-01 09:00:00+00:00,0.9972576600000029,0.9976433358000032,0.996523251600003,0.9972078220000028
2026-04-01 10:00:00+00:00,0.9973237383000031,0.9981594140000029,0.9970332675000032,0.997928588800003
2026-04-01 11:00:00+00:00,0.9979405725000027,0.999857256000003,0.9979405725000027,0.9991130736000029
2026-04-01 12:00:00+00:00,0.999236140800003,0.999320725000003,0.9972031884000028,0.9975225207000032
2026-04-01 13:00:00+00:00,0.9972934986000029,0.9983893966000031,0.9966398036000031,0.997675555500003
2026-04-01 14:00:00+00:00,0.997745648800003,0.998382931200003,0.997186061200003,0.9972933362000028
2026-04-01 15:00:00+00:00,0.997414793900003,0.9978175740000028,0.9962326495000029,0.9965935420000032
2026-04-01 16:00:00+00:00,0.9967541490000029,0.9970969912000031,0.9961239624000029,0.996823376000003
2026-04-01 17:00:00+00:00,0.9968997969000027,0.9972326892000027,0.995643406300003,0.995643406300003
2026-04-01 18:00:00+00:00,0.9955766943000031,0.9955766943000031,0.9936892768000031,0.994082744800003
2026-04-01 19:00:00+00:00,0.9941793120000029,0.994648512000003,0.9935386312000029,0.9943015800000029
2026-04-01 20:00:00+00:00,0.994291395200003,0.9946433376000028,0.9940832448000031,0.994118598000003
2026-04-01 21:00:00+00:00,0.992791937800003,0.9940883020000033,0.9921677440000031,0.9940821660000032
2026-04-01 22:00:00+00:00,0.9942657702000033,0.9942939783000032,0.9937269118000029,0.9938038426000033
2026-04-01 23:00:00+00:00,0.9938453728000033,0.9942401700000031,0.9935838052000032,0.9938263764000029
2026-04-02 00:00:00+00:00,0.9936565674000032,0.9949442976000034,0.9935068928000033,0.9944979335000032
2026-04-02 01:00:00+00:00,0.993939689600003,0.9945815118000033,0.9892745772000033,0.9897160932000032
2026-04-02 02:00:00+00:00,0.9899085186000032,0.9910037035000032,0.9896379696000032,0.9905121800000033
2026-04-02 03:00:00+00:00,0.9906335838000032,0.9910228240000035,0.9902990346000032,0.9905854712000033
2026-04-02 04:00:00+00:00,0.9905394564000032,0.9905786520000031,0.9896290173000032,0.9900750516000032
2026-04-02 05:00:00+00:00,0.9901218915000032,0.9904565671000034,0.9888573093000035,0.9888573093000035
2026-04-02 06:00:00+00:00,0.9891531520000032,0.9896759202000032,0.9886005900000032,0.9896759202000032
2026-04-02 07:00:00+00:00,0.9898507700000032,0.9908805116000032,0.9896053310000035,0.990830143900003
2026-04-02 08:00:00+00:00,0.9907397276000032,0.9907436736000034,0.9895719909000033,0.9901967130000034
2026-04-02 09:00:00+00:00,0.9901599598000032,0.9901933821000032,0.9890406864000032,0.990184387200003
2026-04-02 10:00:00+00:00,0.9900027428000032,0.9900714258000031,0.9891671060000032,0.9891904868000035
2026-04-02 11:00:00+00:00,0.9892396360000033,0.9895660800000031,0.9885889388000032,0.9887825272000033
2026-04-02 12:00:00+00:00,0.9888427108000032,0.9917460000000032,0.9887017176000032,0.9909782400000035
2026-04-02 13:00:00+00:00,0.9908378328000031,0.9928512685000034,0.9904531140000034,0.9928249342000034
2026-04-02 14:00:00+00:00,0.9930071228000031,0.9957942256000033,0.9923154035000031,0.9956001660000032
2026-04-02 15:00:00+00:00,0.9951992015000033,0.9958649992000036,0.9942770800000033,0.9948284183000035
2026-04-02 16:00:00+00:00,0.9948319407000036,0.9954846240000034,0.9944603361000035,0.9944603361000035
2026-04-02 17:00:00+00:00,0.9942583704000035,0.9950299943000034,0.9940249800000033,0.9941154441000035
2026-04-02 18:00:00+00:00,0.9941978733000033,0.9945516860000034,0.9940765450000034,0.9942532196000035
2026-04-02 19:00:00+00:00,0.9943267695000035,0.9948729868000034,0.9941694672000034,0.9944283250000034
2026-04-02 20:00:00+00:00,0.9942953130000034,0.9951481712000033,0.9942948800000034,0.9943159269000033
2026-04-02 21:00:00+00:00,0.9936364647000034,0.9944773125000033,0.9929680460000033,0.9938392704000037
2026-04-02 22:00:00+00:00,0.9951433092000036,0.9954187965000036,0.9951249135000036,0.9953560722000038
2026-04-02 23:00:00+00:00,0.9953497917000037,0.9954622704000037,0.9951916926000037,0.9951988588000037
2026-04-03 00:00:00+00:00,0.9954120930000037,0.9959658480000035,0.9954120930000037,0.9957198798000036
2026-04-03 01:00:00+00:00,0.9957920076000036,0.9958215680000037,0.9953196864000036,0.9953720205000036
2026-04-03 02:00:00+00:00,0.9953375040000038,0.9955558470000037,0.9949721043000036,0.9952693344000035
2026-04-03 03:00:00+00:00,0.9952764976000036,0.9953791848000036,0.9950146424000037,0.9951451466000036
2026-04-03 04:00:00+00:00,0.9951236603000037,0.9952141888000037,0.9948668288000037,0.9951038916000037
2026-04-03 05:00:00+00:00,0.9950424330000036,0.9951846744000037,0.9948356951000038,0.9951525492000036
2026-04-03 06:00:00+00:00,0.9951749105000037,0.9954371070000037,0.9949897344000037,0.9952897108000036
2026-04-03 07:00:00+00:00,0.9953318230000037,0.9958547376000036,0.9951575294000037,0.9951575294000037
2026-04-03 08:00:00+00:00,0.9950750574000036,0.9953327014000037,0.9948802968000037,0.9950997771000037
2026-04-03 09:00:00+00:00,0.9950160010000036,0.9950832480000037,0.9945782658000037,0.9947672917000036
2026-04-03 10:00:00+00:00,0.9947471056000038,0.9950780975000035,0.9945775416000037,0.9950533302000037
2026-04-03 11:00:00+00:00,0.9949484832000036,0.9954319335000037,0.9948933366000038,0.9953700498000038
2026-04-03 12:00:00+00:00,0.9953848060000037,0.9958713760000037,0.9949155344000037,0.9952457896000036
2026-04-03 13:00:00+00:00,0.9952525440000037,0.9958385490000037,0.9952525440000037,0.9956033612000037
2026-04-03 14:00:00+00:00,0.9955497708000036,0.9955843385000036,0.9947062442000038,0.9947062442000038
2026-04-03 15:00:00+00:00,0.9947333070000036,0.9948355396000036,0.9942056416000036,0.9943677302000038
2026-04-03 16:00:00+00:00,0.9943661970000036,0.9947787252000037,0.9940251756000037,0.9941932560000037
2026-04-03 17:00:00+00:00,0.9944666487000038,0.9947325388000037,0.9939954758000038,0.9945727200000036
2026-04-03 18:00:00+00:00,0.9943015860000037,0.9943850706000037,0.9940515063000036,0.9941763591000037
2026-04-03 19:00:00+00:00,0.9939277628000037,0.9943941072000035,0.9936170436000037,0.9936295024000035
2026-04-03 20:00:00+00:00,0.9939852747000035,0.9944156334000035,0.9915120360000037,0.9922080968000034
2026-04-05 21:00:00+00:00,0.9594488004000004,0.9594488004000004,0.9584262984000002,0.9591561905000004
2026-04-05 22:00:00+00:00,0.9599482722000005,0.9612051475000003,0.9596154960000004,0.9610658525000003
2026-04-05 23:00:00+00:00,0.9611979894000005,0.9614201030000005,0.9606464418000004,0.9606747249000004
2026-04-06 00:00:00+00:00,0.9609885104000004,0.9620200816000005,0.9609885104000004,0.9619922228000005
2026-04-06 01:00:00+00:00,0.9619921056000004,0.9625061520000004,0.9618163305000005,0.9621017604000003
2026-04-06 02:00:00+00:00,0.9624575628000005,0.9642306534000005,0.9624575628000005,0.9629901962000004
2026-04-06 03:00:00+00:00,0.9630178578000004,0.9632470280000005,0.9626830356000005,0.9627121777000004
2026-04-06 04:00:00+00:00,0.9627401222000003,0.9635342124000004,0.9627401222000003,0.9635063662000004
2026-04-06 05:00:00+00:00,0.9634645969000004,0.9638549778000003,0.9633942065000004,0.9633942065000004
2026-04-06 06:00:00+00:00,0.9634148736000004,0.9643911300000004,0.9632332890000005,0.9639318030000004
2026-04-06 07:00:00+00:00,0.9642033648000005,0.9654448560000004,0.9635402888000004,0.9649653104000003
2026-04-06 08:00:00+00:00,0.9652713696000005,0.9656606710000005,0.9647079981000005,0.9653891368000005
2026-04-06 09:00:00+00:00,0.9654448560000004,0.9659803028000004,0.9645202272000005,0.9646035630000004
2026-04-06 10:00:00+00:00,0.9647844040000004,0.9654862409000005,0.9647844040000004,0.9650967480000004
2026-04-06 11:00:00+00:00,0.9650272671000004,0.9654240072000005,0.9641794824000004,0.9649027518000005
2026-04-06 12:00:00+00:00,0.9649648560000005,0.9650349724000005,0.9642989706000005,0.9643198064000004
2026-04-06 13:00:00+00:00,0.9643197300000004,0.9646394821000005,0.9637919708000005,0.9642993138000004
2026-04-06 14:00:00+00:00,0.9647368404000004,0.9650632116000005,0.9636317888000006,0.9636382975000006
2026-04-06 15:00:00+00:00,0.9636240615000004,0.9636861122000004,0.9628507778000004,0.9632002468000005
2026-04-06 16:00:00+00:00,0.9633321605000005,0.9634156952000005,0.9627974928000005,0.9630052968000005
2026-04-06 17:00:00+00:00,0.9628519458000003,0.9630608100000005,0.9620166528000005,0.9628590324000006
2026-04-06 18:00:00+00:00,0.9628312785000004,0.9638260632000004,0.9627687936000004,0.9635821098000005
2026-04-06 19:00:00+00:00,0.9635056632000005,0.9636799282000004,0.9631171420000004,0.9634432500000004
2026-04-06 20:00:00+00:00,0.9634919296000004,0.9635543032000005,0.9626174820000004,0.9626174820000004
2026-04-06 21:00:00+00:00,0.9624979914000005,0.9631315850000005,0.9622914294000003,0.9628815560000006
2026-04-06 22:00:00+00:00,0.9636520542000006,0.9638746026000005,0.9629911942000003,0.9631301298000005
2026-04-06 23:00:00+00:00,0.9632344800000006,0.9634079250000005,0.9630672260000004,0.9633661612000005
2026-04-07 00:00:00+00:00,0.9631990900000005,0.9643668520000003,0.9631000680000005,0.9631000680000005
2026-04-07 01:00:00+00:00,0.9630860240000005,0.9639073600000005,0.9621217760000004,0.9623665740000005
2026-04-07 02:00:00+00:00,0.9623665740000005,0.9632853123000005,0.9620728995000007,0.9630768476000005
2026-04-07 03:00:00+00:00,0.9631256778000005,0.9634613370000005,0.9629655028000005,0.9632733455000005
2026-04-07 04:00:00+00:00,0.9632385954000006,0.9639912960000008,0.9629185872000006,0.9638725076000005
2026-04-07 05:00:00+00:00,0.9638093348000007,0.9639556047000005,0.9630987494000006,0.9637746396000004
2026-04-07 06:00:00+00:00,0.9637955360000006,0.9644981151000004,0.9637537428000003,0.9643237888000005
2026-04-07 07:00:00+00:00,0.9642051092000006,0.9642817800000003,0.9632593647000006,0.9639546374000005
2026-04-07 08:00:00+00:00,0.9640801041000006,0.9673360125000006,0.9639831023000004,0.9673360125000006
2026-04-07 09:00:00+00:00,0.9671482716000004,0.9678926187000003,0.9669953800000006,0.9671135831000005
2026-04-07 10:00:00+00:00,0.9674265288000006,0.9675100452000005,0.9654291400000008,0.9657429120000005
2026-04-07 11:00:00+00:00,0.9658264878000006,0.9661957344000004,0.9654645954000005,0.9660638160000006
2026-04-07 12:00:00+00:00,0.9661750280000005,0.9670509944000008,0.9655424751000004,0.9664808556000005
2026-04-07 13:00:00+00:00,0.9664599504000005,0.9670579138000006,0.9653403188000005,0.9653610855000004
2026-04-07 14:00:00+00:00,0.9654026703000004,0.9667580640000003,0.9650267286000004,0.9661264395000005
2026-04-07 15:00:00+00:00,0.9658762347000004,0.9669397326000003,0.9652292928000005,0.9666476520000004
2026-04-07 16:00:00+00:00,0.9666685164000005,0.9672661075000007,0.9663904672000005,0.9667445842000004
2026-04-07 17:00:00+00:00,0.9667584576000005,0.9679531372000004,0.9663621975000005,0.9678074296000008
2026-04-07 18:00:00+00:00,0.9679255488000005,0.9680648400000006,0.9667656085000004,0.9669461585000005
2026-04-07 19:00:00+00:00,0.9669809940000006,0.9698117940000005,0.9667864792000005,0.9696740480000008
2026-04-07 20:00:00+00:00,0.9695904932000003,0.9703462365000006,0.9694013406000006,0.9694605186000007
2026-04-07 21:00:00+00:00,0.9690843456000003,0.9698148096000005,0.9677801608000003,0.9688013740000005
2026-04-07 22:00:00+00:00,0.9711348496000004,0.9780288600000004,0.9710162490000005,0.9780288600000004
2026-04-07 23:00:00+00:00,0.9776459280000006,0.9807633598000003,0.9776114309000005,0.9806325690000005
2026-04-08 00:00:00+00:00,0.9807614300000006,0.9811782340000004,0.9774700176000004,0.9778607382000004
2026-04-08 01:00:00+00:00,0.9782188590000004,0.9796618800000004,0.9777186104000005,0.9788597308000005
2026-04-08 02:00:00+00:00,0.9791402664000004,0.9792968745000005,0.9768590844000005,0.9771130798000003
2026-04-08 03:00:00+00:00,0.9771057188000006,0.9772369695000005,0.9760445888000003,0.9771204402000003
2026-04-08 04:00:00+00:00,0.9773549880000005,0.9789664248000004,0.9773549880000005,0.9787924241000007
2026-04-08 05:00:00+00:00,0.9787374464000006,0.9800347290000005,0.9785805544000005,0.9791974404000006
2026-04-08 06:00:00+00:00,0.9792692127000004,0.9808596504000004,0.9788444586000004,0.9800389653000003
2026-04-08 07:00:00+00:00,0.9800316430000005,0.9803255283000005,0.9786857844000004,0.9787217580000004
2026-04-08 08:00:00+00:00,0.9785071023000005,0.9786122749000005,0.9762892869000004,0.9778282959000004
2026-04-08 09:00:00+00:00,0.9779310882000004,0.9784935135000005,0.9768426616000004,0.9769408530000004
2026-04-08 10:00:00+00:00,0.9769963098000004,0.9776936689000004,0.9769237492000004,0.9772002608000007
2026-04-08 11:00:00+00:00,0.9770910292000003,0.9790581699000004,0.9767531198000005,0.9789744835000006
2026-04-08 12:00:00+00:00,0.9790279638000006,0.9802153004000004,0.9786242440000003,0.9797586302000004
2026-04-08 13:00:00+00:00,0.9799364689000004,0.9806075370000006,0.9781084595000004,0.9787243830000004
2026-04-08 14:00:00+00:00,0.9790624142000005,0.9792730587000006,0.9761938404000003,0.9779783448000005
2026-04-08 15:00:00+00:00,0.9780007830000005,0.9795847915000006,0.9774694721000006,0.9792595428000004
2026-04-08 16:00:00+00:00,0.9791352170000005,0.9792836340000003,0.9781925760000004,0.9783967466000004
2026-04-08 17:00:00+00:00,0.9785154278000004,0.9786325600000005,0.9770909697000006,0.9773102892000005
2026-04-08 18:00:00+00:00,0.9774474188000004,0.9780462368000004,0.9754531200000005,0.9754543150000003
2026-04-08 19:00:00+00:00,0.9753331720000005,0.9772460494000005,0.9753331720000005,0.9770783520000006
2026-04-08 20:00:00+00:00,0.9769291113000005,0.9771736816000004,0.9759843860000006,0.9759843860000006
2026-04-08 21:00:00+00:00,0.9754000224000005,0.9774579154000005,0.9754000224000005,0.9772709254000005
2026-04-08 22:00:00+00:00,0.9773672436000008,0.9776519715000005,0.9772199982000006,0.9775841875000009
2026-04-08 23:00:00+00:00,0.9774935094000005,0.9777373025000006,0.9768708383000008,0.9768708383000008
2026-04-09 00:00:00+00:00,0.9767590155000008,0.9768593415000009,0.9759818000000009,0.9764995344000009
2026-04-09 01:00:00+00:00,0.9765607038000007,0.9765607038000007,0.9754244772000009,0.9762699000000008
2026-04-09 02:00:00+00:00,0.9762293598000008,0.9768974745000008,0.9759062300000007,0.9766263000000008
2026-04-09 03:00:00+00:00,0.9765158012000007,0.977111951800001,0.9765022166000009,0.9769238338000009
2026-04-09 04:00:00+00:00,0.976950448800001,0.9775771250000009,0.9768885528000009,0.976958043600001
2026-04-09 05:00:00+00:00,0.9771103342000012,0.977261529600001,0.9762824808000009,0.9763376126000011
2026-04-09 06:00:00+00:00,0.976435818800001,0.9772894397000008,0.9761450192000011,0.9772894397000008
2026-04-09 07:00:00+00:00,0.9773257752000011,0.9773257752000011,0.9758311300000011,0.9758311300000011
2026-04-09 08:00:00+00:00,0.975907432500001,0.975907432500001,0.975027975600001,0.9750963070000009
2026-04-09 09:00:00+00:00,0.975030639000001,0.976468542000001,0.974963710500001,0.9763854324000011
2026-04-09 10:00:00+00:00,0.976421167500001,0.976522702400001,0.9758428160000011,0.9758428160000011
2026-04-09 11:00:00+00:00,0.9757781805000011,0.976745512800001,0.9757781805000011,0.976745512800001
2026-04-09 12:00:00+00:00,0.9768796889000011,0.9768796889000011,0.975459485000001,0.976066365000001
2026-04-09 13:00:00+00:00,0.975946959700001,0.977269007700001,0.975446476200001,0.977019507900001
2026-04-09 14:00:00+00:00,0.9769113160000009,0.977951403600001,0.9762036472000011,0.977929841000001
2026-04-09 15:00:00+00:00,0.977922430600001,0.9803111666000008,0.9775480946000011,0.9803111666000008
2026-04-09 16:00:00+00:00,0.980204238000001,0.981445590300001,0.980204238000001,0.980977954000001
2026-04-09 17:00:00+00:00,0.9808950778000011,0.9820161128000011,0.9808236725000009,0.981344095200001
2026-04-09 18:00:00+00:00,0.981178784500001,0.981178784500001,0.979872008800001,0.9800980805000009
2026-04-09 19:00:00+00:00,0.9800558880000011,0.980693478500001,0.979885489200001,0.9806110218000011
2026-04-09 20:00:00+00:00,0.9805364470000011,0.9810607296000009,0.979566932300001,0.979566932300001
2026-04-09 21:00:00+00:00,0.979297940400001,0.9801238263000012,0.978958840000001,0.9796405918000011
2026-04-09 22:00:00+00:00,0.980275230000001,0.9804622485000011,0.9797773690000009,0.9798445620000011
2026-04-09 23:00:00+00:00,0.9798102188000011,0.9800427492000009,0.979578566800001,0.979578566800001
2026-04-10 00:00:00+00:00,0.9794574178000011,0.9798096400000009,0.9791533844000011,0.9798096400000009
2026-04-10 01:00:00+00:00,0.9797827200000011,0.9803799598000009,0.979499587500001,0.9796100286000009
2026-04-10 02:00:00+00:00,0.979554763800001,0.979949447500001,0.9788189316000011,0.9788553936000012
2026-04-10 03:00:00+00:00,0.979007404800001,0.9791509197000009,0.9786059596000011,0.9789308760000012
2026-04-10 04:00:00+00:00,0.978997862700001,0.9790109742000009,0.9783788014000009,0.9786778056000011
2026-04-10 05:00:00+00:00,0.9786161256000009,0.9793028700000012,0.9784229737000011,0.979267793100001
2026-04-10 06:00:00+00:00,0.9792033306000011,0.979311781000001,0.978333201500001,0.9784808288000011
2026-04-10 07:00:00+00:00,0.9784345482000011,0.978944520000001,0.9782506340000009,0.9782921498000009
2026-04-10 08:00:00+00:00,0.9782294270000009,0.9792837680000009,0.978181142400001,0.978303874800001
2026-04-10 09:00:00+00:00,0.9784093388000011,0.9795495570000011,0.9783742875000009,0.9794689280000011
2026-04-10 10:00:00+00:00,0.979581907800001,0.9797701410000011,0.979137655200001,0.979750886400001
2026-04-10 11:00:00+00:00,0.9796678848000011,0.9800451035000011,0.9792217787000009,0.9792217787000009
2026-04-10 12:00:00+00:00,0.979184934000001,0.980239970500001,0.9789124128000011,0.979608933600001
2026-04-10 13:00:00+00:00,0.979678744000001,0.980680400000001,0.9790728907000011,0.979602660600001
2026-04-10 14:00:00+00:00,0.979319720600001,0.981382935600001,0.9789411632000011,0.981363490500001
2026-04-10 15:00:00+00:00,0.981389178000001,0.9815921541000011,0.980211991500001,0.980245658000001
2026-04-10 16:00:00+00:00,0.9802130598000011,0.980540259900001,0.9792897940000009,0.979888880800001
2026-04-10 17:00:00+00:00,0.9799256712000011,0.9803396205000009,0.9797050540000011,0.980028007200001
2026-04-10 18:00:00+00:00,0.9799730540000011,0.9806196270000012,0.979734177400001,0.980520682000001
2026-04-10 19:00:00+00:00,0.9805674182000009,0.980908704000001,0.9805282336000011,0.9808196787000011
2026-04-10 20:00:00+00:00,0.9808058470000011,0.981253267200001,0.9779811006000009,0.9779811006000009
2026-04-12 21:00:00+00:00,0.976514958400001,0.9794473479000009,0.9763006650000008,0.979142208000001
2026-04-12 22:00:00+00:00,0.9790897518000009,0.981723600600001,0.9790897518000009,0.9816054300000011
2026-04-12 23:00:00+00:00,0.981676004800001,0.982125830400001,0.9810992162000008,0.9818063496000009
2026-04-13 00:00:00+00:00,0.981768469600001,0.9830126493000009,0.981714063000001,0.9830126493000009
2026-04-13 01:00:00+00:00,0.983324141800001,0.9838717328000012,0.9826045000000009,0.9830347108000009
2026-04-13 02:00:00+00:00,0.982931494600001,0.983471354000001,0.982720988100001,0.983370857100001
2026-04-13 03:00:00+00:00,0.983440031600001,0.9835491736000012,0.9828267900000011,0.983521120500001
2026-04-13 04:00:00+00:00,0.9835436016000011,0.983809680900001,0.983214866200001,0.9832286991000011
2026-04-13 05:00:00+00:00,0.983195071600001,0.984200558000001,0.9831225827000011,0.9837372888000011
2026-04-13 06:00:00+00:00,0.9838476363000012,0.9839796274000011,0.9835026720000011,0.9839589960000011
2026-04-13 07:00:00+00:00,0.984385199200001,0.9852113460000009,0.9843588646000011,0.984857004600001
2026-04-13 08:00:00+00:00,0.984808860000001,0.984968424000001,0.9841216620000012,0.984140450400001
2026-04-13 09:00:00+00:00,0.9842211770000011,0.9842287356000009,0.9833424896000011,0.9834948972000008
2026-04-13 10:00:00+00:00,0.9835288122000009,0.9837900660000011,0.983351682900001,0.9837724164000009
2026-04-13 11:00:00+00:00,0.9838535858000009,0.9840876728000012,0.9820653921000009,0.982090660000001
2026-04-13 12:00:00+00:00,0.9819022136000011,0.983073260400001,0.9816175161000011,0.9829518946000009
2026-04-13 13:00:00+00:00,0.9828242424000011,0.984265460500001,0.9822065265000011,0.984090779200001
2026-04-13 14:00:00+00:00,0.9841672456000009,0.9843545210000011,0.9835086270000011,0.9836818646000008
2026-04-13 15:00:00+00:00,0.9833648280000009,0.983464558500001,0.982750677600001,0.9833054490000012
2026-04-13 16:00:00+00:00,0.9833054490000012,0.985516461600001,0.982944165000001,0.984942699200001
2026-04-13 17:00:00+00:00,0.9849840116000009,0.985924289700001,0.9849840116000009,0.9859116198000009
2026-04-13 18:00:00+00:00,0.986014620000001,0.9870528723000009,0.985938025800001,0.986912344800001
2026-04-13 19:00:00+00:00,0.9870086907000011,0.9870086907000011,0.986251119500001,0.9863400293000011
2026-04-13 20:00:00+00:00,0.9863956480000009,0.986707288400001,0.9860793584000009,0.9860793584000009
2026-04-13 21:00:00+00:00,0.985510582000001,0.9862385289000007,0.9853089444000009,0.9855477354000005
2026-04-13 22:00:00+00:00,0.9863098592000007,0.9866423808000003,0.9860782864000004,0.9865586640000005
2026-04-13 23:00:00+00:00,0.9865526598000007,0.9867680910000003,0.9861315884000006,0.9862656804000007
2026-04-14 00:00:00+00:00,0.9859234952000006,0.9859753855000006,0.9847646375000007,0.9850330527000006
2026-04-14 01:00:00+00:00,0.9847948450000006,0.9851221840000004,0.9837222321000004,0.9837695812000004
2026-04-14 02:00:00+00:00,0.9837904905000004,0.9843463575000005,0.9836507391000004,0.9839963904000005
2026-04-14 03:00:00+00:00,0.9839413632000006,0.9845323488000008,0.9839342108000004,0.9840409030000004
2026-04-14 04:00:00+00:00,0.9840893174000006,0.9847560590000003,0.9840540984000007,0.9845503284000007
2026-04-14 05:00:00+00:00,0.9844210775000006,0.9846454688000006,0.9835429580000005,0.9838164588000006
2026-04-14 06:00:00+00:00,0.9840491715000007,0.9846821248000007,0.9833421330000005,0.9845388608000007
2026-04-14 07:00:00+00:00,0.9846154752000004,0.9853966656000008,0.9845306736000006,0.9847320600000008
2026-04-14 08:00:00+00:00,0.9847093703000007,0.9860461832000004,0.9844566700000005,0.9853296336000007
2026-04-14 09:00:00+00:00,0.9854759945000007,0.9864865998000005,0.9854444304000005,0.9864865998000005
2026-04-14 10:00:00+00:00,0.9865958193000005,0.9872385888000004,0.9865689924000006,0.9868366529000007
2026-04-14 11:00:00+00:00,0.9868974362000008,0.9877443543000005,0.9867581889000008,0.9875089120000006
2026-04-14 12:00:00+00:00,0.9876429672000006,0.9879988053000004,0.9867764640000009,0.9878511958000006
2026-04-14 13:00:00+00:00,0.9878109161000006,0.9886178844000005,0.9874141537000004,0.9885685890000006
2026-04-14 14:00:00+00:00,0.9887751568000005,0.9896736828000006,0.9885123280000007,0.9894865530000005
2026-04-14 15:00:00+00:00,0.9893080400000008,0.9897994645000008,0.9886318179000003,0.9886318179000003
2026-04-14 16:00:00+00:00,0.9885717176000005,0.9889163046000008,0.9884128254000007,0.9886412049000006
2026-04-14 17:00:00+00:00,0.9885804120000005,0.9894077180000004,0.9885006768000005,0.9893018944000007
2026-04-14 18:00:00+00:00,0.9892879482000005,0.9894802848000005,0.9889711065000005,0.9893905910000005
2026-04-14 19:00:00+00:00,0.9894442058000005,0.9895333020000004,0.9887964848000006,0.9888763040000006
2026-04-14 20:00:00+00:00,0.9887487245000007,0.9889469590000005,0.9884347077000004,0.9884347077000004
2026-04-14 21:00:00+00:00,0.9865943568000005,0.9867399270000007,0.9855370891000008,0.9866987184000008
2026-04-14 22:00:00+00:00,0.9869529176000005,0.9872075952000007,0.9867295840000007,0.9871801224000006
2026-04-14 23:00:00+00:00,0.9871873090000007,0.9878479528000009,0.9871545570000007,0.9872559915000008
2026-04-15 00:00:00+00:00,0.9871919460000006,0.9873082104000007,0.9866650362000009,0.9869020000000007
2026-04-15 01:00:00+00:00,0.9868052082000006,0.9874367070000007,0.9865623083000006,0.9873882970000005
2026-04-15 02:00:00+00:00,0.9874523376000007,0.9882959166000009,0.9873811115000009,0.9882499952000009
2026-04-15 03:00:00+00:00,0.9881484417000007,0.9884283360000006,0.9879871755000009,0.9881371359000006
2026-04-15 04:00:00+00:00,0.9881521446000009,0.9885651645000008,0.9881240215000007,0.9884729502000009
2026-04-15 05:00:00+00:00,0.9886182354000007,0.9895214448000008,0.9885524292000007,0.9888808659000007
2026-04-15 06:00:00+00:00,0.989187108000001,0.9894207050000009,0.9889416772000009,0.9890665824000004
2026-04-15 07:00:00+00:00,0.9891046501000006,0.9897008640000006,0.9887421675000005,0.9893080572000007
2026-04-15 08:00:00+00:00,0.9893511418000008,0.9896030920000006,0.9889658544000006,0.9893020623000005
2026-04-15 09:00:00+00:00,0.9893896740000007,0.9897361722000007,0.9885363985000006,0.9897361722000007
2026-04-15 10:00:00+00:00,0.9895542560000007,0.9901246738000007,0.9883487472000004,0.9894866213000006
2026-04-15 11:00:00+00:00,0.9893078622000008,0.9902302917000005,0.9893078622000008,0.9902302917000005
2026-04-15 12:00:00+00:00,0.9901262826000006,0.9901262826000006,0.9885844456000008,0.9891982124000009
2026-04-15 13:00:00+00:00,0.9893193024000007,0.9900971940000006,0.9889534998000007,0.9892965040000006
2026-04-15 14:00:00+00:00,0.9891472507000008,0.9900634695000007,0.9890470764000007,0.9896655986000009
2026-04-15 15:00:00+00:00,0.9894837182000008,0.9902911130000007,0.9894671605000007,0.9897299862000007
2026-04-15 16:00:00+00:00,0.9897653012000008,0.9907827984000005,0.9897653012000008,0.990088082400001
2026-04-15 17:00:00+00:00,0.9901588400000007,0.9903875877000008,0.9893767858000008,0.9898087990000008
2026-04-15 18:00:00+00:00,0.9898269576000005,0.9909563993000008,0.9898269576000005,0.9909563993000008
2026-04-15 19:00:00+00:00,0.991020732000001,0.9912901284000006,0.9906294860000006,0.9909118876000007
2026-04-15 20:00:00+00:00,0.990819024000001,0.9913075452000004,0.9905769216000007,0.9909545532000006
2026-04-15 21:00:00+00:00,0.9895674474000006,0.9911207875000007,0.9892838067000007,0.9904904842000005
2026-04-15 22:00:00+00:00,0.9914912268000006,0.9914912268000006,0.9910317556000006,0.9911794827000007
2026-04-15 23:00:00+00:00,0.9911117167000008,0.9914112828000006,0.9909308476000005,0.9913355342000006
2026-04-16 00:00:00+00:00,0.9912453184000006,0.9914834740000008,0.9906865472000006,0.9911999235000007
2026-04-16 01:00:00+00:00,0.9911492764000007,0.9914578875000006,0.9898847400000007,0.9912965923000007
2026-04-16 02:00:00+00:00,0.9915232704000007,0.9927867368000007,0.9911378906000005,0.9924130746000006
2026-04-16 03:00:00+00:00,0.9923953490000006,0.9929000061000007,0.9921553206000007,0.9924926823000005
2026-04-16 04:00:00+00:00,0.9924918666000005,0.9928597695000008,0.9921908022000004,0.9922157663000006
2026-04-16 05:00:00+00:00,0.9922270392000005,0.9926514800000006,0.9918613756000005,0.9925112872000008
2026-04-16 06:00:00+00:00,0.9926466348000005,0.9927223572000008,0.9914485455000008,0.9920458542000007
2026-04-16 07:00:00+00:00,0.9920578932000005,0.9923662924000007,0.9917478612000006,0.9919762550000006
2026-04-16 08:00:00+00:00,0.9919400425000007,0.9919400425000007,0.9903261855000006,0.9909460990000004
2026-04-16 09:00:00+00:00,0.9910636974000007,0.9910823232000008,0.9902070880000007,0.9903052568000007
2026-04-16 10:00:00+00:00,0.9903939291000005,0.9908211980000006,0.9902514720000006,0.9903564408000006
2026-04-16 11:00:00+00:00,0.9902435400000007,0.9910873590000006,0.9902435400000007,0.9905464256000007
2026-04-16 12:00:00+00:00,0.9905688939000005,0.9907306344000008,0.9901027650000007,0.9902751474000008
2026-04-16 13:00:00+00:00,0.9902325281000006,0.9905862402000007,0.9892191605000007,0.9898123378000007
2026-04-16 14:00:00+00:00,0.9898892892000006,0.9899721168000006,0.9881801650000006,0.9883675683000006
2026-04-16 15:00:00+00:00,0.9883208040000008,0.9892339100000006,0.9883196250000007,0.9886411648000006
2026-04-16 16:00:00+00:00,0.9887970780000007,0.9891048200000004,0.9868344013000007,0.9869893200000005
2026-04-16 17:00:00+00:00,0.9868237120000007,0.9869828320000007,0.9864083686000006,0.9868631808000007
2026-04-16 18:00:00+00:00,0.9870747924000006,0.9872594055000007,0.9865855589000007,0.9867458472000007
2026-04-16 19:00:00+00:00,0.9868312880000005,0.9874573080000008,0.9866497410000007,0.9874330224000006
2026-04-16 20:00:00+00:00,0.9874410077000005,0.9875868340000005,0.9869159419000006,0.9873938544000006
2026-04-16 21:00:00+00:00,0.9868362130000007,0.9868627905000007,0.9855143012000008,0.9859676966000009
2026-04-16 22:00:00+00:00,0.9866102524000009,0.9867472945000009,0.9864142916000009,0.9866124488000008
2026-04-16 23:00:00+00:00,0.9866500740000008,0.9869340425000009,0.9862855635000009,0.9863022672000008
2026-04-17 00:00:00+00:00,0.9862376882000008,0.9870591016000008,0.9858650664000008,0.9866022737000009
2026-04-17 01:00:00+00:00,0.986574169400001,0.9871803084000008,0.986519107800001,0.9867974896000008
2026-04-17 02:00:00+00:00,0.9868183794000008,0.9869657088000009,0.9865087856000009,0.9865160032000011
2026-04-17 03:00:00+00:00,0.9866215008000009,0.9868780768000007,0.9862889792000009,0.9866797722000009
2026-04-17 04:00:00+00:00,0.986734430600001,0.987012896400001,0.9866227840000008,0.9866956844000009
2026-04-17 05:00:00+00:00,0.986649064500001,0.9867352160000009,0.986136977600001,0.986327250200001
2026-04-17 06:00:00+00:00,0.986082285900001,0.9862959645000008,0.985612243400001,0.985660221200001
2026-04-17 07:00:00+00:00,0.9858371640000008,0.9868115340000009,0.9857181722000009,0.9867472871000009
2026-04-17 08:00:00+00:00,0.9867328144000008,0.987225870000001,0.9860126016000008,0.987091928100001
2026-04-17 09:00:00+00:00,0.9870590598000009,0.9874499747000008,0.9864589380000008,0.9865119642000008
2026-04-17 10:00:00+00:00,0.986421261700001,0.9871167075000009,0.986355423900001,0.986669377800001
2026-04-17 11:00:00+00:00,0.9866244164000009,0.986632277400001,0.9860767350000008,0.9861561552000009
2026-04-17 12:00:00+00:00,0.9861369111000011,0.990775943700001,0.9860975130000008,0.9905865710000009
2026-04-17 13:00:00+00:00,0.9900885808000008,0.9918807360000007,0.9899047172000011,0.9910988406000009
2026-04-17 14:00:00+00:00,0.9908384808000008,0.9909796547000007,0.9894228968000008,0.9896698658000009
2026-04-17 15:00:00+00:00,0.9896287066000008,0.9896551080000009,0.9880184748000008,0.9882802332000008
2026-04-17 16:00:00+00:00,0.988141706200001,0.9887457294000009,0.9879200826000007,0.9879720903000008
2026-04-17 17:00:00+00:00,0.9877597946000011,0.9880107346000008,0.9873000968000009,0.9878628640000009
2026-04-17 18:00:00+00:00,0.9878278174000009,0.9878453335000008,0.9865770336000009,0.9867432336000009
2026-04-17 19:00:00+00:00,0.9866131590000008,0.987428170800001,0.9865111680000008,0.9873149164000008
2026-04-17 20:00:00+00:00,0.9872057304000009,0.9872057304000009,0.9860223321000007,0.9860223321000007
2026-04-19 21:00:00+00:00,0.9861378345000005,0.9884947050000006,0.9861378345000005,0.9867929038000008
2026-04-19 22:00:00+00:00,0.9875880512000009,0.9913405680000008,0.9875880512000009,0.9910669346000008
2026-04-19 23:00:00+00:00,0.9911224672000009,0.9915643394000009,0.9901328286000007,0.9903722625000009
2026-04-20 00:00:00+00:00,0.9900657000000007,0.991592474400001,0.9900657000000007,0.991592474400001
2026-04-20 01:00:00+00:00,0.9919981750000006,0.9924938334000009,0.9916824921000008,0.9918682462000008
2026-04-20 02:00:00+00:00,0.9917387136000008,0.9926461270000008,0.9916156080000007,0.9924165210000009
2026-04-20 03:00:00+00:00,0.9922652560000009,0.9926473161000009,0.9920693440000009,0.9921723075000008
2026-04-20 04:00:00+00:00,0.9920565108000009,0.9924859293000006,0.9917925504000008,0.9923910675000007
2026-04-20 05:00:00+00:00,0.9923645660000009,0.992465843600001,0.9911971946000007,0.991683178200001
2026-04-20 06:00:00+00:00,0.9915928810000008,0.9925764141000009,0.9909846980000009,0.9925764141000009
2026-04-20 07:00:00+00:00,0.9923227050000007,0.9932471589000007,0.9907778352000007,0.9912376065000007
2026-04-20 08:00:00+00:00,0.9914130688000009,0.991582724600001,0.9910984086000009,0.9914281720000009
2026-04-20 09:00:00+00:00,0.9916120299000009,0.9923352444000009,0.9916114780000007,0.9923352444000009
2026-04-20 10:00:00+00:00,0.9922750200000009,0.9926684064000008,0.9920964900000008,0.9923317914000007
2026-04-20 11:00:00+00:00,0.9921716235000008,0.9928644521000008,0.9915259909000007,0.9928443798000008
2026-04-20 12:00:00+00:00,0.992769633900001,0.9928807218000008,0.9924368080000008,0.9925851089000008
2026-04-20 13:00:00+00:00,0.992385149000001,0.9934411200000007,0.9923210180000009,0.9930442798000008
2026-04-20 14:00:00+00:00,0.9926764470000008,0.9927508976000008,0.9908177517000007,0.9909915120000009
2026-04-20 15:00:00+00:00,0.990841477500001,0.9919212585000008,0.9904496560000008,0.9916341435000007
2026-04-20 16:00:00+00:00,0.9916457760000009,0.9916457760000009,0.9908644020000007,0.9911141190000008
2026-04-20 17:00:00+00:00,0.9911740293000008,0.9912692088000008,0.9907724981000007,0.9910691840000009
2026-04-20 18:00:00+00:00,0.9910837380000008,0.9913927348000009,0.9909337293000008,0.9913664264000008
2026-04-20 19:00:00+00:00,0.9914444112000007,0.9921788429000009,0.9914261014000006,0.9921788429000009
2026-04-20 20:00:00+00:00,0.9921344384000009,0.9922462578000008,0.9915514996000009,0.9915514996000009
2026-04-20 21:00:00+00:00,0.9900837288000008,0.9919783968000009,0.9900837288000008,0.9917154030000008
2026-04-20 22:00:00+00:00,0.9920874262000009,0.9921069620000009,0.9917928916000008,0.9920880354000009
2026-04-20 23:00:00+00:00,0.9919731204000009,0.9920684422000007,0.9913682940000008,0.9913682940000008
2026-04-21 00:00:00+00:00,0.9914134200000009,0.9914714207000008,0.9908289592000007,0.9912300177000007
2026-04-21 01:00:00+00:00,0.991221068100001,0.9923405316000009,0.9912175206000008,0.9914361950000009
2026-04-21 02:00:00+00:00,0.9914871480000009,0.9916860645000009,0.9910997035000008,0.9914365890000008
2026-04-21 03:00:00+00:00,0.991437520100001,0.991437520100001,0.9905656652000008,0.9906474164000009
2026-04-21 04:00:00+00:00,0.9906610416000008,0.9907636895000008,0.9904184885000009,0.9906065408000008
2026-04-21 05:00:00+00:00,0.9905965215000009,0.9911648942000009,0.9905965215000009,0.9906238260000009
2026-04-21 06:00:00+00:00,0.9906420190000009,0.9906420190000009,0.9898226580000008,0.9901069490000008
2026-04-21 07:00:00+00:00,0.9900887738000008,0.9903767467000009,0.9893195440000009,0.9893195440000009
2026-04-21 08:00:00+00:00,0.9891805764000009,0.989903653200001,0.9886442616000007,0.9898264494000008
2026-04-21 09:00:00+00:00,0.9897719090000009,0.9897719090000009,0.9891998352000009,0.9895523861000008
2026-04-21 10:00:00+00:00,0.9894369000000008,0.9903616254000007,0.9894369000000008,0.9903534762000008
2026-04-21 11:00:00+00:00,0.9902526939000008,0.9910136808000007,0.9900463840000009,0.990946425000001
2026-04-21 12:00:00+00:00,0.9908709940000009,0.9910109412000009,0.9896151915000009,0.9899806044000009
2026-04-21 13:00:00+00:00,0.9901968045000008,0.9912107798000008,0.9900496470000008,0.9910886868000008
2026-04-21 14:00:00+00:00,0.9908816280000009,0.9918423600000008,0.9906946998000008,0.9906946998000008
2026-04-21 15:00:00+00:00,0.9906038716000007,0.9909020208000008,0.9894282083000008,0.9897690528000008
2026-04-21 16:00:00+00:00,0.9898271474000008,0.9900742040000008,0.9891838503000008,0.9892453835000009
2026-04-21 17:00:00+00:00,0.9893106740000008,0.9902677299000009,0.9877774810000008,0.9895779125000009
2026-04-21 18:00:00+00:00,0.9896918610000008,0.9897485697000008,0.9888284040000007,0.9895535156000009
2026-04-21 19:00:00+00:00,0.989602559200001,0.9905982723000009,0.9874055040000007,0.988133834000001
2026-04-21 20:00:00+00:00,0.9882262897000009,0.9903965510000008,0.9878147181000008,0.9897102717000009
2026-04-21 21:00:00+00:00,0.9887409945000009,0.9887409945000009,0.9877764512000009,0.9885141875000009
2026-04-21 22:00:00+00:00,0.989001869200001,0.989209923300001,0.988726962000001,0.9887789556000011
2026-04-21 23:00:00+00:00,0.9888143430000009,0.9891618219000009,0.988715431300001,0.989053605200001
2026-04-22 00:00:00+00:00,0.9891992348000009,0.9899774856000009,0.989133941600001,0.989589363700001
2026-04-22 01:00:00+00:00,0.9897947577000009,0.989952503400001,0.989336790000001,0.9895216131000009
2026-04-22 02:00:00+00:00,0.989602559200001,0.9900237150000009,0.989094215200001,0.989113369000001
2026-04-22 03:00:00+00:00,0.9890315452000009,0.9896507270000011,0.9889084716000008,0.989033279400001
2026-04-22 04:00:00+00:00,0.9891650078000009,0.989513054400001,0.9888983923000009,0.989066644800001
2026-04-22 05:00:00+00:00,0.989252258400001,0.990893589600001,0.9892311338000009,0.9903885504000011
2026-04-22 06:00:00+00:00,0.990430313400001,0.9910027800000009,0.990267363400001,0.9905119824000009
2026-04-22 07:00:00+00:00,0.9906574368000011,0.9906574368000011,0.9897457110000009,0.9903694300000009
2026-04-22 08:00:00+00:00,0.990492123000001,0.990492123000001,0.9892730624000009,0.9894865750000009
2026-04-22 09:00:00+00:00,0.989357590500001,0.9901567368000009,0.989255929500001,0.989515183000001
2026-04-22 10:00:00+00:00,0.9895796298000009,0.9898913747000009,0.9890979032000009,0.9895505922000009
2026-04-22 11:00:00+00:00,0.989454286800001,0.9896740020000009,0.988829290600001,0.9890496745000009
2026-04-22 12:00:00+00:00,0.989232541600001,0.9894394026000009,0.9884959168000009,0.9887128392000009
2026-04-22 13:00:00+00:00,0.9886053606000009,0.9900675750000011,0.9885645340000009,0.9897689158000009
2026-04-22 14:00:00+00:00,0.9898997982000011,0.9901633690000009,0.989468419600001,0.9901633690000009
2026-04-22 15:00:00+00:00,0.990097760600001,0.990292368300001,0.9897688944000009,0.9899450204000009
2026-04-22 16:00:00+00:00,0.9899333676000011,0.9900389400000009,0.9892514826000011,0.9892955562000011
2026-04-22 17:00:00+00:00,0.989214618500001,0.990152803100001,0.989214618500001,0.9900820520000009
2026-04-22 18:00:00+00:00,0.990089310400001,0.990328224600001,0.9898402525000009,0.9900533511000008
2026-04-22 19:00:00+00:00,0.989920387300001,0.9905284878000008,0.989810114100001,0.9904986000000008
2026-04-22 20:00:00+00:00,0.9906074460000008,0.990731516000001,0.9902541311000009,0.9905326300000009
2026-04-22 21:00:00+00:00,0.9891298021000009,0.9901919041000009,0.9890821073000008,0.9896345228000009
2026-04-22 22:00:00+00:00,0.9903186813000011,0.9903563999000009,0.9900262820000012,0.9900556424000012
2026-04-22 23:00:00+00:00,0.9900509827000012,0.9902521972000011,0.9899874154000012,0.9900437274000011
2026-04-23 00:00:00+00:00,0.9900032975000012,0.9907885234000011,0.9880412542000013,0.9903929228000011
2026-04-23 01:00:00+00:00,0.9902164608000013,0.9903183340000012,0.9891984996000012,0.9896623548000012
2026-04-23 02:00:00+00:00,0.9896542350000012,0.9896542350000012,0.9884928832000012,0.988588152000001
2026-04-23 03:00:00+00:00,0.9884878780000012,0.9888518369000012,0.9876458882000012,0.988116459600001
2026-04-23 04:00:00+00:00,0.9882031290000012,0.9888624648000011,0.9879342165000012,0.9888624648000011
2026-04-23 05:00:00+00:00,0.9888070320000012,0.9895908396000013,0.9887925408000011,0.9895690827000012
2026-04-23 06:00:00+00:00,0.9895920670000011,0.9896640848000011,0.9890450316000011,0.9893013117000012
2026-04-23 07:00:00+00:00,0.9891729504000012,0.9897996500000013,0.9888953147000011,0.9897996500000013
2026-04-23 08:00:00+00:00,0.9897326184000014,0.9897326184000014,0.9885956370000011,0.9890619544000012
2026-04-23 09:00:00+00:00,0.9888931072000011,0.9890889513000013,0.9882878096000012,0.9884843716000014
2026-04-23 10:00:00+00:00,0.9886344479000012,0.9886344479000012,0.9874701715000013,0.9876765570000013
2026-04-23 11:00:00+00:00,0.9877295458000013,0.9891817790000013,0.9874893012000012,0.9889081670000012
2026-04-23 12:00:00+00:00,0.9889631480000013,0.9897034920000011,0.9884091142000011,0.9892060842000013
2026-04-23 13:00:00+00:00,0.9892662864000012,0.9898731924000012,0.9886899920000013,0.9894780338000012
2026-04-23 14:00:00+00:00,0.9891551612000011,0.9911982388000014,0.9891359036000011,0.9909948822000011
2026-04-23 15:00:00+00:00,0.9911067003000013,0.9914058876000011,0.9906843314000011,0.990687270000001
2026-04-23 16:00:00+00:00,0.9907171284000013,0.9914895476000012,0.9906210054000012,0.9913732350000012
2026-04-23 17:00:00+00:00,0.9915018376000013,0.9915018376000013,0.9869704209000013,0.9897064209000012
2026-04-23 18:00:00+00:00,0.9899275914000012,0.9903536332000014,0.9889046596000012,0.9889046596000012
2026-04-23 19:00:00+00:00,0.9887953558000013,0.9889223094000013,0.9881436042000011,0.9885074154000012
2026-04-23 20:00:00+00:00,0.9884453712000013,0.9885209623000012,0.9877106772000013,0.9881312532000011
2026-04-23 21:00:00+00:00,0.9877013102000011,0.9884014323000009,0.9872825908000012,0.9879261888000013
2026-04-23 22:00:00+00:00,0.9882025779000009,0.9886672840000008,0.9880158675000013,0.9886672840000008
2026-04-23 23:00:00+00:00,0.988680168000001,0.9887483970000012,0.9882439983000013,0.9882986979000012
2026-04-24 00:00:00+00:00,0.9884645440000012,0.9888700024000011,0.9881441536000013,0.9886511041000011
2026-04-24 01:00:00+00:00,0.988727492000001,0.989032278800001,0.9881418250000008,0.9887323612000012
2026-04-24 02:00:00+00:00,0.9886261112000009,0.9886261112000009,0.9876215152000007,0.9878665990000008
2026-04-24 03:00:00+00:00,0.9879802568000009,0.9880201443000012,0.9873853572000011,0.9877265847000012
2026-04-24 04:00:00+00:00,0.9876618807000009,0.988682339400001,0.9875177928000008,0.988435996800001
2026-04-24 05:00:00+00:00,0.9884158476000011,0.9887803155000013,0.9880257184000011,0.9883701640000012
2026-04-24 06:00:00+00:00,0.988465161600001,0.9889620501000013,0.9879839068000011,0.988367568300001
2026-04-24 07:00:00+00:00,0.9882185366000014,0.988954160400001,0.9881576271000013,0.9887718055000012
2026-04-24 08:00:00+00:00,0.9887716608000011,0.9887857450000012,0.9877784800000011,0.9879939600000008
2026-04-24 09:00:00+00:00,0.9880566465000009,0.988062202400001,0.9873267184000012,0.9876499588000011
2026-04-24 10:00:00+00:00,0.9877157989000012,0.9880478462000011,0.9875992464000011,0.987738521700001
2026-04-24 11:00:00+00:00,0.9877746450000011,0.990447036800001,0.9875874825000011,0.988940208000001
2026-04-24 12:00:00+00:00,0.9891361425000011,0.9893027430000011,0.987605938800001,0.9878598236000012
2026-04-24 13:00:00+00:00,0.9880213392000009,0.9888274000000008,0.9875496960000011,0.988571073300001
2026-04-24 14:00:00+00:00,0.9886264808000009,0.9895341531000009,0.988354773000001,0.9887309768000011
2026-04-24 15:00:00+00:00,0.9886682810000011,0.990123244800001,0.9882302712000011,0.9898382600000009
2026-04-24 16:00:00+00:00,0.9897507931000008,0.9897507931000008,0.989322576000001,0.989508550800001
2026-04-24 17:00:00+00:00,0.9895575988000012,0.9897060486000012,0.9888348030000009,0.9888348030000009
2026-04-24 18:00:00+00:00,0.9889025610000011,0.9889519440000011,0.9885892695000011,0.9889311825000009
2026-04-24 19:00:00+00:00,0.9889746759000012,0.989156222600001,0.988659157500001,0.9888932256000011
2026-04-24 20:00:00+00:00,0.988928614800001,0.989188732900001,0.9878812200000012,0.9878812200000012
2026-04-26 21:00:00+00:00,0.9877993740000012,0.9885056160000012,0.9866169390000008,0.9882939035000012
2026-04-26 22:00:00+00:00,0.9890565024000014,0.9893953828000009,0.9887639730000012,0.9893936322000011
2026-04-26 23:00:00+00:00,0.9893762398000011,0.9896045492000012,0.989097124400001,0.989097124400001
2026-04-27 00:00:00+00:00,0.989310942100001,0.9905729855000011,0.9891873475000011,0.9905729855000011
2026-04-27 01:00:00+00:00,0.9909617166000011,0.991678069200001,0.990729223500001,0.991487148000001
2026-04-27 02:00:00+00:00,0.991335444800001,0.9923205768000011,0.9911031297000009,0.9920848644000011
2026-04-27 03:00:00+00:00,0.9921992360000012,0.9925784076000009,0.9921682080000009,0.9923136016000011
2026-04-27 04:00:00+00:00,0.9923500256000011,0.9923500256000011,0.9915164642000011,0.991602676600001
2026-04-27 05:00:00+00:00,0.9916118259000011,0.9916726620000011,0.991113191200001,0.991113191200001
2026-04-27 06:00:00+00:00,0.991008835800001,0.991072322800001,0.9902177424000012,0.990585618400001
2026-04-27 07:00:00+00:00,0.9906816220000011,0.9911130740000009,0.990654167700001,0.9907681413000009
2026-04-27 08:00:00+00:00,0.990720483900001,0.9910052244000012,0.9901665731000011,0.9908621695000012
2026-04-27 09:00:00+00:00,0.9908278554000011,0.9908642133000012,0.989870208000001,0.989870208000001
2026-04-27 10:00:00+00:00,0.9899692803000011,0.9903836226000009,0.9897876432000011,0.9901206888000009
2026-04-27 11:00:00+00:00,0.9901456656000011,0.990375834500001,0.989854152000001,0.9899514874000009
2026-04-27 12:00:00+00:00,0.9900725796000011,0.990561038000001,0.9897203910000011,0.989804865600001
2026-04-27 13:00:00+00:00,0.989859062500001,0.990520466400001,0.9897844304000011,0.9903961600000011
2026-04-27 14:00:00+00:00,0.9902269650000011,0.9915128006000011,0.9900769014000009,0.991353112100001
2026-04-27 15:00:00+00:00,0.991492986300001,0.991613889600001,0.9909236234000011,0.9913812188000011
2026-04-27 16:00:00+00:00,0.9913404944000012,0.9915106960000011,0.9910155948000009,0.9911367566000011
2026-04-27 17:00:00+00:00,0.9912557448000011,0.9917100515000009,0.9908207106000011,0.9913097794000009
2026-04-27 18:00:00+00:00,0.991235602500001,0.991409773200001,0.9909865238000011,0.9913694118000009
2026-04-27 19:00:00+00:00,0.991423755000001,0.9919219890000011,0.991287897000001,0.9919136898000009
2026-04-27 20:00:00+00:00,0.9918935065000011,0.992105717600001,0.991111771200001,0.991213923600001
2026-04-27 21:00:00+00:00,0.990459554000001,0.9909414774000013,0.9898004680000011,0.9907917350000012
2026-04-27 22:00:00+00:00,0.9912818466000012,0.9913394381000011,0.991099964400001,0.9911507070000011
2026-04-27 23:00:00+00:00,0.9911819248000013,0.9915549288000011,0.9911484752000012,0.9915311426000012
2026-04-28 00:00:00+00:00,0.991449661400001,0.9920428620000011,0.9911098230000014,0.9918327012000012
2026-04-28 01:00:00+00:00,0.9918084118000011,0.9918084118000011,0.9908885270000012,0.990961818000001
2026-04-28 02:00:00+00:00,0.9906554625000011,0.9912687916000011,0.9905724850000012,0.9909556689000014
2026-04-28 03:00:00+00:00,0.9910017876000012,0.9915479948000012,0.9908577878000012,0.9914730410000012
2026-04-28 04:00:00+00:00,0.9914047845000011,0.9917850592000014,0.9913033460000013,0.9913033460000013
2026-04-28 05:00:00+00:00,0.9912907494000013,0.9913891984000014,0.9904297580000011,0.9907876166000011
2026-04-28 06:00:00+00:00,0.990404015400001,0.9908411040000011,0.9895286954000011,0.9897520338000012
2026-04-28 07:00:00+00:00,0.9895651040000012,0.9911901724000013,0.9895391016000011,0.9910717330000012
2026-04-28 08:00:00+00:00,0.9909936152000011,0.9917335512000013,0.9905302008000011,0.9916903170000011
2026-04-28 09:00:00+00:00,0.9914507002000013,0.9919419133000011,0.9909288168000012,0.9917804839000012
2026-04-28 10:00:00+00:00,0.9919175714000013,0.9919175714000013,0.9910014278000012,0.9911432202000011
2026-04-28 11:00:00+00:00,0.9911257204000012,0.991350192500001,0.9899614260000013,0.9902603175000012
2026-04-28 12:00:00+00:00,0.9901865790000013,0.9919307229000012,0.9901494729000012,0.9919307229000012
2026-04-28 13:00:00+00:00,0.9917397948000012,0.9926310160000014,0.991280643600001,0.992010654600001
2026-04-28 14:00:00+00:00,0.991847167800001,0.9933569406000013,0.9917395934000012,0.9933569406000013
2026-04-28 15:00:00+00:00,0.9933423550000013,0.9938564896000011,0.9930566007000012,0.9937778820000013
2026-04-28 16:00:00+00:00,0.9937845348000013,0.9946833600000011,0.9935873496000012,0.9945587132000012
2026-04-28 17:00:00+00:00,0.9946776840000011,0.994862583800001,0.9941796172000011,0.9948261048000011
2026-04-28 18:00:00+00:00,0.9948232350000011,0.9954069230000011,0.9946326735000013,0.9951813405000012
2026-04-28 19:00:00+00:00,0.9950754243000013,0.9951509232000011,0.9945126256000012,0.9947475850000012
2026-04-28 20:00:00+00:00,0.9947174819000011,0.9951463168000011,0.994715095500001,0.9947591136000012
2026-04-28 21:00:00+00:00,0.9933816585000014,0.9940381480000012,0.9933816585000014,0.9938251114000014
2026-04-28 22:00:00+00:00,0.9945644910000014,0.9948540384000012,0.9944963085000014,0.9946805238000013
2026-04-28 23:00:00+00:00,0.9946732311000013,0.9952695375000014,0.9946732311000013,0.9952695375000014
2026-04-29 00:00:00+00:00,0.9954464520000014,0.9955073369000014,0.9949707153000014,0.9952042097000015
2026-04-29 01:00:00+00:00,0.9949326704000014,0.9949326704000014,0.9930048408000014,0.9931339248000014
2026-04-29 02:00:00+00:00,0.9934211968000014,0.9936955018000012,0.9919343303000013,0.9919343303000013
2026-04-29 03:00:00+00:00,0.9922262980000015,0.9925990976000014,0.9920999050000014,0.9922762458000014
2026-04-29 04:00:00+00:00,0.9922762458000014,0.9925864500000013,0.9921307315000013,0.9924372720000014
2026-04-29 05:00:00+00:00,0.9924618015000014,0.9926600565000013,0.9923115132000014,0.9923442912000013
2026-04-29 06:00:00+00:00,0.9924826520000014,0.9925772768000014,0.9916689768000013,0.9922678884000015
2026-04-29 07:00:00+00:00,0.9917131134000013,0.9924018312000014,0.9916326180000014,0.9920290298000014
2026-04-29 08:00:00+00:00,0.9919417185000015,0.9920226162000013,0.9909725163000013,0.9913340427000014
2026-04-29 09:00:00+00:00,0.9913331528000013,0.9915342177000014,0.9909487352000013,0.9910992000000015
2026-04-29 10:00:00+00:00,0.9911439195000014,0.9922061384000014,0.9911439195000014,0.9917797719000014
2026-04-29 11:00:00+00:00,0.9916115846000014,0.9917024010000014,0.9911270131000013,0.9913871340000012
2026-04-29 12:00:00+00:00,0.9912807990000013,0.9920197980000013,0.9906673401000013,0.9907336320000014
2026-04-29 13:00:00+00:00,0.9909627280000013,0.9913083648000013,0.9886285872000014,0.9886285872000014
2026-04-29 14:00:00+00:00,0.9886304688000014,0.9895165116000014,0.9881571660000015,0.9888745997000014
2026-04-29 15:00:00+00:00,0.9890646280000014,0.9890646280000014,0.9863340344000014,0.9868243322000014
2026-04-29 16:00:00+00:00,0.9871374152000014,0.9875731950000014,0.9865567600000013,0.9867807803000014
2026-04-29 17:00:00+00:00,0.9866666625000013,0.9876141548000014,0.9864521792000014,0.9871706510000013
2026-04-29 18:00:00+00:00,0.9868721214000014,0.9869113632000013,0.9844879440000014,0.9857613515000013
2026-04-29 19:00:00+00:00,0.9858872828000013,0.9861433260000013,0.9849490956000014,0.9859305570000013
2026-04-29 20:00:00+00:00,0.9858822936000013,0.9860966976000015,0.9855510621000015,0.9858110352000015
2026-04-29 21:00:00+00:00,0.9854346770000014,0.9858342568000018,0.9847221584000015,0.985372038000002
2026-04-29 22:00:00+00:00,0.985771654000002,0.9863040852000018,0.985658547200002,0.9862073303000018
2026-04-29 23:00:00+00:00,0.9861236892000018,0.9870930336000019,0.9861108736000018,0.9867664170000018
2026-04-30 00:00:00+00:00,0.9868669420000018,0.9868669420000018,0.9861881220000018,0.9861881220000018
2026-04-30 01:00:00+00:00,0.9861753202000018,0.9869682745000018,0.9858321900000018,0.9868122526000018
2026-04-30 02:00:00+00:00,0.9868172848000019,0.9872517765000018,0.9862683012000019,0.987191656800002
2026-04-30 03:00:00+00:00,0.9872940520000018,0.9874948473000019,0.9869442012000019,0.9869442012000019
2026-04-30 04:00:00+00:00,0.9868946646000019,0.9869322375000019,0.9861144939000018,0.9861144939000018
2026-04-30 05:00:00+00:00,0.9864009078000018,0.986784359400002,0.9857228267000019,0.9857766044000017
2026-04-30 06:00:00+00:00,0.9857051640000019,0.9864142224000019,0.9854001664000018,0.9861052874000018
2026-04-30 07:00:00+00:00,0.9862414770000019,0.9869001090000018,0.9860197824000018,0.9865837296000018
2026-04-30 08:00:00+00:00,0.986722973700002,0.9877078620000019,0.986722973700002,0.9869602248000019
2026-04-30 09:00:00+00:00,0.9871574260000018,0.9887810092000018,0.986754501600002,0.9884876865000018
2026-04-30 10:00:00+00:00,0.9886556132000018,0.9894490110000018,0.9883181763000017,0.9894490110000018
2026-04-30 11:00:00+00:00,0.9894479298000018,0.9909189550000019,0.9890515032000018,0.9895928920000018
2026-04-30 12:00:00+00:00,0.9897608735000019,0.9902241285000017,0.9890175867000018,0.9897206655000018
2026-04-30 13:00:00+00:00,0.9897597660000018,0.9914272560000019,0.9895709540000018,0.9907415495000018
2026-04-30 14:00:00+00:00,0.9905346878000019,0.992156268800002,0.9905346878000019,0.9906339586000018
2026-04-30 15:00:00+00:00,0.9907666875000017,0.9907844026000018,0.9896729712000017,0.9898354912000017
2026-04-30 16:00:00+00:00,0.9899199688000018,0.9904745664000019,0.9891940560000017,0.9898343042000018
2026-04-30 17:00:00+00:00,0.9900328990000018,0.9904521648000018,0.9897194590000018,0.9900327642000017
2026-04-30 18:00:00+00:00,0.9903480620000018,0.9904338970000018,0.9900300900000019,0.9901238046000019
2026-04-30 19:00:00+00:00,0.9901460852000019,0.9905921233000019,0.9897858558000019,0.9897858558000019
2026-04-30 20:00:00+00:00,0.9900431576000017,0.9902914806000017,0.9897546868000018,0.9900957038000018
2026-04-30 21:00:00+00:00,0.9889485417000017,0.9899399738000019,0.9885980038000018,0.9899253534000018
2026-04-30 22:00:00+00:00,0.9901669386000018,0.9903264600000017,0.989856056800002,0.9899061522000019
2026-04-30 23:00:00+00:00,0.989989556600002,0.990422163600002,0.9899223750000019,0.9899903601000019
2026-05-01 00:00:00+00:00,0.9899259195000019,0.990219428500002,0.989271501600002,0.9899516250000019
2026-05-01 01:00:00+00:00,0.9899811610000019,0.990016480800002,0.9893278080000019,0.9898749115000018
2026-05-01 02:00:00+00:00,0.9898207719000017,0.990080108800002,0.989211959800002,0.9895248760000019
2026-05-01 03:00:00+00:00,0.9894937605000019,0.9898269936000019,0.9891653568000018,0.989318580000002
2026-05-01 04:00:00+00:00,0.989344804500002,0.989344804500002,0.9889766379000019,0.9891444726000018
2026-05-01 05:00:00+00:00,0.989170502100002,0.9895123205000019,0.9888901884000018,0.9888901884000018
2026-05-01 06:00:00+00:00,0.9889722600000018,0.9892475199000019,0.9884399900000019,0.9891672791000019
2026-05-01 07:00:00+00:00,0.9894455766000019,0.9900614620000018,0.989152664500002,0.989152664500002
2026-05-01 08:00:00+00:00,0.989255553000002,0.9893475750000019,0.9886571280000018,0.9886977216000019
2026-05-01 09:00:00+00:00,0.9885632264000019,0.988763482800002,0.9877376674000019,0.9878386720000017
2026-05-01 10:00:00+00:00,0.987848080800002,0.9881012750000019,0.9877836384000018,0.9879522237000019
2026-05-01 11:00:00+00:00,0.9878778888000019,0.9886705425000019,0.9877488420000018,0.9885707260000018
2026-05-01 12:00:00+00:00,0.988575084000002,0.989173300500002,0.9883959690000019,0.989056486600002
2026-05-01 13:00:00+00:00,0.989034544300002,0.9904588902000019,0.9887438850000019,0.9903124062000019
2026-05-01 14:00:00+00:00,0.9905794325000019,0.992697459600002,0.9905794325000019,0.9916802126000018
2026-05-01 15:00:00+00:00,0.991632288000002,0.9924018570000018,0.9912968880000019,0.9918617612000018
2026-05-01 16:00:00+00:00,0.9920049724000018,0.9924488019000018,0.9918553102000018,0.9920372880000019
2026-05-01 17:00:00+00:00,0.9920639932000019,0.9923762070000018,0.991497283200002,0.9917941880000019
2026-05-01 18:00:00+00:00,0.9918421465000019,0.9918421465000019,0.991064378200002,0.9915613644000021
2026-05-01 19:00:00+00:00,0.991598695800002,0.9917337825000021,0.9913001196000021,0.991412850000002
2026-05-01 20:00:00+00:00,0.991469217600002,0.991469217600002,0.9904851816000021,0.9904851816000021
2026-05-03 21:00:00+00:00,0.9907362850000021,0.991112237300002,0.9896272148000022,0.9905398608000022
2026-05-03 22:00:00+00:00,0.9896286114000021,0.9907113678000022,0.9896286114000021,0.9902147472000021
2026-05-03 23:00:00+00:00,0.9900429232000024,0.9901719620000022,0.989724286800002,0.9897284124000023
2026-05-04 00:00:00+00:00,0.989537666000002,0.9898112076000022,0.9891915616000022,0.9897221678000021
2026-05-04 01:00:00+00:00,0.9896816216000022,0.9897983887000025,0.9890436872000021,0.9897983887000025
2026-05-04 02:00:00+00:00,0.9896868996000024,0.9898954566000024,0.9891719460000022,0.9897609055000022
2026-05-04 03:00:00+00:00,0.9898860403000023,0.9904127837000021,0.9895535730000022,0.9901272315000024
2026-05-04 04:00:00+00:00,0.9901063760000022,0.9901306204000021,0.9895346730000021,0.9896503841000023
2026-05-04 05:00:00+00:00,0.989585789100002,0.989699396200002,0.9891396291000022,0.9896357779000025
2026-05-04 06:00:00+00:00,0.9895847360000022,0.9899423625000021,0.9884261643000021,0.9888006456000021
2026-05-04 07:00:00+00:00,0.9887223879000024,0.9888234592000021,0.9882404265000022,0.988494883200002
2026-05-04 08:00:00+00:00,0.9883986574000022,0.9892579633000023,0.9881464378000024,0.9887135400000021
2026-05-04 09:00:00+00:00,0.988757443300002,0.9893810655000022,0.9887293002000022,0.9892015144000021
2026-05-04 10:00:00+00:00,0.9891399618000022,0.9891399618000022,0.9863981100000022,0.9875237247000022
2026-05-04 11:00:00+00:00,0.9877274782000022,0.9877274782000022,0.9870245866000021,0.987635594200002
2026-05-04 12:00:00+00:00,0.9876482016000022,0.9893069756000021,0.9876317110000025,0.9889066011000022
2026-05-04 13:00:00+00:00,0.9881064693000022,0.9890000108000021,0.9878727189000024,0.9880442776000022
2026-05-04 14:00:00+00:00,0.9880972290000024,0.9885489036000021,0.9876468041000022,0.9877887822000021
2026-05-04 15:00:00+00:00,0.9880025760000021,0.988213402500002,0.9853201965000021,0.9853903100000021
2026-05-04 16:00:00+00:00,0.9855367296000022,0.9856097064000023,0.9842863635000022,0.9847398100000023
2026-05-04 17:00:00+00:00,0.984779611200002,0.9863852843000024,0.984779611200002,0.9859669980000019
2026-05-04 18:00:00+00:00,0.9858056607000021,0.9860994675000023,0.9852573260000019,0.9858916056000021
2026-05-04 19:00:00+00:00,0.985905152000002,0.986454183000002,0.9857169696000023,0.9864308067000024
2026-05-04 20:00:00+00:00,0.9863749886000021,0.9865944721000022,0.9861044385000022,0.9864684514000023
2026-05-04 21:00:00+00:00,0.986045940000002,0.9863337060000023,0.9859014102000022,0.9859847690000023
2026-05-04 22:00:00+00:00,0.9865266792000023,0.9867534548000021,0.986367730700002,0.9866940166000022
2026-05-04 23:00:00+00:00,0.9866703457000022,0.9867253428000023,0.986439815100002,0.986439815100002
2026-05-05 00:00:00+00:00,0.9865613992000022,0.9868605072000024,0.9856172106000022,0.9858319590000022
2026-05-05 01:00:00+00:00,0.9856436837000022,0.9856624512000021,0.9849966751000023,0.9851206580000023
2026-05-05 02:00:00+00:00,0.9851414937000024,0.9860197137000024,0.9851414937000024,0.9855707538000024
2026-05-05 03:00:00+00:00,0.9855318576000025,0.9856522542000022,0.984765801600002,0.9847920606000022
2026-05-05 04:00:00+00:00,0.9847684877000022,0.9867932598000023,0.9847684877000022,0.9848292552000023
2026-05-05 05:00:00+00:00,0.9846906300000021,0.9850584517000023,0.9825991296000025,0.9829598016000025
2026-05-05 06:00:00+00:00,0.9831646030000022,0.9837913284000023,0.9828666297000022,0.9831032806000022
2026-05-05 07:00:00+00:00,0.9836102634000022,0.9847253040000021,0.9834871326000023,0.9843019746000022
2026-05-05 08:00:00+00:00,0.9843906156000023,0.9853795497000022,0.9843906156000023,0.9848612556000024
2026-05-05 09:00:00+00:00,0.9848820872000021,0.9853659738000022,0.9845192658000023,0.9852893244000025
2026-05-05 10:00:00+00:00,0.9852315538000025,0.986150808100002,0.9851323704000025,0.9859102188000024
2026-05-05 11:00:00+00:00,0.9857088472000023,0.9866528875000022,0.9855560364000023,0.9865592818000023
2026-05-05 12:00:00+00:00,0.9864443810000024,0.9882005399000022,0.9861296784000023,0.9876708270000022
2026-05-05 13:00:00+00:00,0.9878154402000022,0.9882196548000022,0.9874560444000026,0.9875026368000022
2026-05-05 14:00:00+00:00,0.9878915150000023,0.9890860867000024,0.9874464728000022,0.9890860867000024
2026-05-05 15:00:00+00:00,0.9890065903000022,0.9897121661000025,0.9890065903000022,0.9893165910000022
2026-05-05 16:00:00+00:00,0.9890879047000024,0.9894285359000022,0.9890304138000021,0.9890916336000021
2026-05-05 17:00:00+00:00,0.989241026800002,0.9895328664000022,0.9890794233000022,0.9890794233000022
2026-05-05 18:00:00+00:00,0.9892036200000021,0.9893258445000019,0.9888304406000019,0.9889672080000025
2026-05-05 19:00:00+00:00,0.9890380668000023,0.9891307800000021,0.9885600736000021,0.9888104224000024
2026-05-05 20:00:00+00:00,0.9888967962000025,0.9888967962000025,0.9883451220000022,0.9883451220000022
2026-05-05 21:00:00+00:00,0.9872975250000022,0.9881772897000024,0.9870488964000025,0.9878089060000025
2026-05-05 22:00:00+00:00,0.9883179622000025,0.9900711229000024,0.9883179622000025,0.9896797600000024
2026-05-05 23:00:00+00:00,0.9895596424000025,0.9903399918000022,0.9895596424000025,0.9901802752000024
2026-05-06 00:00:00+00:00,0.9903743328000022,0.9924217270000022,0.9903482334000023,0.9924217270000022
2026-05-06 01:00:00+00:00,0.9924553218000024,0.9937303052000024,0.9923272488000024,0.9931894250000024
2026-05-06 02:00:00+00:00,0.9932612672000025,0.9941385800000024,0.9931506160000023,0.9941385800000024
2026-05-06 03:00:00+00:00,0.9942148216000024,0.9949040676000024,0.9938274045000024,0.9938274045000024
2026-05-06 04:00:00+00:00,0.9936877400000023,0.9952933805000024,0.9936877400000023,0.9945005455000023
2026-05-06 05:00:00+00:00,0.9946789446000025,0.9953452616000024,0.9945801576000024,0.9951560640000026
2026-05-06 06:00:00+00:00,0.9953080663000023,0.9955227078000024,0.9947647963000025,0.9950746454000026
2026-05-06 07:00:00+00:00,0.9947455977000024,0.9950090286000023,0.9936261770000024,0.9945067096000022
2026-05-06 08:00:00+00:00,0.9943999014000023,0.9968890438000022,0.9936070850000025,0.9965273696000023
2026-05-06 09:00:00+00:00,0.9960791784000024,0.9972614964000024,0.9957658410000024,0.9971437716000022
2026-05-06 10:00:00+00:00,0.9971484220000024,0.9988067630000024,0.9961445376000025,0.9979192080000024
2026-05-06 11:00:00+00:00,0.9976169280000023,0.9979357986000025,0.9957757463000023,0.9959870445000023
2026-05-06 12:00:00+00:00,0.9956949968000025,0.9960508845000023,0.9945249436000025,0.9953444314000024
2026-05-06 13:00:00+00:00,0.9954375809000024,0.9957519600000024,0.9944815160000023,0.9954525780000025
2026-05-06 14:00:00+00:00,0.9952628049000023,0.9968691975000026,0.9950201800000024,0.9960182450000024
2026-05-06 15:00:00+00:00,0.9960141900000025,0.9963317931000023,0.9955176984000024,0.9956664480000024
2026-05-06 16:00:00+00:00,0.9956467952000023,0.9960321576000024,0.9955343888000022,0.9956078880000025
2026-05-06 17:00:00+00:00,0.9956738022000025,0.9966392744000024,0.9956738022000025,0.9965996157000026
2026-05-06 18:00:00+00:00,0.9966916381000024,0.9972469134000025,0.9965356994000025,0.9971392032000024
2026-05-06 19:00:00+00:00,0.9971526420000023,0.9974057862000023,0.9969506820000024,0.9971767860000025
2026-05-06 20:00:00+00:00,0.9972481337000024,0.9972710559000024,0.9965581080000026,0.9968354976000023
2026-05-06 21:00:00+00:00,0.9958790093000023,0.9973143145000023,0.9957713848000022,0.9970773731000022
2026-05-06 22:00:00+00:00,0.9971688870000021,0.997472487000002,0.9970381377000024,0.9973425816000023
2026-05-06 23:00:00+00:00,0.9972778480000025,0.9975592344000024,0.9972204400000024,0.9972667739000022
2026-05-07 00:00:00+00:00,0.9974802168000023,0.9978099890000025,0.9970682736000022,0.9974175848000023
2026-05-07 01:00:00+00:00,0.9971269264000023,0.9985652992000023,0.9970734774000022,0.9982394484000023
2026-05-07 02:00:00+00:00,0.9984223965000022,0.9986607675000024,0.9980064336000023,0.9983420475000022
2026-05-07 03:00:00+00:00,0.9982052330000022,0.9985449201000022,0.9979811730000023,0.9983969411000022
2026-05-07 04:00:00+00:00,0.9984157172000023,0.9989234884000021,0.9982131534000022,0.9988091976000022
2026-05-07 05:00:00+00:00,0.9988698302000023,0.9992380200000024,0.9987004304000022,0.9988609403000022
2026-05-07 06:00:00+00:00,0.9986466430000023,0.9997346124000024,0.9985413680000024,0.9993618600000023
2026-05-07 07:00:00+00:00,0.9993365034000021,1.0003745994000022,0.9992328759000022,1.0001181221000022
2026-05-07 08:00:00+00:00,1.0002047322000023,1.0002862518000022,0.9995287808000024,0.9996873120000023
2026-05-07 09:00:00+00:00,0.9995729192000022,0.9998073260000023,0.9991601692000022,0.9997767568000022
2026-05-07 10:00:00+00:00,0.9997133546000023,1.0000411036000023,0.9993029081000023,0.9993029081000023
2026-05-07 11:00:00+00:00,0.9992712411000022,0.9999515914000023,0.9988454147000023,0.9998842500000024
2026-05-07 12:00:00+00:00,0.9997756080000023,0.9998565460000024,0.9990891120000023,0.9994772100000023
2026-05-07 13:00:00+00:00,0.9992214830000025,0.9996318857000022,0.9986071300000025,0.9992317052000023
2026-05-07 14:00:00+00:00,0.9991827720000022,1.0002271734000023,0.9989093318000023,1.0002271734000023
2026-05-07 15:00:00+00:00,1.0001569600000024,1.0001569600000024,0.9979237647000022,0.9979237647000022
2026-05-07 16:00:00+00:00,0.9977554032000023,0.9981002976000023,0.9972102429000023,0.9973192544000024
2026-05-07 17:00:00+00:00,0.9972357720000022,0.9973956360000023,0.9959886612000022,0.9970648012000022
2026-05-07 18:00:00+00:00,0.9970973420000022,0.9973138284000023,0.9958453550000023,0.9965534460000023
2026-05-07 19:00:00+00:00,0.9963023436000022,0.9963994180000023,0.9952992260000023,0.9957572160000022
2026-05-07 20:00:00+00:00,0.9959382648000022,0.9967586804000023,0.9950150388000023,0.9954960120000024
2026-05-07 21:00:00+00:00,0.9952675271000021,0.9952894472000022,0.9936183435000024,0.9942428790000022
2026-05-07 22:00:00+00:00,0.9944113815000023,0.9949289680000022,0.9940985272000022,0.9943812132000023
2026-05-07 23:00:00+00:00,0.9944566320000022,0.9949406159000023,0.9944181845000024,0.9949406159000023
2026-05-08 00:00:00+00:00,0.9950655628000024,0.9951187398000023,0.9940712808000023,0.9947376868000023
2026-05-08 01:00:00+00:00,0.9947872256000024,0.9954811054000025,0.9947613507000023,0.9949719340000024
2026-05-08 02:00:00+00:00,0.9948752550000022,0.9954774927000024,0.9946069497000022,0.9951316800000022
2026-05-08 03:00:00+00:00,0.9951379935000024,0.9962522388000022,0.9950772000000023,0.9957143340000024
2026-05-08 04:00:00+00:00,0.9957668040000022,0.9964062836000022,0.9955947600000022,0.9962166732000023
2026-05-08 05:00:00+00:00,0.9962565054000021,0.9966588450000025,0.9958636576000023,0.9965666108000022
2026-05-08 06:00:00+00:00,0.9964347086000023,0.9971952218000024,0.9964117302000023,0.9968380161000024
2026-05-08 07:00:00+00:00,0.9967992320000021,0.9969092820000023,0.9963237460000023,0.9967245712000024
2026-05-08 08:00:00+00:00,0.9967809099000023,0.9978622147000024,0.9966363852000023,0.9977931057000023
2026-05-08 09:00:00+00:00,0.9976936300000023,0.9983623968000023,0.9970707216000022,0.9972852582000022
2026-05-08 10:00:00+00:00,0.9973532877000023,0.9983678244000025,0.9973532877000023,0.9980506791000022
2026-05-08 11:00:00+00:00,0.9982265755000022,0.9984747592000023,0.9971837400000023,0.9974201904000022
2026-05-08 12:00:00+00:00,0.9974213172000023,1.0020090599000024,0.9973260759000022,1.0011779910000023
2026-05-08 13:00:00+00:00,1.0012407262000025,1.0032736896000023,1.0006780397000021,1.0030558032000023
2026-05-08 14:00:00+00:00,1.0027151318000023,1.0031610852000024,1.0016559351000023,1.0019445030000023
2026-05-08 15:00:00+00:00,1.0020178980000023,1.0021680744000023,1.0008643500000025,1.0008643500000025
2026-05-08 16:00:00+00:00,1.0010249220000023,1.0017387072000021,1.0009585932000022,1.0014395865000023
2026-05-08 17:00:00+00:00,1.0014238902000023,1.0016049204000024,1.0012605750000025,1.0013676790000023
2026-05-08 18:00:00+00:00,1.0014517220000023,1.0018705347000023,1.0009565304000023,1.0009912560000023
2026-05-08 19:00:00+00:00,1.0012021756000025,1.0017371416000023,1.0010176448000023,1.0016522928000025
2026-05-08 20:00:00+00:00,1.0015704384000024,1.0018537623000023,1.0006851985000023,1.0006915371000022
2026-05-10 21:00:00+00:00,1.0007219376000023,1.002562601200002,1.0007219376000023,1.0016155331000016
2026-05-10 22:00:00+00:00,1.0026351366000017,1.0044850962000018,1.0026351366000017,1.0044344986000016
2026-05-10 23:00:00+00:00,1.0043453169000018,1.0046632392000017,1.0039663704000015,1.0041071430000017
2026-05-11 00:00:00+00:00,1.0042477610000018,1.0047737850000016,1.0040314620000017,1.0046065020000017
2026-05-11 01:00:00+00:00,1.0046097130000018,1.0046097130000018,1.0037359388000016,1.0042234944000017
2026-05-11 02:00:00+00:00,1.0044138426000015,1.0045591842000017,1.0037713808000015,1.0038341880000017
2026-05-11 03:00:00+00:00,1.0037501344000017,1.0040364023000017,1.0035946928000017,1.0038412804000019
2026-05-11 04:00:00+00:00,1.0038443140000017,1.0039138200000015,1.0035041848000017,1.0039138200000015
2026-05-11 05:00:00+00:00,1.0039285000000018,1.0043383415000018,1.0038034003000016,1.0041466240000017
2026-05-11 06:00:00+00:00,1.0041355030000017,1.0048012080000017,1.0038899568000017,1.0047843740000018
2026-05-11 07:00:00+00:00,1.0045931700000017,1.0045931700000017,1.0035059889000018,1.0041141234000017
2026-05-11 08:00:00+00:00,1.0041309324000016,1.0048019200000016,1.0036456830000018,1.0036456830000018
2026-05-11 09:00:00+00:00,1.0037097440000016,1.0040731444000017,1.0033841844000018,1.0033841844000018
2026-05-11 10:00:00+00:00,1.0034628994000017,1.0039131952000016,1.0032361296000016,1.0036663962000016
2026-05-11 11:00:00+00:00,1.0039248120000017,1.0044474072000016,1.0038924665000017,1.0041454920000017
2026-05-11 12:00:00+00:00,1.0042074512000017,1.0048968165000016,1.0036256760000017,1.0041517866000016
2026-05-11 13:00:00+00:00,1.0044091125000016,1.0054266399000018,1.0043324352000016,1.0050724430000018
2026-05-11 14:00:00+00:00,1.0050975450000017,1.0057822496000017,1.0043647549000017,1.0057232992000016
2026-05-11 15:00:00+00:00,1.0055857278000018,1.0063604512000017,1.0055857278000018,1.0059648767000016
2026-05-11 16:00:00+00:00,1.0059323908000017,1.0061649636000016,1.0047634227000017,1.0049210941000017
2026-05-11 17:00:00+00:00,1.0050839832000016,1.0054429644000018,1.0047344784000016,1.0052971623000015
2026-05-11 18:00:00+00:00,1.0053632420000016,1.0060019340000017,1.0053358371000016,1.0053358371000016
2026-05-11 19:00:00+00:00,1.0053431988000017,1.0057165209000016,1.0052011879000018,1.0057165209000016
2026-05-11 20:00:00+00:00,1.0057112838000017,1.0060445673000016,1.0055348138000018,1.0056482154000017
2026-05-11 21:00:00+00:00,1.0047243569000017,1.0054861696000017,1.0046286990000017,1.0053495936000014
2026-05-11 22:00:00+00:00,1.0057393703000017,1.0058341433000018,1.0055859301000016,1.0057584800000015
2026-05-11 23:00:00+00:00,1.0057994600000018,1.0059434241000016,1.0053466492000016,1.0054160160000016
2026-05-12 00:00:00+00:00,1.0049608700000017,1.0051984674000016,1.0045187624000016,1.0045608006000017
2026-05-12 01:00:00+00:00,1.0048301118000016,1.0048490718000016,1.0033847552000017,1.0042608321000015
2026-05-12 02:00:00+00:00,1.0042818500000017,1.0048699500000018,1.0041122034000016,1.0047330590000016
2026-05-12 03:00:00+00:00,1.0046942685000015,1.0046942685000015,1.0041212880000017,1.0042063710000015
2026-05-12 04:00:00+00:00,1.0042884330000017,1.0048873733000017,1.0042400594000016,1.0045295520000015
2026-05-12 05:00:00+00:00,1.0045318207000016,1.0046475500000016,1.0038057276000016,1.0038741856000015
2026-05-12 06:00:00+00:00,1.0037248200000017,1.0038052560000017,1.0018475750000018,1.0018646820000017
2026-05-12 07:00:00+00:00,1.0018197536000015,1.0034257475000017,1.0018197536000015,1.0033338392000017
2026-05-12 08:00:00+00:00,1.0034614288000017,1.0039781505000016,1.0030956080000015,1.0034628695000016
2026-05-12 09:00:00+00:00,1.0033710015000017,1.0046876384000016,1.0030795915000015,1.0046510145000016
2026-05-12 10:00:00+00:00,1.0045131014000017,1.0050261072000015,1.0044602824000017,1.0047439233000017
2026-05-12 11:00:00+00:00,1.0047756968000017,1.0051315475000016,1.0044084335000016,1.0048858530000015
2026-05-12 12:00:00+00:00,1.0047953938000016,1.0053615650000014,1.0037927510000018,1.0050053711000018
2026-05-12 13:00:00+00:00,1.0049823360000016,1.0055995740000017,1.0038990240000016,1.0042555470000016
2026-05-12 14:00:00+00:00,1.0042264123000018,1.0057952640000016,1.0042264123000018,1.0054593226000017
2026-05-12 15:00:00+00:00,1.0053063227000016,1.0058116016000016,1.0044581850000016,1.0047718032000015
2026-05-12 16:00:00+00:00,1.0047096792000016,1.0049151226000017,1.0038184072000016,1.0038184072000016
2026-05-12 17:00:00+00:00,1.0038677880000015,1.0050344940000016,1.0038429159000015,1.0050286086000018
2026-05-12 18:00:00+00:00,1.0050716585000017,1.0058054304000017,1.0048539888000017,1.0054939839000017
2026-05-12 19:00:00+00:00,1.0056004150000017,1.0060302822000016,1.0054534350000017,1.0059668080000017
2026-05-12 20:00:00+00:00,1.0059088032000016,1.0060160175000017,1.0057748064000016,1.0058389290000016
2026-05-12 21:00:00+00:00,1.0058792220000017,1.0058792220000017,1.0050145392000016,1.0051849758000015
2026-05-12 22:00:00+00:00,1.0057023060000014,1.0059137997000014,1.0056234825000017,1.0056255371000016
2026-05-12 23:00:00+00:00,1.0056455400000015,1.0057568532000014,1.0054436266000015,1.0054483475000016
2026-05-13 00:00:00+00:00,1.0056061836000014,1.0056496464000015,1.0049555736000015,1.0051447770000015
2026-05-13 01:00:00+00:00,1.0051668240000016,1.0060646796000015,1.0046318400000016,1.0056661020000017
2026-05-13 02:00:00+00:00,1.0056398634000014,1.0056399340000015,1.0049174233000016,1.0049237424000015
2026-05-13 03:00:00+00:00,1.0048827318000015,1.0049309580000014,1.0043707594000015,1.0046153052000015
2026-05-13 04:00:00+00:00,1.0046667384000014,1.0049586060000015,1.0045627185000017,1.0048902210000015
2026-05-13 05:00:00+00:00,1.0049512582000015,1.0056790548000016,1.0049049156000014,1.0056790548000016
2026-05-13 06:00:00+00:00,1.0055684093000015,1.0059758660000016,1.0052963459000015,1.0056148550000015
2026-05-13 07:00:00+00:00,1.0057514418000018,1.0063615380000015,1.0055605392000015,1.0055605392000015
2026-05-13 08:00:00+00:00,1.0057047646000017,1.0064318574000017,1.0057047646000017,1.0061132235000017
2026-05-13 09:00:00+00:00,1.0062623385000016,1.0065753180000017,1.0058626800000017,1.0065753180000017
2026-05-13 10:00:00+00:00,1.0065711832000015,1.0066251132000015,1.0059442470000015,1.0064190276000013
2026-05-13 11:00:00+00:00,1.0065157920000016,1.0071206278000013,1.0064273229000016,1.0069691250000017
2026-05-13 12:00:00+00:00,1.0069154893000014,1.0070890668000014,1.0057600676000016,1.0059315980000016
2026-05-13 13:00:00+00:00,1.0061767815000016,1.0075881168000016,1.0061767815000016,1.0074975855000015
2026-05-13 14:00:00+00:00,1.0075278692000016,1.0086855735000015,1.0073044343000015,1.0086855735000015
2026-05-13 15:00:00+00:00,1.0087182130000014,1.0098120012000016,1.0083665916000015,1.0092371975000016
2026-05-13 16:00:00+00:00,1.0092592440000017,1.0096444260000015,1.0091349330000015,1.0091614880000017
2026-05-13 17:00:00+00:00,1.0091783163000017,1.0095847524000015,1.0088897900000016,1.0088897900000016
2026-05-13 18:00:00+00:00,1.0088992520000015,1.0095290202000016,1.0088992520000015,1.0093404160000017
2026-05-13 19:00:00+00:00,1.0094142240000015,1.0094437080000014,1.0081601780000016,1.0081601780000016
2026-05-13 20:00:00+00:00,1.0081885968000015,1.0090256630000014,1.0080220800000015,1.0087918956000015
2026-05-13 21:00:00+00:00,1.0086023990000015,1.0086097680000015,1.0081623618000015,1.0083886965000017
2026-05-13 22:00:00+00:00,1.0088687700000016,1.0090561015000017,1.0087519038000017,1.0089908585000016
2026-05-13 23:00:00+00:00,1.0090066634000014,1.0090424166000016,1.0081265376000015,1.0083307850000016
2026-05-14 00:00:00+00:00,1.0082612672000018,1.0086455676000015,1.0077620940000016,1.0079991243000015
2026-05-14 01:00:00+00:00,1.0078600896000016,1.0079065128000015,1.0074080840000015,1.0074460718000016
2026-05-14 02:00:00+00:00,1.0073386062000016,1.0082423036000014,1.0073018157000018,1.0081769946000014
2026-05-14 03:00:00+00:00,1.0081906828000016,1.0084454272000016,1.0077420784000017,1.0082284692000016
2026-05-14 04:00:00+00:00,1.0082158176000016,1.0088813292000016,1.0081191152000015,1.0086455676000015
2026-05-14 05:00:00+00:00,1.0086876800000015,1.0093982240000017,1.0083960058000014,1.0086171370000017
2026-05-14 06:00:00+00:00,1.0088856208000014,1.0094549960000014,1.0087982300000016,1.0091213349000017
2026-05-14 07:00:00+00:00,1.0091213349000017,1.0091762332000016,1.0074323610000016,1.0074323610000016
2026-05-14 08:00:00+00:00,1.0076034978000015,1.0082960084000017,1.0074569436000016,1.0081496802000016
2026-05-14 09:00:00+00:00,1.0081570905000017,1.0081570905000017,1.0071228255000015,1.0074797818000019
2026-05-14 10:00:00+00:00,1.0075588273000016,1.0079199224000015,1.0071274185000019,1.0076900707000014
2026-05-14 11:00:00+00:00,1.0074137856000016,1.0079868865000017,1.0074114655000017,1.0074983700000015
2026-05-14 12:00:00+00:00,1.0072413710000014,1.0083668319000014,1.0071379341000015,1.0071379341000015
2026-05-14 13:00:00+00:00,1.0070684143000015,1.0070684143000015,1.0052825544000015,1.0053896832000015
2026-05-14 14:00:00+00:00,1.0055669358000014,1.0066307438000017,1.0051586518000015,1.0066307438000017
2026-05-14 15:00:00+00:00,1.0064631210000017,1.0067275535000015,1.0055534286000016,1.0057080684000017
2026-05-14 16:00:00+00:00,1.0057300806000016,1.0058161952000015,1.0049034996000017,1.0050978765000016
2026-05-14 17:00:00+00:00,1.0052437747000016,1.0058124195000016,1.0052011376000016,1.0055754387000018
2026-05-14 18:00:00+00:00,1.0054735027000017,1.0057607850000017,1.0053396340000016,1.0057169280000018
2026-05-14 19:00:00+00:00,1.0058080032000019,1.0058470740000016,1.0048974654000016,1.0050874314000016
2026-05-14 20:00:00+00:00,1.0051212152000015,1.0051916679000017,1.0046097994000016,1.0047335010000016
2026-05-14 21:00:00+00:00,1.0044303420000014,1.0046621000000016,1.0042771662000016,1.0044372480000014
2026-05-14 22:00:00+00:00,1.0048152859000015,1.0049155974000015,1.0044675542000017,1.0048368503000016
2026-05-14 23:00:00+00:00,1.0048378236000015,1.0050729744000013,1.0042650834000015,1.0042650834000015
2026-05-15 00:00:00+00:00,1.0043447358000015,1.0048859786000015,1.0036271700000015,1.0039591038000015
2026-05-15 01:00:00+00:00,1.0038466500000016,1.0041099864000016,1.0019016280000015,1.0019016280000015
2026-05-15 02:00:00+00:00,1.0019436760000016,1.0030637808000016,1.0016773903000016,1.0024097474000015
2026-05-15 03:00:00+00:00,1.0026695268000017,1.0026695268000017,1.0020811450000016,1.0026016697000015
2026-05-15 04:00:00+00:00,1.0025366260000015,1.0025988208000016,1.0013936700000015,1.0013936700000015
2026-05-15 05:00:00+00:00,1.0012315173000015,1.0012315173000015,0.9987728400000015,0.9987728400000015
2026-05-15 06:00:00+00:00,0.9988269284000014,0.9993981767000018,0.9982182940000014,0.9989125824000017
2026-05-15 07:00:00+00:00,0.9988932296000015,1.0002295998000015,0.9988932296000015,0.9994961620000016
2026-05-15 08:00:00+00:00,0.9995429610000016,0.9995429610000016,0.9979836255000015,0.9981822976000014
2026-05-15 09:00:00+00:00,0.9980207776000014,0.9981096148000015,0.9964651566000015,0.9972700932000016
2026-05-15 10:00:00+00:00,0.9974405935000015,1.0002290560000016,0.9970377444000015,0.9999379260000014
2026-05-15 11:00:00+00:00,0.9998650660000014,0.9998650660000014,0.9977283204000015,0.9978066448000015
2026-05-15 12:00:00+00:00,0.9976830451000014,0.9981886509000016,0.9971136299000014,0.9980820432000016
2026-05-15 13:00:00+00:00,0.9979696676000014,0.9987248201000014,0.9975911372000016,0.9975911372000016
2026-05-15 14:00:00+00:00,0.9976222685000016,0.9998475450000015,0.9976222685000016,0.9986473893000014
2026-05-15 15:00:00+00:00,0.9988438390000017,0.9988438390000017,0.9973831228000015,0.9975085988000014
2026-05-15 16:00:00+00:00,0.9975125688000014,0.9976056427000015,0.9970735600000016,0.9971677400000015
2026-05-15 17:00:00+00:00,0.9971597792000017,0.9980530900000014,0.9971597792000017,0.9979074720000015
2026-05-15 18:00:00+00:00,0.9980536168000014,0.9983826120000016,0.9977481504000016,0.9980239104000017
2026-05-15 19:00:00+00:00,0.9979939590000015,0.9980286960000015,0.9974527466000016,0.9975940481000017
2026-05-15 20:00:00+00:00,0.9973856555000016,0.9976437460000016,0.9961183785000014,0.9962532738000013
2026-05-17 21:00:00+00:00,0.9963493551000012,0.9994742004000015,0.9963493551000012,0.9988843422000016
2026-05-17 22:00:00+00:00,0.9985934742000017,0.9999406088000016,0.9985934742000017,0.9996739168000013
2026-05-17 23:00:00+00:00,0.9996957412000014,0.9997232250000014,0.9973462790000015,0.9975937970000015
2026-05-18 00:00:00+00:00,0.9973910037000013,0.9975243264000014,0.9962629028000014,0.9967410045000014
2026-05-18 01:00:00+00:00,0.9966955024000014,0.9972982624000015,0.9962958190000014,0.9968717921000013
2026-05-18 02:00:00+00:00,0.9968519097000013,0.9973188470000014,0.9964775315000012,0.9966010068000015
2026-05-18 03:00:00+00:00,0.9968511510000014,0.9974866720000014,0.9964350165000015,0.9974866720000014
2026-05-18 04:00:00+00:00,0.9973904850000015,0.9977948750000012,0.9971775680000013,0.9971890008000015
2026-05-18 05:00:00+00:00,0.9970928054000014,0.9975255592000014,0.9967068677000013,0.9971431470000014
2026-05-18 06:00:00+00:00,0.9972152377000014,0.9988317577000013,0.9971187498000015,0.9988317577000013
2026-05-18 07:00:00+00:00,0.9987889818000015,0.9997070944000015,0.9986152200000012,0.9994175424000015
2026-05-18 08:00:00+00:00,0.9996800020000014,1.0003608090000013,0.9988713214000015,0.9996839081000013
2026-05-18 09:00:00+00:00,0.9997460946000013,1.0003823720000011,0.9994146228000015,0.9998221275000014
2026-05-18 10:00:00+00:00,0.9997316244000014,0.9998235968000013,0.9988826736000014,0.9989772317000015
2026-05-18 11:00:00+00:00,0.9990297240000013,1.0013177356000014,0.9987833464000014,1.0006376254000016
2026-05-18 12:00:00+00:00,1.0007094045000013,1.0028201628000017,1.0005499500000012,1.0025970240000015
2026-05-18 13:00:00+00:00,1.0026515392000013,1.0027947776000015,1.0014086572000014,1.0022837006000014
2026-05-18 14:00:00+00:00,1.0019818710000015,1.0019818710000015,0.9999018150000012,1.0001094428000015
2026-05-18 15:00:00+00:00,1.0001570810000013,1.0003767690000014,0.9993045482000014,1.0001976840000015
2026-05-18 16:00:00+00:00,1.0001864558000013,1.0007639100000014,0.9998547076000014,1.0004840831000015
2026-05-18 17:00:00+00:00,1.0003428630000013,1.0007810439000018,1.0003428630000013,1.0005120636000013
2026-05-18 18:00:00+00:00,1.0004579964000013,1.0004579964000013,0.9992673702000013,0.9993538471000014
2026-05-18 19:00:00+00:00,0.9993433340000012,1.0017611724000013,0.9993433340000012,1.0011757470000013
2026-05-18 20:00:00+00:00,1.0012443865000014,1.0014866684000014,1.0010552020000016,1.0010899488000014
2026-05-18 21:00:00+00:00,1.0004122754000015,1.0014768981000015,1.0001185170000015,1.0011937351000015
2026-05-18 22:00:00+00:00,1.0017943694000018,1.0019921220000014,1.0015797909000015,1.0019337300000013
2026-05-18 23:00:00+00:00,1.0019757824000015,1.0024682040000015,1.0017064344000013,1.0017064344000013
2026-05-19 00:00:00+00:00,1.0016463296000016,1.0016463296000016,0.9996916125000014,0.9997328250000013
2026-05-19 01:00:00+00:00,0.9995631420000014,0.9998685606000014,0.9984583200000016,0.9989934177000015
2026-05-19 02:00:00+00:00,0.9989432851000016,0.9989481480000014,0.9981495645000014,0.9983470160000012
2026-05-19 03:00:00+00:00,0.9981926344000013,0.9986136820000012,0.9977296776000013,0.9977296776000013
2026-05-19 04:00:00+00:00,0.9977247839000013,0.9979163082000011,0.9968664420000012,0.9970572964000012
2026-05-19 05:00:00+00:00,0.9972401076000011,0.9973552270000012,0.9964953999000011,0.9970558132000011
2026-05-19 06:00:00+00:00,0.9968642844000013,0.997382335600001,0.9966826072000012,0.9972812836000011
2026-05-19 07:00:00+00:00,0.997219643000001,0.9974419992000011,0.9963045756000011,0.9963045756000011
2026-05-19 08:00:00+00:00,0.9961717500000011,0.996285112200001,0.9952513506000012,0.9959595195000012
2026-05-19 09:00:00+00:00,0.9957207330000012,0.9960044531000013,0.9952278376000012,0.9959387076000014
2026-05-19 10:00:00+00:00,0.9959814270000011,0.9968748405000012,0.9957321990000012,0.9959943759000013
2026-05-19 11:00:00+00:00,0.9961789188000012,0.9961789188000012,0.9950101158000011,0.9953677872000013
2026-05-19 12:00:00+00:00,0.995049498000001,0.9973408500000011,0.995049498000001,0.995958285000001
2026-05-19 13:00:00+00:00,0.9960256260000011,0.9960944016000011,0.9941570800000011,0.9952068475000011
2026-05-19 14:00:00+00:00,0.9948558500000012,0.9950614360000012,0.9915017112000012,0.9922552330000012
2026-05-19 15:00:00+00:00,0.9923921721000011,0.993440518400001,0.9919570832000011,0.9932642820000012
2026-05-19 16:00:00+00:00,0.9932455838000012,0.9944824280000012,0.9930136062000011,0.994318172400001
2026-05-19 17:00:00+00:00,0.994399130400001,0.995186913000001,0.994399130400001,0.9947269408000012
2026-05-19 18:00:00+00:00,0.9947297570000011,0.9948127692000011,0.993684733600001,0.9937078857000011
2026-05-19 19:00:00+00:00,0.9939586680000012,0.9941865525000011,0.9936977721000011,0.9940737996000011
2026-05-19 20:00:00+00:00,0.9940564725000011,0.9941353244000012,0.993308622800001,0.993344787300001
2026-05-19 21:00:00+00:00,0.992765760000001,0.993486419000001,0.992765760000001,0.993318687000001
2026-05-19 22:00:00+00:00,0.993359984800001,0.993535588500001,0.9931994880000008,0.993377288800001
2026-05-19 23:00:00+00:00,0.993453923000001,0.993954627500001,0.993328257200001,0.993328257200001
2026-05-20 00:00:00+00:00,0.9931581543000008,0.993509731300001,0.9923691264000011,0.9923691264000011
2026-05-20 01:00:00+00:00,0.9925832475000012,0.993447365000001,0.991862786400001,0.993447365000001
2026-05-20 02:00:00+00:00,0.9934408476000013,0.9939328224000011,0.9924684200000009,0.992685566000001
2026-05-20 03:00:00+00:00,0.992548809500001,0.9938178135000009,0.992548809500001,0.993645597100001
2026-05-20 04:00:00+00:00,0.994047820300001,0.9943436772000007,0.9933167783000011,0.993481062000001
2026-05-20 05:00:00+00:00,0.9936555525000013,0.9939587980000011,0.993229855200001,0.993738746800001
2026-05-20 06:00:00+00:00,0.9938508587000008,0.9951084642000012,0.9937306575000008,0.9946154040000009
2026-05-20 07:00:00+00:00,0.9944923194000008,0.9956475024000011,0.9944923194000008,0.9954532746000009
2026-05-20 08:00:00+00:00,0.9956575776000011,0.9961899771000011,0.995052993200001,0.996087035900001
2026-05-20 09:00:00+00:00,0.9960841779000009,0.996646060800001,0.9959145123000008,0.996559067700001
2026-05-20 10:00:00+00:00,0.9967678122000012,0.997803424800001,0.9967678122000012,0.997649100800001
2026-05-20 11:00:00+00:00,0.9975397758000011,0.9978864910000012,0.996932492600001,0.996932492600001
2026-05-20 12:00:00+00:00,0.997232963800001,0.998128552800001,0.996981730400001,0.9970517578000009
2026-05-20 13:00:00+00:00,0.9971595119000007,0.997746145700001,0.9963132942000009,0.997408197500001
2026-05-20 14:00:00+00:00,0.9973660800000009,0.9997582600000008,0.9967917568000012,0.9995044680000009
2026-05-20 15:00:00+00:00,0.999625548600001,1.001497543200001,0.9993562720000008,0.999634213000001
2026-05-20 16:00:00+00:00,0.9997132416000007,1.0004406600000006,0.9992340891000009,1.000164320400001
2026-05-20 17:00:00+00:00,1.000132035400001,1.000599283800001,1.0000180233000011,1.0002365611000013
2026-05-20 18:00:00+00:00,1.000269698000001,1.000864408800001,1.000159704600001,1.000668636000001
2026-05-20 19:00:00+00:00,1.000886538600001,1.000962504800001,1.000318387200001,1.0004546604000009
2026-05-20 20:00:00+00:00,1.000223475600001,1.000277183400001,0.999478936600001,0.999478936600001
2026-05-20 21:00:00+00:00,0.998306615900001,0.9998439696000009,0.998091624000001,0.9995464882000008
2026-05-20 22:00:00+00:00,0.9999159488000012,0.9999159488000012,0.999474200400001,0.9997602030000009
2026-05-20 23:00:00+00:00,0.999787674600001,0.9998378044000013,0.9995081900000012,0.9995502174000009
2026-05-21 00:00:00+00:00,0.9994548740000009,0.9995550520000008,0.9991493330000011,0.999444364800001
2026-05-21 01:00:00+00:00,0.999437899900001,1.000270084000001,0.995356663200001,0.9960728802000008
2026-05-21 02:00:00+00:00,0.9963853074000008,0.996747232600001,0.994145421800001,0.9949657872000007
2026-05-21 03:00:00+00:00,0.995135926700001,0.9965105798000008,0.995135926700001,0.9964968261000007
2026-05-21 04:00:00+00:00,0.9965163504000009,0.9978096003000009,0.9965163504000009,0.997551340000001
2026-05-21 05:00:00+00:00,0.9976178336000012,0.997650318600001,0.9963955913000008,0.997230778800001
2026-05-21 06:00:00+00:00,0.997416822600001,0.9976078602000011,0.9952249680000009,0.9957266189000007
2026-05-21 07:00:00+00:00,0.9958561872000008,0.9974741568000008,0.9956452333000011,0.9971597824000009
2026-05-21 08:00:00+00:00,0.9970590528000011,0.999189936400001,0.9970590528000011,0.998567880800001
2026-05-21 09:00:00+00:00,0.9986159738000009,0.9997012058000008,0.9986159738000009,0.9990535918000011
2026-05-21 10:00:00+00:00,0.9990883680000011,0.9994258008000008,0.9968707200000011,0.9974113050000011
2026-05-21 11:00:00+00:00,0.997583623200001,0.9988928778000012,0.9975092890000008,0.997809932000001
2026-05-21 12:00:00+00:00,0.9980670930000007,0.9987753439000012,0.9976739772000013,0.9981892533000009
2026-05-21 13:00:00+00:00,0.9982463808000009,0.999768467100001,0.9978868416000009,0.9996647856000009
2026-05-21 14:00:00+00:00,0.9997099120000009,1.000797600000001,0.9992166580000007,1.000707883200001
2026-05-21 15:00:00+00:00,1.000490214800001,1.000622544600001,0.999325500000001,1.000224129900001
2026-05-21 16:00:00+00:00,1.000462658400001,1.000910565600001,1.000426657100001,1.0005493792000013
2026-05-21 17:00:00+00:00,1.000605233000001,1.004137446000001,1.0004937487000012,1.0035543775000013
2026-05-21 18:00:00+00:00,1.0036788928000009,1.0036788928000009,1.001351424000001,1.0017913788000012
2026-05-21 19:00:00+00:00,1.0018306359000009,1.002838467500001,1.001782554000001,1.0025079136000012
2026-05-21 20:00:00+00:00,1.002652092900001,1.002652092900001,1.001644834400001,1.001644834400001
2026-05-21 21:00:00+00:00,1.0005908400000008,1.0013260815000014,1.0002600656000014,1.0002600656000014
2026-05-21 22:00:00+00:00,1.0012346520000013,1.0015179966000014,1.0012136138000014,1.0013738644000012
2026-05-21 23:00:00+00:00,1.0013917572000015,1.0014053192000012,1.0008141824000012,1.0009632700000013
2026-05-22 00:00:00+00:00,1.0008831480000016,1.0013418573000012,1.0005641022000014,1.0005641022000014
2026-05-22 01:00:00+00:00,1.0005242996000014,1.0009795584000014,1.0000672332000013,1.0004068020000014
2026-05-22 02:00:00+00:00,1.0005779071000012,1.0011512736000014,1.0005308040000014,1.0007279628000014
2026-05-22 03:00:00+00:00,1.0007547669000014,1.0009741785000013,1.0002408636000015,1.0009741785000013
2026-05-22 04:00:00+00:00,1.0009075119000013,1.0010646428000014,1.0006926125000013,1.0009028100000013
2026-05-22 05:00:00+00:00,1.0009629300000014,1.0015767370000013,1.0007631816000013,1.0007929706000014
2026-05-22 06:00:00+00:00,1.0008516434000012,1.0011099520000013,1.0001118686000012,1.0003125814000013
2026-05-22 07:00:00+00:00,1.0000980150000014,1.0001742540000012,0.9995155940000013,1.0001291526000011
2026-05-22 08:00:00+00:00,0.9999434992000014,1.0009745775000014,0.9996052464000014,0.9996052464000014
2026-05-22 09:00:00+00:00,0.9996125038000012,0.9997760043000015,0.9989963176000014,0.9994916862000014
2026-05-22 10:00:00+00:00,0.9997868646000013,0.9999849093000014,0.9993413144000013,0.9993833850000015
2026-05-22 11:00:00+00:00,0.9994820274000011,0.9994820274000011,0.9987788853000011,0.9991392576000013
2026-05-22 12:00:00+00:00,0.9992902392000014,1.0007496782000014,0.9989997018000013,1.0007496782000014
2026-05-22 13:00:00+00:00,1.0006647680000014,1.0013512600000012,0.9994709142000012,0.9999689512000013
2026-05-22 14:00:00+00:00,0.9992100608000013,1.0013053960000013,0.9989597460000014,1.0011970211000012
2026-05-22 15:00:00+00:00,1.0011690706000014,1.0020154110000015,1.0010575575000014,1.0016774908000012
2026-05-22 16:00:00+00:00,1.0016613360000013,1.0020266352000013,1.0014494259000015,1.0015656210000015
2026-05-22 17:00:00+00:00,1.0017333684000014,1.0024718935000012,1.0014356286000012,1.0020855532000015
2026-05-22 18:00:00+00:00,1.0021407516000014,1.0021407516000014,1.0016092071000013,1.0020172959000013
2026-05-22 19:00:00+00:00,1.0020434375000014,1.0020434375000014,1.0011045872000013,1.0015609006000015
2026-05-22 20:00:00+00:00,1.0015332938000014,1.0016116800000012,1.0005881080000012,1.0005881080000012
2026-05-24 21:00:00+00:00,1.0006157150000012,1.0009702262000013,0.9998996920000014,1.0008086462000017
2026-05-24 22:00:00+00:00,1.0017394650000015,1.0021000390000017,1.0006809560000016,1.0011079232000017
2026-05-24 23:00:00+00:00,1.0013915306000016,1.0016391060000016,1.0010508756000018,1.0010554776000018
2026-05-25 00:00:00+00:00,1.0011113997000018,1.0020895765000017,1.0008355792000017,1.001363412000002
2026-05-25 01:00:00+00:00,1.0015899216000017,1.0027290661000017,1.0015899216000017,1.0020447348000017
2026-05-25 02:00:00+00:00,1.0021457516000019,1.002632488000002,1.0018143360000018,1.0018608768000017
2026-05-25 03:00:00+00:00,1.0019633400000016,1.0021576986000018,1.0017858335000018,1.0020568305000017
2026-05-25 04:00:00+00:00,1.0020343704000019,1.0030900668000018,1.0019987945000017,1.0029803000000017
2026-05-25 05:00:00+00:00,1.0028894620000017,1.0032331892000017,1.002699256900002,1.002703707000002
2026-05-25 06:00:00+00:00,1.002920999600002,1.003301082300002,1.002700188000002,1.002814220600002
2026-05-25 07:00:00+00:00,1.0027762920000018,1.0028589351000017,1.001573111000002,1.0024744722000019
2026-05-25 08:00:00+00:00,1.002362139900002,1.0032601008000017,1.002362139900002,1.003135277100002
2026-05-25 09:00:00+00:00,1.0031483907000018,1.0034481067000018,1.003134329600002,1.0032652574000018
2026-05-25 10:00:00+00:00,1.003407888000002,1.0036107249000017,1.003098733500002,1.0032034236000018
2026-05-25 11:00:00+00:00,1.0031917042000018,1.003841579000002,1.0031382144000018,1.003441554000002
2026-05-25 12:00:00+00:00,1.0033811549000018,1.0037383968000018,1.0029730375000017,1.003107456000002
2026-05-25 13:00:00+00:00,1.003001373000002,1.003432378900002,1.003001373000002,1.0031501835000018
2026-05-25 14:00:00+00:00,1.0032171141000017,1.0038908490000018,1.0029767220000019,1.003858923200002
2026-05-25 15:00:00+00:00,1.003763759200002,1.0039494597000018,1.002794461000002,1.0028511282000019
2026-05-25 16:00:00+00:00,1.0027407170000018,1.0033416096000018,1.0026651726000018,1.0033416096000018
2026-05-25 17:00:00+00:00,1.0033278024000019,1.0037252800000018,1.003252952000002,1.0036395600000017
2026-05-25 18:00:00+00:00,1.0036046764000017,1.003678819200002,1.0035029160000017,1.0036570140000018
2026-05-25 19:00:00+00:00,1.0036570140000018,1.0037115187000019,1.0034272980000019,1.0034272980000019
2026-05-25 20:00:00+00:00,1.0034476372000019,1.0036068273000016,1.0031534019000017,1.0031534019000017
2026-05-25 21:00:00+00:00,1.0021290747000018,1.003048744600002,1.0021290747000018,1.0027988445000018
2026-05-25 22:00:00+00:00,1.0032478687000017,1.0035210623000022,1.0032442272000017,1.0034542297000022
2026-05-25 23:00:00+00:00,1.003557407800002,1.003645310000002,1.002899696600002,1.002899696600002
2026-05-26 00:00:00+00:00,1.002813150000002,1.0030843684000021,1.0026088368000021,1.003028418500002
2026-05-26 01:00:00+00:00,1.0029390372000022,1.0030742048000019,1.0022954040000023,1.002629907300002
2026-05-26 02:00:00+00:00,1.0026168045000021,1.0029038420000018,1.0024014517000022,1.002807156600002
2026-05-26 03:00:00+00:00,1.0028050296000022,1.0035101934000021,1.0028050296000022,1.003329222500002
2026-05-26 04:00:00+00:00,1.003329943800002,1.0034120795000019,1.002260956000002,1.002260956000002
2026-05-26 05:00:00+00:00,1.0022012262000022,1.0024046736000018,1.001767782400002,1.002306251100002
2026-05-26 06:00:00+00:00,1.002277926000002,1.003209138000002,1.0022496013000022,1.002905071000002
2026-05-26 07:00:00+00:00,1.002851924100002,1.002876509400002,1.001543615600002,1.002175965000002
2026-05-26 08:00:00+00:00,1.001821185000002,1.002288880800002,1.001819463900002,1.002073639700002
2026-05-26 09:00:00+00:00,1.0020532860000022,1.002181095000002,1.001533566400002,1.001854462500002
2026-05-26 10:00:00+00:00,1.001957506900002,1.0024246160000019,1.0016711521000021,1.0021333833000021
2026-05-26 11:00:00+00:00,1.0021617070000022,1.002920491000002,1.0020788860000023,1.002810478800002
2026-05-26 12:00:00+00:00,1.002697597200002,1.003940352000002,1.002697597200002,1.003763946000002
2026-05-26 13:00:00+00:00,1.0037915880000021,1.004447728400002,1.002678411000002,1.002962196000002
2026-05-26 14:00:00+00:00,1.0028793408000019,1.003359741800002,1.0025532527000023,1.002901128000002
2026-05-26 15:00:00+00:00,1.002980164500002,1.003070845000002,1.001702060800002,1.0017479325000018
2026-05-26 16:00:00+00:00,1.001797313400002,1.002749074200002,1.001797313400002,1.002603252300002
2026-05-26 17:00:00+00:00,1.002579379200002,1.003011048100002,1.002473551200002,1.002955071200002
2026-05-26 18:00:00+00:00,1.002957147500002,1.003557053200002,1.002781602900002,1.003386290800002
2026-05-26 19:00:00+00:00,1.003266892000002,1.0038165852000018,1.003266892000002,1.003286892300002
2026-05-26 20:00:00+00:00,1.003220808000002,1.003461344800002,1.0030795200000022,1.0030795200000022
2026-05-26 21:00:00+00:00,1.0023946008000022,1.002928622400002,1.002393891200002,1.0025516215000023
2026-05-26 22:00:00+00:00,1.0030297089000022,1.0032235140000023,1.0028841875000023,1.0029707688000022
2026-05-26 23:00:00+00:00,1.0031451988000024,1.0035843300000025,1.0029737520000024,1.0033306647000024
2026-05-27 00:00:00+00:00,1.003332152400002,1.0042695201000025,1.0031627008000024,1.0039208389000023
2026-05-27 01:00:00+00:00,1.0039193755000024,1.0044107789000023,1.0013882052000025,1.0017677824000022
2026-05-27 02:00:00+00:00,1.0017753948000023,1.0026495600000023,1.0015747564000026,1.0023120192000023
2026-05-27 03:00:00+00:00,1.0022663772000024,1.0028560064000025,1.0017905898000024,1.0020661712000025
2026-05-27 04:00:00+00:00,1.0020575264000022,1.0024393743000024,1.0018313400000025,1.0020498495000025
2026-05-27 05:00:00+00:00,1.0020098150000023,1.0022242410000024,1.0015553558000023,1.0015553558000023
2026-05-27 06:00:00+00:00,1.0013999736000023,1.0017642272000025,1.0006797336000022,1.0007437272000024
2026-05-27 07:00:00+00:00,1.0007772255000025,1.0011439584000024,0.9999673652000023,1.0002594397000022
2026-05-27 08:00:00+00:00,1.0003113408000024,1.0007711238000023,0.9998554792000023,1.0007526300000023
2026-05-27 09:00:00+00:00,1.0005543301000024,1.0009937916000025,1.0002888708000024,1.0005382576000021
2026-05-27 10:00:00+00:00,1.0006165680000023,1.0009380006000024,1.0000776375000022,1.0002292305000025
2026-05-27 11:00:00+00:00,1.0001635532000024,1.0004059989000025,0.9996932400000024,0.9998409960000023
2026-05-27 12:00:00+00:00,0.9996202550000023,1.0013124814000025,0.9989176855000024,0.9996732632000023
2026-05-27 13:00:00+00:00,0.9999215688000024,1.0004503550000023,0.9996899220000024,1.0001120092000022
2026-05-27 14:00:00+00:00,1.0000532664000024,1.0004434154000024,0.9991784844000022,1.0002848887000024
2026-05-27 15:00:00+00:00,1.0003149585000024,1.0007487549000025,0.9996918932000023,1.0000746621000025
2026-05-27 16:00:00+00:00,1.0001607962000023,1.000593904900002,0.9999277200000024,1.0002694416000022
2026-05-27 17:00:00+00:00,1.0003266719000024,1.0003349412000022,0.9997053048000024,1.0000752900000023
2026-05-27 18:00:00+00:00,1.0000488792000024,1.0008770640000024,0.9999935484000023,1.0008770640000024
2026-05-27 19:00:00+00:00,1.0007946743000022,1.0011440160000025,1.0006958316000023,1.0010480331000022
2026-05-27 20:00:00+00:00,1.0010473940000022,1.001642670300002,1.0009626576000024,1.0014721604000023
2026-05-27 21:00:00+00:00,1.0003588605000022,1.0015583583000027,1.0001377408000027,1.0012755370000026
2026-05-27 22:00:00+00:00,1.0016137259000026,1.0017587496000027,1.0015139560000026,1.0016501916000027
2026-05-27 23:00:00+00:00,1.0016640319000025,1.0019172024000027,1.0008382566000027,1.0008527130000027
2026-05-28 00:00:00+00:00,1.0005499047000028,1.0012271836000026,1.0004987310000029,1.0008961380000028
2026-05-28 01:00:00+00:00,1.0007377729000027,1.001086439000003,0.9994529672000029,0.9996544026000027
2026-05-28 02:00:00+00:00,0.9996316099000028,1.0003780270000027,0.9995767632000029,1.0002377261000028
2026-05-28 03:00:00+00:00,1.0003184979000026,1.0005588520000028,0.9980528677000028,0.9983092176000026
2026-05-28 04:00:00+00:00,0.9983703237000027,0.9984600000000029,0.9976960884000028,0.9981160101000027
2026-05-28 05:00:00+00:00,0.9978398075000026,0.9999361266000028,0.9978398075000026,0.9995765519000026
2026-05-28 06:00:00+00:00,0.9995133368000026,1.0004129568000029,0.9995133368000026,0.9996552846000026
2026-05-28 07:00:00+00:00,0.9999146000000027,1.0001458920000028,0.9996760236000026,1.0000934658000027
2026-05-28 08:00:00+00:00,1.0001976808000028,1.0002135241000027,0.9995156469000027,0.9998449851000027
2026-05-28 09:00:00+00:00,0.9997751125000028,1.0008502959000025,0.9997751125000028,1.0006516289000027
2026-05-28 10:00:00+00:00,1.0006538805000027,1.0008902103000028,0.9993631200000026,0.9993631200000026
2026-05-28 11:00:00+00:00,0.9995733104000026,0.9997252707000026,0.9991189712000026,0.9991713144000027
2026-05-28 12:00:00+00:00,0.9992573010000027,1.0006635540000026,0.9992457330000026,1.0006630488000026
2026-05-28 13:00:00+00:00,1.0008236772000025,1.0009747238000026,0.9997949839000028,1.0003361316000028
2026-05-28 14:00:00+00:00,1.0002909252000025,1.0024490476000025,1.0002909252000025,1.0011148914000025
2026-05-28 15:00:00+00:00,1.0014509475000026,1.0018904420000025,1.0010496929000026,1.0010496929000026
2026-05-28 16:00:00+00:00,1.0011063095000026,1.0021080468000025,1.0010712305000027,1.0018981360000025
2026-05-28 17:00:00+00:00,1.0018291680000027,1.0018291680000027,1.0010030034000028,1.0010762732000027
2026-05-28 18:00:00+00:00,1.0010602830000026,1.0011175340000027,1.0003680306000027,1.0005784299000027
2026-05-28 19:00:00+00:00,1.0005704400000026,1.0007010306000026,1.0002887232000026,1.0003977628000027
2026-05-28 20:00:00+00:00,1.0003223100000027,1.0007359488000027,1.0003223100000027,1.0004514410000027
2026-05-28 21:00:00+00:00,0.9999566160000026,1.0007256600000027,0.9991920384000028,1.0007256600000027
2026-05-28 22:00:00+00:00,1.000726395700003,1.0008563400000028,1.0006604090000029,1.0007039630000027
2026-05-28 23:00:00+00:00,1.000793843400003,1.000905591600003,1.0005348801000027,1.0007228088000029
2026-05-29 00:00:00+00:00,1.0006828363000029,1.0010781050000028,1.000092317900003,1.000360047600003
2026-05-29 01:00:00+00:00,1.000584225000003,1.000723320800003,0.9999689512000028,1.000501546100003
2026-05-29 02:00:00+00:00,1.000326651000003,1.000638632000003,0.999771630000003,1.000068339200003
2026-05-29 03:00:00+00:00,1.000044357800003,1.000187983800003,0.9998519112000029,0.9999454570000029
2026-05-29 04:00:00+00:00,1.000177055600003,1.0011503855000028,1.0000856322000027,1.0011503855000028
2026-05-29 05:00:00+00:00,1.0011032080000029,1.001366550600003,1.000935466800003,1.001061812100003
2026-05-29 06:00:00+00:00,1.0011648660000028,1.001440650000003,1.000772648500003,1.0011314592000027
2026-05-29 07:00:00+00:00,1.0010660682000028,1.0018204776000028,1.000677483000003,1.001654682000003
2026-05-29 08:00:00+00:00,1.001596280000003,1.001596280000003,1.0005063260000029,1.000898426000003
2026-05-29 09:00:00+00:00,1.0009529640000028,1.0015491876000029,1.000665437900003,1.001452518300003
2026-05-29 10:00:00+00:00,1.001413165500003,1.0018419887000027,1.0012028836000029,1.0017919080000028
2026-05-29 11:00:00+00:00,1.002070916000003,1.002953565600003,1.0020163712000028,1.0028961864000028
2026-05-29 12:00:00+00:00,1.002920867200003,1.005564171700003,1.002920867200003,1.005439184700003
2026-05-29 13:00:00+00:00,1.005448650000003,1.006406394000003,1.004928142500003,1.006248180000003
2026-05-29 14:00:00+00:00,1.006391603700003,1.006522721100003,1.0039818708000028,1.004415397800003
2026-05-29 15:00:00+00:00,1.004484211500003,1.0058979092000029,1.004203570500003,1.004505462600003
2026-05-29 16:00:00+00:00,1.0045281060000029,1.0055542161000028,1.0045281060000029,1.005402850000003
2026-05-29 17:00:00+00:00,1.0053307698000027,1.005418956800003,1.004020411800003,1.004020411800003
2026-05-29 18:00:00+00:00,1.0040284512000028,1.004659211400003,1.003966752800003,1.0043514195000027
2026-05-29 19:00:00+00:00,1.0044169278000028,1.004784096000003,1.0040605980000028,1.004498944000003
2026-05-29 20:00:00+00:00,1.0042148992000028,1.0047435294000029,1.003307178100003,1.003307178100003
2026-05-31 21:00:00+00:00,1.0033703740000028,1.004137617400003,1.0026962400000026,1.0041256137000028
2026-05-31 22:00:00+00:00,1.004402063200003,1.0049143038000028,1.003966488500003,1.0045950266000028
2026-05-31 23:00:00+00:00,1.004683282500003,1.0052371454000029,1.004683282500003,1.0049054251000031
2026-06-01 00:00:00+00:00,1.004902898000003,1.0061417876000032,1.004902898000003,1.005941400500003
2026-06-01 01:00:00+00:00,1.005880525400003,1.006483061700003,1.005880525400003,1.0064603824000027
2026-06-01 02:00:00+00:00,1.006465293500003,1.006775183700003,1.006260544000003,1.006379190400003
2026-06-01 03:00:00+00:00,1.006379982400003,1.006519680000003,1.0055622780000029,1.006064519200003
2026-06-01 04:00:00+00:00,1.0061757060000027,1.006481473900003,1.0061757060000027,1.006439291100003
2026-06-01 05:00:00+00:00,1.0063994890000028,1.006914054600003,1.0063994890000028,1.006661622500003
2026-06-01 06:00:00+00:00,1.006844348800003,1.0068703260000027,1.005343160000003,1.005663972300003
2026-06-01 07:00:00+00:00,1.0056767940000033,1.0065712118000032,1.005632844500003,1.006089500500003
2026-06-01 08:00:00+00:00,1.006131683700003,1.0067686964000029,1.006131683700003,1.006762429200003
2026-06-01 09:00:00+00:00,1.0066490832000028,1.0069145584000028,1.0062000715000028,1.006299788100003
2026-06-01 10:00:00+00:00,1.006270633300003,1.0064068068000027,1.0058008144000032,1.006299364400003
2026-06-01 11:00:00+00:00,1.006325774300003,1.006677365100003,1.0062089934000031,1.006352616800003
2026-06-01 12:00:00+00:00,1.0063466280000033,1.0069504164000032,1.005382012900003,1.005569036600003
2026-06-01 13:00:00+00:00,1.005649110000003,1.005866251200003,1.0022745940000028,1.0022745940000028
2026-06-01 14:00:00+00:00,1.0025137450000028,1.0032943296000028,1.002105982800003,1.002740116800003
2026-06-01 15:00:00+00:00,1.002718363500003,1.0043717200000029,1.002718363500003,1.004029596000003
2026-06-01 16:00:00+00:00,1.004384133200003,1.0046035344000028,1.003748594000003,1.0044442861000031
2026-06-01 17:00:00+00:00,1.0044217512000029,1.0058310950000031,1.0042435183000027,1.0055890031000028
2026-06-01 18:00:00+00:00,1.005608630000003,1.005693074400003,1.0053046242000028,1.0056601386000028
2026-06-01 19:00:00+00:00,1.005550216000003,1.005867579600003,1.0051661668000031,1.0053430470000029
2026-06-01 20:00:00+00:00,1.0053496012000027,1.0054798658000028,1.005184265400003,1.005184265400003
2026-06-01 21:00:00+00:00,1.005133515600003,1.005882929700003,1.005062111500003,1.005274801700003
2026-06-01 22:00:00+00:00,1.0056770304000031,1.005766362300003,1.0055037348000029,1.005585988000003
2026-06-01 23:00:00+00:00,1.005606371700003,1.006176935100003,1.005562619600003,1.006080132800003
2026-06-02 00:00:00+00:00,1.005759197300003,1.0061340030000028,1.0054170573000032,1.005615480000003
2026-06-02 01:00:00+00:00,1.0057115976000028,1.006674020000003,1.004961949800003,1.005117928500003
2026-06-02 02:00:00+00:00,1.005314678200003,1.0059095144000032,1.0050778152000028,1.005707655000003
2026-06-02 03:00:00+00:00,1.0058023832000031,1.005822074600003,1.0051618116000027,1.0057050361000028
2026-06-02 04:00:00+00:00,1.0056511227000031,1.0060574026000029,1.0055695383000032,1.006030452000003
2026-06-02 05:00:00+00:00,1.0060275944000028,1.0064076030000026,1.005988241600003,1.005999075900003
2026-06-02 06:00:00+00:00,1.006255349400003,1.007697713900003,1.006255349400003,1.007613259500003
2026-06-02 07:00:00+00:00,1.007673586400003,1.008514019200003,1.0075783218000032,1.008357367100003
2026-06-02 08:00:00+00:00,1.0085590080000029,1.0090959290000032,1.008484915100003,1.0086698370000031
2026-06-02 09:00:00+00:00,1.0084550170000028,1.0094058130000032,1.008417216600003,1.009323337800003
2026-06-02 10:00:00+00:00,1.0091215650000032,1.009533364000003,1.008830812600003,1.009491095200003
2026-06-02 11:00:00+00:00,1.009524574200003,1.009569640000003,1.008354609600003,1.008354609600003
2026-06-02 12:00:00+00:00,1.008375730200003,1.0084836000000033,1.007467725000003,1.007544136000003
2026-06-02 13:00:00+00:00,1.007585610100003,1.007751992000003,1.0059285187000029,1.006836260800003
2026-06-02 14:00:00+00:00,1.0068346225000029,1.008221965800003,1.0067494528000032,1.008221965800003
2026-06-02 15:00:00+00:00,1.008213897800003,1.008257672600003,1.007612245400003,1.007623718400003
2026-06-02 16:00:00+00:00,1.007633052000003,1.007923917000003,1.0071229454000026,1.007543610000003
2026-06-02 17:00:00+00:00,1.007596612100003,1.007696961000003,1.007051645700003,1.007067694500003
2026-06-02 18:00:00+00:00,1.0071491709000029,1.0075056615000029,1.0069309033000027,1.007406621200003
2026-06-02 19:00:00+00:00,1.0074108674000029,1.008128262600003,1.0074108674000029,1.008128262600003
2026-06-02 20:00:00+00:00,1.0080649140000029,1.008301300000003,1.007952805800003,1.008090870300003
2026-06-02 21:00:00+00:00,1.0073834721000028,1.0082658519000032,1.0070126320000032,1.007974473000003
2026-06-02 22:00:00+00:00,1.0078264088000033,1.0084752366000032,1.0078264088000033,1.0081592964000032
2026-06-02 23:00:00+00:00,1.008226980500003,1.0082539038000031,1.007520005400003,1.007940986000003
2026-06-03 00:00:00+00:00,1.008045869600003,1.0086915270000032,1.008045869600003,1.0086915270000032
2026-06-03 01:00:00+00:00,1.0084570980000032,1.0084570980000032,1.0076757700000032,1.0080725875000032
2026-06-03 02:00:00+00:00,1.008073329400003,1.0084126136000031,1.0075687923000032,1.007936606600003
2026-06-03 03:00:00+00:00,1.0078630540000033,1.0081361460000031,1.007565119600003,1.0078863326000032
2026-06-03 04:00:00+00:00,1.0080094464000031,1.008108508800003,1.0074520110000031,1.0075847130000033
2026-06-03 05:00:00+00:00,1.0075213512000032,1.007968513600003,1.006882796000003,1.0069644576000032
2026-06-03 06:00:00+00:00,1.007244164800003,1.007244164800003,1.0058785340000032,1.006573730400003
2026-06-03 07:00:00+00:00,1.0065173141000032,1.0074800260000032,1.0065173141000032,1.0073112680000031
2026-06-03 08:00:00+00:00,1.0071261312000033,1.0074945776000033,1.0068669072000032,1.0070757424000032
2026-06-03 09:00:00+00:00,1.0072215166000031,1.007705817600003,1.0071227984000033,1.0074555759000032
2026-06-03 10:00:00+00:00,1.0074236815000033,1.0084027954000032,1.0074039163000033,1.0077294486000032
2026-06-03 11:00:00+00:00,1.0077716964000032,1.008020771200003,1.0074283899000032,1.0075499664000034
2026-06-03 12:00:00+00:00,1.0073021192000031,1.007464526500003,1.006336305700003,1.0067296965000032
2026-06-03 13:00:00+00:00,1.0066907738000033,1.006886080400003,1.0051409855000033,1.0053146334000032
2026-06-03 14:00:00+00:00,1.0057434063000033,1.006832332800003,1.0055381980000029,1.0067458850000033
2026-06-03 15:00:00+00:00,1.0066321360000032,1.006782172500003,1.0060004808000031,1.006431867000003
2026-06-03 16:00:00+00:00,1.006344974400003,1.0064114320000033,1.005787604800003,1.0062176047000033
2026-06-03 17:00:00+00:00,1.006020776100003,1.0062833280000032,1.0054966625000032,1.0059808668000032
2026-06-03 18:00:00+00:00,1.0059530884000032,1.0061783076000033,1.0055860392000033,1.0056584502000032
2026-06-03 19:00:00+00:00,1.005609544800003,1.0056625984000032,1.0053970800000032,1.0056625984000032
2026-06-03 20:00:00+00:00,1.0055395116000032,1.0055757136000032,1.005202666200003,1.005237501600003
2026-06-03 21:00:00+00:00,1.0048193182000031,1.005318034200003,1.0048193182000031,1.004913199200003
2026-06-03 22:00:00+00:00,1.0055284032000031,1.006210933200003,1.005328074400003,1.0061324372000031
2026-06-03 23:00:00+00:00,1.006180116900003,1.006180116900003,1.0053094764000032,1.006020776100003
2026-06-04 00:00:00+00:00,1.005850529100003,1.006121528800003,1.005537731100003,1.0055903008000031
2026-06-04 01:00:00+00:00,1.005329421600003,1.0063425886000033,1.0051385220000029,1.005841380000003
2026-06-04 02:00:00+00:00,1.005718748600003,1.005814790400003,1.005017893200003,1.005464428800003
2026-06-04 03:00:00+00:00,1.0053417465000032,1.005687068400003,1.005201614200003,1.005672591000003
2026-06-04 04:00:00+00:00,1.0055626118000032,1.006471021600003,1.0055626118000032,1.0061054322000031
2026-06-04 05:00:00+00:00,1.006112672400003,1.0063515990000031,1.0056406104000033,1.0062250128000032
2026-06-04 06:00:00+00:00,1.0062721854000032,1.0074115304000029,1.0062721854000032,1.007374560300003
2026-06-04 07:00:00+00:00,1.007354741000003,1.007928624000003,1.007264587500003,1.007634136300003
2026-06-04 08:00:00+00:00,1.0075054990000032,1.007907278600003,1.006796294400003,1.007255294700003
2026-06-04 09:00:00+00:00,1.0071701190000029,1.0074497304000032,1.006540007700003,1.006540007700003
2026-06-04 10:00:00+00:00,1.006410109200003,1.007030473900003,1.006410109200003,1.0065822837000031
2026-06-04 11:00:00+00:00,1.006773174100003,1.007891314400003,1.006654189800003,1.007891314400003
2026-06-04 12:00:00+00:00,1.007950971800003,1.007950971800003,1.006789149400003,1.006838051400003
2026-06-04 13:00:00+00:00,1.006746259300003,1.0074033970000031,1.006662172000003,1.0067990526000032
2026-06-04 14:00:00+00:00,1.006864672800003,1.0070267904000032,1.006379993200003,1.006910730300003
2026-06-04 15:00:00+00:00,1.0069372719000032,1.0076485056000029,1.006780338400003,1.006886332500003
2026-06-04 16:00:00+00:00,1.0068658182000032,1.007348644800003,1.006830799300003,1.007063612000003
2026-06-04 17:00:00+00:00,1.006965777600003,1.0074738681000033,1.0069494400000032,1.007272106400003
2026-06-04 18:00:00+00:00,1.007366318600003,1.007366318600003,1.006633054500003,1.006732101100003
2026-06-04 19:00:00+00:00,1.0067906880000028,1.007023769000003,1.006669823600003,1.007023769000003
2026-06-04 20:00:00+00:00,1.007026152600003,1.0072680355000032,1.006879191300003,1.0069322496000028
2026-06-04 21:00:00+00:00,1.006332658800003,1.0069295632000026,1.0059910872000029,1.0059910872000029
2026-06-04 22:00:00+00:00,1.0065223152000027,1.0068605696000028,1.0065223152000027,1.0068073400000028
2026-06-04 23:00:00+00:00,1.0068545080000026,1.0070333988000029,1.006306994000003,1.0063469390000028
2026-06-05 00:00:00+00:00,1.0061089308000029,1.0061089308000029,1.0052533920000029,1.0052533920000029
2026-06-05 01:00:00+00:00,1.0051244901000027,1.0051244901000027,1.0032733818000028,1.0045312312000028
2026-06-05 02:00:00+00:00,1.0043517231000028,1.0054884840000027,1.0043517231000028,1.0052468280000029
2026-06-05 03:00:00+00:00,1.0052251200000029,1.0056586980000028,1.0049859434000028,1.0050276308000028
2026-06-05 04:00:00+00:00,1.0049697700000029,1.005917773700003,1.0049697700000029,1.0056978045000027
2026-06-05 05:00:00+00:00,1.005668852100003,1.005684491300003,1.0045496307000028,1.0046813638000027
2026-06-05 06:00:00+00:00,1.0048342220000028,1.0051486832000027,1.0043100640000027,1.0050326565000027
2026-06-05 07:00:00+00:00,1.0050210850000028,1.0053777312000027,1.0048056108000027,1.0048721898000028
2026-06-05 08:00:00+00:00,1.0049005278000027,1.005872044500003,1.0048570764000027,1.005006751200003
2026-06-05 09:00:00+00:00,1.0049439937000029,1.0058684874000028,1.0049181324000027,1.0050631440000029
2026-06-05 10:00:00+00:00,1.0052850000000029,1.0056083784000027,1.0048487192000026,1.005600490700003
2026-06-05 11:00:00+00:00,1.0056506168000028,1.0061453129000026,1.0054173948000027,1.005964630400003
2026-06-05 12:00:00+00:00,1.0058914684000029,1.0061988032000029,1.0015191662000027,1.001560574300003
2026-06-05 13:00:00+00:00,1.001476182300003,1.002658048000003,0.9992991424000026,0.9992991424000026
2026-06-05 14:00:00+00:00,0.9992119956000028,1.0001444301000029,0.9982812462000029,1.0001444301000029
2026-06-05 15:00:00+00:00,1.0001108456000027,1.0001108456000027,0.9981267758000028,0.9981267758000028
2026-06-05 16:00:00+00:00,0.9980831789000029,0.9986844868000028,0.9974142952000028,0.9986844868000028
2026-06-05 17:00:00+00:00,0.9985751295000028,0.9986607536000027,0.9979308126000028,0.9983281100000027
2026-06-05 18:00:00+00:00,0.9982795410000027,0.9982795410000027,0.9970646826000029,0.9972683352000028
2026-06-05 19:00:00+00:00,0.9970577692000028,0.997307236800003,0.9967253776000028,0.9970255260000028
2026-06-05 20:00:00+00:00,0.9968609472000028,0.9969132408000028,0.9955162560000027,0.9959498692000028
2026-06-07 21:00:00+00:00,0.9959205192000028,0.9960812486000029,0.9949890720000029,0.9955806756000029
2026-06-07 22:00:00+00:00,0.9973219285000029,0.9980589528000029,0.996795696000003,0.997746028800003
2026-06-07 23:00:00+00:00,0.9979887111000029,0.9988484650000028,0.9979887111000029,0.9987994904000028
2026-06-08 00:00:00+00:00,0.998625492200003,1.0004922120000028,0.998625492200003,1.0004922120000028
2026-06-08 01:00:00+00:00,1.0005564213000029,1.000906864300003,0.9983444144000029,0.9999801628000029
2026-06-08 02:00:00+00:00,0.9998264430000027,1.0002213507000028,0.9992008536000029,1.000042673400003
2026-06-08 03:00:00+00:00,1.0002445530000028,1.0002445530000028,0.9994195309000028,0.999845494500003
2026-06-08 04:00:00+00:00,0.9999569833000029,1.0002433159000028,0.998915332800003,0.9989913654000029
2026-06-08 05:00:00+00:00,0.9992059142000029,0.9995407900000028,0.9978421368000029,0.9981547758000028
2026-06-08 06:00:00+00:00,0.998652967200003,0.999159468000003,0.9983403957000031,0.9988420953000029
2026-06-08 07:00:00+00:00,0.9989742880000029,1.0005636042000028,0.9988488640000028,0.9999967194000028
2026-06-08 08:00:00+00:00,1.000016622000003,1.0005283138000027,0.9994713170000028,0.9999473184000028
2026-06-08 09:00:00+00:00,1.0000994580000029,1.0003610410000028,0.9988091018000029,1.0002665000000028
2026-06-08 10:00:00+00:00,1.0001714185000028,1.0011400276000029,0.999854444600003,1.000730110200003
2026-06-08 11:00:00+00:00,1.0006532646000028,1.002598587000003,1.0006532646000028,1.0020868527000029
2026-06-08 12:00:00+00:00,1.002307575000003,1.0026882920000029,1.0012855468000028,1.0016528612000029
2026-06-08 13:00:00+00:00,1.0017440566000029,1.0023158192000028,1.0004539002000028,1.0004539002000028
2026-06-08 14:00:00+00:00,1.000393401600003,1.000908383400003,0.9995035672000029,1.0008069568000029
2026-06-08 15:00:00+00:00,1.0007575425000028,1.0011925167000029,1.000493090800003,1.000733981300003
2026-06-08 16:00:00+00:00,1.000675577600003,1.000966723200003,1.000471972500003,1.0005871908000028
2026-06-08 17:00:00+00:00,1.000489175000003,1.0005697160000029,1.0000827928000031,1.000257685800003
2026-06-08 18:00:00+00:00,1.000282732000003,1.000576893300003,0.999830578000003,0.9998867552000028
2026-06-08 19:00:00+00:00,0.9999684564000028,0.9999684564000028,0.9995245416000029,0.999642195200003
2026-06-08 20:00:00+00:00,0.999570497200003,0.999823446400003,0.9994737002000028,0.9995095447000029
2026-06-08 21:00:00+00:00,0.998715020000003,0.9991702123000029,0.9980178558000029,0.9985870884000033
2026-06-08 22:00:00+00:00,0.9995138750000031,0.9995138750000031,0.9991427274000033,0.9994876164000032
2026-06-08 23:00:00+00:00,0.9994947872000032,0.9995441770000032,0.9989628716000032,0.9990883712000033
2026-06-09 00:00:00+00:00,0.9989915272000032,0.999315187200003,0.9985611174000032,0.999315187200003
2026-06-09 01:00:00+00:00,0.9995569034000031,1.000871604700003,0.9993717428000031,1.0008483210000032
2026-06-09 02:00:00+00:00,1.0008191520000032,1.0009188540000031,0.9995009888000033,0.9996665472000031
2026-06-09 03:00:00+00:00,0.9995698370000031,0.9997429750000032,0.9989233065000032,0.999263692800003
2026-06-09 04:00:00+00:00,0.9991048647000031,1.000604082000003,0.9990363973000033,1.0004260390000033
2026-06-09 05:00:00+00:00,1.0005096226000032,1.0006671010000032,0.9998975250000032,1.0001250050000032
2026-06-09 06:00:00+00:00,1.000057150300003,1.0014745160000031,1.000057150300003,1.0004308749000033
2026-06-09 07:00:00+00:00,1.000543158300003,1.000727759200003,0.9993963912000031,0.9994259580000032
2026-06-09 08:00:00+00:00,0.9994677342000031,0.9999681750000032,0.9990790920000031,0.9994866855000032
2026-06-09 09:00:00+00:00,0.9994275307000031,0.9998959256000032,0.9991009856000032,0.9991009856000032
2026-06-09 10:00:00+00:00,0.999137292300003,0.9999432000000031,0.9988398288000032,0.9997824525000032
2026-06-09 11:00:00+00:00,0.9998116272000032,1.0000347770000033,0.9994045290000032,0.9994845120000031
2026-06-09 12:00:00+00:00,0.999435137400003,0.9997204796000032,0.9991646280000032,0.9994221579000031
2026-06-09 13:00:00+00:00,0.9994360660000032,0.9998962500000033,0.9985170393000032,0.9992229742000032
2026-06-09 14:00:00+00:00,0.9993790170000031,0.999966423000003,0.9978794496000031,0.9986426130000032
2026-06-09 15:00:00+00:00,0.9987302094000031,0.9988252464000033,0.9971095662000032,0.9974436544000033
2026-06-09 16:00:00+00:00,0.9974761595000032,0.997683472500003,0.9950938525000032,0.9961161660000031
2026-06-09 17:00:00+00:00,0.9962777440000031,0.9976142300000033,0.9962151463000032,0.997286478300003
2026-06-09 18:00:00+00:00,0.997376895200003,0.9979294734000032,0.9971980102000032,0.9978233150000032
2026-06-09 19:00:00+00:00,0.9976767675000031,0.9977984450000031,0.9965706000000032,0.9967265154000032
2026-06-09 20:00:00+00:00,0.9966718944000031,0.9971298195000031,0.9966718944000031,0.9967487195000032
2026-06-09 21:00:00+00:00,0.9963970860000032,0.9966165860000031,0.9950305820000027,0.9961971714000029
2026-06-09 22:00:00+00:00,0.9966183696000027,0.9967923795000028,0.9959891031000028,0.9962492724000028
2026-06-09 23:00:00+00:00,0.9962281860000028,0.9969387360000028,0.9959943546000027,0.9969387360000028
2026-06-10 00:00:00+00:00,0.9969799140000029,0.9976635396000028,0.9962038240000027,0.9972575182000027
2026-06-10 01:00:00+00:00,0.9972243800000027,0.9975034703000026,0.9970262160000027,0.9970883793000029
2026-06-10 02:00:00+00:00,0.9970304023000028,0.9970304023000028,0.9963064485000027,0.9963554072000029
2026-06-10 03:00:00+00:00,0.9964043665000029,0.9969031212000028,0.9963664350000028,0.9967649400000027
2026-06-10 04:00:00+00:00,0.9967800018000029,0.9967800018000029,0.9954956738000027,0.9956182425000027
2026-06-10 05:00:00+00:00,0.9955282086000028,0.9955964480000028,0.9945613431000028,0.9954484540000029
2026-06-10 06:00:00+00:00,0.9956509655000029,0.9961203864000027,0.9951488169000028,0.9951488169000028
2026-06-10 07:00:00+00:00,0.9952706400000029,0.9954824560000027,0.9947002696000028,0.9949033248000028
2026-06-10 08:00:00+00:00,0.9947452116000028,0.9947452116000028,0.9934390040000028,0.9934390040000028
2026-06-10 09:00:00+00:00,0.9934975304000028,0.9935085940000028,0.9927574272000028,0.9931020750000029
2026-06-10 10:00:00+00:00,0.9930321494000027,0.9935549631000029,0.9927895824000028,0.9935549631000029
2026-06-10 11:00:00+00:00,0.9935267680000028,0.9935714047000028,0.9917600447000029,0.9922094619000028
2026-06-10 12:00:00+00:00,0.9921802725000028,0.9950656930000028,0.9920373618000028,0.9939893912000027
2026-06-10 13:00:00+00:00,0.9941661037000028,0.9953388054000027,0.9936641000000027,0.9950070200000029
2026-06-10 14:00:00+00:00,0.9947377775000028,0.9954274386000028,0.9943113168000027,0.9947396880000028
2026-06-10 15:00:00+00:00,0.9947686686000028,0.9954412590000029,0.9938690923000029,0.9947559024000029
2026-06-10 16:00:00+00:00,0.9948822894000028,0.9952493788000027,0.9944057473000029,0.9944742147000027
2026-06-10 17:00:00+00:00,0.9945776522000027,0.9950019170000027,0.9935624748000027,0.9943053450000027
2026-06-10 18:00:00+00:00,0.9943576209000029,0.9947746654000027,0.9934599980000028,0.9937951880000028
2026-06-10 19:00:00+00:00,0.9936580632000028,0.9938009096000027,0.9928327815000029,0.9929462800000028
2026-06-10 20:00:00+00:00,0.9929320250000028,0.9929607468000028,0.9922893030000027,0.9923353407000027
2026-06-10 21:00:00+00:00,0.9927275080000028,0.9930932570000028,0.9921928467000026,0.9923745370000026
2026-06-10 22:00:00+00:00,0.9924752675000026,0.9926660520000026,0.9921385824000027,0.9921385824000027
2026-06-10 23:00:00+00:00,0.9922676994000027,0.9931685244000028,0.9919700935000028,0.9926154160000027
2026-06-11 00:00:00+00:00,0.9928196080000027,0.9932610570000028,0.9921608799000028,0.9926669935000028
2026-06-11 01:00:00+00:00,0.9928201850000029,0.9937338048000027,0.9927217074000029,0.9934896816000028
2026-06-11 02:00:00+00:00,0.9934129490000029,0.9934903930000029,0.9929055008000028,0.9932620919000027
2026-06-11 03:00:00+00:00,0.9933666960000028,0.9933666960000028,0.9926935245000028,0.9931374534000028
2026-06-11 04:00:00+00:00,0.9931727750000028,0.9941514666000026,0.9930209464000028,0.9940561305000029
2026-06-11 05:00:00+00:00,0.9938479628000029,0.9943581483000028,0.9938479628000029,0.9941045559000029
2026-06-11 06:00:00+00:00,0.9939048192000028,0.9947302660000028,0.9937864836000028,0.9943492812000027
2026-06-11 07:00:00+00:00,0.9944287030000027,0.9953808158000027,0.9942964041000028,0.9947236431000027
2026-06-11 08:00:00+00:00,0.9947806935000028,0.9948810704000027,0.9942821840000028,0.9945978858000027
2026-06-11 09:00:00+00:00,0.9945773670000028,0.9954911952000028,0.9945773670000028,0.9951441708000028
2026-06-11 10:00:00+00:00,0.9952841000000027,0.9954278028000029,0.9950115928000027,0.9951396335000028
2026-06-11 11:00:00+00:00,0.9951669911000028,0.9953812624000027,0.9945662400000028,0.9952416264000027
2026-06-11 12:00:00+00:00,0.9952968960000028,0.9954528384000029,0.9935854698000028,0.9945894362000027
2026-06-11 13:00:00+00:00,0.9945269600000027,0.9962705538000027,0.9941418304000027,0.9959303480000027
2026-06-11 14:00:00+00:00,0.9960961164000028,0.9969867362000028,0.9954508158000029,0.9964323611000028
2026-06-11 15:00:00+00:00,0.9965106360000028,0.9972121880000029,0.9960773394000028,0.9967188400000029
2026-06-11 16:00:00+00:00,0.9969353099000027,0.9971836774000028,0.9960769788000027,0.9960769788000027
2026-06-11 17:00:00+00:00,0.9960988235000028,1.0001922653000028,0.9959769435000028,0.9997126106000028
2026-06-11 18:00:00+00:00,0.9995837918000028,1.0006018038000026,0.9986980871000029,0.9998968272000028
2026-06-11 19:00:00+00:00,1.0003734317000028,1.0016418636000028,1.0001151558000028,1.001021935500003
2026-06-11 20:00:00+00:00,1.0010545316000028,1.002005147400003,1.0010545316000028,1.0015654506000027
2026-06-11 21:00:00+00:00,1.0003736556000027,1.001554724900003,1.000265521200003,1.001526416000003
2026-06-11 22:00:00+00:00,1.002074496000003,1.002074496000003,1.001340232200003,1.001968414700003
2026-06-11 23:00:00+00:00,1.001951567500003,1.0021931844000027,1.0015809453000029,1.002064341600003
2026-06-12 00:00:00+00:00,1.001834965400003,1.002027266000003,1.001435052400003,1.0019532603000028
2026-06-12 01:00:00+00:00,1.001889842400003,1.001889842400003,1.000044712700003,1.0007215830000027
2026-06-12 02:00:00+00:00,1.0007079784000028,1.0012772838000028,1.0000157200000028,1.0007465986000028
2026-06-12 03:00:00+00:00,1.000794558500003,1.001315321300003,1.000509549600003,1.0008837085000029
2026-06-12 04:00:00+00:00,1.0007591947000027,1.001579384100003,1.000740685000003,1.001171613200003
2026-06-12 05:00:00+00:00,1.0011342285000029,1.0012047954000027,0.9998298434000029,1.000180182000003
2026-06-12 06:00:00+00:00,1.0004479326000029,1.001125590000003,0.9999255172000029,1.000198342000003
2026-06-12 07:00:00+00:00,1.000107399200003,1.0010173726000027,0.999476495500003,1.0009249613000029
2026-06-12 08:00:00+00:00,1.000630098000003,1.0023865571000028,1.000630098000003,1.001881923000003
2026-06-12 09:00:00+00:00,1.0017780600000028,1.0031517525000029,1.0017780600000028,1.002381090800003
2026-06-12 10:00:00+00:00,1.002430556800003,1.0028601044000027,1.0017079380000027,1.002375422100003
2026-06-12 11:00:00+00:00,1.002335727600003,1.0024486395000027,1.0018982340000029,1.002052337000003
2026-06-12 12:00:00+00:00,1.0018616685000028,1.0018616685000028,1.0008229354000029,1.001042567100003
2026-06-12 13:00:00+00:00,1.000960887900003,1.0022719200000028,1.0007975448000028,1.0011506977000029
2026-06-12 14:00:00+00:00,1.001598866400003,1.002310443000003,1.0010840784000028,1.002270054500003
2026-06-12 15:00:00+00:00,1.0022899650000028,1.0027478912000027,1.001704229400003,1.001704229400003
2026-06-12 16:00:00+00:00,1.0017070518000029,1.0026299553000029,1.0014967974000029,1.002237459300003
2026-06-12 17:00:00+00:00,1.002292500300003,1.002650308200003,1.002256175000003,1.002534561600003
2026-06-12 18:00:00+00:00,1.002548527200003,1.002932382500003,1.002428641800003,1.0025712360000028
2026-06-12 19:00:00+00:00,1.0026629960000029,1.0030304676000028,1.0022936364000028,1.0030304676000028
2026-06-12 20:00:00+00:00,1.0031166312000028,1.0031928810000028,1.002172410000003,1.002580475000003
2026-06-14 21:00:00+00:00,1.0026220260000032,1.0078223630000027,1.002559698900003,1.0074547640000031
2026-06-14 22:00:00+00:00,1.0073383005000032,1.0079524364000032,1.0062676064000033,1.0064620404000033
2026-06-14 23:00:00+00:00,1.006476465000003,1.0068946392000033,1.0059679296000033,1.0064848530000032
2026-06-15 00:00:00+00:00,1.006577437200003,1.0077145480000032,1.005933641700003,1.005933641700003
2026-06-15 01:00:00+00:00,1.0059092295000032,1.0070733816000033,1.0059092295000032,1.0068891400000033
2026-06-15 02:00:00+00:00,1.0069954744000034,1.0074288114000032,1.0067530370000033,1.0070692560000032
2026-06-15 03:00:00+00:00,1.0070899714000032,1.007855680600003,1.0070899714000032,1.0075788576000029
2026-06-15 04:00:00+00:00,1.007671262500003,1.007671262500003,1.007079867600003,1.0071968247000032
2026-06-15 05:00:00+00:00,1.007277673500003,1.0073370176000032,1.006790272000003,1.006867729500003
2026-06-15 06:00:00+00:00,1.0072146376000028,1.0072749946000028,1.006730078600003,1.007054482500003
2026-06-15 07:00:00+00:00,1.0071126200000031,1.007268530400003,1.006349864000003,1.007024692500003
2026-06-15 08:00:00+00:00,1.0068155539000032,1.0071287864000031,1.0063802463000031,1.006696716300003
2026-06-15 09:00:00+00:00,1.006844059200003,1.007095471000003,1.006434530400003,1.006546713600003
2026-06-15 10:00:00+00:00,1.006441291800003,1.006850756100003,1.006392185000003,1.0065760271000028
2026-06-15 11:00:00+00:00,1.006693596000003,1.0073092858000028,1.0066048587000032,1.0073092858000028
2026-06-15 12:00:00+00:00,1.0072088292000032,1.0072088292000032,1.006233872500003,1.006771088400003
2026-06-15 13:00:00+00:00,1.0066629028000031,1.0077665404000031,1.006594820600003,1.007362252600003
2026-06-15 14:00:00+00:00,1.0073838808000029,1.0089372400000032,1.007339731200003,1.0087843548000028
2026-06-15 15:00:00+00:00,1.008954694300003,1.0090246842000032,1.0084058337000028,1.008681797400003
2026-06-15 16:00:00+00:00,1.0088405472000028,1.009122433200003,1.008392760000003,1.008522136000003
2026-06-15 17:00:00+00:00,1.008529808000003,1.008610546000003,1.008098337500003,1.0081677739000032
2026-06-15 18:00:00+00:00,1.008128528200003,1.008202041000003,1.0078398270000033,1.0080445200000032
2026-06-15 19:00:00+00:00,1.0080549764000033,1.0080549764000033,1.007544938400003,1.007952812600003
2026-06-15 20:00:00+00:00,1.007828195000003,1.0078879568000032,1.0075806648000032,1.007785786000003
2026-06-15 21:00:00+00:00,1.007085214400003,1.0079714478000033,1.0067997533000033,1.0072682236000035
2026-06-15 22:00:00+00:00,1.0078790430000033,1.0080647018000033,1.0075424868000034,1.0078142071000034
2026-06-15 23:00:00+00:00,1.0079621388000033,1.0083460344000033,1.007876518000003,1.0081075267000033
2026-06-16 00:00:00+00:00,1.0079723022000031,1.0081151600000033,1.0076264172000031,1.0079506821000033
2026-06-16 01:00:00+00:00,1.0080850510000032,1.0081884492000033,1.0068670929000034,1.0070082090000034
2026-06-16 02:00:00+00:00,1.0070234136000034,1.0070493683000032,1.0064556720000033,1.0070493683000032
2026-06-16 03:00:00+00:00,1.0069938134000034,1.0074828198000032,1.0068618964000033,1.0071897612000031
2026-06-16 04:00:00+00:00,1.0071473792000032,1.0071853617000033,1.0060994240000034,1.0065279168000032
2026-06-16 05:00:00+00:00,1.0065612795000034,1.0070859216000034,1.0057017110000035,1.0064500222000032
2026-06-16 06:00:00+00:00,1.0065006666000031,1.0070988506000036,1.0065006666000031,1.0069928187000035
2026-06-16 07:00:00+00:00,1.0069908724000034,1.0075444093000032,1.0069908724000034,1.0075444093000032
2026-06-16 08:00:00+00:00,1.0074732297000033,1.0085223428000034,1.007293973500003,1.0083603370000032
2026-06-16 09:00:00+00:00,1.0084295076000032,1.0084634731000035,1.0081203356000032,1.0083831712000033
2026-06-16 10:00:00+00:00,1.0082815082000036,1.0091596849000033,1.0082815082000036,1.0091474466000034
2026-06-16 11:00:00+00:00,1.0090822678000033,1.0092027144000033,1.0084259835000031,1.0087817012000033
2026-06-16 12:00:00+00:00,1.0087536966000032,1.0092887960000032,1.0085079100000034,1.0092267696000035
2026-06-16 13:00:00+00:00,1.0092984165000034,1.009414863600003,1.0089478075000031,1.0090322506000033
2026-06-16 14:00:00+00:00,1.0093151819000035,1.0094831568000033,1.0081171883000033,1.0084982406000034
2026-06-16 15:00:00+00:00,1.0086979953000035,1.0088027460000033,1.007684095000003,1.0080793820000036
2026-06-16 16:00:00+00:00,1.0081488250000032,1.0084730180000034,1.0078151242000033,1.0079042710000035
2026-06-16 17:00:00+00:00,1.0077856502000033,1.008334754700003,1.0076497227000032,1.0082864304000034
2026-06-16 18:00:00+00:00,1.0083266928000034,1.0084339617000033,1.008002406400003,1.0082338441000034
2026-06-16 19:00:00+00:00,1.0082316996000034,1.0083003396000034,1.0077266793000035,1.007869076100003
2026-06-16 20:00:00+00:00,1.0077707085000034,1.0080583632000033,1.0074118740000035,1.007495396700003
2026-06-16 21:00:00+00:00,1.0068249904000033,1.007312420400003,1.0064101586000032,1.007046281600003
2026-06-16 22:00:00+00:00,1.0073106427000031,1.0076222152000032,1.0071563631000033,1.0074920679000032
2026-06-16 23:00:00+00:00,1.007358976800003,1.007687475000003,1.007253247000003,1.0072832672000032
2026-06-17 00:00:00+00:00,1.007222531400003,1.0078120374000032,1.007222531400003,1.0075128404000029
2026-06-17 01:00:00+00:00,1.0074585564000031,1.007977816800003,1.007445813000003,1.007619065600003
2026-06-17 02:00:00+00:00,1.0076530131000032,1.0077488733000033,1.007050222000003,1.0071493782000032
2026-06-17 03:00:00+00:00,1.007118590400003,1.0071497768000033,1.0067707364000031,1.007069366600003
2026-06-17 04:00:00+00:00,1.007137768000003,1.0073009056000033,1.0067319927000031,1.006752782200003
2026-06-17 05:00:00+00:00,1.0069278849000032,1.006981843600003,1.0065112575000033,1.0065740340000033
2026-06-17 06:00:00+00:00,1.0064943480000033,1.006923535200003,1.0062886034000031,1.006923535200003
2026-06-17 07:00:00+00:00,1.006805099900003,1.0073332387000031,1.006805099900003,1.0072569064000032
2026-06-17 08:00:00+00:00,1.007053815600003,1.007152970400003,1.006643437800003,1.006903086700003
2026-06-17 09:00:00+00:00,1.006862686200003,1.007194940400003,1.0067831498000033,1.0071881400000031
2026-06-17 10:00:00+00:00,1.007132942600003,1.0074920724000032,1.006794849800003,1.007456486400003
2026-06-17 11:00:00+00:00,1.0075159377000031,1.0078763632000032,1.0074489194000031,1.007527659000003
2026-06-17 12:00:00+00:00,1.007584446000003,1.008387086600003,1.007316721600003,1.0083143196000033
2026-06-17 13:00:00+00:00,1.008255945000003,1.0096234298000033,1.0081095908000033,1.0092355146000032
2026-06-17 14:00:00+00:00,1.009305180800003,1.0094319975000032,1.008285306000003,1.009256541300003
2026-06-17 15:00:00+00:00,1.0092633560000033,1.010787156800003,1.008976227300003,1.0104948144000032
2026-06-17 16:00:00+00:00,1.0105175790000032,1.0109183808000033,1.0104046062000032,1.010713173800003
2026-06-17 17:00:00+00:00,1.010701841600003,1.0111503220000033,1.0104981572000031,1.0109701070000032
2026-06-17 18:00:00+00:00,1.0087743015000032,1.0103602977000032,1.007948328100003,1.009312434900003
2026-06-17 19:00:00+00:00,1.0094630878000033,1.0094630878000033,1.0060790967000033,1.0078513290000033
2026-06-17 20:00:00+00:00,1.0079806923000032,1.008016052200003,1.0071482949000032,1.007425227600003
2026-06-17 21:00:00+00:00,1.0064244836000031,1.0074490900000033,1.0064244836000031,1.006925089800003
2026-06-17 22:00:00+00:00,1.0073672332000032,1.007704828000003,1.0071476880000032,1.0073527326000031
2026-06-17 23:00:00+00:00,1.007507953200003,1.0084139556000031,1.007507953200003,1.008216817200003
2026-06-18 00:00:00+00:00,1.008615201100003,1.009554460500003,1.008401610600003,1.008515007300003
2026-06-18 01:00:00+00:00,1.008774462800003,1.010262445800003,1.008774462800003,1.0102557479000032
2026-06-18 02:00:00+00:00,1.010247878800003,1.010860670400003,1.010247878800003,1.010669104000003
2026-06-18 03:00:00+00:00,1.010724998000003,1.011196315800003,1.0105536476000028,1.011146604000003
2026-06-18 04:00:00+00:00,1.011094854200003,1.011165575000003,1.0103372490000029,1.010450976600003
2026-06-18 05:00:00+00:00,1.0103312772000028,1.010935823700003,1.0103248230000028,1.010483088800003
2026-06-18 06:00:00+00:00,1.010603322300003,1.011279955400003,1.010326824000003,1.0111231496000028
2026-06-18 07:00:00+00:00,1.0111800348000028,1.0111800348000028,1.0102285292000028,1.0104739128000029
2026-06-18 08:00:00+00:00,1.010200052400003,1.010497766600003,1.008581575500003,1.008715244000003
2026-06-18 09:00:00+00:00,1.008610498500003,1.009625631600003,1.0085726808000028,1.009409307000003
2026-06-18 10:00:00+00:00,1.009353725600003,1.009441252800003,1.0079690496000029,1.0079690496000029
2026-06-18 11:00:00+00:00,1.008103417400003,1.008464073000003,1.0077977040000028,1.0081657784000029
2026-06-18 12:00:00+00:00,1.008130094400003,1.009401771000003,1.0079146170000028,1.009283088000003
2026-06-18 13:00:00+00:00,1.0092198708000029,1.0106178730000028,1.008841215200003,1.010341273200003
2026-06-18 14:00:00+00:00,1.010200361500003,1.0121075407000029,1.010089620600003,1.0119531920000029
2026-06-18 15:00:00+00:00,1.0117320684000028,1.012062592200003,1.0112349216000027,1.0112349216000027
2026-06-18 16:00:00+00:00,1.0113672745000029,1.0113672745000029,1.010565357600003,1.0108474796000029
2026-06-18 17:00:00+00:00,1.0107490762000029,1.011395199300003,1.0107490762000029,1.011007055200003
2026-06-18 18:00:00+00:00,1.010987254800003,1.011033974400003,1.0103480326000027,1.0103480326000027
2026-06-18 19:00:00+00:00,1.0102627423000028,1.0102627423000028,1.009613802500003,1.009985126400003
2026-06-18 20:00:00+00:00,1.009857945600003,1.0105331004000029,1.009815712600003,1.009815712600003
2026-06-18 21:00:00+00:00,1.009573873500003,1.010652003200003,1.009573873500003,1.009859224000003
2026-06-18 22:00:00+00:00,1.010883682000003,1.0110730644000032,1.0106490415000031,1.0110730644000032
2026-06-18 23:00:00+00:00,1.011002206400003,1.011266771200003,1.010863472500003,1.010923036500003
2026-06-19 00:00:00+00:00,1.0111066436000031,1.011146322500003,1.010639393000003,1.010645229000003
2026-06-19 01:00:00+00:00,1.0106663709000032,1.010832718400003,1.0102196025000032,1.010262307800003
2026-06-19 02:00:00+00:00,1.010347100300003,1.010838012800003,1.0102183455000031,1.0107398425000031
2026-06-19 03:00:00+00:00,1.0109449092000031,1.0109449092000031,1.009535564800003,1.009535564800003
2026-06-19 04:00:00+00:00,1.009415283800003,1.0095411825000031,1.0090356375000031,1.0092196603000032
2026-06-19 05:00:00+00:00,1.0091559744000032,1.010559646200003,1.0088298132000029,1.0102913498000032
2026-06-19 06:00:00+00:00,1.010318919400003,1.010775282000003,1.0097476989000032,1.010717840800003
2026-06-19 07:00:00+00:00,1.0108444294000032,1.0110701526000032,1.010442881700003,1.010778030000003
2026-06-19 08:00:00+00:00,1.010904987000003,1.0115634448000033,1.010804000800003,1.0113635000000032
2026-06-19 09:00:00+00:00,1.011427543500003,1.011870051500003,1.0112176634000032,1.0114324632000031
2026-06-19 10:00:00+00:00,1.011544705000003,1.0115807712000031,1.010974630000003,1.011314937600003
2026-06-19 11:00:00+00:00,1.0112298928000032,1.0116941358000031,1.011031227600003,1.0113317442000032
2026-06-19 12:00:00+00:00,1.0113878106000032,1.013040523300003,1.0113878106000032,1.013040523300003
2026-06-19 13:00:00+00:00,1.013062891000003,1.013473622800003,1.012239540000003,1.0124131050000031
2026-06-19 14:00:00+00:00,1.012477168000003,1.013552362500003,1.0124124228000029,1.013552362500003
2026-06-19 15:00:00+00:00,1.013558952000003,1.013645376000003,1.012964043000003,1.012999449600003
2026-06-19 16:00:00+00:00,1.012949758800003,1.013034337600003,1.012800287200003,1.012857116100003
2026-06-19 17:00:00+00:00,1.012906598400003,1.0132316772000032,1.0126973807000033,1.0131176844000032
2026-06-19 18:00:00+00:00,1.0131249417000032,1.0133310474000032,1.0129819218000031,1.013281249500003
2026-06-19 19:00:00+00:00,1.0133162996000031,1.013577950700003,1.0131185692000029,1.0131185692000029
2026-06-19 20:00:00+00:00,1.0131818815000029,1.0132454056000029,1.011147067600003,1.011147067600003
2026-06-21 21:00:00+00:00,1.011387533000003,1.011387533000003,1.0089979075000024,1.009777299300002
2026-06-21 22:00:00+00:00,1.010608955400002,1.011224730600002,1.0104950128000019,1.010772949000002
2026-06-21 23:00:00+00:00,1.0108148248000017,1.0108148248000017,1.0099723764000024,1.010190744000002
2026-06-22 00:00:00+00:00,1.0101625148000022,1.011400046000002,1.010047899600002,1.011400046000002
2026-06-22 01:00:00+00:00,1.011512329200002,1.012182626600002,1.0114065700000017,1.0115815860000021
2026-06-22 02:00:00+00:00,1.011546972000002,1.011667475200002,1.010860133400002,1.0113397392000019
2026-06-22 03:00:00+00:00,1.011304156500002,1.011807720000002,1.0110892886000022,1.011301386800002
2026-06-22 04:00:00+00:00,1.011337785000002,1.011522456900002,1.0109768790000022,1.011465473400002
2026-06-22 05:00:00+00:00,1.0114155340000017,1.0117116702000024,1.0111323404000019,1.0111323404000019
2026-06-22 06:00:00+00:00,1.0112382770000021,1.011513630600002,1.0107213434000022,1.011037709700002
2026-06-22 07:00:00+00:00,1.0109667535000022,1.0109667535000022,1.0098023760000023,1.009887735000002
2026-06-22 08:00:00+00:00,1.0100006175000018,1.0100006175000018,1.009362270000002,1.0096121768000017
2026-06-22 09:00:00+00:00,1.0096332246000022,1.0100702992000021,1.0093747911000022,1.0093747911000022
2026-06-22 10:00:00+00:00,1.0095375928000019,1.0101164448000022,1.009516107600002,1.0098070496000022
2026-06-22 11:00:00+00:00,1.0098082160000024,1.010813750800002,1.0098082160000024,1.0099345040000023
2026-06-22 12:00:00+00:00,1.009955490900002,1.0101538356000017,1.0094026460000023,1.0095289072000022
2026-06-22 13:00:00+00:00,1.009734730500002,1.010814185200002,1.009614421600002,1.009904727600002
2026-06-22 14:00:00+00:00,1.009769637100002,1.0102644660000022,1.008822913200002,1.009547132800002
2026-06-22 15:00:00+00:00,1.0096654148000022,1.0105307005000022,1.009281246400002,1.009330949000002
2026-06-22 16:00:00+00:00,1.0093873792000019,1.0094914774000023,1.0089468126000019,1.0094703019000022
2026-06-22 17:00:00+00:00,1.009590999600002,1.0097688790000021,1.009023555600002,1.009185471900002
2026-06-22 18:00:00+00:00,1.0091714335000017,1.0092634710000021,1.0086444123000022,1.0087586220000018
2026-06-22 19:00:00+00:00,1.0088294704000023,1.0089592789000024,1.0084213341000021,1.0088099910000021
2026-06-22 20:00:00+00:00,1.0088379600000017,1.009258419400002,1.008402201900002,1.008402201900002
2026-06-22 21:00:00+00:00,1.008402201900002,1.008944910000002,1.008240669600002,1.0088946682000022
2026-06-22 22:00:00+00:00,1.009122729600002,1.009335348000002,1.0083337874000022,1.0083483735000018
2026-06-22 23:00:00+00:00,1.0083257600000022,1.008576253300002,1.008152956300002,1.008152956300002
2026-06-23 00:00:00+00:00,1.008068792500002,1.008104945000002,1.0068380370000019,1.0073888496000019
2026-06-23 01:00:00+00:00,1.007403587400002,1.007722592400002,1.006598617800002,1.0068667686000021
2026-06-23 02:00:00+00:00,1.006873388400002,1.007098614000002,1.0060256180000018,1.0060256180000018
2026-06-23 03:00:00+00:00,1.006110480000002,1.0061950128000021,1.0053748840000023,1.0061950128000021
2026-06-23 04:00:00+00:00,1.0062585846000023,1.0062588090000018,1.0053468260000018,1.0053823656000023
2026-06-23 05:00:00+00:00,1.0051628626000022,1.0054316688000018,1.0048016194000022,1.004900717700002
2026-06-23 06:00:00+00:00,1.004539248000002,1.0051487600000022,1.003766982300002,1.003930298800002
2026-06-23 07:00:00+00:00,1.003859457600002,1.0046601564000022,1.002555779400002,1.0027260048000024
2026-06-23 08:00:00+00:00,1.0027614051000022,1.003165253200002,1.0022793897000022,1.003023045200002
2026-06-23 09:00:00+00:00,1.003263935000002,1.0044404968000018,1.003207275000002,1.004433423500002
2026-06-23 10:00:00+00:00,1.004624751000002,1.0046956480000018,1.003114454100002,1.003192398000002
2026-06-23 11:00:00+00:00,1.003234680000002,1.0035399081000018,1.001582155800002,1.001582155800002
2026-06-23 12:00:00+00:00,1.001773599200002,1.002178337000002,1.0014561174000018,1.002001340000002
2026-06-23 13:00:00+00:00,1.001859339200002,1.002653581600002,1.001267298000002,1.0015917760000022
2026-06-23 14:00:00+00:00,1.001520450000002,1.002411598200002,1.0013623490000019,1.0018000188000022
2026-06-23 15:00:00+00:00,1.0018990016000022,1.0019773530000018,1.0008691151000018,1.0011037638000022
2026-06-23 16:00:00+00:00,1.0011533936000019,1.0013094234000022,1.000656221600002,1.000772978400002
2026-06-23 17:00:00+00:00,1.0006736802000022,1.0009572762000019,1.000225615100002,1.000225615100002
2026-06-23 18:00:00+00:00,1.0004027388000023,1.0004027388000023,0.9998528125000018,1.0002296280000023
2026-06-23 19:00:00+00:00,1.0002297540000018,1.000812467200002,1.000197327600002,1.000197327600002
2026-06-23 20:00:00+00:00,1.000238877000002,1.000729288000002,1.0002172720000024,1.0006940580000023
2026-06-23 21:00:00+00:00,1.000136802400002,1.0008298868000023,0.999973925400002,1.0003778216000023
2026-06-23 22:00:00+00:00,1.000764960000002,1.0011114700000021,1.0005508920000024,1.0005508920000024
2026-06-23 23:00:00+00:00,1.0005436148000022,1.0005941919000019,1.0000815306000022,1.0005941919000019
2026-06-24 00:00:00+00:00,1.000906877100002,1.0013338608000022,1.0007483614000021,1.0011408524000018
2026-06-24 01:00:00+00:00,1.001055090000002,1.001617689000002,0.999948738000002,1.000652646800002
2026-06-24 02:00:00+00:00,1.0005818605000019,1.000872800000002,0.999438819600002,0.999438819600002
2026-06-24 03:00:00+00:00,0.9994536015000017,1.000141758000002,0.999373923600002,0.999660943600002
2026-06-24 04:00:00+00:00,0.9996679797000022,1.0002439608000018,0.9993677681000019,1.000172288800002
2026-06-24 05:00:00+00:00,1.000136704700002,1.0008825600000022,1.000136704700002,1.0005194409000022
2026-06-24 06:00:00+00:00,1.0005545200000021,1.001309025200002,1.0000532444000019,1.0002590121000021
2026-06-24 07:00:00+00:00,1.0001444031000017,1.0005422021000019,0.9995870610000023,0.9995870610000023
2026-06-24 08:00:00+00:00,0.9997364608000021,0.9997436514000019,0.9991281708000023,0.9993448050000021
2026-06-24 09:00:00+00:00,0.9993384444000023,0.9993384444000023,0.998388831400002,0.9984449802000018
2026-06-24 10:00:00+00:00,0.9983738517000019,0.998388077400002,0.9978962056000018,0.9980532091000018
2026-06-24 11:00:00+00:00,0.9981244815000021,0.9992238376000022,0.9981244815000021,0.9991955640000019
2026-06-24 12:00:00+00:00,0.9991112520000021,1.0002073100000022,0.9988723332000019,0.9991567928000024
2026-06-24 13:00:00+00:00,0.9992199737000022,1.0000444524000018,0.998739772800002,0.999671080000002
2026-06-24 14:00:00+00:00,0.9995859109000023,0.999687886500002,0.9988061949000021,0.9996325631000019
2026-06-24 15:00:00+00:00,0.9996452810000022,0.9999537359000019,0.999221950000002,0.9995712090000021
2026-06-24 16:00:00+00:00,0.9995072615000019,0.999786763000002,0.9990982167000021,0.9993027170000022
2026-06-24 17:00:00+00:00,0.9992605280000018,0.9993523842000019,0.9979601274000021,0.997973162100002
2026-06-24 18:00:00+00:00,0.998030867700002,0.9987664272000021,0.997808625000002,0.998320276800002
2026-06-24 19:00:00+00:00,0.9983074248000019,0.999091799800002,0.9980853877000021,0.998943061000002
2026-06-24 20:00:00+00:00,0.9989068592000021,1.000172659800002,0.9989068592000021,0.9998683877000021
2026-06-24 21:00:00+00:00,0.9991098936000021,1.0006301062000016,0.9991098936000021,1.0005444522000013
2026-06-24 22:00:00+00:00,1.0007582724000015,1.0008136368000013,1.000321792800001,1.0003716688000015
2026-06-24 23:00:00+00:00,1.0003855680000016,1.0010326725000014,1.0003144320000015,1.0008539526000013
2026-06-25 00:00:00+00:00,1.0006032091000014,1.0006877538000014,1.0000464328000016,1.0003194506000015
2026-06-25 01:00:00+00:00,1.0004759773000014,1.0015490008000014,0.9995982885000015,1.0000715508000015
2026-06-25 02:00:00+00:00,0.9999921675000014,1.0002786150000014,0.9991350160000015,1.0000454544000015
2026-06-25 03:00:00+00:00,0.9999746592000015,1.0004375340000016,0.9997186056000016,1.0001907504000014
2026-06-25 04:00:00+00:00,1.0003748608000014,1.0009648856000015,1.0001830900000015,1.0009648856000015
2026-06-25 05:00:00+00:00,1.0009356929000015,1.0011357081000014,1.0000968720000014,1.0000968720000014
2026-06-25 06:00:00+00:00,1.0002472683000014,1.0007378166000014,0.9997033576000015,0.9999046497000015
2026-06-25 07:00:00+00:00,0.9999512508000014,1.0007082606000015,0.9998952424000015,1.0007082606000015
2026-06-25 08:00:00+00:00,1.0009439202000014,1.0012461776000015,1.0003852230000014,1.0008311712000015
2026-06-25 09:00:00+00:00,1.0009944990000015,1.0013843960000015,1.0007481225000014,1.0009691944000014
2026-06-25 10:00:00+00:00,1.0008483450000014,1.0009115022000015,1.0003287663000016,1.0005067968000014
2026-06-25 11:00:00+00:00,1.0004842740000015,1.0007544117000016,0.9999856191000016,1.0001302045000016
2026-06-25 12:00:00+00:00,1.0001716263000016,1.0022484450000015,1.0000494024000015,1.0018567019000015
2026-06-25 13:00:00+00:00,1.0016663076000014,1.0020160440000014,0.9985458732000014,0.9985458732000014
2026-06-25 14:00:00+00:00,0.9983294468000015,0.9998190528000015,0.9983294468000015,0.9997103754000015
2026-06-25 15:00:00+00:00,0.9999522596000014,1.0010626392000015,0.9998463855000016,1.0008868324000015
2026-06-25 16:00:00+00:00,1.0006893215000014,1.0010742573000013,1.0000999816000016,1.0002206567000016
2026-06-25 17:00:00+00:00,1.0003334134000017,1.0009768716000016,1.0002766746000016,1.0008143054000014
2026-06-25 18:00:00+00:00,1.0006939096000016,1.0009564227000014,1.0002943512000015,1.0004589882000015
2026-06-25 19:00:00+00:00,1.0004025834000014,1.0004025834000014,0.9996622910000015,0.9998992068000014
2026-06-25 20:00:00+00:00,0.9999989792000015,1.0001528160000015,0.9997360903000014,0.9998613157000015
2026-06-25 21:00:00+00:00,0.9995284740000016,0.9998294592000013,0.998929721500001,0.9989647388000011
2026-06-25 22:00:00+00:00,0.9995091792000012,0.9997555428000011,0.9990151102000013,0.9990221540000012
2026-06-25 23:00:00+00:00,0.9990011175000011,0.9996776430000011,0.9985123527000012,0.9986616960000012
2026-06-26 00:00:00+00:00,0.9987265787000011,0.998760810000001,0.9978272360000012,0.9981317559000012
2026-06-26 01:00:00+00:00,0.9984227076000012,0.9984873105000012,0.9966552888000012,0.9970879032000012
2026-06-26 02:00:00+00:00,0.9970732926000012,0.9973142784000012,0.9957036472000013,0.9960900784000013
2026-06-26 03:00:00+00:00,0.9960047320000012,0.9969987159000012,0.9957625320000012,0.9969987159000012
2026-06-26 04:00:00+00:00,0.9970477776000012,0.9972265900000012,0.9959082133000012,0.9959934580000012
2026-06-26 05:00:00+00:00,0.9960650670000013,0.9971358150000011,0.9959715472000013,0.9967618906000012
2026-06-26 06:00:00+00:00,0.9967533804000013,0.9979571904000012,0.9965218480000012,0.9975608378000013
2026-06-26 07:00:00+00:00,0.9975227467000012,0.9976300852000012,0.9968141547000011,0.9971949519000011
2026-06-26 08:00:00+00:00,0.9970681919000011,0.9972612251000013,0.9965070846000011,0.9969539644000013
2026-06-26 09:00:00+00:00,0.9967540044000013,0.9981117738000014,0.9967197142000012,0.9976636380000011
2026-06-26 10:00:00+00:00,0.9976144815000011,0.9977858644000013,0.9973027050000013,0.9976093140000012
2026-06-26 11:00:00+00:00,0.997651643000001,0.9980048616000012,0.9974626060000013,0.9976271894000012
2026-06-26 12:00:00+00:00,0.9975777240000012,0.9977014825000011,0.9968356676000012,0.9974333390000011
2026-06-26 13:00:00+00:00,0.9974125860000013,0.9984192528000011,0.9968670305000012,0.9981856820000011
2026-06-26 14:00:00+00:00,0.998454416700001,0.9991481520000011,0.9983185264000011,0.9985204944000012
2026-06-26 15:00:00+00:00,0.9984211476000012,0.9989095468000012,0.9980569372000012,0.9981816356000012
2026-06-26 16:00:00+00:00,0.9981044590000011,0.9982406720000013,0.9976563936000012,0.9980922308000011
2026-06-26 17:00:00+00:00,0.9980148304000012,0.9981646677000012,0.9975962387000014,0.9975962387000014
2026-06-26 18:00:00+00:00,0.9976389069000011,0.9977615200000011,0.997023686400001,0.9971913150000011
2026-06-26 19:00:00+00:00,0.9972338700000012,0.997415156900001,0.9967941230000013,0.9967941230000013
2026-06-26 20:00:00+00:00,0.9969080303000012,0.9971899348000013,0.9962319670000012,0.9963357238000009
2026-06-28 21:00:00+00:00,0.9962145900000011,0.9971004187000012,0.9948762492000011,0.995113009600001
2026-06-28 22:00:00+00:00,0.996807317800001,0.997121010600001,0.996696596100001,0.9967676470000008
2026-06-28 23:00:00+00:00,0.9967892488000006,0.9970090080000007,0.9966698451000009,0.9969307428000008
2026-06-29 00:00:00+00:00,0.9966890472000008,0.9966890472000008,0.9954479299000009,0.9955766992000009
2026-06-29 01:00:00+00:00,0.9955545334000008,0.9961671840000008,0.9950740800000007,0.9954001104000008
2026-06-29 02:00:00+00:00,0.9954359514000007,0.9962478170000009,0.9953235450000009,0.9961094692000008
2026-06-29 03:00:00+00:00,0.9962377096000008,0.9965219150000008,0.9959666772000008,0.9959666772000008
2026-06-29 04:00:00+00:00,0.9960165524000009,0.9962720346000008,0.9959096532000008,0.9960724479000008
2026-06-29 05:00:00+00:00,0.9958813116000007,0.9965716332000009,0.9958813116000007,0.9965154409000008
2026-06-29 06:00:00+00:00,0.9965426367000008,0.9972605542000008,0.9964225668000007,0.9969363708000009
2026-06-29 07:00:00+00:00,0.996900212700001,0.9973739766000008,0.9967613040000008,0.9967613040000008
2026-06-29 08:00:00+00:00,0.9968813946000008,0.9969571660000008,0.9965542653000009,0.9967784085000008
2026-06-29 09:00:00+00:00,0.9968643447000007,0.9972640410000008,0.9968146800000008,0.997257184000001
2026-06-29 10:00:00+00:00,0.9972006030000007,0.9978144000000008,0.9972006030000007,0.9978144000000008
2026-06-29 11:00:00+00:00,0.9977662926000008,0.9986962432000008,0.9975236964000009,0.9986530924000008
2026-06-29 12:00:00+00:00,0.9986033985000008,0.9986178879000007,0.9978360879000009,0.9980716746000008
2026-06-29 13:00:00+00:00,0.9980218668000008,0.9982747160000007,0.9971615392000008,0.9972527795000008
2026-06-29 14:00:00+00:00,0.9972825770000009,0.9972825770000009,0.9959083546000008,0.9961317245000009
2026-06-29 15:00:00+00:00,0.9961100694000009,0.9969176088000008,0.9959212542000009,0.9968184130000008
2026-06-29 16:00:00+00:00,0.9968401944000008,0.9969558912000007,0.9964403176000008,0.9964633537000008
2026-06-29 17:00:00+00:00,0.9965412864000008,0.9969558912000007,0.9963520452000009,0.9964230550000008
2026-06-29 18:00:00+00:00,0.9966988656000008,0.997137831200001,0.9966563298000009,0.9970442976000008
2026-06-29 19:00:00+00:00,0.9971154465000008,0.9971154465000008,0.9968047900000009,0.9970299942000007
2026-06-29 20:00:00+00:00,0.9970647768000008,0.9972448200000009,0.9967779400000009,0.9967779400000009
2026-06-29 21:00:00+00:00,0.9963142570000008,0.9972457510000009,0.9960579070000009,0.9967737012000008
2026-06-29 22:00:00+00:00,0.9970681919000008,0.9971899136000008,0.9965342592000008,0.9965342592000008
2026-06-29 23:00:00+00:00,0.9966050388000008,0.9970699092000007,0.9963578715000008,0.9964356976000006
2026-06-30 00:00:00+00:00,0.9961857675000008,0.9962543855000008,0.9951985155000007,0.9955086960000008
2026-06-30 01:00:00+00:00,0.9953385170000008,0.9968933331000008,0.9949716693000008,0.9958684534000006
2026-06-30 02:00:00+00:00,0.9961094136000008,0.9962592255000009,0.9954243096000008,0.9956892474000008
2026-06-30 03:00:00+00:00,0.9958108734000007,0.9962153243000009,0.9958108734000007,0.9960057744000008
2026-06-30 04:00:00+00:00,0.9960908502000008,0.9966377246000007,0.9960269945000007,0.9962927202000007
2026-06-30 05:00:00+00:00,0.9963565932000008,0.9969302524000007,0.9961239297000009,0.9962090180000007
2026-06-30 06:00:00+00:00,0.9963425760000009,0.9971942910000009,0.9963425760000009,0.9970755032000008
2026-06-30 07:00:00+00:00,0.9969453582000009,0.9974724728000007,0.9967490880000007,0.9970241288000008
2026-06-30 08:00:00+00:00,0.9972432408000007,0.9978373608000008,0.9971595480000007,0.9978171584000008
2026-06-30 09:00:00+00:00,0.9977395896000008,0.9987214880000008,0.9977395896000008,0.9984049076000008
2026-06-30 10:00:00+00:00,0.9984901964000007,0.9989909694000008,0.9983603910000008,0.9989200680000008
2026-06-30 11:00:00+00:00,0.9987985866000008,0.9993391044000007,0.9987415855000007,0.9990081566000008
2026-06-30 12:00:00+00:00,0.9991011168000008,0.9991011168000008,0.9979421424000009,0.9979421424000009
2026-06-30 13:00:00+00:00,0.9981635105000007,0.9990033088000007,0.9980213880000008,0.9987618527000007
2026-06-30 14:00:00+00:00,0.9985904100000008,1.0014581897000008,0.9984902406000008,1.0009055019000008
2026-06-30 15:00:00+00:00,1.0010897175000009,1.0013805100000006,1.0003918044000006,1.0006026914000008
2026-06-30 16:00:00+00:00,1.0005319215000008,1.0006454768000008,1.0000845414000008,1.0004103236000006
2026-06-30 17:00:00+00:00,1.0004386984000007,1.0011839362000008,1.0004386984000007,1.000993658400001
2026-06-30 18:00:00+00:00,1.0009374584000006,1.0014620472000009,1.000923406400001,1.0013055536000006
2026-06-30 19:00:00+00:00,1.0013978374000008,1.001517993600001,1.000219424400001,1.0002760756000009
2026-06-30 20:00:00+00:00,1.0002409065000009,1.0008891967000009,0.9999509520000007,1.0004716752000007
2026-06-30 21:00:00+00:00,1.0000611738000007,1.000224244800001,0.9995161538000008,1.0001675556000007
2026-06-30 22:00:00+00:00,1.0006058424000006,1.0006485450000007,1.0001100695000007,1.0003296272000006
2026-06-30 23:00:00+00:00,1.0002305872000008,1.0006598121000008,1.000144683000001,1.0004458341000009
2026-07-01 00:00:00+00:00,1.0002973344000008,1.0007079342000007,0.9992372661000007,0.9992372661000007
2026-07-01 01:00:00+00:00,0.9993014052000007,0.9995134214000007,0.9981185648000007,0.9983603604000008
2026-07-01 02:00:00+00:00,0.9981829470000007,0.9983041092000007,0.9973293617000006,0.9979630816000008
2026-07-01 03:00:00+00:00,0.9978774652000006,0.9982268975000008,0.9977992997000008,0.9981912048000007
2026-07-01 04:00:00+00:00,0.9980281465000007,0.9981938168000007,0.9974520940000006,0.9980654346000009
2026-07-01 05:00:00+00:00,0.9981151777000008,0.9983515210000006,0.9978667214000008,0.9981313890000008
2026-07-01 06:00:00+00:00,0.9981809946000008,0.9981809946000008,0.9976110960000009,0.9980856050000008
2026-07-01 07:00:00+00:00,0.9981267054000006,0.9985612176000007,0.9975945084000009,0.9983900916000007
2026-07-01 08:00:00+00:00,0.9984468780000008,0.9988846686000007,0.9981468230000007,0.9985147744000008
2026-07-01 09:00:00+00:00,0.9985211061000007,0.9988692660000007,0.9983710440000008,0.9983710440000008
2026-07-01 10:00:00+00:00,0.9983208169000007,0.9990594630000008,0.9981880032000007,0.9989949521000008
2026-07-01 11:00:00+00:00,0.9990585318000007,0.9990585318000007,0.9987036668000006,0.9987775641000007
2026-07-01 12:00:00+00:00,0.9988140636000007,0.9995164740000008,0.9983991600000008,0.9993172252000008
2026-07-01 13:00:00+00:00,0.9993900150000007,0.9999613968000007,0.9984982113000007,0.9992746176000008
2026-07-01 14:00:00+00:00,0.9995460250000007,0.9995460250000007,0.9986425923000006,0.9989370560000008
2026-07-01 15:00:00+00:00,0.9987815320000007,0.9989366664000007,0.9983747137000009,0.9989358680000008
2026-07-01 16:00:00+00:00,0.9991846449000007,0.9992857410000007,0.9988983414000008,0.9989698264000008
2026-07-01 17:00:00+00:00,0.9990767080000008,0.9991189600000008,0.9987921984000008,0.9989249200000008
2026-07-01 18:00:00+00:00,0.9989535348000008,0.9990526525000007,0.9984330720000008,0.9985971450000005
2026-07-01 19:00:00+00:00,0.9987392145000005,0.9988736384000005,0.9982569870000005,0.9982569870000005
2026-07-01 20:00:00+00:00,0.9982641478000004,0.9983198958000006,0.9979514864000005,0.9982284707000006
2026-07-01 21:00:00+00:00,0.9974457840000006,0.9982740122000006,0.9974457840000006,0.9982502088000007
2026-07-01 22:00:00+00:00,0.9984813825000008,0.9986936985000009,0.9984665129000009,0.9984665129000009
2026-07-01 23:00:00+00:00,0.9984097165000009,0.998500434000001,0.9980403984000011,0.9980825712000011
2026-07-02 00:00:00+00:00,0.9981573924000011,0.9981573924000011,0.997478086800001,0.997962087600001
2026-07-02 01:00:00+00:00,0.998190390000001,0.9987805610000011,0.998190390000001,0.998489856000001
2026-07-02 02:00:00+00:00,0.998561845600001,0.9990251691000009,0.9984537801000012,0.9984537801000012
2026-07-02 03:00:00+00:00,0.9985679978000012,0.9985679978000012,0.9974648000000012,0.998403091200001
2026-07-02 04:00:00+00:00,0.998403760200001,0.998596769100001,0.998041932900001,0.998440620800001
2026-07-02 05:00:00+00:00,0.9984195200000009,0.998751915000001,0.998169298500001,0.9983761574000011
2026-07-02 06:00:00+00:00,0.998471124500001,0.998471124500001,0.9976520295000011,0.9977740500000011
2026-07-02 07:00:00+00:00,0.997460586400001,0.997865390500001,0.996831939600001,0.996831939600001
2026-07-02 08:00:00+00:00,0.996995681800001,0.9989355805000009,0.996995681800001,0.998800347200001
2026-07-02 09:00:00+00:00,0.9987716228000011,0.998849531700001,0.998271187200001,0.998493153000001
2026-07-02 10:00:00+00:00,0.998357857600001,0.9984361671000009,0.9980635227000011,0.998317739100001
2026-07-02 11:00:00+00:00,0.998387991000001,0.998387991000001,0.9974832108000011,0.997489535700001
2026-07-02 12:00:00+00:00,0.997426293600001,1.001083456000001,0.9973412688000011,0.9999444068000009
2026-07-02 13:00:00+00:00,0.9998516056000011,1.001876528000001,0.999823935600001,1.001756403200001
2026-07-02 14:00:00+00:00,1.001600734200001,1.002110180400001,1.000671672000001,1.001763313600001
2026-07-02 15:00:00+00:00,1.001593216000001,1.002301445600001,1.000991538300001,1.0013522580000012
2026-07-02 16:00:00+00:00,1.001267016000001,1.001274286300001,1.0000640896000008,1.0000640896000008
2026-07-02 17:00:00+00:00,1.0000424500000011,1.000163072400001,0.999192541900001,0.999192541900001
2026-07-02 18:00:00+00:00,0.9991645818000011,0.9997811490000009,0.9991645818000011,0.9997449930000012
2026-07-02 19:00:00+00:00,0.9996738981000011,1.000055922900001,0.9990859540000011,0.9999926936000009
2026-07-02 20:00:00+00:00,0.999850878000001,1.0002827016000009,0.9990653974000011,0.9990653974000011
2026-07-02 21:00:00+00:00,0.9988043772000011,0.9993699504000009,0.9981107422000008,0.998946536400001
2026-07-02 22:00:00+00:00,0.9996394006000011,0.999893089800001,0.999568389600001,0.999673702500001
2026-07-02 23:00:00+00:00,0.9998010882000009,0.9999711155000011,0.9993959300000009,0.999643752000001
2026-07-03 00:00:00+00:00,0.999722075200001,0.9998342850000009,0.999252601600001,0.9997726089000009
2026-07-03 01:00:00+00:00,0.999723155200001,1.001345922000001,0.999723155200001,1.000850185600001
2026-07-03 02:00:00+00:00,1.0008290398000008,1.001331829200001,1.000658932000001,1.001268156000001
2026-07-03 03:00:00+00:00,1.0012044750000009,1.001345985800001,1.0008577280000008,1.001062967800001
2026-07-03 04:00:00+00:00,1.001062967800001,1.001395302200001,1.000900252800001,1.001133617000001
2026-07-03 05:00:00+00:00,1.001140685000001,1.0014797610000008,1.000991951100001,1.001055683000001
2026-07-03 06:00:00+00:00,1.0013244332000009,1.002476970000001,1.0012961304000012,1.002166738000001
2026-07-03 07:00:00+00:00,1.0020748344000008,1.002931284600001,1.0020748344000008,1.002768560400001
2026-07-03 08:00:00+00:00,1.002719041600001,1.003051837200001,1.002428874000001,1.002506759800001
2026-07-03 09:00:00+00:00,1.0025492211000009,1.0028324460000009,1.002195150000001,1.002272891200001
2026-07-03 10:00:00+00:00,1.0023012960000008,1.002761571600001,1.0023012960000008,1.0026128050000012
2026-07-03 11:00:00+00:00,1.002626870400001,1.003391436000001,1.002626870400001,1.003292416000001
2026-07-03 12:00:00+00:00,1.003462297600001,1.003787724800001,1.003462297600001,1.0035041076000009
2026-07-03 13:00:00+00:00,1.003617565200001,1.003617565200001,1.0029943120000009,1.003128787700001
2026-07-03 14:00:00+00:00,1.0031926080000009,1.003391088000001,1.002781888000001,1.002930437800001
2026-07-03 15:00:00+00:00,1.003015506400001,1.0035324720000007,1.003015506400001,1.0033129165000012
2026-07-03 16:00:00+00:00,1.0034048640000008,1.003631747400001,1.003404382400001,1.003631747400001
2026-07-03 17:00:00+00:00,1.003624670700001,1.003745093000001,1.003504420000001,1.0035609804000007
2026-07-03 18:00:00+00:00,1.003610628100001,1.003610628100001,1.003284940500001,1.003398315100001
2026-07-03 19:00:00+00:00,1.003582518900001,1.003610628100001,1.0032633894000011,1.0033127299000009
2026-07-03 20:00:00+00:00,1.003489700000001,1.003503492000001,1.0028519580000008,1.0028519580000008
2026-07-05 21:00:00+00:00,1.002923674200001,1.0043624724000009,1.002831598500001,1.004171028000001
2026-07-05 22:00:00+00:00,1.0046737660000011,1.0047507860000011,1.004347283000001,1.004559685500001
2026-07-05 23:00:00+00:00,1.0045810188000008,1.004730059400001,1.004474370000001,1.004545495000001
2026-07-06 00:00:00+00:00,1.004339177400001,1.004906880000001,1.004139405000001,1.004346646500001
2026-07-06 01:00:00+00:00,1.0040909900000008,1.0047223632000009,1.003962123600001,1.003962123600001
2026-07-06 02:00:00+00:00,1.0042462135000012,1.0042819638000011,1.003700113200001,1.0037429040000012
2026-07-06 03:00:00+00:00,1.0037501265000008,1.003757442400001,1.003060235400001,1.003501044000001
2026-07-06 04:00:00+00:00,1.0034301230000011,1.0043817576000011,1.003415927200001,1.004289521400001
2026-07-06 05:00:00+00:00,1.0041899478000011,1.0044671840000012,1.003933783500001,1.0039693554000009
2026-07-06 06:00:00+00:00,1.004104545500001,1.004628674800001,1.003720540500001,1.0042304307000007
2026-07-06 07:00:00+00:00,1.004037810000001,1.005650145900001,1.004037810000001,1.005628816000001
2026-07-06 08:00:00+00:00,1.0056713392000012,1.0057777200000013,1.005094646800001,1.005647638900001
2026-07-06 09:00:00+00:00,1.005498160200001,1.005675346200001,1.0053417300000012,1.005391377700001
2026-07-06 10:00:00+00:00,1.005469865400001,1.005469865400001,1.004884550800001,1.005188672000001
2026-07-06 11:00:00+00:00,1.0052098515000012,1.0056627026000011,1.0050744438000012,1.005343928000001
2026-07-06 12:00:00+00:00,1.005351797500001,1.005776722000001,1.005061228500001,1.005261033100001
2026-07-06 13:00:00+00:00,1.005183027200001,1.005769535600001,1.004549312000001,1.0052431840000011
2026-07-06 14:00:00+00:00,1.005271542600001,1.006491535800001,1.005271542600001,1.006110429200001
2026-07-06 15:00:00+00:00,1.006188857000001,1.006416300400001,1.005791880000001,1.006289887000001
2026-07-06 16:00:00+00:00,1.006290059200001,1.0068223140000012,1.006290059200001,1.0068223140000012
2026-07-06 17:00:00+00:00,1.006879124400001,1.007539752000001,1.006879124400001,1.0073408415000011
2026-07-06 18:00:00+00:00,1.0073763634000008,1.0080153664000011,1.0073763634000008,1.0078662898000008
2026-07-06 19:00:00+00:00,1.0078450252000013,1.0079089174000009,1.007461629400001,1.007511371100001
2026-07-06 20:00:00+00:00,1.007518457400001,1.007667565800001,1.006581849600001,1.006581849600001
2026-07-06 21:00:00+00:00,1.006347737900001,1.0074758616000008,1.006347737900001,1.007128169700001
2026-07-06 22:00:00+00:00,1.007426065500001,1.0076958850000008,1.007397819000001,1.007660392200001
2026-07-06 23:00:00+00:00,1.0076816585000008,1.0079869272000008,1.007454635700001,1.007454635700001
2026-07-07 00:00:00+00:00,1.0074475400000007,1.0075752896000008,1.0069362348000008,1.0069362348000008
2026-07-07 01:00:00+00:00,1.0069007091000006,1.008178577600001,1.0067445102000006,1.0079302168000008
2026-07-07 02:00:00+00:00,1.0079585964000009,1.008043751600001,1.0072343112000008,1.0072839759000007
2026-07-07 03:00:00+00:00,1.0073621220000009,1.0075184270000008,1.0064243868000007,1.0068719621000009
2026-07-07 04:00:00+00:00,1.006935839600001,1.0071277385000008,1.006289499400001,1.006289499400001
2026-07-07 05:00:00+00:00,1.0062043819000006,1.0063037376000008,1.0055430972000008,1.0062468877000008
2026-07-07 06:00:00+00:00,1.0062398384000006,1.0063824750000008,1.0055296584000006,1.0063824750000008
2026-07-07 07:00:00+00:00,1.0063822110000007,1.0066165215000007,1.005976336800001,1.005976336800001
2026-07-07 08:00:00+00:00,1.0061044968000008,1.0065382620000007,1.005672798400001,1.005942262800001
2026-07-07 09:00:00+00:00,1.0058712648000008,1.0064394070000007,1.0058712648000008,1.0061834832000007
2026-07-07 10:00:00+00:00,1.0063181688000007,1.0065883555000008,1.0062682456000007,1.0064182219000009
2026-07-07 11:00:00+00:00,1.006226635600001,1.0070071478000007,1.006226635600001,1.0069857999000007
2026-07-07 12:00:00+00:00,1.0069573575000008,1.0079512525000007,1.0069146425000008,1.0076316192000008
2026-07-07 13:00:00+00:00,1.0075037688000008,1.0076385225000009,1.0051485792000008,1.0051485792000008
2026-07-07 14:00:00+00:00,1.0054254194000007,1.0054254194000007,1.004298570000001,1.004475660300001
2026-07-07 15:00:00+00:00,1.0044118032000007,1.0044331164000009,1.0033772392000007,1.003681507500001
2026-07-07 16:00:00+00:00,1.0036887120000006,1.0039082625000009,1.003398266500001,1.003823621500001
2026-07-07 17:00:00+00:00,1.0038165600000006,1.0041216118000007,1.0037600020000008,1.0040791042000008
2026-07-07 18:00:00+00:00,1.003965727500001,1.0041498935000006,1.0033552431000008,1.0034616528000007
2026-07-07 19:00:00+00:00,1.0033194968000008,1.0034544855000007,1.0025372616000006,1.0034544855000007
2026-07-07 20:00:00+00:00,1.0034117418000006,1.0035392928000009,1.0030140144000008,1.0030140144000008
2026-07-07 21:00:00+00:00,1.0022065092000008,1.0022065092000008,1.0008828870000008,1.001320869200001
2026-07-07 22:00:00+00:00,1.002076744600001,1.0024177558000007,1.002076744600001,1.0022274616000009
2026-07-07 23:00:00+00:00,1.002298377600001,1.0025179554000008,1.0020055986000012,1.0020059940000008
2026-07-08 00:00:00+00:00,1.001828466000001,1.003673791600001,1.001828466000001,1.003673791600001
2026-07-08 01:00:00+00:00,1.003574769000001,1.0040851968000009,1.003254057300001,1.0037872416000009
2026-07-08 02:00:00+00:00,1.003687907400001,1.004206534600001,1.003596552200001,1.003802155200001
2026-07-08 03:00:00+00:00,1.003894400600001,1.004610582400001,1.003894400600001,1.0040078004000008
2026-07-08 04:00:00+00:00,1.003915533000001,1.0041426448000008,1.0036813136000011,1.003717456600001
2026-07-08 05:00:00+00:00,1.003838056700001,1.0040153472000006,1.003264309400001,1.003441481500001
2026-07-08 06:00:00+00:00,1.003533606000001,1.003533606000001,1.002010971000001,1.0023084579000008
2026-07-08 07:00:00+00:00,1.002159705600001,1.002159705600001,1.001423656000001,1.0014307463000007
2026-07-08 08:00:00+00:00,1.0012327290000007,1.0012327290000007,0.9980990324000009,0.9980990324000009
2026-07-08 09:00:00+00:00,0.9979078535000009,0.9987294676000009,0.997369691500001,0.9981279056000009
2026-07-08 10:00:00+00:00,0.9983472082000009,0.999881654400001,0.9982414944000009,0.999428473600001
2026-07-08 11:00:00+00:00,0.9992300732000009,1.0003522770000008,0.998828539600001,1.000040123500001
2026-07-08 12:00:00+00:00,0.9997922700000007,1.0013375016000008,0.9997922700000007,1.0005435048000009
2026-07-08 13:00:00+00:00,1.000614780000001,1.0009414590000008,0.999774368700001,1.000000562500001
2026-07-08 14:00:00+00:00,0.999901877700001,1.0000504508000008,0.9990383615000008,0.9993493634000009
2026-07-08 15:00:00+00:00,0.9993917553000009,0.9996615027000009,0.9987728808000009,0.9991963532000009
2026-07-08 16:00:00+00:00,0.9992964070000009,1.000503570000001,0.999083628400001,1.0004326464000008
2026-07-08 17:00:00+00:00,1.000340895700001,1.001593654600001,1.0003197160000006,1.0009066914000007
2026-07-08 18:00:00+00:00,1.0009848096000007,1.0016006967000008,1.0009848096000007,1.0014450525000007
2026-07-08 19:00:00+00:00,1.0015865511000008,1.0015865511000008,1.001027601000001,1.0013459390000008
2026-07-08 20:00:00+00:00,1.0013176624000009,1.0013459390000008,1.0005319636000007,1.0006028286000008
2026-07-08 21:00:00+00:00,0.9995278664000008,1.0013528660000008,0.9994503025000007,1.0006945080000007
2026-07-08 22:00:00+00:00,1.001451759000001,1.001451759000001,1.0008574962000005,1.0009070352000007
2026-07-08 23:00:00+00:00,1.0009070352000007,1.0017351950000006,1.0009070352000007,1.0016219576000007
2026-07-09 00:00:00+00:00,1.0017422719000009,1.0018696645000007,1.0006879802000008,1.0009285524000004
2026-07-09 01:00:00+00:00,1.0008294912000006,1.0008365475000005,1.0001569700000008,1.0006243410000006
2026-07-09 02:00:00+00:00,1.0006809484000005,1.0014308975000006,1.0005536065000005,1.0007799206000008
2026-07-09 03:00:00+00:00,1.0007162334000006,1.0015511760000007,1.0003341348000006,1.0012610700000006
2026-07-09 04:00:00+00:00,1.0012186125000004,1.0015157831000006,1.000921385100001,1.0015157831000006
2026-07-09 05:00:00+00:00,1.0015440585000006,1.0016714565000007,1.0009426974000006,1.0016714565000007
2026-07-09 06:00:00+00:00,1.0020394120000005,1.0021448584000008,1.0014164996000006,1.0016075868000007
2026-07-09 07:00:00+00:00,1.0016854679000007,1.0026057954000005,1.001544120900001,1.0026057954000005
2026-07-09 08:00:00+00:00,1.0025561952000006,1.0032359072000008,1.002435720600001,1.0029167238000007
2026-07-09 09:00:00+00:00,1.0028741750000005,1.0029522400000006,1.0024071285000007,1.0025562554000007
2026-07-09 10:00:00+00:00,1.0024712256000006,1.0026624020000008,1.0014372684000008,1.001557891800001
2026-07-09 11:00:00+00:00,1.0016922036000007,1.002067720200001,1.0016922036000007,1.0019261472000007
2026-07-09 12:00:00+00:00,1.0019828816000007,1.0022377110000007,1.0015651590000008,1.0017065010000006
2026-07-09 13:00:00+00:00,1.0018906200000004,1.0031723715000005,1.0018906200000004,1.0031723715000005
2026-07-09 14:00:00+00:00,1.0029670076000008,1.0033423443000005,1.0021740300000008,1.0021740300000008
2026-07-09 15:00:00+00:00,1.0022235776000006,1.0028531124000009,1.0021881310000005,1.0024143360000006
2026-07-09 16:00:00+00:00,1.0024851064000007,1.0026759952000006,1.0020746574000006,1.0021172160000007
2026-07-09 17:00:00+00:00,1.0021666675000007,1.002775204800001,1.0021666675000007,1.0026691050000007
2026-07-09 18:00:00+00:00,1.0027965876000005,1.0028320166000009,1.0023084095000006,1.0025490190000006
2026-07-09 19:00:00+00:00,1.0026056985000005,1.0026056985000005,1.0021740272000008,1.0024288812000008
2026-07-09 20:00:00+00:00,1.0024571900000008,1.0025633727000005,1.0021810197000007,1.0021810197000007
2026-07-09 21:00:00+00:00,1.0017278850000007,1.0018696528000008,1.000843668000001,1.0015157856000008
2026-07-09 22:00:00+00:00,1.002011218800001,1.0024076136000009,1.002011218800001,1.0022164800000006
2026-07-09 23:00:00+00:00,1.0023226440000008,1.002350955000001,1.0021952180000009,1.002329634600001
2026-07-10 00:00:00+00:00,1.0024854724000005,1.0024854724000005,1.0014732144000007,1.0022371950000009
2026-07-10 01:00:00+00:00,1.0022725530000007,1.0026243612000008,1.0016991325000006,1.0022074552000009
2026-07-10 02:00:00+00:00,1.0020661508000006,1.0038912720000006,1.0020590632000008,1.0036585460000007
2026-07-10 03:00:00+00:00,1.003608892400001,1.0037997870000008,1.003158640000001,1.0033796304000009
2026-07-10 04:00:00+00:00,1.0033164350000008,1.0034229065000009,1.0030782960000009,1.0031344860000007
2026-07-10 05:00:00+00:00,1.0031274372000007,1.0032046702000008,1.0025556240000009,1.002689887500001
2026-07-10 06:00:00+00:00,1.0026543040000007,1.0033899260000008,1.002483918400001,1.002483918400001
2026-07-10 07:00:00+00:00,1.0024631182000008,1.0029235944000008,1.0023648011000008,1.0024851244000006
2026-07-10 08:00:00+00:00,1.0023294656000006,1.0028956938000007,1.0022093350000008,1.0024075533000005
2026-07-10 09:00:00+00:00,1.002414608000001,1.002994938400001,1.002265975100001,1.0028818200000007
2026-07-10 10:00:00+00:00,1.0030516272000005,1.003284630000001,1.0028601090000009,1.0028601090000009
2026-07-10 11:00:00+00:00,1.0030654322000008,1.0031649400000007,1.0021656159000008,1.0024133454000008
2026-07-10 12:00:00+00:00,1.0026116818000008,1.0029060052000005,1.001386186200001,1.0016970616000012
2026-07-10 13:00:00+00:00,1.0017612160000005,1.0030647410000009,1.001697880500001,1.002796276800001
2026-07-10 14:00:00+00:00,1.0026618224000006,1.0030019111000008,1.0012740991000009,1.0015498696000011
2026-07-10 15:00:00+00:00,1.0016772022000007,1.0023885075000007,1.0016419392000007,1.0021244150000008
2026-07-10 16:00:00+00:00,1.0022659920000008,1.0024564204000008,1.0014291144000007,1.0014291144000007
2026-07-10 17:00:00+00:00,1.0015000864000008,1.0021688792000005,1.0015000864000008,1.0021492971000008
2026-07-10 18:00:00+00:00,1.0021139436000004,1.0026389070000008,1.0021139436000004,1.0025254912000006
2026-07-10 19:00:00+00:00,1.0025253550000008,1.0029081724000009,1.0025253550000008,1.002865828600001
2026-07-10 20:00:00+00:00,1.0028371680000008,1.0030710396000009,1.0015270765000008,1.0020375295000008
2026-07-12 21:00:00+00:00,1.0027585411000006,1.0036571438000006,1.0027585411000006,1.0029222294000004
2026-07-12 22:00:00+00:00,1.0035880552000005,1.0035887500000005,1.0024143870000006,1.0031289992000005
2026-07-12 23:00:00+00:00,1.0030583443000005,1.0033694724000006,1.0030364136000005,1.0033190360000006
2026-07-13 00:00:00+00:00,1.0033971763000005,1.0037796406000006,1.0025346047000006,1.0025346047000006
2026-07-13 01:00:00+00:00,1.0024002828000005,1.0028316116000004,1.0020741624000005,1.0022436950000004
2026-07-13 02:00:00+00:00,1.0021730652000005,1.0027462359000006,1.0020601804000004,1.0021241725000005
2026-07-13 03:00:00+00:00,1.0021595376000005,1.0021595376000005,1.0012893828000007,1.0014870151000004
2026-07-13 04:00:00+00:00,1.0013314275000005,1.0013587207000003,1.0008930645000005,1.0013163814000003
2026-07-13 05:00:00+00:00,1.0012952260000005,1.0018954139000005,1.0009919046000004,1.0015226256000005
2026-07-13 06:00:00+00:00,1.0016073012000004,1.0016493744000003,1.0007092061000005,1.0013668800000006
2026-07-13 07:00:00+00:00,1.0014234544000005,1.0018826759000004,1.0007015536000006,1.0012576614000006
2026-07-13 08:00:00+00:00,1.0012997115000004,1.0018826188000005,1.0012058740000005,1.0013539978000006
2026-07-13 09:00:00+00:00,1.0012695700000005,1.0016663027000003,1.0012695700000005,1.0016663027000003
2026-07-13 10:00:00+00:00,1.0016521810000005,1.0016727318000005,1.0011918906000004,1.0014146650000004
2026-07-13 11:00:00+00:00,1.0013729220000005,1.0017737632000006,1.0012538034000005,1.0016994384000004
2026-07-13 12:00:00+00:00,1.0017416288000005,1.0019333961000005,1.0011922176000005,1.0018478492000005
2026-07-13 13:00:00+00:00,1.0018902762000004,1.0019988672000006,1.0008397760000005,1.0010384488000006
2026-07-13 14:00:00+00:00,1.0012081464000004,1.0012428825000004,1.0003326528000005,1.0010315139000006
2026-07-13 15:00:00+00:00,1.0011660256000006,1.0011660256000006,1.0005367104000005,1.0006427004000007
2026-07-13 16:00:00+00:00,1.0005719922000007,1.0008113676000006,0.9992102042000005,0.9994361031000005
2026-07-13 17:00:00+00:00,0.9994079164000005,1.0000156397000004,0.9992735088000004,0.9992735088000004
2026-07-13 18:00:00+00:00,0.9993088392000005,0.9996270492000006,0.9989910192000006,0.9995775361000006
2026-07-13 19:00:00+00:00,0.9995139504000006,0.9995777395000005,0.9992596468000005,0.9993445288000006
2026-07-13 20:00:00+00:00,0.9992314284000005,0.9994858932000006,0.9988921344000006,0.9990829856000005
2026-07-13 21:00:00+00:00,0.9987507604000004,0.9987931198000005,0.9978959492000007,0.9986022612000007
2026-07-13 22:00:00+00:00,0.9993726324000007,0.9994291336000009,0.9989203900000007,0.9989274590000005
2026-07-13 23:00:00+00:00,0.9989698523000006,0.9990614892000006,0.9986447734000006,0.9990614892000006
2026-07-14 00:00:00+00:00,0.9991676187000007,0.9991676187000007,0.9984399356000005,0.9988777282000006
2026-07-14 01:00:00+00:00,0.9988494272000006,0.9992023548000005,0.9983832264000007,0.9987501364000005
2026-07-14 02:00:00+00:00,0.9987358920000007,0.9990241837000007,0.9984660560000006,0.9985155880000006
2026-07-14 03:00:00+00:00,0.9986637352000006,0.9996439655000007,0.9984308805000005,0.9993336675000006
2026-07-14 04:00:00+00:00,0.9995170962000006,0.9997146348000007,0.9990437458000004,0.9997146348000007
2026-07-14 05:00:00+00:00,0.9997497558000006,1.0003349032000006,0.9997002184000006,0.9998980635000007
2026-07-14 06:00:00+00:00,0.9998764820000006,0.9999541786000007,0.9992849316000006,0.9992849316000006
2026-07-14 07:00:00+00:00,0.9991650473000007,0.9996490644000007,0.9988357350000006,0.9989283661000006
2026-07-14 08:00:00+00:00,0.9990482292000006,0.9990482292000006,0.9982650099000007,0.9984217556000006
2026-07-14 09:00:00+00:00,0.9983135715000007,0.9991415028000007,0.9983135715000007,0.9990498726000006
2026-07-14 10:00:00+00:00,0.9990430569000006,0.9993265014000006,0.9986796780000007,0.9990632360000007
2026-07-14 11:00:00+00:00,0.9989930088000006,1.0001306325000006,0.9989930088000006,1.0001306325000006
2026-07-14 12:00:00+00:00,1.0000676640000006,1.0022007660000005,0.9990580566000007,1.0006989370000006
2026-07-14 13:00:00+00:00,1.0007498144000004,1.0021778445000007,1.0003394688000007,1.0021778445000007
2026-07-14 14:00:00+00:00,1.0020835552000007,1.0024754896000005,1.0014011872000006,1.0019657890000007
2026-07-14 15:00:00+00:00,1.0018687458000006,1.0023881558000005,1.0007249301000005,1.0008267633000005
2026-07-14 16:00:00+00:00,1.0007373760000007,1.0011485618000007,1.0005688000000008,1.0009729049000007
2026-07-14 17:00:00+00:00,1.0009791432000006,1.0013330562000007,1.0007579475000006,1.0012215150000006
2026-07-14 18:00:00+00:00,1.0012422744000007,1.0013911285000006,1.0008297858000006,1.0009305528000005
2026-07-14 19:00:00+00:00,1.0009160898000007,1.0010942623000005,1.0005704604000005,1.0006924096000005
2026-07-14 20:00:00+00:00,1.0007005509000007,1.0008277808000006,1.0001215728000006,1.0002265221000006
2026-07-14 21:00:00+00:00,0.9999635928000006,1.000920000000001,0.9999280044000007,1.000871133500001
2026-07-14 22:00:00+00:00,1.000870327500001,1.000870327500001,1.000636837800001,1.000636837800001
2026-07-14 23:00:00+00:00,1.000644767900001,1.001026526400001,1.000459318400001,1.000622381200001
2026-07-15 00:00:00+00:00,1.000891946600001,1.001614196000001,1.0008489615000011,1.0015081032000008
2026-07-15 01:00:00+00:00,1.001422706400001,1.0016619918000012,1.000842298500001,1.001653638600001
2026-07-15 02:00:00+00:00,1.001514040100001,1.002004977600001,1.001184385000001,1.001956270000001
2026-07-15 03:00:00+00:00,1.001977182000001,1.002089661200001,1.001487648000001,1.0017316720000011
2026-07-15 04:00:00+00:00,1.001807747400001,1.001907207600001,1.001317102500001,1.001468365800001
2026-07-15 05:00:00+00:00,1.001609900800001,1.002289828800001,1.001307764000001,1.0021811535000011
2026-07-15 06:00:00+00:00,1.002224694600001,1.002644932000001,1.002184212400001,1.002300243600001
2026-07-15 07:00:00+00:00,1.002212295800001,1.002229692600001,1.0012805928000008,1.002117859000001
2026-07-15 08:00:00+00:00,1.002011501800001,1.002514311000001,1.001877786000001,1.002514311000001
2026-07-15 09:00:00+00:00,1.002527638800001,1.002880123200001,1.0023867840000011,1.0025263414000012
2026-07-15 10:00:00+00:00,1.002472416000001,1.002767385600001,1.002224088300001,1.002652574400001
2026-07-15 11:00:00+00:00,1.002764772000001,1.003148172000001,1.002617552700001,1.003141471200001
2026-07-15 12:00:00+00:00,1.003260176000001,1.0036575729000008,1.002838520000001,1.003530187600001
2026-07-15 13:00:00+00:00,1.003480665200001,1.004181110400001,1.003350419600001,1.004114480400001
2026-07-15 14:00:00+00:00,1.004055634400001,1.004319616000001,1.0034223650000011,1.0037946032000011
2026-07-15 15:00:00+00:00,1.003766001600001,1.0040209760000012,1.003367714400001,1.003418290000001
2026-07-15 16:00:00+00:00,1.0034664843000012,1.003474694400001,1.002629670000001,1.002801259200001
2026-07-15 17:00:00+00:00,1.003023492800001,1.004820567000001,1.002901988700001,1.004552004600001
2026-07-15 18:00:00+00:00,1.004591223000001,1.005017604800001,1.004469530900001,1.004476981200001
2026-07-15 19:00:00+00:00,1.004503874400001,1.004578758400001,1.0039770889000008,1.004230172500001
2026-07-15 20:00:00+00:00,1.0042585182000008,1.004458386800001,1.0038780375000012,1.0038780375000012
2026-07-15 21:00:00+00:00,1.003067720800001,1.003096329200001,1.0014205040000013,1.0018919922000016
2026-07-15 22:00:00+00:00,1.0025536276000016,1.0028608737000015,1.0025536276000016,1.0028256774000015
2026-07-15 23:00:00+00:00,1.0028242664000016,1.0031948160000015,1.0027647640000015,1.0028703376000014
2026-07-16 00:00:00+00:00,1.0030520037000015,1.0032443232000015,1.0015483372000014,1.0016448800000015
2026-07-16 01:00:00+00:00,1.0015660215000013,1.0016764805000016,1.0009925492000016,1.0014754300000015
2026-07-16 02:00:00+00:00,1.0014200444000014,1.0020312582000013,1.0009313254000014,1.0020243682000014
2026-07-16 03:00:00+00:00,1.0019968062000015,1.0025250480000016,1.0019687426000017,1.0025250480000016
2026-07-16 04:00:00+00:00,1.0025046670000015,1.0028413510000016,1.0022513713000014,1.0023006000000014
2026-07-16 05:00:00+00:00,1.0022518935000015,1.0024906385000016,1.0018833048000015,1.0018833048000015
2026-07-16 06:00:00+00:00,1.0019608510000015,1.0021740876000016,1.0016986580000016,1.0020274880000015
2026-07-16 07:00:00+00:00,1.0019515594000015,1.0021481619000014,1.0018047028000014,1.0020335508000013
2026-07-16 08:00:00+00:00,1.0021097898000015,1.0022209494000016,1.0015535572000014,1.0018592120000016
2026-07-16 09:00:00+00:00,1.0019150372000014,1.0025045448000014,1.0017988679000016,1.0019279880000016
2026-07-16 10:00:00+00:00,1.0018994064000015,1.0023573728000015,1.0018994064000015,1.0021965835000015
2026-07-16 11:00:00+00:00,1.0021116352000015,1.0024136820000016,1.0016539932000015,1.0024136820000016
2026-07-16 12:00:00+00:00,1.0024089444000015,1.0024089444000015,1.0006901100000014,1.0007826420000014
2026-07-16 13:00:00+00:00,1.0008735642000015,1.0013559296000014,1.0005703872000016,1.0010953268000014
2026-07-16 14:00:00+00:00,1.0014564224000013,1.0023533960000015,1.0014564224000013,1.0020561938000014
2026-07-16 15:00:00+00:00,1.0020296000000015,1.0024620827000015,1.0017361400000016,1.0017507150000013
2026-07-16 16:00:00+00:00,1.0017380916000014,1.0019123664000014,1.0012587750000015,1.0018138972000015
2026-07-16 17:00:00+00:00,1.0017302020000016,1.0020034465000016,1.0016550960000015,1.0018946427000015
2026-07-16 18:00:00+00:00,1.0019879320000014,1.0021888668000016,1.0017917305000015,1.0018534834000015
2026-07-16 19:00:00+00:00,1.0018726180000015,1.0019027130000016,1.0015113660000015,1.0019027130000016
2026-07-16 20:00:00+00:00,1.0018756624000014,1.0021536580000014,1.0015782276000014,1.0015782276000014
2026-07-16 21:00:00+00:00,1.0015104849000014,1.0021677180000015,1.0007254153000016,1.0015679038000014
2026-07-16 22:00:00+00:00,1.0020115792000015,1.0022139320000016,1.0020071220000015,1.0021264560000014
2026-07-16 23:00:00+00:00,1.0021044798000014,1.0023871000000015,1.0020289153000015,1.0023871000000015
2026-07-17 00:00:00+00:00,1.0024937910000016,1.0024937910000016,1.0012597245000017,1.0019266115000016
2026-07-17 01:00:00+00:00,1.0019474946000015,1.0019964087000015,0.9998372688000015,1.0000392207000013
2026-07-17 02:00:00+00:00,0.9999477244000013,1.0002344961000016,0.9995012420000016,0.9996426380000015
2026-07-17 03:00:00+00:00,0.9997609930000015,1.0005299102000014,0.9997058562000015,0.9997984348000015
2026-07-17 04:00:00+00:00,0.9995608632000015,0.9996730096000016,0.9990208060000014,0.9993719754000016
2026-07-17 05:00:00+00:00,0.9993011660000014,0.9994201984000015,0.9988929990000015,0.9992030400000015
2026-07-17 06:00:00+00:00,0.9993705330000014,1.0005866460000015,0.9993705330000014,0.9998759500000016
2026-07-17 07:00:00+00:00,0.9999928284000016,1.0003092747000015,0.9993674248000014,0.9994247505000015
2026-07-17 08:00:00+00:00,0.9995352759000016,1.0000232116000014,0.9979553091000014,0.9980403125000016
2026-07-17 09:00:00+00:00,0.9979904550000015,0.9982493175000016,0.9975360876000015,0.9979208596000015
2026-07-17 10:00:00+00:00,0.9979022458000014,0.9982771758000015,0.9974343715000017,0.9981596989000014
2026-07-17 11:00:00+00:00,0.9981390016000015,0.9981877367000015,0.9975810234000014,0.9979574544000015
2026-07-17 12:00:00+00:00,0.9980390560000014,0.9980390560000014,0.9971649864000014,0.9971649864000014
2026-07-17 13:00:00+00:00,0.9970010106000015,0.9974001818000016,0.9965932769000015,0.9972935286000014
2026-07-17 14:00:00+00:00,0.9974379003000013,0.9979538532000014,0.9972462577000014,0.9978912828000015
2026-07-17 15:00:00+00:00,0.9978366349000014,0.9986009815000014,0.9974938599000014,0.9985039890000015
2026-07-17 16:00:00+00:00,0.9983994144000016,0.9983994144000016,0.9978780888000014,0.9980482608000016
2026-07-17 17:00:00+00:00,0.9981467524000015,0.9984532380000014,0.9981204168000014,0.9982026539000015
2026-07-17 18:00:00+00:00,0.9981339939000015,0.9982934984000016,0.9979075262000014,0.9979105248000014
2026-07-17 19:00:00+00:00,0.9978891300000015,0.9983140936000015,0.9978001880000015,0.9982032720000016
2026-07-17 20:00:00+00:00,0.9980616996000016,0.9984300760000016,0.9979917456000016,0.9980681574000015
2026-07-19 21:00:00+00:00,0.9980203004000017,0.9981312900000011,0.9974325795000013,0.9981312900000011
2026-07-19 22:00:00+00:00,1.000091291500001,1.0007891916000011,1.0000711512000011,1.000622343500001
2026-07-19 23:00:00+00:00,1.0006567200000012,1.001147781600001,1.000615467600001,1.001147781600001
2026-07-20 00:00:00+00:00,1.0009449635000012,1.001723017900001,1.000726527600001,1.001474234400001
2026-07-20 01:00:00+00:00,1.001618821500001,1.002038109600001,1.0013855100000009,1.001564272800001
2026-07-20 02:00:00+00:00,1.001565178200001,1.002416231600001,1.001543721300001,1.002152701000001
2026-07-20 03:00:00+00:00,1.002258502000001,1.002538256900001,1.001916484800001,1.0022983222000008
2026-07-20 04:00:00+00:00,1.002297061800001,1.002876326600001,1.002297061800001,1.002639290400001
2026-07-20 05:00:00+00:00,1.002653291200001,1.002653291200001,1.002113157600001,1.0021856286000008
2026-07-20 06:00:00+00:00,1.002178473300001,1.002178473300001,1.001385214400001,1.0019454064000008
2026-07-20 07:00:00+00:00,1.0020356736000011,1.003954928900001,1.001732306400001,1.003824304000001
2026-07-20 08:00:00+00:00,1.003814572800001,1.004405584000001,1.003814572800001,1.004390011800001
2026-07-20 09:00:00+00:00,1.0043336280000008,1.0049557556000008,1.003901195200001,1.004724758400001
2026-07-20 10:00:00+00:00,1.004577035700001,1.005639208500001,1.004577035700001,1.005523829500001
2026-07-20 11:00:00+00:00,1.0055854732000011,1.0067366800000008,1.005240549600001,1.006591430700001
2026-07-20 12:00:00+00:00,1.006364727000001,1.006884874800001,1.005632404700001,1.006655156000001
2026-07-20 13:00:00+00:00,1.006690108600001,1.007458863000001,1.006320899400001,1.007261438700001
2026-07-20 14:00:00+00:00,1.007156310000001,1.0076376996000012,1.006619971500001,1.0068478496000008
2026-07-20 15:00:00+00:00,1.0068401300000012,1.007463485000001,1.006543385000001,1.0074001304000009
2026-07-20 16:00:00+00:00,1.007484184500001,1.007654868000001,1.007143517700001,1.007297819100001
2026-07-20 17:00:00+00:00,1.007352607200001,1.007623038500001,1.007215463800001,1.007289516000001
2026-07-20 18:00:00+00:00,1.007352035000001,1.007699334400001,1.007025039000001,1.007250739200001
2026-07-20 19:00:00+00:00,1.0072702775000009,1.007539600000001,1.006957512000001,1.007386016000001
2026-07-20 20:00:00+00:00,1.007383857600001,1.007603583000001,1.007099216100001,1.007405364800001
2026-07-20 21:00:00+00:00,1.006473840600001,1.008048998700001,1.0064666833000009,1.007434582000001
2026-07-20 22:00:00+00:00,1.007652895100001,1.0076610060000009,1.006999715700001,1.007275939800001
2026-07-20 23:00:00+00:00,1.007198653500001,1.007837895000001,1.007198653500001,1.0075138362000011
2026-07-21 00:00:00+00:00,1.0072949040000012,1.008310630600001,1.007071098600001,1.007911613500001
2026-07-21 01:00:00+00:00,1.007961244800001,1.008757159000001,1.007868374800001,1.008432207200001
2026-07-21 02:00:00+00:00,1.008424245000001,1.009146415200001,1.008424245000001,1.009009908000001
2026-07-21 03:00:00+00:00,1.009023984000001,1.009023984000001,1.008579184200001,1.008579184200001
2026-07-21 04:00:00+00:00,1.008642392400001,1.0088091956000012,1.008233121000001,1.008526667400001
2026-07-21 05:00:00+00:00,1.0084833785000011,1.0086935441000011,1.008389626200001,1.008595908900001
2026-07-21 06:00:00+00:00,1.008686649600001,1.009487658000001,1.008686649600001,1.0093736835000011
2026-07-21 07:00:00+00:00,1.009477167400001,1.009789599400001,1.009103280500001,1.0096426242000012
2026-07-21 08:00:00+00:00,1.009627359100001,1.010206283000001,1.009627359100001,1.010171282400001
2026-07-21 09:00:00+00:00,1.010164710300001,1.010457206700001,1.009670532500001,1.009792368000001
2026-07-21 10:00:00+00:00,1.0097930036000011,1.010130607200001,1.0092551775000012,1.009417890600001
2026-07-21 11:00:00+00:00,1.009190859200001,1.009822437000001,1.0088909325000008,1.009594756800001
2026-07-21 12:00:00+00:00,1.009667444000001,1.010082397500001,1.009390634200001,1.0100379140000009
2026-07-21 13:00:00+00:00,1.009960096000001,1.0103799822000008,1.008703281600001,1.009414364000001
2026-07-21 14:00:00+00:00,1.009333502700001,1.010392126200001,1.0093319685000008,1.009523847300001
2026-07-21 15:00:00+00:00,1.0096174968000011,1.010658772000001,1.009481586000001,1.010348677000001
2026-07-21 16:00:00+00:00,1.010527173600001,1.010655251400001,1.010140385800001,1.010320978200001
2026-07-21 17:00:00+00:00,1.010311848000001,1.010646170000001,1.010311848000001,1.010452410000001
2026-07-21 18:00:00+00:00,1.0105811907000009,1.0108910160000009,1.010473011900001,1.010768945900001
2026-07-21 19:00:00+00:00,1.010755073900001,1.0109335600000011,1.010209741000001,1.010372246300001
2026-07-21 20:00:00+00:00,1.010259208400001,1.010259208400001,1.009680843600001,1.0098379362000012
2026-07-21 21:00:00+00:00,1.009588420200001,1.010240199000001,1.009059768900001,1.0099019456000011
2026-07-21 22:00:00+00:00,1.009801694400001,1.010063357500001,1.0096611112000011,1.009896520000001
2026-07-21 23:00:00+00:00,1.0098973780000011,1.010101582400001,1.009823615000001,1.0100264280000013
2026-07-22 00:00:00+00:00,1.009972461600001,1.0112032570000011,1.009949207300001,1.0112032570000011
2026-07-22 01:00:00+00:00,1.011354650000001,1.011354650000001,1.010435126400001,1.0106521600000011
2026-07-22 02:00:00+00:00,1.010497065500001,1.010882992000001,1.010061567900001,1.010491065600001
2026-07-22 03:00:00+00:00,1.0104189340000012,1.0106313646000011,1.009751789100001,1.0098144690000008
2026-07-22 04:00:00+00:00,1.0098290140000012,1.0099407000000011,1.009648516800001,1.0098285696000011
2026-07-22 05:00:00+00:00,1.009856993600001,1.009856993600001,1.0091599571000012,1.0093892670000009
2026-07-22 06:00:00+00:00,1.009415908800001,1.009491290700001,1.0085284164000012,1.0088905792000011
2026-07-22 07:00:00+00:00,1.008869994000001,1.009034252000001,1.008111941100001,1.0082892736000013
2026-07-22 08:00:00+00:00,1.008353929500001,1.008813036000001,1.0081813280000012,1.008773091200001
2026-07-22 09:00:00+00:00,1.008743528400001,1.0089088974000011,1.008298424800001,1.0083944544000012
2026-07-22 10:00:00+00:00,1.008550348000001,1.009100569700001,1.008469274400001,1.008597633400001
2026-07-22 11:00:00+00:00,1.008569652800001,1.008701081500001,1.007617316400001,1.008057206200001
2026-07-22 12:00:00+00:00,1.008027435300001,1.008040131800001,1.0064246853000012,1.006804829900001
2026-07-22 13:00:00+00:00,1.006986905100001,1.0082003382000009,1.0069587333000012,1.0081271769000009
2026-07-22 14:00:00+00:00,1.008138010000001,1.008138010000001,1.0073794460000012,1.007909641500001
2026-07-22 15:00:00+00:00,1.0079669095000012,1.008558298900001,1.0078731344000011,1.008558298900001
2026-07-22 16:00:00+00:00,1.008530137500001,1.008530137500001,1.008194751000001,1.0084409686000009
2026-07-22 17:00:00+00:00,1.0085382125000009,1.0085382125000009,1.007919026400001,1.0079610692000012
2026-07-22 18:00:00+00:00,1.008003998000001,1.008003998000001,1.007728927800001,1.0077981748000011
2026-07-22 19:00:00+00:00,1.007805332000001,1.007913844500001,1.0077157639000012,1.007761685000001
2026-07-22 20:00:00+00:00,1.007867638100001,1.0083007872000012,1.007833025600001,1.0080320404000012
2026-07-22 21:00:00+00:00,1.0079821677000012,1.0081089030000012,1.0062930178000016,1.0066527445000015
2026-07-22 22:00:00+00:00,1.0072557210000015,1.0072557210000015,1.0068365640000017,1.0070254925000017
2026-07-22 23:00:00+00:00,1.0069830261000017,1.0071589440000017,1.0068690555000017,1.0069812605000017
2026-07-23 00:00:00+00:00,1.0070650724000016,1.0072933428000015,1.0069037060000017,1.0072275180000017
2026-07-23 01:00:00+00:00,1.0071809511000016,1.0104364632000016,1.0071115690000019,1.0092052350000014
2026-07-23 02:00:00+00:00,1.0092190276000017,1.0098940671000016,1.0089638559000018,1.0091986800000015
2026-07-23 03:00:00+00:00,1.0091349675000016,1.009548974400002,1.0089091680000017,1.009548974400002
2026-07-23 04:00:00+00:00,1.0095492764000016,1.009701485000002,1.0089037112000019,1.0090924935000019
2026-07-23 05:00:00+00:00,1.0089931941000017,1.0093290524000018,1.0086560704000016,1.0086560704000016
2026-07-23 06:00:00+00:00,1.0086459780000017,1.0087219604000017,1.0078993729000019,1.0078999227000016
2026-07-23 07:00:00+00:00,1.0077659310000013,1.0080479808000018,1.0072223514000014,1.0078270422000017
2026-07-23 08:00:00+00:00,1.0077503499000016,1.0080395329000018,1.0074754404000017,1.0078632624000015
2026-07-23 09:00:00+00:00,1.0079128930000016,1.0084234464000015,1.0078406208000017,1.0079682840000017
2026-07-23 10:00:00+00:00,1.0078349274000016,1.0082238804000019,1.0077602666000014,1.0080210822000018
2026-07-23 11:00:00+00:00,1.0079077319000014,1.0079506877000017,1.0066454787000014,1.0070156928000014
2026-07-23 12:00:00+00:00,1.0069398080000016,1.0069411976000018,1.0052464500000018,1.0053169169000016
2026-07-23 13:00:00+00:00,1.0052167356000017,1.0052167356000017,1.0038882856000018,1.0041870350000017
2026-07-23 14:00:00+00:00,1.0042413444000018,1.0054609455000016,1.0038347999000017,1.004756700400002
2026-07-23 15:00:00+00:00,1.0048712466000018,1.0052370150000018,1.0043840970000015,1.0050190220000017
2026-07-23 16:00:00+00:00,1.0050905760000017,1.0053352011000016,1.0047405918000016,1.0047405918000016
2026-07-23 17:00:00+00:00,1.0047269356000015,1.0047269356000015,1.0038076040000017,1.0038226212000017
2026-07-23 18:00:00+00:00,1.0038291888000017,1.0038291888000017,1.0029819828000015,1.0030300356000015
2026-07-23 19:00:00+00:00,1.0031292779000018,1.0035151242000018,1.0028303710000017,1.0035081742000016
2026-07-23 20:00:00+00:00,1.0037760228000014,1.0042104141000017,1.0036833354000014,1.0037833333000017
2026-07-23 21:00:00+00:00,1.0029128832000016,1.0034838859000017,1.0025328960000015,1.0033418502000018
2026-07-23 22:00:00+00:00,1.0035634070000017,1.0038752994000015,1.003563225600002,1.0038173456000015
2026-07-23 23:00:00+00:00,1.0038678067000018,1.0039654385000016,1.0037503548000017,1.0038127476000014
2026-07-24 00:00:00+00:00,1.0039184396000016,1.0041493760000018,1.0033617440000018,1.0040867098000015
2026-07-24 01:00:00+00:00,1.003881182000002,1.004437473600002,1.0036237768000018,1.0041803525000017
2026-07-24 02:00:00+00:00,1.0040967759000017,1.0048346004000017,1.0039848418000017,1.0041721749000017
2026-07-24 03:00:00+00:00,1.004354927700002,1.0046433240000017,1.0041430388000017,1.0042690856000018
2026-07-24 04:00:00+00:00,1.004261746600002,1.0046080394000017,1.0042248352000018,1.0044429285000018
2026-07-24 05:00:00+00:00,1.0044076398000015,1.0050302264000017,1.0043796800000018,1.0044930704000015
2026-07-24 06:00:00+00:00,1.0047956400000018,1.005399990000002,1.0047275560000017,1.005399990000002
2026-07-24 07:00:00+00:00,1.0055469403000017,1.0058285550000015,1.0051871800000016,1.0055768685000017
2026-07-24 08:00:00+00:00,1.0055487267000016,1.0063551247000015,1.0054785927000016,1.0062554763000018
2026-07-24 09:00:00+00:00,1.0062986010000017,1.0069608042000018,1.0062713476000016,1.0069608042000018
2026-07-24 10:00:00+00:00,1.0069181127000018,1.0070397555000015,1.0066557630000017,1.0068041165000017
2026-07-24 11:00:00+00:00,1.0068539600000017,1.0072369521000013,1.0067028760000014,1.0069767490000017
2026-07-24 12:00:00+00:00,1.0070404498000016,1.0070404498000016,1.0062420500000018,1.0066211246000016
2026-07-24 13:00:00+00:00,1.0067851384000017,1.0070363457000018,1.0058880568000015,1.0061129918000016
2026-07-24 14:00:00+00:00,1.0062147585000016,1.006507367400002,1.0061195716000018,1.006463046400002
2026-07-24 15:00:00+00:00,1.0064764524000018,1.0077287022000017,1.0064741904000014,1.0073894950000017
2026-07-24 16:00:00+00:00,1.0073560965000017,1.007503536600002,1.0069823670000015,1.0071001600000014
2026-07-24 17:00:00+00:00,1.0072215320000015,1.0073882700000014,1.0069671432000016,1.0073316963000016
2026-07-24 18:00:00+00:00,1.0073525280000015,1.0073958260000018,1.0067187788000018,1.0068303312000015
2026-07-24 19:00:00+00:00,1.0068021488000016,1.0068815295000018,1.0064514048000017,1.0067994682000017
2026-07-24 20:00:00+00:00,1.0068502184000017,1.006914870000002,1.0057622066000018,1.0058256936000016
2026-07-26 21:00:00+00:00,1.0058256936000016,1.0064405400000014,1.0047811667000015,1.0052385700000017
2026-07-26 22:00:00+00:00,1.0061844090000016,1.0062904530000014,1.0048700974000015,1.0049681928000014
2026-07-26 23:00:00+00:00,1.0049393040000014,1.0052975316000017,1.0047766725000016,1.0050496316000015
2026-07-27 00:00:00+00:00,1.0052290976000016,1.0053484948000015,1.0045161965000016,1.0045161965000016
2026-07-27 01:00:00+00:00,1.0045370312000015,1.0055123268000015,1.0045370312000015,1.0055123268000015
2026-07-27 02:00:00+00:00,1.0054207620000015,1.0054207620000015,1.0050051841000014,1.0050337437000016
2026-07-27 03:00:00+00:00,1.0051108560000015,1.0054040220000013,1.0048641112000016,1.0053340173000014
2026-07-27 04:00:00+00:00,1.0053986690000016,1.0054974424000016,1.0050556480000015,1.0051378582000015
2026-07-27 05:00:00+00:00,1.0052088500000016,1.0061033976000016,1.0052088500000016,1.0060197152000014
2026-07-27 06:00:00+00:00,1.0061529964000016,1.0078531114000016,1.0061529964000016,1.0073982380000015
2026-07-27 07:00:00+00:00,1.0074333769000017,1.0076907360000016,1.0065575793000017,1.0066870776000014
2026-07-27 08:00:00+00:00,1.0068324960000015,1.0071605482000017,1.0064446434000014,1.0071605482000017
2026-07-27 09:00:00+00:00,1.0069844250000015,1.0075679586000015,1.0069383090000013,1.0075055008000013
2026-07-27 10:00:00+00:00,1.0075265662000015,1.0077033312000017,1.0071596769000015,1.0075978185000016
2026-07-27 11:00:00+00:00,1.0076113755000016,1.0076113755000016,1.0070337882000016,1.0071053545000017
2026-07-27 12:00:00+00:00,1.0071535956000017,1.0072744578000015,1.0064215940000016,1.0069012320000015
2026-07-27 13:00:00+00:00,1.0068663825000017,1.0072101924000014,1.0062318798000016,1.0063377130000015
2026-07-27 14:00:00+00:00,1.0061777000000014,1.0068018126000018,1.0060517547000016,1.0067288341000016
2026-07-27 15:00:00+00:00,1.0066013629000017,1.0068109407000017,1.0063614708000015,1.0065936048000015
2026-07-27 16:00:00+00:00,1.0066154742000017,1.0073394160000015,1.0065804280000017,1.0069395520000015
2026-07-27 17:00:00+00:00,1.0069400341000017,1.0069400341000017,1.0064357248000015,1.0067977944000015
2026-07-27 18:00:00+00:00,1.0067915103000014,1.0069771667000016,1.0065380214000017,1.0069771667000016
2026-07-27 19:00:00+00:00,1.0069121660000016,1.0073916972000017,1.0069053145000018,1.0072925600000013
2026-07-27 20:00:00+00:00,1.0072931472000017,1.0072931472000017,1.0068134558000015,1.0068134558000015
2026-07-27 21:00:00+00:00,1.0067739220000014,1.0069734825000014,1.0062449440000016,1.0068880404000016
2026-07-27 22:00:00+00:00,1.0069964684000017,1.0071101472000017,1.0069255822000016,1.0069261470000015
2026-07-27 23:00:00+00:00,1.0068909144000016,1.0070342059000017,1.0067070651000016,1.0070052762000015
2026-07-28 00:00:00+00:00,1.0070211530000015,1.0072292396000013,1.0064767488000015,1.0068376666000016
2026-07-28 01:00:00+00:00,1.0068088350000015,1.0075945230000016,1.0064633810000017,1.0071510680000015
2026-07-28 02:00:00+00:00,1.0070867235000016,1.0079685666000016,1.0070867235000016,1.0073735936000017
2026-07-28 03:00:00+00:00,1.0072814508000014,1.0074160980000015,1.0055874178000015,1.0055874178000015
2026-07-28 04:00:00+00:00,1.0053622425000015,1.0053622425000015,1.0041978996000014,1.0043609674000014
2026-07-28 05:00:00+00:00,1.0043897597000015,1.0045098180000016,1.0036545014000016,1.0037254995000016
2026-07-28 06:00:00+00:00,1.0036338960000015,1.0047927540000017,1.0034509680000017,1.0046312135000015
2026-07-28 07:00:00+00:00,1.0045821680000016,1.0047054572000016,1.0035615338000015,1.0040220541000016
2026-07-28 08:00:00+00:00,1.0040075034000016,1.0042877172000015,1.0034631632000013,1.0041379032000015
2026-07-28 09:00:00+00:00,1.0041369000000016,1.0041577425000017,1.0032942000000016,1.0033150155000015
2026-07-28 10:00:00+00:00,1.0032797808000016,1.0033706319000015,1.0027549532000015,1.0028243090000015
2026-07-28 11:00:00+00:00,1.0029238308000017,1.0032495494000016,1.0024135920000017,1.0027179015000016
2026-07-28 12:00:00+00:00,1.0028523006000014,1.0039907724000017,1.0028523006000014,1.0037158868000016
2026-07-28 13:00:00+00:00,1.0036730970000016,1.0037953916000013,1.0026032511000014,1.0029384425000016
2026-07-28 14:00:00+00:00,1.0031429232000013,1.0032344900000014,1.0023844896000016,1.0027657264000016
2026-07-28 15:00:00+00:00,1.0029488276000016,1.0041737355000016,1.0025450688000017,1.0041737355000016
2026-07-28 16:00:00+00:00,1.0041588293000014,1.0043194320000017,1.0037408472000016,1.0037408472000016
2026-07-28 17:00:00+00:00,1.0038885090000014,1.0043389122000015,1.0038885090000014,1.0040000919000014
2026-07-28 18:00:00+00:00,1.0041130566000016,1.0041282285000015,1.0036029528000014,1.0039295734000016
2026-07-28 19:00:00+00:00,1.0039712130000014,1.0044386856000016,1.0039360236000014,1.0042572660000015
2026-07-28 20:00:00+00:00,1.0042926016000016,1.0043280653000015,1.0038034183000015,1.0038034183000015
2026-07-28 21:00:00+00:00,1.0028820525000015,1.0029947004000015,1.0023322500000016,1.0028067160000016
2026-07-28 22:00:00+00:00,1.0033861410000018,1.0034706312000015,1.0026589545000015,1.0031609826000014
2026-07-28 23:00:00+00:00,1.0030623760000017,1.0038594482000016,1.0030340484000015,1.0034438050000016
2026-07-29 00:00:00+00:00,1.0032335280000015,1.0035696088000012,1.0024180520000014,1.0024180520000014
2026-07-29 01:00:00+00:00,1.0022761026000016,1.0025012949000016,0.9989064834000015,0.9989486247000016
2026-07-29 02:00:00+00:00,0.9987869080000015,0.9998766726000015,0.9987869080000015,0.9990961280000015
2026-07-29 03:00:00+00:00,0.9990952194000015,0.9993280664000015,0.9983341016000015,0.9985940658000015
2026-07-29 04:00:00+00:00,0.9984463054000017,0.9993264410000015,0.9979806100000014,0.9991706040000014
2026-07-29 05:00:00+00:00,0.9992268625000016,0.9998965392000015,0.9991273709000016,0.9997205738000013
2026-07-29 06:00:00+00:00,0.9997823484000015,0.9999977754000015,0.9993330592000015,0.9996528600000015
2026-07-29 07:00:00+00:00,0.9998086233000014,0.9999613239000016,0.9988342875000015,0.9988909875000016
2026-07-29 08:00:00+00:00,0.9987498108000015,0.9987498108000015,0.9981088222000016,0.9984621780000016
2026-07-29 09:00:00+00:00,0.9983637040000015,0.9986807115000016,0.9981312577000016,0.9984564050000015
2026-07-29 10:00:00+00:00,0.9983932214000018,0.9988733664000016,0.9981318627000018,0.9982794438000017
2026-07-29 11:00:00+00:00,0.9982507952000016,0.9986100846000016,0.9979822476000018,0.9985471056000015
2026-07-29 12:00:00+00:00,0.9985896720000016,0.9987533358000016,0.9974942614000015,0.9979317020000016
2026-07-29 13:00:00+00:00,0.9980237680000015,0.9984466944000017,0.9976327209000017,0.9980462310000017
2026-07-29 14:00:00+00:00,0.9980884680000016,0.9982856760000015,0.9951903676000016,0.9952753300000015
2026-07-29 15:00:00+00:00,0.9951414213000016,0.9960713415000015,0.9951414213000016,0.9957534260000017
2026-07-29 16:00:00+00:00,0.9956056959000016,0.9961215120000015,0.9951415625000015,0.9961215120000015
2026-07-29 17:00:00+00:00,0.9962835183000015,0.9971930052000015,0.9961632928000017,0.9966914037000015
2026-07-29 18:00:00+00:00,0.9982925354000016,1.0005078127000016,0.9971401622000016,1.0000889106000015
2026-07-29 19:00:00+00:00,0.9999183612000015,1.0002448400000017,0.9958398606000016,0.9962540802000014
2026-07-29 20:00:00+00:00,0.9962245080000016,0.9964859444000016,0.9954069543000015,0.9962817902000015
2026-07-29 21:00:00+00:00,0.9960358003000016,0.9960358003000016,0.9949290750000017,0.9950839072000018
2026-07-29 22:00:00+00:00,0.9959634503000018,0.9964394730000019,0.9959634503000018,0.9963886894000018
2026-07-29 23:00:00+00:00,0.9964867908000018,0.9967625932000019,0.9961820310000018,0.9961820310000018
2026-07-30 00:00:00+00:00,0.9964277008000018,0.9969450014000019,0.9957257289000018,0.9963984276000019
2026-07-30 01:00:00+00:00,0.9963979701000019,0.9975027020000019,0.9962004969000018,0.997105149600002
2026-07-30 02:00:00+00:00,0.9972660000000018,0.9976108380000018,0.9965224152000018,0.9965224152000018
2026-07-30 03:00:00+00:00,0.9966136508000019,0.9968095787000019,0.9961174152000019,0.996208028200002
2026-07-30 04:00:00+00:00,0.9962497792000018,0.9967225460000019,0.9962497792000018,0.9963151600000019
2026-07-30 05:00:00+00:00,0.9961953986000018,0.9966495490000019,0.9959557681000019,0.9961169000000019
2026-07-30 06:00:00+00:00,0.9961381694000018,0.9967982553000019,0.9958511880000019,0.9966941740000018
2026-07-30 07:00:00+00:00,0.9970097113000019,0.9982087281000019,0.996980661600002,0.9971515476000018
2026-07-30 08:00:00+00:00,0.9971727017000018,0.9985474314000015,0.9971727017000018,0.9980033850000016
2026-07-30 09:00:00+00:00,0.9980027962000013,0.9995839632000016,0.9980027962000013,0.9990485764000019
2026-07-30 10:00:00+00:00,0.9991684140000014,0.9997098657000015,0.9990786500000016,0.9993681750000013
2026-07-30 11:00:00+00:00,0.9993662150000014,1.0001764532000017,0.9991498689000015,1.0000832400000013
2026-07-30 12:00:00+00:00,0.9999057868000016,1.0003361696000017,0.9996598136000017,1.0000041847000016
2026-07-30 13:00:00+00:00,1.0000596711000016,1.0028900427000016,0.9998198913000016,1.0028669625000017
2026-07-30 14:00:00+00:00,1.0026844968000015,1.0035331200000017,1.0011651000000015,1.0014069252000017
2026-07-30 15:00:00+00:00,1.0013209061000015,1.0031983530000017,1.0013209061000015,1.0027376190000012
2026-07-30 16:00:00+00:00,1.0028252004000016,1.003648019600002,1.0027079308000018,1.0028701179000017
2026-07-30 17:00:00+00:00,1.0028171900000016,1.0034182585000018,1.0028065689000016,1.0033810116000017
2026-07-30 18:00:00+00:00,1.0034509736000017,1.0036393409000015,1.0031288024000014,1.003283064800002
2026-07-30 19:00:00+00:00,1.0033636665000014,1.0041783452000017,1.0033636665000014,1.0041783452000017
2026-07-30 20:00:00+00:00,1.0041804080000016,1.0043794392000018,1.0037644136000017,1.0037644136000017
2026-07-30 21:00:00+00:00,1.0035569370000013,1.0037458112000015,1.0027323873000014,1.0037318016000014
2026-07-30 22:00:00+00:00,1.0040057730000016,1.0041486364000016,1.0038832419000012,1.0040304486000013
2026-07-30 23:00:00+00:00,1.0041339561000016,1.0042179735000016,1.0036545895000013,1.0038722190000011
2026-07-31 00:00:00+00:00,1.0039409760000018,1.0048145320000015,1.0038258945000011,1.0048090074000013
2026-07-31 01:00:00+00:00,1.0049833404000017,1.0049888490000012,1.0039406520000012,1.0042180542000017
2026-07-31 02:00:00+00:00,1.0040912868000016,1.0043282798000015,1.0033750281000013,1.0042656893000013
2026-07-31 03:00:00+00:00,1.0042604160000015,1.0047090300000014,1.0039566660000012,1.0044865692000016
2026-07-31 04:00:00+00:00,1.0045354715000014,1.0050091324000014,1.0043787610000015,1.0047815680000012
2026-07-31 05:00:00+00:00,1.0047329825000015,1.0052343639000012,1.0047261320000014,1.0051893720000016
2026-07-31 06:00:00+00:00,1.0050195452000015,1.0058001316000016,1.0050195452000015,1.0052570853000016
2026-07-31 07:00:00+00:00,1.0050233760000014,1.0057041225000014,1.0049722962000014,1.0053797565000016
2026-07-31 08:00:00+00:00,1.0053517183000014,1.0062553347000014,1.0047429868000015,1.0060818624000016
2026-07-31 09:00:00+00:00,1.0061267467000017,1.0061267467000017,1.0048526856000013,1.0053541629000018
2026-07-31 10:00:00+00:00,1.0053787080000014,1.0056894867000015,1.0052666350000017,1.0054162600000012
2026-07-31 11:00:00+00:00,1.0053536521000015,1.0056105804000015,1.0044391375000015,1.0048206516000013
2026-07-31 12:00:00+00:00,1.0046459301000015,1.0050134784000015,1.0038740216000015,1.0038740216000015
2026-07-31 13:00:00+00:00,1.0037477093000013,1.0044018600000015,1.0027453708000011,1.0027624160000015
2026-07-31 14:00:00+00:00,1.0029119298000015,1.0051813754000014,1.0025074850000015,1.0049456260000014
2026-07-31 15:00:00+00:00,1.0048999345000011,1.0051080048000014,1.0042332542000014,1.0050993369000012
2026-07-31 16:00:00+00:00,1.0049924690000016,1.0055167710000015,1.0048342356000013,1.0052957303000014
2026-07-31 17:00:00+00:00,1.0053013696000015,1.0061012983000015,1.0053013696000015,1.0058322204000014
2026-07-31 18:00:00+00:00,1.0058746066000015,1.0061384564000015,1.0058469056000012,1.0061053867000014
2026-07-31 19:00:00+00:00,1.0061710275000015,1.0064837250000014,1.0057946634000015,1.0057946634000015
2026-07-31 20:00:00+00:00,1.0059245040000016,1.0065528980000018,1.0039846200000015,1.0039846200000015
2026-08-02 21:00:00+00:00,1.0042068192000013,1.0042068192000013,1.0027657500000018,1.0027657500000018
2026-08-02 22:00:00+00:00,1.0040950140000016,1.0048960341000017,1.0040950140000016,1.0043351280000015
2026-08-02 23:00:00+00:00,1.0043426124000017,1.0045915399000016,1.0041367584000016,1.0044657007000015
2026-08-03 00:00:00+00:00,1.0044005790000017,1.0045854504000016,1.0038734580000015,1.0045692750000015
2026-08-03 01:00:00+00:00,1.0045946196000017,1.0047322215000016,1.0036312832000016,1.0040853620000016
2026-08-03 02:00:00+00:00,1.0040292208000017,1.0040914224000017,1.0035046072000016,1.0037707706000016
2026-08-03 03:00:00+00:00,1.0037710368000017,1.0038282464000017,1.0034987625000018,1.0036536984000015
2026-08-03 04:00:00+00:00,1.0036248381000017,1.0040589180000017,1.0036105387000018,1.0038142092000015
2026-08-03 05:00:00+00:00,1.0038970964000016,1.0042430190000018,1.0037927559000015,1.0042430190000018
2026-08-03 06:00:00+00:00,1.0041995172000016,1.0043729472000016,1.0036670016000016,1.0036802872000017
2026-08-03 07:00:00+00:00,1.0037494790000017,1.0038826556000016,1.0025687088000017,1.0026106180000016
2026-08-03 08:00:00+00:00,1.0025129790000016,1.0025129790000016,1.0013248696000017,1.0014020135000017
2026-08-03 09:00:00+00:00,1.0014359420000016,1.0014359420000016,1.0006653342000016,1.0006653342000016
2026-08-03 10:00:00+00:00,1.0005955044000017,1.0006510860000015,1.0000190160000015,1.0003440320000017
2026-08-03 11:00:00+00:00,1.0003363276000017,1.0004869568000017,1.0000455464000015,1.0003775997000017
2026-08-03 12:00:00+00:00,1.0003285956000016,1.0004631441000016,0.9995332096000016,0.9996930840000016
2026-08-03 13:00:00+00:00,0.9995868885000017,0.9998048376000017,0.9983524440000017,0.9988039490000017
2026-08-03 14:00:00+00:00,0.9989607380000016,0.9995763972000016,0.9987578535000017,0.9995497200000016
2026-08-03 15:00:00+00:00,0.9995578268000016,1.0002198752000018,0.9995578268000016,0.9999824445000016
2026-08-03 16:00:00+00:00,0.9999056850000015,1.0000628820000017,0.9996800080000017,0.9998235072000016
2026-08-03 17:00:00+00:00,0.9996558638000016,0.9997517620000016,0.9995461632000017,0.9997463760000015
2026-08-03 18:00:00+00:00,0.9998032800000016,1.0002464624000016,0.9997375340000016,1.0002464624000016
2026-08-03 19:00:00+00:00,1.0002168288000017,1.0003944558000015,1.0000759728000015,1.0002816800000016
2026-08-03 20:00:00+00:00,1.0002959200000017,1.0005359133000016,1.0002133165000016,1.0002820614000016
2026-08-03 21:00:00+00:00,0.9993923880000016,1.0000669082000015,0.9993923880000016,0.9998720095000017
2026-08-03 22:00:00+00:00,1.0003448040000016,1.0003448040000016,1.0001144043000016,1.0002891812000014
2026-08-03 23:00:00+00:00,1.0002535822000016,1.0002535822000016,1.0000162365000016,1.0000866739000018
2026-08-04 00:00:00+00:00,1.0001001681000015,1.0008527865000016,1.0001001681000015,1.0002522375000016
2026-08-04 01:00:00+00:00,1.0001136575000016,1.0023111948000016,1.0000797408000015,1.0022273432000015
2026-08-04 02:00:00+00:00,1.0021283470000015,1.0028254369000016,1.0018648200000018,1.0026374272000016
2026-08-04 03:00:00+00:00,1.0028314416000017,1.0032914940000015,1.0026568405000018,1.0029003068000018
2026-08-04 04:00:00+00:00,1.0029279384000016,1.0032112244000018,1.0026838164000016,1.0029855180000016
2026-08-04 05:00:00+00:00,1.0029226443000017,1.0034152900000015,1.0028450340000017,1.0033793110000016
2026-08-04 06:00:00+00:00,1.0034150060000018,1.0042457519000016,1.0031561824000017,1.0035457014000018
2026-08-04 07:00:00+00:00,1.0036998080000017,1.0040330652000016,1.0032385407000017,1.0032385407000017
2026-08-04 08:00:00+00:00,1.0033367005000016,1.0035072000000018,1.0030860389000016,1.0031336190000015
2026-08-04 09:00:00+00:00,1.0030062616000017,1.0036603570000018,1.0028446557000017,1.0036162125000017
2026-08-04 10:00:00+00:00,1.0037152659000015,1.0046772834000017,1.0036955904000016,1.0045415702000016
2026-08-04 11:00:00+00:00,1.0044938190000017,1.0058247744000017,1.0044938190000017,1.0057907277000016
2026-08-04 12:00:00+00:00,1.0058119420000016,1.0063534208000016,1.0055831500000016,1.0063534208000016
2026-08-04 13:00:00+00:00,1.0062344456000014,1.0072155136000016,1.0061523864000017,1.0067766648000016
2026-08-04 14:00:00+00:00,1.0066490766000016,1.0070447040000017,1.0064352480000016,1.0066346620000017
2026-08-04 15:00:00+00:00,1.0065707460000015,1.0075183300000017,1.0064462194000017,1.0074830199000016
2026-08-04 16:00:00+00:00,1.0075035366000016,1.0081167688000017,1.0073482272000016,1.0079523558000016
2026-08-04 17:00:00+00:00,1.0080425616000017,1.0082268012000017,1.0078642935000017,1.0079060400000015
2026-08-04 18:00:00+00:00,1.0079062829000016,1.0083129680000016,1.0079062829000016,1.0082487717000017
2026-08-04 19:00:00+00:00,1.0082344395000016,1.0086376872000016,1.0080722492000016,1.0084194526000017
2026-08-04 20:00:00+00:00,1.0084765239000015,1.0085591040000017,1.0079886505000015,1.0080117580000016
2026-08-04 21:00:00+00:00,1.0071249630000016,1.0078450668000016,1.0067059947000014,1.0078450668000016
2026-08-04 22:00:00+00:00,1.0080199871000017,1.0084764816000016,1.0080199871000017,1.0084764816000016
2026-08-04 23:00:00+00:00,1.0084279272000016,1.0087016711000016,1.0082686896000017,1.0082686896000017
2026-08-05 00:00:00+00:00,1.0084329983000018,1.0091174856000016,1.0079405238000017,1.0079686652000015
2026-08-05 01:00:00+00:00,1.0078640250000017,1.0083979794000018,1.0076885087000016,1.0083979794000018
2026-08-05 02:00:00+00:00,1.0084053942000017,1.0092691206000017,1.0080752081000015,1.0088757975000016
2026-08-05 03:00:00+00:00,1.0089100750000017,1.0090561426000018,1.0087999065000017,1.0089791340000018
2026-08-05 04:00:00+00:00,1.0090840235000016,1.0096919040000014,1.0089955714000016,1.0090874568000017
2026-08-05 05:00:00+00:00,1.0089618075000018,1.0091033550000017,1.0086577522000018,1.0089743274000016
2026-08-05 06:00:00+00:00,1.0090956680000018,1.0095408147000016,1.0087712335000019,1.009221837000002
2026-08-05 07:00:00+00:00,1.0091788200000018,1.0092762912000015,1.0079754449000016,1.0084675148000017
2026-08-05 08:00:00+00:00,1.008480256000002,1.0086727324000015,1.0080052494000016,1.0080551382000018
2026-08-05 09:00:00+00:00,1.0081515843000017,1.0083239000000015,1.0078522311000015,1.0081330545000016
2026-08-05 10:00:00+00:00,1.0081333200000018,1.0081773740000017,1.0075450340000018,1.0076847062000016
2026-08-05 11:00:00+00:00,1.0075964195000016,1.0080087900000019,1.0075409550000016,1.0077019030000016
2026-08-05 12:00:00+00:00,1.0077268656000018,1.0079054440000017,1.0073361840000015,1.0074265600000016
2026-08-05 13:00:00+00:00,1.0076198170000017,1.0078441634000017,1.0068610692000015,1.0076343480000016
2026-08-05 14:00:00+00:00,1.0077362297000017,1.0084060206000014,1.0063445860000018,1.0065206940000015
2026-08-05 15:00:00+00:00,1.0065897996000017,1.0066924206000016,1.0054135673000018,1.005462805600002
2026-08-05 16:00:00+00:00,1.0054599310000016,1.0063588156000016,1.0052786120000017,1.0062237990000018
2026-08-05 17:00:00+00:00,1.0062225362000017,1.0064509688000016,1.0060135959000018,1.0063313260000017
2026-08-05 18:00:00+00:00,1.0062659997000016,1.0063404288000017,1.0060728136000017,1.0061090688000016
2026-08-05 19:00:00+00:00,1.006235520800002,1.006235520800002,1.0056610116000018,1.0056610116000018
2026-08-05 20:00:00+00:00,1.0056579768000018,1.0059837056000018,1.0055482821000017,1.0055482821000017
2026-08-05 21:00:00+00:00,1.0053582832000016,1.0053941622000016,1.0047141366000012,1.0047773505000013
2026-08-05 22:00:00+00:00,1.005545192400001,1.0058401536000012,1.005442940900001,1.0057765809000012
2026-08-05 23:00:00+00:00,1.0058480134000014,1.0058480134000014,1.0055817455000013,1.005643284800001
2026-08-06 00:00:00+00:00,1.0054614500000012,1.005815527500001,1.0052851107000011,1.005499072800001
2026-08-06 01:00:00+00:00,1.0054471161000011,1.0055642800000015,1.0049195720000008,1.0052998490000014
2026-08-06 02:00:00+00:00,1.005559188900001,1.005651463600001,1.005283765500001,1.0053743348000013
2026-08-06 03:00:00+00:00,1.0053387976000012,1.0053387976000012,1.004310885000001,1.0044993224000012
2026-08-06 04:00:00+00:00,1.0044217582000012,1.0045566552000011,1.004186902200001,1.004549172300001
2026-08-06 05:00:00+00:00,1.0045494886000013,1.004549804500001,1.0040264560000012,1.0044488385000012
2026-08-06 06:00:00+00:00,1.004474310300001,1.004474310300001,1.0034782308000012,1.0036863712000013
2026-08-06 07:00:00+00:00,1.0037639204000013,1.0040286852000013,1.003092594300001,1.003139434000001
2026-08-06 08:00:00+00:00,1.003124523200001,1.003943034500001,1.002926711300001,1.003863608400001
2026-08-06 09:00:00+00:00,1.0037524388000012,1.0037524388000012,1.0032261603000012,1.003620388500001
2026-08-06 10:00:00+00:00,1.0035138960000012,1.0035344529000012,1.0027460685000014,1.0028098808000012
2026-08-06 11:00:00+00:00,1.0026367032000012,1.0027939464000013,1.0019884094000013,1.0023775500000014
2026-08-06 12:00:00+00:00,1.002419203400001,1.0029733219000012,1.002348569200001,1.002751435000001
2026-08-06 13:00:00+00:00,1.002833648200001,1.0039563885000011,1.0026688700000013,1.003682243400001
2026-08-06 14:00:00+00:00,1.0037704696000012,1.0042514790000012,1.003498160600001,1.0042514790000012
2026-08-06 15:00:00+00:00,1.004351436100001,1.004519056800001,1.002974765200001,1.002974765200001
2026-08-06 16:00:00+00:00,1.002877814400001,1.0029721482000011,1.002462906000001,1.002892825700001
2026-08-06 17:00:00+00:00,1.0030693900000012,1.0030693900000012,1.0024194600000014,1.0027023939000008
2026-08-06 18:00:00+00:00,1.0026088400000008,1.0028414345000014,1.0024912557000012,1.002537026400001
2026-08-06 19:00:00+00:00,1.0026142615000015,1.002854293400001,1.0024503280000012,1.0026231450000012
2026-08-06 20:00:00+00:00,1.002644315400001,1.002667488000001,1.002202892000001,1.002256128000001
2026-08-06 21:00:00+00:00,1.001214560000001,1.001921486900001,1.001057928000001,1.0014324579000011
2026-08-06 22:00:00+00:00,1.0021185042000011,1.002371955800001,1.001998655900001,1.001998655900001
2026-08-06 23:00:00+00:00,1.0020830400000014,1.0024660792000015,1.0019829568000012,1.002417743400001
2026-08-07 00:00:00+00:00,1.0022998860000012,1.002453215400001,1.001704842000001,1.002136954000001
2026-08-07 01:00:00+00:00,1.0021710440000011,1.0022938679000013,1.0016075350000009,1.0019368268000013
2026-08-07 02:00:00+00:00,1.001942586700001,1.0020844355000014,1.0013657990000011,1.0015993929000009
2026-08-07 03:00:00+00:00,1.0016213450000009,1.0017459680000012,1.0015081146000016,1.001632198000001
2026-08-07 04:00:00+00:00,1.001595944000001,1.0021009425000011,1.0015626234000012,1.0018856536000011
2026-08-07 05:00:00+00:00,1.0018710942000013,1.0025506974000011,1.0018710942000013,1.0025237170000014
2026-08-07 06:00:00+00:00,1.0025088872000012,1.0031956240000013,1.0024977846000012,1.003104593700001
2026-08-07 07:00:00+00:00,1.0031051475000012,1.0035199152000012,1.0029818956000014,1.0034767088000012
2026-08-07 08:00:00+00:00,1.0035259425000012,1.003866843000001,1.0035259425000012,1.0036367290000012
2026-08-07 09:00:00+00:00,1.0036576240000008,1.003852527600001,1.0033869660000012,1.0036473480000012
2026-08-07 10:00:00+00:00,1.003812016500001,1.0039038988000013,1.003381711300001,1.0034174858000011
2026-08-07 11:00:00+00:00,1.0034638326000012,1.0035739593000013,1.0031455996000012,1.003304606400001
2026-08-07 12:00:00+00:00,1.003416414000001,1.0038910450000014,1.001878259200001,1.0025810062000013
2026-08-07 13:00:00+00:00,1.0026329831000012,1.0029864544000011,1.0015052850000012,1.001579807800001
2026-08-07 14:00:00+00:00,1.001462504000001,1.0018662225000012,1.000830734400001,1.0011271446000012
2026-08-07 15:00:00+00:00,1.001166086800001,1.001166086800001,1.0003066528000013,1.0008991656000015
2026-08-07 16:00:00+00:00,1.0009777386000012,1.0015713774000012,1.0009777386000012,1.001291121600001
2026-08-07 17:00:00+00:00,1.0012810414000013,1.0018390520000013,1.0012810414000013,1.0017081371000012
2026-08-07 18:00:00+00:00,1.0016828335000012,1.0019087500000012,1.001558967000001,1.0018939392000015
2026-08-07 19:00:00+00:00,1.0019433810000011,1.0029635902000011,1.0019433810000011,1.002492969800001
2026-08-07 20:00:00+00:00,1.0023927612000012,1.002563532300001,1.0011255800000012,1.001168248800001
2026-08-09 21:00:00+00:00,1.001168248800001,1.0017366876000013,1.0006580133000014,1.0015402584000015
2026-08-09 22:00:00+00:00,1.0021161870000013,1.0021687470000014,1.0017669111000016,1.0018144383000014
2026-08-09 23:00:00+00:00,1.0017425613000013,1.0021838557000016,1.0017425613000013,1.0018637316000014
2026-08-10 00:00:00+00:00,1.0019718660000014,1.0026866215000014,1.0015789120000014,1.0016553782000015
2026-08-10 01:00:00+00:00,1.0016021644000015,1.0021350081000016,1.0014216664000015,1.0021350081000016
2026-08-10 02:00:00+00:00,1.0021282504000015,1.0022672634000014,1.0019482339000014,1.0019900788000013
2026-08-10 03:00:00+00:00,1.0019575032000014,1.0022647128000015,1.0018943482000016,1.0020781932000014
2026-08-10 04:00:00+00:00,1.0021056912000015,1.0023543684000014,1.0018836516000011,1.0022287968000014
2026-08-10 05:00:00+00:00,1.0022304496000016,1.0031364440000015,1.0022304496000016,1.0031364440000015
2026-08-10 06:00:00+00:00,1.0031381724000012,1.0031381724000012,1.0025095012000014,1.0026273996000015
2026-08-10 07:00:00+00:00,1.0026426410000013,1.0027455732000015,1.0022051595000012,1.0023009402000014
2026-08-10 08:00:00+00:00,1.0023076812000014,1.0025116602000015,1.0017966183000016,1.0020671975000013
2026-08-10 09:00:00+00:00,1.0019719185000013,1.0021656312000016,1.0015386507000015,1.0015511334000013
2026-08-10 10:00:00+00:00,1.0014882051000016,1.0018406660000014,1.0013982804000015,1.0016272080000015
2026-08-10 11:00:00+00:00,1.0015458801000015,1.0016227200000014,1.0010034974000015,1.0011467739000013
2026-08-10 12:00:00+00:00,1.0011147900000015,1.0012236066000015,1.0006254720000014,1.0008155394000013
2026-08-10 13:00:00+00:00,1.0009131201000014,1.0014770376000013,1.0008334672000014,1.0010022038000015
2026-08-10 14:00:00+00:00,1.0012294600000013,1.0015970421000013,1.0011892815000014,1.0012715550000015
2026-08-10 15:00:00+00:00,1.0013383912000013,1.0014368169000014,1.0005216006000015,1.0005637785000014
2026-08-10 16:00:00+00:00,1.0006621338000015,1.0007052630000015,1.0000531750000012,1.0003598430000016
2026-08-10 17:00:00+00:00,1.0003100002000014,1.0006651690000015,1.0002323445000012,1.0003429476000014
2026-08-10 18:00:00+00:00,1.0003906820000013,1.0004244740000015,1.0000896291000017,1.0003573313000014
2026-08-10 19:00:00+00:00,1.0003176399000016,1.0003539520000015,0.9997637007000013,0.9998848636000015
2026-08-10 20:00:00+00:00,0.9998831700000013,0.9998831700000013,0.9996522583000014,0.9997523030000015
2026-08-10 21:00:00+00:00,0.9994922586000015,0.9995800380000016,0.9986664012000016,0.9990609382000017
2026-08-10 22:00:00+00:00,0.9995133750000015,0.9996615384000017,0.9994357100000016,0.9995931555000016
2026-08-10 23:00:00+00:00,0.9997539750000016,0.9997539750000016,0.9991035595000016,0.9991888008000016
2026-08-11 00:00:00+00:00,0.9992297232000016,0.9994938634000017,0.9990874904000017,0.9991229409000015
2026-08-11 01:00:00+00:00,0.9991398501000016,0.9999552752000015,0.9989241630000015,0.9995339068000016
2026-08-11 02:00:00+00:00,0.9994934320000015,0.9997355837000015,0.9990309831000017,0.9990309831000017
2026-08-11 03:00:00+00:00,0.9991343726000016,0.9996511701000015,0.9991343726000016,0.9993507384000017
2026-08-11 04:00:00+00:00,0.9993520350000015,0.9997514196000015,0.9973486734000017,0.9982913510000017
2026-08-11 05:00:00+00:00,0.9981605468000015,0.9990338204000015,0.9972273102000014,0.9987806648000017
2026-08-11 06:00:00+00:00,0.9988363444000017,0.9993422601000016,0.9984330906000015,0.9987056514000016
2026-08-11 07:00:00+00:00,0.9987486870000015,0.9993905568000016,0.9985589328000016,0.9988835043000015
2026-08-11 08:00:00+00:00,0.9989687193000015,0.9992858048000015,0.9987150148000016,0.9988275856000016
2026-08-11 09:00:00+00:00,0.9987668005000017,0.9993402636000015,0.9985752576000017,0.9993394040000015
2026-08-11 10:00:00+00:00,0.9993689712000016,1.0000395496000016,0.9992668804000017,0.9999300760000016
2026-08-11 11:00:00+00:00,0.9998128200000016,1.0008184578000014,0.9998128200000016,1.0003846788000015
2026-08-11 12:00:00+00:00,1.0003576784000014,1.0007442528000015,1.0001849088000017,1.0004218455000016
2026-08-11 13:00:00+00:00,1.0005732432000016,1.0013279520000016,1.0005732432000016,1.0011684375000016
2026-08-11 14:00:00+00:00,1.0011522757000015,1.0012169668000015,0.9999117744000016,0.9999117744000016
2026-08-11 15:00:00+00:00,1.0000603970000015,1.0000765610000018,0.9990151286000015,0.9993559955000016
2026-08-11 16:00:00+00:00,0.9993281641000016,0.9994026453000014,0.9987962934000014,0.9988730158000015
2026-08-11 17:00:00+00:00,0.9989281920000016,0.9989991512000016,0.9986859408000016,0.9989134434000017
2026-08-11 18:00:00+00:00,0.9988851712000015,0.9988851712000015,0.9981231774000014,0.9986778690000016
2026-08-11 19:00:00+00:00,0.9986837058000017,0.9993640706000015,0.9986006888000015,0.9993640706000015
2026-08-11 20:00:00+00:00,0.9992783424000016,0.9995122049000016,0.9991517676000016,0.9991517676000016
2026-08-11 21:00:00+00:00,0.9984014154000016,0.9992352552000013,0.9979042752000018,0.9987688955000015
2026-08-11 22:00:00+00:00,0.9995104149000014,0.9995539320000015,0.9992042844000013,0.9993604255000016
2026-08-11 23:00:00+00:00,0.9993608812000015,0.9996872525000015,0.9992917770000014,0.9994470844000015
2026-08-12 00:00:00+00:00,0.9994403550000016,0.9999931662000016,0.9993837958000016,0.9997658284000017
2026-08-12 01:00:00+00:00,0.9996352113000014,0.9999122240000015,0.9991599765000017,0.9993463904000016
2026-08-12 02:00:00+00:00,0.9992093514000017,0.9993033176000016,0.9989663634000016,0.9991767272000015
2026-08-12 03:00:00+00:00,0.9991699857000016,0.9992965761000017,0.9988887216000015,0.9990890721000015
2026-08-12 04:00:00+00:00,0.9990198993000017,0.9991882524000013,0.9990022404000015,0.9991275438000016
2026-08-12 05:00:00+00:00,0.9991009856000017,0.9996009122000016,0.9990284493000013,0.9996009122000016
2026-08-12 06:00:00+00:00,0.9997473189000015,0.9997473189000015,0.9991397424000017,0.9995928579000015
2026-08-12 07:00:00+00:00,0.9997446795000016,0.9999727263000016,0.9992545712000015,0.9992865717000016
2026-08-12 08:00:00+00:00,0.9994157703000014,0.9997073000000016,0.9992578609000013,0.9996305030000014
2026-08-12 09:00:00+00:00,0.9997634311000015,1.0010848131000016,0.9997634311000015,1.0006930825000013
2026-08-12 10:00:00+00:00,1.0007191727000015,1.0010907216000016,1.0003988356000015,1.0005889515000017
2026-08-12 11:00:00+00:00,1.0006657648000015,1.0012703904000013,1.0006100624000016,1.0008385045000014
2026-08-12 12:00:00+00:00,1.0007693709000016,1.0023475328000016,1.0001187360000015,1.0021792081000014
2026-08-12 13:00:00+00:00,1.0021529330000016,1.0025190780000015,1.0014651675000017,1.0019082015000016
2026-08-12 14:00:00+00:00,1.0018443666000016,1.0018912750000015,1.0005374353000014,1.0008862530000016
2026-08-12 15:00:00+00:00,1.0006807776000015,1.0010446764000014,1.0001725824000016,1.0002473090000017
2026-08-12 16:00:00+00:00,1.0004833608000014,1.0009540800000016,1.0003094514000015,1.0008994721000015
2026-08-12 17:00:00+00:00,1.0010240052000017,1.0014529167000015,1.0009071995000014,1.0009071995000014
2026-08-12 18:00:00+00:00,1.0008518750000015,1.0010836489000015,1.0007764860000017,1.0010077405000015
2026-08-12 19:00:00+00:00,1.0010393900000014,1.0010533272000015,1.0006542126000015,1.0008698715000013
2026-08-12 20:00:00+00:00,1.0008191520000016,1.0008568056000016,1.0004974224000014,1.0004974224000014
2026-08-12 21:00:00+00:00,0.9998620618000015,1.0000688818000012,0.9997151560000015,0.9998742921000012
2026-08-12 22:00:00+00:00,1.0007732058000012,1.0009223180000013,1.0006427704000014,1.0007841046000012
2026-08-12 23:00:00+00:00,1.0007486228000013,1.001017256200001,1.0007486228000013,1.0010020160000013
2026-08-13 00:00:00+00:00,1.001072553600001,1.001251926000001,1.000505897300001,1.0005738286000008
2026-08-13 01:00:00+00:00,1.0005590307000012,1.000721336300001,1.000274508000001,1.0003003010000011
2026-08-13 02:00:00+00:00,1.0003003010000011,1.0003568850000009,0.999834579000001,0.9999779115000009
2026-08-13 03:00:00+00:00,0.9999584264000009,1.000032441600001,0.9993661667000012,0.9993661667000012
2026-08-13 04:00:00+00:00,0.9993522264000011,0.9994697202000009,0.9991108224000009,0.9993466250000009
2026-08-13 05:00:00+00:00,0.9993191523000011,0.9997225290000009,0.9990348200000011,0.999396011200001
2026-08-13 06:00:00+00:00,0.9994991265000008,1.0000002928000011,0.9994058043000009,0.9999078711000009
2026-08-13 07:00:00+00:00,0.9998425550000012,1.000039372200001,0.9995421513000012,0.9997792112000012
2026-08-13 08:00:00+00:00,0.9997210630000009,0.9998935317000011,0.9993792516000011,0.999760064000001
2026-08-13 09:00:00+00:00,0.9998787986000011,1.000121700800001,0.9996493240000011,1.000064697000001
2026-08-13 10:00:00+00:00,0.999903429000001,1.0000026453000008,0.999635350000001,0.999733713000001
2026-08-13 11:00:00+00:00,0.9996416888000009,0.999872125000001,0.9995056890000011,0.9998416112000011
2026-08-13 12:00:00+00:00,0.999806971800001,1.0005220488000008,0.999283302800001,1.0005220488000008
2026-08-13 13:00:00+00:00,1.000348556000001,1.001010279100001,0.999925387000001,1.000929854400001
2026-08-13 14:00:00+00:00,1.001212181700001,1.001622128000001,1.000838523300001,1.001356909000001
2026-08-13 15:00:00+00:00,1.001283743600001,1.001283743600001,0.999837976000001,0.999837976000001
2026-08-13 16:00:00+00:00,0.9999215512000009,0.999933764400001,0.9993424056000009,0.9997701744000009
2026-08-13 17:00:00+00:00,0.9998038879000011,0.999924212000001,0.9996428797000009,0.9996898042000009
2026-08-13 18:00:00+00:00,0.9997615782000008,0.9999598972000009,0.9996653436000009,0.9997720891000009
2026-08-13 19:00:00+00:00,0.999735768000001,0.9999209628000012,0.9995623827000009,0.999589343500001
2026-08-13 20:00:00+00:00,0.999630221200001,0.999907471800001,0.9995312992000009,0.9996207021000011
2026-08-13 21:00:00+00:00,0.998904211500001,0.9994692994000008,0.998655385700001,0.9990503257000011
2026-08-13 22:00:00+00:00,0.9996678912000008,1.000009632700001,0.9996678912000008,0.9999539459000011
2026-08-13 23:00:00+00:00,1.000021772400001,1.0000940535000007,0.9997757152000009,0.9999836154000007
2026-08-14 00:00:00+00:00,0.999952176600001,1.0000823509000012,0.9992177470000009,0.999273399000001
2026-08-14 01:00:00+00:00,0.9992599372000011,0.9997074464000008,0.999077982000001,0.999221972400001
2026-08-14 02:00:00+00:00,0.999428599400001,0.999428599400001,0.998746764400001,0.9988293924000008
2026-08-14 03:00:00+00:00,0.998753068800001,0.9993389403000007,0.9987100092000012,0.9991674737000007
2026-08-14 04:00:00+00:00,0.999132918400001,0.9994116210000008,0.9991118245000008,0.9992405856000013
2026-08-14 05:00:00+00:00,0.9992598537000013,0.999474189600001,0.9990264636000011,0.999474189600001
2026-08-14 06:00:00+00:00,0.9993112263000012,0.9993447948000008,0.9987797700000008,0.9989254450000008
2026-08-14 07:00:00+00:00,0.9989187390000009,0.9989187390000009,0.9982214060000011,0.998474716000001
2026-08-14 08:00:00+00:00,0.9985765426000013,0.9989676840000011,0.9983352159000012,0.9987378432000011
2026-08-14 09:00:00+00:00,0.998769774400001,0.9989507568000009,0.998596493700001,0.9988695640000009
2026-08-14 10:00:00+00:00,0.9988423127000008,0.9990592553000011,0.9987086604000007,0.9988957895000011
2026-08-14 11:00:00+00:00,0.9988500390000007,0.9994242576000011,0.998650075500001,0.9991921356000012
2026-08-14 12:00:00+00:00,0.9991468016000011,0.999364653300001,0.9984487890000009,0.9990923712000012
2026-08-14 13:00:00+00:00,0.9991123851000009,0.999805527000001,0.9986709152000011,0.9995638180000009
2026-08-14 14:00:00+00:00,0.999490573800001,1.0004358870000007,0.999406381200001,1.000411474200001
2026-08-14 15:00:00+00:00,1.000515230000001,1.000620096800001,0.999627463500001,0.9998201286000011
2026-08-14 16:00:00+00:00,0.9998445114000011,0.9998788920000009,0.9988263090000008,0.9988889716000009
2026-08-14 17:00:00+00:00,0.9988207350000011,0.9989819188000006,0.9987301480000013,0.9988403152000009
2026-08-14 18:00:00+00:00,0.9988075040000011,0.9988997836000009,0.9986029382000011,0.9988997836000009
2026-08-14 19:00:00+00:00,0.998975253900001,0.999197146700001,0.9987724785000011,0.999197146700001
2026-08-14 20:00:00+00:00,0.9991993095000012,0.9992070536000011,0.998612760000001,0.998673257600001
2026-08-16 21:00:00+00:00,0.998673257600001,0.9987703077000011,0.997369489900001,0.997369489900001
2026-08-16 22:00:00+00:00,0.998651746000001,0.998899436000001,0.998460532300001,0.998841260900001
2026-08-16 23:00:00+00:00,0.9988484650000011,0.9989588400000008,0.9985426711000011,0.998554933700001
2026-08-17 00:00:00+00:00,0.998785801300001,0.9994130322000009,0.9987632084000011,0.9991424630000013
2026-08-17 01:00:00+00:00,0.999169072200001,0.999905384400001,0.9989727048000009,0.9997246250000013
2026-08-17 02:00:00+00:00,0.9997301440000009,0.9997301440000009,0.999146342400001,0.9992162080000011
2026-08-17 03:00:00+00:00,0.9993254420000012,1.0002279766000008,0.999256687000001,1.0001497416000007
2026-08-17 04:00:00+00:00,1.000129239000001,1.0007066748000013,1.000086515100001,1.0002655312000008
2026-08-17 05:00:00+00:00,1.000236660800001,1.001958099000001,1.000236660800001,1.001688187700001
2026-08-17 06:00:00+00:00,1.001924361900001,1.0027616219000008,1.0014296620000007,1.0026788932000008
2026-08-17 07:00:00+00:00,1.0025157640000009,1.0028687185000011,1.0022792024000013,1.002405973900001
2026-08-17 08:00:00+00:00,1.0021223228000014,1.002626053000001,1.0017820345000013,1.002395224700001
2026-08-17 09:00:00+00:00,1.002561457100001,1.003195138400001,1.002322430000001,1.003112410600001
2026-08-17 10:00:00+00:00,1.003074007000001,1.0035786752000009,1.002963812900001,1.003206851800001
2026-08-17 11:00:00+00:00,1.003297851600001,1.003618712200001,1.003272249000001,1.0033696368000011
2026-08-17 12:00:00+00:00,1.003262899500001,1.003273922400001,1.0016047591000008,1.002152396100001
2026-08-17 13:00:00+00:00,1.002236102400001,1.002236102400001,1.000698025300001,1.001337957200001
2026-08-17 14:00:00+00:00,1.0013524204000008,1.002138025600001,1.0010949660000013,1.001967637500001
2026-08-17 15:00:00+00:00,1.0019164480000011,1.002282715600001,1.0016042670000012,1.0020730920000012
2026-08-17 16:00:00+00:00,1.002009225000001,1.002498609000001,1.001985644700001,1.002075464000001
2026-08-17 17:00:00+00:00,1.002132104400001,1.0022037950000011,1.001163920000001,1.001163920000001
2026-08-17 18:00:00+00:00,1.001187309500001,1.001244147200001,1.000951920000001,1.0011876911000008
2026-08-17 19:00:00+00:00,1.001174948800001,1.0014897606000013,1.001131643200001,1.0013949856000008
2026-08-17 20:00:00+00:00,1.001466048000001,1.0014839208000008,1.001259514500001,1.0013262168000012
2026-08-17 21:00:00+00:00,1.000652994000001,1.001151436800001,1.000510086000001,1.0009367680000012
2026-08-17 22:00:00+00:00,1.0013085525000012,1.0014354414000013,1.0011242709000014,1.0012710810000012
2026-08-17 23:00:00+00:00,1.0011818128000014,1.001545498500001,1.0011818128000014,1.001545498500001
2026-08-18 00:00:00+00:00,1.001541999900001,1.0019143904000012,1.001296968000001,1.001662476000001
2026-08-18 01:00:00+00:00,1.001705239200001,1.002183884000001,1.001373632000001,1.0013947197000013
2026-08-18 02:00:00+00:00,1.0014247635000009,1.001631990000001,1.0011873095000012,1.001601311500001
2026-08-18 03:00:00+00:00,1.0015904055000011,1.0016325803000012,1.000828504000001,1.0009061930000012
2026-08-18 04:00:00+00:00,1.000926139400001,1.0011044657000008,1.000672793500001,1.0008403585000012
2026-08-18 05:00:00+00:00,1.000749919400001,1.000794818700001,1.000373169900001,1.0007754190000013
2026-08-18 06:00:00+00:00,1.0006333586000011,1.0006650200000011,0.9999704104000011,1.000614421200001
2026-08-18 07:00:00+00:00,1.0004495893000012,1.000732392000001,1.000267086800001,1.0003599350000012
2026-08-18 08:00:00+00:00,1.0004038140000013,1.000843880200001,1.0001260240000012,1.0006839180000013
2026-08-18 09:00:00+00:00,1.000733875000001,1.0014457410000008,1.0003290090000012,1.0013963445000011
2026-08-18 10:00:00+00:00,1.001515050000001,1.0015673857000011,1.0011587144000011,1.001461449600001
2026-08-18 11:00:00+00:00,1.001433139000001,1.002140140800001,1.001433139000001,1.002140140800001
2026-08-18 12:00:00+00:00,1.0020930500000014,1.0024284606000011,1.0019186808000013,1.002145036000001
2026-08-18 13:00:00+00:00,1.0021553958000013,1.0030230360000014,1.0018337301000009,1.002685911400001
2026-08-18 14:00:00+00:00,1.0028064585000012,1.0028064585000012,1.0010246081000012,1.001374792800001
2026-08-18 15:00:00+00:00,1.001537986600001,1.001669614000001,1.001062203300001,1.001275657200001
2026-08-18 16:00:00+00:00,1.001441200000001,1.0015138640000012,1.000959238000001,1.0012648532000008
2026-08-18 17:00:00+00:00,1.0011809808000012,1.0012181200000008,1.0008686835000014,1.0009483640000012
2026-08-18 18:00:00+00:00,1.000895291200001,1.0010579051000013,1.000634194400001,1.0007942985000011
2026-08-18 19:00:00+00:00,1.0007406857000014,1.0008436992000012,1.000134537600001,1.000269732000001
2026-08-18 20:00:00+00:00,1.0002131476000014,1.0003807407000012,1.0001009936000012,1.0002965765000011
2026-08-18 21:00:00+00:00,0.9995826829000012,0.999922108900001,0.9988370455000009,0.999508101400001
2026-08-18 22:00:00+00:00,1.0003341160000008,1.000454495000001,1.000177656800001,1.000177656800001
2026-08-18 23:00:00+00:00,1.0002327219000011,1.0002327219000011,0.9997916478000011,0.999916694700001
2026-08-19 00:00:00+00:00,0.9997154784000009,1.000232277600001,0.9991660232000009,0.999195265200001
2026-08-19 01:00:00+00:00,0.9993672838000008,0.9998260272000009,0.9989133696000011,0.9991520307000009
2026-08-19 02:00:00+00:00,0.999241114800001,0.9992502674000008,0.9978740866000009,0.9981006952000009
2026-08-19 03:00:00+00:00,0.998037493000001,0.998037493000001,0.9975825872000009,0.9976210272000009
2026-08-19 04:00:00+00:00,0.9975959630000009,0.9975959630000009,0.9967217309000008,0.9974413197000009
2026-08-19 05:00:00+00:00,0.997388992800001,0.9975015000000009,0.9967527424000009,0.996878113000001
2026-08-19 06:00:00+00:00,0.996981930900001,0.997742059200001,0.9965632204000008,0.9975061677000011
2026-08-19 07:00:00+00:00,0.9975745780000009,0.9976202973000008,0.996666776300001,0.9967685552000011
2026-08-19 08:00:00+00:00,0.9967916180000009,0.9983920760000008,0.996738129200001,0.9979059561000011
2026-08-19 09:00:00+00:00,0.9978519988000011,0.9982886730000009,0.9976880034000011,0.9976880034000011
2026-08-19 10:00:00+00:00,0.9976618368000009,0.9976618368000009,0.9970469721000009,0.997172355200001
2026-08-19 11:00:00+00:00,0.9971713188000011,0.9974071048000008,0.9968332319000011,0.9971112448000009
2026-08-19 12:00:00+00:00,0.9970265026000008,0.9999130308000009,0.9970265026000008,0.999654402600001
2026-08-19 13:00:00+00:00,0.999748400000001,1.001185352700001,0.999500729100001,0.999500729100001
2026-08-19 14:00:00+00:00,0.9996966924000009,0.9999733302000009,0.9990206512000008,0.9991843862000008
2026-08-19 15:00:00+00:00,0.999231106500001,1.0003369830000008,0.999231106500001,0.9999560291000008
2026-08-19 16:00:00+00:00,0.999875056600001,1.000170220500001,0.999456556800001,0.999456556800001
2026-08-19 17:00:00+00:00,0.9995793112000008,0.999670515600001,0.998933414400001,0.998933414400001
2026-08-19 18:00:00+00:00,0.999092808000001,0.999384691200001,0.9984503750000009,0.9992144790000008
2026-08-19 19:00:00+00:00,0.9993484942000009,0.9999687939000009,0.9992894020000008,0.9995136552000008
2026-08-19 20:00:00+00:00,0.999451191200001,0.9995826862000008,0.9993077550000009,0.999400329900001
2026-08-19 21:00:00+00:00,0.9981464864000008,0.9989109672000008,0.9978194890000008,0.9984081336000009
2026-08-19 22:00:00+00:00,0.9992385504000009,0.999482471000001,0.999083346000001,0.999179477100001
2026-08-19 23:00:00+00:00,0.999172912400001,0.9995394752000011,0.9990132980000009,0.9991106034000009
2026-08-20 00:00:00+00:00,0.9990665112000011,0.999229956200001,0.998135684700001,0.9982454664000009
2026-08-20 01:00:00+00:00,0.998420333400001,0.9988344968000011,0.9964278550000012,0.9973989270000009
2026-08-20 02:00:00+00:00,0.997383807200001,0.997896820800001,0.9972635906000011,0.997722249000001
2026-08-20 03:00:00+00:00,0.9976959486000011,0.998018574900001,0.9973719349000011,0.9977962235000012
2026-08-20 04:00:00+00:00,0.9978796620000009,0.9979847399000011,0.9972668661000008,0.997333238000001
2026-08-20 05:00:00+00:00,0.9973194400000011,0.997537560000001,0.9969692532000011,0.9970729516000009
2026-08-20 06:00:00+00:00,0.9971070990000009,0.9976435376000012,0.9970124472000012,0.9976290640000008
2026-08-20 07:00:00+00:00,0.9975570162000011,0.9976531290000009,0.996861342900001,0.997072090200001
2026-08-20 08:00:00+00:00,0.9969350287000011,0.9970975399000009,0.9964019520000009,0.9964019520000009
2026-08-20 09:00:00+00:00,0.9964257984000009,0.9969641772000011,0.9964257984000009,0.9965723397000009
2026-08-20 10:00:00+00:00,0.9965708968000009,0.9967474748000011,0.995882734700001,0.996139838400001
2026-08-20 11:00:00+00:00,0.996067462400001,0.9961167006000009,0.9942222353000011,0.9942222353000011
2026-08-20 12:00:00+00:00,0.994178212200001,0.996254018000001,0.9936560704000011,0.9959900207000011
2026-08-20 13:00:00+00:00,0.9960512805000009,0.9966102824000008,0.9956782116000009,0.996231384600001
2026-08-20 14:00:00+00:00,0.996601629100001,0.9973060530000011,0.9961053372000012,0.996835528800001
2026-08-20 15:00:00+00:00,0.996783491600001,0.997770585000001,0.9963061752000011,0.996594082700001
2026-08-20 16:00:00+00:00,0.9966192288000009,0.9966192288000009,0.9962321706000009,0.996343128000001
2026-08-20 17:00:00+00:00,0.996370700800001,0.9964199558000012,0.9959484690000009,0.9960632877000011
2026-08-20 18:00:00+00:00,0.9960416076000009,0.9960416076000009,0.995511345000001,0.9960076050000011
2026-08-20 19:00:00+00:00,0.9959682432000011,0.9965960730000009,0.9959682432000011,0.9965960730000009
2026-08-20 20:00:00+00:00,0.9964732140000009,0.9965868516000009,0.996121614000001,0.9961716882000011
2026-08-20 21:00:00+00:00,0.995655575000001,0.995696917100001,0.9946939527000008,0.9950477030000011
2026-08-20 22:00:00+00:00,0.9959666510000013,0.9961098325000011,0.9956782440000012,0.995944514500001
2026-08-20 23:00:00+00:00,0.9960330362000012,0.996350216200001,0.9958739740000009,0.996316818000001
2026-08-21 00:00:00+00:00,0.996491716600001,0.9968639616000009,0.9963645275000014,0.9963645275000014
2026-08-21 01:00:00+00:00,0.9964189080000011,0.9977582192000011,0.9964189080000011,0.9976654560000012
2026-08-21 02:00:00+00:00,0.997637195500001,0.9982095426000012,0.997637195500001,0.9978639950000011
2026-08-21 03:00:00+00:00,0.9978777520000011,0.9982927288000013,0.9978452325000011,0.9982181924000011
2026-08-21 04:00:00+00:00,0.9981096318000013,0.9982066920000011,0.9978344658000013,0.998187181200001
2026-08-21 05:00:00+00:00,0.998077331700001,0.998481553000001,0.9978909936000011,0.9983222457000012
2026-08-21 06:00:00+00:00,0.9982210092000012,0.998851790000001,0.9981418599000013,0.9984070602000009
2026-08-21 07:00:00+00:00,0.9984284268000011,0.9992296512000011,0.9984284268000011,0.999075535000001
2026-08-21 08:00:00+00:00,0.9990908427000008,0.9999625080000011,0.998758750000001,0.999645613200001
2026-08-21 09:00:00+00:00,0.9996245980000011,1.0001038464000012,0.999398232000001,0.999492025000001
2026-08-21 10:00:00+00:00,0.999563177400001,0.9997126859000013,0.9988875540000008,0.998999052800001
2026-08-21 11:00:00+00:00,0.9989917791000009,0.9998398216000011,0.9989053088000008,0.9993421800000011
2026-08-21 12:00:00+00:00,0.9994008942000009,1.000204837400001,0.9994008942000009,1.0001700800000013
2026-08-21 13:00:00+00:00,1.0003372750000012,1.001306035000001,0.9996577500000013,1.0011548675000008
2026-08-21 14:00:00+00:00,1.0011325575000012,1.0021143109000008,1.001000000000001,1.001895967900001
2026-08-21 15:00:00+00:00,1.001911314000001,1.0032457050000012,1.0019107973000014,1.002996292200001
2026-08-21 16:00:00+00:00,1.003044859000001,1.003044859000001,1.002411132800001,1.0025187594000011
2026-08-21 17:00:00+00:00,1.0025656888000012,1.0029870900000009,1.0024576749000011,1.0029870900000009
2026-08-21 18:00:00+00:00,1.003019403500001,1.003220275500001,1.002821039600001,1.003039620000001
2026-08-21 19:00:00+00:00,1.003046912500001,1.003067959600001,1.0026166992000014,1.0028507020000013
2026-08-21 20:00:00+00:00,1.002733319700001,1.002768916500001,1.0019595280000009,1.0019595280000009
2026-08-23 21:00:00+00:00,0.9887928076,0.9887928076,0.9877185058999999,0.9883515393999999
2026-08-23 22:00:00+00:00,0.9889612526999999,0.9891483209999999,0.9886071908999999,0.988899029
2026-08-23 23:00:00+00:00,0.9889189034,0.9892470688,0.988639232,0.9891219659999999
2026-08-24 00:00:00+00:00,0.9891357584,0.9893862360000001,0.98838727,0.9893556847999999
2026-08-24 01:00:00+00:00,0.9893915643,0.9897619944,0.9885969744,0.9886485707999999
2026-08-24 02:00:00+00:00,0.988556866,0.9889459899,0.9881403535000001,0.9883082143999999
2026-08-24 03:00:00+00:00,0.9882519679999999,0.9883193068,0.9879535668,0.9880296874
2026-08-24 04:00:00+00:00,0.9881410946000001,0.9886722368,0.9881273028,0.9886661489999999
2026-08-24 05:00:00+00:00,0.9886688405,0.9891764568000001,0.9886688405,0.9891709107000001
2026-08-24 06:00:00+00:00,0.9892590939,0.9909006499,0.9892590939,0.9907076886
2026-08-24 07:00:00+00:00,0.9907449945,0.9914225272000001,0.9906267424,0.9912683520000001
2026-08-24 08:00:00+00:00,0.9911796362999999,0.9914513488,0.9908571431000001,0.9911788481
2026-08-24 09:00:00+00:00,0.9911883717000001,0.9912799197,0.9907068717,0.9909202854
2026-08-24 10:00:00+00:00,0.991007472,0.9911297655,0.9907101315,0.9909096397
2026-08-24 11:00:00+00:00,0.9908719188,0.9921080486,0.9908719188,0.9919961867999999
2026-08-24 12:00:00+00:00,0.9919427308000001,0.9919427308000001,0.9908355184000001,0.9908775126
2026-08-24 13:00:00+00:00,0.990903225,0.9911197835,0.9903171576,0.9905944351999999
2026-08-24 14:00:00+00:00,0.9906458687999999,0.9907728215999999,0.9898517056,0.9900162532
2026-08-24 15:00:00+00:00,0.9900282209999999,0.9900282209999999,0.9894372264000001,0.9897011648
2026-08-24 16:00:00+00:00,0.9897597426000001,0.9901292808,0.9896395669999999,0.9900283652
2026-08-24 17:00:00+00:00,0.9900587583999999,0.990344592,0.9896858946,0.9897845101
2026-08-24 18:00:00+00:00,0.9897483660000002,0.9903889325,0.9897483660000002,0.9899077526
2026-08-24 19:00:00+00:00,0.9899269668,0.9899269668,0.9896276558000001,0.9897040309999999
2026-08-24 20:00:00+00:00,0.9897116297999998,0.9899868209000001,0.9897116297999998,0.9897138004000001
2026-08-24 21:00:00+00:00,0.9891555653999999,0.9893104234,0.9889236999000001,0.989235897
2026-08-24 22:00:00+00:00,0.9900376883,0.9901119051,0.9895270058,0.9897186715999999
2026-08-24 23:00:00+00:00,0.9896734824,0.9902529392,0.9895431329999999,0.9901636779999999
2026-08-25 00:00:00+00:00,0.990378444,0.991053732,0.990378444,0.991053732
2026-08-25 01:00:00+00:00,0.9908617644000001,0.9911332374,0.9906619878,0.9907589567
2026-08-25 02:00:00+00:00,0.9907947172000001,0.9911609370000001,0.9907173986000001,0.9907280838
2026-08-25 03:00:00+00:00,0.9908871455999999,0.9912128792999999,0.9906217764,0.9906217764
2026-08-25 04:00:00+00:00,0.9905896,0.9907736384,0.9903647475,0.9907736384
2026-08-25 05:00:00+00:00,0.9907812252000001,0.9913199640000001,0.9907812252000001,0.9907820999999999
2026-08-25 06:00:00+00:00,0.991073601,0.9911191380000001,0.9902831399999998,0.9905853487999999
2026-08-25 07:00:00+00:00,0.99046848,0.9906971200000001,0.9900899532,0.9900899532
2026-08-25 08:00:00+00:00,0.9901021048,0.9908760414000001,0.9895897199999999,0.9908106939999999
2026-08-25 09:00:00+00:00,0.9907615283,0.9915196776,0.9906257106,0.991178639
2026-08-25 10:00:00+00:00,0.9911317320000002,0.9913780799999999,0.9909480438,0.9912993992000001
2026-08-25 11:00:00+00:00,0.991179145,0.9917203478000002,0.9909753105,0.9916011846
2026-08-25 12:00:00+00:00,0.991666018,0.991666018,0.9910016798000002,0.9910332705000001
2026-08-25 13:00:00+00:00,0.99110357,0.9915975170000001,0.9902439134000002,0.9902439134000002
2026-08-25 14:00:00+00:00,0.9903093000000001,0.9905454630000001,0.9899333720000001,0.9901504368000001
2026-08-25 15:00:00+00:00,0.9901413647000002,0.9908150095,0.9901413647000002,0.9905440104
2026-08-25 16:00:00+00:00,0.9905267736000002,0.9905267736000002,0.9901651968000001,0.9902630116000002
2026-08-25 17:00:00+00:00,0.9902281785000001,0.9902801864,0.9899729550000002,0.9902238860000002
2026-08-25 18:00:00+00:00,0.9900597382,0.9902886946,0.9899933764000001,0.9901440415999999
2026-08-25 19:00:00+00:00,0.9901158930000001,0.991029136,0.9900519478000002,0.9909619904000001
2026-08-25 20:00:00+00:00,0.9909466594,0.9916774608000002,0.9908040920000001,0.9908040920000001
2026-08-25 21:00:00+00:00,0.990254357,0.9906470414999997,0.9899004306000001,0.9906470414999997
2026-08-25 22:00:00+00:00,0.9913214357999998,0.9913782555000001,0.9910679625000002,0.9912434097000001
2026-08-25 23:00:00+00:00,0.9912300685,0.9915537375000001,0.9912033836999999,0.9913538298
2026-08-26 00:00:00+00:00,0.991304172,0.9920210369999999,0.991304172,0.9914695447999999
2026-08-26 01:00:00+00:00,0.991617068,0.9940633047000001,0.99144756,0.9936084619999999
2026-08-26 02:00:00+00:00,0.9935166927999999,0.9951882023999999,0.9935095167,0.9946103904
2026-08-26 03:00:00+00:00,0.994575501,0.9958451183999999,0.994575501,0.995396472
2026-08-26 04:00:00+00:00,0.9954236862,0.9954508992000001,0.9948692099999998,0.9951197580000001
2026-08-26 05:00:00+00:00,0.9951861402,0.9957844582,0.9951861402,0.9956520120000001
2026-08-26 06:00:00+00:00,0.9956622059999998,0.9958450672,0.9946315722,0.9951492638999998
2026-08-26 07:00:00+00:00,0.9951287153999998,0.9954720901999999,0.9947866496,0.9953993
2026-08-26 08:00:00+00:00,0.9953151276,0.9958260451,0.9953151276,0.995746184
2026-08-26 09:00:00+00:00,0.9957801054,0.9961424111999999,0.995523998,0.9958529099999999
2026-08-26 10:00:00+00:00,0.9958667775,0.9960859439999998,0.9957506282,0.9958511496
2026-08-26 11:00:00+00:00,0.99580856,0.9962028256,0.9957468897,0.9959656815
2026-08-26 12:00:00+00:00,0.9960842760000002,0.9961813419000001,0.9953502562999998,0.9956015800000001
2026-08-26 13:00:00+00:00,0.9957522927999999,0.9959838504,0.9952518576,0.9952700711999999
2026-08-26 14:00:00+00:00,0.9950820711999999,0.9959159700000001,0.9948745328,0.9953895840000001
2026-08-26 15:00:00+00:00,0.9954679636999999,0.9956046891999999,0.9947253225000001,0.9947253225000001
2026-08-26 16:00:00+00:00,0.9947119029,0.9947838535999999,0.9944365008,0.9947195280000001
2026-08-26 17:00:00+00:00,0.9945905112000002,0.9951321496,0.9945905112000002,0.9950872499999998
2026-08-26 18:00:00+00:00,0.9951015936000002,0.9952362563999997,0.9949810815,0.995235332
2026-08-26 19:00:00+00:00,0.9952899204000001,0.9954268383999999,0.9951677802,0.9954268383999999
2026-08-26 20:00:00+00:00,0.9953775649999999,0.9956066235,0.9950292376000001,0.9950292376000001
2026-08-26 21:00:00+00:00,0.9939556263999999,0.9954087981,0.9938888322999999,0.9954087981
2026-08-26 22:00:00+00:00,0.9957752575000001,0.9962341164000001,0.9956948551,0.9962341164000001
2026-08-26 23:00:00+00:00,0.9961565922,0.9967866908999999,0.9961565922,0.996349388
2026-08-27 00:00:00+00:00,0.9965140659000001,0.9965140659000001,0.9958312375999999,0.9962000530999999
2026-08-27 01:00:00+00:00,0.9964034214,0.9970529919999999,0.9963001781999999,0.9970529919999999
2026-08-27 02:00:00+00:00,0.9970309502999999,0.997299555,0.9968715936,0.9971167794
2026-08-27 03:00:00+00:00,0.9970736832,0.9972895779000001,0.9968558685,0.9972183
2026-08-27 04:00:00+00:00,0.9973068555,0.997549082,0.9969243470000001,0.9974561607
2026-08-27 05:00:00+00:00,0.9974164641999999,0.9974164641999999,0.9969942415999999,0.9972408080999999
2026-08-27 06:00:00+00:00,0.9971742508,0.9977765867999999,0.9970631635999998,0.9976928480999999
2026-08-27 07:00:00+00:00,0.9978092072000001,0.9979299081999999,0.9969602515,0.9969602515
2026-08-27 08:00:00+00:00,0.9970129037000001,0.9977013048,0.9970129037000001,0.9971014464
2026-08-27 09:00:00+00:00,0.9971004772000001,0.9971004772000001,0.9962651391,0.9963172422
2026-08-27 10:00:00+00:00,0.9963924364999998,0.9971565088,0.9962033669999998,0.9969525494999999
2026-08-27 11:00:00+00:00,0.9967773244,0.9968974079999999,0.9963028776,0.9968974079999999
2026-08-27 12:00:00+00:00,0.9972133065,0.9977743413000001,0.9964732799999998,0.9970586943999998
2026-08-27 13:00:00+00:00,0.9970289405999998,0.9973670459999998,0.9964100350000001,0.9969396107999999
2026-08-27 14:00:00+00:00,0.9969062623,0.99723752,0.996460101,0.9968004756
2026-08-27 15:00:00+00:00,0.9967953671,0.9973540535000002,0.9967953671,0.9972008487999999
2026-08-27 16:00:00+00:00,0.9971643231000001,0.9973813150999999,0.9969224075,0.9972539156999999
2026-08-27 17:00:00+00:00,0.9971912909999999,0.9974487599999999,0.9970854916999998,0.9970854916999998
2026-08-27 18:00:00+00:00,0.9971070793999999,0.9971070793999999,0.9968267529999999,0.9970836318
2026-08-27 19:00:00+00:00,0.9970681776000001,0.9971462598999999,0.9968008855,0.9968733743999999
2026-08-27 20:00:00+00:00,0.9967936902,0.9971324015999999,0.9965208749999999,0.9965208749999999
2026-08-27 21:00:00+00:00,0.9955955040000001,0.9967558764000001,0.9955955040000001,0.9965317785000001
2026-08-27 22:00:00+00:00,0.9969399594,0.9969399594,0.996505686,0.996601035
2026-08-27 23:00:00+00:00,0.9964974188,0.9966602069000001,0.9963738258000001,0.9966564401999999
2026-08-28 00:00:00+00:00,0.9965745827999999,0.9970138454999999,0.9965125321999999,0.9965945418000001
2026-08-28 01:00:00+00:00,0.9966244120000001,0.9972819395,0.9966244120000001,0.9970806560000001
2026-08-28 02:00:00+00:00,0.997115562,0.9977240663999999,0.9971033232000001,0.9976115981999999
2026-08-28 03:00:00+00:00,0.997623768,0.997765054,0.9972453944,0.9974171599
2026-08-28 04:00:00+00:00,0.9973002512,0.9976127330000001,0.9970901833,0.9971306550000001
2026-08-28 05:00:00+00:00,0.9972298005,0.9972436538,0.9965166222,0.9966026493
2026-08-28 06:00:00+00:00,0.996679104,0.997321886,0.9965538992,0.997003359
2026-08-28 07:00:00+00:00,0.9970897482,0.9972353664,0.996542982,0.9968285925000001
2026-08-28 08:00:00+00:00,0.9968496415999999,0.9970228710000001,0.9964862464,0.9966604882000001
2026-08-28 09:00:00+00:00,0.9967004572,0.9974311592000001,0.9966724451999999,0.9972987011999999
2026-08-28 10:00:00+00:00,0.9973192211999999,0.9974860568,0.9966865638000001,0.9968682452000001
2026-08-28 11:00:00+00:00,0.996799573,0.996896935,0.9962555129999999,0.9963589048
2026-08-28 12:00:00+00:00,0.9964564008,0.9976320955000001,0.9963804843999999,0.9976320955000001
2026-08-28 13:00:00+00:00,0.9975534312,0.9977191099999999,0.9967711884,0.9967711884
2026-08-28 14:00:00+00:00,0.9975583631999999,0.9975583631999999,0.9956036683999999,0.9972402624
2026-08-28 15:00:00+00:00,0.9974561607,0.9974561607,0.99558108,0.99558108
2026-08-28 16:00:00+00:00,0.9955625973000001,0.9958335474,0.9951430124999999,0.9954455495
2026-08-28 17:00:00+00:00,0.9953325695999999,0.9955276982000001,0.9952264335,0.9953143832
2026-08-28 18:00:00+00:00,0.9953012952999999,0.9955604090000001,0.9951197034000001,0.9955604090000001
2026-08-28 19:00:00+00:00,0.9955667463000001,0.9959169346,0.9954812516,0.9958436611999999
2026-08-28 20:00:00+00:00,0.9958390297,0.9960538987,0.9952079683000001,0.9952079683000001
2026-08-30 21:00:00+00:00,0.9952875184,0.9958160832,0.9950649648,0.9956495742000001
2026-08-30 22:00:00+00:00,0.9954440346000001,0.995836472,0.99538736,0.9955752722999999
2026-08-30 23:00:00+00:00,0.9956300533000001,0.9956519535999999,0.9950247584,0.9951005817999999
2026-08-31 00:00:00+00:00,0.9952399999999999,0.9956199037000001,0.9949409448,0.9956127404
2026-08-31 01:00:00+00:00,0.9954383889999999,0.9956450362,0.9951650191999999,0.9954926730000001
2026-08-31 02:00:00+00:00,0.9954299412000001,0.9955469120999999,0.9950127647999999,0.9954142866
2026-08-31 03:00:00+00:00,0.995400396,0.9959259887999999,0.995400396,0.9955245241999999
2026-08-31 04:00:00+00:00,0.9955527488000001,0.9955527488000001,0.995163379,0.9953645660000001
2026-08-31 05:00:00+00:00,0.9953327014,0.9956386232,0.9951644813999999,0.9956292695999999
2026-08-31 06:00:00+00:00,0.9955880266000001,0.9957556314000001,0.9949906687,0.9952690368
2026-08-31 07:00:00+00:00,0.9952349312000001,0.9953576919,0.9947261856,0.9947872115999999
2026-08-31 08:00:00+00:00,0.9949383099,0.995081193,0.9948036868,0.99485463
2026-08-31 09:00:00+00:00,0.9948537942,0.9950028726,0.9946999977000001,0.9947358011999999
2026-08-31 10:00:00+00:00,0.9947837756,0.9947837756,0.9940946796,0.99435399
2026-08-31 11:00:00+00:00,0.9944070536,0.9948480180999999,0.994194405,0.9943723418999999
2026-08-31 12:00:00+00:00,0.994487548,0.9947948724,0.9932718375999999,0.993704995
2026-08-31 13:00:00+00:00,0.9937071774999999,0.9941898352,0.9936974997,0.9938138916
2026-08-31 14:00:00+00:00,0.9937708767,0.9940000383,0.9931628918000001,0.9932853491999999
2026-08-31 15:00:00+00:00,0.9934750785,0.9934750785,0.9929285676,0.9932677480000001
2026-08-31 16:00:00+00:00,0.9932476573,0.9935526671999999,0.9931091663999999,0.9934154999999999
2026-08-31 17:00:00+00:00,0.9933313916,0.993360534,0.9927561069999999,0.992923335
2026-08-31 18:00:00+00:00,0.992980659,0.993016959,0.9925788909000001,0.9926151839999999
2026-08-31 19:00:00+00:00,0.9925540113,0.9931507810000001,0.9925153616,0.9931364128
2026-08-31 20:00:00+00:00,0.993111595,0.9931813589999999,0.9927026339999999,0.9927628296
2026-08-31 21:00:00+00:00,0.991851531,0.9927207906,0.991851531,0.9923969263999999
2026-08-31 22:00:00+00:00,0.9929849786999999,0.9929849786999999,0.9926476908999999,0.9927446738
2026-08-31 23:00:00+00:00,0.9927886163999999,0.9933365355,0.9927886163999999,0.9932997053999999
2026-09-01 00:00:00+00:00,0.993315024,0.994168947,0.9932715120000001,0.9934641443999999
2026-09-01 01:00:00+00:00,0.9934106699999999,0.9944401596,0.993258292,0.9941878812
2026-09-01 02:00:00+00:00,0.9941553973999999,0.9944781015999999,0.9939048842,0.9943771926
2026-09-01 03:00:00+00:00,0.9941917364,0.9942605792,0.9936987885,0.9938779560000001
2026-09-01 04:00:00+00:00,0.9938148527999999,0.9941768221,0.9937942836,0.9938952539999999
2026-09-01 05:00:00+00:00,0.9939689298000001,0.9943021759999999,0.9939196934999999,0.9940473143999999
2026-09-01 06:00:00+00:00,0.9939880724000001,0.9939880724000001,0.9932883374999999,0.9934940505000001
2026-09-01 07:00:00+00:00,0.9931887681999999,0.993417552,0.9924024438000001,0.9924869855999999
2026-09-01 08:00:00+00:00,0.9924109050000001,0.9925906144,0.990774876,0.990916498
2026-09-01 09:00:00+00:00,0.9907861724999999,0.9910484591999998,0.990229273,0.9906840989999999
2026-09-01 10:00:00+00:00,0.9907706820000001,0.9913750866,0.9907706820000001,0.9910812194999999
2026-09-01 11:00:00+00:00,0.9909151488,0.9920409858,0.9908141568000001,0.9917343728999999
2026-09-01 12:00:00+00:00,0.991688434,0.9931279822,0.9915986236,0.9931279822
2026-09-01 13:00:00+00:00,0.9928263359999999,0.993585681,0.99250185,0.9934267446
2026-09-01 14:00:00+00:00,0.9935146837,0.9946913512,0.9935146837,0.9946913512
2026-09-01 15:00:00+00:00,0.9948195536999999,0.9954084230999999,0.994497372,0.9952820474999999
2026-09-01 16:00:00+00:00,0.9952732314000001,0.9953131529,0.9939433485,0.9942281598
2026-09-01 17:00:00+00:00,0.9941642042000001,0.9941924087999999,0.9936648176,0.9937486350000001
2026-09-01 18:00:00+00:00,0.9937629284,0.9937629284,0.9928596116,0.9930244200999999
2026-09-01 19:00:00+00:00,0.9928926294,0.9930407131999999,0.9925904991999999,0.9926623208
2026-09-01 20:00:00+00:00,0.9925368618,0.9929767673,0.9925090686,0.9926377610999999
2026-09-01 21:00:00+00:00,0.9921722112,0.9930509442,0.992078965,0.9930017120000001
2026-09-01 22:00:00+00:00,0.9930585771,0.9932594849999999,0.9929751957,0.993061356
2026-09-01 23:00:00+00:00,0.9930819984,0.99310344,0.9928060778999999,0.9929037427
2026-09-02 00:00:00+00:00,0.9930962735999999,0.9932634490000001,0.9923268696,0.992513691
2026-09-02 01:00:00+00:00,0.9926820166,0.9939035909999999,0.9924769287999999,0.9936931214999999
2026-09-02 02:00:00+00:00,0.9933795773999999,0.9937874588999999,0.993005237,0.9934653608
2026-09-02 03:00:00+00:00,0.993505961,0.99384092,0.9933525871999999,0.9936219964999999
2026-09-02 04:00:00+00:00,0.9936569678,0.9936569678,0.9929135999999998,0.992964909
2026-09-02 05:00:00+00:00,0.9930348609999998,0.9939172683999998,0.9928131353,0.9937939066000001
2026-09-02 06:00:00+00:00,0.9937818384,0.994379724,0.993733086,0.9939144165999999
2026-09-02 07:00:00+00:00,0.9940240179,0.9952860288,0.9940150616000001,0.9948670194
2026-09-02 08:00:00+00:00,0.9949762452,0.995139494,0.9930722340000001,0.993260528
2026-09-02 09:00:00+00:00,0.9933039269999999,0.9935654999999999,0.9926408400999999,0.992787948
2026-09-02 10:00:00+00:00,0.9928151996,0.9936139756,0.9925268769,0.9936139756
2026-09-02 11:00:00+00:00,0.993471996,0.9950916577,0.9934091479999999,0.9950348616000001
2026-09-02 12:00:00+00:00,0.9950137901999999,0.995431204,0.9943369001999999,0.994772864
2026-09-02 13:00:00+00:00,0.9949613132,0.996280955,0.994610862,0.9946899492
2026-09-02 14:00:00+00:00,0.9946999728,0.9948203992999999,0.9928320266999999,0.9929312624
2026-09-02 15:00:00+00:00,0.9928295941999999,0.9934815231,0.9924703655999999,0.9929724805000001
2026-09-02 16:00:00+00:00,0.9930598296,0.9932898260999999,0.992438272,0.9924956159999999
2026-09-02 17:00:00+00:00,0.9924931619999999,0.9925435968,0.992053874,0.9924056591999999
2026-09-02 18:00:00+00:00,0.9923149372999999,0.9923774784,0.9917699557999999,0.9920956924000001
2026-09-02 19:00:00+00:00,0.992067516,0.9922834763999999,0.9919488552000001,0.9922834763999999
2026-09-02 20:00:00+00:00,0.9922901448,0.9927567162,0.9918028125,0.9918028125
2026-09-02 21:00:00+00:00,0.991393376,0.9922318787,0.9907223988,0.9920895125
2026-09-02 22:00:00+00:00,0.9926464464,0.992734444,0.9921722814,0.9922825439999999
2026-09-02 23:00:00+00:00,0.9923173997999999,0.9923173997999999,0.9917736928,0.9918080655000001
2026-09-03 00:00:00+00:00,0.9916256761,0.9917294304,0.9912545152,0.9916258871999999
2026-09-03 01:00:00+00:00,0.9915982097999999,0.9917840943999999,0.9912490899999999,0.9914615729999999
2026-09-03 02:00:00+00:00,0.9914805940000001,0.9914805940000001,0.9906211584000001,0.9906211584000001
2026-09-03 03:00:00+00:00,0.9906268461,0.9915833399999999,0.9905934936,0.9915684904
2026-09-03 04:00:00+00:00,0.9915060024999999,0.991771816,0.9914505993999999,0.9914567601
2026-09-03 05:00:00+00:00,0.9915049194,0.9915049194,0.990361742,0.9909995752
2026-09-03 06:00:00+00:00,0.9909056719999999,0.9911147324999999,0.9903479082000001,0.9908570153999999
2026-09-03 07:00:00+00:00,0.9909836200000001,0.9917465348000001,0.9907676138999999,0.99142715
2026-09-03 08:00:00+00:00,0.9912475185999999,0.9924950111,0.9912475185999999,0.9915149097
2026-09-03 09:00:00+00:00,0.9917180925,0.9926264424000001,0.991673968,0.9920435052
2026-09-03 10:00:00+00:00,0.9920871713000001,0.9925639687999999,0.9914441705,0.9925639687999999
2026-09-03 11:00:00+00:00,0.9924492117000001,0.9930071912,0.9919637919999998,0.9919637919999998
2026-09-03 12:00:00+00:00,0.9919667439999998,0.9938863102000001,0.9918258659999999,0.9936650193000001
2026-09-03 13:00:00+00:00,0.99347297,0.9937160688000001,0.9923614848000001,0.9924637184
2026-09-03 14:00:00+00:00,0.9923381721000001,0.9924547632999999,0.9914602192,0.99179059
2026-09-03 15:00:00+00:00,0.9919710664,0.9924068055,0.9917084928000001,0.9920997267999999
2026-09-03 16:00:00+00:00,0.9921357172999999,0.9922560716000001,0.9916679042000001,0.9922005500000001
2026-09-03 17:00:00+00:00,0.9924037539,0.9933282877999999,0.9920961024000001,0.9931553576000001
2026-09-03 18:00:00+00:00,0.99325248,0.993676707,0.99325248,0.9935783156
2026-09-03 19:00:00+00:00,0.9935723559,0.9936124649999999,0.9930080567999999,0.9930866679
2026-09-03 20:00:00+00:00,0.9929895375,0.9933160776,0.9925996240000001,0.993126618
2026-09-03 21:00:00+00:00,0.9925801776000001,0.9925801776000001,0.9917486436,0.9921161510000001
2026-09-03 22:00:00+00:00,0.993179366,0.9932261197000001,0.9929208632000001,0.9929208632000001
2026-09-03 23:00:00+00:00,0.9929394258,0.9931504385000001,0.9928446103,0.9928446103
2026-09-04 00:00:00+00:00,0.9928584,0.9936406754999999,0.9928374104,0.9935826696000002
2026-09-04 01:00:00+00:00,0.9935610539999999,0.9946591060000001,0.9933663447999999,0.9944904577
2026-09-04 02:00:00+00:00,0.9944005235999999,0.9945286119,0.9937751032000001,0.9940618628999999
2026-09-04 03:00:00+00:00,0.9940474466999999,0.9941771925,0.993830886,0.9941286072
2026-09-04 04:00:00+00:00,0.994148984,0.9946005700000001,0.994148984,0.9943533585000001
2026-09-04 05:00:00+00:00,0.9943006993000001,0.9944295263999999,0.9939982416,0.9942398880000002
2026-09-04 06:00:00+00:00,0.9941254862,0.9943608449999999,0.9935365725000002,0.9935762957999998
2026-09-04 07:00:00+00:00,0.9935641535000002,0.9940438024000001,0.9933459651,0.9939702265999999
2026-09-04 08:00:00+00:00,0.993925226,0.9941532702000001,0.9937079999999999,0.9937200036
2026-09-04 09:00:00+00:00,0.9935586,0.9939498194999999,0.9934223188000001,0.9938327840000001
2026-09-04 10:00:00+00:00,0.9938940074000001,0.9942252962000001,0.9937085480000001,0.9941184
2026-09-04 11:00:00+00:00,0.9940008191999999,0.994673687,0.9939671999999999,0.9942132680000001
2026-09-04 12:00:00+00:00,0.994274468,0.997651505,0.9938687232,0.997472811
2026-09-04 13:00:00+00:00,0.997131792,0.9981274616999999,0.9965232822,0.9974374746
2026-09-04 14:00:00+00:00,0.997222602,0.998061453,0.9970143890000002,0.9970686354
2026-09-04 15:00:00+00:00,0.9970525375999999,0.997812108,0.9970471168,0.9972850440000001
2026-09-04 16:00:00+00:00,0.9974331562,0.9979322386999999,0.9974331562,0.9976603697999998
2026-09-04 17:00:00+00:00,0.9976235144000001,0.9976235144000001,0.9968342252000001,0.9968790936
2026-09-04 18:00:00+00:00,0.9969981482999999,0.9969981482999999,0.996628689,0.9969278148
2026-09-04 19:00:00+00:00,0.9969266782,0.99696156,0.9965785094999999,0.996850619
2026-09-04 20:00:00+00:00,0.9967765764,0.9970794768,0.9960201465000001,0.9960201465000001
2026-09-06 22:00:00+00:00,0.9966336103999999,0.9969451991999999,0.9966336103999999,0.9968123248
2026-09-06 23:00:00+00:00,0.9969501,0.99708264,0.9967739966999999,0.99697777
2026-09-07 00:00:00+00:00,0.9970310919,0.997327518,0.99680017,0.996898155
2026-09-07 01:00:00+00:00,0.9968687408,0.996925011,0.9964924033999999,0.9966015855
2026-09-07 02:00:00+00:00,0.9965617791,0.9965617791,0.996217596,0.9963831199999998
2026-09-07 03:00:00+00:00,0.9964871999999999,0.9968445824000001,0.9962629699000001,0.9968223971999999
2026-09-07 04:00:00+00:00,0.9967875204,0.9968803488,0.9965014913999999,0.9968394199999999
2026-09-07 05:00:00+00:00,0.9968633328000001,0.9972550512,0.99674544,0.997132114
2026-09-07 06:00:00+00:00,0.9971973863999999,0.9982175452000001,0.9970754319999999,0.9980617392
2026-09-07 07:00:00+00:00,0.9979895952,0.9990034434,0.9979895952,0.9988506976
2026-09-07 08:00:00+00:00,0.9988104356999999,0.9988482348000001,0.9978073775999999,0.9980219802
2026-09-07 09:00:00+00:00,0.99802981,0.9982203000000001,0.9977201624,0.9977201624
2026-09-07 10:00:00+00:00,0.9977772904,0.9977832875,0.9974451115,0.9974451115
2026-09-07 11:00:00+00:00,0.9973393132,0.9973923098999999,0.9970487592,0.9970487592
2026-09-07 12:00:00+00:00,0.9972296560000001,0.9973044609,0.9964811689999999,0.9966553685
2026-09-07 13:00:00+00:00,0.9965615670000001,0.9974661479999999,0.9965615670000001,0.9972122467000001
2026-09-07 14:00:00+00:00,0.9973490739,0.9973490739,0.9967543123999999,0.9967838208
2026-09-07 15:00:00+00:00,0.9969093522,0.9971359776000001,0.9967326544999999,0.9968660415999999
2026-09-07 16:00:00+00:00,0.99690997,0.9971601614,0.9968468812000001,0.99708922
2026-09-07 17:00:00+00:00,0.99708922,0.9971494931999999,0.9970198447999999,0.9970349057999999
2026-09-07 18:00:00+00:00,0.9971039687999999,0.9971889745000001,0.9970235852,0.9971673208000001
2026-09-07 19:00:00+00:00,0.9971961924,0.9972714624,0.9971223709999999,0.9971704188
2026-09-07 20:00:00+00:00,0.9972137231999999,0.9972137231999999,0.996958625,0.99702545
2026-09-07 21:00:00+00:00,0.9964702458999999,0.9964702458999999,0.9964702458999999,0.9964702458999999
2026-09-07 22:00:00+00:00,0.9972596633999999,0.9973359521999998,0.9968786048,0.9969897204
2026-09-07 23:00:00+00:00,0.9969897204,0.997169154,0.9967335338,0.9968288904
2026-09-08 00:00:00+00:00,0.9968197524999999,0.9969235992,0.9963316395,0.9965082996
2026-09-08 01:00:00+00:00,0.9965117505,0.9965117505,0.995731488,0.9958453422
2026-09-08 02:00:00+00:00,0.9958277510999999,0.9958635496,0.9951779892999999,0.995516598
2026-09-08 03:00:00+00:00,0.9953395176,0.996127385,0.9950871059999999,0.9960012643999999
2026-09-08 04:00:00+00:00,0.9959639355,0.9962215056,0.9956508027000001,0.9960928647999999
2026-09-08 05:00:00+00:00,0.9961054055999998,0.9961323784,0.9953607534,0.9954513919999999
2026-09-08 06:00:00+00:00,0.995231517,0.995231517,0.9942320647,0.9948938337
2026-09-08 07:00:00+00:00,0.9949725312000001,0.99530925,0.9945777505999999,0.994986642
2026-09-08 08:00:00+00:00,0.9950136030999999,0.995182497,0.994352049,0.9950762015999999
2026-09-08 09:00:00+00:00,0.9949476657999999,0.9955141206,0.9945703887,0.9954642532
2026-09-08 10:00:00+00:00,0.9954974772,0.9961837328,0.9953763583999999,0.9960991915000001
2026-09-08 11:00:00+00:00,0.996132186,0.9961501332,0.995446614,0.9957352416
2026-09-08 12:00:00+00:00,0.9956806522,0.9966033408,0.9956806522,0.9960766512
2026-09-08 13:00:00+00:00,0.9961226191999999,0.9962539272,0.9954994289999999,0.9959754679
2026-09-08 14:00:00+00:00,0.9959609171999999,0.9960100136,0.9946908061,0.9952558352
2026-09-08 15:00:00+00:00,0.9952336044,0.9952336044,0.9944420247,0.9945728091999999
2026-09-08 16:00:00+00:00,0.9945970734999999,0.9953844995000002,0.994542228,0.9952670706
2026-09-08 17:00:00+00:00,0.9953826453999999,0.9956196516,0.9953518329000001,0.9954437093
2026-09-08 18:00:00+00:00,0.9954364872,0.9956397851999998,0.9950059112,0.9952920452
2026-09-08 19:00:00+00:00,0.9952159175999999,0.9952467199999999,0.9945091200000001,0.9947059776
2026-09-08 20:00:00+00:00,0.9946475918,0.9947925792000001,0.9944756934000001,0.9945182839
2026-09-08 21:00:00+00:00,0.9940734747999999,0.9940734747999999,0.9940734747999999,0.9940734747999999
2026-09-08 22:00:00+00:00,0.995189683,0.995189683,0.9948096775,0.9949901682
2026-09-08 23:00:00+00:00,0.9949678584,0.9950603589000001,0.9947092684,0.9947518496
2026-09-09 00:00:00+00:00,0.9948968334,0.9955325709,0.9948968334,0.9953374662000001
2026-09-09 01:00:00+00:00,0.995241913,0.9954679644000001,0.9949258564,0.9951553794
2026-09-09 02:00:00+00:00,0.9950753822,0.9954002992,0.9949842388000001,0.9951847919000001
2026-09-09 03:00:00+00:00,0.9951913436,0.9952785251999999,0.994850947,0.9950398098000001
2026-09-09 04:00:00+00:00,0.9950253635999999,0.9957524373000001,0.9949197023,0.9957524373000001
2026-09-09 05:00:00+00:00,0.9957937554,0.9959238715000002,0.9955440792,0.9958818899999999
2026-09-09 06:00:00+00:00,0.9958219886999998,0.9964240374000001,0.9957789351999999,0.9958333235999999
2026-09-09 07:00:00+00:00,0.9959448743999999,0.9966184668,0.9958818663,0.9961132935000001
2026-09-09 08:00:00+00:00,0.9960616440000001,0.9960853986,0.995014782,0.9953608466999999
2026-09-09 09:00:00+00:00,0.9952748316,0.9952748316,0.99444021,0.9944966367999999
2026-09-09 10:00:00+00:00,0.9945025538999999,0.9946304946000001,0.9940892,0.9943181118000001
2026-09-09 11:00:00+00:00,0.9943155246,0.9947036946000001,0.994096272,0.9944930852999999
2026-09-09 12:00:00+00:00,0.9945217775999999,0.9952893899999998,0.9944707472000001,0.9952479439000002
2026-09-09 13:00:00+00:00,0.9954015149000001,0.9970604539999999,0.9954015149000001,0.9965389216999999
2026-09-09 14:00:00+00:00,0.9967252789,0.9975171168000001,0.9963385686,0.9975171168000001
2026-09-09 15:00:00+00:00,0.9975111011999999,0.9975111011999999,0.9961002576,0.996491355
2026-09-09 16:00:00+00:00,0.9965242979999999,0.9969127735,0.9962039100000001,0.9968358864000001
2026-09-09 17:00:00+00:00,0.9968562789,0.9970680432,0.9965865725999999,0.9968375746000001
2026-09-09 18:00:00+00:00,0.9969138102000001,0.9970195819999998,0.996328501,0.9963711747
2026-09-09 19:00:00+00:00,0.9964107027,0.99662627,0.9962716989999999,0.9965829698
2026-09-09 20:00:00+00:00,0.9964627854999999,0.9965537316,0.9962221348,0.9962221348
2026-09-09 21:00:00+00:00,0.9955532959999999,0.9955912658999999,0.9954046639999999,0.9954460609999999
2026-09-09 22:00:00+00:00,0.996227463,0.9964623563999999,0.9960385548,0.9961069245999999
2026-09-09 23:00:00+00:00,0.99619227,0.9969203902,0.9961555447999999,0.9968926058
2026-09-10 00:00:00+00:00,0.9968524659,0.9971067042,0.9961373562,0.9961373562
2026-09-10 01:00:00+00:00,0.9961006649999998,0.9964508554000001,0.9954890666999999,0.9964508554000001
2026-09-10 02:00:00+00:00,0.9964436372000001,0.9969977388,0.996425454,0.9969977388
2026-09-10 03:00:00+00:00,0.996983295,0.9971362274999999,0.996516143,0.9967266988
2026-09-10 04:00:00+00:00,0.996734549,0.9970285392,0.9967147838000001,0.9968158456000001
2026-09-10 05:00:00+00:00,0.9968980684000001,0.9968996006999999,0.9964119625,0.9966107887
2026-09-10 06:00:00+00:00,0.9962892649999999,0.996437682,0.996080264,0.9962230625999999
2026-09-10 07:00:00+00:00,0.9961678350000001,0.9963937429999999,0.9959632087000001,0.9962694664999999
2026-09-10 08:00:00+00:00,0.9963428552999999,0.9963428552999999,0.9955331519999999,0.9956166
2026-09-10 09:00:00+00:00,0.995493996,0.9958818573,0.9953726360000001,0.9958522976
2026-09-10 10:00:00+00:00,0.9956169216,0.9956403765,0.9947603669999999,0.9947957832000001
2026-09-10 11:00:00+00:00,0.9946323008,0.9946388857,0.993594852,0.993594852
2026-09-10 12:00:00+00:00,0.9936993300000001,0.9936993300000001,0.9900529272,0.9905980832
2026-09-10 13:00:00+00:00,0.9907345331,0.9910845382,0.9895582013000002,0.9900847670999999
2026-09-10 14:00:00+00:00,0.9899388995999999,0.9915213593,0.9898754100000001,0.9905704463999999
2026-09-10 15:00:00+00:00,0.990366273,0.9909471936,0.9899276487,0.9899276487
2026-09-10 16:00:00+00:00,0.9900054521999999,0.9902290723,0.9893573520000001,0.9902178350999999
2026-09-10 17:00:00+00:00,0.9903514248,0.9906580633,0.9900371235999998,0.9903698226
2026-09-10 18:00:00+00:00,0.9904179500000001,0.9904224967999999,0.98987982,0.9901983783999999
2026-09-10 19:00:00+00:00,0.990070173,0.9903264315000001,0.9897253730999999,0.9903264315000001
2026-09-10 20:00:00+00:00,0.9902992482,0.9904076065,0.9899114265,0.9899576842
2026-09-10 21:00:00+00:00,0.9894119676,0.9894119676,0.9890976095,0.9892120974999999
2026-09-10 22:00:00+00:00,0.9901213305000001,0.990572165,0.9899710356000001,0.990572165
2026-09-10 23:00:00+00:00,0.9905926749000001,0.9908451155999999,0.990013038,0.9901366017000001
2026-09-11 00:00:00+00:00,0.990384186,0.9913750912,0.9903016606999999,0.9913120897000001
2026-09-11 01:00:00+00:00,0.9911885625999999,0.9914217735,0.9904233483999999,0.9907420698
2026-09-11 02:00:00+00:00,0.9907096500000001,0.9907096500000001,0.9902896498,0.9903517011999999
2026-09-11 03:00:00+00:00,0.9902968043999999,0.9903994403999999,0.9900220218000001,0.990342528
2026-09-11 04:00:00+00:00,0.9904318092000001,0.9912537018,0.9904255872,0.9910623621000001
2026-09-11 05:00:00+00:00,0.9910003207999999,0.9923553007,0.9909983976000001,0.9921123968000001
2026-09-11 06:00:00+00:00,0.9920898783,0.9929349216000001,0.9920898783,0.9925561932000001
2026-09-11 07:00:00+00:00,0.9926643328,0.9929262135,0.9919453524,0.9923353036
2026-09-11 08:00:00+00:00,0.9923973186999999,0.9925705416,0.9916967952,0.9924345291000001
2026-09-11 09:00:00+00:00,0.9926187552,0.9929542415,0.9922864607999999,0.9928471896000001
2026-09-11 10:00:00+00:00,0.9929097529999998,0.99370656,0.9928817184,0.9936305689999999
2026-09-11 11:00:00+00:00,0.9937428864999999,0.9945138658,0.9936157527,0.9941835135
2026-09-11 12:00:00+00:00,0.9941288939999999,0.9961232362000001,0.992902156,0.9960755665000001
2026-09-11 13:00:00+00:00,0.9962644107,0.9962644107,0.994661235,0.9957417074
2026-09-11 14:00:00+00:00,0.9953334412,0.9957450822,0.9949616355,0.9951251086
2026-09-11 15:00:00+00:00,0.9951944756,0.9953876865000001,0.9945469795,0.9946072192
2026-09-11 16:00:00+00:00,0.9946263312999999,0.9951178004000001,0.9946027404,0.994761579
2026-09-11 17:00:00+00:00,0.9947424857999999,0.9948126239,0.9944083008000001,0.9947367662000001
2026-09-11 18:00:00+00:00,0.994730076,0.9947687544,0.9942677499,0.9945010663
2026-09-11 19:00:00+00:00,0.99445326,0.994831496,0.9944365238,0.9944389151999999
2026-09-11 20:00:00+00:00,0.9944025725,0.9946577823,0.9939768959999999,0.9939768959999999
