datetime,open,high,low,close
2026-03-12 02:00:00+00:00,0.736940000000002,0.736940000000002,0.7355000000000019,0.736000000000002
2026-03-12 03:00:00+00:00,0.736000000000002,0.736260000000002,0.735330000000002,0.736190000000002
2026-03-12 04:00:00+00:00,0.736190000000002,0.736240000000002,0.734830000000002,0.7348900000000019
2026-03-12 05:00:00+00:00,0.7348900000000019,0.735960000000002,0.734520000000002,0.7347900000000019
2026-03-12 06:00:00+00:00,0.7347900000000019,0.735480000000002,0.733660000000002,0.735020000000002
2026-03-12 07:00:00+00:00,0.735020000000002,0.736160000000002,0.734580000000002,0.735970000000002
2026-03-12 08:00:00+00:00,0.735970000000002,0.737030000000002,0.735570000000002,0.735970000000002
2026-03-12 09:00:00+00:00,0.735970000000002,0.736470000000002,0.7348400000000019,0.7362300000000019
2026-03-12 10:00:00+00:00,0.7362300000000019,0.736370000000002,0.735330000000002,0.735930000000002
2026-03-12 11:00:00+00:00,0.735930000000002,0.7373300000000019,0.735730000000002,0.736190000000002
2026-03-12 12:00:00+00:00,0.736190000000002,0.736250000000002,0.734910000000002,0.735590000000002
2026-03-12 13:00:00+00:00,0.735590000000002,0.736050000000002,0.731980000000002,0.7321800000000019
2026-03-12 14:00:00+00:00,0.7321800000000019,0.733190000000002,0.730660000000002,0.731540000000002
2026-03-12 15:00:00+00:00,0.731540000000002,0.732200000000002,0.729730000000002,0.731380000000002
2026-03-12 16:00:00+00:00,0.731380000000002,0.732540000000002,0.730080000000002,0.7312800000000019
2026-03-12 17:00:00+00:00,0.7312800000000019,0.732200000000002,0.730640000000002,0.730950000000002
2026-03-12 18:00:00+00:00,0.730950000000002,0.731300000000002,0.730190000000002,0.730560000000002
2026-03-12 19:00:00+00:00,0.730560000000002,0.730940000000002,0.730260000000002,0.730300000000002
2026-03-12 20:00:00+00:00,0.730300000000002,0.730520000000002,0.7300600000000019,0.730150000000002
2026-03-12 21:00:00+00:00,0.730150000000002,0.730150000000002,0.729720000000002,0.7298100000000021
2026-03-12 22:00:00+00:00,0.7298100000000021,0.730480000000002,0.729680000000002,0.7304400000000021
2026-03-12 23:00:00+00:00,0.7304400000000021,0.730600000000002,0.729870000000002,0.7301200000000021
2026-03-13 00:00:00+00:00,0.7301200000000021,0.731210000000002,0.729670000000002,0.7309500000000021
2026-03-13 01:00:00+00:00,0.7309500000000021,0.731750000000002,0.7304200000000021,0.730700000000002
2026-03-13 02:00:00+00:00,0.730700000000002,0.7314200000000021,0.729720000000002,0.7302500000000021
2026-03-13 03:00:00+00:00,0.7302500000000021,0.730450000000002,0.728600000000002,0.7296100000000021
2026-03-13 04:00:00+00:00,0.7296100000000021,0.7296600000000021,0.7284400000000021,0.728790000000002
2026-03-13 05:00:00+00:00,0.728790000000002,0.729240000000002,0.728410000000002,0.728790000000002
2026-03-13 06:00:00+00:00,0.728790000000002,0.728990000000002,0.726230000000002,0.726330000000002
2026-03-13 07:00:00+00:00,0.726330000000002,0.726530000000002,0.724620000000002,0.7251500000000021
2026-03-13 08:00:00+00:00,0.7251500000000021,0.726380000000002,0.7241000000000021,0.7262500000000021
2026-03-13 09:00:00+00:00,0.7262500000000021,0.727360000000002,0.725990000000002,0.7261000000000021
2026-03-13 10:00:00+00:00,0.7261000000000021,0.727380000000002,0.726020000000002,0.726400000000002
2026-03-13 11:00:00+00:00,0.726400000000002,0.7275100000000021,0.725720000000002,0.727460000000002
2026-03-13 12:00:00+00:00,0.727460000000002,0.728800000000002,0.7268800000000021,0.728160000000002
2026-03-13 13:00:00+00:00,0.728160000000002,0.7282900000000021,0.726350000000002,0.727400000000002
2026-03-13 14:00:00+00:00,0.727400000000002,0.7278100000000021,0.724580000000002,0.7249300000000021
2026-03-13 15:00:00+00:00,0.7249300000000021,0.725410000000002,0.722750000000002,0.722750000000002
2026-03-13 16:00:00+00:00,0.722750000000002,0.723790000000002,0.722470000000002,0.723110000000002
2026-03-13 17:00:00+00:00,0.723110000000002,0.7239000000000021,0.7226800000000021,0.7228600000000021
2026-03-13 18:00:00+00:00,0.7228600000000021,0.723400000000002,0.722310000000002,0.722910000000002
2026-03-13 19:00:00+00:00,0.722910000000002,0.722960000000002,0.721550000000002,0.7216100000000021
2026-03-13 20:00:00+00:00,0.7216100000000021,0.721670000000002,0.720350000000002,0.720450000000002
2026-03-15 21:00:00+00:00,0.720450000000002,0.7210900000000019,0.7199000000000019,0.7206000000000019
2026-03-15 22:00:00+00:00,0.7206000000000019,0.7211700000000019,0.7199400000000019,0.7209000000000019
2026-03-15 23:00:00+00:00,0.7209000000000019,0.721980000000002,0.7205800000000019,0.7218200000000019
2026-03-16 00:00:00+00:00,0.7218200000000019,0.7231900000000019,0.7217700000000019,0.7228900000000019
2026-03-16 01:00:00+00:00,0.7228900000000019,0.7232300000000019,0.7210200000000019,0.7226100000000019
2026-03-16 02:00:00+00:00,0.7226100000000019,0.722710000000002,0.7220400000000019,0.7220400000000019
2026-03-16 03:00:00+00:00,0.7220400000000019,0.7227800000000019,0.7218400000000019,0.7224000000000019
2026-03-16 04:00:00+00:00,0.7224000000000019,0.7225800000000019,0.7217200000000019,0.7217700000000019
2026-03-16 05:00:00+00:00,0.7217700000000019,0.7231700000000019,0.7217700000000019,0.7228000000000019
2026-03-16 06:00:00+00:00,0.7228000000000019,0.7234600000000019,0.7224600000000019,0.7231300000000019
2026-03-16 07:00:00+00:00,0.7231300000000019,0.723540000000002,0.7219400000000019,0.722640000000002
2026-03-16 08:00:00+00:00,0.722640000000002,0.7235800000000019,0.7220400000000019,0.7235500000000019
2026-03-16 09:00:00+00:00,0.7235500000000019,0.7241100000000019,0.7229500000000019,0.7238000000000019
2026-03-16 10:00:00+00:00,0.7238000000000019,0.7263900000000019,0.7236200000000019,0.7263300000000019
2026-03-16 11:00:00+00:00,0.7263300000000019,0.7267500000000019,0.726030000000002,0.7263400000000019
2026-03-16 12:00:00+00:00,0.7263400000000019,0.727200000000002,0.7263000000000019,0.7263900000000019
2026-03-16 13:00:00+00:00,0.7263900000000019,0.7286600000000019,0.7263600000000019,0.7285500000000019
2026-03-16 14:00:00+00:00,0.7285500000000019,0.728930000000002,0.7267200000000019,0.7276000000000019
2026-03-16 15:00:00+00:00,0.7276000000000019,0.7278400000000019,0.726320000000002,0.7268400000000019
2026-03-16 16:00:00+00:00,0.7268400000000019,0.7273800000000019,0.725810000000002,0.726710000000002
2026-03-16 17:00:00+00:00,0.726710000000002,0.727710000000002,0.7265800000000019,0.7268400000000019
2026-03-16 18:00:00+00:00,0.7268400000000019,0.7292400000000019,0.7268400000000019,0.7288500000000019
2026-03-16 19:00:00+00:00,0.7288500000000019,0.729590000000002,0.7282200000000019,0.7286600000000019
2026-03-16 20:00:00+00:00,0.7286600000000019,0.7287800000000019,0.7282100000000019,0.7284300000000019
2026-03-16 21:00:00+00:00,0.7284300000000019,0.7289900000000019,0.7281700000000019,0.7286100000000018
2026-03-16 22:00:00+00:00,0.7286100000000018,0.7288900000000018,0.7281900000000018,0.7282900000000018
2026-03-16 23:00:00+00:00,0.7282900000000018,0.7286900000000018,0.7280300000000018,0.7284800000000018
2026-03-17 00:00:00+00:00,0.7284800000000018,0.7285100000000018,0.7277300000000018,0.7279800000000018
2026-03-17 01:00:00+00:00,0.7279800000000018,0.7298800000000017,0.7278600000000018,0.7298800000000017
2026-03-17 02:00:00+00:00,0.7298800000000017,0.7303800000000018,0.7293500000000018,0.7293500000000018
2026-03-17 03:00:00+00:00,0.7293500000000018,0.7311300000000018,0.7267000000000018,0.7283900000000018
2026-03-17 04:00:00+00:00,0.7283900000000018,0.7297600000000019,0.7278000000000018,0.7290600000000018
2026-03-17 05:00:00+00:00,0.7290600000000018,0.7307300000000018,0.7284600000000018,0.7285000000000018
2026-03-17 06:00:00+00:00,0.7285000000000018,0.7289800000000018,0.7273300000000018,0.7289100000000018
2026-03-17 07:00:00+00:00,0.7289100000000018,0.7291500000000019,0.7281200000000018,0.7284800000000018
2026-03-17 08:00:00+00:00,0.7284800000000018,0.7301400000000018,0.7278600000000018,0.7300700000000018
2026-03-17 09:00:00+00:00,0.7300700000000018,0.7308500000000018,0.7296900000000018,0.7306900000000018
2026-03-17 10:00:00+00:00,0.7306900000000018,0.7308300000000018,0.7297200000000018,0.7302800000000018
2026-03-17 11:00:00+00:00,0.7302800000000018,0.7308100000000018,0.7297200000000018,0.7297300000000018
2026-03-17 12:00:00+00:00,0.7297300000000018,0.7315400000000017,0.7294800000000018,0.7315300000000018
2026-03-17 13:00:00+00:00,0.7315300000000018,0.7336000000000018,0.7314600000000018,0.7328800000000018
2026-03-17 14:00:00+00:00,0.7328800000000018,0.7333300000000018,0.7317300000000018,0.7320200000000018
2026-03-17 15:00:00+00:00,0.7320200000000018,0.7322100000000018,0.7302600000000018,0.7317400000000018
2026-03-17 16:00:00+00:00,0.7317400000000018,0.7324600000000018,0.7310900000000018,0.7320200000000018
2026-03-17 17:00:00+00:00,0.7320200000000018,0.7330900000000018,0.7319600000000018,0.7329600000000018
2026-03-17 18:00:00+00:00,0.7329600000000018,0.7333200000000017,0.7321200000000018,0.7322400000000018
2026-03-17 19:00:00+00:00,0.7322400000000018,0.7323600000000018,0.7319100000000018,0.7322000000000018
2026-03-17 20:00:00+00:00,0.7322000000000018,0.7325200000000018,0.7321400000000018,0.7321500000000017
2026-03-17 21:00:00+00:00,0.7321500000000017,0.732520000000002,0.7314300000000018,0.731930000000002
2026-03-17 22:00:00+00:00,0.731930000000002,0.732910000000002,0.731930000000002,0.7327800000000019
2026-03-17 23:00:00+00:00,0.7327800000000019,0.7329500000000019,0.7324800000000019,0.732880000000002
2026-03-18 00:00:00+00:00,0.732880000000002,0.7334300000000019,0.7323600000000019,0.7326700000000019
2026-03-18 01:00:00+00:00,0.7326700000000019,0.7338400000000019,0.7326700000000019,0.7332800000000019
2026-03-18 02:00:00+00:00,0.7332800000000019,0.733390000000002,0.731980000000002,0.732130000000002
2026-03-18 03:00:00+00:00,0.732130000000002,0.733200000000002,0.731950000000002,0.733150000000002
2026-03-18 04:00:00+00:00,0.733150000000002,0.733760000000002,0.7327900000000019,0.733440000000002
2026-03-18 05:00:00+00:00,0.733440000000002,0.733930000000002,0.733190000000002,0.733800000000002
2026-03-18 06:00:00+00:00,0.733800000000002,0.7343100000000019,0.733490000000002,0.7338400000000019
2026-03-18 07:00:00+00:00,0.7338400000000019,0.7340900000000019,0.732930000000002,0.733240000000002
2026-03-18 08:00:00+00:00,0.733240000000002,0.733290000000002,0.732050000000002,0.732800000000002
2026-03-18 09:00:00+00:00,0.732800000000002,0.733320000000002,0.732250000000002,0.7332100000000019
2026-03-18 10:00:00+00:00,0.7332100000000019,0.7332600000000019,0.732290000000002,0.7323600000000019
2026-03-18 11:00:00+00:00,0.7323600000000019,0.7329900000000019,0.731120000000002,0.731970000000002
2026-03-18 12:00:00+00:00,0.731970000000002,0.732050000000002,0.727760000000002,0.727760000000002
2026-03-18 13:00:00+00:00,0.727760000000002,0.7286700000000019,0.726530000000002,0.7286000000000019
2026-03-18 14:00:00+00:00,0.7286000000000019,0.729730000000002,0.7278200000000019,0.7296700000000019
2026-03-18 15:00:00+00:00,0.7296700000000019,0.730860000000002,0.729410000000002,0.7296500000000019
2026-03-18 16:00:00+00:00,0.7296500000000019,0.730470000000002,0.729440000000002,0.730050000000002
2026-03-18 17:00:00+00:00,0.730050000000002,0.730300000000002,0.729300000000002,0.730080000000002
2026-03-18 18:00:00+00:00,0.730080000000002,0.731050000000002,0.7270400000000019,0.727140000000002
2026-03-18 19:00:00+00:00,0.727140000000002,0.7275500000000019,0.7253800000000019,0.725580000000002
2026-03-18 20:00:00+00:00,0.725580000000002,0.725750000000002,0.7237900000000019,0.7242600000000019
2026-03-18 21:00:00+00:00,0.7242600000000019,0.7257600000000018,0.724070000000002,0.7254500000000019
2026-03-18 22:00:00+00:00,0.7254500000000019,0.7255600000000019,0.7242900000000019,0.7245900000000018
2026-03-18 23:00:00+00:00,0.7245900000000018,0.7252000000000018,0.7243600000000019,0.7251300000000019
2026-03-19 00:00:00+00:00,0.7251300000000019,0.7266500000000019,0.7249000000000019,0.7266500000000019
2026-03-19 01:00:00+00:00,0.7266500000000019,0.7269300000000019,0.7259400000000019,0.7264300000000019
2026-03-19 02:00:00+00:00,0.7264300000000019,0.7277500000000019,0.7255900000000018,0.7267200000000019
2026-03-19 03:00:00+00:00,0.7267200000000019,0.7275200000000018,0.7266300000000019,0.7268300000000019
2026-03-19 04:00:00+00:00,0.7268300000000019,0.7268500000000019,0.7258700000000019,0.7259800000000018
2026-03-19 05:00:00+00:00,0.7259800000000018,0.7264800000000019,0.7253100000000019,0.7255000000000019
2026-03-19 06:00:00+00:00,0.7255000000000019,0.7265600000000019,0.7253000000000018,0.7260200000000019
2026-03-19 07:00:00+00:00,0.7260200000000019,0.7266900000000018,0.7245100000000019,0.7248300000000019
2026-03-19 08:00:00+00:00,0.7248300000000019,0.7263200000000019,0.7245400000000018,0.7258900000000019
2026-03-19 09:00:00+00:00,0.7258900000000019,0.7285000000000019,0.7258900000000019,0.7279900000000019
2026-03-19 10:00:00+00:00,0.7279900000000019,0.7279900000000019,0.7270200000000019,0.7273000000000018
2026-03-19 11:00:00+00:00,0.7273000000000018,0.7276100000000019,0.7255900000000018,0.7264800000000019
2026-03-19 12:00:00+00:00,0.7264800000000019,0.7264800000000019,0.7233100000000019,0.7240900000000019
2026-03-19 13:00:00+00:00,0.7240900000000019,0.7264200000000018,0.7221400000000019,0.7261300000000018
2026-03-19 14:00:00+00:00,0.7261300000000018,0.7278500000000019,0.7251700000000019,0.7267400000000019
2026-03-19 15:00:00+00:00,0.7267400000000019,0.7282500000000018,0.7248800000000019,0.7257400000000019
2026-03-19 16:00:00+00:00,0.7257400000000019,0.7276600000000019,0.7255700000000019,0.7269000000000019
2026-03-19 17:00:00+00:00,0.7269000000000019,0.7282300000000019,0.7259600000000019,0.7277800000000019
2026-03-19 18:00:00+00:00,0.7277800000000019,0.7296900000000018,0.7272500000000018,0.7296900000000018
2026-03-19 19:00:00+00:00,0.7296900000000018,0.7330700000000019,0.7296900000000018,0.7306300000000019
2026-03-19 20:00:00+00:00,0.7306300000000019,0.7310200000000019,0.7303800000000019,0.7308300000000019
2026-03-19 21:00:00+00:00,0.7308300000000019,0.7312800000000019,0.7304200000000018,0.7308000000000019
2026-03-19 22:00:00+00:00,0.7308000000000019,0.7314100000000019,0.7303900000000019,0.7304200000000018
2026-03-19 23:00:00+00:00,0.7304200000000018,0.7311200000000019,0.7300300000000018,0.7302200000000019
2026-03-20 00:00:00+00:00,0.7302200000000019,0.7305800000000019,0.7295200000000018,0.7304400000000019
2026-03-20 01:00:00+00:00,0.7304400000000019,0.7314300000000019,0.7302600000000019,0.7306100000000019
2026-03-20 02:00:00+00:00,0.7306100000000019,0.7311800000000019,0.7302900000000019,0.7310200000000019
2026-03-20 03:00:00+00:00,0.7310200000000019,0.7310600000000019,0.7301100000000019,0.7304000000000019
2026-03-20 04:00:00+00:00,0.7304000000000019,0.7311800000000019,0.7300900000000019,0.7309700000000019
2026-03-20 05:00:00+00:00,0.7309700000000019,0.7317500000000019,0.7305700000000019,0.7305700000000019
2026-03-20 06:00:00+00:00,0.7305700000000019,0.7313600000000019,0.7299700000000019,0.7301600000000019
2026-03-20 07:00:00+00:00,0.7301600000000019,0.7319100000000018,0.7296800000000019,0.7312700000000019
2026-03-20 08:00:00+00:00,0.7312700000000019,0.7316700000000019,0.7305400000000019,0.7308200000000019
2026-03-20 09:00:00+00:00,0.7308200000000019,0.7309200000000019,0.7285000000000019,0.7286700000000019
2026-03-20 10:00:00+00:00,0.7286700000000019,0.7288700000000019,0.7274300000000019,0.7287400000000018
2026-03-20 11:00:00+00:00,0.7287400000000018,0.7305600000000019,0.7285400000000019,0.7301600000000019
2026-03-20 12:00:00+00:00,0.7301600000000019,0.7309000000000019,0.7293500000000018,0.7296300000000019
2026-03-20 13:00:00+00:00,0.7296300000000019,0.7297500000000019,0.7264000000000019,0.7265000000000019
2026-03-20 14:00:00+00:00,0.7265000000000019,0.7269900000000019,0.7248100000000018,0.7256700000000019
2026-03-20 15:00:00+00:00,0.7256700000000019,0.7274900000000019,0.7252500000000018,0.7254000000000019
2026-03-20 16:00:00+00:00,0.7254000000000019,0.7270600000000019,0.7253200000000019,0.7260600000000019
2026-03-20 17:00:00+00:00,0.7260600000000019,0.7265800000000019,0.7252000000000018,0.7256200000000019
2026-03-20 18:00:00+00:00,0.7256200000000019,0.7258300000000019,0.7230800000000018,0.7232200000000019
2026-03-20 19:00:00+00:00,0.7232200000000019,0.7243500000000019,0.7227200000000019,0.7238900000000019
2026-03-20 20:00:00+00:00,0.7238900000000019,0.7245500000000019,0.7236700000000019,0.7240100000000018
2026-03-22 21:00:00+00:00,0.7240100000000018,0.7243300000000018,0.7238000000000018,0.7238600000000017
2026-03-22 22:00:00+00:00,0.7238600000000017,0.7257700000000018,0.7238100000000017,0.7252100000000018
2026-03-22 23:00:00+00:00,0.7252100000000018,0.7258700000000018,0.7251000000000017,0.7255200000000017
2026-03-23 00:00:00+00:00,0.7255200000000017,0.7260500000000017,0.7233000000000017,0.7239700000000018
2026-03-23 01:00:00+00:00,0.7239700000000018,0.7254700000000017,0.7232900000000018,0.7239700000000018
2026-03-23 02:00:00+00:00,0.7239700000000018,0.7245800000000018,0.7221100000000018,0.7226600000000017
2026-03-23 03:00:00+00:00,0.7226600000000017,0.7231800000000017,0.7222100000000018,0.7226200000000018
2026-03-23 04:00:00+00:00,0.7226200000000018,0.7230400000000018,0.7222100000000018,0.7224300000000018
2026-03-23 05:00:00+00:00,0.7224300000000018,0.7227000000000018,0.7205200000000017,0.7207300000000018
2026-03-23 06:00:00+00:00,0.7207300000000018,0.7208100000000017,0.7197300000000018,0.7201200000000018
2026-03-23 07:00:00+00:00,0.7201200000000018,0.7210200000000018,0.7195200000000017,0.7198700000000018
2026-03-23 08:00:00+00:00,0.7198700000000018,0.7221400000000018,0.7198400000000018,0.7212000000000017
2026-03-23 09:00:00+00:00,0.7212000000000017,0.7213700000000017,0.7184500000000018,0.7187700000000018
2026-03-23 10:00:00+00:00,0.7187700000000018,0.7189600000000017,0.7155800000000018,0.7167800000000017
2026-03-23 11:00:00+00:00,0.7167800000000017,0.7288600000000017,0.7167800000000017,0.7230600000000018
2026-03-23 12:00:00+00:00,0.7230600000000018,0.7278900000000018,0.7218200000000018,0.7275300000000018
2026-03-23 13:00:00+00:00,0.7275300000000018,0.7278500000000018,0.7243100000000018,0.7274600000000018
2026-03-23 14:00:00+00:00,0.7274600000000018,0.7307600000000017,0.7269200000000018,0.7291600000000018
2026-03-23 15:00:00+00:00,0.7291600000000018,0.7304200000000017,0.7236500000000018,0.7238200000000018
2026-03-23 16:00:00+00:00,0.7238200000000018,0.7254900000000017,0.7228100000000017,0.7248800000000017
2026-03-23 17:00:00+00:00,0.7248800000000017,0.7271900000000018,0.7245400000000017,0.7258900000000018
2026-03-23 18:00:00+00:00,0.7258900000000018,0.7274400000000018,0.7248200000000018,0.7271700000000018
2026-03-23 19:00:00+00:00,0.7271700000000018,0.7272800000000018,0.7253800000000018,0.7256300000000018
2026-03-23 20:00:00+00:00,0.7256300000000018,0.7258500000000018,0.7252200000000018,0.7255100000000018
2026-03-23 21:00:00+00:00,0.7255100000000018,0.7266200000000017,0.7253400000000018,0.7254000000000017
2026-03-23 22:00:00+00:00,0.7254000000000017,0.7275500000000018,0.7252200000000018,0.7269500000000018
2026-03-23 23:00:00+00:00,0.7269500000000018,0.7269500000000018,0.7255900000000017,0.7259600000000017
2026-03-24 00:00:00+00:00,0.7259600000000017,0.7260100000000017,0.7219800000000017,0.7238400000000018
2026-03-24 01:00:00+00:00,0.7238400000000018,0.7245100000000018,0.7218100000000017,0.7221000000000017
2026-03-24 02:00:00+00:00,0.7221000000000017,0.7231700000000018,0.7215700000000017,0.7219500000000018
2026-03-24 03:00:00+00:00,0.7219500000000018,0.7226100000000018,0.7216200000000018,0.7219100000000017
2026-03-24 04:00:00+00:00,0.7219100000000017,0.7220400000000018,0.7210900000000018,0.7217300000000018
2026-03-24 05:00:00+00:00,0.7217300000000018,0.7221900000000018,0.7206500000000018,0.7217600000000017
2026-03-24 06:00:00+00:00,0.7217600000000017,0.7238300000000017,0.7215500000000018,0.7237900000000017
2026-03-24 07:00:00+00:00,0.7237900000000017,0.7266100000000018,0.7232100000000018,0.7240700000000018
2026-03-24 08:00:00+00:00,0.7240700000000018,0.7241300000000017,0.7210800000000017,0.7214300000000018
2026-03-24 09:00:00+00:00,0.7214300000000018,0.7225600000000018,0.7204700000000017,0.7224200000000017
2026-03-24 10:00:00+00:00,0.7224200000000017,0.7229800000000017,0.7215900000000017,0.7227400000000017
2026-03-24 11:00:00+00:00,0.7227400000000017,0.7231600000000018,0.7207700000000018,0.7220500000000017
2026-03-24 12:00:00+00:00,0.7220500000000017,0.7222100000000018,0.7202700000000017,0.7207600000000017
2026-03-24 13:00:00+00:00,0.7207600000000017,0.7214800000000018,0.7196200000000018,0.7214200000000017
2026-03-24 14:00:00+00:00,0.7214200000000017,0.7239800000000017,0.7209500000000018,0.7217100000000017
2026-03-24 15:00:00+00:00,0.7217100000000017,0.7225500000000018,0.7210800000000017,0.7215400000000017
2026-03-24 16:00:00+00:00,0.7215400000000017,0.7225500000000018,0.7210800000000017,0.7216400000000017
2026-03-24 17:00:00+00:00,0.7216400000000017,0.7217300000000018,0.7189500000000018,0.7203700000000017
2026-03-24 18:00:00+00:00,0.7203700000000017,0.7226200000000018,0.7198800000000017,0.7217600000000017
2026-03-24 19:00:00+00:00,0.7217600000000017,0.7228700000000018,0.7217500000000018,0.7219600000000017
2026-03-24 20:00:00+00:00,0.7219600000000017,0.7264700000000017,0.7217800000000018,0.7245400000000017
2026-03-24 21:00:00+00:00,0.7245400000000017,0.7246000000000018,0.7233400000000018,0.7244100000000018
2026-03-24 22:00:00+00:00,0.7244100000000018,0.7250400000000018,0.7242600000000018,0.7249900000000018
2026-03-24 23:00:00+00:00,0.7249900000000018,0.7252400000000018,0.7241300000000017,0.7246100000000018
2026-03-25 00:00:00+00:00,0.7246100000000018,0.7255000000000018,0.7233500000000017,0.7246400000000017
2026-03-25 01:00:00+00:00,0.7246400000000017,0.7250300000000017,0.7232500000000017,0.7233100000000018
2026-03-25 02:00:00+00:00,0.7233100000000018,0.7234600000000018,0.7222700000000017,0.7223900000000018
2026-03-25 03:00:00+00:00,0.7223900000000018,0.7229000000000018,0.7220800000000017,0.7228400000000018
2026-03-25 04:00:00+00:00,0.7228400000000018,0.7231500000000017,0.7224500000000018,0.7225500000000018
2026-03-25 05:00:00+00:00,0.7225500000000018,0.7228400000000018,0.7220900000000018,0.7222600000000018
2026-03-25 06:00:00+00:00,0.7222600000000018,0.7226900000000017,0.7218400000000018,0.7223200000000017
2026-03-25 07:00:00+00:00,0.7223200000000017,0.7228900000000018,0.7212300000000018,0.7218300000000017
2026-03-25 08:00:00+00:00,0.7218300000000017,0.7241100000000018,0.7214600000000018,0.7231900000000018
2026-03-25 09:00:00+00:00,0.7231900000000018,0.7236700000000018,0.7212400000000018,0.7220000000000018
2026-03-25 10:00:00+00:00,0.7220000000000018,0.7224900000000017,0.7210800000000017,0.7218300000000017
2026-03-25 11:00:00+00:00,0.7218300000000017,0.7224600000000018,0.7209700000000018,0.7217900000000017
2026-03-25 12:00:00+00:00,0.7217900000000017,0.7224100000000018,0.7201900000000018,0.7210500000000017
2026-03-25 13:00:00+00:00,0.7210500000000017,0.7219800000000017,0.7197900000000018,0.7198900000000018
2026-03-25 14:00:00+00:00,0.7198900000000018,0.7220800000000017,0.7193900000000018,0.7217600000000017
2026-03-25 15:00:00+00:00,0.7217600000000017,0.7222300000000018,0.7198400000000018,0.7212200000000017
2026-03-25 16:00:00+00:00,0.7212200000000017,0.7217900000000017,0.7204800000000018,0.7210800000000017
2026-03-25 17:00:00+00:00,0.7210800000000017,0.7221900000000018,0.7207400000000017,0.7213400000000018
2026-03-25 18:00:00+00:00,0.7213400000000018,0.7216800000000018,0.7197200000000018,0.7202900000000018
2026-03-25 19:00:00+00:00,0.7202900000000018,0.7203200000000017,0.7196800000000018,0.7200100000000018
2026-03-25 20:00:00+00:00,0.7200100000000018,0.7200800000000017,0.7196800000000018,0.7197600000000017
2026-03-25 21:00:00+00:00,0.7197600000000017,0.7200100000000018,0.7196000000000018,0.7196400000000017
2026-03-25 22:00:00+00:00,0.7196400000000017,0.7203100000000018,0.7191300000000017,0.7198000000000018
2026-03-25 23:00:00+00:00,0.7198000000000018,0.7198900000000018,0.7190600000000018,0.7193900000000018
2026-03-26 00:00:00+00:00,0.7193900000000018,0.7199700000000018,0.7187800000000018,0.7189300000000017
2026-03-26 01:00:00+00:00,0.7189300000000017,0.7196700000000018,0.7189300000000017,0.7193900000000018
2026-03-26 02:00:00+00:00,0.7193900000000018,0.7196000000000018,0.7183100000000018,0.7187600000000017
2026-03-26 03:00:00+00:00,0.7187600000000017,0.7203700000000017,0.7187500000000018,0.7201800000000017
2026-03-26 04:00:00+00:00,0.7201800000000017,0.7208000000000018,0.7199900000000018,0.7205300000000018
2026-03-26 05:00:00+00:00,0.7205300000000018,0.7207400000000017,0.7198400000000018,0.7198700000000018
2026-03-26 06:00:00+00:00,0.7198700000000018,0.7204300000000018,0.7193600000000018,0.7203500000000017
2026-03-26 07:00:00+00:00,0.7203500000000017,0.7203600000000018,0.7189800000000017,0.7190300000000017
2026-03-26 08:00:00+00:00,0.7190300000000017,0.7194700000000017,0.7183200000000017,0.7193900000000018
2026-03-26 09:00:00+00:00,0.7193900000000018,0.7195400000000017,0.7180600000000018,0.7187700000000018
2026-03-26 10:00:00+00:00,0.7187700000000018,0.7192300000000018,0.7183000000000017,0.7184800000000018
2026-03-26 11:00:00+00:00,0.7184800000000018,0.7186500000000018,0.7160700000000018,0.7161300000000017
2026-03-26 12:00:00+00:00,0.7161300000000017,0.7170900000000018,0.7152600000000018,0.7155500000000018
2026-03-26 13:00:00+00:00,0.7155500000000018,0.7180100000000018,0.7155400000000017,0.7175500000000018
2026-03-26 14:00:00+00:00,0.7175500000000018,0.7180200000000018,0.7158300000000017,0.7167000000000018
2026-03-26 15:00:00+00:00,0.7167000000000018,0.7173600000000018,0.7155800000000018,0.7162400000000018
2026-03-26 16:00:00+00:00,0.7162400000000018,0.7164400000000017,0.7147400000000017,0.7150500000000017
2026-03-26 17:00:00+00:00,0.7150500000000017,0.7154200000000017,0.7136300000000018,0.7136300000000018
2026-03-26 18:00:00+00:00,0.7136300000000018,0.7145900000000017,0.7136300000000018,0.7145800000000018
2026-03-26 19:00:00+00:00,0.7145800000000018,0.7146300000000018,0.7127600000000017,0.7128200000000018
2026-03-26 20:00:00+00:00,0.7128200000000018,0.7169400000000018,0.7126700000000018,0.7134900000000017
2026-03-26 21:00:00+00:00,0.7134900000000017,0.7150600000000018,0.7130200000000018,0.7142600000000018
2026-03-26 22:00:00+00:00,0.7142600000000018,0.7148300000000017,0.7140400000000018,0.7147200000000018
2026-03-26 23:00:00+00:00,0.7147200000000018,0.7150100000000018,0.7140100000000018,0.7140600000000018
2026-03-27 00:00:00+00:00,0.7140600000000018,0.7146100000000017,0.7126800000000018,0.7129300000000018
2026-03-27 01:00:00+00:00,0.7129300000000018,0.7143100000000018,0.7126300000000018,0.7142800000000018
2026-03-27 02:00:00+00:00,0.7142800000000018,0.7150500000000017,0.7142000000000018,0.7147100000000018
2026-03-27 03:00:00+00:00,0.7147100000000018,0.7160100000000018,0.7145400000000018,0.7159600000000018
2026-03-27 04:00:00+00:00,0.7159600000000018,0.7166300000000018,0.7157500000000018,0.7164500000000018
2026-03-27 05:00:00+00:00,0.7164500000000018,0.7166300000000018,0.7151500000000018,0.7152300000000018
2026-03-27 06:00:00+00:00,0.7152300000000018,0.7159300000000018,0.7148600000000018,0.7154200000000018
2026-03-27 07:00:00+00:00,0.7154200000000018,0.7155600000000018,0.7137000000000018,0.7143800000000018
2026-03-27 08:00:00+00:00,0.7143800000000018,0.7153900000000017,0.7137600000000018,0.7150700000000018
2026-03-27 09:00:00+00:00,0.7150700000000018,0.7155300000000018,0.7141000000000018,0.7148000000000018
2026-03-27 10:00:00+00:00,0.7148000000000018,0.7156100000000017,0.7142800000000018,0.7147700000000018
2026-03-27 11:00:00+00:00,0.7147700000000018,0.7151700000000017,0.7142000000000018,0.7142500000000018
2026-03-27 12:00:00+00:00,0.7142500000000018,0.7144000000000018,0.7135500000000018,0.7141200000000018
2026-03-27 13:00:00+00:00,0.7141200000000018,0.7151800000000018,0.7131100000000018,0.7140200000000018
2026-03-27 14:00:00+00:00,0.7140200000000018,0.7151700000000017,0.7138000000000018,0.7143700000000018
2026-03-27 15:00:00+00:00,0.7143700000000018,0.7156300000000018,0.7138700000000018,0.7142700000000018
2026-03-27 16:00:00+00:00,0.7142700000000018,0.7146300000000018,0.7133400000000018,0.7138100000000018
2026-03-27 17:00:00+00:00,0.7138100000000018,0.7148600000000018,0.7118600000000018,0.7122900000000018
2026-03-27 18:00:00+00:00,0.7122900000000018,0.7131000000000018,0.7119800000000018,0.7126600000000018
2026-03-27 19:00:00+00:00,0.7126600000000018,0.7129300000000018,0.7122000000000018,0.7127800000000017
2026-03-27 20:00:00+00:00,0.7127800000000017,0.7134400000000017,0.7119500000000019,0.7121800000000019
2026-03-29 21:00:00+00:00,0.7121800000000019,0.712360000000002,0.710940000000002,0.712010000000002
2026-03-29 22:00:00+00:00,0.712010000000002,0.712380000000002,0.710210000000002,0.7105400000000021
2026-03-29 23:00:00+00:00,0.7105400000000021,0.711060000000002,0.7101500000000021,0.7106100000000021
2026-03-30 00:00:00+00:00,0.7106100000000021,0.711520000000002,0.709820000000002,0.7108300000000021
2026-03-30 01:00:00+00:00,0.7108300000000021,0.711770000000002,0.710420000000002,0.7108000000000021
2026-03-30 02:00:00+00:00,0.7108000000000021,0.711790000000002,0.710590000000002,0.7112400000000021
2026-03-30 03:00:00+00:00,0.7112400000000021,0.712770000000002,0.711130000000002,0.7124800000000021
2026-03-30 04:00:00+00:00,0.7124800000000021,0.7129300000000021,0.712110000000002,0.712210000000002
2026-03-30 05:00:00+00:00,0.712210000000002,0.7127600000000021,0.711910000000002,0.712420000000002
2026-03-30 06:00:00+00:00,0.712420000000002,0.7129700000000021,0.7117100000000021,0.7117500000000021
2026-03-30 07:00:00+00:00,0.7117500000000021,0.711960000000002,0.7103200000000021,0.7106300000000021
2026-03-30 08:00:00+00:00,0.7106300000000021,0.7116500000000021,0.710370000000002,0.710910000000002
2026-03-30 09:00:00+00:00,0.710910000000002,0.711350000000002,0.7102900000000021,0.711250000000002
2026-03-30 10:00:00+00:00,0.711250000000002,0.711810000000002,0.7110400000000021,0.711180000000002
2026-03-30 11:00:00+00:00,0.711180000000002,0.712450000000002,0.7109200000000021,0.7114900000000021
2026-03-30 12:00:00+00:00,0.7114900000000021,0.7121200000000021,0.7110500000000021,0.711740000000002
2026-03-30 13:00:00+00:00,0.711740000000002,0.7120900000000021,0.7097300000000021,0.709820000000002
2026-03-30 14:00:00+00:00,0.709820000000002,0.711060000000002,0.7088700000000021,0.711060000000002
2026-03-30 15:00:00+00:00,0.711060000000002,0.711570000000002,0.7099500000000021,0.7112400000000021
2026-03-30 16:00:00+00:00,0.7112400000000021,0.711330000000002,0.7105300000000021,0.711130000000002
2026-03-30 17:00:00+00:00,0.711130000000002,0.711690000000002,0.7106800000000021,0.710990000000002
2026-03-30 18:00:00+00:00,0.710990000000002,0.7113700000000021,0.710600000000002,0.710770000000002
2026-03-30 19:00:00+00:00,0.710770000000002,0.7108500000000021,0.709720000000002,0.710520000000002
2026-03-30 20:00:00+00:00,0.710520000000002,0.710870000000002,0.7102700000000021,0.710690000000002
2026-03-30 21:00:00+00:00,0.710690000000002,0.710690000000002,0.7098100000000019,0.710360000000002
2026-03-30 22:00:00+00:00,0.710360000000002,0.7108600000000019,0.710360000000002,0.710710000000002
2026-03-30 23:00:00+00:00,0.710710000000002,0.710710000000002,0.709660000000002,0.709950000000002
2026-03-31 00:00:00+00:00,0.709950000000002,0.711820000000002,0.7087900000000019,0.7110800000000019
2026-03-31 01:00:00+00:00,0.7110800000000019,0.712880000000002,0.710750000000002,0.712090000000002
2026-03-31 02:00:00+00:00,0.712090000000002,0.712340000000002,0.7112000000000019,0.7112000000000019
2026-03-31 03:00:00+00:00,0.7112000000000019,0.711410000000002,0.7099600000000019,0.710280000000002
2026-03-31 04:00:00+00:00,0.710280000000002,0.710780000000002,0.7097900000000019,0.709800000000002
2026-03-31 05:00:00+00:00,0.709800000000002,0.711040000000002,0.709260000000002,0.7104700000000019
2026-03-31 06:00:00+00:00,0.7104700000000019,0.710830000000002,0.709820000000002,0.7107400000000019
2026-03-31 07:00:00+00:00,0.7107400000000019,0.712140000000002,0.709780000000002,0.712020000000002
2026-03-31 08:00:00+00:00,0.712020000000002,0.712310000000002,0.7109600000000019,0.711510000000002
2026-03-31 09:00:00+00:00,0.711510000000002,0.712090000000002,0.7108400000000019,0.710930000000002
2026-03-31 10:00:00+00:00,0.710930000000002,0.711110000000002,0.7104000000000019,0.710500000000002
2026-03-31 11:00:00+00:00,0.710500000000002,0.7140100000000019,0.7103700000000019,0.7136900000000019
2026-03-31 12:00:00+00:00,0.7136900000000019,0.714440000000002,0.712700000000002,0.7130300000000019
2026-03-31 13:00:00+00:00,0.7130300000000019,0.7140800000000019,0.712490000000002,0.7138100000000019
2026-03-31 14:00:00+00:00,0.7138100000000019,0.714050000000002,0.708900000000002,0.710290000000002
2026-03-31 15:00:00+00:00,0.710290000000002,0.712110000000002,0.710270000000002,0.710770000000002
2026-03-31 16:00:00+00:00,0.710770000000002,0.7152800000000019,0.710630000000002,0.7139100000000019
2026-03-31 17:00:00+00:00,0.7139100000000019,0.715380000000002,0.713600000000002,0.7137400000000019
2026-03-31 18:00:00+00:00,0.7137400000000019,0.715020000000002,0.713660000000002,0.714410000000002
2026-03-31 19:00:00+00:00,0.714410000000002,0.715480000000002,0.7139600000000019,0.715340000000002
2026-03-31 20:00:00+00:00,0.715340000000002,0.715780000000002,0.715140000000002,0.715390000000002
2026-03-31 21:00:00+00:00,0.715390000000002,0.715530000000002,0.714540000000002,0.7153200000000021
2026-03-31 22:00:00+00:00,0.7153200000000021,0.7158800000000021,0.7151000000000021,0.715670000000002
2026-03-31 23:00:00+00:00,0.715670000000002,0.717530000000002,0.715570000000002,0.717400000000002
2026-04-01 00:00:00+00:00,0.717400000000002,0.718430000000002,0.716940000000002,0.718140000000002
2026-04-01 01:00:00+00:00,0.718140000000002,0.718210000000002,0.7164400000000021,0.716860000000002
2026-04-01 02:00:00+00:00,0.716860000000002,0.717400000000002,0.716500000000002,0.716550000000002
2026-04-01 03:00:00+00:00,0.716550000000002,0.7166600000000021,0.715480000000002,0.715820000000002
2026-04-01 04:00:00+00:00,0.715820000000002,0.7160500000000021,0.715380000000002,0.715680000000002
2026-04-01 05:00:00+00:00,0.715680000000002,0.7169500000000021,0.7155400000000021,0.715960000000002
2026-04-01 06:00:00+00:00,0.715960000000002,0.719950000000002,0.715720000000002,0.719910000000002
2026-04-01 07:00:00+00:00,0.719910000000002,0.7201000000000021,0.7180000000000021,0.718260000000002
2026-04-01 08:00:00+00:00,0.718260000000002,0.720680000000002,0.717920000000002,0.7195400000000021
2026-04-01 09:00:00+00:00,0.7195400000000021,0.719990000000002,0.7188300000000021,0.7195900000000021
2026-04-01 10:00:00+00:00,0.7195900000000021,0.720190000000002,0.7192700000000021,0.719840000000002
2026-04-01 11:00:00+00:00,0.719840000000002,0.721340000000002,0.719680000000002,0.720840000000002
2026-04-01 12:00:00+00:00,0.720840000000002,0.7216400000000021,0.7190500000000021,0.7194900000000021
2026-04-01 13:00:00+00:00,0.7194900000000021,0.720960000000002,0.718740000000002,0.7195900000000021
2026-04-01 14:00:00+00:00,0.7195900000000021,0.720470000000002,0.718720000000002,0.719740000000002
2026-04-01 15:00:00+00:00,0.719740000000002,0.720300000000002,0.7187800000000021,0.719770000000002
2026-04-01 16:00:00+00:00,0.719770000000002,0.7201000000000021,0.718890000000002,0.720040000000002
2026-04-01 17:00:00+00:00,0.720040000000002,0.720500000000002,0.7185600000000021,0.718570000000002
2026-04-01 18:00:00+00:00,0.718570000000002,0.7186100000000021,0.716680000000002,0.717040000000002
2026-04-01 19:00:00+00:00,0.717040000000002,0.718210000000002,0.716840000000002,0.717700000000002
2026-04-01 20:00:00+00:00,0.717700000000002,0.718340000000002,0.717670000000002,0.718190000000002
2026-04-01 21:00:00+00:00,0.718190000000002,0.7182900000000021,0.7170500000000021,0.7182000000000022
2026-04-01 22:00:00+00:00,0.7182000000000022,0.7183100000000022,0.7176500000000022,0.7178900000000022
2026-04-01 23:00:00+00:00,0.7178900000000022,0.7182500000000022,0.7175200000000022,0.7177300000000022
2026-04-02 00:00:00+00:00,0.7177300000000022,0.7188900000000022,0.7173700000000022,0.7184900000000022
2026-04-02 01:00:00+00:00,0.7184900000000022,0.7195000000000022,0.7132800000000022,0.7138800000000022
2026-04-02 02:00:00+00:00,0.7138800000000022,0.7149600000000023,0.7135000000000022,0.7141400000000022
2026-04-02 03:00:00+00:00,0.7141400000000022,0.7144800000000022,0.7136000000000022,0.7137400000000023
2026-04-02 04:00:00+00:00,0.7137400000000023,0.7138000000000022,0.7127900000000023,0.7132900000000022
2026-04-02 05:00:00+00:00,0.7132900000000022,0.7135800000000022,0.7120400000000022,0.7121100000000022
2026-04-02 06:00:00+00:00,0.7121100000000022,0.7129700000000022,0.7120200000000022,0.7129100000000022
2026-04-02 07:00:00+00:00,0.7129100000000022,0.7138800000000022,0.7125800000000022,0.7138700000000022
2026-04-02 08:00:00+00:00,0.7138700000000022,0.7139800000000022,0.7127300000000022,0.7129000000000022
2026-04-02 09:00:00+00:00,0.7129000000000022,0.7132900000000022,0.7121200000000022,0.7130400000000022
2026-04-02 10:00:00+00:00,0.7130400000000022,0.7131000000000022,0.7117400000000023,0.7117400000000023
2026-04-02 11:00:00+00:00,0.7117400000000023,0.7121200000000022,0.7113800000000022,0.7120100000000023
2026-04-02 12:00:00+00:00,0.7120100000000023,0.7140900000000022,0.7119300000000022,0.7135500000000022
2026-04-02 13:00:00+00:00,0.7135500000000022,0.7149800000000022,0.7129900000000022,0.7148900000000022
2026-04-02 14:00:00+00:00,0.7148900000000022,0.7169600000000023,0.7143900000000022,0.7166200000000023
2026-04-02 15:00:00+00:00,0.7166200000000023,0.7172300000000023,0.7158100000000022,0.7164100000000022
2026-04-02 16:00:00+00:00,0.7164100000000022,0.7171700000000022,0.7158900000000022,0.7163100000000022
2026-04-02 17:00:00+00:00,0.7163100000000022,0.7169400000000022,0.7158100000000022,0.7160100000000023
2026-04-02 18:00:00+00:00,0.7160100000000023,0.7164700000000022,0.7156700000000021,0.7159700000000022
2026-04-02 19:00:00+00:00,0.7159700000000022,0.7165500000000022,0.7157700000000022,0.7160600000000021
2026-04-02 20:00:00+00:00,0.7160600000000021,0.7167000000000022,0.7159100000000022,0.7160100000000021
2026-04-02 21:00:00+00:00,0.7160100000000021,0.7162800000000021,0.7154000000000021,0.7159400000000025
2026-04-02 22:00:00+00:00,0.7159400000000025,0.7166700000000025,0.7159400000000025,0.7166300000000024
2026-04-02 23:00:00+00:00,0.7166300000000024,0.7168600000000024,0.7166000000000025,0.7166200000000025
2026-04-03 00:00:00+00:00,0.7166200000000025,0.7171300000000025,0.7166200000000025,0.7168300000000024
2026-04-03 01:00:00+00:00,0.7168300000000024,0.7169000000000024,0.7163800000000025,0.7164300000000025
2026-04-03 02:00:00+00:00,0.7164300000000025,0.7166600000000024,0.7160400000000025,0.7163200000000024
2026-04-03 03:00:00+00:00,0.7163200000000024,0.7164500000000025,0.7160700000000024,0.7162100000000025
2026-04-03 04:00:00+00:00,0.7162100000000025,0.7162800000000025,0.7160000000000024,0.7161700000000024
2026-04-03 05:00:00+00:00,0.7161700000000024,0.7163700000000024,0.7158700000000024,0.7163700000000024
2026-04-03 06:00:00+00:00,0.7163700000000024,0.7165800000000024,0.7161100000000025,0.7165100000000024
2026-04-03 07:00:00+00:00,0.7165100000000024,0.7170400000000025,0.7163600000000024,0.7164200000000024
2026-04-03 08:00:00+00:00,0.7164200000000024,0.7165100000000024,0.7160400000000025,0.7164300000000025
2026-04-03 09:00:00+00:00,0.7164300000000025,0.7165100000000024,0.7160500000000024,0.7161700000000024
2026-04-03 10:00:00+00:00,0.7161700000000024,0.7164200000000024,0.7159000000000024,0.7161800000000025
2026-04-03 11:00:00+00:00,0.7161800000000025,0.7164900000000024,0.7160700000000024,0.7163100000000024
2026-04-03 12:00:00+00:00,0.7163100000000024,0.7166200000000025,0.7143000000000025,0.7155100000000024
2026-04-03 13:00:00+00:00,0.7155100000000024,0.7161700000000024,0.7154300000000025,0.7158700000000024
2026-04-03 14:00:00+00:00,0.7158700000000024,0.7159000000000024,0.7147600000000024,0.7148600000000025
2026-04-03 15:00:00+00:00,0.7148600000000025,0.7150500000000024,0.7146100000000024,0.7147400000000025
2026-04-03 16:00:00+00:00,0.7147400000000025,0.7150700000000024,0.7145300000000024,0.7146300000000024
2026-04-03 17:00:00+00:00,0.7146300000000024,0.7149600000000025,0.7143200000000024,0.7148000000000024
2026-04-03 18:00:00+00:00,0.7148000000000024,0.7148100000000024,0.7143700000000024,0.7145100000000024
2026-04-03 19:00:00+00:00,0.7145100000000024,0.7146400000000024,0.7139400000000024,0.7140400000000023
2026-04-03 20:00:00+00:00,0.7140400000000023,0.7151100000000024,0.68948,0.68948
2026-04-05 21:00:00+00:00,0.68948,0.68972,0.6889299999999999,0.6894700000000002
2026-04-05 22:00:00+00:00,0.6894700000000002,0.6901200000000003,0.6886900000000002,0.6899500000000003
2026-04-05 23:00:00+00:00,0.6899500000000003,0.6901600000000003,0.6895100000000003,0.6895900000000003
2026-04-06 00:00:00+00:00,0.6895900000000003,0.6906900000000004,0.6895400000000003,0.6906200000000003
2026-04-06 01:00:00+00:00,0.6906200000000003,0.6908700000000003,0.6902700000000003,0.6905400000000003
2026-04-06 02:00:00+00:00,0.6905400000000003,0.6927300000000003,0.6905400000000003,0.6915400000000003
2026-04-06 03:00:00+00:00,0.6915400000000003,0.6917100000000003,0.6911700000000003,0.6913900000000003
2026-04-06 04:00:00+00:00,0.6913900000000003,0.6921000000000003,0.6913300000000003,0.6920200000000003
2026-04-06 05:00:00+00:00,0.6920200000000003,0.6923700000000003,0.6918100000000003,0.6918500000000003
2026-04-06 06:00:00+00:00,0.6918500000000003,0.6928800000000003,0.6916300000000003,0.6924300000000003
2026-04-06 07:00:00+00:00,0.6924300000000003,0.6944000000000004,0.6918900000000003,0.6939800000000003
2026-04-06 08:00:00+00:00,0.6939800000000003,0.6945900000000003,0.6936500000000003,0.6941600000000003
2026-04-06 09:00:00+00:00,0.6941600000000003,0.6947100000000003,0.6935600000000003,0.6936500000000003
2026-04-06 10:00:00+00:00,0.6936500000000003,0.6943100000000003,0.6929200000000003,0.6938400000000003
2026-04-06 11:00:00+00:00,0.6938400000000003,0.6942700000000003,0.6933300000000003,0.6939400000000003
2026-04-06 12:00:00+00:00,0.6939400000000003,0.6941600000000003,0.6933700000000003,0.6939200000000003
2026-04-06 13:00:00+00:00,0.6939200000000003,0.6944600000000003,0.6935400000000003,0.6941700000000003
2026-04-06 14:00:00+00:00,0.6941700000000003,0.6948900000000003,0.6928400000000003,0.6932500000000004
2026-04-06 15:00:00+00:00,0.6932500000000004,0.6932600000000003,0.6922300000000003,0.6928900000000003
2026-04-06 16:00:00+00:00,0.6928900000000003,0.6930900000000003,0.6924500000000003,0.6926800000000003
2026-04-06 17:00:00+00:00,0.6926800000000003,0.6929900000000003,0.6916600000000003,0.6925200000000004
2026-04-06 18:00:00+00:00,0.6925200000000004,0.6935800000000003,0.6924100000000003,0.6930600000000003
2026-04-06 19:00:00+00:00,0.6930600000000003,0.6932800000000003,0.6928300000000003,0.6930000000000003
2026-04-06 20:00:00+00:00,0.6930000000000003,0.6931100000000003,0.6927000000000003,0.6927000000000003
2026-04-06 21:00:00+00:00,0.6927000000000003,0.6931800000000002,0.6923200000000003,0.6929000000000003
2026-04-06 22:00:00+00:00,0.6929000000000003,0.6934600000000003,0.6925900000000003,0.6927100000000003
2026-04-06 23:00:00+00:00,0.6927100000000003,0.6929300000000003,0.6925500000000003,0.6928100000000003
2026-04-07 00:00:00+00:00,0.6928100000000003,0.6934300000000003,0.6922900000000003,0.6923000000000002
2026-04-07 01:00:00+00:00,0.6923000000000002,0.6929700000000003,0.6910400000000003,0.6914000000000002
2026-04-07 02:00:00+00:00,0.6914000000000002,0.6921100000000003,0.6910100000000002,0.6919600000000002
2026-04-07 03:00:00+00:00,0.6919600000000002,0.6925500000000003,0.6918200000000003,0.6923300000000003
2026-04-07 04:00:00+00:00,0.6923300000000003,0.6931700000000003,0.6920400000000003,0.6929200000000003
2026-04-07 05:00:00+00:00,0.6929200000000003,0.6929900000000003,0.6920700000000003,0.6927600000000003
2026-04-07 06:00:00+00:00,0.6927600000000003,0.6933800000000003,0.6926700000000002,0.6930800000000003
2026-04-07 07:00:00+00:00,0.6930800000000003,0.6931600000000003,0.6921500000000003,0.6927400000000002
2026-04-07 08:00:00+00:00,0.6927400000000002,0.6960500000000003,0.6926700000000002,0.6957500000000003
2026-04-07 09:00:00+00:00,0.6957500000000003,0.6958500000000003,0.6950600000000002,0.6952100000000003
2026-04-07 10:00:00+00:00,0.6952100000000003,0.6955200000000002,0.6935900000000003,0.6940800000000003
2026-04-07 11:00:00+00:00,0.6940800000000003,0.6948900000000002,0.6937100000000003,0.6948000000000003
2026-04-07 12:00:00+00:00,0.6948000000000003,0.6958500000000003,0.6940700000000003,0.6949400000000003
2026-04-07 13:00:00+00:00,0.6949400000000003,0.6952200000000003,0.6939700000000003,0.6940500000000003
2026-04-07 14:00:00+00:00,0.6940500000000003,0.6963700000000003,0.6936200000000002,0.6949500000000003
2026-04-07 15:00:00+00:00,0.6949500000000003,0.6959100000000003,0.6939400000000003,0.6954800000000003
2026-04-07 16:00:00+00:00,0.6954800000000003,0.6964200000000003,0.6952100000000003,0.6957700000000003
2026-04-07 17:00:00+00:00,0.6957700000000003,0.6969900000000003,0.6955800000000003,0.6965600000000003
2026-04-07 18:00:00+00:00,0.6965600000000003,0.6969200000000003,0.6956300000000003,0.6958700000000003
2026-04-07 19:00:00+00:00,0.6958700000000003,0.6985200000000003,0.6956300000000003,0.6982100000000003
2026-04-07 20:00:00+00:00,0.6982100000000003,0.6990600000000002,0.6980800000000003,0.6986700000000002
2026-04-07 21:00:00+00:00,0.6986700000000002,0.6990100000000002,0.6974800000000002,0.6982000000000003
2026-04-07 22:00:00+00:00,0.6982000000000003,0.7063000000000003,0.6975700000000004,0.7060000000000003
2026-04-07 23:00:00+00:00,0.7060000000000003,0.7088900000000004,0.7053800000000003,0.7087800000000003
2026-04-08 00:00:00+00:00,0.7087800000000003,0.7096000000000003,0.7060000000000003,0.7064600000000003
2026-04-08 01:00:00+00:00,0.7064600000000003,0.7084300000000003,0.7063900000000003,0.7075600000000003
2026-04-08 02:00:00+00:00,0.7075600000000003,0.7082200000000003,0.7061200000000003,0.7064200000000003
2026-04-08 03:00:00+00:00,0.7064200000000003,0.7066100000000003,0.7054000000000004,0.7064100000000003
2026-04-08 04:00:00+00:00,0.7064100000000003,0.7080100000000004,0.7063700000000003,0.7078900000000004
2026-04-08 05:00:00+00:00,0.7078900000000004,0.7094600000000003,0.7073100000000003,0.7082700000000003
2026-04-08 06:00:00+00:00,0.7082700000000003,0.7091200000000003,0.7073500000000003,0.7083100000000003
2026-04-08 07:00:00+00:00,0.7083100000000003,0.7083500000000003,0.7066900000000003,0.7072200000000003
2026-04-08 08:00:00+00:00,0.7072200000000003,0.7074400000000003,0.7043800000000003,0.7055700000000003
2026-04-08 09:00:00+00:00,0.7055700000000003,0.7061100000000003,0.7044900000000003,0.7046500000000003
2026-04-08 10:00:00+00:00,0.7046500000000003,0.7055700000000003,0.7044800000000003,0.7050100000000004
2026-04-08 11:00:00+00:00,0.7050100000000004,0.7068200000000003,0.7044400000000003,0.7065500000000003
2026-04-08 12:00:00+00:00,0.7065500000000003,0.7085200000000003,0.7055600000000003,0.7082200000000003
2026-04-08 13:00:00+00:00,0.7082200000000003,0.7089600000000003,0.7060100000000004,0.7066500000000003
2026-04-08 14:00:00+00:00,0.7066500000000003,0.7072700000000003,0.7054700000000003,0.7070200000000003
2026-04-08 15:00:00+00:00,0.7070200000000003,0.7075200000000003,0.7061200000000003,0.7072100000000003
2026-04-08 16:00:00+00:00,0.7072100000000003,0.7073800000000003,0.7063100000000003,0.7072100000000003
2026-04-08 17:00:00+00:00,0.7072100000000003,0.7074000000000004,0.7056700000000004,0.7064400000000003
2026-04-08 18:00:00+00:00,0.7064400000000003,0.7069400000000003,0.7043000000000003,0.7043500000000003
2026-04-08 19:00:00+00:00,0.7043500000000003,0.7065600000000003,0.7040000000000003,0.7064000000000004
2026-04-08 20:00:00+00:00,0.7064000000000004,0.7065700000000003,0.7053500000000003,0.7054000000000004
2026-04-08 21:00:00+00:00,0.7054000000000004,0.7063900000000004,0.7053500000000003,0.7060900000000003
2026-04-08 22:00:00+00:00,0.7060900000000003,0.7063700000000004,0.7058800000000004,0.7062500000000004
2026-04-08 23:00:00+00:00,0.7062500000000004,0.7063600000000003,0.7054700000000004,0.7054900000000004
2026-04-09 00:00:00+00:00,0.7054900000000004,0.7055400000000004,0.7045900000000004,0.7051200000000004
2026-04-09 01:00:00+00:00,0.7051200000000004,0.7053300000000003,0.7040800000000004,0.7050000000000004
2026-04-09 02:00:00+00:00,0.7050000000000004,0.7056900000000004,0.7045700000000004,0.7054000000000004
2026-04-09 03:00:00+00:00,0.7054000000000004,0.7057800000000005,0.7051400000000005,0.7056200000000005
2026-04-09 04:00:00+00:00,0.7056200000000005,0.7062500000000005,0.7055500000000005,0.7056600000000005
2026-04-09 05:00:00+00:00,0.7056600000000005,0.7061400000000005,0.7049800000000005,0.7051100000000006
2026-04-09 06:00:00+00:00,0.7051100000000006,0.7056900000000005,0.7048000000000005,0.7056700000000005
2026-04-09 07:00:00+00:00,0.7056700000000005,0.7057700000000006,0.7043000000000005,0.7045000000000006
2026-04-09 08:00:00+00:00,0.7045000000000006,0.7047800000000005,0.7039000000000005,0.7043000000000005
2026-04-09 09:00:00+00:00,0.7043000000000005,0.7049900000000006,0.7038300000000005,0.7048900000000006
2026-04-09 10:00:00+00:00,0.7048900000000006,0.7051700000000005,0.7045800000000005,0.7046000000000006
2026-04-09 11:00:00+00:00,0.7046000000000006,0.7062200000000005,0.7045200000000005,0.7061900000000005
2026-04-09 12:00:00+00:00,0.7061900000000005,0.7062300000000005,0.7050100000000005,0.7057500000000005
2026-04-09 13:00:00+00:00,0.7057500000000005,0.7074500000000005,0.7055900000000005,0.7067100000000005
2026-04-09 14:00:00+00:00,0.7067100000000005,0.7077200000000006,0.7062300000000005,0.7076500000000006
2026-04-09 15:00:00+00:00,0.7076500000000006,0.7102400000000005,0.7069900000000006,0.7101800000000005
2026-04-09 16:00:00+00:00,0.7101800000000005,0.7108800000000005,0.7098600000000005,0.7102000000000005
2026-04-09 17:00:00+00:00,0.7102000000000005,0.7111200000000005,0.7100400000000006,0.7106400000000005
2026-04-09 18:00:00+00:00,0.7106400000000005,0.7106400000000005,0.7089300000000005,0.7094500000000005
2026-04-09 19:00:00+00:00,0.7094500000000005,0.7102800000000005,0.7093800000000006,0.7101400000000005
2026-04-09 20:00:00+00:00,0.7101400000000005,0.7102800000000005,0.7096100000000005,0.7096100000000005
2026-04-09 21:00:00+00:00,0.7096100000000005,0.7099000000000005,0.7090000000000005,0.7095400000000005
2026-04-09 22:00:00+00:00,0.7095400000000005,0.7100300000000005,0.7092900000000005,0.7094000000000006
2026-04-09 23:00:00+00:00,0.7094000000000006,0.7094400000000005,0.7088700000000006,0.7089200000000005
2026-04-10 00:00:00+00:00,0.7089200000000005,0.7090200000000005,0.7084500000000006,0.7090000000000005
2026-04-10 01:00:00+00:00,0.7090000000000005,0.7097500000000005,0.7086600000000005,0.7090300000000005
2026-04-10 02:00:00+00:00,0.7090300000000005,0.7092900000000005,0.7082700000000005,0.7083300000000006
2026-04-10 03:00:00+00:00,0.7083300000000006,0.7086300000000005,0.7081200000000005,0.7084000000000006
2026-04-10 04:00:00+00:00,0.7084000000000006,0.7085700000000006,0.7079700000000005,0.7081400000000005
2026-04-10 05:00:00+00:00,0.7081400000000005,0.7085500000000006,0.7078800000000005,0.7084900000000005
2026-04-10 06:00:00+00:00,0.7084900000000005,0.7087300000000005,0.7075500000000006,0.7076800000000005
2026-04-10 07:00:00+00:00,0.7076800000000005,0.7080300000000005,0.7067800000000005,0.7069300000000005
2026-04-10 08:00:00+00:00,0.7069300000000005,0.7079200000000005,0.7068100000000005,0.7072400000000005
2026-04-10 09:00:00+00:00,0.7072400000000005,0.7085300000000005,0.7071200000000005,0.7082000000000005
2026-04-10 10:00:00+00:00,0.7082000000000005,0.7083800000000006,0.7077500000000005,0.7082400000000005
2026-04-10 11:00:00+00:00,0.7082400000000005,0.7086700000000006,0.7081300000000006,0.7085900000000005
2026-04-10 12:00:00+00:00,0.7085900000000005,0.7097200000000006,0.7085500000000006,0.7090600000000006
2026-04-10 13:00:00+00:00,0.7090600000000006,0.7102200000000005,0.7087800000000005,0.7092300000000006
2026-04-10 14:00:00+00:00,0.7092300000000006,0.7108100000000005,0.7090800000000005,0.7097700000000006
2026-04-10 15:00:00+00:00,0.7097700000000006,0.7103400000000005,0.7089500000000005,0.7091000000000005
2026-04-10 16:00:00+00:00,0.7091000000000005,0.7091200000000005,0.7079300000000005,0.7085600000000005
2026-04-10 17:00:00+00:00,0.7085600000000005,0.7091400000000005,0.7082000000000005,0.7088400000000006
2026-04-10 18:00:00+00:00,0.7088400000000006,0.7096600000000005,0.7083900000000005,0.7093400000000005
2026-04-10 19:00:00+00:00,0.7093400000000005,0.7094500000000006,0.7090900000000006,0.7091100000000006
2026-04-10 20:00:00+00:00,0.7091100000000006,0.7092600000000006,0.7066500000000006,0.7070900000000006
2026-04-12 21:00:00+00:00,0.7070900000000006,0.7082300000000006,0.7057000000000005,0.7078000000000005
2026-04-12 22:00:00+00:00,0.7078000000000005,0.7093000000000006,0.7070300000000006,0.7091500000000006
2026-04-12 23:00:00+00:00,0.7091500000000006,0.7093100000000006,0.7083500000000006,0.7090800000000006
2026-04-13 00:00:00+00:00,0.7090800000000006,0.7104900000000005,0.7087700000000006,0.7104900000000005
2026-04-13 01:00:00+00:00,0.7104900000000005,0.7113500000000006,0.7098600000000006,0.7104700000000006
2026-04-13 02:00:00+00:00,0.7104700000000006,0.7109900000000006,0.7102400000000005,0.7107900000000006
2026-04-13 03:00:00+00:00,0.7107900000000006,0.7110300000000006,0.7103200000000005,0.7109500000000005
2026-04-13 04:00:00+00:00,0.7109500000000005,0.7112200000000005,0.7107200000000006,0.7107900000000006
2026-04-13 05:00:00+00:00,0.7107900000000006,0.7114200000000006,0.7105500000000006,0.7110600000000006
2026-04-13 06:00:00+00:00,0.7110600000000006,0.7115800000000005,0.7110100000000006,0.7115700000000006
2026-04-13 07:00:00+00:00,0.7115700000000006,0.7129800000000006,0.7115700000000006,0.7127400000000006
2026-04-13 08:00:00+00:00,0.7127400000000006,0.7129800000000006,0.7121700000000005,0.7123400000000005
2026-04-13 09:00:00+00:00,0.7123400000000005,0.7126400000000006,0.7116200000000006,0.7117800000000005
2026-04-13 10:00:00+00:00,0.7117800000000005,0.7122500000000006,0.7116000000000006,0.7121200000000005
2026-04-13 11:00:00+00:00,0.7121200000000005,0.7126600000000005,0.7105500000000006,0.7106300000000005
2026-04-13 12:00:00+00:00,0.7106300000000005,0.7116400000000006,0.7100300000000006,0.7114900000000005
2026-04-13 13:00:00+00:00,0.7114900000000005,0.7133700000000006,0.7113100000000006,0.7128200000000006
2026-04-13 14:00:00+00:00,0.7128200000000006,0.7141400000000006,0.7127100000000005,0.7136300000000005
2026-04-13 15:00:00+00:00,0.7136300000000005,0.7137700000000006,0.7126700000000006,0.7133000000000006
2026-04-13 16:00:00+00:00,0.7133000000000006,0.7155300000000006,0.7128400000000006,0.7152400000000005
2026-04-13 17:00:00+00:00,0.7152400000000005,0.7162200000000005,0.7152300000000006,0.7159800000000005
2026-04-13 18:00:00+00:00,0.7159800000000005,0.7171500000000005,0.7158600000000006,0.7170400000000006
2026-04-13 19:00:00+00:00,0.7170400000000006,0.7171700000000005,0.7165100000000005,0.7167700000000006
2026-04-13 20:00:00+00:00,0.7167700000000006,0.7169900000000006,0.7164300000000006,0.7164400000000005
2026-04-13 21:00:00+00:00,0.7164400000000005,0.7168100000000005,0.7160700000000005,0.7163400000000005
2026-04-13 22:00:00+00:00,0.7163400000000005,0.7171900000000005,0.7163200000000005,0.7170800000000005
2026-04-13 23:00:00+00:00,0.7170800000000005,0.7173200000000005,0.7167600000000005,0.7169400000000005
2026-04-14 00:00:00+00:00,0.7169400000000005,0.7169600000000005,0.7157300000000005,0.7160700000000005
2026-04-14 01:00:00+00:00,0.7160700000000005,0.7161900000000005,0.7149100000000005,0.7149800000000005
2026-04-14 02:00:00+00:00,0.7149800000000005,0.7156400000000005,0.7149100000000005,0.7152800000000005
2026-04-14 03:00:00+00:00,0.7152800000000005,0.7158100000000005,0.7152000000000005,0.7155100000000005
2026-04-14 04:00:00+00:00,0.7155100000000005,0.7161500000000005,0.7154400000000005,0.7158700000000005
2026-04-14 05:00:00+00:00,0.7158700000000005,0.7159900000000005,0.7149100000000005,0.7151700000000005
2026-04-14 06:00:00+00:00,0.7151700000000005,0.7164100000000005,0.7147700000000005,0.7163200000000005
2026-04-14 07:00:00+00:00,0.7163200000000005,0.7174800000000005,0.7163100000000004,0.7166900000000005
2026-04-14 08:00:00+00:00,0.7166900000000005,0.7177900000000005,0.7164000000000005,0.7174800000000005
2026-04-14 09:00:00+00:00,0.7174800000000005,0.7185000000000005,0.7174300000000005,0.7183800000000005
2026-04-14 10:00:00+00:00,0.7183800000000005,0.7193200000000005,0.7183700000000005,0.7189700000000006
2026-04-14 11:00:00+00:00,0.7189700000000006,0.7201000000000005,0.7188900000000005,0.7196800000000005
2026-04-14 12:00:00+00:00,0.7196800000000005,0.7207200000000005,0.7191000000000005,0.7206700000000005
2026-04-14 13:00:00+00:00,0.7206700000000005,0.7210100000000005,0.7200300000000005,0.7208200000000005
2026-04-14 14:00:00+00:00,0.7208200000000005,0.7218400000000005,0.7207100000000005,0.7213000000000005
2026-04-14 15:00:00+00:00,0.7213000000000005,0.7213000000000005,0.7201000000000005,0.7201100000000005
2026-04-14 16:00:00+00:00,0.7201100000000005,0.7202800000000005,0.7198400000000005,0.7199700000000006
2026-04-14 17:00:00+00:00,0.7199700000000006,0.7205800000000006,0.7197600000000005,0.7203200000000005
2026-04-14 18:00:00+00:00,0.7203200000000005,0.7204600000000005,0.7194800000000005,0.7197400000000005
2026-04-14 19:00:00+00:00,0.7197400000000005,0.7199500000000005,0.7195900000000005,0.7196800000000005
2026-04-14 20:00:00+00:00,0.7196800000000005,0.7198200000000005,0.7196100000000005,0.7196100000000005
2026-04-14 21:00:00+00:00,0.7196100000000005,0.7196100000000005,0.7174700000000005,0.7183200000000006
2026-04-14 22:00:00+00:00,0.7183200000000006,0.7187000000000006,0.7182400000000007,0.7186600000000006
2026-04-14 23:00:00+00:00,0.7186600000000006,0.7191300000000006,0.7185700000000006,0.7187100000000006
2026-04-15 00:00:00+00:00,0.7187100000000006,0.7188100000000006,0.7181000000000006,0.7184000000000006
2026-04-15 01:00:00+00:00,0.7184000000000006,0.7187600000000006,0.7180600000000006,0.7185500000000006
2026-04-15 02:00:00+00:00,0.7185500000000006,0.7189300000000006,0.7181300000000006,0.7187900000000006
2026-04-15 03:00:00+00:00,0.7187900000000006,0.7191000000000006,0.7185000000000006,0.7188700000000006
2026-04-15 04:00:00+00:00,0.7188700000000006,0.7192400000000007,0.7188400000000006,0.7191300000000006
2026-04-15 05:00:00+00:00,0.7191300000000006,0.7202300000000006,0.7191100000000006,0.7196100000000006
2026-04-15 06:00:00+00:00,0.7196100000000006,0.7201300000000006,0.7194800000000006,0.7195200000000006
2026-04-15 07:00:00+00:00,0.7195200000000006,0.7206600000000006,0.7194400000000006,0.7201200000000006
2026-04-15 08:00:00+00:00,0.7201200000000006,0.7206000000000006,0.7198700000000006,0.7202100000000006
2026-04-15 09:00:00+00:00,0.7202100000000006,0.7204000000000006,0.7190800000000006,0.7201800000000006
2026-04-15 10:00:00+00:00,0.7201800000000006,0.7206300000000007,0.7187900000000006,0.7195900000000006
2026-04-15 11:00:00+00:00,0.7195900000000006,0.7203100000000006,0.7192400000000007,0.7198900000000006
2026-04-15 12:00:00+00:00,0.7198900000000006,0.7199700000000007,0.7192200000000006,0.7197100000000006
2026-04-15 13:00:00+00:00,0.7197100000000006,0.7207700000000006,0.7197100000000006,0.7204000000000006
2026-04-15 14:00:00+00:00,0.7204000000000006,0.7221100000000006,0.7202800000000006,0.7214200000000006
2026-04-15 15:00:00+00:00,0.7214200000000006,0.7225200000000006,0.7212400000000007,0.7218300000000006
2026-04-15 16:00:00+00:00,0.7218300000000006,0.7226700000000006,0.7217400000000006,0.7224600000000007
2026-04-15 17:00:00+00:00,0.7224600000000007,0.7226300000000007,0.7219200000000006,0.7223300000000006
2026-04-15 18:00:00+00:00,0.7223300000000006,0.7233700000000006,0.7222000000000006,0.7233100000000006
2026-04-15 19:00:00+00:00,0.7233100000000006,0.7236100000000006,0.7230100000000006,0.7232300000000006
2026-04-15 20:00:00+00:00,0.7232300000000006,0.7232500000000006,0.7227600000000005,0.7227600000000005
2026-04-15 21:00:00+00:00,0.7227600000000005,0.7231300000000005,0.7219000000000005,0.7227800000000005
2026-04-15 22:00:00+00:00,0.7227800000000005,0.7232900000000005,0.7227800000000005,0.7232300000000006
2026-04-15 23:00:00+00:00,0.7232300000000006,0.7235200000000006,0.7229600000000006,0.7234600000000007
2026-04-16 00:00:00+00:00,0.7234600000000007,0.7237000000000007,0.7229100000000006,0.7235300000000007
2026-04-16 01:00:00+00:00,0.7235300000000007,0.7237900000000006,0.7222200000000006,0.7235900000000006
2026-04-16 02:00:00+00:00,0.7235900000000006,0.7252200000000006,0.7234600000000007,0.7248600000000006
2026-04-16 03:00:00+00:00,0.7248600000000006,0.7256700000000006,0.7247700000000007,0.7251300000000006
2026-04-16 04:00:00+00:00,0.7251300000000006,0.7254800000000007,0.7247100000000006,0.7247900000000006
2026-04-16 05:00:00+00:00,0.7247900000000006,0.7250300000000006,0.7242500000000006,0.7247200000000007
2026-04-16 06:00:00+00:00,0.7247200000000007,0.7250000000000006,0.7236900000000006,0.7247400000000006
2026-04-16 07:00:00+00:00,0.7247400000000006,0.7250300000000006,0.7241800000000006,0.7242500000000006
2026-04-16 08:00:00+00:00,0.7242500000000006,0.7243700000000006,0.7228100000000006,0.7233500000000006
2026-04-16 09:00:00+00:00,0.7233500000000006,0.7234900000000006,0.7225500000000007,0.7228400000000006
2026-04-16 10:00:00+00:00,0.7228400000000006,0.7229600000000006,0.7223500000000006,0.7226400000000006
2026-04-16 11:00:00+00:00,0.7226400000000006,0.7234300000000007,0.7226000000000007,0.7232800000000007
2026-04-16 12:00:00+00:00,0.7232800000000007,0.7234400000000006,0.7225400000000006,0.7231400000000007
2026-04-16 13:00:00+00:00,0.7231400000000007,0.7236900000000006,0.7225500000000007,0.7231400000000007
2026-04-16 14:00:00+00:00,0.7231400000000007,0.7237500000000007,0.7220300000000006,0.7221900000000007
2026-04-16 15:00:00+00:00,0.7221900000000007,0.7231300000000006,0.7220200000000007,0.7228600000000006
2026-04-16 16:00:00+00:00,0.7228600000000006,0.7234200000000006,0.7212400000000007,0.7218000000000007
2026-04-16 17:00:00+00:00,0.7218000000000007,0.7218400000000006,0.7211300000000006,0.7215600000000006
2026-04-16 18:00:00+00:00,0.7215600000000006,0.7220700000000007,0.7214000000000006,0.7216800000000007
2026-04-16 19:00:00+00:00,0.7216800000000007,0.7222700000000006,0.7216500000000007,0.7220400000000007
2026-04-16 20:00:00+00:00,0.7220400000000007,0.7222500000000006,0.7218600000000006,0.7220800000000006
2026-04-16 21:00:00+00:00,0.7220800000000006,0.7220800000000006,0.7208200000000009,0.7211900000000009
2026-04-16 22:00:00+00:00,0.7211900000000009,0.7218700000000009,0.7211900000000009,0.7218200000000009
2026-04-16 23:00:00+00:00,0.7218200000000009,0.7220700000000009,0.7214100000000009,0.7214400000000009
2026-04-17 00:00:00+00:00,0.7214400000000009,0.7220900000000009,0.7209700000000009,0.7216700000000009
2026-04-17 01:00:00+00:00,0.7216700000000009,0.7220900000000009,0.7214400000000009,0.721760000000001
2026-04-17 02:00:00+00:00,0.721760000000001,0.7219400000000009,0.7216200000000009,0.721760000000001
2026-04-17 03:00:00+00:00,0.721760000000001,0.7222200000000009,0.7215100000000009,0.7220700000000009
2026-04-17 04:00:00+00:00,0.7220700000000009,0.7225300000000009,0.722030000000001,0.722420000000001
2026-04-17 05:00:00+00:00,0.722420000000001,0.7226800000000009,0.7221600000000009,0.722420000000001
2026-04-17 06:00:00+00:00,0.722420000000001,0.7225800000000009,0.7217000000000009,0.7217200000000009
2026-04-17 07:00:00+00:00,0.7217200000000009,0.7228200000000009,0.7216500000000009,0.7227700000000009
2026-04-17 08:00:00+00:00,0.7227700000000009,0.7236700000000009,0.7224900000000009,0.7235100000000009
2026-04-17 09:00:00+00:00,0.7235100000000009,0.7238200000000009,0.7226300000000009,0.7228200000000009
2026-04-17 10:00:00+00:00,0.7228200000000009,0.7230500000000009,0.7226000000000009,0.7226600000000009
2026-04-17 11:00:00+00:00,0.7226600000000009,0.7231900000000009,0.7222800000000009,0.7228400000000009
2026-04-17 12:00:00+00:00,0.7228400000000009,0.7267300000000009,0.7227400000000009,0.7267000000000009
2026-04-17 13:00:00+00:00,0.7267000000000009,0.727760000000001,0.725980000000001,0.7266600000000009
2026-04-17 14:00:00+00:00,0.7266600000000009,0.7269600000000009,0.7256100000000009,0.7257400000000009
2026-04-17 15:00:00+00:00,0.7257400000000009,0.7257900000000009,0.7241300000000009,0.7246200000000009
2026-04-17 16:00:00+00:00,0.7246200000000009,0.7248900000000009,0.7240400000000009,0.7244100000000009
2026-04-17 17:00:00+00:00,0.7244100000000009,0.7244100000000009,0.723200000000001,0.7241600000000009
2026-04-17 18:00:00+00:00,0.7241600000000009,0.7242100000000009,0.7225800000000009,0.7229100000000009
2026-04-17 19:00:00+00:00,0.7229100000000009,0.7233400000000009,0.7225000000000009,0.7226300000000009
2026-04-17 20:00:00+00:00,0.7226300000000009,0.7228500000000009,0.7218900000000008,0.7218900000000008
2026-04-19 21:00:00+00:00,0.7218900000000008,0.7232600000000007,0.7217000000000008,0.7218200000000008
2026-04-19 22:00:00+00:00,0.7218200000000008,0.7245000000000008,0.7218200000000008,0.7243900000000008
2026-04-19 23:00:00+00:00,0.7243900000000008,0.7247200000000008,0.7233500000000007,0.7237500000000008
2026-04-20 00:00:00+00:00,0.7237500000000008,0.7252900000000008,0.7234800000000008,0.7252300000000008
2026-04-20 01:00:00+00:00,0.7252300000000008,0.7257500000000008,0.7248700000000008,0.7251400000000008
2026-04-20 02:00:00+00:00,0.7251400000000008,0.7260300000000007,0.7249100000000007,0.7257000000000008
2026-04-20 03:00:00+00:00,0.7257000000000008,0.7261300000000007,0.7255300000000008,0.7256700000000008
2026-04-20 04:00:00+00:00,0.7256700000000008,0.7259800000000007,0.7254100000000008,0.7258300000000008
2026-04-20 05:00:00+00:00,0.7258300000000008,0.7259100000000007,0.7245300000000008,0.7250100000000008
2026-04-20 06:00:00+00:00,0.7250100000000008,0.7258700000000008,0.7244800000000008,0.7258700000000008
2026-04-20 07:00:00+00:00,0.7258700000000008,0.7268100000000007,0.7245300000000008,0.7250500000000007
2026-04-20 08:00:00+00:00,0.7250500000000007,0.7255200000000007,0.7248800000000007,0.7252000000000007
2026-04-20 09:00:00+00:00,0.7252000000000007,0.7260600000000008,0.7251900000000008,0.7260600000000008
2026-04-20 10:00:00+00:00,0.7260600000000008,0.7263800000000008,0.7255900000000007,0.7259300000000007
2026-04-20 11:00:00+00:00,0.7259300000000007,0.7267000000000008,0.7255300000000008,0.7263900000000008
2026-04-20 12:00:00+00:00,0.7263900000000008,0.7265600000000008,0.7256400000000007,0.7261100000000008
2026-04-20 13:00:00+00:00,0.7261100000000008,0.7273100000000008,0.7257800000000008,0.7271800000000007
2026-04-20 14:00:00+00:00,0.7271800000000007,0.7272600000000008,0.7256500000000008,0.7265600000000008
2026-04-20 15:00:00+00:00,0.7265600000000008,0.7280100000000007,0.7261000000000007,0.7276500000000008
2026-04-20 16:00:00+00:00,0.7276500000000008,0.7279300000000007,0.7272000000000007,0.7275300000000008
2026-04-20 17:00:00+00:00,0.7275300000000008,0.7279300000000007,0.7273000000000007,0.7277000000000008
2026-04-20 18:00:00+00:00,0.7277000000000008,0.7281900000000008,0.7275900000000007,0.7277900000000007
2026-04-20 19:00:00+00:00,0.7277900000000007,0.7282600000000008,0.7277400000000007,0.7282100000000008
2026-04-20 20:00:00+00:00,0.7282100000000008,0.7282800000000008,0.7279500000000008,0.7279900000000008
2026-04-20 21:00:00+00:00,0.7279900000000008,0.7281400000000008,0.7271900000000008,0.7279500000000009
2026-04-20 22:00:00+00:00,0.7279500000000009,0.7286300000000009,0.7279500000000009,0.7286300000000009
2026-04-20 23:00:00+00:00,0.7286300000000009,0.7286700000000008,0.7277400000000008,0.7277700000000008
2026-04-21 00:00:00+00:00,0.7277700000000008,0.7281400000000008,0.7273100000000008,0.7277700000000008
2026-04-21 01:00:00+00:00,0.7277700000000008,0.7286000000000008,0.7276300000000009,0.7279000000000009
2026-04-21 02:00:00+00:00,0.7279000000000009,0.7280700000000009,0.7273900000000009,0.7277400000000008
2026-04-21 03:00:00+00:00,0.7277400000000008,0.7278000000000009,0.7268900000000008,0.7270700000000009
2026-04-21 04:00:00+00:00,0.7270700000000009,0.7271800000000008,0.7269100000000008,0.7270400000000008
2026-04-21 05:00:00+00:00,0.7270400000000008,0.7276900000000008,0.7270100000000008,0.7270100000000008
2026-04-21 06:00:00+00:00,0.7270100000000008,0.7271300000000008,0.7263000000000008,0.7267000000000008
2026-04-21 07:00:00+00:00,0.7267000000000008,0.7269600000000008,0.7256800000000009,0.7256800000000009
2026-04-21 08:00:00+00:00,0.7256800000000009,0.7261600000000008,0.7247400000000008,0.7259400000000008
2026-04-21 09:00:00+00:00,0.7259400000000008,0.7259400000000008,0.7252700000000009,0.7255900000000008
2026-04-21 10:00:00+00:00,0.7255900000000008,0.7262800000000008,0.7254600000000009,0.7262200000000009
2026-04-21 11:00:00+00:00,0.7262200000000009,0.7269900000000008,0.7255500000000008,0.7269000000000009
2026-04-21 12:00:00+00:00,0.7269000000000009,0.7270000000000009,0.7255700000000008,0.7264100000000009
2026-04-21 13:00:00+00:00,0.7264100000000009,0.7280200000000009,0.7263700000000008,0.7278800000000009
2026-04-21 14:00:00+00:00,0.7278800000000009,0.7289900000000008,0.7269300000000009,0.7270300000000008
2026-04-21 15:00:00+00:00,0.7270300000000008,0.7276700000000008,0.7257600000000008,0.7266600000000009
2026-04-21 16:00:00+00:00,0.7266600000000009,0.7271800000000008,0.7254300000000008,0.7254500000000008
2026-04-21 17:00:00+00:00,0.7254500000000008,0.7267400000000008,0.7234700000000008,0.7256300000000009
2026-04-21 18:00:00+00:00,0.7256300000000009,0.7260300000000008,0.7246300000000009,0.7256600000000009
2026-04-21 19:00:00+00:00,0.7256600000000009,0.7265900000000008,0.7233800000000008,0.7239500000000009
2026-04-21 20:00:00+00:00,0.7239500000000009,0.7267100000000009,0.7238200000000008,0.7256100000000009
2026-04-21 21:00:00+00:00,0.7256100000000009,0.7256100000000009,0.7242400000000009,0.7248500000000009
2026-04-21 22:00:00+00:00,0.7248500000000009,0.7252400000000009,0.724810000000001,0.7248900000000009
2026-04-21 23:00:00+00:00,0.7248900000000009,0.7254600000000009,0.7248000000000009,0.725320000000001
2026-04-22 00:00:00+00:00,0.725320000000001,0.7261300000000009,0.725320000000001,0.7258300000000009
2026-04-22 01:00:00+00:00,0.7258300000000009,0.7260700000000009,0.7253500000000009,0.7256100000000009
2026-04-22 02:00:00+00:00,0.7256100000000009,0.7261100000000009,0.7252400000000009,0.7253000000000009
2026-04-22 03:00:00+00:00,0.7253000000000009,0.7258500000000009,0.7250400000000009,0.7252200000000009
2026-04-22 04:00:00+00:00,0.7252200000000009,0.725810000000001,0.7251900000000009,0.725420000000001
2026-04-22 05:00:00+00:00,0.725420000000001,0.727370000000001,0.7253900000000009,0.7267200000000009
2026-04-22 06:00:00+00:00,0.7267200000000009,0.727080000000001,0.7262800000000009,0.7265600000000009
2026-04-22 07:00:00+00:00,0.7265600000000009,0.7268400000000009,0.7257700000000009,0.7266100000000009
2026-04-22 08:00:00+00:00,0.7266100000000009,0.727030000000001,0.7259900000000009,0.726250000000001
2026-04-22 09:00:00+00:00,0.726250000000001,0.7265800000000009,0.7256700000000009,0.725930000000001
2026-04-22 10:00:00+00:00,0.725930000000001,0.7262200000000009,0.7254000000000009,0.7259400000000009
2026-04-22 11:00:00+00:00,0.7259400000000009,0.7260000000000009,0.7247200000000009,0.725030000000001
2026-04-22 12:00:00+00:00,0.725030000000001,0.7254800000000009,0.7243600000000009,0.7245600000000009
2026-04-22 13:00:00+00:00,0.7245600000000009,0.7262900000000009,0.7244000000000009,0.7262600000000009
2026-04-22 14:00:00+00:00,0.7262600000000009,0.7267300000000009,0.7255300000000009,0.7257400000000009
2026-04-22 15:00:00+00:00,0.7257400000000009,0.7261300000000009,0.7253500000000009,0.7258300000000009
2026-04-22 16:00:00+00:00,0.7258300000000009,0.7260400000000009,0.7253300000000009,0.725540000000001
2026-04-22 17:00:00+00:00,0.725540000000001,0.726250000000001,0.7254400000000009,0.7258400000000009
2026-04-22 18:00:00+00:00,0.7258400000000009,0.7259700000000009,0.7254100000000009,0.7256700000000008
2026-04-22 19:00:00+00:00,0.7256700000000008,0.7258800000000009,0.7253200000000009,0.7256400000000008
2026-04-22 20:00:00+00:00,0.7256400000000008,0.7258800000000009,0.7254500000000008,0.7257500000000009
2026-04-22 21:00:00+00:00,0.7257500000000009,0.7257500000000009,0.7249900000000008,0.7254800000000009
2026-04-22 22:00:00+00:00,0.7254800000000009,0.7258100000000008,0.7254700000000008,0.7255600000000009
2026-04-22 23:00:00+00:00,0.7255600000000009,0.7257300000000009,0.7254500000000009,0.7255300000000009
2026-04-23 00:00:00+00:00,0.7255300000000009,0.7264500000000009,0.7234500000000009,0.7260200000000009
2026-04-23 01:00:00+00:00,0.7260200000000009,0.7260900000000009,0.7249800000000008,0.7254100000000009
2026-04-23 02:00:00+00:00,0.7254100000000009,0.7254800000000009,0.7240600000000009,0.7243200000000009
2026-04-23 03:00:00+00:00,0.7243200000000009,0.7246800000000009,0.7234200000000008,0.7238100000000008
2026-04-23 04:00:00+00:00,0.7238100000000008,0.7246600000000009,0.7236100000000009,0.7245900000000008
2026-04-23 05:00:00+00:00,0.7245900000000008,0.7253200000000009,0.7244600000000009,0.7252300000000009
2026-04-23 06:00:00+00:00,0.7252300000000009,0.7254100000000009,0.7247700000000009,0.7249700000000009
2026-04-23 07:00:00+00:00,0.7249700000000009,0.7255800000000009,0.7245200000000009,0.7255000000000009
2026-04-23 08:00:00+00:00,0.7255000000000009,0.7255900000000008,0.7248000000000009,0.7251400000000009
2026-04-23 09:00:00+00:00,0.7251400000000009,0.7251700000000009,0.7243400000000009,0.7245200000000009
2026-04-23 10:00:00+00:00,0.7245200000000009,0.7246700000000009,0.7230800000000008,0.7233500000000009
2026-04-23 11:00:00+00:00,0.7233500000000009,0.7252300000000009,0.7231600000000009,0.7248200000000009
2026-04-23 12:00:00+00:00,0.7248200000000009,0.7252300000000009,0.7236100000000009,0.7243800000000009
2026-04-23 13:00:00+00:00,0.7243800000000009,0.7250800000000008,0.7234500000000009,0.7244200000000008
2026-04-23 14:00:00+00:00,0.7244200000000008,0.7261100000000009,0.7239200000000009,0.7258600000000008
2026-04-23 15:00:00+00:00,0.7258600000000008,0.7261000000000009,0.7249400000000009,0.7253000000000008
2026-04-23 16:00:00+00:00,0.7253000000000008,0.7254800000000009,0.7249600000000009,0.7252500000000008
2026-04-23 17:00:00+00:00,0.7252500000000008,0.7254200000000008,0.7208700000000009,0.7239300000000009
2026-04-23 18:00:00+00:00,0.7239300000000009,0.7247700000000009,0.7232400000000009,0.7233700000000008
2026-04-23 19:00:00+00:00,0.7233700000000008,0.7234500000000009,0.7224200000000008,0.7230900000000009
2026-04-23 20:00:00+00:00,0.7230900000000009,0.7230900000000009,0.7222000000000008,0.7225400000000008
2026-04-23 21:00:00+00:00,0.7225400000000008,0.7227700000000009,0.7219300000000008,0.7227600000000008
2026-04-23 22:00:00+00:00,0.7227600000000008,0.7230900000000009,0.7226000000000009,0.7230800000000008
2026-04-23 23:00:00+00:00,0.7230800000000008,0.7231600000000009,0.7226500000000009,0.7227100000000009
2026-04-24 00:00:00+00:00,0.7227100000000009,0.7233100000000009,0.7225000000000009,0.7230100000000009
2026-04-24 01:00:00+00:00,0.7230100000000009,0.7233800000000009,0.7224900000000009,0.7230800000000008
2026-04-24 02:00:00+00:00,0.7230800000000008,0.7231100000000009,0.7218300000000009,0.7219400000000009
2026-04-24 03:00:00+00:00,0.7219400000000009,0.7221000000000009,0.7212500000000008,0.7216900000000009
2026-04-24 04:00:00+00:00,0.7216900000000009,0.7225000000000009,0.7214500000000009,0.7222400000000009
2026-04-24 05:00:00+00:00,0.7222400000000009,0.7226900000000009,0.7218400000000009,0.7224400000000009
2026-04-24 06:00:00+00:00,0.7224400000000009,0.7228000000000009,0.7217900000000009,0.7221900000000009
2026-04-24 07:00:00+00:00,0.7221900000000009,0.7232200000000009,0.7217600000000008,0.7231300000000009
2026-04-24 08:00:00+00:00,0.7231300000000009,0.7235500000000009,0.7225500000000009,0.7230000000000009
2026-04-24 09:00:00+00:00,0.7230000000000009,0.7231700000000009,0.7224200000000008,0.7227800000000009
2026-04-24 10:00:00+00:00,0.7227800000000009,0.7234300000000009,0.7226200000000009,0.7232100000000009
2026-04-24 11:00:00+00:00,0.7232100000000009,0.7249700000000009,0.7230900000000009,0.7241800000000009
2026-04-24 12:00:00+00:00,0.7241800000000009,0.7245100000000009,0.7228100000000008,0.7233200000000009
2026-04-24 13:00:00+00:00,0.7233200000000009,0.7238000000000009,0.7223500000000009,0.7232900000000009
2026-04-24 14:00:00+00:00,0.7232900000000009,0.7244400000000009,0.7225800000000009,0.7237300000000009
2026-04-24 15:00:00+00:00,0.7237300000000009,0.7253100000000009,0.7233800000000009,0.7250500000000009
2026-04-24 16:00:00+00:00,0.7250500000000009,0.7251200000000009,0.7243500000000009,0.7249200000000009
2026-04-24 17:00:00+00:00,0.7249200000000009,0.7252800000000009,0.7246200000000009,0.7246600000000009
2026-04-24 18:00:00+00:00,0.7246600000000009,0.7250400000000009,0.7243800000000009,0.7248900000000009
2026-04-24 19:00:00+00:00,0.7248900000000009,0.7251900000000009,0.7247800000000009,0.7249100000000009
2026-04-24 20:00:00+00:00,0.7249100000000009,0.7250800000000008,0.7241200000000008,0.7241400000000008
2026-04-26 21:00:00+00:00,0.7241400000000008,0.7252200000000008,0.7237300000000008,0.7250500000000007
2026-04-26 22:00:00+00:00,0.7250500000000007,0.7256500000000008,0.7249300000000007,0.7255800000000008
2026-04-26 23:00:00+00:00,0.7255800000000008,0.7257600000000007,0.7253200000000007,0.7253200000000007
2026-04-27 00:00:00+00:00,0.7253200000000007,0.7268700000000008,0.7253200000000007,0.7268500000000008
2026-04-27 01:00:00+00:00,0.7268500000000008,0.7280800000000007,0.7268500000000008,0.7279000000000008
2026-04-27 02:00:00+00:00,0.7279000000000008,0.7285800000000008,0.7274700000000007,0.7282800000000008
2026-04-27 03:00:00+00:00,0.7282800000000008,0.7288500000000008,0.7282600000000008,0.7284800000000008
2026-04-27 04:00:00+00:00,0.7284800000000008,0.7285700000000007,0.7277300000000008,0.7279100000000007
2026-04-27 05:00:00+00:00,0.7279100000000007,0.7279800000000007,0.7274900000000007,0.7275400000000007
2026-04-27 06:00:00+00:00,0.7275400000000007,0.7277100000000007,0.7268100000000007,0.7275800000000008
2026-04-27 07:00:00+00:00,0.7275800000000008,0.7289300000000007,0.7275700000000007,0.7287900000000007
2026-04-27 08:00:00+00:00,0.7287900000000007,0.7300800000000007,0.7284800000000008,0.7298900000000008
2026-04-27 09:00:00+00:00,0.7298900000000008,0.7301300000000007,0.7293700000000007,0.7296000000000008
2026-04-27 10:00:00+00:00,0.7296000000000008,0.7299400000000008,0.7294500000000008,0.7297900000000007
2026-04-27 11:00:00+00:00,0.7297900000000007,0.7298600000000007,0.7293500000000007,0.7295900000000007
2026-04-27 12:00:00+00:00,0.7295900000000007,0.7306800000000008,0.7295900000000007,0.7298800000000008
2026-04-27 13:00:00+00:00,0.7298800000000008,0.7305500000000008,0.7293600000000008,0.7299500000000008
2026-04-27 14:00:00+00:00,0.7299500000000008,0.7311000000000007,0.7296800000000008,0.7303700000000007
2026-04-27 15:00:00+00:00,0.7303700000000007,0.7304800000000008,0.7297700000000008,0.7303100000000008
2026-04-27 16:00:00+00:00,0.7303100000000008,0.7304700000000007,0.7299200000000008,0.7300600000000008
2026-04-27 17:00:00+00:00,0.7300600000000008,0.7304700000000007,0.7295400000000007,0.7300100000000007
2026-04-27 18:00:00+00:00,0.7300100000000007,0.7301400000000008,0.7296000000000008,0.7297100000000007
2026-04-27 19:00:00+00:00,0.7297100000000007,0.7300200000000008,0.7295900000000007,0.7297400000000007
2026-04-27 20:00:00+00:00,0.7297400000000007,0.7298400000000007,0.7295800000000008,0.7296600000000008
2026-04-27 21:00:00+00:00,0.7296600000000008,0.7296600000000008,0.7289200000000008,0.7296500000000007
2026-04-27 22:00:00+00:00,0.7296500000000007,0.7299400000000007,0.7295300000000007,0.7297800000000007
2026-04-27 23:00:00+00:00,0.7297800000000007,0.7301500000000007,0.7297200000000007,0.7301300000000007
2026-04-28 00:00:00+00:00,0.7301300000000007,0.7305700000000007,0.7298400000000007,0.7301800000000007
2026-04-28 01:00:00+00:00,0.7301800000000007,0.7302500000000007,0.7288300000000006,0.7289700000000007
2026-04-28 02:00:00+00:00,0.7289700000000007,0.7291700000000007,0.7284700000000007,0.7288100000000007
2026-04-28 03:00:00+00:00,0.7288100000000007,0.7295900000000007,0.7287100000000007,0.7295500000000007
2026-04-28 04:00:00+00:00,0.7295500000000007,0.7297200000000007,0.7292700000000008,0.7293500000000007
2026-04-28 05:00:00+00:00,0.7293500000000007,0.7294700000000007,0.7283700000000007,0.7287400000000007
2026-04-28 06:00:00+00:00,0.7287400000000007,0.7288700000000007,0.7273000000000007,0.7274700000000007
2026-04-28 07:00:00+00:00,0.7274700000000007,0.7290700000000007,0.7274000000000007,0.7288900000000007
2026-04-28 08:00:00+00:00,0.7288900000000007,0.7292000000000007,0.7282000000000007,0.7289000000000007
2026-04-28 09:00:00+00:00,0.7289000000000007,0.7289000000000007,0.7278500000000007,0.7285700000000007
2026-04-28 10:00:00+00:00,0.7285700000000007,0.7287300000000007,0.7274200000000007,0.7275300000000007
2026-04-28 11:00:00+00:00,0.7275300000000007,0.7277900000000007,0.7262600000000007,0.7264500000000007
2026-04-28 12:00:00+00:00,0.7264500000000007,0.7276600000000008,0.7261700000000006,0.7275900000000007
2026-04-28 13:00:00+00:00,0.7275900000000007,0.7286400000000007,0.7270900000000007,0.7281400000000007
2026-04-28 14:00:00+00:00,0.7281400000000007,0.7287000000000007,0.7272400000000007,0.7278300000000008
2026-04-28 15:00:00+00:00,0.7278300000000008,0.7291400000000007,0.7277300000000007,0.7291000000000007
2026-04-28 16:00:00+00:00,0.7291000000000007,0.7293500000000007,0.7286100000000006,0.7291700000000007
2026-04-28 17:00:00+00:00,0.7291700000000007,0.7296800000000007,0.7288000000000007,0.7295800000000007
2026-04-28 18:00:00+00:00,0.7295800000000007,0.7297800000000007,0.7293300000000007,0.7294500000000007
2026-04-28 19:00:00+00:00,0.7294500000000007,0.7296300000000007,0.7289800000000007,0.7291000000000007
2026-04-28 20:00:00+00:00,0.7291000000000007,0.7294100000000007,0.7290600000000007,0.7292100000000007
2026-04-28 21:00:00+00:00,0.7292100000000007,0.7293100000000008,0.7288200000000008,0.7291400000000008
2026-04-28 22:00:00+00:00,0.7291400000000008,0.7295000000000008,0.7291100000000008,0.7292700000000008
2026-04-28 23:00:00+00:00,0.7292700000000008,0.7297500000000008,0.7292100000000008,0.7297500000000008
2026-04-29 00:00:00+00:00,0.7297500000000008,0.7300400000000008,0.7295600000000008,0.7296700000000008
2026-04-29 01:00:00+00:00,0.7296700000000008,0.7296900000000008,0.7277600000000007,0.7280400000000008
2026-04-29 02:00:00+00:00,0.7280400000000008,0.7287200000000008,0.7270100000000008,0.7270700000000008
2026-04-29 03:00:00+00:00,0.7270700000000008,0.7276700000000008,0.7270600000000008,0.7272300000000008
2026-04-29 04:00:00+00:00,0.7272300000000008,0.7275300000000008,0.7270900000000008,0.7273800000000008
2026-04-29 05:00:00+00:00,0.7273800000000008,0.7274900000000007,0.7270600000000008,0.7271200000000008
2026-04-29 06:00:00+00:00,0.7271200000000008,0.7273700000000007,0.7265000000000008,0.7270800000000008
2026-04-29 07:00:00+00:00,0.7270800000000008,0.7277300000000008,0.7267200000000008,0.7273900000000008
2026-04-29 08:00:00+00:00,0.7273900000000008,0.7276100000000008,0.7265400000000007,0.7266300000000008
2026-04-29 09:00:00+00:00,0.7266300000000008,0.7269500000000008,0.7259600000000008,0.7260800000000008
2026-04-29 10:00:00+00:00,0.7260800000000008,0.7271700000000008,0.7259600000000008,0.7270100000000008
2026-04-29 11:00:00+00:00,0.7270100000000008,0.7270800000000008,0.7266100000000008,0.7269300000000007
2026-04-29 12:00:00+00:00,0.7269300000000007,0.7277000000000008,0.7265400000000007,0.7266000000000008
2026-04-29 13:00:00+00:00,0.7266000000000008,0.7270400000000008,0.7236800000000008,0.7239200000000008
2026-04-29 14:00:00+00:00,0.7239200000000008,0.7256600000000007,0.7233900000000008,0.7252100000000008
2026-04-29 15:00:00+00:00,0.7252100000000008,0.7253700000000007,0.7228900000000008,0.7239400000000008
2026-04-29 16:00:00+00:00,0.7239400000000008,0.7247700000000008,0.7236400000000008,0.7237700000000008
2026-04-29 17:00:00+00:00,0.7237700000000008,0.7244100000000008,0.7233500000000008,0.7242100000000008
2026-04-29 18:00:00+00:00,0.7242100000000008,0.7242600000000008,0.7212200000000007,0.7224500000000008
2026-04-29 19:00:00+00:00,0.7224500000000008,0.7230600000000008,0.7217100000000007,0.7227700000000008
2026-04-29 20:00:00+00:00,0.7227700000000008,0.7230700000000008,0.7222600000000008,0.7226400000000008
2026-04-29 21:00:00+00:00,0.7226400000000008,0.722730000000001,0.7218700000000008,0.722440000000001
2026-04-29 22:00:00+00:00,0.722440000000001,0.7233100000000009,0.722440000000001,0.7230100000000009
2026-04-29 23:00:00+00:00,0.7230100000000009,0.7240300000000008,0.7230100000000009,0.7239400000000009
2026-04-30 00:00:00+00:00,0.7239400000000009,0.7244500000000009,0.7233300000000009,0.7233300000000009
2026-04-30 01:00:00+00:00,0.7233300000000009,0.7239600000000009,0.7229800000000008,0.7237400000000009
2026-04-30 02:00:00+00:00,0.7237400000000009,0.7240600000000009,0.7228900000000009,0.7237900000000009
2026-04-30 03:00:00+00:00,0.7237900000000009,0.7242300000000009,0.7236700000000009,0.7237200000000009
2026-04-30 04:00:00+00:00,0.7237200000000009,0.7237900000000009,0.7226900000000009,0.7227300000000009
2026-04-30 05:00:00+00:00,0.7227300000000009,0.7234900000000009,0.7222600000000009,0.7224400000000009
2026-04-30 06:00:00+00:00,0.7224400000000009,0.7234300000000009,0.7221600000000009,0.7230200000000009
2026-04-30 07:00:00+00:00,0.7230200000000009,0.7242700000000009,0.7229800000000008,0.7239600000000009
2026-04-30 08:00:00+00:00,0.7239600000000009,0.7251300000000009,0.7239100000000009,0.7241300000000009
2026-04-30 09:00:00+00:00,0.7241300000000009,0.7259200000000009,0.7238800000000009,0.7256500000000009
2026-04-30 10:00:00+00:00,0.7256500000000009,0.7269400000000009,0.7251800000000009,0.7269000000000009
2026-04-30 11:00:00+00:00,0.7269000000000009,0.7278600000000008,0.7264400000000009,0.7265200000000009
2026-04-30 12:00:00+00:00,0.7265200000000009,0.7267900000000009,0.7256100000000009,0.7261500000000009
2026-04-30 13:00:00+00:00,0.7261500000000009,0.7280200000000009,0.7261300000000009,0.7273900000000009
2026-04-30 14:00:00+00:00,0.7273900000000009,0.7303300000000009,0.7272700000000009,0.7299800000000009
2026-04-30 15:00:00+00:00,0.7299800000000009,0.7302900000000009,0.7293800000000009,0.7294400000000009
2026-04-30 16:00:00+00:00,0.7294400000000009,0.7302200000000009,0.7289600000000009,0.7293800000000009
2026-04-30 17:00:00+00:00,0.7293800000000009,0.7299800000000009,0.7292300000000009,0.7295800000000009
2026-04-30 18:00:00+00:00,0.7295800000000009,0.7312200000000009,0.7295800000000009,0.7310100000000009
2026-04-30 19:00:00+00:00,0.7310100000000009,0.7314700000000008,0.7308800000000009,0.7308900000000009
2026-04-30 20:00:00+00:00,0.7308900000000009,0.7314900000000009,0.7307800000000009,0.7312700000000009
2026-04-30 21:00:00+00:00,0.7312700000000009,0.7312700000000009,0.730130000000001,0.7310200000000009
2026-04-30 22:00:00+00:00,0.7310200000000009,0.7313600000000009,0.730930000000001,0.731130000000001
2026-04-30 23:00:00+00:00,0.731130000000001,0.7316700000000009,0.731130000000001,0.7312300000000009
2026-05-01 00:00:00+00:00,0.7312300000000009,0.731490000000001,0.730730000000001,0.731250000000001
2026-05-01 01:00:00+00:00,0.731250000000001,0.731470000000001,0.7307900000000009,0.7313500000000009
2026-05-01 02:00:00+00:00,0.7313500000000009,0.731690000000001,0.7307200000000009,0.731140000000001
2026-05-01 03:00:00+00:00,0.731140000000001,0.7315000000000009,0.730630000000001,0.730750000000001
2026-05-01 04:00:00+00:00,0.730750000000001,0.730780000000001,0.730150000000001,0.7302600000000009
2026-05-01 05:00:00+00:00,0.7302600000000009,0.730540000000001,0.7300400000000009,0.7301100000000009
2026-05-01 06:00:00+00:00,0.7301100000000009,0.7311600000000009,0.7297900000000009,0.730730000000001
2026-05-01 07:00:00+00:00,0.730730000000001,0.731460000000001,0.730470000000001,0.730730000000001
2026-05-01 08:00:00+00:00,0.730730000000001,0.7310400000000009,0.730300000000001,0.730680000000001
2026-05-01 09:00:00+00:00,0.730680000000001,0.730760000000001,0.729520000000001,0.7297000000000009
2026-05-01 10:00:00+00:00,0.7297000000000009,0.7304000000000009,0.7296000000000009,0.7302100000000009
2026-05-01 11:00:00+00:00,0.7302100000000009,0.731170000000001,0.7301600000000009,0.7308400000000009
2026-05-01 12:00:00+00:00,0.7308400000000009,0.732030000000001,0.7306200000000009,0.731410000000001
2026-05-01 13:00:00+00:00,0.731410000000001,0.7326500000000009,0.731170000000001,0.732420000000001
2026-05-01 14:00:00+00:00,0.732420000000001,0.733960000000001,0.732370000000001,0.732830000000001
2026-05-01 15:00:00+00:00,0.732830000000001,0.733520000000001,0.7324800000000009,0.732910000000001
2026-05-01 16:00:00+00:00,0.732910000000001,0.733290000000001,0.732240000000001,0.732320000000001
2026-05-01 17:00:00+00:00,0.732320000000001,0.7327500000000009,0.731910000000001,0.732200000000001
2026-05-01 18:00:00+00:00,0.732200000000001,0.7322800000000009,0.731370000000001,0.732120000000001
2026-05-01 19:00:00+00:00,0.732120000000001,0.7322300000000009,0.7316200000000009,0.7316700000000009
2026-05-01 20:00:00+00:00,0.7316700000000009,0.7317900000000009,0.730900000000001,0.7312600000000009
2026-05-03 21:00:00+00:00,0.7312600000000009,0.7318100000000007,0.7308400000000008,0.7312200000000009
2026-05-03 22:00:00+00:00,0.7312200000000009,0.7315600000000009,0.7306000000000009,0.7309800000000009
2026-05-03 23:00:00+00:00,0.7309800000000009,0.7310000000000009,0.7304200000000008,0.7304700000000008
2026-05-04 00:00:00+00:00,0.7304700000000008,0.7308500000000009,0.7301100000000009,0.7304600000000009
2026-05-04 01:00:00+00:00,0.7304600000000009,0.7304900000000009,0.7296000000000009,0.7304300000000009
2026-05-04 02:00:00+00:00,0.7304300000000009,0.7305200000000008,0.7296900000000008,0.7303700000000009
2026-05-04 03:00:00+00:00,0.7303700000000009,0.7312600000000009,0.7300400000000009,0.7309100000000008
2026-05-04 04:00:00+00:00,0.7309100000000008,0.7309700000000009,0.7301900000000009,0.7303100000000009
2026-05-04 05:00:00+00:00,0.7303100000000009,0.7305500000000009,0.7298200000000009,0.7303100000000009
2026-05-04 06:00:00+00:00,0.7303100000000009,0.7304800000000009,0.7288800000000009,0.7293600000000009
2026-05-04 07:00:00+00:00,0.7293600000000009,0.7293600000000009,0.7284100000000009,0.7286400000000008
2026-05-04 08:00:00+00:00,0.7286400000000008,0.7293700000000009,0.7283100000000009,0.7290000000000009
2026-05-04 09:00:00+00:00,0.7290000000000009,0.7295100000000009,0.7289600000000008,0.7292200000000009
2026-05-04 10:00:00+00:00,0.7292200000000009,0.7292300000000008,0.7263300000000009,0.7280100000000008
2026-05-04 11:00:00+00:00,0.7280100000000008,0.7284100000000009,0.7271100000000009,0.7273900000000009
2026-05-04 12:00:00+00:00,0.7273900000000009,0.7287100000000009,0.7273600000000009,0.7283100000000009
2026-05-04 13:00:00+00:00,0.7283100000000009,0.7291100000000009,0.7272800000000008,0.7281200000000009
2026-05-04 14:00:00+00:00,0.7281200000000009,0.7286600000000009,0.7277200000000009,0.7279800000000008
2026-05-04 15:00:00+00:00,0.7279800000000008,0.7284200000000008,0.7257500000000009,0.7261000000000009
2026-05-04 16:00:00+00:00,0.7261000000000009,0.7263900000000009,0.7248500000000009,0.7253000000000008
2026-05-04 17:00:00+00:00,0.7253000000000008,0.7267800000000009,0.7252400000000009,0.7264500000000008
2026-05-04 18:00:00+00:00,0.7264500000000008,0.7268600000000008,0.7260300000000008,0.7267800000000009
2026-05-04 19:00:00+00:00,0.7267800000000009,0.7270100000000008,0.7263300000000009,0.7266900000000008
2026-05-04 20:00:00+00:00,0.7266900000000008,0.7266900000000008,0.7259900000000009,0.7261400000000009
2026-05-04 21:00:00+00:00,0.7261400000000009,0.7262900000000009,0.7260000000000009,0.7261100000000009
2026-05-04 22:00:00+00:00,0.7261100000000009,0.7264600000000009,0.7261100000000009,0.7262900000000009
2026-05-04 23:00:00+00:00,0.7262900000000009,0.7264600000000009,0.7262600000000009,0.7262900000000009
2026-05-05 00:00:00+00:00,0.7262900000000009,0.7267200000000009,0.7253600000000009,0.7255700000000009
2026-05-05 01:00:00+00:00,0.7255700000000009,0.7256000000000009,0.7248700000000009,0.7252600000000009
2026-05-05 02:00:00+00:00,0.7252600000000009,0.7260600000000009,0.725200000000001,0.7255700000000009
2026-05-05 03:00:00+00:00,0.7255700000000009,0.725710000000001,0.7248500000000009,0.7248900000000009
2026-05-05 04:00:00+00:00,0.7248900000000009,0.7266700000000009,0.724710000000001,0.7247200000000009
2026-05-05 05:00:00+00:00,0.7247200000000009,0.7249900000000009,0.7231300000000009,0.7235200000000009
2026-05-05 06:00:00+00:00,0.7235200000000009,0.724420000000001,0.7234400000000009,0.7239400000000009
2026-05-05 07:00:00+00:00,0.7239400000000009,0.725420000000001,0.7238500000000009,0.7247800000000009
2026-05-05 08:00:00+00:00,0.7247800000000009,0.7259400000000009,0.724760000000001,0.725320000000001
2026-05-05 09:00:00+00:00,0.725320000000001,0.7260400000000009,0.7249200000000009,0.7259400000000009
2026-05-05 10:00:00+00:00,0.7259400000000009,0.7269600000000009,0.7256700000000009,0.7263600000000009
2026-05-05 11:00:00+00:00,0.7263600000000009,0.7270200000000009,0.7258800000000009,0.7267900000000009
2026-05-05 12:00:00+00:00,0.7267900000000009,0.7278500000000009,0.7262900000000009,0.7271000000000009
2026-05-05 13:00:00+00:00,0.7271000000000009,0.7281400000000009,0.7271000000000009,0.7275600000000009
2026-05-05 14:00:00+00:00,0.7275600000000009,0.7284400000000009,0.7271000000000009,0.7284100000000009
2026-05-05 15:00:00+00:00,0.7284100000000009,0.7293500000000009,0.728250000000001,0.7290200000000009
2026-05-05 16:00:00+00:00,0.7290200000000009,0.7291300000000009,0.7282100000000009,0.7282800000000009
2026-05-05 17:00:00+00:00,0.7282800000000009,0.728690000000001,0.7280600000000009,0.7283300000000009
2026-05-05 18:00:00+00:00,0.7283300000000009,0.7286000000000009,0.728250000000001,0.7283600000000009
2026-05-05 19:00:00+00:00,0.7283600000000009,0.7284300000000009,0.7277000000000009,0.7278800000000009
2026-05-05 20:00:00+00:00,0.7278800000000009,0.728030000000001,0.7277400000000009,0.7278000000000009
2026-05-05 21:00:00+00:00,0.7278000000000009,0.7279400000000009,0.7272600000000009,0.7278500000000009
2026-05-05 22:00:00+00:00,0.7278500000000009,0.7296500000000009,0.7277500000000009,0.729250000000001
2026-05-05 23:00:00+00:00,0.729250000000001,0.7304100000000009,0.729050000000001,0.7299200000000009
2026-05-06 00:00:00+00:00,0.7299200000000009,0.7319900000000009,0.7298000000000009,0.7319500000000009
2026-05-06 01:00:00+00:00,0.7319500000000009,0.733000000000001,0.7316800000000009,0.7325000000000009
2026-05-06 02:00:00+00:00,0.7325000000000009,0.7330400000000009,0.732390000000001,0.733000000000001
2026-05-06 03:00:00+00:00,0.733000000000001,0.733830000000001,0.7327900000000009,0.732830000000001
2026-05-06 04:00:00+00:00,0.732830000000001,0.7346800000000009,0.7327000000000009,0.734030000000001
2026-05-06 05:00:00+00:00,0.734030000000001,0.734540000000001,0.7338500000000009,0.7344000000000009
2026-05-06 06:00:00+00:00,0.7344000000000009,0.734540000000001,0.733690000000001,0.734470000000001
2026-05-06 07:00:00+00:00,0.734470000000001,0.734640000000001,0.732930000000001,0.7337800000000009
2026-05-06 08:00:00+00:00,0.7337800000000009,0.7363600000000009,0.7328700000000009,0.735640000000001
2026-05-06 09:00:00+00:00,0.735640000000001,0.7359900000000009,0.734660000000001,0.7357800000000009
2026-05-06 10:00:00+00:00,0.7357800000000009,0.7373600000000009,0.7347500000000009,0.7364500000000009
2026-05-06 11:00:00+00:00,0.7364500000000009,0.7364600000000009,0.7344500000000009,0.7346500000000009
2026-05-06 12:00:00+00:00,0.7346500000000009,0.734660000000001,0.7327700000000009,0.733370000000001
2026-05-06 13:00:00+00:00,0.733370000000001,0.733710000000001,0.7324800000000009,0.733050000000001
2026-05-06 14:00:00+00:00,0.733050000000001,0.734350000000001,0.732540000000001,0.7335800000000009
2026-05-06 15:00:00+00:00,0.7335800000000009,0.733640000000001,0.7328700000000009,0.7329700000000009
2026-05-06 16:00:00+00:00,0.7329700000000009,0.7329700000000009,0.7319900000000009,0.7322800000000009
2026-05-06 17:00:00+00:00,0.7322800000000009,0.7330600000000009,0.7321700000000009,0.732810000000001
2026-05-06 18:00:00+00:00,0.732810000000001,0.7335300000000009,0.7327900000000009,0.733320000000001
2026-05-06 19:00:00+00:00,0.733320000000001,0.7337700000000009,0.733240000000001,0.7333800000000009
2026-05-06 20:00:00+00:00,0.7333800000000009,0.733460000000001,0.733120000000001,0.7332800000000009
2026-05-06 21:00:00+00:00,0.7332800000000009,0.7337800000000009,0.7327200000000009,0.733690000000001
2026-05-06 22:00:00+00:00,0.733690000000001,0.7338100000000009,0.7335000000000009,0.7336800000000009
2026-05-06 23:00:00+00:00,0.7336800000000009,0.7338200000000008,0.7333600000000009,0.7334300000000008
2026-05-07 00:00:00+00:00,0.7334300000000008,0.7339200000000009,0.7331100000000008,0.7334600000000009
2026-05-07 01:00:00+00:00,0.7334600000000009,0.7347700000000008,0.7330700000000009,0.7344100000000009
2026-05-07 02:00:00+00:00,0.7344100000000009,0.7345800000000009,0.7338800000000009,0.7342100000000008
2026-05-07 03:00:00+00:00,0.7342100000000008,0.7344000000000008,0.7338900000000008,0.7341100000000008
2026-05-07 04:00:00+00:00,0.7341100000000008,0.7349600000000008,0.7340500000000009,0.7346400000000008
2026-05-07 05:00:00+00:00,0.7346400000000008,0.7349900000000008,0.7345100000000009,0.7345700000000008
2026-05-07 06:00:00+00:00,0.7345700000000008,0.7355800000000009,0.7339600000000008,0.7349600000000008
2026-05-07 07:00:00+00:00,0.7349600000000008,0.7362700000000009,0.7349000000000009,0.7360900000000008
2026-05-07 08:00:00+00:00,0.7360900000000008,0.7363300000000008,0.7355900000000009,0.7358000000000009
2026-05-07 09:00:00+00:00,0.7358000000000009,0.7361100000000008,0.7352800000000008,0.7359200000000009
2026-05-07 10:00:00+00:00,0.7359200000000009,0.7362900000000009,0.7354700000000008,0.7354900000000009
2026-05-07 11:00:00+00:00,0.7354900000000009,0.7358100000000009,0.7350900000000008,0.7357500000000009
2026-05-07 12:00:00+00:00,0.7357500000000009,0.7359000000000009,0.7349500000000009,0.7351800000000008
2026-05-07 13:00:00+00:00,0.7351800000000008,0.7353800000000008,0.7344000000000008,0.7347400000000008
2026-05-07 14:00:00+00:00,0.7347400000000008,0.7357300000000009,0.7341600000000008,0.7357100000000009
2026-05-07 15:00:00+00:00,0.7357100000000009,0.7357300000000009,0.7337900000000008,0.7338700000000008
2026-05-07 16:00:00+00:00,0.7338700000000008,0.7341800000000008,0.7331800000000008,0.7337600000000009
2026-05-07 17:00:00+00:00,0.7337600000000009,0.7340700000000009,0.7323800000000008,0.7333300000000008
2026-05-07 18:00:00+00:00,0.7333300000000008,0.7335100000000009,0.7319600000000008,0.7329000000000009
2026-05-07 19:00:00+00:00,0.7329000000000009,0.7330900000000008,0.7313800000000008,0.7314000000000008
2026-05-07 20:00:00+00:00,0.7314000000000008,0.7326900000000008,0.7303400000000009,0.7306500000000008
2026-05-07 21:00:00+00:00,0.7306500000000008,0.7307100000000009,0.7296800000000009,0.7301000000000009
2026-05-07 22:00:00+00:00,0.7301000000000009,0.7304500000000008,0.7296700000000008,0.7298800000000009
2026-05-07 23:00:00+00:00,0.7298800000000009,0.7305100000000009,0.7298700000000009,0.7304300000000009
2026-05-08 00:00:00+00:00,0.7304300000000009,0.7307900000000008,0.7295900000000008,0.7303400000000009
2026-05-08 01:00:00+00:00,0.7303400000000009,0.7310600000000008,0.7303100000000009,0.7306300000000009
2026-05-08 02:00:00+00:00,0.7306300000000009,0.7309700000000009,0.7299900000000009,0.7306400000000008
2026-05-08 03:00:00+00:00,0.7306400000000008,0.7316900000000008,0.7305400000000009,0.7311000000000009
2026-05-08 04:00:00+00:00,0.7311000000000009,0.7317900000000008,0.7309600000000008,0.7316300000000009
2026-05-08 05:00:00+00:00,0.7316300000000009,0.7322200000000009,0.7313500000000008,0.7319300000000009
2026-05-08 06:00:00+00:00,0.7319300000000009,0.7326500000000009,0.7317900000000008,0.7322100000000009
2026-05-08 07:00:00+00:00,0.7322100000000009,0.7323200000000009,0.7317300000000009,0.7319600000000008
2026-05-08 08:00:00+00:00,0.7319600000000008,0.7332100000000009,0.7318100000000008,0.7330300000000008
2026-05-08 09:00:00+00:00,0.7330300000000008,0.7336900000000008,0.7326500000000009,0.7329800000000009
2026-05-08 10:00:00+00:00,0.7329800000000009,0.7337200000000008,0.7328500000000009,0.7332300000000008
2026-05-08 11:00:00+00:00,0.7332300000000008,0.7335700000000008,0.7327500000000009,0.7331600000000008
2026-05-08 12:00:00+00:00,0.7331600000000008,0.7344800000000009,0.7321300000000008,0.7334100000000009
2026-05-08 13:00:00+00:00,0.7334100000000009,0.7344300000000009,0.7324800000000009,0.7339200000000009
2026-05-08 14:00:00+00:00,0.7339200000000009,0.7341700000000009,0.7331800000000008,0.7339500000000009
2026-05-08 15:00:00+00:00,0.7339500000000009,0.7342100000000009,0.7332600000000009,0.7337500000000009
2026-05-08 16:00:00+00:00,0.7337500000000009,0.7342100000000009,0.7336100000000009,0.7336500000000009
2026-05-08 17:00:00+00:00,0.7336500000000009,0.7340900000000009,0.7336000000000009,0.7338500000000009
2026-05-08 18:00:00+00:00,0.7338500000000009,0.7343700000000009,0.7336300000000009,0.7338000000000009
2026-05-08 19:00:00+00:00,0.7338000000000009,0.7344100000000009,0.7337700000000008,0.7342200000000009
2026-05-08 20:00:00+00:00,0.7342200000000009,0.7344900000000009,0.7337400000000008,0.7339200000000008
2026-05-10 21:00:00+00:00,0.7339200000000008,0.7339600000000008,0.7328700000000008,0.7330700000000008
2026-05-10 22:00:00+00:00,0.7330700000000008,0.7347800000000008,0.7330700000000008,0.7346600000000008
2026-05-10 23:00:00+00:00,0.7346600000000008,0.7351100000000008,0.7345700000000008,0.7347000000000008
2026-05-11 00:00:00+00:00,0.7347000000000008,0.7353100000000008,0.7345400000000007,0.7350600000000008
2026-05-11 01:00:00+00:00,0.7350600000000008,0.7352300000000008,0.7340700000000008,0.7346400000000007
2026-05-11 02:00:00+00:00,0.7346400000000007,0.7350600000000008,0.7342500000000007,0.7342800000000008
2026-05-11 03:00:00+00:00,0.7342800000000008,0.7345500000000008,0.7341300000000008,0.7342100000000008
2026-05-11 04:00:00+00:00,0.7342100000000008,0.7342200000000008,0.7338100000000007,0.7340000000000008
2026-05-11 05:00:00+00:00,0.7340000000000008,0.7344900000000008,0.7339300000000007,0.7342400000000008
2026-05-11 06:00:00+00:00,0.7342400000000008,0.7355600000000008,0.7341500000000007,0.7354000000000008
2026-05-11 07:00:00+00:00,0.7354000000000008,0.7355000000000008,0.7349000000000008,0.7353400000000008
2026-05-11 08:00:00+00:00,0.7353400000000008,0.7360600000000008,0.7351100000000008,0.7351100000000008
2026-05-11 09:00:00+00:00,0.7351100000000008,0.7354200000000007,0.7349100000000008,0.7349400000000008
2026-05-11 10:00:00+00:00,0.7349400000000008,0.7357100000000008,0.7348300000000008,0.7355400000000007
2026-05-11 11:00:00+00:00,0.7355400000000007,0.7361400000000008,0.7352400000000008,0.7356000000000008
2026-05-11 12:00:00+00:00,0.7356000000000008,0.7358300000000008,0.7350300000000007,0.7356100000000008
2026-05-11 13:00:00+00:00,0.7356100000000008,0.7370000000000008,0.7355600000000008,0.7367000000000008
2026-05-11 14:00:00+00:00,0.7367000000000008,0.7372300000000008,0.7362400000000008,0.7368800000000008
2026-05-11 15:00:00+00:00,0.7368800000000008,0.7372400000000008,0.7366300000000008,0.7370300000000007
2026-05-11 16:00:00+00:00,0.7370300000000007,0.7370800000000007,0.7359500000000008,0.7363300000000008
2026-05-11 17:00:00+00:00,0.7363300000000008,0.7367400000000008,0.7360400000000008,0.7365300000000008
2026-05-11 18:00:00+00:00,0.7365300000000008,0.7368400000000008,0.7361500000000007,0.7361700000000008
2026-05-11 19:00:00+00:00,0.7361700000000008,0.7363300000000008,0.7360100000000008,0.7361900000000008
2026-05-11 20:00:00+00:00,0.7361900000000008,0.7363100000000008,0.7356800000000008,0.7361400000000008
2026-05-11 21:00:00+00:00,0.7361400000000008,0.7363000000000007,0.7357500000000008,0.7361100000000007
2026-05-11 22:00:00+00:00,0.7361100000000007,0.7365100000000008,0.7361100000000007,0.7362800000000007
2026-05-11 23:00:00+00:00,0.7362800000000007,0.7364200000000007,0.7358300000000008,0.7359000000000008
2026-05-12 00:00:00+00:00,0.7359000000000008,0.7359000000000008,0.7346200000000007,0.7347900000000007
2026-05-12 01:00:00+00:00,0.7347900000000007,0.7351200000000008,0.7335400000000007,0.7344900000000008
2026-05-12 02:00:00+00:00,0.7344900000000008,0.7350100000000007,0.7342400000000008,0.7348300000000008
2026-05-12 03:00:00+00:00,0.7348300000000008,0.7349000000000008,0.7341700000000008,0.7342300000000007
2026-05-12 04:00:00+00:00,0.7342300000000007,0.7348600000000007,0.7342200000000008,0.7345200000000007
2026-05-12 05:00:00+00:00,0.7345200000000007,0.7348200000000008,0.7339500000000008,0.7343200000000007
2026-05-12 06:00:00+00:00,0.7343200000000007,0.7344600000000008,0.7324000000000007,0.7325500000000008
2026-05-12 07:00:00+00:00,0.7325500000000008,0.7335100000000008,0.7321900000000008,0.7330400000000008
2026-05-12 08:00:00+00:00,0.7330400000000008,0.7335800000000008,0.7325900000000007,0.7330700000000008
2026-05-12 09:00:00+00:00,0.7330700000000008,0.7338600000000007,0.7327700000000008,0.7336700000000007
2026-05-12 10:00:00+00:00,0.7336700000000007,0.7340100000000007,0.7335000000000008,0.7337700000000008
2026-05-12 11:00:00+00:00,0.7337700000000008,0.7344700000000007,0.7333500000000007,0.7341900000000008
2026-05-12 12:00:00+00:00,0.7341900000000008,0.7346200000000007,0.7330000000000008,0.7343900000000008
2026-05-12 13:00:00+00:00,0.7343900000000008,0.7345300000000008,0.7327600000000007,0.7330600000000007
2026-05-12 14:00:00+00:00,0.7330600000000007,0.7344100000000008,0.7330400000000008,0.7343300000000008
2026-05-12 15:00:00+00:00,0.7343300000000008,0.7345200000000007,0.7327600000000007,0.7335600000000008
2026-05-12 16:00:00+00:00,0.7335600000000008,0.7339000000000008,0.7327400000000007,0.7328800000000008
2026-05-12 17:00:00+00:00,0.7328800000000008,0.7338800000000008,0.7328600000000007,0.7338600000000007
2026-05-12 18:00:00+00:00,0.7338600000000007,0.7349800000000007,0.7336200000000007,0.7347900000000007
2026-05-12 19:00:00+00:00,0.7347900000000007,0.7355100000000008,0.7347000000000008,0.7352000000000007
2026-05-12 20:00:00+00:00,0.7352000000000007,0.7353600000000008,0.7350000000000008,0.7353000000000007
2026-05-12 21:00:00+00:00,0.7353000000000007,0.7355600000000008,0.7348800000000008,0.7350100000000007
2026-05-12 22:00:00+00:00,0.7350100000000007,0.7354400000000006,0.7350000000000007,0.7352300000000007
2026-05-12 23:00:00+00:00,0.7352300000000007,0.7353900000000007,0.7349200000000007,0.7349500000000007
2026-05-13 00:00:00+00:00,0.7349500000000007,0.7352800000000007,0.7345000000000007,0.7349000000000007
2026-05-13 01:00:00+00:00,0.7349000000000007,0.7359900000000007,0.7343000000000007,0.7356200000000007
2026-05-13 02:00:00+00:00,0.7356200000000007,0.7358400000000007,0.7350900000000007,0.7351200000000007
2026-05-13 03:00:00+00:00,0.7351200000000007,0.7351200000000007,0.7344000000000007,0.7347600000000006
2026-05-13 04:00:00+00:00,0.7347600000000006,0.7348600000000007,0.7343900000000007,0.7347300000000007
2026-05-13 05:00:00+00:00,0.7347300000000007,0.7352200000000007,0.7346600000000006,0.7352100000000007
2026-05-13 06:00:00+00:00,0.7352100000000007,0.7355100000000007,0.7345100000000007,0.7348300000000006
2026-05-13 07:00:00+00:00,0.7348300000000006,0.7352200000000007,0.7345400000000006,0.7346400000000007
2026-05-13 08:00:00+00:00,0.7346400000000007,0.7354700000000007,0.7345300000000007,0.7353500000000007
2026-05-13 09:00:00+00:00,0.7353500000000007,0.7357300000000007,0.7347500000000007,0.7357200000000007
2026-05-13 10:00:00+00:00,0.7357200000000007,0.7361400000000007,0.7353200000000006,0.7360200000000007
2026-05-13 11:00:00+00:00,0.7360200000000007,0.7365800000000007,0.7358000000000007,0.7362500000000007
2026-05-13 12:00:00+00:00,0.7362500000000007,0.7364900000000006,0.7348300000000006,0.7354000000000007
2026-05-13 13:00:00+00:00,0.7354000000000007,0.7360900000000007,0.7352200000000007,0.7359100000000007
2026-05-13 14:00:00+00:00,0.7359100000000007,0.7370200000000007,0.7357200000000007,0.7369500000000007
2026-05-13 15:00:00+00:00,0.7369500000000007,0.7384000000000007,0.7367300000000007,0.7374500000000007
2026-05-13 16:00:00+00:00,0.7374500000000007,0.7381800000000007,0.7372300000000007,0.7372600000000007
2026-05-13 17:00:00+00:00,0.7372600000000007,0.7376500000000007,0.7368600000000007,0.7369000000000007
2026-05-13 18:00:00+00:00,0.7369000000000007,0.7374300000000007,0.7364200000000006,0.7369600000000007
2026-05-13 19:00:00+00:00,0.7369600000000007,0.7371700000000007,0.7365400000000006,0.7365500000000007
2026-05-13 20:00:00+00:00,0.7365500000000007,0.7371800000000007,0.7363100000000007,0.7369200000000007
2026-05-13 21:00:00+00:00,0.7369200000000007,0.7370500000000006,0.7366200000000007,0.7368300000000008
2026-05-13 22:00:00+00:00,0.7368300000000008,0.7374100000000008,0.7368300000000008,0.7372700000000006
2026-05-13 23:00:00+00:00,0.7372700000000006,0.7374100000000008,0.7365300000000008,0.7367500000000008
2026-05-14 00:00:00+00:00,0.7367500000000008,0.7370700000000008,0.7361800000000008,0.7364700000000007
2026-05-14 01:00:00+00:00,0.7364700000000007,0.7365300000000008,0.7358400000000008,0.7359100000000007
2026-05-14 02:00:00+00:00,0.7359100000000007,0.7366200000000008,0.7357100000000008,0.7365300000000008
2026-05-14 03:00:00+00:00,0.7365300000000008,0.7367500000000008,0.7361100000000008,0.7364600000000008
2026-05-14 04:00:00+00:00,0.7364600000000008,0.7373200000000008,0.7364100000000008,0.7369800000000007
2026-05-14 05:00:00+00:00,0.7369800000000007,0.7376100000000008,0.7365800000000008,0.7369000000000008
2026-05-14 06:00:00+00:00,0.7369000000000008,0.7377700000000008,0.7368900000000008,0.7374300000000008
2026-05-14 07:00:00+00:00,0.7374300000000008,0.7374900000000008,0.7354000000000008,0.7355400000000007
2026-05-14 08:00:00+00:00,0.7355400000000007,0.7367300000000008,0.7354800000000008,0.7365800000000008
2026-05-14 09:00:00+00:00,0.7365800000000008,0.7367300000000008,0.7355500000000008,0.7359400000000008
2026-05-14 10:00:00+00:00,0.7359400000000008,0.7363200000000008,0.7351800000000008,0.7356100000000008
2026-05-14 11:00:00+00:00,0.7356100000000008,0.7358300000000008,0.7351700000000008,0.7352500000000007
2026-05-14 12:00:00+00:00,0.7352500000000007,0.7356600000000008,0.7347900000000008,0.7348100000000007
2026-05-14 13:00:00+00:00,0.7348100000000007,0.7349700000000008,0.7333000000000007,0.7333900000000008
2026-05-14 14:00:00+00:00,0.7333900000000008,0.7345100000000008,0.7332800000000008,0.7341400000000008
2026-05-14 15:00:00+00:00,0.7341400000000008,0.7341500000000007,0.7335400000000007,0.7337400000000008
2026-05-14 16:00:00+00:00,0.7337400000000008,0.7337900000000008,0.7329200000000008,0.7334500000000008
2026-05-14 17:00:00+00:00,0.7334500000000008,0.7340200000000008,0.7333900000000008,0.7336700000000008
2026-05-14 18:00:00+00:00,0.7336700000000008,0.7338700000000008,0.7331900000000008,0.7338000000000008
2026-05-14 19:00:00+00:00,0.7338000000000008,0.7339300000000007,0.7330900000000008,0.7333300000000008
2026-05-14 20:00:00+00:00,0.7333300000000008,0.7334600000000008,0.7331800000000008,0.7333500000000008
2026-05-14 21:00:00+00:00,0.7333500000000008,0.7334400000000008,0.7331000000000008,0.7333800000000007
2026-05-14 22:00:00+00:00,0.7333800000000007,0.7336300000000008,0.7333100000000007,0.7335700000000007
2026-05-14 23:00:00+00:00,0.7335700000000007,0.7335900000000007,0.7326600000000008,0.7327300000000008
2026-05-15 00:00:00+00:00,0.7327300000000008,0.7331800000000007,0.7314500000000007,0.7319300000000007
2026-05-15 01:00:00+00:00,0.7319300000000007,0.7320800000000007,0.7300600000000007,0.7301000000000007
2026-05-15 02:00:00+00:00,0.7301000000000007,0.7313300000000007,0.7298400000000007,0.7306300000000008
2026-05-15 03:00:00+00:00,0.7306300000000008,0.7309100000000007,0.7302800000000007,0.7306900000000007
2026-05-15 04:00:00+00:00,0.7306900000000007,0.7307200000000007,0.7294600000000008,0.7294800000000007
2026-05-15 05:00:00+00:00,0.7294800000000007,0.7295000000000007,0.7269300000000007,0.7272000000000007
2026-05-15 06:00:00+00:00,0.7272000000000007,0.7282600000000007,0.7270600000000007,0.7273600000000008
2026-05-15 07:00:00+00:00,0.7273600000000008,0.7290100000000007,0.7270800000000007,0.7280500000000008
2026-05-15 08:00:00+00:00,0.7280500000000008,0.7282000000000007,0.7268200000000007,0.7270400000000007
2026-05-15 09:00:00+00:00,0.7270400000000007,0.7270600000000007,0.7253200000000007,0.7260900000000008
2026-05-15 10:00:00+00:00,0.7260900000000008,0.7293500000000007,0.7260300000000007,0.7286000000000007
2026-05-15 11:00:00+00:00,0.7286000000000007,0.7287200000000007,0.7263900000000008,0.7265600000000008
2026-05-15 12:00:00+00:00,0.7265600000000008,0.7268100000000007,0.7256900000000007,0.7266600000000007
2026-05-15 13:00:00+00:00,0.7266600000000007,0.7271200000000008,0.7256900000000007,0.7260700000000008
2026-05-15 14:00:00+00:00,0.7260700000000008,0.7279800000000007,0.7258200000000007,0.7267700000000007
2026-05-15 15:00:00+00:00,0.7267700000000007,0.7270300000000007,0.7259600000000007,0.7263800000000007
2026-05-15 16:00:00+00:00,0.7263800000000007,0.7272500000000007,0.7261700000000008,0.7270000000000008
2026-05-15 17:00:00+00:00,0.7270000000000008,0.7276800000000008,0.7268700000000007,0.7272000000000007
2026-05-15 18:00:00+00:00,0.7272000000000007,0.7273200000000007,0.7261300000000007,0.7266600000000007
2026-05-15 19:00:00+00:00,0.7266600000000007,0.7267000000000008,0.7261400000000008,0.7263100000000008
2026-05-15 20:00:00+00:00,0.7263100000000008,0.7263200000000007,0.7255500000000007,0.7258200000000007
2026-05-17 21:00:00+00:00,0.7258200000000007,0.727730000000001,0.7258200000000007,0.727170000000001
2026-05-17 22:00:00+00:00,0.727170000000001,0.727870000000001,0.727100000000001,0.7274800000000009
2026-05-17 23:00:00+00:00,0.7274800000000009,0.727630000000001,0.725270000000001,0.725470000000001
2026-05-18 00:00:00+00:00,0.725470000000001,0.725710000000001,0.724360000000001,0.724950000000001
2026-05-18 01:00:00+00:00,0.724950000000001,0.725690000000001,0.7245000000000009,0.7253300000000009
2026-05-18 02:00:00+00:00,0.7253300000000009,0.725710000000001,0.7247400000000009,0.724980000000001
2026-05-18 03:00:00+00:00,0.724980000000001,0.725980000000001,0.724930000000001,0.725920000000001
2026-05-18 04:00:00+00:00,0.725920000000001,0.7262800000000009,0.7255500000000009,0.725640000000001
2026-05-18 05:00:00+00:00,0.725640000000001,0.7260400000000009,0.725150000000001,0.7256700000000009
2026-05-18 06:00:00+00:00,0.7256700000000009,0.727390000000001,0.7255700000000009,0.727370000000001
2026-05-18 07:00:00+00:00,0.727370000000001,0.728290000000001,0.726830000000001,0.727680000000001
2026-05-18 08:00:00+00:00,0.727680000000001,0.728970000000001,0.7272800000000009,0.7283300000000009
2026-05-18 09:00:00+00:00,0.7283300000000009,0.728630000000001,0.727970000000001,0.728070000000001
2026-05-18 10:00:00+00:00,0.728070000000001,0.728170000000001,0.727300000000001,0.727370000000001
2026-05-18 11:00:00+00:00,0.727370000000001,0.7293100000000009,0.727100000000001,0.728510000000001
2026-05-18 12:00:00+00:00,0.728510000000001,0.730930000000001,0.728360000000001,0.7303300000000009
2026-05-18 13:00:00+00:00,0.7303300000000009,0.730590000000001,0.7291600000000009,0.7298200000000009
2026-05-18 14:00:00+00:00,0.7298200000000009,0.729880000000001,0.728150000000001,0.7283800000000009
2026-05-18 15:00:00+00:00,0.7283800000000009,0.728610000000001,0.7273500000000009,0.728370000000001
2026-05-18 16:00:00+00:00,0.728370000000001,0.729100000000001,0.727860000000001,0.728690000000001
2026-05-18 17:00:00+00:00,0.728690000000001,0.729050000000001,0.7284300000000009,0.7287900000000009
2026-05-18 18:00:00+00:00,0.7287900000000009,0.728830000000001,0.727340000000001,0.727390000000001
2026-05-18 19:00:00+00:00,0.727390000000001,0.729980000000001,0.727270000000001,0.729300000000001
2026-05-18 20:00:00+00:00,0.729300000000001,0.729680000000001,0.7291600000000009,0.7292800000000009
2026-05-18 21:00:00+00:00,0.7292800000000009,0.7295600000000011,0.7287000000000011,0.7294300000000011
2026-05-18 22:00:00+00:00,0.7294300000000011,0.7299500000000011,0.7294300000000011,0.7299000000000011
2026-05-18 23:00:00+00:00,0.7299000000000011,0.7303000000000011,0.7296500000000011,0.7296600000000011
2026-05-19 00:00:00+00:00,0.7296600000000011,0.7299000000000011,0.7276700000000011,0.727740000000001
2026-05-19 01:00:00+00:00,0.727740000000001,0.7279100000000011,0.726570000000001,0.7271700000000011
2026-05-19 02:00:00+00:00,0.7271700000000011,0.727180000000001,0.7262600000000011,0.7268000000000011
2026-05-19 03:00:00+00:00,0.7268000000000011,0.727130000000001,0.7262700000000011,0.7263400000000011
2026-05-19 04:00:00+00:00,0.7263400000000011,0.7264900000000011,0.725380000000001,0.725560000000001
2026-05-19 05:00:00+00:00,0.725560000000001,0.7260500000000011,0.7251000000000011,0.7258600000000011
2026-05-19 06:00:00+00:00,0.7258600000000011,0.726280000000001,0.725570000000001,0.726040000000001
2026-05-19 07:00:00+00:00,0.726040000000001,0.726280000000001,0.725140000000001,0.725160000000001
2026-05-19 08:00:00+00:00,0.725160000000001,0.725240000000001,0.7240800000000011,0.724350000000001
2026-05-19 09:00:00+00:00,0.724350000000001,0.7243700000000011,0.7234800000000011,0.7241400000000011
2026-05-19 10:00:00+00:00,0.7241400000000011,0.7247800000000011,0.7234700000000011,0.7242700000000011
2026-05-19 11:00:00+00:00,0.7242700000000011,0.724770000000001,0.724060000000001,0.7243200000000011
2026-05-19 12:00:00+00:00,0.7243200000000011,0.7249300000000011,0.724020000000001,0.724070000000001
2026-05-19 13:00:00+00:00,0.724070000000001,0.724140000000001,0.722670000000001,0.723550000000001
2026-05-19 14:00:00+00:00,0.723550000000001,0.7238300000000011,0.720570000000001,0.7211000000000011
2026-05-19 15:00:00+00:00,0.7211000000000011,0.722750000000001,0.720840000000001,0.722600000000001
2026-05-19 16:00:00+00:00,0.722600000000001,0.723900000000001,0.722180000000001,0.723730000000001
2026-05-19 17:00:00+00:00,0.723730000000001,0.7242500000000011,0.723680000000001,0.7238800000000011
2026-05-19 18:00:00+00:00,0.7238800000000011,0.724120000000001,0.7232000000000011,0.7232700000000011
2026-05-19 19:00:00+00:00,0.7232700000000011,0.723730000000001,0.7231500000000011,0.723510000000001
2026-05-19 20:00:00+00:00,0.723510000000001,0.7235400000000011,0.723170000000001,0.723290000000001
2026-05-19 21:00:00+00:00,0.723290000000001,0.7234700000000011,0.722990000000001,0.723350000000001
2026-05-19 22:00:00+00:00,0.723350000000001,0.7234700000000011,0.7231500000000011,0.723340000000001
2026-05-19 23:00:00+00:00,0.723340000000001,0.723900000000001,0.723020000000001,0.723020000000001
2026-05-20 00:00:00+00:00,0.723020000000001,0.723080000000001,0.721840000000001,0.721870000000001
2026-05-20 01:00:00+00:00,0.721870000000001,0.7228800000000011,0.7213200000000011,0.722770000000001
2026-05-20 02:00:00+00:00,0.722770000000001,0.7233200000000011,0.721820000000001,0.7222000000000011
2026-05-20 03:00:00+00:00,0.7222000000000011,0.723230000000001,0.722000000000001,0.7229300000000011
2026-05-20 04:00:00+00:00,0.7229300000000011,0.723580000000001,0.7224200000000011,0.722600000000001
2026-05-20 05:00:00+00:00,0.722600000000001,0.723210000000001,0.722360000000001,0.722840000000001
2026-05-20 06:00:00+00:00,0.722840000000001,0.723870000000001,0.7226400000000011,0.723120000000001
2026-05-20 07:00:00+00:00,0.723120000000001,0.723960000000001,0.7229300000000011,0.723340000000001
2026-05-20 08:00:00+00:00,0.723340000000001,0.7242500000000011,0.723100000000001,0.723790000000001
2026-05-20 09:00:00+00:00,0.723790000000001,0.724180000000001,0.723500000000001,0.723870000000001
2026-05-20 10:00:00+00:00,0.723870000000001,0.725240000000001,0.723830000000001,0.725120000000001
2026-05-20 11:00:00+00:00,0.725120000000001,0.726110000000001,0.724830000000001,0.725390000000001
2026-05-20 12:00:00+00:00,0.725390000000001,0.725890000000001,0.724920000000001,0.725060000000001
2026-05-20 13:00:00+00:00,0.725060000000001,0.725550000000001,0.724490000000001,0.724750000000001
2026-05-20 14:00:00+00:00,0.724750000000001,0.728180000000001,0.724120000000001,0.727950000000001
2026-05-20 15:00:00+00:00,0.727950000000001,0.730060000000001,0.727280000000001,0.727700000000001
2026-05-20 16:00:00+00:00,0.727700000000001,0.7287600000000011,0.727520000000001,0.728070000000001
2026-05-20 17:00:00+00:00,0.728070000000001,0.7284200000000011,0.727770000000001,0.7278100000000011
2026-05-20 18:00:00+00:00,0.7278100000000011,0.728820000000001,0.727520000000001,0.728400000000001
2026-05-20 19:00:00+00:00,0.728400000000001,0.728850000000001,0.7283000000000011,0.7285200000000011
2026-05-20 20:00:00+00:00,0.7285200000000011,0.7285200000000011,0.727730000000001,0.727730000000001
2026-05-20 21:00:00+00:00,0.727730000000001,0.728130000000001,0.727130000000001,0.727970000000001
2026-05-20 22:00:00+00:00,0.727970000000001,0.728090000000001,0.7276100000000011,0.727850000000001
2026-05-20 23:00:00+00:00,0.727850000000001,0.727920000000001,0.727530000000001,0.727570000000001
2026-05-21 00:00:00+00:00,0.727570000000001,0.727680000000001,0.727070000000001,0.7274400000000011
2026-05-21 01:00:00+00:00,0.7274400000000011,0.728330000000001,0.723730000000001,0.724580000000001
2026-05-21 02:00:00+00:00,0.724580000000001,0.725090000000001,0.722620000000001,0.723380000000001
2026-05-21 03:00:00+00:00,0.723380000000001,0.724620000000001,0.723350000000001,0.724530000000001
2026-05-21 04:00:00+00:00,0.724530000000001,0.725650000000001,0.724480000000001,0.725360000000001
2026-05-21 05:00:00+00:00,0.725360000000001,0.7255600000000011,0.724210000000001,0.725090000000001
2026-05-21 06:00:00+00:00,0.725090000000001,0.7254400000000011,0.7234900000000011,0.723970000000001
2026-05-21 07:00:00+00:00,0.723970000000001,0.724820000000001,0.723450000000001,0.724480000000001
2026-05-21 08:00:00+00:00,0.724480000000001,0.7266100000000011,0.724230000000001,0.7258300000000011
2026-05-21 09:00:00+00:00,0.7258300000000011,0.726870000000001,0.725720000000001,0.7262200000000011
2026-05-21 10:00:00+00:00,0.7262200000000011,0.726570000000001,0.724380000000001,0.7251000000000011
2026-05-21 11:00:00+00:00,0.7251000000000011,0.726430000000001,0.725020000000001,0.7252000000000011
2026-05-21 12:00:00+00:00,0.7252000000000011,0.725970000000001,0.7248800000000011,0.7251700000000011
2026-05-21 13:00:00+00:00,0.7251700000000011,0.7260800000000011,0.724240000000001,0.725720000000001
2026-05-21 14:00:00+00:00,0.725720000000001,0.7264200000000011,0.724850000000001,0.726240000000001
2026-05-21 15:00:00+00:00,0.726240000000001,0.7263000000000011,0.7249300000000011,0.725910000000001
2026-05-21 16:00:00+00:00,0.725910000000001,0.726560000000001,0.725900000000001,0.7263200000000011
2026-05-21 17:00:00+00:00,0.7263200000000011,0.729500000000001,0.726140000000001,0.7289300000000011
2026-05-21 18:00:00+00:00,0.7289300000000011,0.7293200000000011,0.726970000000001,0.727380000000001
2026-05-21 19:00:00+00:00,0.727380000000001,0.728450000000001,0.7272000000000011,0.7280800000000011
2026-05-21 20:00:00+00:00,0.7280800000000011,0.7282000000000011,0.7274900000000011,0.727580000000001
2026-05-21 21:00:00+00:00,0.727580000000001,0.727580000000001,0.7267500000000011,0.7270600000000011
2026-05-21 22:00:00+00:00,0.7270600000000011,0.7276700000000011,0.7270600000000011,0.7275100000000012
2026-05-21 23:00:00+00:00,0.7275100000000012,0.7275900000000012,0.7270000000000012,0.7271800000000012
2026-05-22 00:00:00+00:00,0.7271800000000012,0.7272000000000012,0.7264300000000011,0.7265100000000012
2026-05-22 01:00:00+00:00,0.7265100000000012,0.7268100000000012,0.7259600000000012,0.7260900000000011
2026-05-22 02:00:00+00:00,0.7260900000000011,0.7267500000000012,0.7260700000000012,0.7263600000000012
2026-05-22 03:00:00+00:00,0.7263600000000012,0.7264500000000012,0.7258400000000012,0.7263700000000012
2026-05-22 04:00:00+00:00,0.7263700000000012,0.7266100000000012,0.7262200000000012,0.7264500000000012
2026-05-22 05:00:00+00:00,0.7264500000000012,0.7270200000000012,0.7260500000000012,0.7261700000000012
2026-05-22 06:00:00+00:00,0.7261700000000012,0.7264600000000012,0.7255700000000012,0.7259900000000011
2026-05-22 07:00:00+00:00,0.7259900000000011,0.7260000000000012,0.7251100000000011,0.7258200000000011
2026-05-22 08:00:00+00:00,0.7258200000000011,0.7268200000000011,0.7254100000000012,0.7257400000000012
2026-05-22 09:00:00+00:00,0.7257400000000012,0.7257800000000012,0.7248500000000012,0.7253100000000012
2026-05-22 10:00:00+00:00,0.7253100000000012,0.7256300000000012,0.7246600000000012,0.7249000000000012
2026-05-22 11:00:00+00:00,0.7249000000000012,0.7249900000000011,0.7243700000000012,0.7245600000000012
2026-05-22 12:00:00+00:00,0.7245600000000012,0.7257700000000011,0.7243600000000012,0.7255700000000012
2026-05-22 13:00:00+00:00,0.7255700000000012,0.7266700000000011,0.7247000000000012,0.7253300000000011
2026-05-22 14:00:00+00:00,0.7253300000000011,0.7253300000000011,0.7240300000000012,0.7250900000000011
2026-05-22 15:00:00+00:00,0.7250900000000011,0.7257500000000012,0.7248800000000012,0.7254800000000011
2026-05-22 16:00:00+00:00,0.7254800000000011,0.7260700000000012,0.7252600000000011,0.7259300000000012
2026-05-22 17:00:00+00:00,0.7259300000000012,0.7266400000000012,0.7257200000000011,0.7261700000000012
2026-05-22 18:00:00+00:00,0.7261700000000012,0.7264700000000012,0.7258300000000012,0.7262100000000011
2026-05-22 19:00:00+00:00,0.7262100000000011,0.7262800000000011,0.7255000000000011,0.7255900000000012
2026-05-22 20:00:00+00:00,0.7255900000000012,0.7256400000000012,0.7248200000000011,0.7249000000000012
2026-05-24 21:00:00+00:00,0.7249000000000012,0.7249500000000012,0.7242700000000012,0.7247300000000013
2026-05-24 22:00:00+00:00,0.7247300000000013,0.7254100000000013,0.7246800000000013,0.7251200000000013
2026-05-24 23:00:00+00:00,0.7251200000000013,0.7255100000000013,0.7249700000000013,0.7250400000000014
2026-05-25 00:00:00+00:00,0.7250400000000014,0.7258600000000013,0.7247300000000013,0.7252000000000013
2026-05-25 01:00:00+00:00,0.7252000000000013,0.7266200000000014,0.7251600000000014,0.7259300000000013
2026-05-25 02:00:00+00:00,0.7259300000000013,0.7264900000000013,0.7256400000000013,0.7257600000000013
2026-05-25 03:00:00+00:00,0.7257600000000013,0.7259700000000013,0.7253500000000014,0.7254500000000014
2026-05-25 04:00:00+00:00,0.7254500000000014,0.7264200000000013,0.7254000000000014,0.7262500000000013
2026-05-25 05:00:00+00:00,0.7262500000000013,0.7265000000000014,0.7257500000000013,0.7258500000000013
2026-05-25 06:00:00+00:00,0.7258500000000013,0.7261500000000013,0.7257400000000014,0.7259300000000013
2026-05-25 07:00:00+00:00,0.7259300000000013,0.7259700000000013,0.7245400000000013,0.7253900000000013
2026-05-25 08:00:00+00:00,0.7253900000000013,0.7260800000000014,0.7251400000000013,0.7260100000000014
2026-05-25 09:00:00+00:00,0.7260100000000014,0.7263100000000013,0.7259000000000013,0.7260200000000013
2026-05-25 10:00:00+00:00,0.7260200000000013,0.7262900000000013,0.7258900000000014,0.7259700000000013
2026-05-25 11:00:00+00:00,0.7259700000000013,0.7268500000000013,0.7257500000000013,0.7263000000000014
2026-05-25 12:00:00+00:00,0.7263000000000014,0.7267800000000013,0.7261400000000013,0.7263000000000014
2026-05-25 13:00:00+00:00,0.7263000000000014,0.7266100000000013,0.7260400000000014,0.7262100000000014
2026-05-25 14:00:00+00:00,0.7262100000000014,0.7272200000000013,0.7262100000000014,0.7271600000000014
2026-05-25 15:00:00+00:00,0.7271600000000014,0.7275400000000013,0.7265800000000013,0.7266300000000013
2026-05-25 16:00:00+00:00,0.7266300000000013,0.7267300000000013,0.7263600000000013,0.7266800000000013
2026-05-25 17:00:00+00:00,0.7266800000000013,0.7270100000000014,0.7266200000000014,0.7268800000000013
2026-05-25 18:00:00+00:00,0.7268800000000013,0.7269200000000013,0.7267300000000013,0.7268400000000014
2026-05-25 19:00:00+00:00,0.7268400000000014,0.7269700000000013,0.7268100000000013,0.7269000000000013
2026-05-25 20:00:00+00:00,0.7269000000000013,0.7270000000000013,0.7265700000000013,0.7265700000000013
2026-05-25 21:00:00+00:00,0.7265700000000013,0.7267600000000014,0.7260700000000013,0.7264500000000014
2026-05-25 22:00:00+00:00,0.7264500000000014,0.7269200000000015,0.7264500000000014,0.7268300000000014
2026-05-25 23:00:00+00:00,0.7268300000000014,0.7270300000000015,0.7262200000000014,0.7262600000000015
2026-05-26 00:00:00+00:00,0.7262600000000015,0.7265400000000014,0.7258500000000014,0.7264900000000014
2026-05-26 01:00:00+00:00,0.7264900000000014,0.7265800000000014,0.7256000000000015,0.7259700000000014
2026-05-26 02:00:00+00:00,0.7259700000000014,0.7261600000000015,0.7256700000000015,0.7260300000000015
2026-05-26 03:00:00+00:00,0.7260300000000015,0.7267100000000014,0.7260100000000015,0.7265500000000015
2026-05-26 04:00:00+00:00,0.7265500000000015,0.7266200000000015,0.7255300000000015,0.7255400000000014
2026-05-26 05:00:00+00:00,0.7255400000000014,0.7256200000000015,0.7251100000000015,0.7254100000000014
2026-05-26 06:00:00+00:00,0.7254100000000014,0.7263500000000015,0.7253100000000015,0.7259800000000014
2026-05-26 07:00:00+00:00,0.7259800000000014,0.7260200000000014,0.7249800000000014,0.7258200000000015
2026-05-26 08:00:00+00:00,0.7258200000000015,0.7261800000000015,0.7254500000000015,0.7258300000000014
2026-05-26 09:00:00+00:00,0.7258300000000014,0.7259800000000014,0.7253500000000015,0.7258500000000014
2026-05-26 10:00:00+00:00,0.7258500000000014,0.7262600000000015,0.7254600000000014,0.7260100000000015
2026-05-26 11:00:00+00:00,0.7260100000000015,0.7263400000000014,0.7255700000000015,0.7258800000000014
2026-05-26 12:00:00+00:00,0.7258800000000014,0.7263400000000014,0.7256300000000014,0.7262600000000015
2026-05-26 13:00:00+00:00,0.7262600000000015,0.7270900000000015,0.7257200000000015,0.7263000000000015
2026-05-26 14:00:00+00:00,0.7263000000000015,0.7268400000000015,0.7259700000000014,0.7262400000000014
2026-05-26 15:00:00+00:00,0.7262400000000014,0.7262600000000015,0.7252700000000014,0.7255100000000014
2026-05-26 16:00:00+00:00,0.7255100000000014,0.7261300000000015,0.7254700000000015,0.7257300000000014
2026-05-26 17:00:00+00:00,0.7257300000000014,0.7259300000000014,0.7255600000000014,0.7256800000000014
2026-05-26 18:00:00+00:00,0.7256800000000014,0.7263400000000014,0.7256100000000014,0.7262600000000015
2026-05-26 19:00:00+00:00,0.7262600000000015,0.7264700000000015,0.7260700000000014,0.7263300000000015
2026-05-26 20:00:00+00:00,0.7263300000000015,0.7264400000000014,0.7260500000000014,0.7260800000000015
2026-05-26 21:00:00+00:00,0.7260800000000015,0.7263000000000015,0.7257900000000015,0.7260500000000014
2026-05-26 22:00:00+00:00,0.7260500000000014,0.7263400000000014,0.7260500000000014,0.7261800000000015
2026-05-26 23:00:00+00:00,0.7261800000000015,0.7268900000000015,0.7261800000000015,0.7265300000000015
2026-05-27 00:00:00+00:00,0.7265300000000015,0.7274200000000015,0.7263100000000015,0.7270100000000015
2026-05-27 01:00:00+00:00,0.7270100000000015,0.7273100000000015,0.7247000000000015,0.7251200000000014
2026-05-27 02:00:00+00:00,0.7251200000000014,0.7260000000000014,0.7249600000000015,0.7256400000000015
2026-05-27 03:00:00+00:00,0.7256400000000015,0.7261900000000014,0.7251700000000014,0.7254200000000015
2026-05-27 04:00:00+00:00,0.7254200000000015,0.7258400000000015,0.7252000000000015,0.7255500000000015
2026-05-27 05:00:00+00:00,0.7255500000000015,0.7257200000000015,0.7249200000000015,0.7249400000000015
2026-05-27 06:00:00+00:00,0.7249400000000015,0.7250700000000014,0.7240500000000014,0.7240800000000015
2026-05-27 07:00:00+00:00,0.7240800000000015,0.7244700000000015,0.7232100000000015,0.7232900000000014
2026-05-27 08:00:00+00:00,0.7232900000000014,0.7236800000000014,0.7230200000000014,0.7236100000000014
2026-05-27 09:00:00+00:00,0.7236100000000014,0.7240600000000015,0.7234200000000015,0.7236800000000014
2026-05-27 10:00:00+00:00,0.7236800000000014,0.7239300000000014,0.7226600000000014,0.7228500000000014
2026-05-27 11:00:00+00:00,0.7228500000000014,0.7230900000000015,0.7223200000000014,0.7227000000000015
2026-05-27 12:00:00+00:00,0.7227000000000015,0.7244000000000015,0.7218300000000014,0.7228400000000015
2026-05-27 13:00:00+00:00,0.7228400000000015,0.7233500000000015,0.7225100000000014,0.7232200000000014
2026-05-27 14:00:00+00:00,0.7232200000000014,0.7236800000000014,0.7219100000000015,0.7221700000000014
2026-05-27 15:00:00+00:00,0.7221700000000014,0.7234000000000015,0.7220500000000014,0.7230100000000015
2026-05-27 16:00:00+00:00,0.7230100000000015,0.7235400000000014,0.7226000000000015,0.7233600000000014
2026-05-27 17:00:00+00:00,0.7233600000000014,0.7234100000000014,0.7226500000000015,0.7230000000000014
2026-05-27 18:00:00+00:00,0.7230000000000014,0.7234300000000015,0.7227700000000015,0.7233600000000014
2026-05-27 19:00:00+00:00,0.7233600000000014,0.7236800000000014,0.7232700000000014,0.7236300000000014
2026-05-27 20:00:00+00:00,0.7236300000000014,0.7237400000000015,0.7235000000000015,0.7235600000000014
2026-05-27 21:00:00+00:00,0.7235600000000014,0.7236300000000017,0.7226300000000017,0.7233500000000017
2026-05-27 22:00:00+00:00,0.7233500000000017,0.7238500000000017,0.7233500000000017,0.7237200000000017
2026-05-27 23:00:00+00:00,0.7237200000000017,0.7239700000000017,0.7227900000000017,0.7228200000000017
2026-05-28 00:00:00+00:00,0.7228200000000017,0.7231200000000018,0.7223600000000017,0.7227000000000017
2026-05-28 01:00:00+00:00,0.7227000000000017,0.7228600000000017,0.7213300000000017,0.7214700000000017
2026-05-28 02:00:00+00:00,0.7214700000000017,0.7221200000000018,0.7213600000000017,0.7219900000000017
2026-05-28 03:00:00+00:00,0.7219900000000017,0.7223400000000018,0.7194700000000017,0.7197200000000017
2026-05-28 04:00:00+00:00,0.7197200000000017,0.7200500000000017,0.7193100000000017,0.7199700000000017
2026-05-28 05:00:00+00:00,0.7199700000000017,0.7216000000000017,0.7197100000000017,0.7211900000000017
2026-05-28 06:00:00+00:00,0.7211900000000017,0.7221600000000017,0.7211200000000018,0.7215800000000017
2026-05-28 07:00:00+00:00,0.7215800000000017,0.7222600000000017,0.7213200000000017,0.7217400000000017
2026-05-28 08:00:00+00:00,0.7217400000000017,0.7219400000000017,0.7209300000000017,0.7212900000000018
2026-05-28 09:00:00+00:00,0.7212900000000018,0.7219900000000017,0.7212200000000017,0.7215700000000017
2026-05-28 10:00:00+00:00,0.7215700000000017,0.7218800000000017,0.7203700000000017,0.7207500000000017
2026-05-28 11:00:00+00:00,0.7207500000000017,0.7214500000000017,0.7207200000000017,0.7213400000000018
2026-05-28 12:00:00+00:00,0.7213400000000018,0.7228500000000017,0.7212900000000018,0.7227300000000018
2026-05-28 13:00:00+00:00,0.7227300000000018,0.7231800000000017,0.7220800000000017,0.7222800000000017
2026-05-28 14:00:00+00:00,0.7222800000000017,0.7251200000000018,0.7220600000000017,0.7243800000000017
2026-05-28 15:00:00+00:00,0.7243800000000017,0.7257300000000018,0.7243800000000017,0.7253300000000017
2026-05-28 16:00:00+00:00,0.7253300000000017,0.7265200000000017,0.7251800000000017,0.7263500000000017
2026-05-28 17:00:00+00:00,0.7263500000000017,0.7264200000000017,0.7259400000000017,0.7260700000000017
2026-05-28 18:00:00+00:00,0.7260700000000017,0.7263100000000017,0.7255900000000017,0.7258300000000018
2026-05-28 19:00:00+00:00,0.7258300000000018,0.7261900000000017,0.7256900000000017,0.7257200000000017
2026-05-28 20:00:00+00:00,0.7257200000000017,0.7258900000000017,0.7256400000000017,0.7257800000000018
2026-05-28 21:00:00+00:00,0.7257800000000018,0.7260000000000019,0.7253800000000019,0.7260000000000019
2026-05-28 22:00:00+00:00,0.7260000000000019,0.7261100000000019,0.7257900000000019,0.7259000000000019
2026-05-28 23:00:00+00:00,0.7259000000000019,0.7261500000000018,0.725760000000002,0.7259400000000019
2026-05-29 00:00:00+00:00,0.7259400000000019,0.7263500000000019,0.7254600000000019,0.725640000000002
2026-05-29 01:00:00+00:00,0.725640000000002,0.7261800000000019,0.7252700000000019,0.725690000000002
2026-05-29 02:00:00+00:00,0.725690000000002,0.7259600000000019,0.725250000000002,0.7253600000000019
2026-05-29 03:00:00+00:00,0.7253600000000019,0.7254000000000019,0.7249500000000019,0.7250500000000019
2026-05-29 04:00:00+00:00,0.7250500000000019,0.7259900000000019,0.7250400000000019,0.7259500000000019
2026-05-29 05:00:00+00:00,0.7259500000000019,0.726370000000002,0.7258500000000019,0.7259700000000019
2026-05-29 06:00:00+00:00,0.7259700000000019,0.7263400000000019,0.7253200000000019,0.7257100000000019
2026-05-29 07:00:00+00:00,0.7257100000000019,0.726080000000002,0.7248400000000019,0.7257000000000019
2026-05-29 08:00:00+00:00,0.7257000000000019,0.7257000000000019,0.7245400000000018,0.7249000000000019
2026-05-29 09:00:00+00:00,0.7249000000000019,0.7253600000000019,0.7247100000000019,0.7251700000000019
2026-05-29 10:00:00+00:00,0.7251700000000019,0.7254600000000019,0.724860000000002,0.7254000000000019
2026-05-29 11:00:00+00:00,0.7254000000000019,0.7266200000000019,0.7253600000000019,0.7266100000000019
2026-05-29 12:00:00+00:00,0.7266100000000019,0.7275400000000019,0.726370000000002,0.7275300000000019
2026-05-29 13:00:00+00:00,0.7275300000000019,0.7286600000000019,0.727420000000002,0.7284000000000019
2026-05-29 14:00:00+00:00,0.7284000000000019,0.729420000000002,0.727200000000002,0.7290100000000019
2026-05-29 15:00:00+00:00,0.7290100000000019,0.7296800000000019,0.7285000000000019,0.7286100000000019
2026-05-29 16:00:00+00:00,0.7286100000000019,0.7288300000000019,0.728200000000002,0.7285000000000019
2026-05-29 17:00:00+00:00,0.7285000000000019,0.7285800000000019,0.7278200000000019,0.7278200000000019
2026-05-29 18:00:00+00:00,0.7278200000000019,0.7283400000000019,0.7277400000000019,0.7278700000000019
2026-05-29 19:00:00+00:00,0.7278700000000019,0.7285300000000019,0.7278200000000019,0.7283200000000019
2026-05-29 20:00:00+00:00,0.7283200000000019,0.7283400000000019,0.7275400000000019,0.7276500000000018
2026-05-31 21:00:00+00:00,0.7276500000000018,0.7289900000000018,0.7276500000000018,0.7285300000000018
2026-05-31 22:00:00+00:00,0.7285300000000018,0.7290700000000018,0.7281600000000018,0.7288600000000017
2026-05-31 23:00:00+00:00,0.7288600000000017,0.7293700000000019,0.7288200000000018,0.7289900000000018
2026-06-01 00:00:00+00:00,0.7289900000000018,0.7295100000000018,0.7287800000000019,0.7293500000000018
2026-06-01 01:00:00+00:00,0.7293500000000018,0.7296400000000018,0.7292200000000019,0.7295200000000018
2026-06-01 02:00:00+00:00,0.7295200000000018,0.7297300000000018,0.7292500000000018,0.7294400000000019
2026-06-01 03:00:00+00:00,0.7294400000000019,0.7296000000000018,0.7285400000000019,0.7289900000000018
2026-06-01 04:00:00+00:00,0.7289900000000018,0.7295700000000018,0.7289900000000018,0.7295100000000018
2026-06-01 05:00:00+00:00,0.7295100000000018,0.7299200000000018,0.7294000000000018,0.7296500000000018
2026-06-01 06:00:00+00:00,0.7296500000000018,0.7300000000000019,0.7287300000000018,0.7291700000000019
2026-06-01 07:00:00+00:00,0.7291700000000019,0.7294600000000018,0.7286600000000019,0.7289500000000019
2026-06-01 08:00:00+00:00,0.7289500000000019,0.7294000000000018,0.7288700000000018,0.7293900000000019
2026-06-01 09:00:00+00:00,0.7293900000000019,0.7295600000000019,0.7286500000000018,0.7288700000000018
2026-06-01 10:00:00+00:00,0.7288700000000018,0.7289200000000018,0.7284000000000018,0.7285900000000018
2026-06-01 11:00:00+00:00,0.7285900000000018,0.7286900000000018,0.7281600000000018,0.7282700000000019
2026-06-01 12:00:00+00:00,0.7282700000000019,0.7284200000000018,0.7277500000000018,0.7279400000000018
2026-06-01 13:00:00+00:00,0.7279400000000018,0.7280100000000018,0.7246300000000018,0.7247000000000018
2026-06-01 14:00:00+00:00,0.7247000000000018,0.7254500000000018,0.7244400000000019,0.7251100000000018
2026-06-01 15:00:00+00:00,0.7251100000000018,0.7270200000000018,0.7251000000000019,0.7262000000000018
2026-06-01 16:00:00+00:00,0.7262000000000018,0.7272200000000019,0.7257200000000018,0.7270100000000018
2026-06-01 17:00:00+00:00,0.7270100000000018,0.7281800000000018,0.7267200000000018,0.7276700000000018
2026-06-01 18:00:00+00:00,0.7276700000000018,0.7277000000000018,0.7271600000000018,0.7271900000000018
2026-06-01 19:00:00+00:00,0.7271900000000018,0.7273700000000018,0.7269500000000019,0.7271500000000019
2026-06-01 20:00:00+00:00,0.7271500000000019,0.7273100000000018,0.7269300000000019,0.7269300000000019
2026-06-01 21:00:00+00:00,0.7269300000000019,0.7274300000000018,0.7267200000000018,0.7273900000000018
2026-06-01 22:00:00+00:00,0.7273900000000018,0.7275200000000018,0.7270700000000018,0.7272100000000018
2026-06-01 23:00:00+00:00,0.7272100000000018,0.7276000000000018,0.7271200000000018,0.7275200000000018
2026-06-02 00:00:00+00:00,0.7275200000000018,0.7276500000000018,0.7268200000000018,0.7270000000000018
2026-06-02 01:00:00+00:00,0.7270000000000018,0.7278500000000018,0.7263600000000018,0.7265300000000018
2026-06-02 02:00:00+00:00,0.7265300000000018,0.7272300000000018,0.7264200000000018,0.7269300000000019
2026-06-02 03:00:00+00:00,0.7269300000000019,0.7270900000000018,0.7265500000000018,0.7270700000000018
2026-06-02 04:00:00+00:00,0.7270700000000018,0.7273500000000018,0.7268900000000018,0.7273000000000018
2026-06-02 05:00:00+00:00,0.7273000000000018,0.7277100000000019,0.7272000000000018,0.7272300000000018
2026-06-02 06:00:00+00:00,0.7272300000000018,0.7289600000000018,0.7272300000000018,0.7288500000000018
2026-06-02 07:00:00+00:00,0.7288500000000018,0.7294300000000018,0.7287400000000018,0.7292300000000018
2026-06-02 08:00:00+00:00,0.7292300000000018,0.7297600000000019,0.7288900000000018,0.7290500000000019
2026-06-02 09:00:00+00:00,0.7290500000000019,0.7293900000000018,0.7286700000000018,0.7293800000000018
2026-06-02 10:00:00+00:00,0.7293800000000018,0.7295800000000018,0.7290000000000018,0.7293800000000018
2026-06-02 11:00:00+00:00,0.7293800000000018,0.7295200000000018,0.7291100000000018,0.7291700000000018
2026-06-02 12:00:00+00:00,0.7291700000000018,0.7293100000000018,0.7286800000000018,0.7288000000000018
2026-06-02 13:00:00+00:00,0.7288000000000018,0.7290500000000019,0.7283500000000018,0.7286200000000018
2026-06-02 14:00:00+00:00,0.7286200000000018,0.7295800000000018,0.7279500000000018,0.7295700000000018
2026-06-02 15:00:00+00:00,0.7295700000000018,0.7298800000000019,0.7291900000000018,0.7295700000000018
2026-06-02 16:00:00+00:00,0.7295700000000018,0.7298000000000018,0.7287200000000018,0.7290000000000018
2026-06-02 17:00:00+00:00,0.7290000000000018,0.7291200000000018,0.7283000000000018,0.7283500000000018
2026-06-02 18:00:00+00:00,0.7283500000000018,0.7290200000000018,0.7281900000000018,0.7289800000000018
2026-06-02 19:00:00+00:00,0.7289800000000018,0.7292900000000018,0.7289600000000018,0.7292700000000019
2026-06-02 20:00:00+00:00,0.7292700000000019,0.7293800000000018,0.7290100000000018,0.7290900000000018
2026-06-02 21:00:00+00:00,0.7290900000000018,0.7291200000000018,0.7285300000000018,0.7289900000000018
2026-06-02 22:00:00+00:00,0.7289900000000018,0.7290900000000018,0.7287200000000018,0.7287600000000017
2026-06-02 23:00:00+00:00,0.7287600000000017,0.7288800000000017,0.7281900000000018,0.7283600000000018
2026-06-03 00:00:00+00:00,0.7283600000000018,0.7292300000000018,0.7282700000000017,0.7291500000000017
2026-06-03 01:00:00+00:00,0.7291500000000017,0.7292100000000018,0.7280600000000018,0.7287500000000018
2026-06-03 02:00:00+00:00,0.7287500000000018,0.7290500000000018,0.7280000000000018,0.7284200000000017
2026-06-03 03:00:00+00:00,0.7284200000000017,0.7286300000000018,0.7279900000000018,0.7282100000000018
2026-06-03 04:00:00+00:00,0.7282100000000018,0.7283800000000018,0.7277700000000018,0.7279500000000018
2026-06-03 05:00:00+00:00,0.7279500000000018,0.7281900000000018,0.7272400000000018,0.7273600000000018
2026-06-03 06:00:00+00:00,0.7273600000000018,0.7276200000000018,0.7262800000000018,0.7270200000000018
2026-06-03 07:00:00+00:00,0.7270200000000018,0.7279200000000018,0.7267200000000018,0.7276000000000018
2026-06-03 08:00:00+00:00,0.7276000000000018,0.7277200000000018,0.7268500000000018,0.7271200000000018
2026-06-03 09:00:00+00:00,0.7271200000000018,0.7278900000000018,0.7271000000000017,0.7274100000000018
2026-06-03 10:00:00+00:00,0.7274100000000018,0.7287400000000017,0.7273000000000017,0.7278600000000017
2026-06-03 11:00:00+00:00,0.7278600000000017,0.7280900000000018,0.7275700000000017,0.7276200000000018
2026-06-03 12:00:00+00:00,0.7276200000000018,0.7276800000000018,0.7260300000000017,0.7263300000000018
2026-06-03 13:00:00+00:00,0.7263300000000018,0.7265300000000018,0.7247400000000017,0.7249900000000018
2026-06-03 14:00:00+00:00,0.7249900000000018,0.7260100000000018,0.7249500000000018,0.7257500000000018
2026-06-03 15:00:00+00:00,0.7257500000000018,0.7257700000000018,0.7246400000000017,0.7248600000000017
2026-06-03 16:00:00+00:00,0.7248600000000017,0.7248800000000017,0.7240600000000018,0.7245700000000018
2026-06-03 17:00:00+00:00,0.7245700000000018,0.7249200000000018,0.7240000000000018,0.7242900000000018
2026-06-03 18:00:00+00:00,0.7242900000000018,0.7244100000000018,0.7239800000000017,0.7241100000000018
2026-06-03 19:00:00+00:00,0.7241100000000018,0.7242700000000017,0.7239600000000018,0.7240400000000018
2026-06-03 20:00:00+00:00,0.7240400000000018,0.7241100000000018,0.7237200000000018,0.7237600000000017
2026-06-03 21:00:00+00:00,0.7237600000000017,0.7240500000000017,0.7234600000000018,0.7239800000000018
2026-06-03 22:00:00+00:00,0.7239800000000018,0.7250300000000018,0.7237200000000018,0.7246600000000017
2026-06-03 23:00:00+00:00,0.7246600000000017,0.7247800000000018,0.7238300000000019,0.7244700000000018
2026-06-04 00:00:00+00:00,0.7244700000000018,0.7248100000000018,0.7240300000000018,0.7241600000000018
2026-06-04 01:00:00+00:00,0.7241600000000018,0.7247300000000018,0.7236200000000018,0.7242000000000018
2026-06-04 02:00:00+00:00,0.7242000000000018,0.7242400000000018,0.7233600000000018,0.7238400000000018
2026-06-04 03:00:00+00:00,0.7238400000000018,0.7239000000000018,0.7233200000000019,0.7238700000000018
2026-06-04 04:00:00+00:00,0.7238700000000018,0.7244200000000018,0.7237100000000019,0.7240200000000018
2026-06-04 05:00:00+00:00,0.7240200000000018,0.7241400000000018,0.7234200000000018,0.7240800000000018
2026-06-04 06:00:00+00:00,0.7240800000000018,0.7249200000000018,0.7239600000000018,0.7246100000000019
2026-06-04 07:00:00+00:00,0.7246100000000019,0.7248500000000018,0.7237300000000018,0.7241300000000018
2026-06-04 08:00:00+00:00,0.7241300000000018,0.7244500000000018,0.7238100000000018,0.7241700000000018
2026-06-04 09:00:00+00:00,0.7241700000000018,0.7248200000000018,0.7240400000000018,0.7245100000000018
2026-06-04 10:00:00+00:00,0.7245100000000018,0.7249600000000018,0.7243400000000018,0.7245300000000018
2026-06-04 11:00:00+00:00,0.7245300000000018,0.7258800000000019,0.7245300000000018,0.7257700000000018
2026-06-04 12:00:00+00:00,0.7257700000000018,0.7259800000000018,0.7249700000000018,0.7252100000000018
2026-06-04 13:00:00+00:00,0.7252100000000018,0.7256800000000018,0.7250600000000018,0.7253700000000018
2026-06-04 14:00:00+00:00,0.7253700000000018,0.7256000000000018,0.7245600000000018,0.7250900000000018
2026-06-04 15:00:00+00:00,0.7250900000000018,0.7253600000000018,0.7247100000000019,0.7252500000000018
2026-06-04 16:00:00+00:00,0.7252500000000018,0.7254300000000018,0.7250600000000018,0.7250800000000018
2026-06-04 17:00:00+00:00,0.7250800000000018,0.7252000000000018,0.7248800000000019,0.7249900000000018
2026-06-04 18:00:00+00:00,0.7249900000000018,0.7251700000000018,0.7246000000000018,0.7246900000000018
2026-06-04 19:00:00+00:00,0.7246900000000018,0.7248100000000018,0.7244500000000018,0.7246600000000019
2026-06-04 20:00:00+00:00,0.7246600000000019,0.7247000000000018,0.7243300000000017,0.7243700000000017
2026-06-04 21:00:00+00:00,0.7243700000000017,0.7246800000000018,0.7241100000000018,0.7242400000000018
2026-06-04 22:00:00+00:00,0.7242400000000018,0.7245200000000018,0.7242000000000018,0.7244000000000018
2026-06-04 23:00:00+00:00,0.7244000000000018,0.7246400000000018,0.7239500000000019,0.7241000000000019
2026-06-05 00:00:00+00:00,0.7241000000000019,0.7241100000000018,0.7233000000000018,0.7233600000000018
2026-06-05 01:00:00+00:00,0.7233600000000018,0.7234300000000018,0.7215700000000018,0.7229600000000018
2026-06-05 02:00:00+00:00,0.7229600000000018,0.7238700000000018,0.7227600000000018,0.7236000000000018
2026-06-05 03:00:00+00:00,0.7236000000000018,0.7238700000000018,0.7231300000000018,0.7232600000000018
2026-06-05 04:00:00+00:00,0.7232600000000018,0.7240600000000018,0.7232400000000018,0.7238100000000018
2026-06-05 05:00:00+00:00,0.7238100000000018,0.7239100000000018,0.7228600000000018,0.7229900000000018
2026-06-05 06:00:00+00:00,0.7229900000000018,0.7236700000000018,0.7225700000000018,0.7235500000000018
2026-06-05 07:00:00+00:00,0.7235500000000018,0.7246000000000018,0.7234700000000018,0.7240600000000018
2026-06-05 08:00:00+00:00,0.7240600000000018,0.7248000000000018,0.7240200000000018,0.7241100000000018
2026-06-05 09:00:00+00:00,0.7241100000000018,0.7250900000000018,0.7240200000000018,0.7248400000000018
2026-06-05 10:00:00+00:00,0.7248400000000018,0.7254200000000018,0.7248000000000018,0.7251700000000019
2026-06-05 11:00:00+00:00,0.7251700000000019,0.7254100000000018,0.7248200000000018,0.7252600000000018
2026-06-05 12:00:00+00:00,0.7252600000000018,0.7253500000000018,0.7212800000000018,0.7213100000000018
2026-06-05 13:00:00+00:00,0.7213100000000018,0.7221400000000018,0.7192100000000018,0.7192100000000018
2026-06-05 14:00:00+00:00,0.7192100000000018,0.7197400000000018,0.7176600000000019,0.7191300000000018
2026-06-05 15:00:00+00:00,0.7191300000000018,0.7192400000000018,0.7168600000000018,0.7168700000000018
2026-06-05 16:00:00+00:00,0.7168700000000018,0.7170900000000018,0.7159900000000018,0.7170800000000018
2026-06-05 17:00:00+00:00,0.7170800000000018,0.7171400000000018,0.7161000000000018,0.7165000000000018
2026-06-05 18:00:00+00:00,0.7165000000000018,0.7165700000000018,0.7152800000000018,0.7153800000000018
2026-06-05 19:00:00+00:00,0.7153800000000018,0.7157800000000019,0.7149400000000018,0.7155600000000019
2026-06-05 20:00:00+00:00,0.7155600000000019,0.7155700000000018,0.7147400000000018,0.7150800000000018
2026-06-07 21:00:00+00:00,0.7150800000000018,0.7154200000000016,0.7145400000000016,0.7149900000000017
2026-06-07 22:00:00+00:00,0.7149900000000017,0.7163900000000016,0.7149300000000017,0.7156200000000017
2026-06-07 23:00:00+00:00,0.7156200000000017,0.7168000000000017,0.7156200000000017,0.7167200000000017
2026-06-08 00:00:00+00:00,0.7167200000000017,0.7183300000000017,0.7165700000000017,0.7182800000000017
2026-06-08 01:00:00+00:00,0.7182800000000017,0.7186600000000017,0.7159700000000017,0.7174900000000017
2026-06-08 02:00:00+00:00,0.7174900000000017,0.7177900000000017,0.7166700000000017,0.7175400000000017
2026-06-08 03:00:00+00:00,0.7175400000000017,0.7177200000000017,0.7169300000000017,0.7174500000000017
2026-06-08 04:00:00+00:00,0.7174500000000017,0.7179000000000016,0.7168200000000017,0.7169400000000017
2026-06-08 05:00:00+00:00,0.7169400000000017,0.7177900000000017,0.7158900000000017,0.7161700000000016
2026-06-08 06:00:00+00:00,0.7161700000000016,0.7170800000000017,0.7161200000000016,0.7167300000000016
2026-06-08 07:00:00+00:00,0.7167300000000016,0.7184100000000017,0.7166300000000017,0.7172600000000017
2026-06-08 08:00:00+00:00,0.7172600000000017,0.7178900000000017,0.7168500000000017,0.7172400000000017
2026-06-08 09:00:00+00:00,0.7172400000000017,0.7177800000000016,0.7162700000000017,0.7176800000000016
2026-06-08 10:00:00+00:00,0.7176800000000016,0.7189000000000016,0.7173100000000017,0.7182600000000017
2026-06-08 11:00:00+00:00,0.7182600000000017,0.7202600000000017,0.7181200000000016,0.7194300000000017
2026-06-08 12:00:00+00:00,0.7194300000000017,0.7200700000000017,0.7190600000000017,0.7194800000000017
2026-06-08 13:00:00+00:00,0.7194800000000017,0.7199300000000017,0.7180800000000017,0.7181700000000016
2026-06-08 14:00:00+00:00,0.7181700000000016,0.7185900000000017,0.7170100000000017,0.7183100000000017
2026-06-08 15:00:00+00:00,0.7183100000000017,0.7187000000000017,0.7174800000000017,0.7178300000000017
2026-06-08 16:00:00+00:00,0.7178300000000017,0.7180800000000017,0.7175600000000016,0.7175600000000016
2026-06-08 17:00:00+00:00,0.7175600000000016,0.7176000000000017,0.7169800000000017,0.7173700000000017
2026-06-08 18:00:00+00:00,0.7173700000000017,0.7178700000000017,0.7168400000000017,0.7169600000000017
2026-06-08 19:00:00+00:00,0.7169600000000017,0.7171600000000017,0.7166900000000017,0.7169800000000017
2026-06-08 20:00:00+00:00,0.7169800000000017,0.7171300000000017,0.7168300000000017,0.7168900000000017
2026-06-08 21:00:00+00:00,0.7168900000000017,0.7172300000000017,0.7164400000000017,0.7171800000000017
2026-06-08 22:00:00+00:00,0.7171800000000017,0.7171800000000017,0.7167300000000016,0.7170800000000016
2026-06-08 23:00:00+00:00,0.7170800000000016,0.7171100000000017,0.7163000000000016,0.7164800000000017
2026-06-09 00:00:00+00:00,0.7164800000000017,0.7169200000000017,0.7160100000000017,0.7169100000000016
2026-06-09 01:00:00+00:00,0.7169100000000016,0.7184000000000016,0.7168200000000017,0.7183500000000016
2026-06-09 02:00:00+00:00,0.7183500000000016,0.7185000000000017,0.7172400000000017,0.7174400000000016
2026-06-09 03:00:00+00:00,0.7174400000000016,0.7175500000000017,0.7166700000000017,0.7171200000000016
2026-06-09 04:00:00+00:00,0.7171200000000016,0.7183600000000017,0.7168800000000016,0.7181500000000016
2026-06-09 05:00:00+00:00,0.7181500000000016,0.7185900000000016,0.7177200000000017,0.7183000000000016
2026-06-09 06:00:00+00:00,0.7183000000000016,0.7196400000000016,0.7181800000000016,0.7185300000000017
2026-06-09 07:00:00+00:00,0.7185300000000017,0.7187200000000017,0.7176200000000016,0.7177000000000017
2026-06-09 08:00:00+00:00,0.7177000000000017,0.7182000000000016,0.7172300000000017,0.7177900000000016
2026-06-09 09:00:00+00:00,0.7177900000000016,0.7182500000000016,0.7175500000000017,0.7175800000000017
2026-06-09 10:00:00+00:00,0.7175800000000017,0.7184800000000017,0.7172100000000017,0.7182500000000016
2026-06-09 11:00:00+00:00,0.7182500000000016,0.7187400000000016,0.7181600000000017,0.7186400000000016
2026-06-09 12:00:00+00:00,0.7186400000000016,0.7188600000000016,0.7183600000000017,0.7185900000000016
2026-06-09 13:00:00+00:00,0.7185900000000016,0.7188600000000016,0.7171300000000016,0.7175800000000017
2026-06-09 14:00:00+00:00,0.7175800000000017,0.7183500000000016,0.7158000000000017,0.7167000000000017
2026-06-09 15:00:00+00:00,0.7167000000000017,0.7172000000000016,0.7147500000000017,0.7152800000000017
2026-06-09 16:00:00+00:00,0.7152800000000017,0.7157000000000017,0.7130900000000017,0.7142000000000016
2026-06-09 17:00:00+00:00,0.7142000000000016,0.7158200000000017,0.7141500000000016,0.7154700000000016
2026-06-09 18:00:00+00:00,0.7154700000000016,0.7161600000000017,0.7152900000000016,0.7158500000000017
2026-06-09 19:00:00+00:00,0.7158500000000017,0.7159000000000016,0.7148700000000017,0.7153300000000017
2026-06-09 20:00:00+00:00,0.7153300000000017,0.7155500000000017,0.7151700000000016,0.7153100000000017
2026-06-09 21:00:00+00:00,0.7153100000000017,0.7154500000000016,0.7141400000000016,0.7151400000000016
2026-06-09 22:00:00+00:00,0.7151400000000016,0.7153400000000015,0.7145600000000015,0.7146900000000015
2026-06-09 23:00:00+00:00,0.7146900000000015,0.7152500000000015,0.7143300000000015,0.7152000000000015
2026-06-10 00:00:00+00:00,0.7152000000000015,0.7160200000000015,0.7144800000000016,0.7156700000000015
2026-06-10 01:00:00+00:00,0.7156700000000015,0.7159000000000015,0.7151400000000016,0.7154100000000015
2026-06-10 02:00:00+00:00,0.7154100000000015,0.7157100000000015,0.7147900000000015,0.7149200000000016
2026-06-10 03:00:00+00:00,0.7149200000000016,0.7156000000000015,0.7148800000000015,0.7154500000000015
2026-06-10 04:00:00+00:00,0.7154500000000015,0.7155000000000015,0.7143100000000016,0.7145500000000015
2026-06-10 05:00:00+00:00,0.7145500000000015,0.7148300000000015,0.7136700000000015,0.7147000000000016
2026-06-10 06:00:00+00:00,0.7147000000000016,0.7153200000000015,0.7144600000000015,0.7144900000000015
2026-06-10 07:00:00+00:00,0.7144900000000015,0.7150200000000015,0.7143200000000015,0.7145600000000015
2026-06-10 08:00:00+00:00,0.7145600000000015,0.7145900000000015,0.7137200000000015,0.7137800000000015
2026-06-10 09:00:00+00:00,0.7137800000000015,0.7139600000000015,0.7132100000000016,0.7138200000000016
2026-06-10 10:00:00+00:00,0.7138200000000016,0.7140500000000015,0.7134800000000016,0.7139300000000015
2026-06-10 11:00:00+00:00,0.7139300000000015,0.7139600000000015,0.7125800000000015,0.7128300000000015
2026-06-10 12:00:00+00:00,0.7128300000000015,0.7154600000000015,0.7127500000000015,0.7139600000000015
2026-06-10 13:00:00+00:00,0.7139600000000015,0.7165200000000015,0.7139500000000015,0.7157500000000016
2026-06-10 14:00:00+00:00,0.7157500000000016,0.7161600000000015,0.7146400000000015,0.7149200000000016
2026-06-10 15:00:00+00:00,0.7149200000000016,0.7154500000000015,0.7133800000000015,0.7148700000000016
2026-06-10 16:00:00+00:00,0.7148700000000016,0.7154800000000016,0.7144400000000015,0.7145700000000015
2026-06-10 17:00:00+00:00,0.7145700000000015,0.7150500000000015,0.7136700000000015,0.7145000000000015
2026-06-10 18:00:00+00:00,0.7145000000000015,0.7150400000000016,0.7135100000000015,0.7138000000000015
2026-06-10 19:00:00+00:00,0.7138000000000015,0.7138800000000015,0.7127300000000015,0.7127500000000015
2026-06-10 20:00:00+00:00,0.7127500000000015,0.7128300000000015,0.7122400000000015,0.7124700000000015
2026-06-10 21:00:00+00:00,0.7124700000000015,0.7130600000000016,0.7122800000000016,0.7125800000000015
2026-06-10 22:00:00+00:00,0.7125800000000015,0.7127100000000016,0.7120300000000016,0.7121600000000016
2026-06-10 23:00:00+00:00,0.7121600000000016,0.7130000000000016,0.7117500000000015,0.7124000000000016
2026-06-11 00:00:00+00:00,0.7124000000000016,0.7132400000000015,0.7121200000000016,0.7127900000000016
2026-06-11 01:00:00+00:00,0.7127900000000016,0.7140600000000016,0.7127900000000016,0.7137600000000016
2026-06-11 02:00:00+00:00,0.7137600000000016,0.7137700000000016,0.7130200000000015,0.7133300000000016
2026-06-11 03:00:00+00:00,0.7133300000000016,0.7134500000000016,0.7128400000000016,0.7132200000000016
2026-06-11 04:00:00+00:00,0.7132200000000016,0.7140400000000016,0.7130300000000016,0.7138900000000016
2026-06-11 05:00:00+00:00,0.7138900000000016,0.7142400000000015,0.7136300000000015,0.7137300000000016
2026-06-11 06:00:00+00:00,0.7137300000000016,0.7138200000000016,0.7131800000000016,0.7132400000000015
2026-06-11 07:00:00+00:00,0.7132400000000015,0.7139200000000016,0.7129300000000016,0.7131300000000016
2026-06-11 08:00:00+00:00,0.7131300000000016,0.7132500000000016,0.7121000000000016,0.7123300000000016
2026-06-11 09:00:00+00:00,0.7123300000000016,0.7130900000000016,0.7122200000000016,0.7126600000000016
2026-06-11 10:00:00+00:00,0.7126600000000016,0.7128700000000016,0.7122600000000016,0.7125700000000016
2026-06-11 11:00:00+00:00,0.7125700000000016,0.7129500000000016,0.7123300000000016,0.7127400000000016
2026-06-11 12:00:00+00:00,0.7127400000000016,0.7129200000000016,0.7109100000000016,0.7118600000000016
2026-06-11 13:00:00+00:00,0.7118600000000016,0.7125700000000016,0.7109900000000016,0.7120400000000016
2026-06-11 14:00:00+00:00,0.7120400000000016,0.7121900000000015,0.7109900000000016,0.7115900000000016
2026-06-11 15:00:00+00:00,0.7115900000000016,0.7129200000000016,0.7114700000000016,0.7124000000000016
2026-06-11 16:00:00+00:00,0.7124000000000016,0.7126800000000016,0.7118500000000016,0.7118700000000016
2026-06-11 17:00:00+00:00,0.7118700000000016,0.7163600000000016,0.7115000000000016,0.7156600000000016
2026-06-11 18:00:00+00:00,0.7156600000000016,0.7167700000000016,0.7146300000000015,0.7159200000000016
2026-06-11 19:00:00+00:00,0.7159200000000016,0.7185400000000016,0.7159200000000016,0.7178100000000016
2026-06-11 20:00:00+00:00,0.7178100000000016,0.7183500000000016,0.7175100000000016,0.7178600000000016
2026-06-11 21:00:00+00:00,0.7178600000000016,0.7180400000000016,0.7171300000000016,0.7177600000000016
2026-06-11 22:00:00+00:00,0.7177600000000016,0.7183900000000016,0.7175700000000016,0.7181900000000015
2026-06-11 23:00:00+00:00,0.7181900000000015,0.7183100000000016,0.7173900000000015,0.7177700000000016
2026-06-12 00:00:00+00:00,0.7177700000000016,0.7178500000000015,0.7170600000000015,0.7174900000000015
2026-06-12 01:00:00+00:00,0.7174900000000015,0.7175100000000015,0.7159800000000015,0.7164900000000015
2026-06-12 02:00:00+00:00,0.7164900000000015,0.7170500000000015,0.7158900000000016,0.7165900000000015
2026-06-12 03:00:00+00:00,0.7165900000000015,0.7173300000000016,0.7163500000000015,0.7169500000000015
2026-06-12 04:00:00+00:00,0.7169500000000015,0.7175700000000015,0.7166900000000015,0.7171100000000016
2026-06-12 05:00:00+00:00,0.7171100000000016,0.7172400000000015,0.7155600000000015,0.7158000000000015
2026-06-12 06:00:00+00:00,0.7158000000000015,0.7170100000000015,0.7157800000000015,0.7163000000000015
2026-06-12 07:00:00+00:00,0.7163000000000015,0.7163800000000016,0.7151400000000016,0.7162100000000016
2026-06-12 08:00:00+00:00,0.7162100000000016,0.7179300000000015,0.7160000000000015,0.7171000000000015
2026-06-12 09:00:00+00:00,0.7171000000000015,0.7183600000000016,0.7169000000000015,0.7175600000000015
2026-06-12 10:00:00+00:00,0.7175600000000015,0.7180700000000015,0.7164500000000015,0.7173300000000016
2026-06-12 11:00:00+00:00,0.7173300000000016,0.7174700000000015,0.7167300000000015,0.7169500000000015
2026-06-12 12:00:00+00:00,0.7169500000000015,0.7169500000000015,0.7162500000000015,0.7165300000000016
2026-06-12 13:00:00+00:00,0.7165300000000016,0.7178000000000015,0.7161900000000015,0.7167100000000015
2026-06-12 14:00:00+00:00,0.7167100000000015,0.7181900000000015,0.7166100000000015,0.7181900000000015
2026-06-12 15:00:00+00:00,0.7181900000000015,0.7190100000000015,0.7175900000000015,0.7176200000000015
2026-06-12 16:00:00+00:00,0.7176200000000015,0.7183400000000015,0.7173500000000015,0.7179300000000015
2026-06-12 17:00:00+00:00,0.7179300000000015,0.7184200000000015,0.7177500000000016,0.7178600000000015
2026-06-12 18:00:00+00:00,0.7178600000000015,0.7182400000000015,0.7175700000000015,0.7178400000000015
2026-06-12 19:00:00+00:00,0.7178400000000015,0.7181300000000015,0.7175300000000016,0.7180300000000015
2026-06-12 20:00:00+00:00,0.7180300000000015,0.7181400000000016,0.7169200000000016,0.7174500000000016
2026-06-14 21:00:00+00:00,0.7174500000000016,0.7219200000000017,0.7173200000000015,0.7219000000000017
2026-06-14 22:00:00+00:00,0.7219000000000017,0.7223800000000016,0.7209700000000017,0.7212300000000016
2026-06-14 23:00:00+00:00,0.7212300000000016,0.7215500000000016,0.7206500000000017,0.7210500000000016
2026-06-15 00:00:00+00:00,0.7210500000000016,0.7222300000000016,0.7202800000000016,0.7203300000000016
2026-06-15 01:00:00+00:00,0.7203300000000016,0.7211600000000016,0.7200900000000017,0.7208800000000016
2026-06-15 02:00:00+00:00,0.7208800000000016,0.7215000000000016,0.7206600000000016,0.7212000000000016
2026-06-15 03:00:00+00:00,0.7212000000000016,0.7220200000000015,0.7211600000000015,0.7217200000000015
2026-06-15 04:00:00+00:00,0.7217200000000015,0.7217700000000015,0.7213400000000015,0.7217100000000015
2026-06-15 05:00:00+00:00,0.7217100000000015,0.7222900000000015,0.7215800000000016,0.7216500000000016
2026-06-15 06:00:00+00:00,0.7216500000000016,0.7218200000000015,0.7205600000000015,0.7210500000000015
2026-06-15 07:00:00+00:00,0.7210500000000015,0.7211200000000015,0.7201400000000016,0.7207500000000016
2026-06-15 08:00:00+00:00,0.7207500000000016,0.7212000000000015,0.7203200000000015,0.7206700000000015
2026-06-15 09:00:00+00:00,0.7206700000000015,0.7212400000000015,0.7205400000000015,0.7206400000000015
2026-06-15 10:00:00+00:00,0.7206400000000015,0.7211500000000015,0.7203700000000015,0.7207900000000015
2026-06-15 11:00:00+00:00,0.7207900000000015,0.7210500000000015,0.7204900000000015,0.7206700000000015
2026-06-15 12:00:00+00:00,0.7206700000000015,0.7209400000000015,0.7200000000000015,0.7207800000000015
2026-06-15 13:00:00+00:00,0.7207800000000015,0.7212000000000015,0.7205000000000015,0.7209400000000015
2026-06-15 14:00:00+00:00,0.7209400000000015,0.7224000000000015,0.7206000000000015,0.7221800000000015
2026-06-15 15:00:00+00:00,0.7221800000000015,0.7223800000000015,0.7214400000000015,0.7215900000000015
2026-06-15 16:00:00+00:00,0.7215900000000015,0.7219100000000015,0.7213600000000016,0.7216100000000015
2026-06-15 17:00:00+00:00,0.7216100000000015,0.7216500000000016,0.7211300000000015,0.7213100000000016
2026-06-15 18:00:00+00:00,0.7213100000000016,0.7213600000000016,0.7208400000000015,0.7210000000000015
2026-06-15 19:00:00+00:00,0.7210000000000015,0.7211400000000016,0.7205500000000015,0.7206200000000015
2026-06-15 20:00:00+00:00,0.7206200000000015,0.7207500000000016,0.7204800000000016,0.7206500000000016
2026-06-15 21:00:00+00:00,0.7206500000000016,0.7207500000000016,0.7202900000000015,0.7206200000000016
2026-06-15 22:00:00+00:00,0.7206200000000016,0.7207800000000015,0.7202700000000016,0.7204900000000016
2026-06-15 23:00:00+00:00,0.7204900000000016,0.7210500000000016,0.7204900000000016,0.7207100000000016
2026-06-16 00:00:00+00:00,0.7207100000000016,0.7208000000000017,0.7202300000000016,0.7206700000000016
2026-06-16 01:00:00+00:00,0.7206700000000016,0.7209100000000016,0.7196900000000016,0.7197800000000016
2026-06-16 02:00:00+00:00,0.7197800000000016,0.7198600000000016,0.7191400000000017,0.7198300000000016
2026-06-16 03:00:00+00:00,0.7198300000000016,0.7200400000000017,0.7194700000000016,0.7197400000000016
2026-06-16 04:00:00+00:00,0.7197400000000016,0.7197800000000016,0.7181000000000016,0.7186200000000016
2026-06-16 05:00:00+00:00,0.7186200000000016,0.7190900000000017,0.7177600000000016,0.7183900000000016
2026-06-16 06:00:00+00:00,0.7183900000000016,0.7191400000000017,0.7182900000000016,0.7190700000000017
2026-06-16 07:00:00+00:00,0.7190700000000017,0.7197000000000017,0.7188700000000017,0.7196900000000016
2026-06-16 08:00:00+00:00,0.7196900000000016,0.7205000000000016,0.7193300000000016,0.7203500000000016
2026-06-16 09:00:00+00:00,0.7203500000000016,0.7204700000000016,0.7200900000000017,0.7203200000000016
2026-06-16 10:00:00+00:00,0.7203200000000016,0.7214300000000016,0.7202900000000017,0.7213400000000016
2026-06-16 11:00:00+00:00,0.7213400000000016,0.7213400000000016,0.7202800000000016,0.7204400000000016
2026-06-16 12:00:00+00:00,0.7204400000000016,0.7206200000000016,0.7198800000000016,0.7204800000000017
2026-06-16 13:00:00+00:00,0.7204800000000017,0.7212400000000017,0.7202200000000016,0.7208300000000016
2026-06-16 14:00:00+00:00,0.7208300000000016,0.7213900000000016,0.7201000000000016,0.7213400000000016
2026-06-16 15:00:00+00:00,0.7213400000000016,0.7215100000000017,0.7203900000000016,0.7211900000000017
2026-06-16 16:00:00+00:00,0.7211900000000017,0.7215400000000016,0.7208700000000017,0.7209100000000016
2026-06-16 17:00:00+00:00,0.7209100000000016,0.7209900000000016,0.7204600000000017,0.7207400000000016
2026-06-16 18:00:00+00:00,0.7207400000000016,0.7209600000000016,0.7206100000000016,0.7207900000000016
2026-06-16 19:00:00+00:00,0.7207900000000016,0.7209700000000017,0.7201200000000016,0.7202100000000016
2026-06-16 20:00:00+00:00,0.7202100000000016,0.7202900000000017,0.7200700000000017,0.7201900000000017
2026-06-16 21:00:00+00:00,0.7201900000000017,0.7202800000000016,0.7196200000000016,0.7200800000000016
2026-06-16 22:00:00+00:00,0.7200800000000016,0.7204500000000016,0.7200000000000015,0.7202700000000016
2026-06-16 23:00:00+00:00,0.7202700000000016,0.7204400000000015,0.7199200000000016,0.7199200000000016
2026-06-17 00:00:00+00:00,0.7199200000000016,0.7204200000000016,0.7197900000000016,0.7202900000000015
2026-06-17 01:00:00+00:00,0.7202900000000015,0.7206400000000016,0.7199400000000016,0.7201600000000016
2026-06-17 02:00:00+00:00,0.7201600000000016,0.7203900000000015,0.7196100000000015,0.7196700000000016
2026-06-17 03:00:00+00:00,0.7196700000000016,0.7197600000000016,0.7193600000000016,0.7195100000000015
2026-06-17 04:00:00+00:00,0.7195100000000015,0.7198600000000016,0.7194600000000015,0.7195100000000015
2026-06-17 05:00:00+00:00,0.7195100000000015,0.7197300000000015,0.7191100000000016,0.7193000000000016
2026-06-17 06:00:00+00:00,0.7193000000000016,0.7194300000000016,0.7188100000000016,0.7191900000000016
2026-06-17 07:00:00+00:00,0.7191900000000016,0.7198700000000016,0.7190600000000016,0.7198600000000016
2026-06-17 08:00:00+00:00,0.7198600000000016,0.7198700000000016,0.7190700000000015,0.7195300000000016
2026-06-17 09:00:00+00:00,0.7195300000000016,0.7198800000000016,0.7194200000000016,0.7196000000000016
2026-06-17 10:00:00+00:00,0.7196000000000016,0.7196100000000015,0.7190800000000016,0.7193600000000016
2026-06-17 11:00:00+00:00,0.7193600000000016,0.7195100000000015,0.7190700000000015,0.7193800000000016
2026-06-17 12:00:00+00:00,0.7193800000000016,0.7199300000000016,0.7193100000000016,0.7198800000000016
2026-06-17 13:00:00+00:00,0.7198800000000016,0.7207300000000015,0.7198600000000016,0.7202600000000016
2026-06-17 14:00:00+00:00,0.7202600000000016,0.7207600000000016,0.7194900000000016,0.7200900000000016
2026-06-17 15:00:00+00:00,0.7200900000000016,0.7207200000000016,0.7198600000000016,0.7204800000000016
2026-06-17 16:00:00+00:00,0.7204800000000016,0.7207100000000016,0.7201200000000015,0.7206100000000015
2026-06-17 17:00:00+00:00,0.7206100000000015,0.7209500000000015,0.7203300000000016,0.7208600000000016
2026-06-17 18:00:00+00:00,0.7208600000000016,0.7208600000000016,0.7165500000000016,0.7175700000000016
2026-06-17 19:00:00+00:00,0.7175700000000016,0.7178900000000016,0.7129100000000016,0.7141500000000016
2026-06-17 20:00:00+00:00,0.7141500000000016,0.7149700000000015,0.7140200000000015,0.7147800000000015
2026-06-17 21:00:00+00:00,0.7147800000000015,0.7150400000000016,0.7144200000000016,0.7147700000000016
2026-06-17 22:00:00+00:00,0.7147700000000016,0.7151700000000015,0.7146500000000016,0.7148300000000016
2026-06-17 23:00:00+00:00,0.7148300000000016,0.7153800000000016,0.7148300000000016,0.7152300000000016
2026-06-18 00:00:00+00:00,0.7152300000000016,0.7166000000000016,0.7152300000000016,0.7156700000000016
2026-06-18 01:00:00+00:00,0.7156700000000016,0.7169200000000016,0.7156500000000016,0.7165900000000016
2026-06-18 02:00:00+00:00,0.7165900000000016,0.7174100000000015,0.7164500000000016,0.7169900000000016
2026-06-18 03:00:00+00:00,0.7169900000000016,0.7175000000000015,0.7169900000000015,0.7174000000000015
2026-06-18 04:00:00+00:00,0.7174000000000015,0.7175600000000014,0.7167200000000015,0.7168200000000015
2026-06-18 05:00:00+00:00,0.7168200000000015,0.7171600000000015,0.7162600000000015,0.7163600000000014
2026-06-18 06:00:00+00:00,0.7163600000000014,0.7174400000000014,0.7162200000000014,0.7171900000000014
2026-06-18 07:00:00+00:00,0.7171900000000014,0.7173000000000015,0.7160900000000014,0.7167600000000015
2026-06-18 08:00:00+00:00,0.7167600000000015,0.7167800000000014,0.7144300000000015,0.7145900000000015
2026-06-18 09:00:00+00:00,0.7145900000000015,0.7153200000000015,0.7141400000000014,0.7149500000000014
2026-06-18 10:00:00+00:00,0.7149500000000014,0.7149500000000014,0.7138700000000014,0.7139400000000015
2026-06-18 11:00:00+00:00,0.7139400000000015,0.7142300000000015,0.7135000000000015,0.7136800000000014
2026-06-18 12:00:00+00:00,0.7136800000000014,0.7154200000000015,0.7135400000000015,0.7152000000000015
2026-06-18 13:00:00+00:00,0.7152000000000015,0.7164600000000014,0.7147000000000014,0.7159600000000015
2026-06-18 14:00:00+00:00,0.7159600000000015,0.7171600000000015,0.7152000000000015,0.7169600000000015
2026-06-18 15:00:00+00:00,0.7169600000000015,0.7170000000000014,0.7152400000000014,0.7152400000000014
2026-06-18 16:00:00+00:00,0.7152400000000014,0.7155100000000014,0.7149300000000015,0.7153100000000014
2026-06-18 17:00:00+00:00,0.7153100000000014,0.7159200000000014,0.7151700000000014,0.7151800000000015
2026-06-18 18:00:00+00:00,0.7151800000000015,0.7153500000000015,0.7148000000000014,0.7148200000000015
2026-06-18 19:00:00+00:00,0.7148200000000015,0.7152600000000015,0.7141500000000015,0.7147200000000015
2026-06-18 20:00:00+00:00,0.7147200000000015,0.7153000000000015,0.7145900000000015,0.7145900000000015
2026-06-18 21:00:00+00:00,0.7145900000000015,0.7151800000000015,0.7139700000000014,0.7145500000000016
2026-06-18 22:00:00+00:00,0.7145500000000016,0.7150900000000016,0.7145200000000016,0.7150800000000016
2026-06-18 23:00:00+00:00,0.7150800000000016,0.7151300000000016,0.7145700000000016,0.7146100000000016
2026-06-19 00:00:00+00:00,0.7146100000000016,0.7150300000000016,0.7144000000000016,0.7145500000000016
2026-06-19 01:00:00+00:00,0.7145500000000016,0.7146900000000016,0.7137500000000015,0.7138200000000016
2026-06-19 02:00:00+00:00,0.7138200000000016,0.7146300000000015,0.7138000000000015,0.7144300000000016
2026-06-19 03:00:00+00:00,0.7144300000000016,0.7145800000000015,0.7129900000000016,0.7131100000000016
2026-06-19 04:00:00+00:00,0.7131100000000016,0.7132800000000016,0.7124400000000016,0.7126100000000016
2026-06-19 05:00:00+00:00,0.7126100000000016,0.7140300000000016,0.7122900000000015,0.7137800000000016
2026-06-19 06:00:00+00:00,0.7137800000000016,0.7146700000000016,0.7137400000000016,0.7144700000000016
2026-06-19 07:00:00+00:00,0.7144700000000016,0.7149300000000016,0.7139700000000015,0.7142500000000016
2026-06-19 08:00:00+00:00,0.7142500000000016,0.7153300000000016,0.7142500000000016,0.7152500000000016
2026-06-19 09:00:00+00:00,0.7152500000000016,0.7153800000000016,0.7148900000000016,0.7149600000000016
2026-06-19 10:00:00+00:00,0.7149600000000016,0.7151000000000016,0.7144300000000016,0.7146900000000016
2026-06-19 11:00:00+00:00,0.7146900000000016,0.7149200000000016,0.7143600000000015,0.7145100000000015
2026-06-19 12:00:00+00:00,0.7145100000000015,0.7157700000000016,0.7143500000000016,0.7155100000000015
2026-06-19 13:00:00+00:00,0.7155100000000015,0.7155700000000016,0.7142100000000016,0.7143000000000016
2026-06-19 14:00:00+00:00,0.7143000000000016,0.7146500000000016,0.7141000000000016,0.7146500000000016
2026-06-19 15:00:00+00:00,0.7146500000000016,0.7147800000000016,0.7141500000000016,0.7142400000000015
2026-06-19 16:00:00+00:00,0.7142400000000015,0.7144700000000016,0.7141200000000015,0.7141900000000015
2026-06-19 17:00:00+00:00,0.7141900000000015,0.7146500000000017,0.7141900000000015,0.7145400000000016
2026-06-19 18:00:00+00:00,0.7145400000000016,0.7147600000000016,0.7144600000000016,0.7146100000000016
2026-06-19 19:00:00+00:00,0.7146100000000016,0.7149500000000016,0.7144100000000017,0.7144600000000016
2026-06-19 20:00:00+00:00,0.7144600000000016,0.7147400000000016,0.7137400000000016,0.7146100000000016
2026-06-21 21:00:00+00:00,0.7146100000000016,0.7146100000000016,0.7131400000000017,0.7137900000000016
2026-06-21 22:00:00+00:00,0.7137900000000016,0.7139700000000015,0.7132700000000015,0.7134700000000015
2026-06-21 23:00:00+00:00,0.7134700000000015,0.7136700000000016,0.7128700000000016,0.7132000000000015
2026-06-22 00:00:00+00:00,0.7132000000000015,0.7142300000000016,0.7131600000000016,0.7142000000000015
2026-06-22 01:00:00+00:00,0.7142000000000015,0.7149000000000015,0.7139400000000016,0.7139400000000016
2026-06-22 02:00:00+00:00,0.7139400000000016,0.7140300000000015,0.7132200000000015,0.7138600000000015
2026-06-22 03:00:00+00:00,0.7138600000000015,0.7142100000000016,0.7132000000000015,0.7134200000000015
2026-06-22 04:00:00+00:00,0.7134200000000015,0.7135600000000015,0.7129600000000015,0.7134200000000015
2026-06-22 05:00:00+00:00,0.7134200000000015,0.7140700000000015,0.7130700000000015,0.7131800000000015
2026-06-22 06:00:00+00:00,0.7131800000000015,0.7136900000000015,0.7127500000000015,0.7133900000000015
2026-06-22 07:00:00+00:00,0.7133900000000015,0.7135100000000015,0.7127300000000015,0.7128200000000016
2026-06-22 08:00:00+00:00,0.7128200000000016,0.7129600000000015,0.7123500000000015,0.7125400000000015
2026-06-22 09:00:00+00:00,0.7125400000000015,0.7133000000000015,0.7125200000000015,0.7127900000000016
2026-06-22 10:00:00+00:00,0.7127900000000016,0.7135300000000016,0.7127500000000015,0.7130600000000016
2026-06-22 11:00:00+00:00,0.7130600000000016,0.7137800000000015,0.7129300000000015,0.7131500000000015
2026-06-22 12:00:00+00:00,0.7131500000000015,0.7141800000000015,0.7131100000000016,0.7136800000000015
2026-06-22 13:00:00+00:00,0.7136800000000015,0.7142500000000015,0.7132000000000015,0.7132700000000015
2026-06-22 14:00:00+00:00,0.7132700000000015,0.7140600000000016,0.7129800000000015,0.7139200000000016
2026-06-22 15:00:00+00:00,0.7139200000000016,0.7143600000000015,0.7128300000000015,0.7129000000000015
2026-06-22 16:00:00+00:00,0.7129000000000015,0.7133800000000016,0.7126200000000016,0.7132100000000016
2026-06-22 17:00:00+00:00,0.7132100000000016,0.7133500000000015,0.7129500000000015,0.7131700000000015
2026-06-22 18:00:00+00:00,0.7131700000000015,0.7132700000000015,0.7129800000000015,0.7130800000000015
2026-06-22 19:00:00+00:00,0.7130800000000015,0.7131500000000015,0.7124900000000015,0.7129500000000015
2026-06-22 20:00:00+00:00,0.7129500000000015,0.7131300000000015,0.7128600000000015,0.7130700000000015
2026-06-22 21:00:00+00:00,0.7130700000000015,0.7133200000000015,0.7128600000000015,0.7130300000000015
2026-06-22 22:00:00+00:00,0.7130300000000015,0.7131700000000015,0.7126900000000015,0.7127900000000016
2026-06-22 23:00:00+00:00,0.7127900000000016,0.7129400000000016,0.7123300000000016,0.7123900000000015
2026-06-23 00:00:00+00:00,0.7123900000000015,0.7124000000000016,0.7112500000000015,0.7118400000000016
2026-06-23 01:00:00+00:00,0.7118400000000016,0.7119900000000016,0.7108800000000015,0.7112600000000016
2026-06-23 02:00:00+00:00,0.7112600000000016,0.7116600000000015,0.7103900000000015,0.7104500000000016
2026-06-23 03:00:00+00:00,0.7104500000000016,0.7106800000000015,0.7097500000000015,0.7106700000000016
2026-06-23 04:00:00+00:00,0.7106700000000016,0.7108100000000015,0.7094900000000015,0.7096800000000015
2026-06-23 05:00:00+00:00,0.7096800000000015,0.7098300000000015,0.7091700000000015,0.7093300000000016
2026-06-23 06:00:00+00:00,0.7093300000000016,0.7095500000000016,0.7079400000000016,0.7083700000000015
2026-06-23 07:00:00+00:00,0.7083700000000015,0.7092400000000015,0.7073900000000015,0.7077200000000016
2026-06-23 08:00:00+00:00,0.7077200000000016,0.7081200000000015,0.7071900000000015,0.7076200000000016
2026-06-23 09:00:00+00:00,0.7076200000000016,0.7086900000000015,0.7075600000000015,0.7086500000000016
2026-06-23 10:00:00+00:00,0.7086500000000016,0.7089600000000016,0.7073800000000016,0.7074500000000016
2026-06-23 11:00:00+00:00,0.7074500000000016,0.7079500000000015,0.7061600000000016,0.7061800000000016
2026-06-23 12:00:00+00:00,0.7061800000000016,0.7067800000000015,0.7061100000000016,0.7066300000000015
2026-06-23 13:00:00+00:00,0.7066300000000015,0.7071500000000015,0.7060300000000015,0.7067000000000015
2026-06-23 14:00:00+00:00,0.7067000000000015,0.7067900000000016,0.7057300000000015,0.7060200000000015
2026-06-23 15:00:00+00:00,0.7060200000000015,0.7061700000000015,0.7050800000000015,0.7054100000000015
2026-06-23 16:00:00+00:00,0.7054100000000015,0.7055500000000016,0.7046300000000015,0.7047300000000015
2026-06-23 17:00:00+00:00,0.7047300000000015,0.7048700000000016,0.7042400000000015,0.7042900000000015
2026-06-23 18:00:00+00:00,0.7042900000000015,0.7044400000000015,0.7036700000000016,0.7040400000000016
2026-06-23 19:00:00+00:00,0.7040400000000016,0.7047100000000015,0.7039700000000015,0.7042800000000016
2026-06-23 20:00:00+00:00,0.7042800000000016,0.7046500000000016,0.7041300000000016,0.7046000000000016
2026-06-23 21:00:00+00:00,0.7046000000000016,0.7048300000000015,0.7043900000000015,0.7046800000000015
2026-06-23 22:00:00+00:00,0.7046800000000015,0.7047700000000016,0.7043900000000015,0.7044000000000016
2026-06-23 23:00:00+00:00,0.7044000000000016,0.7045800000000015,0.7040000000000015,0.7044900000000015
2026-06-24 00:00:00+00:00,0.7044900000000015,0.7051700000000015,0.7043600000000015,0.7048600000000015
2026-06-24 01:00:00+00:00,0.7048600000000015,0.7053200000000015,0.7040000000000015,0.7046800000000015
2026-06-24 02:00:00+00:00,0.7046800000000015,0.7049200000000015,0.7032700000000015,0.7033200000000015
2026-06-24 03:00:00+00:00,0.7033200000000015,0.7039500000000015,0.7031100000000016,0.7036100000000015
2026-06-24 04:00:00+00:00,0.7036100000000015,0.7041200000000015,0.7032200000000015,0.7039600000000016
2026-06-24 05:00:00+00:00,0.7039600000000016,0.7046200000000016,0.7039200000000015,0.7041300000000016
2026-06-24 06:00:00+00:00,0.7041300000000016,0.7048200000000016,0.7034300000000016,0.7036100000000015
2026-06-24 07:00:00+00:00,0.7036100000000015,0.7037400000000016,0.7028700000000015,0.7029000000000015
2026-06-24 08:00:00+00:00,0.7029000000000015,0.7030800000000015,0.7021800000000016,0.7027000000000015
2026-06-24 09:00:00+00:00,0.7027000000000015,0.7027500000000015,0.7018000000000015,0.7018600000000015
2026-06-24 10:00:00+00:00,0.7018600000000015,0.7021200000000015,0.7013900000000015,0.7019300000000015
2026-06-24 11:00:00+00:00,0.7019300000000015,0.7030400000000016,0.7016800000000015,0.7026000000000016
2026-06-24 12:00:00+00:00,0.7026000000000016,0.7031000000000015,0.7016900000000016,0.7020100000000016
2026-06-24 13:00:00+00:00,0.7020100000000016,0.7030300000000015,0.7018000000000015,0.7028800000000015
2026-06-24 14:00:00+00:00,0.7028800000000015,0.7030700000000015,0.7015800000000015,0.7022900000000015
2026-06-24 15:00:00+00:00,0.7022900000000015,0.7030600000000016,0.7021100000000016,0.7023900000000015
2026-06-24 16:00:00+00:00,0.7023900000000015,0.7036000000000016,0.7022900000000015,0.7031500000000015
2026-06-24 17:00:00+00:00,0.7031500000000015,0.7032200000000015,0.7014100000000015,0.7014100000000015
2026-06-24 18:00:00+00:00,0.7014100000000015,0.7022700000000015,0.7012200000000015,0.7015800000000015
2026-06-24 19:00:00+00:00,0.7015800000000015,0.7023300000000016,0.7013100000000015,0.7022200000000015
2026-06-24 20:00:00+00:00,0.7022200000000015,0.7030900000000015,0.7020700000000015,0.7029100000000016
2026-06-24 21:00:00+00:00,0.7029100000000016,0.7035400000000012,0.7024400000000015,0.7034100000000012
2026-06-24 22:00:00+00:00,0.7034100000000012,0.7036500000000012,0.7031200000000012,0.7031600000000012
2026-06-24 23:00:00+00:00,0.7031600000000012,0.7036000000000012,0.7030700000000012,0.7034100000000012
2026-06-25 00:00:00+00:00,0.7034100000000012,0.7035100000000013,0.7025300000000012,0.7029800000000013
2026-06-25 01:00:00+00:00,0.7029800000000013,0.7043500000000013,0.7026100000000013,0.7028700000000012
2026-06-25 02:00:00+00:00,0.7028700000000012,0.7032600000000012,0.7023400000000013,0.7029900000000012
2026-06-25 03:00:00+00:00,0.7029900000000012,0.7034000000000012,0.7027600000000013,0.7032800000000012
2026-06-25 04:00:00+00:00,0.7032800000000012,0.7038200000000012,0.7032200000000013,0.7037600000000013
2026-06-25 05:00:00+00:00,0.7037600000000013,0.7039300000000013,0.7026900000000013,0.7027100000000013
2026-06-25 06:00:00+00:00,0.7027100000000013,0.7031900000000012,0.7022600000000012,0.7025700000000012
2026-06-25 07:00:00+00:00,0.7025700000000012,0.7035500000000012,0.7023300000000012,0.7035400000000013
2026-06-25 08:00:00+00:00,0.7035400000000013,0.7042800000000012,0.7034700000000013,0.7037600000000013
2026-06-25 09:00:00+00:00,0.7037600000000013,0.7041100000000012,0.7033900000000013,0.7035800000000012
2026-06-25 10:00:00+00:00,0.7035800000000012,0.7036100000000013,0.7026700000000012,0.7028400000000012
2026-06-25 11:00:00+00:00,0.7028400000000012,0.7029500000000013,0.7023800000000012,0.7026100000000013
2026-06-25 12:00:00+00:00,0.7026100000000013,0.7050200000000012,0.7023800000000012,0.7040900000000012
2026-06-25 13:00:00+00:00,0.7040900000000012,0.7046900000000013,0.7026800000000012,0.7028400000000012
2026-06-25 14:00:00+00:00,0.7028400000000012,0.7046700000000012,0.7028400000000012,0.7041900000000012
2026-06-25 15:00:00+00:00,0.7041900000000012,0.7056800000000012,0.7041700000000013,0.7056400000000013
2026-06-25 16:00:00+00:00,0.7056400000000013,0.7063200000000013,0.7050900000000012,0.7052300000000012
2026-06-25 17:00:00+00:00,0.7052300000000012,0.7055700000000013,0.7050800000000013,0.7053800000000012
2026-06-25 18:00:00+00:00,0.7053800000000012,0.7056000000000012,0.7047600000000013,0.7050600000000012
2026-06-25 19:00:00+00:00,0.7050600000000012,0.7051800000000013,0.7043000000000013,0.7047400000000013
2026-06-25 20:00:00+00:00,0.7047400000000013,0.7050100000000012,0.7044700000000013,0.7044700000000013
2026-06-25 21:00:00+00:00,0.7044700000000013,0.7048900000000012,0.7042100000000012,0.7042700000000012
2026-06-25 22:00:00+00:00,0.7042700000000012,0.7046000000000012,0.7042000000000012,0.7043800000000012
2026-06-25 23:00:00+00:00,0.7043800000000012,0.7044500000000012,0.7034600000000012,0.7036000000000012
2026-06-26 00:00:00+00:00,0.7036000000000012,0.7038000000000012,0.7031800000000012,0.7034100000000012
2026-06-26 01:00:00+00:00,0.7034100000000012,0.7038000000000012,0.7022900000000012,0.7026100000000012
2026-06-26 02:00:00+00:00,0.7026100000000012,0.7028000000000012,0.7011100000000012,0.7016300000000012
2026-06-26 03:00:00+00:00,0.7016300000000012,0.7027900000000012,0.7012800000000012,0.7027700000000012
2026-06-26 04:00:00+00:00,0.7027700000000012,0.7030000000000012,0.7020700000000012,0.7022000000000012
2026-06-26 05:00:00+00:00,0.7022000000000012,0.7032300000000012,0.7020500000000012,0.7029400000000012
2026-06-26 06:00:00+00:00,0.7029400000000012,0.7035600000000012,0.7023000000000013,0.7033100000000012
2026-06-26 07:00:00+00:00,0.7033100000000012,0.7033300000000012,0.7025000000000012,0.7027300000000012
2026-06-26 08:00:00+00:00,0.7027300000000012,0.7036000000000012,0.7022000000000012,0.7031300000000013
2026-06-26 09:00:00+00:00,0.7031300000000013,0.7042500000000012,0.7028600000000012,0.7037000000000012
2026-06-26 10:00:00+00:00,0.7037000000000012,0.7039900000000012,0.7033900000000012,0.7039000000000012
2026-06-26 11:00:00+00:00,0.7039000000000012,0.7041400000000012,0.7033100000000012,0.7035800000000012
2026-06-26 12:00:00+00:00,0.7035800000000012,0.7041400000000012,0.7031600000000012,0.7039000000000012
2026-06-26 13:00:00+00:00,0.7039000000000012,0.7047800000000012,0.7031500000000012,0.7046000000000012
2026-06-26 14:00:00+00:00,0.7046000000000012,0.7053000000000011,0.7035400000000012,0.7035600000000012
2026-06-26 15:00:00+00:00,0.7035600000000012,0.7045800000000012,0.7034200000000012,0.7041200000000012
2026-06-26 16:00:00+00:00,0.7041200000000012,0.7042500000000012,0.7032600000000012,0.7036400000000012
2026-06-26 17:00:00+00:00,0.7036400000000012,0.7038300000000012,0.7032900000000012,0.7033300000000012
2026-06-26 18:00:00+00:00,0.7033300000000012,0.7036500000000012,0.7029700000000012,0.7029900000000012
2026-06-26 19:00:00+00:00,0.7029900000000012,0.7035800000000012,0.7029300000000012,0.7033000000000011
2026-06-26 20:00:00+00:00,0.7033000000000011,0.7035200000000013,0.7024500000000011,0.7024500000000011
2026-06-28 21:00:00+00:00,0.7024500000000011,0.7031900000000011,0.7024500000000011,0.7025600000000012
2026-06-28 22:00:00+00:00,0.7025600000000012,0.7037700000000011,0.7025600000000012,0.7034600000000011
2026-06-28 23:00:00+00:00,0.7034600000000011,0.7037700000000011,0.7033400000000012,0.7035900000000012
2026-06-29 00:00:00+00:00,0.7035900000000012,0.7036600000000012,0.7023100000000011,0.7025600000000012
2026-06-29 01:00:00+00:00,0.7025600000000012,0.7032000000000012,0.7020900000000011,0.7024800000000011
2026-06-29 02:00:00+00:00,0.7024800000000011,0.7035800000000011,0.7023800000000011,0.7030600000000011
2026-06-29 03:00:00+00:00,0.7030600000000011,0.7035500000000011,0.7028600000000012,0.7028600000000012
2026-06-29 04:00:00+00:00,0.7028600000000012,0.7031400000000011,0.7027700000000011,0.7028900000000011
2026-06-29 05:00:00+00:00,0.7028900000000011,0.7037000000000011,0.7027700000000011,0.7035700000000011
2026-06-29 06:00:00+00:00,0.7035700000000011,0.7044300000000011,0.7033300000000011,0.7042600000000011
2026-06-29 07:00:00+00:00,0.7042600000000011,0.7044500000000011,0.7035000000000011,0.7035300000000011
2026-06-29 08:00:00+00:00,0.7035300000000011,0.7037000000000011,0.7029400000000011,0.7031500000000012
2026-06-29 09:00:00+00:00,0.7031500000000012,0.7039200000000011,0.7031000000000012,0.7038800000000012
2026-06-29 10:00:00+00:00,0.7038800000000012,0.7041500000000012,0.7036800000000011,0.7040000000000012
2026-06-29 11:00:00+00:00,0.7040000000000012,0.7042400000000011,0.7036900000000011,0.7040900000000011
2026-06-29 12:00:00+00:00,0.7040900000000011,0.7041900000000011,0.7033700000000012,0.7036900000000011
2026-06-29 13:00:00+00:00,0.7036900000000011,0.7037700000000011,0.7027900000000011,0.7028500000000011
2026-06-29 14:00:00+00:00,0.7028500000000011,0.7030600000000011,0.7017300000000012,0.7020500000000012
2026-06-29 15:00:00+00:00,0.7020500000000012,0.7025000000000011,0.7018700000000011,0.7024300000000011
2026-06-29 16:00:00+00:00,0.7024300000000011,0.7030800000000011,0.7023700000000012,0.7026700000000011
2026-06-29 17:00:00+00:00,0.7026700000000011,0.7029400000000011,0.7025700000000011,0.7028200000000011
2026-06-29 18:00:00+00:00,0.7028200000000011,0.7032400000000011,0.7028100000000012,0.7030400000000011
2026-06-29 19:00:00+00:00,0.7030400000000011,0.7031400000000011,0.7028000000000011,0.7030200000000011
2026-06-29 20:00:00+00:00,0.7030200000000011,0.7031000000000012,0.7025500000000011,0.7025500000000011
2026-06-29 21:00:00+00:00,0.7025500000000011,0.7029400000000011,0.7022600000000011,0.7027600000000012
2026-06-29 22:00:00+00:00,0.7027600000000012,0.7029000000000012,0.7026800000000012,0.7027200000000011
2026-06-29 23:00:00+00:00,0.7027200000000011,0.7029100000000011,0.7021100000000011,0.7021900000000011
2026-06-30 00:00:00+00:00,0.7021900000000011,0.7021900000000011,0.7006800000000012,0.7012600000000011
2026-06-30 01:00:00+00:00,0.7012600000000011,0.7023200000000012,0.7005700000000011,0.7009900000000011
2026-06-30 02:00:00+00:00,0.7009900000000011,0.7012800000000011,0.7004800000000011,0.7007800000000012
2026-06-30 03:00:00+00:00,0.7007800000000012,0.7012200000000012,0.7006900000000011,0.7008400000000011
2026-06-30 04:00:00+00:00,0.7008400000000011,0.7013400000000012,0.7008200000000011,0.7008200000000011
2026-06-30 05:00:00+00:00,0.7008200000000011,0.7015600000000012,0.7007500000000011,0.7008400000000011
2026-06-30 06:00:00+00:00,0.7008400000000011,0.7018600000000011,0.7008000000000011,0.7018100000000012
2026-06-30 07:00:00+00:00,0.7018100000000012,0.7022000000000012,0.7015600000000012,0.7016800000000012
2026-06-30 08:00:00+00:00,0.7016800000000012,0.7022000000000012,0.7015200000000011,0.7020800000000011
2026-06-30 09:00:00+00:00,0.7020800000000011,0.7025600000000012,0.7019900000000011,0.7023700000000012
2026-06-30 10:00:00+00:00,0.7023700000000012,0.7029900000000011,0.7022300000000011,0.7029500000000012
2026-06-30 11:00:00+00:00,0.7029500000000012,0.7029900000000011,0.7023900000000012,0.7027400000000011
2026-06-30 12:00:00+00:00,0.7027400000000011,0.7028500000000011,0.7021600000000011,0.7024200000000012
2026-06-30 13:00:00+00:00,0.7024200000000012,0.7034200000000012,0.7024200000000012,0.7031900000000011
2026-06-30 14:00:00+00:00,0.7031900000000011,0.7069100000000011,0.7029800000000012,0.7064700000000012
2026-06-30 15:00:00+00:00,0.7064700000000012,0.7069500000000012,0.7052800000000011,0.7053800000000011
2026-06-30 16:00:00+00:00,0.7053800000000011,0.7054700000000012,0.7048900000000011,0.7051400000000011
2026-06-30 17:00:00+00:00,0.7051400000000011,0.7058600000000012,0.7051000000000012,0.7057800000000012
2026-06-30 18:00:00+00:00,0.7057800000000012,0.7062400000000011,0.7057600000000012,0.7059800000000012
2026-06-30 19:00:00+00:00,0.7059800000000012,0.7063800000000011,0.7058100000000012,0.7062700000000012
2026-06-30 20:00:00+00:00,0.7062700000000012,0.7063500000000011,0.7058300000000012,0.7058300000000012
2026-06-30 21:00:00+00:00,0.7058300000000012,0.7058600000000012,0.7052200000000012,0.7057200000000011
2026-06-30 22:00:00+00:00,0.7057200000000011,0.7059600000000011,0.7055500000000011,0.7056800000000011
2026-06-30 23:00:00+00:00,0.7056800000000011,0.7057500000000011,0.7051100000000011,0.7051700000000012
2026-07-01 00:00:00+00:00,0.7051700000000012,0.7053300000000011,0.7040500000000012,0.7040700000000011
2026-07-01 01:00:00+00:00,0.7040700000000011,0.7042200000000012,0.7028200000000011,0.7031400000000011
2026-07-01 02:00:00+00:00,0.7031400000000011,0.7032800000000011,0.7022400000000011,0.7028800000000012
2026-07-01 03:00:00+00:00,0.7028800000000012,0.7031800000000011,0.7027100000000012,0.7031100000000011
2026-07-01 04:00:00+00:00,0.7031100000000011,0.7033500000000011,0.7025200000000011,0.7031700000000012
2026-07-01 05:00:00+00:00,0.7031700000000012,0.7036100000000012,0.7030200000000011,0.7033800000000011
2026-07-01 06:00:00+00:00,0.7033800000000011,0.7034400000000012,0.7027100000000012,0.7031000000000012
2026-07-01 07:00:00+00:00,0.7031000000000012,0.7034600000000011,0.7025100000000012,0.7032600000000011
2026-07-01 08:00:00+00:00,0.7032600000000011,0.7034500000000011,0.7028400000000011,0.7031200000000012
2026-07-01 09:00:00+00:00,0.7031200000000012,0.7033900000000012,0.7028900000000011,0.7029000000000012
2026-07-01 10:00:00+00:00,0.7029000000000012,0.7039300000000012,0.7028100000000012,0.7038100000000012
2026-07-01 11:00:00+00:00,0.7038100000000012,0.7038800000000012,0.7032200000000012,0.7033100000000011
2026-07-01 12:00:00+00:00,0.7033100000000011,0.7037400000000011,0.7028900000000011,0.7031800000000011
2026-07-01 13:00:00+00:00,0.7031800000000011,0.7055600000000012,0.7024200000000012,0.7042700000000012
2026-07-01 14:00:00+00:00,0.7042700000000012,0.7050500000000012,0.7036200000000011,0.7043200000000012
2026-07-01 15:00:00+00:00,0.7043200000000012,0.7043800000000011,0.7036200000000011,0.7042000000000012
2026-07-01 16:00:00+00:00,0.7042000000000012,0.7047800000000012,0.7039100000000011,0.7040800000000011
2026-07-01 17:00:00+00:00,0.7040800000000011,0.7042700000000012,0.7038000000000011,0.7038400000000011
2026-07-01 18:00:00+00:00,0.7038400000000011,0.7039800000000012,0.7032500000000012,0.7035000000000011
2026-07-01 19:00:00+00:00,0.7035000000000011,0.7037800000000012,0.7032400000000011,0.7033000000000011
2026-07-01 20:00:00+00:00,0.7033000000000011,0.7033400000000012,0.7029800000000012,0.7032700000000012
2026-07-01 21:00:00+00:00,0.7032700000000012,0.7035400000000012,0.7027900000000011,0.7033200000000012
2026-07-01 22:00:00+00:00,0.7033200000000012,0.7033700000000012,0.7031700000000011,0.7031900000000012
2026-07-01 23:00:00+00:00,0.7031900000000012,0.7032400000000012,0.7028200000000012,0.7028800000000013
2026-07-02 00:00:00+00:00,0.7028800000000013,0.7029700000000012,0.7023200000000013,0.7028100000000013
2026-07-02 01:00:00+00:00,0.7028100000000013,0.7036700000000012,0.7027900000000012,0.7033600000000012
2026-07-02 02:00:00+00:00,0.7033600000000012,0.7040900000000012,0.7032400000000013,0.7032900000000013
2026-07-02 03:00:00+00:00,0.7032900000000013,0.7035100000000013,0.7024000000000012,0.7031800000000012
2026-07-02 04:00:00+00:00,0.7031800000000012,0.7035100000000013,0.7029100000000013,0.7033600000000012
2026-07-02 05:00:00+00:00,0.7033600000000012,0.7035600000000013,0.7029500000000013,0.7032700000000013
2026-07-02 06:00:00+00:00,0.7032700000000013,0.7041600000000012,0.7032300000000012,0.7035000000000012
2026-07-02 07:00:00+00:00,0.7035000000000012,0.7036800000000013,0.7028800000000013,0.7029200000000012
2026-07-02 08:00:00+00:00,0.7029200000000012,0.7050500000000013,0.7028800000000013,0.7048100000000013
2026-07-02 09:00:00+00:00,0.7048100000000013,0.7048500000000013,0.7038700000000012,0.7043000000000013
2026-07-02 10:00:00+00:00,0.7043000000000013,0.7043100000000012,0.7035300000000012,0.7036700000000012
2026-07-02 11:00:00+00:00,0.7036700000000012,0.7037000000000012,0.7026700000000012,0.7026900000000013
2026-07-02 12:00:00+00:00,0.7026900000000013,0.7081100000000012,0.7025900000000013,0.7063600000000012
2026-07-02 13:00:00+00:00,0.7063600000000012,0.7082500000000013,0.7057200000000012,0.7078400000000012
2026-07-02 14:00:00+00:00,0.7078400000000012,0.7082500000000013,0.7061200000000013,0.7074200000000013
2026-07-02 15:00:00+00:00,0.7074200000000013,0.7079000000000013,0.7067500000000012,0.7069500000000013
2026-07-02 16:00:00+00:00,0.7069500000000013,0.7069900000000012,0.7059100000000013,0.7062400000000012
2026-07-02 17:00:00+00:00,0.7062400000000012,0.7062900000000013,0.7054100000000012,0.7054900000000013
2026-07-02 18:00:00+00:00,0.7054900000000013,0.7061900000000012,0.7054100000000012,0.7059000000000013
2026-07-02 19:00:00+00:00,0.7059000000000013,0.7061000000000013,0.7053400000000013,0.7060400000000012
2026-07-02 20:00:00+00:00,0.7060400000000012,0.7062200000000013,0.7052500000000013,0.7054600000000013
2026-07-02 21:00:00+00:00,0.7054600000000013,0.7059900000000012,0.7049500000000013,0.7056900000000013
2026-07-02 22:00:00+00:00,0.7056900000000013,0.7060600000000012,0.7056900000000013,0.7057500000000013
2026-07-02 23:00:00+00:00,0.7057500000000013,0.7059500000000013,0.7052900000000013,0.7054400000000013
2026-07-03 00:00:00+00:00,0.7054400000000013,0.7057800000000013,0.7049500000000013,0.7057700000000012
2026-07-03 01:00:00+00:00,0.7057700000000012,0.7074400000000013,0.7056600000000013,0.7068800000000013
2026-07-03 02:00:00+00:00,0.7068800000000013,0.7077900000000013,0.7066600000000013,0.7075600000000013
2026-07-03 03:00:00+00:00,0.7075600000000013,0.7076300000000013,0.7071700000000013,0.7074200000000013
2026-07-03 04:00:00+00:00,0.7074200000000013,0.7079800000000013,0.7072800000000012,0.7077400000000013
2026-07-03 05:00:00+00:00,0.7077400000000013,0.7082900000000013,0.7076500000000013,0.7078100000000013
2026-07-03 06:00:00+00:00,0.7078100000000013,0.7088400000000012,0.7078000000000013,0.7082000000000013
2026-07-03 07:00:00+00:00,0.7082000000000013,0.7086900000000013,0.7080500000000013,0.7083800000000012
2026-07-03 08:00:00+00:00,0.7083800000000012,0.7085000000000012,0.7079000000000013,0.7079800000000013
2026-07-03 09:00:00+00:00,0.7079800000000013,0.7082000000000013,0.7075600000000013,0.7075600000000013
2026-07-03 10:00:00+00:00,0.7075600000000013,0.7079300000000013,0.7075400000000013,0.7077500000000013
2026-07-03 11:00:00+00:00,0.7077500000000013,0.7082000000000013,0.7076300000000013,0.7078400000000012
2026-07-03 12:00:00+00:00,0.7078400000000012,0.7079200000000013,0.7075500000000012,0.7075800000000013
2026-07-03 13:00:00+00:00,0.7075800000000013,0.7076900000000013,0.7073100000000013,0.7074700000000013
2026-07-03 14:00:00+00:00,0.7074700000000013,0.7078000000000013,0.7073000000000013,0.7073800000000012
2026-07-03 15:00:00+00:00,0.7073800000000012,0.7076100000000013,0.7073300000000012,0.7075300000000013
2026-07-03 16:00:00+00:00,0.7075300000000013,0.7076900000000013,0.7073800000000012,0.7076700000000012
2026-07-03 17:00:00+00:00,0.7076700000000012,0.7077400000000013,0.7075800000000013,0.7076700000000012
2026-07-03 18:00:00+00:00,0.7076700000000012,0.7077400000000013,0.7076400000000013,0.7077100000000013
2026-07-03 19:00:00+00:00,0.7077100000000013,0.7078400000000012,0.7074300000000012,0.7074700000000013
2026-07-03 20:00:00+00:00,0.7074700000000013,0.7076400000000013,0.7071700000000013,0.7074900000000013
2026-07-05 21:00:00+00:00,0.7074900000000013,0.7084400000000013,0.7073900000000013,0.7082600000000013
2026-07-05 22:00:00+00:00,0.7082600000000013,0.7083100000000013,0.7078300000000014,0.7079100000000014
2026-07-05 23:00:00+00:00,0.7079100000000014,0.7081400000000013,0.7077800000000014,0.7079000000000014
2026-07-06 00:00:00+00:00,0.7079000000000014,0.7082000000000014,0.7072500000000014,0.7077100000000014
2026-07-06 01:00:00+00:00,0.7077100000000014,0.7079800000000014,0.7071100000000013,0.7071600000000013
2026-07-06 02:00:00+00:00,0.7071600000000013,0.7074800000000013,0.7069700000000013,0.7071600000000013
2026-07-06 03:00:00+00:00,0.7071600000000013,0.7072700000000014,0.7064200000000014,0.7068900000000014
2026-07-06 04:00:00+00:00,0.7068900000000014,0.7076700000000014,0.7068100000000014,0.7075800000000013
2026-07-06 05:00:00+00:00,0.7075800000000013,0.7077800000000014,0.7071500000000014,0.7071900000000013
2026-07-06 06:00:00+00:00,0.7071900000000013,0.7075600000000014,0.7068400000000014,0.7070900000000013
2026-07-06 07:00:00+00:00,0.7070900000000013,0.7080300000000014,0.7067900000000014,0.7079500000000014
2026-07-06 08:00:00+00:00,0.7079500000000014,0.7081000000000014,0.7071900000000013,0.7075100000000014
2026-07-06 09:00:00+00:00,0.7075100000000014,0.7075700000000014,0.7072500000000014,0.7072700000000014
2026-07-06 10:00:00+00:00,0.7072700000000014,0.7079900000000013,0.7070800000000014,0.7076800000000014
2026-07-06 11:00:00+00:00,0.7076800000000014,0.7078800000000014,0.7074400000000014,0.7076000000000013
2026-07-06 12:00:00+00:00,0.7076000000000013,0.7079000000000014,0.7066200000000014,0.7068700000000013
2026-07-06 13:00:00+00:00,0.7068700000000013,0.7078000000000013,0.7067600000000014,0.7073200000000014
2026-07-06 14:00:00+00:00,0.7073200000000014,0.7080900000000013,0.7071300000000014,0.7079900000000013
2026-07-06 15:00:00+00:00,0.7079900000000013,0.7087200000000013,0.7078900000000014,0.7085800000000013
2026-07-06 16:00:00+00:00,0.7085800000000013,0.7089400000000013,0.7085400000000014,0.7089000000000014
2026-07-06 17:00:00+00:00,0.7089000000000014,0.7096300000000014,0.7088800000000014,0.7093500000000014
2026-07-06 18:00:00+00:00,0.7093500000000014,0.7101500000000014,0.7093400000000014,0.7100200000000013
2026-07-06 19:00:00+00:00,0.7100200000000013,0.7100500000000014,0.7097700000000013,0.7099100000000014
2026-07-06 20:00:00+00:00,0.7099100000000014,0.7099400000000013,0.7094200000000014,0.7094200000000014
2026-07-06 21:00:00+00:00,0.7094200000000014,0.7099700000000013,0.7090800000000014,0.7097100000000013
2026-07-06 22:00:00+00:00,0.7097100000000013,0.7100600000000014,0.7097100000000013,0.7100100000000014
2026-07-06 23:00:00+00:00,0.7100100000000014,0.7103000000000014,0.7097400000000014,0.7097700000000013
2026-07-07 00:00:00+00:00,0.7097700000000013,0.7098500000000013,0.7090900000000013,0.7091300000000014
2026-07-07 01:00:00+00:00,0.7091300000000014,0.7102700000000013,0.7088900000000014,0.7099300000000013
2026-07-07 02:00:00+00:00,0.7099300000000013,0.7101400000000013,0.7092500000000014,0.7092700000000013
2026-07-07 03:00:00+00:00,0.7092700000000013,0.7095800000000013,0.7084900000000013,0.7089100000000014
2026-07-07 04:00:00+00:00,0.7089100000000014,0.7092000000000013,0.7084300000000013,0.7084600000000013
2026-07-07 05:00:00+00:00,0.7084600000000013,0.7085100000000013,0.7077600000000013,0.7084300000000013
2026-07-07 06:00:00+00:00,0.7084300000000013,0.7087500000000013,0.7079300000000013,0.7087500000000013
2026-07-07 07:00:00+00:00,0.7087500000000013,0.7088400000000014,0.7080600000000014,0.7080800000000014
2026-07-07 08:00:00+00:00,0.7080800000000014,0.7088800000000013,0.7080400000000013,0.7084300000000013
2026-07-07 09:00:00+00:00,0.7084300000000013,0.7088800000000013,0.7083400000000013,0.7085400000000013
2026-07-07 10:00:00+00:00,0.7085400000000013,0.7089500000000013,0.7084300000000013,0.7088900000000014
2026-07-07 11:00:00+00:00,0.7088900000000014,0.7095500000000013,0.7086000000000013,0.7090900000000013
2026-07-07 12:00:00+00:00,0.7090900000000013,0.7097600000000013,0.7088700000000013,0.7093200000000013
2026-07-07 13:00:00+00:00,0.7093200000000013,0.7093500000000014,0.7082300000000014,0.7083200000000013
2026-07-07 14:00:00+00:00,0.7083200000000013,0.7087000000000013,0.7077800000000013,0.7083100000000013
2026-07-07 15:00:00+00:00,0.7083100000000013,0.7084000000000014,0.7076300000000013,0.7077500000000013
2026-07-07 16:00:00+00:00,0.7077500000000013,0.7080100000000014,0.7076400000000014,0.7079900000000013
2026-07-07 17:00:00+00:00,0.7079900000000013,0.7085100000000013,0.7079500000000013,0.7084600000000013
2026-07-07 18:00:00+00:00,0.7084600000000013,0.7085400000000013,0.7074800000000013,0.7075800000000013
2026-07-07 19:00:00+00:00,0.7075800000000013,0.7076300000000013,0.7063700000000013,0.7075500000000013
2026-07-07 20:00:00+00:00,0.7075500000000013,0.7075600000000013,0.7070400000000013,0.7070400000000013
2026-07-07 21:00:00+00:00,0.7070400000000013,0.7070400000000013,0.7059400000000013,0.7061800000000014
2026-07-07 22:00:00+00:00,0.7061800000000014,0.7067100000000014,0.7061800000000014,0.7066300000000014
2026-07-07 23:00:00+00:00,0.7066300000000014,0.7068500000000014,0.7061000000000014,0.7062000000000014
2026-07-08 00:00:00+00:00,0.7062000000000014,0.7075600000000014,0.7060300000000014,0.7075400000000014
2026-07-08 01:00:00+00:00,0.7075400000000014,0.7079100000000014,0.7068600000000014,0.7076100000000014
2026-07-08 02:00:00+00:00,0.7076100000000014,0.7083400000000014,0.7074300000000013,0.7078800000000014
2026-07-08 03:00:00+00:00,0.7078800000000014,0.7086500000000013,0.7078800000000014,0.7080400000000013
2026-07-08 04:00:00+00:00,0.7080400000000013,0.7082400000000014,0.7076400000000014,0.7080100000000014
2026-07-08 05:00:00+00:00,0.7080100000000014,0.7085100000000014,0.7079200000000013,0.7081700000000014
2026-07-08 06:00:00+00:00,0.7081700000000014,0.7084300000000013,0.7074300000000013,0.7077300000000014
2026-07-08 07:00:00+00:00,0.7077300000000014,0.7083000000000014,0.7070200000000014,0.7078900000000014
2026-07-08 08:00:00+00:00,0.7078900000000014,0.7079300000000014,0.7050700000000014,0.7054900000000014
2026-07-08 09:00:00+00:00,0.7054900000000014,0.7063800000000013,0.7046200000000014,0.7056800000000014
2026-07-08 10:00:00+00:00,0.7056800000000014,0.7068300000000014,0.7056200000000014,0.7062400000000014
2026-07-08 11:00:00+00:00,0.7062400000000014,0.7063000000000014,0.7047500000000014,0.7056500000000013
2026-07-08 12:00:00+00:00,0.7056500000000013,0.7071500000000014,0.7053900000000014,0.7060600000000014
2026-07-08 13:00:00+00:00,0.7060600000000014,0.7068200000000013,0.7059600000000014,0.7062500000000014
2026-07-08 14:00:00+00:00,0.7062500000000014,0.7066400000000014,0.7055300000000014,0.7058200000000013
2026-07-08 15:00:00+00:00,0.7058200000000013,0.7062800000000014,0.7046600000000014,0.7049800000000014
2026-07-08 16:00:00+00:00,0.7049800000000014,0.7067700000000013,0.7049400000000013,0.7066400000000014
2026-07-08 17:00:00+00:00,0.7066400000000014,0.7076900000000014,0.7066200000000014,0.7068600000000014
2026-07-08 18:00:00+00:00,0.7068600000000014,0.7079000000000014,0.7067500000000014,0.7076100000000014
2026-07-08 19:00:00+00:00,0.7076100000000014,0.7079800000000014,0.7074200000000014,0.7077400000000014
2026-07-08 20:00:00+00:00,0.7077400000000014,0.7077600000000014,0.7067900000000014,0.7069100000000014
2026-07-08 21:00:00+00:00,0.7069100000000014,0.7073500000000014,0.7063300000000013,0.7068000000000014
2026-07-08 22:00:00+00:00,0.7068000000000014,0.7072600000000014,0.7068000000000014,0.7070400000000013
2026-07-08 23:00:00+00:00,0.7070400000000013,0.7076900000000014,0.7069400000000012,0.7076200000000014
2026-07-09 00:00:00+00:00,0.7076200000000014,0.7080800000000014,0.7070300000000014,0.7073800000000013
2026-07-09 01:00:00+00:00,0.7073800000000013,0.7074200000000014,0.7065400000000014,0.7071800000000014
2026-07-09 02:00:00+00:00,0.7071800000000014,0.7077800000000014,0.7070500000000014,0.7071800000000014
2026-07-09 03:00:00+00:00,0.7071800000000014,0.7077900000000014,0.7068100000000014,0.7074800000000014
2026-07-09 04:00:00+00:00,0.7074800000000014,0.7078300000000014,0.7072100000000014,0.7077700000000013
2026-07-09 05:00:00+00:00,0.7077700000000013,0.7080400000000014,0.7074600000000014,0.7078500000000014
2026-07-09 06:00:00+00:00,0.7078500000000014,0.7086400000000014,0.7078000000000014,0.7080100000000014
2026-07-09 07:00:00+00:00,0.7080100000000014,0.7081200000000014,0.7073800000000013,0.7078200000000014
2026-07-09 08:00:00+00:00,0.7078200000000014,0.7080700000000014,0.7074700000000014,0.7075400000000014
2026-07-09 09:00:00+00:00,0.7075400000000014,0.7078700000000014,0.7072600000000014,0.7078300000000014
2026-07-09 10:00:00+00:00,0.7078300000000014,0.7078800000000014,0.7069900000000013,0.7072200000000014
2026-07-09 11:00:00+00:00,0.7072200000000014,0.7076000000000013,0.7070500000000014,0.7075200000000014
2026-07-09 12:00:00+00:00,0.7075200000000014,0.7081000000000014,0.7071700000000014,0.7072700000000014
2026-07-09 13:00:00+00:00,0.7072700000000014,0.7081500000000014,0.7072700000000014,0.7081500000000014
2026-07-09 14:00:00+00:00,0.7081500000000014,0.7085200000000014,0.7076700000000014,0.7078500000000014
2026-07-09 15:00:00+00:00,0.7078500000000014,0.7086700000000014,0.7076600000000014,0.7084000000000014
2026-07-09 16:00:00+00:00,0.7084000000000014,0.7087500000000014,0.7081100000000013,0.7081600000000013
2026-07-09 17:00:00+00:00,0.7081600000000013,0.7086400000000014,0.7081200000000014,0.7085500000000013
2026-07-09 18:00:00+00:00,0.7085500000000013,0.7086100000000014,0.7081700000000014,0.7083400000000014
2026-07-09 19:00:00+00:00,0.7083400000000014,0.7084000000000014,0.7078200000000014,0.7079900000000013
2026-07-09 20:00:00+00:00,0.7079900000000013,0.7082300000000014,0.7079700000000014,0.7080900000000014
2026-07-09 21:00:00+00:00,0.7080900000000014,0.7081100000000015,0.7073200000000015,0.7075200000000015
2026-07-09 22:00:00+00:00,0.7075200000000015,0.7081100000000015,0.7075200000000015,0.7080000000000014
2026-07-09 23:00:00+00:00,0.7080000000000014,0.7081900000000014,0.7080000000000014,0.7081900000000014
2026-07-10 00:00:00+00:00,0.7081900000000014,0.7085700000000015,0.7072500000000015,0.7084200000000015
2026-07-10 01:00:00+00:00,0.7084200000000015,0.7092500000000015,0.7081800000000015,0.7088800000000015
2026-07-10 02:00:00+00:00,0.7088800000000015,0.7108700000000014,0.7087200000000015,0.7106000000000015
2026-07-10 03:00:00+00:00,0.7106000000000015,0.7107500000000014,0.7098000000000014,0.7099200000000014
2026-07-10 04:00:00+00:00,0.7099200000000014,0.7099200000000014,0.7091800000000015,0.7093300000000015
2026-07-10 05:00:00+00:00,0.7093300000000015,0.7095000000000015,0.7085000000000015,0.7087500000000014
2026-07-10 06:00:00+00:00,0.7087500000000014,0.7093500000000015,0.7087100000000015,0.7088800000000015
2026-07-10 07:00:00+00:00,0.7088800000000015,0.7089800000000015,0.7082700000000015,0.7084300000000014
2026-07-10 08:00:00+00:00,0.7084300000000014,0.7087300000000014,0.7080300000000015,0.7081700000000014
2026-07-10 09:00:00+00:00,0.7081700000000014,0.7086300000000014,0.7080600000000015,0.7084500000000015
2026-07-10 10:00:00+00:00,0.7084500000000015,0.7091400000000014,0.7084500000000015,0.7087000000000014
2026-07-10 11:00:00+00:00,0.7087000000000014,0.7088700000000014,0.7081400000000014,0.7087900000000015
2026-07-10 12:00:00+00:00,0.7087900000000015,0.7096900000000015,0.7084400000000014,0.7088800000000015
2026-07-10 13:00:00+00:00,0.7088800000000015,0.7092600000000014,0.7085600000000014,0.7087200000000015
2026-07-10 14:00:00+00:00,0.7087200000000015,0.7090900000000014,0.7074500000000015,0.7084700000000015
2026-07-10 15:00:00+00:00,0.7084700000000015,0.7098200000000014,0.7083100000000014,0.7097500000000014
2026-07-10 16:00:00+00:00,0.7097500000000014,0.7104000000000015,0.7096600000000014,0.7097200000000015
2026-07-10 17:00:00+00:00,0.7097200000000015,0.7098100000000015,0.7091700000000014,0.7091900000000014
2026-07-10 18:00:00+00:00,0.7091900000000014,0.7093300000000015,0.7090300000000015,0.7091200000000014
2026-07-10 19:00:00+00:00,0.7091200000000014,0.7092000000000015,0.7089800000000015,0.7091300000000015
2026-07-10 20:00:00+00:00,0.7091300000000015,0.7093000000000015,0.7086100000000014,0.7088300000000014
2026-07-12 21:00:00+00:00,0.7088300000000014,0.7098400000000012,0.7088300000000014,0.7092100000000013
2026-07-12 22:00:00+00:00,0.7092100000000013,0.7094900000000014,0.7083300000000013,0.7088800000000014
2026-07-12 23:00:00+00:00,0.7088800000000014,0.7093100000000013,0.7087700000000013,0.7093000000000014
2026-07-13 00:00:00+00:00,0.7093000000000014,0.7095100000000014,0.7084100000000013,0.7084900000000014
2026-07-13 01:00:00+00:00,0.7084900000000014,0.7088700000000013,0.7079900000000013,0.7086500000000013
2026-07-13 02:00:00+00:00,0.7086500000000013,0.7089200000000013,0.7082500000000014,0.7082500000000014
2026-07-13 03:00:00+00:00,0.7082500000000014,0.7083100000000013,0.7075400000000014,0.7081300000000014
2026-07-13 04:00:00+00:00,0.7081300000000014,0.7084700000000014,0.7076300000000013,0.7083800000000013
2026-07-13 05:00:00+00:00,0.7083800000000013,0.7089300000000014,0.7076600000000014,0.7080100000000014
2026-07-13 06:00:00+00:00,0.7080100000000014,0.7084500000000014,0.7075000000000014,0.7080000000000014
2026-07-13 07:00:00+00:00,0.7080000000000014,0.7088700000000013,0.7079000000000014,0.7088600000000014
2026-07-13 08:00:00+00:00,0.7088600000000014,0.7098400000000014,0.7088400000000014,0.7093400000000014
2026-07-13 09:00:00+00:00,0.7093400000000014,0.7094500000000014,0.7090100000000014,0.7093100000000013
2026-07-13 10:00:00+00:00,0.7093100000000013,0.7097500000000013,0.7089500000000014,0.7097500000000013
2026-07-13 11:00:00+00:00,0.7097500000000013,0.7101000000000014,0.7093500000000014,0.7096400000000014
2026-07-13 12:00:00+00:00,0.7096400000000014,0.7097500000000013,0.7089400000000013,0.7097200000000013
2026-07-13 13:00:00+00:00,0.7097200000000013,0.7099400000000013,0.7085200000000014,0.7087600000000014
2026-07-13 14:00:00+00:00,0.7087600000000014,0.7090700000000013,0.7077800000000014,0.7087300000000014
2026-07-13 15:00:00+00:00,0.7087300000000014,0.7090100000000014,0.7083500000000014,0.7085400000000014
2026-07-13 16:00:00+00:00,0.7085400000000014,0.7088200000000013,0.7069000000000014,0.7073100000000013
2026-07-13 17:00:00+00:00,0.7073100000000013,0.7077400000000014,0.7071600000000013,0.7072600000000013
2026-07-13 18:00:00+00:00,0.7072600000000013,0.7073700000000014,0.7068900000000014,0.7073300000000013
2026-07-13 19:00:00+00:00,0.7073300000000013,0.7073800000000013,0.7066200000000014,0.7069100000000014
2026-07-13 20:00:00+00:00,0.7069100000000014,0.7069400000000013,0.7064500000000014,0.7068800000000014
2026-07-13 21:00:00+00:00,0.7068800000000014,0.7069800000000014,0.7062400000000014,0.7069200000000013
2026-07-13 22:00:00+00:00,0.7069200000000013,0.7072500000000014,0.7068600000000013,0.7069000000000012
2026-07-13 23:00:00+00:00,0.7069000000000012,0.7071900000000012,0.7067500000000012,0.7071700000000012
2026-07-14 00:00:00+00:00,0.7071700000000012,0.7074400000000013,0.7065000000000012,0.7071100000000012
2026-07-14 01:00:00+00:00,0.7071100000000012,0.7076400000000013,0.7068200000000012,0.7072600000000012
2026-07-14 02:00:00+00:00,0.7072600000000012,0.7080400000000012,0.7072000000000013,0.7076000000000012
2026-07-14 03:00:00+00:00,0.7076000000000012,0.7085200000000013,0.7073800000000012,0.7082500000000013
2026-07-14 04:00:00+00:00,0.7082500000000013,0.7085800000000012,0.7080700000000012,0.7085200000000013
2026-07-14 05:00:00+00:00,0.7085200000000013,0.7091000000000013,0.7084800000000012,0.7086500000000012
2026-07-14 06:00:00+00:00,0.7086500000000012,0.7088000000000012,0.7080700000000012,0.7080900000000012
2026-07-14 07:00:00+00:00,0.7080900000000012,0.7095300000000012,0.7079900000000012,0.7093100000000012
2026-07-14 08:00:00+00:00,0.7093100000000012,0.7097700000000012,0.7089400000000012,0.7095700000000013
2026-07-14 09:00:00+00:00,0.7095700000000013,0.7106000000000012,0.7095100000000012,0.7103900000000012
2026-07-14 10:00:00+00:00,0.7103900000000012,0.7105500000000012,0.7092700000000013,0.7093000000000013
2026-07-14 11:00:00+00:00,0.7093000000000013,0.7098000000000012,0.7090600000000012,0.7096900000000013
2026-07-14 12:00:00+00:00,0.7096900000000013,0.7135800000000012,0.7093100000000012,0.7121500000000013
2026-07-14 13:00:00+00:00,0.7121500000000013,0.7135500000000012,0.7120700000000012,0.7133700000000013
2026-07-14 14:00:00+00:00,0.7133700000000013,0.7145400000000013,0.7130700000000012,0.7139000000000012
2026-07-14 15:00:00+00:00,0.7139000000000012,0.7145300000000012,0.7123800000000012,0.7125300000000012
2026-07-14 16:00:00+00:00,0.7125300000000012,0.7130700000000012,0.7120900000000012,0.7130300000000013
2026-07-14 17:00:00+00:00,0.7130300000000013,0.7131700000000012,0.7123100000000012,0.7127400000000013
2026-07-14 18:00:00+00:00,0.7127400000000013,0.7129200000000012,0.7121600000000012,0.7126800000000012
2026-07-14 19:00:00+00:00,0.7126800000000012,0.7127700000000012,0.7123300000000012,0.7124800000000012
2026-07-14 20:00:00+00:00,0.7124800000000012,0.7126900000000013,0.7123000000000013,0.7126100000000012
2026-07-14 21:00:00+00:00,0.7126100000000012,0.7126100000000012,0.7118800000000012,0.7124500000000012
2026-07-14 22:00:00+00:00,0.7124500000000012,0.7125800000000012,0.7123500000000013,0.7124100000000012
2026-07-14 23:00:00+00:00,0.7124100000000012,0.7128800000000012,0.7123300000000012,0.7127600000000012
2026-07-15 00:00:00+00:00,0.7127600000000012,0.7136900000000012,0.7126900000000012,0.7136400000000012
2026-07-15 01:00:00+00:00,0.7136400000000012,0.7138700000000012,0.7130900000000012,0.7138200000000012
2026-07-15 02:00:00+00:00,0.7138200000000012,0.7143400000000012,0.7133800000000012,0.7142800000000012
2026-07-15 03:00:00+00:00,0.7142800000000012,0.7144300000000012,0.7135000000000012,0.7138400000000013
2026-07-15 04:00:00+00:00,0.7138400000000013,0.7140200000000012,0.7134500000000012,0.7135100000000012
2026-07-15 05:00:00+00:00,0.7135100000000012,0.7140800000000012,0.7133400000000012,0.7138500000000012
2026-07-15 06:00:00+00:00,0.7138500000000012,0.7142300000000013,0.7135900000000012,0.7136400000000012
2026-07-15 07:00:00+00:00,0.7136400000000012,0.7141500000000012,0.7129000000000012,0.7138100000000012
2026-07-15 08:00:00+00:00,0.7138100000000012,0.7141400000000012,0.7135800000000012,0.7139500000000012
2026-07-15 09:00:00+00:00,0.7139500000000012,0.7141900000000012,0.7136000000000012,0.7137400000000013
2026-07-15 10:00:00+00:00,0.7137400000000013,0.7137600000000012,0.7131400000000012,0.7135200000000012
2026-07-15 11:00:00+00:00,0.7135200000000012,0.7138600000000012,0.7134100000000012,0.7136800000000012
2026-07-15 12:00:00+00:00,0.7136800000000012,0.7148700000000012,0.7134000000000013,0.7147600000000012
2026-07-15 13:00:00+00:00,0.7147600000000012,0.7150200000000012,0.7141300000000012,0.7145400000000012
2026-07-15 14:00:00+00:00,0.7145400000000012,0.7151100000000012,0.7143200000000012,0.7150400000000012
2026-07-15 15:00:00+00:00,0.7150400000000012,0.7154300000000012,0.7146400000000012,0.7149400000000012
2026-07-15 16:00:00+00:00,0.7149400000000012,0.7150300000000012,0.7140400000000012,0.7144800000000012
2026-07-15 17:00:00+00:00,0.7144800000000012,0.7167700000000012,0.7144700000000012,0.7165800000000012
2026-07-15 18:00:00+00:00,0.7165800000000012,0.7172500000000012,0.7159700000000012,0.7159800000000012
2026-07-15 19:00:00+00:00,0.7159800000000012,0.7164400000000012,0.7156000000000012,0.7158500000000012
2026-07-15 20:00:00+00:00,0.7158500000000012,0.7159400000000012,0.7155800000000012,0.7156500000000012
2026-07-15 21:00:00+00:00,0.7156500000000012,0.7156500000000012,0.7147100000000013,0.7148100000000013
2026-07-15 22:00:00+00:00,0.7148100000000013,0.7153000000000013,0.7148100000000013,0.7151700000000013
2026-07-15 23:00:00+00:00,0.7151700000000013,0.7156200000000013,0.7151600000000012,0.7153600000000012
2026-07-16 00:00:00+00:00,0.7153600000000012,0.7156800000000013,0.7141600000000012,0.7144400000000013
2026-07-16 01:00:00+00:00,0.7144400000000013,0.7145300000000012,0.7136100000000013,0.7138100000000013
2026-07-16 02:00:00+00:00,0.7138100000000013,0.7141600000000012,0.7132000000000013,0.7141300000000013
2026-07-16 03:00:00+00:00,0.7141300000000013,0.7147400000000013,0.7140500000000013,0.7146600000000013
2026-07-16 04:00:00+00:00,0.7146600000000013,0.7149500000000013,0.7144600000000013,0.7145000000000012
2026-07-16 05:00:00+00:00,0.7145000000000012,0.7147300000000013,0.7139900000000012,0.7140600000000012
2026-07-16 06:00:00+00:00,0.7140600000000012,0.7146600000000013,0.7140000000000013,0.7145600000000013
2026-07-16 07:00:00+00:00,0.7145600000000013,0.7147200000000012,0.7142500000000013,0.7143300000000012
2026-07-16 08:00:00+00:00,0.7143300000000012,0.7146000000000012,0.7140000000000013,0.7144400000000013
2026-07-16 09:00:00+00:00,0.7144400000000013,0.7149200000000012,0.7142800000000012,0.7145400000000013
2026-07-16 10:00:00+00:00,0.7145400000000013,0.7151400000000012,0.7144900000000013,0.7149100000000013
2026-07-16 11:00:00+00:00,0.7149100000000013,0.7153600000000012,0.7140800000000013,0.7153200000000013
2026-07-16 12:00:00+00:00,0.7153200000000013,0.7156300000000013,0.7142300000000013,0.7143600000000012
2026-07-16 13:00:00+00:00,0.7143600000000012,0.7155800000000012,0.7143300000000012,0.7149200000000012
2026-07-16 14:00:00+00:00,0.7149200000000012,0.7158500000000013,0.7147900000000013,0.7150700000000013
2026-07-16 15:00:00+00:00,0.7150700000000013,0.7152000000000013,0.7146100000000013,0.7147500000000012
2026-07-16 16:00:00+00:00,0.7147500000000012,0.7148100000000013,0.7138300000000013,0.7139800000000013
2026-07-16 17:00:00+00:00,0.7139800000000013,0.7141400000000012,0.7136000000000012,0.7138900000000012
2026-07-16 18:00:00+00:00,0.7138900000000012,0.7141700000000013,0.7137400000000013,0.7141100000000012
2026-07-16 19:00:00+00:00,0.7141100000000012,0.7142300000000013,0.7137600000000013,0.7141400000000012
2026-07-16 20:00:00+00:00,0.7141400000000012,0.7143700000000013,0.7140400000000012,0.7142600000000012
2026-07-16 21:00:00+00:00,0.7142600000000012,0.7147200000000012,0.7138200000000013,0.7143800000000012
2026-07-16 22:00:00+00:00,0.7143800000000012,0.7148100000000013,0.7143700000000013,0.7146000000000012
2026-07-16 23:00:00+00:00,0.7146000000000012,0.7150300000000013,0.7145600000000013,0.7150000000000013
2026-07-17 00:00:00+00:00,0.7150000000000013,0.7151000000000013,0.7141300000000013,0.7148500000000013
2026-07-17 01:00:00+00:00,0.7148500000000013,0.7150500000000013,0.7130300000000013,0.7133100000000012
2026-07-17 02:00:00+00:00,0.7133100000000012,0.7135200000000013,0.7127500000000012,0.7129000000000013
2026-07-17 03:00:00+00:00,0.7129000000000013,0.7137400000000013,0.7129000000000013,0.7132400000000013
2026-07-17 04:00:00+00:00,0.7132400000000013,0.7132600000000012,0.7126100000000013,0.7128900000000012
2026-07-17 05:00:00+00:00,0.7128900000000012,0.7130700000000013,0.7126300000000013,0.7128000000000013
2026-07-17 06:00:00+00:00,0.7128000000000013,0.7140200000000013,0.7127500000000012,0.7135600000000013
2026-07-17 07:00:00+00:00,0.7135600000000013,0.7140100000000013,0.7133200000000013,0.7133500000000013
2026-07-17 08:00:00+00:00,0.7133500000000013,0.7137600000000013,0.7121700000000013,0.7122500000000013
2026-07-17 09:00:00+00:00,0.7122500000000013,0.7125200000000013,0.7115900000000013,0.7121800000000013
2026-07-17 10:00:00+00:00,0.7121800000000013,0.7123200000000013,0.7118700000000012,0.7120100000000013
2026-07-17 11:00:00+00:00,0.7120100000000013,0.7127800000000013,0.7116900000000013,0.7124400000000013
2026-07-17 12:00:00+00:00,0.7124400000000013,0.7126100000000013,0.7117900000000013,0.7119200000000012
2026-07-17 13:00:00+00:00,0.7119200000000012,0.7128000000000013,0.7116100000000013,0.7127700000000012
2026-07-17 14:00:00+00:00,0.7127700000000012,0.7133300000000012,0.7126200000000013,0.7130800000000013
2026-07-17 15:00:00+00:00,0.7130800000000013,0.7135500000000012,0.7128800000000013,0.7133700000000013
2026-07-17 16:00:00+00:00,0.7133700000000013,0.7137200000000012,0.7128500000000013,0.7133400000000013
2026-07-17 17:00:00+00:00,0.7133400000000013,0.7135100000000013,0.7130900000000012,0.7131700000000013
2026-07-17 18:00:00+00:00,0.7131700000000013,0.7134200000000013,0.7130600000000012,0.7131600000000012
2026-07-17 19:00:00+00:00,0.7131600000000012,0.7135400000000013,0.7128900000000012,0.7134100000000013
2026-07-17 20:00:00+00:00,0.7134100000000013,0.7134500000000012,0.7128600000000013,0.7128900000000012
2026-07-19 21:00:00+00:00,0.7128900000000012,0.7129100000000009,0.7125500000000013,0.712900000000001
2026-07-19 22:00:00+00:00,0.712900000000001,0.714160000000001,0.7128800000000011,0.713950000000001
2026-07-19 23:00:00+00:00,0.713950000000001,0.7143300000000009,0.7138000000000009,0.7143300000000009
2026-07-20 00:00:00+00:00,0.7143300000000009,0.7150200000000009,0.7139200000000009,0.7149200000000009
2026-07-20 01:00:00+00:00,0.7149200000000009,0.715440000000001,0.7149000000000009,0.7152600000000009
2026-07-20 02:00:00+00:00,0.7152600000000009,0.7159900000000009,0.7151900000000009,0.7156700000000009
2026-07-20 03:00:00+00:00,0.7156700000000009,0.7159400000000009,0.7154100000000009,0.7158200000000009
2026-07-20 04:00:00+00:00,0.7158200000000009,0.7163800000000009,0.7157900000000009,0.7161300000000009
2026-07-20 05:00:00+00:00,0.7161300000000009,0.7161900000000009,0.7154700000000009,0.7155300000000009
2026-07-20 06:00:00+00:00,0.7155300000000009,0.7157400000000009,0.7150300000000009,0.7154300000000009
2026-07-20 07:00:00+00:00,0.7154300000000009,0.716930000000001,0.715370000000001,0.7164800000000009
2026-07-20 08:00:00+00:00,0.7164800000000009,0.716760000000001,0.716200000000001,0.716490000000001
2026-07-20 09:00:00+00:00,0.716490000000001,0.716490000000001,0.7160400000000009,0.716320000000001
2026-07-20 10:00:00+00:00,0.716320000000001,0.7172600000000009,0.716220000000001,0.7171300000000009
2026-07-20 11:00:00+00:00,0.7171300000000009,0.717930000000001,0.7169000000000009,0.717390000000001
2026-07-20 12:00:00+00:00,0.717390000000001,0.7174000000000009,0.7165500000000009,0.7169500000000009
2026-07-20 13:00:00+00:00,0.7169500000000009,0.717590000000001,0.7167500000000009,0.7175300000000009
2026-07-20 14:00:00+00:00,0.7175300000000009,0.7178700000000009,0.7162400000000009,0.7164800000000009
2026-07-20 15:00:00+00:00,0.7164800000000009,0.7168200000000009,0.716270000000001,0.7167200000000009
2026-07-20 16:00:00+00:00,0.7167200000000009,0.7172600000000009,0.716370000000001,0.7167900000000009
2026-07-20 17:00:00+00:00,0.7167900000000009,0.7169600000000009,0.7166200000000009,0.716830000000001
2026-07-20 18:00:00+00:00,0.716830000000001,0.717200000000001,0.7164600000000009,0.7166800000000009
2026-07-20 19:00:00+00:00,0.7166800000000009,0.7167700000000009,0.716270000000001,0.7164500000000009
2026-07-20 20:00:00+00:00,0.7164500000000009,0.7165600000000009,0.7160900000000009,0.7162600000000009
2026-07-20 21:00:00+00:00,0.7162600000000009,0.7162600000000009,0.715270000000001,0.715660000000001
2026-07-20 22:00:00+00:00,0.715660000000001,0.7159900000000009,0.715490000000001,0.715710000000001
2026-07-20 23:00:00+00:00,0.715710000000001,0.716270000000001,0.7156500000000009,0.716220000000001
2026-07-21 00:00:00+00:00,0.716220000000001,0.7167400000000009,0.7158600000000009,0.7163500000000009
2026-07-21 01:00:00+00:00,0.7163500000000009,0.716950000000001,0.7162600000000009,0.7167200000000009
2026-07-21 02:00:00+00:00,0.7167200000000009,0.717150000000001,0.7165800000000009,0.716830000000001
2026-07-21 03:00:00+00:00,0.716830000000001,0.7169400000000009,0.716560000000001,0.7165800000000009
2026-07-21 04:00:00+00:00,0.7165800000000009,0.7169600000000009,0.716560000000001,0.7169400000000009
2026-07-21 05:00:00+00:00,0.7169400000000009,0.7172400000000009,0.716810000000001,0.7170300000000009
2026-07-21 06:00:00+00:00,0.7170300000000009,0.7180400000000009,0.7170200000000009,0.717930000000001
2026-07-21 07:00:00+00:00,0.717930000000001,0.7184600000000009,0.717780000000001,0.7180600000000009
2026-07-21 08:00:00+00:00,0.7180600000000009,0.7184800000000009,0.7180200000000009,0.718390000000001
2026-07-21 09:00:00+00:00,0.718390000000001,0.7188000000000009,0.7183100000000009,0.718560000000001
2026-07-21 10:00:00+00:00,0.718560000000001,0.7188600000000009,0.718050000000001,0.7181300000000009
2026-07-21 11:00:00+00:00,0.7181300000000009,0.7181800000000009,0.7176500000000009,0.717980000000001
2026-07-21 12:00:00+00:00,0.717980000000001,0.7180800000000009,0.717270000000001,0.7178000000000009
2026-07-21 13:00:00+00:00,0.7178000000000009,0.7178600000000009,0.716440000000001,0.716710000000001
2026-07-21 14:00:00+00:00,0.716710000000001,0.717440000000001,0.716440000000001,0.7166300000000009
2026-07-21 15:00:00+00:00,0.7166300000000009,0.717440000000001,0.7165000000000009,0.716900000000001
2026-07-21 16:00:00+00:00,0.716900000000001,0.7169900000000009,0.7165300000000009,0.7168600000000009
2026-07-21 17:00:00+00:00,0.7168600000000009,0.7169700000000009,0.7166800000000009,0.716760000000001
2026-07-21 18:00:00+00:00,0.716760000000001,0.7168000000000009,0.7164300000000009,0.716710000000001
2026-07-21 19:00:00+00:00,0.716710000000001,0.7167700000000009,0.7162300000000009,0.716510000000001
2026-07-21 20:00:00+00:00,0.716510000000001,0.7165200000000009,0.7159400000000009,0.7160600000000009
2026-07-21 21:00:00+00:00,0.7160600000000009,0.7163500000000009,0.7156300000000009,0.7160800000000009
2026-07-21 22:00:00+00:00,0.7160800000000009,0.7162500000000009,0.715950000000001,0.716000000000001
2026-07-21 23:00:00+00:00,0.716000000000001,0.7163000000000009,0.7159100000000009,0.716280000000001
2026-07-22 00:00:00+00:00,0.716280000000001,0.717180000000001,0.716120000000001,0.717140000000001
2026-07-22 01:00:00+00:00,0.717140000000001,0.717490000000001,0.716550000000001,0.716800000000001
2026-07-22 02:00:00+00:00,0.716800000000001,0.717040000000001,0.716280000000001,0.7166400000000009
2026-07-22 03:00:00+00:00,0.7166400000000009,0.716830000000001,0.716060000000001,0.716150000000001
2026-07-22 04:00:00+00:00,0.716150000000001,0.7163000000000009,0.715870000000001,0.716160000000001
2026-07-22 05:00:00+00:00,0.716160000000001,0.716260000000001,0.715580000000001,0.715950000000001
2026-07-22 06:00:00+00:00,0.715950000000001,0.716240000000001,0.715220000000001,0.715840000000001
2026-07-22 07:00:00+00:00,0.715840000000001,0.7167400000000009,0.715680000000001,0.715840000000001
2026-07-22 08:00:00+00:00,0.715840000000001,0.716170000000001,0.715450000000001,0.715970000000001
2026-07-22 09:00:00+00:00,0.715970000000001,0.716160000000001,0.7154200000000009,0.715620000000001
2026-07-22 10:00:00+00:00,0.715620000000001,0.715820000000001,0.715380000000001,0.715490000000001
2026-07-22 11:00:00+00:00,0.715490000000001,0.715680000000001,0.715150000000001,0.715660000000001
2026-07-22 12:00:00+00:00,0.715660000000001,0.715840000000001,0.7142500000000009,0.714710000000001
2026-07-22 13:00:00+00:00,0.714710000000001,0.716190000000001,0.714700000000001,0.715730000000001
2026-07-22 14:00:00+00:00,0.715730000000001,0.716160000000001,0.715480000000001,0.715850000000001
2026-07-22 15:00:00+00:00,0.715850000000001,0.716270000000001,0.715710000000001,0.716270000000001
2026-07-22 16:00:00+00:00,0.716270000000001,0.716320000000001,0.715570000000001,0.715780000000001
2026-07-22 17:00:00+00:00,0.715780000000001,0.715920000000001,0.715430000000001,0.715480000000001
2026-07-22 18:00:00+00:00,0.715480000000001,0.715760000000001,0.715320000000001,0.715720000000001
2026-07-22 19:00:00+00:00,0.715720000000001,0.715830000000001,0.715530000000001,0.715750000000001
2026-07-22 20:00:00+00:00,0.715750000000001,0.716060000000001,0.715720000000001,0.715820000000001
2026-07-22 21:00:00+00:00,0.715820000000001,0.715900000000001,0.714840000000001,0.715130000000001
2026-07-22 22:00:00+00:00,0.715130000000001,0.7155300000000011,0.7148800000000011,0.7150900000000011
2026-07-22 23:00:00+00:00,0.7150900000000011,0.715280000000001,0.715030000000001,0.7151500000000011
2026-07-23 00:00:00+00:00,0.7151500000000011,0.715670000000001,0.715030000000001,0.715640000000001
2026-07-23 01:00:00+00:00,0.715640000000001,0.718300000000001,0.715640000000001,0.717300000000001
2026-07-23 02:00:00+00:00,0.717300000000001,0.7179800000000011,0.7172000000000011,0.7177800000000011
2026-07-23 03:00:00+00:00,0.7177800000000011,0.718130000000001,0.7173600000000011,0.7180700000000011
2026-07-23 04:00:00+00:00,0.7180700000000011,0.7183400000000011,0.7175500000000011,0.7177300000000011
2026-07-23 05:00:00+00:00,0.7177300000000011,0.717940000000001,0.7174100000000011,0.7174400000000011
2026-07-23 06:00:00+00:00,0.7174400000000011,0.7177000000000011,0.7167700000000011,0.716790000000001
2026-07-23 07:00:00+00:00,0.716790000000001,0.7171900000000011,0.7159400000000011,0.716570000000001
2026-07-23 08:00:00+00:00,0.716570000000001,0.7167000000000011,0.7159700000000011,0.716280000000001
2026-07-23 09:00:00+00:00,0.716280000000001,0.7168200000000011,0.7159800000000011,0.7160900000000011
2026-07-23 10:00:00+00:00,0.7160900000000011,0.7162900000000011,0.7157700000000011,0.7159800000000011
2026-07-23 11:00:00+00:00,0.7159800000000011,0.716060000000001,0.7146300000000011,0.715520000000001
2026-07-23 12:00:00+00:00,0.715520000000001,0.7156100000000011,0.7136800000000011,0.714110000000001
2026-07-23 13:00:00+00:00,0.714110000000001,0.7144600000000011,0.712960000000001,0.713500000000001
2026-07-23 14:00:00+00:00,0.713500000000001,0.714110000000001,0.713080000000001,0.7135600000000011
2026-07-23 15:00:00+00:00,0.7135600000000011,0.713860000000001,0.712690000000001,0.7136500000000011
2026-07-23 16:00:00+00:00,0.7136500000000011,0.714080000000001,0.7135400000000011,0.714010000000001
2026-07-23 17:00:00+00:00,0.714010000000001,0.714030000000001,0.7131500000000011,0.7131600000000011
2026-07-23 18:00:00+00:00,0.7131600000000011,0.7132200000000011,0.7126600000000011,0.712840000000001
2026-07-23 19:00:00+00:00,0.712840000000001,0.7129500000000011,0.7124400000000011,0.712810000000001
2026-07-23 20:00:00+00:00,0.712810000000001,0.7131000000000011,0.712810000000001,0.7129700000000011
2026-07-23 21:00:00+00:00,0.7129700000000011,0.7130700000000011,0.7123300000000011,0.7129400000000011
2026-07-23 22:00:00+00:00,0.7129400000000011,0.7131000000000011,0.7128800000000011,0.713060000000001
2026-07-23 23:00:00+00:00,0.713060000000001,0.7131900000000011,0.7128000000000011,0.7129200000000011
2026-07-24 00:00:00+00:00,0.7129200000000011,0.7139000000000011,0.7128200000000011,0.7138700000000011
2026-07-24 01:00:00+00:00,0.7138700000000011,0.714180000000001,0.7134100000000011,0.7138300000000011
2026-07-24 02:00:00+00:00,0.7138300000000011,0.7143100000000011,0.7135300000000011,0.7135300000000011
2026-07-24 03:00:00+00:00,0.7135300000000011,0.7139200000000011,0.7135100000000011,0.7136800000000011
2026-07-24 04:00:00+00:00,0.7136800000000011,0.7139300000000011,0.713350000000001,0.7135500000000011
2026-07-24 05:00:00+00:00,0.7135500000000011,0.7142000000000011,0.713500000000001,0.7135400000000011
2026-07-24 06:00:00+00:00,0.7135400000000011,0.714570000000001,0.7135400000000011,0.714570000000001
2026-07-24 07:00:00+00:00,0.714570000000001,0.715180000000001,0.7144100000000011,0.7146500000000011
2026-07-24 08:00:00+00:00,0.7146500000000011,0.715130000000001,0.7144800000000011,0.7149900000000011
2026-07-24 09:00:00+00:00,0.7149900000000011,0.715420000000001,0.7148500000000011,0.715420000000001
2026-07-24 10:00:00+00:00,0.715420000000001,0.7157700000000011,0.7152400000000011,0.7153900000000011
2026-07-24 11:00:00+00:00,0.7153900000000011,0.7155600000000011,0.714740000000001,0.715030000000001
2026-07-24 12:00:00+00:00,0.715030000000001,0.715110000000001,0.7136800000000011,0.713860000000001
2026-07-24 13:00:00+00:00,0.713860000000001,0.714010000000001,0.7134900000000011,0.7139300000000011
2026-07-24 14:00:00+00:00,0.7139300000000011,0.7151500000000011,0.7139200000000011,0.7149800000000011
2026-07-24 15:00:00+00:00,0.7149800000000011,0.716300000000001,0.7149500000000011,0.7157500000000011
2026-07-24 16:00:00+00:00,0.7157500000000011,0.7158200000000011,0.715080000000001,0.7152700000000011
2026-07-24 17:00:00+00:00,0.7152700000000011,0.7153200000000011,0.7146600000000011,0.7148100000000011
2026-07-24 18:00:00+00:00,0.7148100000000011,0.714860000000001,0.714350000000001,0.7145100000000011
2026-07-24 19:00:00+00:00,0.7145100000000011,0.7145500000000011,0.714130000000001,0.7142600000000011
2026-07-24 20:00:00+00:00,0.7142600000000011,0.714330000000001,0.7139300000000011,0.7140200000000011
2026-07-26 21:00:00+00:00,0.7140200000000011,0.7147300000000011,0.7135400000000011,0.7141000000000011
2026-07-26 22:00:00+00:00,0.7141000000000011,0.714790000000001,0.713210000000001,0.713310000000001
2026-07-26 23:00:00+00:00,0.713310000000001,0.7136800000000011,0.713200000000001,0.7135400000000011
2026-07-27 00:00:00+00:00,0.7135400000000011,0.714350000000001,0.713400000000001,0.713450000000001
2026-07-27 01:00:00+00:00,0.713450000000001,0.7146800000000011,0.713400000000001,0.7146600000000011
2026-07-27 02:00:00+00:00,0.7146600000000011,0.714690000000001,0.7139500000000011,0.713990000000001
2026-07-27 03:00:00+00:00,0.713990000000001,0.7141500000000011,0.713500000000001,0.713970000000001
2026-07-27 04:00:00+00:00,0.713970000000001,0.714110000000001,0.713550000000001,0.7137800000000011
2026-07-27 05:00:00+00:00,0.7137800000000011,0.7144900000000011,0.713740000000001,0.7143200000000011
2026-07-27 06:00:00+00:00,0.7143200000000011,0.715260000000001,0.714230000000001,0.714700000000001
2026-07-27 07:00:00+00:00,0.714700000000001,0.715110000000001,0.714160000000001,0.714160000000001
2026-07-27 08:00:00+00:00,0.714160000000001,0.714530000000001,0.7141200000000011,0.714430000000001
2026-07-27 09:00:00+00:00,0.714430000000001,0.7145100000000011,0.714080000000001,0.7143200000000011
2026-07-27 10:00:00+00:00,0.7143200000000011,0.714700000000001,0.7140700000000011,0.714350000000001
2026-07-27 11:00:00+00:00,0.714350000000001,0.7145900000000011,0.7138500000000011,0.7139300000000011
2026-07-27 12:00:00+00:00,0.7139300000000011,0.7142200000000011,0.713400000000001,0.7137600000000011
2026-07-27 13:00:00+00:00,0.7137600000000011,0.714250000000001,0.7135600000000011,0.713740000000001
2026-07-27 14:00:00+00:00,0.713740000000001,0.713860000000001,0.7126600000000011,0.7133900000000011
2026-07-27 15:00:00+00:00,0.7133900000000011,0.713740000000001,0.7131000000000011,0.7133700000000011
2026-07-27 16:00:00+00:00,0.7133700000000011,0.714090000000001,0.713190000000001,0.713600000000001
2026-07-27 17:00:00+00:00,0.713600000000001,0.7136100000000011,0.7128300000000011,0.7130700000000011
2026-07-27 18:00:00+00:00,0.7130700000000011,0.7131000000000011,0.712740000000001,0.712990000000001
2026-07-27 19:00:00+00:00,0.712990000000001,0.713500000000001,0.712910000000001,0.713380000000001
2026-07-27 20:00:00+00:00,0.713380000000001,0.713410000000001,0.712970000000001,0.712970000000001
2026-07-27 21:00:00+00:00,0.712970000000001,0.713720000000001,0.7128300000000011,0.7132400000000011
2026-07-27 22:00:00+00:00,0.7132400000000011,0.7132400000000011,0.7130600000000011,0.7130700000000011
2026-07-27 23:00:00+00:00,0.7130700000000011,0.7130700000000011,0.7128300000000011,0.7130200000000011
2026-07-28 00:00:00+00:00,0.7130200000000011,0.7133200000000011,0.7124900000000011,0.7132700000000011
2026-07-28 01:00:00+00:00,0.7132700000000011,0.713790000000001,0.7129400000000011,0.713300000000001
2026-07-28 02:00:00+00:00,0.713300000000001,0.7140000000000011,0.713200000000001,0.7136800000000011
2026-07-28 03:00:00+00:00,0.7136800000000011,0.713810000000001,0.7123700000000011,0.7124600000000011
2026-07-28 04:00:00+00:00,0.7124600000000011,0.7124600000000011,0.7113300000000011,0.7114600000000011
2026-07-28 05:00:00+00:00,0.7114600000000011,0.7115300000000011,0.7106300000000011,0.711030000000001
2026-07-28 06:00:00+00:00,0.711030000000001,0.711860000000001,0.7107000000000011,0.711470000000001
2026-07-28 07:00:00+00:00,0.711470000000001,0.7119700000000011,0.710960000000001,0.7112300000000011
2026-07-28 08:00:00+00:00,0.7112300000000011,0.7117100000000011,0.7109500000000011,0.7116700000000011
2026-07-28 09:00:00+00:00,0.7116700000000011,0.7118300000000011,0.7108000000000011,0.7108500000000011
2026-07-28 10:00:00+00:00,0.7108500000000011,0.7110600000000011,0.7106000000000011,0.7108700000000011
2026-07-28 11:00:00+00:00,0.7108700000000011,0.7110900000000011,0.7106300000000011,0.7108500000000011
2026-07-28 12:00:00+00:00,0.7108500000000011,0.7115100000000011,0.710810000000001,0.7112600000000011
2026-07-28 13:00:00+00:00,0.7112600000000011,0.7117500000000011,0.7108800000000011,0.7114300000000011
2026-07-28 14:00:00+00:00,0.7114300000000011,0.7117800000000011,0.7106600000000011,0.7110200000000011
2026-07-28 15:00:00+00:00,0.7110200000000011,0.7126500000000011,0.7108900000000011,0.7126500000000011
2026-07-28 16:00:00+00:00,0.7126500000000011,0.7129900000000011,0.712400000000001,0.7125400000000011
2026-07-28 17:00:00+00:00,0.7125400000000011,0.7127000000000011,0.711810000000001,0.7118700000000011
2026-07-28 18:00:00+00:00,0.7118700000000011,0.7120700000000011,0.7117100000000011,0.7118200000000011
2026-07-28 19:00:00+00:00,0.7118200000000011,0.7121200000000011,0.7117800000000011,0.7118000000000011
2026-07-28 20:00:00+00:00,0.7118000000000011,0.7119000000000011,0.7116700000000011,0.7116700000000011
2026-07-28 21:00:00+00:00,0.7116700000000011,0.7116700000000011,0.710910000000001,0.7111600000000011
2026-07-28 22:00:00+00:00,0.7111600000000011,0.711590000000001,0.7109900000000011,0.7112700000000011
2026-07-28 23:00:00+00:00,0.7112700000000011,0.7117500000000011,0.7111600000000011,0.7114100000000011
2026-07-29 00:00:00+00:00,0.7114100000000011,0.711590000000001,0.7108900000000011,0.7109600000000011
2026-07-29 01:00:00+00:00,0.7109600000000011,0.7112300000000011,0.7076900000000012,0.7086300000000011
2026-07-29 02:00:00+00:00,0.7086300000000011,0.7096300000000011,0.7083800000000011,0.7088000000000011
2026-07-29 03:00:00+00:00,0.7088000000000011,0.7090800000000012,0.708370000000001,0.7086600000000011
2026-07-29 04:00:00+00:00,0.7086600000000011,0.7092600000000011,0.7082100000000011,0.709200000000001
2026-07-29 05:00:00+00:00,0.709200000000001,0.7097200000000011,0.7091600000000011,0.7095400000000011
2026-07-29 06:00:00+00:00,0.7095400000000011,0.7099200000000011,0.7091100000000011,0.709200000000001
2026-07-29 07:00:00+00:00,0.709200000000001,0.7096500000000011,0.7086900000000012,0.7087500000000011
2026-07-29 08:00:00+00:00,0.7087500000000011,0.7087800000000011,0.7080700000000011,0.7083000000000012
2026-07-29 09:00:00+00:00,0.7083000000000012,0.7084700000000012,0.7080000000000011,0.7081000000000011
2026-07-29 10:00:00+00:00,0.7081000000000011,0.7083500000000011,0.7078900000000011,0.7080900000000011
2026-07-29 11:00:00+00:00,0.7080900000000011,0.7085100000000011,0.7079600000000011,0.7083100000000011
2026-07-29 12:00:00+00:00,0.7083100000000011,0.7084100000000011,0.7074700000000012,0.708200000000001
2026-07-29 13:00:00+00:00,0.708200000000001,0.7089200000000011,0.707980000000001,0.7088900000000011
2026-07-29 14:00:00+00:00,0.7088900000000011,0.7091000000000011,0.706370000000001,0.706370000000001
2026-07-29 15:00:00+00:00,0.706370000000001,0.7070500000000011,0.7062800000000011,0.7069100000000011
2026-07-29 16:00:00+00:00,0.7069100000000011,0.7069700000000011,0.706200000000001,0.7068000000000011
2026-07-29 17:00:00+00:00,0.7068000000000011,0.7076300000000011,0.7067000000000011,0.707370000000001
2026-07-29 18:00:00+00:00,0.707370000000001,0.7124100000000011,0.7067100000000011,0.7123800000000011
2026-07-29 19:00:00+00:00,0.7123800000000011,0.7128400000000011,0.7086900000000012,0.7087800000000011
2026-07-29 20:00:00+00:00,0.7087800000000011,0.7095100000000011,0.7084800000000011,0.709370000000001
2026-07-29 21:00:00+00:00,0.709370000000001,0.709370000000001,0.708590000000001,0.7088300000000011
2026-07-29 22:00:00+00:00,0.7088300000000011,0.7098500000000011,0.7088300000000011,0.709810000000001
2026-07-29 23:00:00+00:00,0.709810000000001,0.7104000000000011,0.7097400000000011,0.7098600000000012
2026-07-30 00:00:00+00:00,0.7098600000000012,0.7105400000000011,0.7090200000000011,0.709640000000001
2026-07-30 01:00:00+00:00,0.709640000000001,0.7103700000000011,0.7095500000000011,0.7098400000000011
2026-07-30 02:00:00+00:00,0.7098400000000011,0.7102300000000011,0.7094100000000011,0.7094100000000011
2026-07-30 03:00:00+00:00,0.7094100000000011,0.7097000000000011,0.7089400000000011,0.7090600000000011
2026-07-30 04:00:00+00:00,0.7090600000000011,0.7093600000000011,0.7089000000000011,0.7090000000000011
2026-07-30 05:00:00+00:00,0.7090000000000011,0.7096500000000011,0.7087800000000011,0.708980000000001
2026-07-30 06:00:00+00:00,0.708980000000001,0.7095400000000011,0.708590000000001,0.7093000000000012
2026-07-30 07:00:00+00:00,0.7093000000000012,0.7102200000000011,0.7089900000000011,0.7090200000000011
2026-07-30 08:00:00+00:00,0.7090200000000011,0.710430000000001,0.7089700000000011,0.7100700000000011
2026-07-30 09:00:00+00:00,0.7100700000000011,0.7116800000000011,0.7100500000000011,0.7113400000000011
2026-07-30 10:00:00+00:00,0.7113400000000011,0.712420000000001,0.7112200000000011,0.711750000000001
2026-07-30 11:00:00+00:00,0.711750000000001,0.712310000000001,0.711530000000001,0.712310000000001
2026-07-30 12:00:00+00:00,0.712310000000001,0.712520000000001,0.7115600000000011,0.7116100000000011
2026-07-30 13:00:00+00:00,0.7116100000000011,0.715960000000001,0.7114400000000011,0.7159500000000011
2026-07-30 14:00:00+00:00,0.7159500000000011,0.716500000000001,0.714350000000001,0.714520000000001
2026-07-30 15:00:00+00:00,0.714520000000001,0.716500000000001,0.714430000000001,0.716190000000001
2026-07-30 16:00:00+00:00,0.716190000000001,0.716920000000001,0.716190000000001,0.7167300000000011
2026-07-30 17:00:00+00:00,0.7167300000000011,0.717190000000001,0.7162900000000011,0.717090000000001
2026-07-30 18:00:00+00:00,0.717090000000001,0.7173900000000011,0.7167800000000011,0.7170200000000011
2026-07-30 19:00:00+00:00,0.7170200000000011,0.717330000000001,0.716860000000001,0.717260000000001
2026-07-30 20:00:00+00:00,0.717260000000001,0.717410000000001,0.716520000000001,0.7165600000000011
2026-07-30 21:00:00+00:00,0.7165600000000011,0.7167400000000009,0.716040000000001,0.716460000000001
2026-07-30 22:00:00+00:00,0.716460000000001,0.7171300000000009,0.716460000000001,0.7169700000000009
2026-07-30 23:00:00+00:00,0.7169700000000009,0.717170000000001,0.716410000000001,0.7165500000000009
2026-07-31 00:00:00+00:00,0.7165500000000009,0.7173000000000009,0.716410000000001,0.7170600000000009
2026-07-31 01:00:00+00:00,0.7170600000000009,0.7173800000000009,0.716320000000001,0.716490000000001
2026-07-31 02:00:00+00:00,0.716490000000001,0.716660000000001,0.716120000000001,0.7165700000000009
2026-07-31 03:00:00+00:00,0.7165700000000009,0.716680000000001,0.7160600000000009,0.716610000000001
2026-07-31 04:00:00+00:00,0.716610000000001,0.7171800000000009,0.7166000000000009,0.7168000000000009
2026-07-31 05:00:00+00:00,0.7168000000000009,0.717220000000001,0.7167400000000009,0.717050000000001
2026-07-31 06:00:00+00:00,0.717050000000001,0.7179200000000009,0.716900000000001,0.717390000000001
2026-07-31 07:00:00+00:00,0.717390000000001,0.7178200000000009,0.7169900000000009,0.717150000000001
2026-07-31 08:00:00+00:00,0.717150000000001,0.718460000000001,0.7166500000000009,0.718240000000001
2026-07-31 09:00:00+00:00,0.718240000000001,0.7185500000000009,0.7169600000000009,0.717490000000001
2026-07-31 10:00:00+00:00,0.717490000000001,0.717660000000001,0.7170400000000009,0.7171300000000009
2026-07-31 11:00:00+00:00,0.7171300000000009,0.717370000000001,0.715950000000001,0.715980000000001
2026-07-31 12:00:00+00:00,0.715980000000001,0.7160900000000009,0.714980000000001,0.7152800000000009
2026-07-31 13:00:00+00:00,0.7152800000000009,0.7165800000000009,0.714290000000001,0.714320000000001
2026-07-31 14:00:00+00:00,0.714320000000001,0.716660000000001,0.713220000000001,0.7163600000000009
2026-07-31 15:00:00+00:00,0.7163600000000009,0.7168000000000009,0.715810000000001,0.716490000000001
2026-07-31 16:00:00+00:00,0.716490000000001,0.7169400000000009,0.7162800000000009,0.716630000000001
2026-07-31 17:00:00+00:00,0.716630000000001,0.7179200000000009,0.7166200000000009,0.7175700000000009
2026-07-31 18:00:00+00:00,0.7175700000000009,0.717810000000001,0.7173600000000009,0.7177700000000009
2026-07-31 19:00:00+00:00,0.7177700000000009,0.718270000000001,0.7176200000000009,0.7176200000000009
2026-07-31 20:00:00+00:00,0.7176200000000009,0.7182800000000009,0.7165200000000009,0.7168400000000009
2026-08-02 21:00:00+00:00,0.7168400000000009,0.7168400000000009,0.7155700000000009,0.715750000000001
2026-08-02 22:00:00+00:00,0.715750000000001,0.717050000000001,0.715730000000001,0.7166400000000009
2026-08-02 23:00:00+00:00,0.7166400000000009,0.7167400000000009,0.7162600000000009,0.716590000000001
2026-08-03 00:00:00+00:00,0.716590000000001,0.717070000000001,0.716000000000001,0.7162500000000009
2026-08-03 01:00:00+00:00,0.7162500000000009,0.716340000000001,0.715210000000001,0.7154000000000009
2026-08-03 02:00:00+00:00,0.7154000000000009,0.715460000000001,0.7148900000000009,0.7151300000000009
2026-08-03 03:00:00+00:00,0.7151300000000009,0.7151800000000009,0.714810000000001,0.7149600000000009
2026-08-03 04:00:00+00:00,0.7149600000000009,0.715340000000001,0.7149400000000009,0.7151100000000009
2026-08-03 05:00:00+00:00,0.7151100000000009,0.715680000000001,0.715040000000001,0.715650000000001
2026-08-03 06:00:00+00:00,0.715650000000001,0.715810000000001,0.714700000000001,0.714760000000001
2026-08-03 07:00:00+00:00,0.714760000000001,0.714880000000001,0.7136200000000009,0.713800000000001
2026-08-03 08:00:00+00:00,0.713800000000001,0.713820000000001,0.712800000000001,0.712970000000001
2026-08-03 09:00:00+00:00,0.712970000000001,0.7131300000000009,0.712410000000001,0.712410000000001
2026-08-03 10:00:00+00:00,0.712410000000001,0.712460000000001,0.711850000000001,0.712090000000001
2026-08-03 11:00:00+00:00,0.712090000000001,0.7129400000000009,0.711950000000001,0.712870000000001
2026-08-03 12:00:00+00:00,0.712870000000001,0.7129600000000009,0.7116700000000009,0.711880000000001
2026-08-03 13:00:00+00:00,0.711880000000001,0.7120300000000009,0.710440000000001,0.711100000000001
2026-08-03 14:00:00+00:00,0.711100000000001,0.7120300000000009,0.710820000000001,0.711930000000001
2026-08-03 15:00:00+00:00,0.711930000000001,0.7121100000000009,0.711540000000001,0.7120100000000009
2026-08-03 16:00:00+00:00,0.7120100000000009,0.7121100000000009,0.711680000000001,0.711760000000001
2026-08-03 17:00:00+00:00,0.711760000000001,0.711760000000001,0.711240000000001,0.7113000000000009
2026-08-03 18:00:00+00:00,0.7113000000000009,0.712020000000001,0.711210000000001,0.711980000000001
2026-08-03 19:00:00+00:00,0.711980000000001,0.712190000000001,0.711870000000001,0.712000000000001
2026-08-03 20:00:00+00:00,0.712000000000001,0.712120000000001,0.711800000000001,0.711980000000001
2026-08-03 21:00:00+00:00,0.711980000000001,0.7121300000000009,0.711600000000001,0.711830000000001
2026-08-03 22:00:00+00:00,0.711830000000001,0.7120800000000009,0.711760000000001,0.711980000000001
2026-08-03 23:00:00+00:00,0.711980000000001,0.712000000000001,0.7116900000000009,0.711770000000001
2026-08-04 00:00:00+00:00,0.711770000000001,0.712660000000001,0.711760000000001,0.712050000000001
2026-08-04 01:00:00+00:00,0.712050000000001,0.7135000000000009,0.7117400000000009,0.713390000000001
2026-08-04 02:00:00+00:00,0.713390000000001,0.713870000000001,0.712990000000001,0.713560000000001
2026-08-04 03:00:00+00:00,0.713560000000001,0.714410000000001,0.713540000000001,0.713930000000001
2026-08-04 04:00:00+00:00,0.713930000000001,0.714070000000001,0.713700000000001,0.713950000000001
2026-08-04 05:00:00+00:00,0.713950000000001,0.714200000000001,0.7135000000000009,0.713900000000001
2026-08-04 06:00:00+00:00,0.713900000000001,0.7141600000000009,0.7132300000000009,0.713460000000001
2026-08-04 07:00:00+00:00,0.713460000000001,0.714340000000001,0.713460000000001,0.7138100000000009
2026-08-04 08:00:00+00:00,0.7138100000000009,0.7145000000000009,0.713800000000001,0.7143300000000009
2026-08-04 09:00:00+00:00,0.7143300000000009,0.7147700000000009,0.714090000000001,0.714750000000001
2026-08-04 10:00:00+00:00,0.714750000000001,0.715630000000001,0.7146900000000009,0.715190000000001
2026-08-04 11:00:00+00:00,0.715190000000001,0.7157900000000009,0.715040000000001,0.715290000000001
2026-08-04 12:00:00+00:00,0.715290000000001,0.715710000000001,0.714900000000001,0.715390000000001
2026-08-04 13:00:00+00:00,0.715390000000001,0.7158400000000009,0.7150800000000009,0.7156400000000009
2026-08-04 14:00:00+00:00,0.7156400000000009,0.7162500000000009,0.715540000000001,0.715880000000001
2026-08-04 15:00:00+00:00,0.715880000000001,0.7159400000000009,0.715150000000001,0.715730000000001
2026-08-04 16:00:00+00:00,0.715730000000001,0.715970000000001,0.715530000000001,0.7158600000000009
2026-08-04 17:00:00+00:00,0.7158600000000009,0.716260000000001,0.7158600000000009,0.716000000000001
2026-08-04 18:00:00+00:00,0.716000000000001,0.716700000000001,0.715920000000001,0.716610000000001
2026-08-04 19:00:00+00:00,0.716610000000001,0.716900000000001,0.7165000000000009,0.716660000000001
2026-08-04 20:00:00+00:00,0.716660000000001,0.7168400000000009,0.716590000000001,0.716630000000001
2026-08-04 21:00:00+00:00,0.716630000000001,0.716630000000001,0.715730000000001,0.7164300000000009
2026-08-04 22:00:00+00:00,0.7164300000000009,0.7169600000000009,0.7164300000000009,0.7169400000000009
2026-08-04 23:00:00+00:00,0.7169400000000009,0.716950000000001,0.7166200000000009,0.7166700000000009
2026-08-05 00:00:00+00:00,0.7166700000000009,0.7173600000000009,0.716290000000001,0.7163600000000009
2026-08-05 01:00:00+00:00,0.7163600000000009,0.7166500000000009,0.716000000000001,0.7163800000000009
2026-08-05 02:00:00+00:00,0.7163800000000009,0.7171600000000009,0.7160600000000009,0.7167500000000009
2026-08-05 03:00:00+00:00,0.7167500000000009,0.717290000000001,0.716680000000001,0.7169100000000009
2026-08-05 04:00:00+00:00,0.7169100000000009,0.717630000000001,0.7168200000000009,0.716880000000001
2026-08-05 05:00:00+00:00,0.716880000000001,0.716900000000001,0.716540000000001,0.7168200000000009
2026-08-05 06:00:00+00:00,0.7168200000000009,0.7171100000000009,0.7163300000000009,0.716950000000001
2026-08-05 07:00:00+00:00,0.716950000000001,0.717120000000001,0.7160400000000009,0.7167400000000009
2026-08-05 08:00:00+00:00,0.7167400000000009,0.7168700000000009,0.716200000000001,0.716340000000001
2026-08-05 09:00:00+00:00,0.716340000000001,0.7167700000000009,0.716320000000001,0.7166500000000009
2026-08-05 10:00:00+00:00,0.7166500000000009,0.7166700000000009,0.7160600000000009,0.7162600000000009
2026-08-05 11:00:00+00:00,0.7162600000000009,0.7171100000000009,0.7162600000000009,0.716950000000001
2026-08-05 12:00:00+00:00,0.716950000000001,0.7174500000000009,0.716680000000001,0.716800000000001
2026-08-05 13:00:00+00:00,0.716800000000001,0.7175200000000009,0.7165000000000009,0.7173000000000009
2026-08-05 14:00:00+00:00,0.7173000000000009,0.7184800000000009,0.7170900000000009,0.717800000000001
2026-08-05 15:00:00+00:00,0.717800000000001,0.718030000000001,0.716950000000001,0.717020000000001
2026-08-05 16:00:00+00:00,0.717020000000001,0.7174700000000009,0.716900000000001,0.717220000000001
2026-08-05 17:00:00+00:00,0.717220000000001,0.718170000000001,0.7170400000000009,0.7180900000000009
2026-08-05 18:00:00+00:00,0.7180900000000009,0.718320000000001,0.7179400000000009,0.7180800000000009
2026-08-05 19:00:00+00:00,0.7180800000000009,0.718190000000001,0.717540000000001,0.717540000000001
2026-08-05 20:00:00+00:00,0.717540000000001,0.717830000000001,0.7175000000000009,0.7176900000000009
2026-08-05 21:00:00+00:00,0.7176900000000009,0.7176900000000009,0.7170000000000007,0.7171500000000007
2026-08-05 22:00:00+00:00,0.7171500000000007,0.7178000000000008,0.7171500000000007,0.7177300000000008
2026-08-05 23:00:00+00:00,0.7177300000000008,0.7178500000000008,0.7174600000000008,0.7176400000000007
2026-08-06 00:00:00+00:00,0.7176400000000007,0.7179500000000008,0.7173700000000007,0.7176600000000007
2026-08-06 01:00:00+00:00,0.7176600000000007,0.7178700000000007,0.7173200000000007,0.7176100000000007
2026-08-06 02:00:00+00:00,0.7176100000000007,0.7179700000000008,0.7174200000000007,0.7175300000000008
2026-08-06 03:00:00+00:00,0.7175300000000008,0.7175500000000007,0.7164600000000008,0.7166600000000007
2026-08-06 04:00:00+00:00,0.7166600000000007,0.7167100000000007,0.7163200000000007,0.7166700000000007
2026-08-06 05:00:00+00:00,0.7166700000000007,0.7168000000000008,0.7161700000000008,0.7166700000000007
2026-08-06 06:00:00+00:00,0.7166700000000007,0.7168200000000007,0.7158000000000008,0.7160800000000007
2026-08-06 07:00:00+00:00,0.7160800000000007,0.7163700000000007,0.7155500000000007,0.7157000000000008
2026-08-06 08:00:00+00:00,0.7157000000000008,0.7163800000000007,0.7155300000000008,0.7163700000000007
2026-08-06 09:00:00+00:00,0.7163700000000007,0.7163700000000007,0.7158600000000007,0.7161300000000007
2026-08-06 10:00:00+00:00,0.7161300000000007,0.7162600000000007,0.7158100000000007,0.7161700000000008
2026-08-06 11:00:00+00:00,0.7161700000000008,0.7162600000000007,0.7156000000000007,0.7162500000000007
2026-08-06 12:00:00+00:00,0.7162500000000007,0.7163800000000007,0.7155800000000008,0.7157500000000008
2026-08-06 13:00:00+00:00,0.7157500000000008,0.7161400000000008,0.7152400000000008,0.7159800000000007
2026-08-06 14:00:00+00:00,0.7159800000000007,0.7161400000000008,0.7155600000000008,0.7161000000000007
2026-08-06 15:00:00+00:00,0.7161000000000007,0.7161800000000007,0.7145800000000008,0.7146800000000008
2026-08-06 16:00:00+00:00,0.7146800000000008,0.7150700000000008,0.7141800000000007,0.7150700000000008
2026-08-06 17:00:00+00:00,0.7150700000000008,0.7153200000000007,0.7149100000000007,0.7152300000000007
2026-08-06 18:00:00+00:00,0.7152300000000007,0.7154700000000007,0.7150900000000008,0.7152600000000007
2026-08-06 19:00:00+00:00,0.7152600000000007,0.7154800000000008,0.7148700000000008,0.7152500000000007
2026-08-06 20:00:00+00:00,0.7152500000000007,0.7153200000000007,0.7149100000000007,0.7150800000000007
2026-08-06 21:00:00+00:00,0.7150800000000007,0.7150800000000007,0.7144600000000007,0.7146300000000007
2026-08-06 22:00:00+00:00,0.7146300000000007,0.7151200000000006,0.7146300000000007,0.7148300000000007
2026-08-06 23:00:00+00:00,0.7148300000000007,0.7152500000000007,0.7148300000000007,0.7151800000000007
2026-08-07 00:00:00+00:00,0.7151800000000007,0.7152400000000008,0.7144500000000007,0.7147400000000007
2026-08-07 01:00:00+00:00,0.7147400000000007,0.7150500000000007,0.7144700000000007,0.7147400000000007
2026-08-07 02:00:00+00:00,0.7147400000000007,0.7148700000000008,0.7141200000000008,0.7142700000000007
2026-08-07 03:00:00+00:00,0.7142700000000007,0.7144200000000007,0.7141600000000007,0.7143800000000007
2026-08-07 04:00:00+00:00,0.7143800000000007,0.7148200000000008,0.7143000000000007,0.7145200000000007
2026-08-07 05:00:00+00:00,0.7145200000000007,0.7149300000000007,0.7144000000000007,0.7147100000000007
2026-08-07 06:00:00+00:00,0.7147100000000007,0.7152800000000007,0.7146000000000007,0.7151700000000007
2026-08-07 07:00:00+00:00,0.7151700000000007,0.7155200000000007,0.7151100000000007,0.7154200000000007
2026-08-07 08:00:00+00:00,0.7154200000000007,0.7157400000000007,0.7152000000000007,0.7155800000000008
2026-08-07 09:00:00+00:00,0.7155800000000008,0.7161200000000008,0.7155200000000007,0.7159500000000008
2026-08-07 10:00:00+00:00,0.7159500000000008,0.7160500000000007,0.7154500000000007,0.7154900000000007
2026-08-07 11:00:00+00:00,0.7154900000000007,0.7160100000000007,0.7154900000000007,0.7159200000000008
2026-08-07 12:00:00+00:00,0.7159200000000008,0.7196700000000007,0.7154600000000008,0.7186600000000007
2026-08-07 13:00:00+00:00,0.7186600000000007,0.7188700000000008,0.7177200000000007,0.7178600000000007
2026-08-07 14:00:00+00:00,0.7178600000000007,0.7187700000000007,0.7176100000000007,0.7178700000000008
2026-08-07 15:00:00+00:00,0.7178700000000008,0.7184100000000008,0.7174800000000008,0.7181700000000008
2026-08-07 16:00:00+00:00,0.7181700000000008,0.7188200000000007,0.7181200000000008,0.7184100000000008
2026-08-07 17:00:00+00:00,0.7184100000000008,0.7187900000000007,0.7182800000000007,0.7185700000000007
2026-08-07 18:00:00+00:00,0.7185700000000007,0.7188100000000007,0.7184100000000008,0.7187600000000007
2026-08-07 19:00:00+00:00,0.7187600000000007,0.7193900000000006,0.7187500000000007,0.7188700000000007
2026-08-07 20:00:00+00:00,0.7188700000000007,0.7189400000000007,0.7181200000000006,0.7182600000000007
2026-08-09 21:00:00+00:00,0.7182600000000007,0.7187500000000008,0.7179300000000008,0.7186300000000008
2026-08-09 22:00:00+00:00,0.7186300000000008,0.7191300000000008,0.7184800000000008,0.7187700000000008
2026-08-09 23:00:00+00:00,0.7187700000000008,0.7190100000000008,0.7184400000000007,0.7184600000000008
2026-08-10 00:00:00+00:00,0.7184600000000008,0.7192900000000008,0.7183900000000008,0.7184600000000008
2026-08-10 01:00:00+00:00,0.7184600000000008,0.7187600000000007,0.7179600000000008,0.7186700000000008
2026-08-10 02:00:00+00:00,0.7186700000000008,0.7188100000000007,0.7183200000000007,0.7183600000000008
2026-08-10 03:00:00+00:00,0.7183600000000008,0.7184200000000007,0.7180100000000008,0.7181400000000008
2026-08-10 04:00:00+00:00,0.7181400000000008,0.7184400000000007,0.7179200000000008,0.7183200000000007
2026-08-10 05:00:00+00:00,0.7183200000000007,0.7191500000000007,0.7182800000000008,0.7191200000000008
2026-08-10 06:00:00+00:00,0.7191200000000008,0.7192000000000007,0.7187200000000008,0.7189200000000008
2026-08-10 07:00:00+00:00,0.7189200000000008,0.7194400000000007,0.7186700000000008,0.7193100000000008
2026-08-10 08:00:00+00:00,0.7193100000000008,0.7196800000000008,0.7191300000000008,0.7192300000000008
2026-08-10 09:00:00+00:00,0.7192300000000008,0.7193300000000008,0.7187100000000007,0.7187100000000007
2026-08-10 10:00:00+00:00,0.7187100000000007,0.7190400000000008,0.7185300000000008,0.7189400000000008
2026-08-10 11:00:00+00:00,0.7189400000000008,0.7190400000000008,0.7184000000000008,0.7185900000000007
2026-08-10 12:00:00+00:00,0.7185900000000007,0.7186300000000008,0.7178200000000008,0.7179400000000008
2026-08-10 13:00:00+00:00,0.7179400000000008,0.7182100000000008,0.7175700000000008,0.7179400000000008
2026-08-10 14:00:00+00:00,0.7179400000000008,0.7188700000000008,0.7178800000000007,0.7185300000000008
2026-08-10 15:00:00+00:00,0.7185300000000008,0.7189100000000007,0.7183000000000007,0.7187700000000008
2026-08-10 16:00:00+00:00,0.7187700000000008,0.7188700000000008,0.7182400000000008,0.7183500000000008
2026-08-10 17:00:00+00:00,0.7183500000000008,0.7184000000000008,0.7176900000000007,0.7177400000000008
2026-08-10 18:00:00+00:00,0.7177400000000008,0.7181300000000008,0.7177000000000008,0.7179100000000007
2026-08-10 19:00:00+00:00,0.7179100000000007,0.7179900000000008,0.7176700000000008,0.7177100000000007
2026-08-10 20:00:00+00:00,0.7177100000000007,0.7178000000000008,0.7176000000000008,0.7176200000000008
2026-08-10 21:00:00+00:00,0.7176200000000008,0.7176700000000007,0.7172300000000008,0.717340000000001
2026-08-10 22:00:00+00:00,0.717340000000001,0.717660000000001,0.717270000000001,0.7176500000000009
2026-08-10 23:00:00+00:00,0.7176500000000009,0.7177700000000009,0.717340000000001,0.717540000000001
2026-08-11 00:00:00+00:00,0.717540000000001,0.7178600000000009,0.7174700000000009,0.7175700000000009
2026-08-11 01:00:00+00:00,0.7175700000000009,0.7182800000000009,0.717150000000001,0.7178600000000009
2026-08-11 02:00:00+00:00,0.7178600000000009,0.7180400000000009,0.717320000000001,0.717370000000001
2026-08-11 03:00:00+00:00,0.717370000000001,0.7179900000000009,0.717370000000001,0.717780000000001
2026-08-11 04:00:00+00:00,0.717780000000001,0.718150000000001,0.7159900000000009,0.717050000000001
2026-08-11 05:00:00+00:00,0.717050000000001,0.717730000000001,0.716200000000001,0.7175200000000009
2026-08-11 06:00:00+00:00,0.7175200000000009,0.717900000000001,0.7170400000000009,0.7172600000000009
2026-08-11 07:00:00+00:00,0.7172600000000009,0.7176000000000009,0.7167000000000009,0.7167700000000009
2026-08-11 08:00:00+00:00,0.7167700000000009,0.717490000000001,0.7167200000000009,0.7172600000000009
2026-08-11 09:00:00+00:00,0.7172600000000009,0.7177200000000009,0.7171100000000009,0.717710000000001
2026-08-11 10:00:00+00:00,0.717710000000001,0.7181600000000009,0.717560000000001,0.7181600000000009
2026-08-11 11:00:00+00:00,0.7181600000000009,0.7189100000000009,0.7180100000000009,0.7181100000000009
2026-08-11 12:00:00+00:00,0.7181100000000009,0.7187200000000009,0.7179700000000009,0.7184100000000009
2026-08-11 13:00:00+00:00,0.7184100000000009,0.7189700000000009,0.7184100000000009,0.7187500000000009
2026-08-11 14:00:00+00:00,0.7187500000000009,0.718950000000001,0.7183600000000009,0.7184100000000009
2026-08-11 15:00:00+00:00,0.7184100000000009,0.7185000000000009,0.7176500000000009,0.718150000000001
2026-08-11 16:00:00+00:00,0.718150000000001,0.7183000000000009,0.7180400000000009,0.7181900000000009
2026-08-11 17:00:00+00:00,0.7181900000000009,0.7182800000000009,0.7177700000000009,0.717930000000001
2026-08-11 18:00:00+00:00,0.717930000000001,0.7179700000000009,0.717420000000001,0.717900000000001
2026-08-11 19:00:00+00:00,0.717900000000001,0.7182100000000009,0.7178200000000009,0.7181300000000009
2026-08-11 20:00:00+00:00,0.7181300000000009,0.718270000000001,0.7180600000000009,0.7180600000000009
2026-08-11 21:00:00+00:00,0.7180600000000009,0.718120000000001,0.7173700000000011,0.717790000000001
2026-08-11 22:00:00+00:00,0.717790000000001,0.7184100000000011,0.717790000000001,0.7183700000000011
2026-08-11 23:00:00+00:00,0.7183700000000011,0.7184600000000011,0.7182600000000011,0.7183600000000011
2026-08-12 00:00:00+00:00,0.7183600000000011,0.7188700000000011,0.718300000000001,0.7184600000000011
2026-08-12 01:00:00+00:00,0.7184600000000011,0.7184800000000011,0.7177100000000011,0.7178800000000011
2026-08-12 02:00:00+00:00,0.7178800000000011,0.717940000000001,0.717430000000001,0.717820000000001
2026-08-12 03:00:00+00:00,0.717820000000001,0.717940000000001,0.7175100000000011,0.717690000000001
2026-08-12 04:00:00+00:00,0.717690000000001,0.7177500000000011,0.717520000000001,0.7176300000000011
2026-08-12 05:00:00+00:00,0.7176300000000011,0.7180000000000011,0.7174100000000011,0.7179700000000011
2026-08-12 06:00:00+00:00,0.7179700000000011,0.7181000000000011,0.7175800000000011,0.717990000000001
2026-08-12 07:00:00+00:00,0.717990000000001,0.7182400000000011,0.7176600000000011,0.717770000000001
2026-08-12 08:00:00+00:00,0.717770000000001,0.7180300000000011,0.7176100000000011,0.7179500000000011
2026-08-12 09:00:00+00:00,0.7179500000000011,0.719180000000001,0.7179500000000011,0.718450000000001
2026-08-12 10:00:00+00:00,0.718450000000001,0.7189300000000011,0.7182000000000011,0.7185300000000011
2026-08-12 11:00:00+00:00,0.7185300000000011,0.7191700000000011,0.718380000000001,0.7190500000000011
2026-08-12 12:00:00+00:00,0.7190500000000011,0.720890000000001,0.7179300000000011,0.720790000000001
2026-08-12 13:00:00+00:00,0.720790000000001,0.7211200000000011,0.719960000000001,0.720450000000001
2026-08-12 14:00:00+00:00,0.720450000000001,0.7207000000000011,0.7189700000000011,0.719260000000001
2026-08-12 15:00:00+00:00,0.719260000000001,0.719600000000001,0.718650000000001,0.7189300000000011
2026-08-12 16:00:00+00:00,0.7189300000000011,0.719130000000001,0.718130000000001,0.718330000000001
2026-08-12 17:00:00+00:00,0.718330000000001,0.718550000000001,0.718110000000001,0.7181500000000011
2026-08-12 18:00:00+00:00,0.7181500000000011,0.7184800000000011,0.7180700000000011,0.7181500000000011
2026-08-12 19:00:00+00:00,0.7181500000000011,0.7183600000000011,0.7180200000000011,0.718350000000001
2026-08-12 20:00:00+00:00,0.718350000000001,0.718380000000001,0.7180700000000011,0.718160000000001
2026-08-12 21:00:00+00:00,0.718160000000001,0.718160000000001,0.7176000000000011,0.7177900000000009
2026-08-12 22:00:00+00:00,0.7177900000000009,0.7183600000000009,0.7177900000000009,0.7183400000000009
2026-08-12 23:00:00+00:00,0.7183400000000009,0.7184900000000007,0.7183200000000007,0.7184500000000008
2026-08-13 00:00:00+00:00,0.7184500000000008,0.7187700000000008,0.7180200000000008,0.7182200000000007
2026-08-13 01:00:00+00:00,0.7182200000000007,0.7182800000000008,0.7176600000000007,0.7177300000000008
2026-08-13 02:00:00+00:00,0.7177300000000008,0.7177600000000007,0.7171300000000007,0.7173700000000007
2026-08-13 03:00:00+00:00,0.7173700000000007,0.7174500000000008,0.7167800000000007,0.7168900000000008
2026-08-13 04:00:00+00:00,0.7168900000000008,0.7171300000000007,0.7165900000000007,0.7170200000000008
2026-08-13 05:00:00+00:00,0.7170200000000008,0.7173000000000007,0.7167400000000008,0.7170400000000008
2026-08-13 06:00:00+00:00,0.7170400000000008,0.7172400000000008,0.7164600000000008,0.7169700000000008
2026-08-13 07:00:00+00:00,0.7169700000000008,0.7171500000000007,0.7167000000000008,0.7169600000000008
2026-08-13 08:00:00+00:00,0.7169600000000008,0.7170500000000007,0.7167200000000008,0.7169000000000008
2026-08-13 09:00:00+00:00,0.7169000000000008,0.7179100000000007,0.7167500000000008,0.7178700000000008
2026-08-13 10:00:00+00:00,0.7178700000000008,0.7178800000000007,0.7174400000000007,0.7175500000000008
2026-08-13 11:00:00+00:00,0.7175500000000008,0.7176600000000007,0.7173100000000008,0.7173700000000007
2026-08-13 12:00:00+00:00,0.7173700000000007,0.7185900000000007,0.7167300000000008,0.7185800000000008
2026-08-13 13:00:00+00:00,0.7185800000000008,0.7186800000000008,0.7176900000000007,0.7177800000000008
2026-08-13 14:00:00+00:00,0.7177800000000008,0.7188100000000007,0.7177800000000008,0.7185500000000008
2026-08-13 15:00:00+00:00,0.7185500000000008,0.7187300000000008,0.7176500000000008,0.7178000000000008
2026-08-13 16:00:00+00:00,0.7178000000000008,0.7181200000000008,0.7174300000000008,0.7180400000000008
2026-08-13 17:00:00+00:00,0.7180400000000008,0.7182300000000008,0.7177200000000008,0.7177400000000007
2026-08-13 18:00:00+00:00,0.7177400000000007,0.7179900000000008,0.7175700000000008,0.7178300000000007
2026-08-13 19:00:00+00:00,0.7178300000000007,0.7181500000000007,0.7177700000000008,0.7180700000000008
2026-08-13 20:00:00+00:00,0.7180700000000008,0.7181400000000008,0.7179100000000007,0.7180100000000008
2026-08-13 21:00:00+00:00,0.7180100000000008,0.7180100000000008,0.7172800000000008,0.7175900000000007
2026-08-13 22:00:00+00:00,0.7175900000000007,0.7183200000000008,0.7175900000000007,0.7182700000000009
2026-08-13 23:00:00+00:00,0.7182700000000009,0.7184800000000008,0.7182400000000008,0.7184100000000008
2026-08-14 00:00:00+00:00,0.7184100000000008,0.7187100000000008,0.7180700000000008,0.7182300000000008
2026-08-14 01:00:00+00:00,0.7182300000000008,0.7182600000000008,0.7176800000000008,0.7177700000000008
2026-08-14 02:00:00+00:00,0.7177700000000008,0.7180800000000008,0.7176200000000008,0.7177200000000008
2026-08-14 03:00:00+00:00,0.7177200000000008,0.7182600000000008,0.7176400000000008,0.7181900000000008
2026-08-14 04:00:00+00:00,0.7181900000000008,0.7184200000000008,0.7181400000000008,0.7183200000000008
2026-08-14 05:00:00+00:00,0.7183200000000008,0.7188600000000008,0.7182600000000008,0.7188600000000008
2026-08-14 06:00:00+00:00,0.7188600000000008,0.7189500000000009,0.7183800000000008,0.7189100000000008
2026-08-14 07:00:00+00:00,0.7189100000000008,0.7194100000000008,0.7187900000000008,0.7193000000000008
2026-08-14 08:00:00+00:00,0.7193000000000008,0.7195900000000008,0.7189900000000008,0.7193600000000008
2026-08-14 09:00:00+00:00,0.7193600000000008,0.7196100000000009,0.7192800000000008,0.7196000000000008
2026-08-14 10:00:00+00:00,0.7196000000000008,0.7198600000000008,0.7195100000000008,0.7196500000000008
2026-08-14 11:00:00+00:00,0.7196500000000008,0.7204600000000008,0.7196400000000008,0.7201800000000008
2026-08-14 12:00:00+00:00,0.7201800000000008,0.7210500000000009,0.7198100000000008,0.7201600000000008
2026-08-14 13:00:00+00:00,0.7201600000000008,0.7213800000000008,0.7199500000000008,0.7211600000000008
2026-08-14 14:00:00+00:00,0.7211600000000008,0.7213600000000008,0.7206400000000008,0.7212200000000009
2026-08-14 15:00:00+00:00,0.7212200000000009,0.7216700000000008,0.7209500000000008,0.7210900000000008
2026-08-14 16:00:00+00:00,0.7210900000000008,0.7212700000000009,0.7204000000000008,0.7204600000000008
2026-08-14 17:00:00+00:00,0.7204600000000008,0.7204800000000008,0.7199900000000008,0.7201600000000008
2026-08-14 18:00:00+00:00,0.7201600000000008,0.7203500000000008,0.7199600000000008,0.7202600000000008
2026-08-14 19:00:00+00:00,0.7202600000000008,0.7205000000000008,0.7201900000000008,0.7204900000000009
2026-08-14 20:00:00+00:00,0.7204900000000009,0.7205100000000008,0.7200600000000008,0.7203200000000008
2026-08-16 21:00:00+00:00,0.7203200000000008,0.7204700000000008,0.7193100000000009,0.7193900000000009
2026-08-16 22:00:00+00:00,0.7193900000000009,0.7204300000000008,0.7193900000000009,0.7204100000000009
2026-08-16 23:00:00+00:00,0.7204100000000009,0.7205100000000009,0.7200600000000008,0.7201100000000008
2026-08-17 00:00:00+00:00,0.7201100000000008,0.7211600000000008,0.7201100000000008,0.7208300000000009
2026-08-17 01:00:00+00:00,0.7208300000000009,0.7214000000000008,0.7204800000000008,0.7212500000000008
2026-08-17 02:00:00+00:00,0.7212500000000008,0.7213400000000009,0.7207400000000008,0.7208000000000009
2026-08-17 03:00:00+00:00,0.7208000000000009,0.7216900000000008,0.7207400000000008,0.7216400000000008
2026-08-17 04:00:00+00:00,0.7216400000000008,0.7222100000000008,0.7215700000000008,0.7217600000000008
2026-08-17 05:00:00+00:00,0.7217600000000008,0.7231600000000008,0.7216800000000009,0.7228700000000008
2026-08-17 06:00:00+00:00,0.7228700000000008,0.7238800000000009,0.7225800000000009,0.7238200000000008
2026-08-17 07:00:00+00:00,0.7238200000000008,0.7240400000000008,0.7235800000000009,0.7236700000000008
2026-08-17 08:00:00+00:00,0.7236700000000008,0.7240200000000009,0.7232000000000008,0.7236100000000009
2026-08-17 09:00:00+00:00,0.7236100000000009,0.7243700000000008,0.7235000000000008,0.7241800000000008
2026-08-17 10:00:00+00:00,0.7241800000000008,0.7245600000000009,0.7239200000000009,0.7240600000000008
2026-08-17 11:00:00+00:00,0.7240600000000008,0.7245100000000009,0.7238400000000008,0.7241200000000009
2026-08-17 12:00:00+00:00,0.7241200000000009,0.7242600000000008,0.7232800000000008,0.7237900000000008
2026-08-17 13:00:00+00:00,0.7237900000000008,0.7238900000000008,0.7224500000000008,0.7231600000000008
2026-08-17 14:00:00+00:00,0.7231600000000008,0.7240700000000009,0.7226400000000008,0.7227900000000008
2026-08-17 15:00:00+00:00,0.7227900000000008,0.7229200000000009,0.7223400000000009,0.7228400000000008
2026-08-17 16:00:00+00:00,0.7228400000000008,0.7231100000000008,0.7226600000000009,0.7228000000000009
2026-08-17 17:00:00+00:00,0.7228000000000009,0.7228700000000008,0.7219500000000009,0.7220800000000008
2026-08-17 18:00:00+00:00,0.7220800000000008,0.7221800000000008,0.7216900000000008,0.7217900000000008
2026-08-17 19:00:00+00:00,0.7217900000000008,0.7222100000000008,0.7217100000000009,0.7220800000000008
2026-08-17 20:00:00+00:00,0.7220800000000008,0.7221200000000009,0.7219100000000008,0.7220200000000009
2026-08-17 21:00:00+00:00,0.7220200000000009,0.7221600000000009,0.721590000000001,0.721760000000001
2026-08-17 22:00:00+00:00,0.721760000000001,0.722140000000001,0.721760000000001,0.722100000000001
2026-08-17 23:00:00+00:00,0.722100000000001,0.7223600000000009,0.7220100000000009,0.7223500000000009
2026-08-18 00:00:00+00:00,0.7223500000000009,0.7226100000000009,0.722150000000001,0.7224500000000009
2026-08-18 01:00:00+00:00,0.7224500000000009,0.722880000000001,0.7221600000000009,0.7222100000000009
2026-08-18 02:00:00+00:00,0.7222100000000009,0.7226700000000009,0.7220100000000009,0.7226300000000009
2026-08-18 03:00:00+00:00,0.7226300000000009,0.722640000000001,0.721640000000001,0.7217900000000009
2026-08-18 04:00:00+00:00,0.7217900000000009,0.721880000000001,0.7214500000000009,0.7215500000000009
2026-08-18 05:00:00+00:00,0.7215500000000009,0.7216500000000009,0.7210900000000009,0.7215500000000009
2026-08-18 06:00:00+00:00,0.7215500000000009,0.721660000000001,0.7210200000000009,0.721590000000001
2026-08-18 07:00:00+00:00,0.721590000000001,0.7220000000000009,0.7213900000000009,0.7217500000000009
2026-08-18 08:00:00+00:00,0.7217500000000009,0.7219600000000009,0.721420000000001,0.7218900000000009
2026-08-18 09:00:00+00:00,0.7218900000000009,0.7225100000000009,0.721640000000001,0.7224300000000009
2026-08-18 10:00:00+00:00,0.7224300000000009,0.7225200000000009,0.7220900000000009,0.7221800000000009
2026-08-18 11:00:00+00:00,0.7221800000000009,0.7225800000000009,0.7220400000000009,0.7225600000000009
2026-08-18 12:00:00+00:00,0.7225600000000009,0.7229100000000009,0.7224000000000009,0.7226000000000009
2026-08-18 13:00:00+00:00,0.7226000000000009,0.7235000000000009,0.722220000000001,0.7229900000000009
2026-08-18 14:00:00+00:00,0.7229900000000009,0.7231200000000009,0.721370000000001,0.7214100000000009
2026-08-18 15:00:00+00:00,0.7214100000000009,0.721860000000001,0.7209500000000009,0.7211100000000009
2026-08-18 16:00:00+00:00,0.7211100000000009,0.7213100000000009,0.720540000000001,0.7207700000000009
2026-08-18 17:00:00+00:00,0.7207700000000009,0.7207800000000009,0.720150000000001,0.720200000000001
2026-08-18 18:00:00+00:00,0.720200000000001,0.720220000000001,0.7197900000000009,0.7199700000000009
2026-08-18 19:00:00+00:00,0.7199700000000009,0.7204000000000009,0.7198400000000009,0.7199500000000009
2026-08-18 20:00:00+00:00,0.7199500000000009,0.7201900000000009,0.719760000000001,0.7201300000000008
2026-08-18 21:00:00+00:00,0.7201300000000008,0.7202300000000008,0.7193900000000009,0.7197800000000009
2026-08-18 22:00:00+00:00,0.7197800000000009,0.7202600000000009,0.7197800000000009,0.7199200000000009
2026-08-18 23:00:00+00:00,0.7199200000000009,0.7200200000000009,0.7194900000000009,0.7196700000000008
2026-08-19 00:00:00+00:00,0.7196700000000008,0.7201500000000008,0.7189600000000008,0.7189800000000008
2026-08-19 01:00:00+00:00,0.7189800000000008,0.7193400000000009,0.7184700000000008,0.7191300000000008
2026-08-19 02:00:00+00:00,0.7191300000000008,0.7200700000000009,0.7190400000000009,0.7194400000000009
2026-08-19 03:00:00+00:00,0.7194400000000009,0.7195300000000009,0.7188300000000009,0.7188300000000009
2026-08-19 04:00:00+00:00,0.7188300000000009,0.7189900000000008,0.7182400000000009,0.7188300000000009
2026-08-19 05:00:00+00:00,0.7188300000000009,0.7190100000000008,0.7183200000000008,0.7184500000000008
2026-08-19 06:00:00+00:00,0.7184500000000008,0.7193700000000008,0.7182500000000008,0.7189700000000009
2026-08-19 07:00:00+00:00,0.7189700000000009,0.7193300000000008,0.7184600000000009,0.7186300000000009
2026-08-19 08:00:00+00:00,0.7186300000000009,0.7197400000000008,0.7184700000000008,0.7193100000000009
2026-08-19 09:00:00+00:00,0.7193100000000009,0.7197900000000008,0.7191900000000009,0.7194900000000009
2026-08-19 10:00:00+00:00,0.7194900000000009,0.7196300000000009,0.7191400000000009,0.7191700000000009
2026-08-19 11:00:00+00:00,0.7191700000000009,0.7193000000000008,0.7185700000000008,0.7189600000000008
2026-08-19 12:00:00+00:00,0.7189600000000008,0.7217700000000008,0.7188600000000008,0.7214700000000008
2026-08-19 13:00:00+00:00,0.7214700000000008,0.7240700000000009,0.7214600000000009,0.7233900000000009
2026-08-19 14:00:00+00:00,0.7233900000000009,0.7244500000000008,0.7232100000000008,0.7235800000000009
2026-08-19 15:00:00+00:00,0.7235800000000009,0.7241600000000008,0.7232900000000009,0.7237300000000009
2026-08-19 16:00:00+00:00,0.7237300000000009,0.7243200000000009,0.7236900000000008,0.7238400000000008
2026-08-19 17:00:00+00:00,0.7238400000000008,0.7242400000000009,0.7228500000000009,0.7228800000000009
2026-08-19 18:00:00+00:00,0.7228800000000009,0.7240300000000008,0.7227700000000008,0.7237800000000009
2026-08-19 19:00:00+00:00,0.7237800000000009,0.7242500000000008,0.7236900000000008,0.7239600000000008
2026-08-19 20:00:00+00:00,0.7239600000000008,0.7241200000000009,0.7237300000000009,0.7240300000000008
2026-08-19 21:00:00+00:00,0.7240300000000008,0.7240300000000008,0.7231000000000009,0.7236100000000009
2026-08-19 22:00:00+00:00,0.7236100000000009,0.7241500000000008,0.7236100000000009,0.7238700000000008
2026-08-19 23:00:00+00:00,0.7238700000000008,0.7242800000000009,0.7236100000000009,0.7237100000000009
2026-08-20 00:00:00+00:00,0.7237100000000009,0.7241200000000009,0.7229800000000008,0.7231200000000009
2026-08-20 01:00:00+00:00,0.7231200000000009,0.7240500000000009,0.7216700000000009,0.7229100000000008
2026-08-20 02:00:00+00:00,0.7229100000000008,0.7234500000000009,0.7224200000000008,0.7228300000000009
2026-08-20 03:00:00+00:00,0.7228300000000009,0.7234400000000009,0.7226700000000009,0.7233500000000009
2026-08-20 04:00:00+00:00,0.7233500000000009,0.7238400000000009,0.7227200000000009,0.7228100000000008
2026-08-20 05:00:00+00:00,0.7228100000000008,0.7230400000000009,0.7226100000000009,0.7229200000000009
2026-08-20 06:00:00+00:00,0.7229200000000009,0.7237500000000009,0.722860000000001,0.7236800000000009
2026-08-20 07:00:00+00:00,0.7236800000000009,0.7239400000000009,0.7231300000000009,0.7237800000000009
2026-08-20 08:00:00+00:00,0.7237800000000009,0.7242700000000009,0.7235900000000008,0.7238400000000009
2026-08-20 09:00:00+00:00,0.7238400000000009,0.7246300000000009,0.7236900000000009,0.7242900000000009
2026-08-20 10:00:00+00:00,0.7242900000000009,0.7247000000000009,0.7235400000000008,0.7237600000000008
2026-08-20 11:00:00+00:00,0.7237600000000008,0.7238800000000009,0.7222600000000009,0.7223300000000009
2026-08-20 12:00:00+00:00,0.7223300000000009,0.7232600000000009,0.7217100000000009,0.7231100000000009
2026-08-20 13:00:00+00:00,0.7231100000000009,0.7238200000000009,0.7229100000000009,0.7230700000000009
2026-08-20 14:00:00+00:00,0.7230700000000009,0.7239200000000009,0.7228900000000009,0.7235400000000008
2026-08-20 15:00:00+00:00,0.7235400000000008,0.7246600000000009,0.7227900000000009,0.7233700000000008
2026-08-20 16:00:00+00:00,0.7233700000000008,0.7234300000000009,0.7225100000000009,0.7227000000000009
2026-08-20 17:00:00+00:00,0.7227000000000009,0.7227700000000009,0.7224200000000008,0.7226700000000009
2026-08-20 18:00:00+00:00,0.7226700000000009,0.7227100000000009,0.7220100000000009,0.7225300000000009
2026-08-20 19:00:00+00:00,0.7225300000000009,0.7227400000000009,0.7223300000000009,0.7227000000000009
2026-08-20 20:00:00+00:00,0.7227000000000009,0.7228100000000008,0.7226100000000009,0.7226700000000009
2026-08-20 21:00:00+00:00,0.7226700000000009,0.7226700000000009,0.7220700000000009,0.7223000000000009
2026-08-20 22:00:00+00:00,0.7223000000000009,0.7230800000000009,0.7223000000000009,0.7229300000000008
2026-08-20 23:00:00+00:00,0.7229300000000008,0.7234000000000009,0.7229300000000008,0.7233000000000009
2026-08-21 00:00:00+00:00,0.7233000000000009,0.7239600000000009,0.7233000000000009,0.7235500000000009
2026-08-21 01:00:00+00:00,0.7235500000000009,0.7248500000000009,0.7234900000000009,0.7248000000000009
2026-08-21 02:00:00+00:00,0.7248000000000009,0.7258500000000009,0.7246700000000009,0.7253500000000009
2026-08-21 03:00:00+00:00,0.7253500000000009,0.725690000000001,0.7252800000000009,0.7255600000000009
2026-08-21 04:00:00+00:00,0.7255600000000009,0.7256500000000009,0.7252600000000009,0.7254900000000009
2026-08-21 05:00:00+00:00,0.7254900000000009,0.7260200000000009,0.7252200000000009,0.7259100000000009
2026-08-21 06:00:00+00:00,0.7259100000000009,0.7262500000000008,0.7254900000000009,0.7259400000000009
2026-08-21 07:00:00+00:00,0.7259400000000009,0.7265100000000009,0.725860000000001,0.7265000000000009
2026-08-21 08:00:00+00:00,0.7265000000000009,0.7277500000000009,0.726300000000001,0.7275600000000009
2026-08-21 09:00:00+00:00,0.7275600000000009,0.7280100000000009,0.7271900000000009,0.727300000000001
2026-08-21 10:00:00+00:00,0.727300000000001,0.7278700000000009,0.7272400000000009,0.7273700000000008
2026-08-21 11:00:00+00:00,0.7273700000000008,0.7281700000000009,0.7272800000000009,0.7278000000000009
2026-08-21 12:00:00+00:00,0.7278000000000009,0.7283600000000009,0.7273900000000009,0.7280000000000009
2026-08-21 13:00:00+00:00,0.7280000000000009,0.7287200000000009,0.7274600000000009,0.7285100000000009
2026-08-21 14:00:00+00:00,0.7285100000000009,0.728520000000001,0.7274100000000009,0.7278100000000008
2026-08-21 15:00:00+00:00,0.7278100000000008,0.7291200000000009,0.7277100000000009,0.7289800000000008
2026-08-21 16:00:00+00:00,0.7289800000000008,0.7290900000000009,0.7285000000000009,0.7286700000000009
2026-08-21 17:00:00+00:00,0.7286700000000009,0.7293100000000009,0.7286300000000009,0.7291800000000009
2026-08-21 18:00:00+00:00,0.7291800000000009,0.7294500000000009,0.7291200000000009,0.7292500000000008
2026-08-21 19:00:00+00:00,0.7292500000000008,0.7293300000000009,0.7286600000000009,0.7287100000000009
2026-08-21 20:00:00+00:00,0.7287100000000009,0.7287700000000009,0.728300000000001,0.7283800000000009
2026-08-23 21:00:00+00:00,0.71566,0.71642,0.7156399999999999,0.71642
2026-08-23 22:00:00+00:00,0.71642,0.71707,0.71642,0.7169
2026-08-23 23:00:00+00:00,0.7169,0.71716,0.71673,0.71715
2026-08-24 00:00:00+00:00,0.71715,0.71759,0.71695,0.71759
2026-08-24 01:00:00+00:00,0.71759,0.71768,0.7165,0.71676
2026-08-24 02:00:00+00:00,0.71676,0.71719,0.71635,0.71656
2026-08-24 03:00:00+00:00,0.71656,0.71665,0.7162,0.71641
2026-08-24 04:00:00+00:00,0.71641,0.71677,0.71619,0.7167
2026-08-24 05:00:00+00:00,0.7167,0.71696,0.71649,0.71691
2026-08-24 06:00:00+00:00,0.71691,0.71713,0.71628,0.71686
2026-08-24 07:00:00+00:00,0.71686,0.71712,0.71613,0.7164
2026-08-24 08:00:00+00:00,0.7164,0.71654,0.7158,0.71603
2026-08-24 09:00:00+00:00,0.71603,0.71645,0.716,0.71634
2026-08-24 10:00:00+00:00,0.71634,0.71655,0.71594,0.71597
2026-08-24 11:00:00+00:00,0.71597,0.71692,0.71574,0.71646
2026-08-24 12:00:00+00:00,0.71646,0.71678,0.71593,0.71619
2026-08-24 13:00:00+00:00,0.71619,0.71677,0.716,0.71641
2026-08-24 14:00:00+00:00,0.71641,0.71642,0.71531,0.71534
2026-08-24 15:00:00+00:00,0.71534,0.71574,0.71492,0.71504
2026-08-24 16:00:00+00:00,0.71504,0.71542,0.7149,0.71492
2026-08-24 17:00:00+00:00,0.71492,0.71522,0.71404,0.71429
2026-08-24 18:00:00+00:00,0.71429,0.71507,0.71424,0.71474
2026-08-24 19:00:00+00:00,0.71474,0.71492,0.7146,0.71482
2026-08-24 20:00:00+00:00,0.71482,0.71501,0.71476,0.71492
2026-08-24 21:00:00+00:00,0.71492,0.71493,0.71429,0.71474
2026-08-24 22:00:00+00:00,0.71474,0.71512,0.71474,0.71497
2026-08-24 23:00:00+00:00,0.71497,0.71549,0.71487,0.7154
2026-08-25 00:00:00+00:00,0.7154,0.7159,0.71536,0.7158
2026-08-25 01:00:00+00:00,0.7158,0.71589,0.71511,0.71521
2026-08-25 02:00:00+00:00,0.71521,0.71566,0.71512,0.71526
2026-08-25 03:00:00+00:00,0.71526,0.71569,0.71508,0.71508
2026-08-25 04:00:00+00:00,0.71508,0.71511,0.71459,0.71488
2026-08-25 05:00:00+00:00,0.71488,0.71531,0.71476,0.71485
2026-08-25 06:00:00+00:00,0.71485,0.71511,0.71425,0.71444
2026-08-25 07:00:00+00:00,0.71444,0.7148,0.71423,0.71433
2026-08-25 08:00:00+00:00,0.71433,0.71508,0.71376,0.71485
2026-08-25 09:00:00+00:00,0.71485,0.7157,0.71476,0.71542
2026-08-25 10:00:00+00:00,0.71542,0.71542,0.71493,0.71528
2026-08-25 11:00:00+00:00,0.71528,0.7158300000000001,0.71499,0.71541
2026-08-25 12:00:00+00:00,0.71541,0.71555,0.7150000000000001,0.71547
2026-08-25 13:00:00+00:00,0.71547,0.7162800000000001,0.7152700000000001,0.7158200000000001
2026-08-25 14:00:00+00:00,0.7158200000000001,0.7164100000000001,0.7153300000000001,0.7156800000000001
2026-08-25 15:00:00+00:00,0.7156800000000001,0.7161900000000001,0.7153200000000001,0.7159800000000001
2026-08-25 16:00:00+00:00,0.7159800000000001,0.7160700000000001,0.7154200000000001,0.7155700000000002
2026-08-25 17:00:00+00:00,0.7155700000000002,0.7158300000000001,0.7153400000000001,0.7157900000000001
2026-08-25 18:00:00+00:00,0.7157900000000001,0.7160200000000002,0.7156800000000001,0.7159600000000002
2026-08-25 19:00:00+00:00,0.7159600000000002,0.7166000000000002,0.7158800000000002,0.7165100000000002
2026-08-25 20:00:00+00:00,0.7165100000000002,0.7168500000000002,0.7160200000000002,0.7160800000000002
2026-08-25 21:00:00+00:00,0.7160800000000002,0.71615,0.71557,0.7160699999999999
2026-08-25 22:00:00+00:00,0.7160699999999999,0.7165,0.7160599999999999,0.7165
2026-08-25 23:00:00+00:00,0.7165,0.71661,0.71635,0.71641
2026-08-26 00:00:00+00:00,0.71641,0.71689,0.71622,0.71624
2026-08-26 01:00:00+00:00,0.71624,0.71815,0.71595,0.71764
2026-08-26 02:00:00+00:00,0.71764,0.71848,0.71755,0.71784
2026-08-26 03:00:00+00:00,0.71784,0.71864,0.71778,0.7182
2026-08-26 04:00:00+00:00,0.7182,0.71832,0.71748,0.7177
2026-08-26 05:00:00+00:00,0.7177,0.71839,0.71769,0.71826
2026-08-26 06:00:00+00:00,0.71826,0.71848,0.71737,0.71783
2026-08-26 07:00:00+00:00,0.71783,0.71812,0.71763,0.718
2026-08-26 08:00:00+00:00,0.718,0.71855,0.71792,0.7181
2026-08-26 09:00:00+00:00,0.7181,0.71825,0.71778,0.71812
2026-08-26 10:00:00+00:00,0.71812,0.71822,0.71793,0.71801
2026-08-26 11:00:00+00:00,0.71801,0.71847,0.71793,0.71845
2026-08-26 12:00:00+00:00,0.71845,0.71889,0.7176,0.71768
2026-08-26 13:00:00+00:00,0.71768,0.71799,0.71727,0.71756
2026-08-26 14:00:00+00:00,0.71756,0.71759,0.71651,0.71652
2026-08-26 15:00:00+00:00,0.71652,0.71703,0.71644,0.71679
2026-08-26 16:00:00+00:00,0.71679,0.7171500000000001,0.71657,0.7167600000000001
2026-08-26 17:00:00+00:00,0.7167600000000001,0.7173600000000001,0.71669,0.71718
2026-08-26 18:00:00+00:00,0.71718,0.7173400000000001,0.71699,0.71708
2026-08-26 19:00:00+00:00,0.71708,0.7173,0.71699,0.71728
2026-08-26 20:00:00+00:00,0.71728,0.7174,0.71704,0.71704
2026-08-26 21:00:00+00:00,0.7171,0.71751,0.71617,0.71751
2026-08-26 22:00:00+00:00,0.71751,0.71801,0.71746,0.71796
2026-08-26 23:00:00+00:00,0.71796,0.71844,0.71792,0.7181
2026-08-27 00:00:00+00:00,0.7181,0.71818,0.7175,0.71807
2026-08-27 01:00:00+00:00,0.71807,0.7185499999999999,0.71792,0.7183999999999999
2026-08-27 02:00:00+00:00,0.7183999999999999,0.71853,0.7181599999999999,0.71827
2026-08-27 03:00:00+00:00,0.71827,0.71846,0.71809,0.7182499999999999
2026-08-27 04:00:00+00:00,0.7182499999999999,0.7185699999999999,0.7180799999999999,0.71853
2026-08-27 05:00:00+00:00,0.71853,0.71856,0.71803,0.7182299999999999
2026-08-27 06:00:00+00:00,0.7182299999999999,0.71864,0.7180099999999999,0.71839
2026-08-27 07:00:00+00:00,0.71839,0.7186199999999999,0.7178899999999999,0.71809
2026-08-27 08:00:00+00:00,0.71809,0.71873,0.7180799999999999,0.71829
2026-08-27 09:00:00+00:00,0.71829,0.71837,0.71753,0.7175699999999999
2026-08-27 10:00:00+00:00,0.7175699999999999,0.71809,0.71751,0.71795
2026-08-27 11:00:00+00:00,0.71795,0.71866,0.7178399999999999,0.71864
2026-08-27 12:00:00+00:00,0.71864,0.71925,0.71842,0.7187199999999999
2026-08-27 13:00:00+00:00,0.7187199999999999,0.7195499999999999,0.71858,0.71922
2026-08-27 14:00:00+00:00,0.71922,0.71958,0.7187899999999999,0.7191299999999999
2026-08-27 15:00:00+00:00,0.7191299999999999,0.7197699999999999,0.7190799999999999,0.7197199999999999
2026-08-27 16:00:00+00:00,0.7197199999999999,0.7197899999999999,0.7192999999999999,0.7196699999999999
2026-08-27 17:00:00+00:00,0.7196699999999999,0.7197399999999999,0.71946,0.71959
2026-08-27 18:00:00+00:00,0.71959,0.7196199999999999,0.7192,0.71949
2026-08-27 19:00:00+00:00,0.71949,0.7196199999999999,0.71937,0.7195199999999999
2026-08-27 20:00:00+00:00,0.7195199999999999,0.71963,0.71925,0.71925
2026-08-27 21:00:00+00:00,0.71925,0.71946,0.71877,0.71945
2026-08-27 22:00:00+00:00,0.71945,0.71964,0.7194,0.7195
2026-08-27 23:00:00+00:00,0.7195,0.71958,0.7193,0.71954
2026-08-28 00:00:00+00:00,0.71954,0.71989,0.71947,0.71962
2026-08-28 01:00:00+00:00,0.71962,0.72003,0.7195,0.71968
2026-08-28 02:00:00+00:00,0.71968,0.72046,0.71964,0.72037
2026-08-28 03:00:00+00:00,0.72037,0.72048,0.71996,0.72011
2026-08-28 04:00:00+00:00,0.72011,0.72023,0.71976,0.71982
2026-08-28 05:00:00+00:00,0.71982,0.71992,0.71931,0.71947
2026-08-28 06:00:00+00:00,0.71947,0.72017,0.71943,0.71991
2026-08-28 07:00:00+00:00,0.71991,0.71993,0.71921,0.71955
2026-08-28 08:00:00+00:00,0.71955,0.71968,0.71924,0.71933
2026-08-28 09:00:00+00:00,0.71933,0.71977,0.7192,0.71964
2026-08-28 10:00:00+00:00,0.71964,0.72002,0.71961,0.72001
2026-08-28 11:00:00+00:00,0.72001,0.72002,0.71932,0.71932
2026-08-28 12:00:00+00:00,0.71932,0.72014,0.71927,0.72013
2026-08-28 13:00:00+00:00,0.72013,0.72031,0.71913,0.71914
2026-08-28 14:00:00+00:00,0.71914,0.72074,0.71646,0.71839
2026-08-28 15:00:00+00:00,0.71839,0.71855,0.71635,0.7164
2026-08-28 16:00:00+00:00,0.7164,0.71653,0.71555,0.71605
2026-08-28 17:00:00+00:00,0.71605,0.71616,0.71561,0.71576
2026-08-28 18:00:00+00:00,0.71576,0.71591,0.71555,0.71587
2026-08-28 19:00:00+00:00,0.71587,0.71648,0.71582,0.71629
2026-08-28 20:00:00+00:00,0.71629,0.71631,0.71581,0.71591
2026-08-30 21:00:00+00:00,0.71518,0.716,0.71518,0.71579
2026-08-30 22:00:00+00:00,0.71579,0.71616,0.7156399999999999,0.7160299999999999
2026-08-30 23:00:00+00:00,0.7160299999999999,0.71622,0.71581,0.7159099999999999
2026-08-31 00:00:00+00:00,0.7159099999999999,0.71645,0.71539,0.71633
2026-08-31 01:00:00+00:00,0.71633,0.71682,0.71585,0.71662
2026-08-31 02:00:00+00:00,0.71662,0.7168,0.71607,0.71661
2026-08-31 03:00:00+00:00,0.71661,0.7170799999999999,0.71653,0.71671
2026-08-31 04:00:00+00:00,0.71671,0.71674,0.71639,0.7166
2026-08-31 05:00:00+00:00,0.7166,0.71663,0.71624,0.71661
2026-08-31 06:00:00+00:00,0.71661,0.71672,0.71594,0.71616
2026-08-31 07:00:00+00:00,0.71616,0.7164699999999999,0.71578,0.71604
2026-08-31 08:00:00+00:00,0.71604,0.7164699999999999,0.71559,0.7158
2026-08-31 09:00:00+00:00,0.7158,0.71613,0.71571,0.71607
2026-08-31 10:00:00+00:00,0.71607,0.71628,0.71559,0.71562
2026-08-31 11:00:00+00:00,0.71562,0.71637,0.71546,0.7160299999999999
2026-08-31 12:00:00+00:00,0.7160299999999999,0.71658,0.71546,0.7159
2026-08-31 13:00:00+00:00,0.7159,0.7165,0.71578,0.71619
2026-08-31 14:00:00+00:00,0.71619,0.71702,0.71596,0.7164699999999999
2026-08-31 15:00:00+00:00,0.7164699999999999,0.71676,0.7160299999999999,0.71654
2026-08-31 16:00:00+00:00,0.71654,0.7169099999999999,0.7165,0.71675
2026-08-31 17:00:00+00:00,0.71675,0.71679,0.7164,0.71655
2026-08-31 18:00:00+00:00,0.71655,0.7166,0.71635,0.7164
2026-08-31 19:00:00+00:00,0.7164,0.71677,0.7162999999999999,0.71659
2026-08-31 20:00:00+00:00,0.71659,0.71672,0.71641,0.71661
2026-08-31 21:00:00+00:00,0.71661,0.71662,0.71616,0.7164699999999999
2026-08-31 22:00:00+00:00,0.7164699999999999,0.71678,0.71644,0.71654
2026-08-31 23:00:00+00:00,0.71654,0.71707,0.7165,0.71707
2026-09-01 00:00:00+00:00,0.71707,0.71807,0.717,0.7170799999999999
2026-09-01 01:00:00+00:00,0.7170799999999999,0.7175199999999999,0.71657,0.71724
2026-09-01 02:00:00+00:00,0.71724,0.71738,0.71683,0.71733
2026-09-01 03:00:00+00:00,0.71733,0.71734,0.71661,0.71667
2026-09-01 04:00:00+00:00,0.71667,0.71692,0.7166,0.71676
2026-09-01 05:00:00+00:00,0.71676,0.71717,0.71675,0.71688
2026-09-01 06:00:00+00:00,0.71688,0.71711,0.71619,0.71645
2026-09-01 07:00:00+00:00,0.71645,0.71654,0.71534,0.71544
2026-09-01 08:00:00+00:00,0.71544,0.71577,0.71428,0.71438
2026-09-01 09:00:00+00:00,0.71438,0.71473,0.71387,0.7142999999999999
2026-09-01 10:00:00+00:00,0.7142999999999999,0.71471,0.71417,0.71437
2026-09-01 11:00:00+00:00,0.71437,0.71473,0.71406,0.7144699999999999
2026-09-01 12:00:00+00:00,0.7144699999999999,0.71538,0.71405,0.71534
2026-09-01 13:00:00+00:00,0.71534,0.7155199999999999,0.71457,0.71538
2026-09-01 14:00:00+00:00,0.71538,0.7160299999999999,0.71502,0.71542
2026-09-01 15:00:00+00:00,0.71542,0.71606,0.71518,0.71585
2026-09-01 16:00:00+00:00,0.71585,0.71589,0.7149,0.71502
2026-09-01 17:00:00+00:00,0.71502,0.71517,0.71459,0.71467
2026-09-01 18:00:00+00:00,0.71467,0.71474,0.71429,0.71473
2026-09-01 19:00:00+00:00,0.71473,0.71475,0.71428,0.71431
2026-09-01 20:00:00+00:00,0.71431,0.71458,0.71421,0.71439
2026-09-01 21:00:00+00:00,0.71439,0.71445,0.71409,0.7144
2026-09-01 22:00:00+00:00,0.7144,0.71478,0.71438,0.7147
2026-09-01 23:00:00+00:00,0.7147,0.71474,0.7144699999999999,0.71453
2026-09-02 00:00:00+00:00,0.71453,0.71472,0.71404,0.71409
2026-09-02 01:00:00+00:00,0.71409,0.7152999999999999,0.71389,0.71481
2026-09-02 02:00:00+00:00,0.71481,0.71487,0.7139099999999999,0.71423
2026-09-02 03:00:00+00:00,0.71423,0.71456,0.71383,0.71405
2026-09-02 04:00:00+00:00,0.71405,0.7140799999999999,0.7132,0.71326
2026-09-02 05:00:00+00:00,0.71326,0.71437,0.7130799999999999,0.71423
2026-09-02 06:00:00+00:00,0.71423,0.7148599999999999,0.71382,0.7138599999999999
2026-09-02 07:00:00+00:00,0.7138599999999999,0.71489,0.7138,0.71438
2026-09-02 08:00:00+00:00,0.71438,0.71465,0.7126,0.71273
2026-09-02 09:00:00+00:00,0.71273,0.7131,0.71221,0.71235
2026-09-02 10:00:00+00:00,0.71235,0.71327,0.71213,0.71326
2026-09-02 11:00:00+00:00,0.71326,0.71453,0.71315,0.71448
2026-09-02 12:00:00+00:00,0.71448,0.7152999999999999,0.71437,0.7148
2026-09-02 13:00:00+00:00,0.7148,0.7172999999999999,0.71479,0.71724
2026-09-02 14:00:00+00:00,0.71724,0.71724,0.7162999999999999,0.71698
2026-09-02 15:00:00+00:00,0.71698,0.71756,0.71665,0.71687
2026-09-02 16:00:00+00:00,0.71687,0.71706,0.71662,0.7168
2026-09-02 17:00:00+00:00,0.7168,0.71712,0.71645,0.71688
2026-09-02 18:00:00+00:00,0.71688,0.71717,0.71668,0.71677
2026-09-02 19:00:00+00:00,0.71677,0.71706,0.71671,0.71703
2026-09-02 20:00:00+00:00,0.71703,0.71723,0.7166899999999999,0.71675
2026-09-02 21:00:00+00:00,0.71675,0.71693,0.716,0.71693
2026-09-02 22:00:00+00:00,0.71693,0.71707,0.71666,0.71676
2026-09-02 23:00:00+00:00,0.71676,0.7168,0.71632,0.71635
2026-09-03 00:00:00+00:00,0.71635,0.71675,0.71612,0.71656
2026-09-03 01:00:00+00:00,0.71656,0.717,0.7164,0.71655
2026-09-03 02:00:00+00:00,0.71655,0.7168599999999999,0.71613,0.71616
2026-09-03 03:00:00+00:00,0.71616,0.71706,0.71611,0.71699
2026-09-03 04:00:00+00:00,0.71699,0.71727,0.71669,0.71679
2026-09-03 05:00:00+00:00,0.71679,0.71684,0.71585,0.71633
2026-09-03 06:00:00+00:00,0.71633,0.71689,0.71584,0.71646
2026-09-03 07:00:00+00:00,0.71646,0.7176,0.71639,0.7175
2026-09-03 08:00:00+00:00,0.7175,0.7185,0.71734,0.71813
2026-09-03 09:00:00+00:00,0.71813,0.71877,0.71813,0.71844
2026-09-03 10:00:00+00:00,0.71844,0.71904,0.71785,0.71902
2026-09-03 11:00:00+00:00,0.71902,0.71966,0.71874,0.7192
2026-09-03 12:00:00+00:00,0.7192,0.72067,0.71887,0.72047
2026-09-03 13:00:00+00:00,0.72047,0.72054,0.71886,0.71926
2026-09-03 14:00:00+00:00,0.71926,0.71935,0.71861,0.71921
2026-09-03 15:00:00+00:00,0.71921,0.71992,0.7192,0.71981
2026-09-03 16:00:00+00:00,0.71981,0.72068,0.71973,0.7205
2026-09-03 17:00:00+00:00,0.7205,0.72073,0.72032,0.72044
2026-09-03 18:00:00+00:00,0.72044,0.7208,0.72044,0.72059
2026-09-03 19:00:00+00:00,0.72059,0.72062,0.72003,0.72027
2026-09-03 20:00:00+00:00,0.72027,0.72033,0.71993,0.71997
2026-09-03 21:00:00+00:00,0.71997,0.72023,0.71928,0.71948
2026-09-03 22:00:00+00:00,0.71948,0.72013,0.71948,0.71992
2026-09-03 23:00:00+00:00,0.71992,0.72022,0.71992,0.71999
2026-09-04 00:00:00+00:00,0.71999,0.72067,0.71993,0.72052
2026-09-04 01:00:00+00:00,0.72052,0.72141,0.72027,0.72133
2026-09-04 02:00:00+00:00,0.72133,0.72146,0.72061,0.72081
2026-09-04 03:00:00+00:00,0.72081,0.72097,0.72041,0.72078
2026-09-04 04:00:00+00:00,0.72078,0.72131,0.72077,0.72099
2026-09-04 05:00:00+00:00,0.72099,0.72109,0.72073,0.72096
2026-09-04 06:00:00+00:00,0.72096,0.72117,0.72037,0.72039
2026-09-04 07:00:00+00:00,0.72039,0.72054,0.71994,0.72007
2026-09-04 08:00:00+00:00,0.72007,0.72028,0.71981,0.72004
2026-09-04 09:00:00+00:00,0.72004,0.72009,0.71958,0.71996
2026-09-04 10:00:00+00:00,0.71996,0.72033,0.71984,0.72
2026-09-04 11:00:00+00:00,0.72,0.72052,0.71992,0.72034
2026-09-04 12:00:00+00:00,0.72034,0.72104,0.71732,0.71934
2026-09-04 13:00:00+00:00,0.71934,0.72085,0.71863,0.71987
2026-09-04 14:00:00+00:00,0.71987,0.72072,0.71958,0.72029
2026-09-04 15:00:00+00:00,0.72029,0.72113,0.7201,0.72079
2026-09-04 16:00:00+00:00,0.72079,0.72125,0.72079,0.72103
2026-09-04 17:00:00+00:00,0.72103,0.72103,0.7203,0.72033
2026-09-04 18:00:00+00:00,0.72033,0.72041,0.72016,0.72036
2026-09-04 19:00:00+00:00,0.72036,0.72079,0.72034,0.7207
2026-09-04 20:00:00+00:00,0.7207,0.72071,0.71997,0.72011
2026-09-06 21:00:00+00:00,0.71975,0.72028,0.71934,0.71999
2026-09-06 22:00:00+00:00,0.71999,0.72061,0.71994,0.72049
2026-09-06 23:00:00+00:00,0.72049,0.72082,0.72049,0.72062
2026-09-07 00:00:00+00:00,0.72062,0.72112,0.72051,0.72075
2026-09-07 01:00:00+00:00,0.72075,0.72085,0.72016,0.72027
2026-09-07 02:00:00+00:00,0.72027,0.72031,0.71976,0.71993
2026-09-07 03:00:00+00:00,0.71993,0.72046,0.71985,0.72044
2026-09-07 04:00:00+00:00,0.72044,0.72057,0.72007,0.7205199999999999
2026-09-07 05:00:00+00:00,0.7205199999999999,0.72103,0.72038,0.72094
2026-09-07 06:00:00+00:00,0.72094,0.72176,0.7207,0.72144
2026-09-07 07:00:00+00:00,0.72144,0.72244,0.72122,0.72224
2026-09-07 08:00:00+00:00,0.72224,0.72247,0.72165,0.72186
2026-09-07 09:00:00+00:00,0.72186,0.72211,0.72171,0.72172
2026-09-07 10:00:00+00:00,0.72172,0.72207,0.72167,0.72185
2026-09-07 11:00:00+00:00,0.72185,0.72187,0.72134,0.72137
2026-09-07 12:00:00+00:00,0.72137,0.72179,0.72131,0.72155
2026-09-07 13:00:00+00:00,0.72155,0.72211,0.72146,0.72211
2026-09-07 14:00:00+00:00,0.72211,0.72223,0.72178,0.72192
2026-09-07 15:00:00+00:00,0.72192,0.72215,0.7217,0.72176
2026-09-07 16:00:00+00:00,0.72176,0.72204,0.7217,0.722
2026-09-07 17:00:00+00:00,0.722,0.722,0.72179,0.72183
2026-09-07 18:00:00+00:00,0.72183,0.72189,0.72172,0.72179
2026-09-07 19:00:00+00:00,0.72179,0.7218,0.72168,0.7217399999999999
2026-09-07 20:00:00+00:00,0.7217399999999999,0.7219,0.72173,0.72175
2026-09-07 21:00:00+00:00,0.72175,0.72197,0.72119,0.7217
2026-09-07 22:00:00+00:00,0.7217,0.722,0.7217,0.72186
2026-09-07 23:00:00+00:00,0.72186,0.72233,0.7218,0.72212
2026-09-08 00:00:00+00:00,0.72212,0.72228,0.72156,0.72171
2026-09-08 01:00:00+00:00,0.72171,0.72187,0.72138,0.72158
2026-09-08 02:00:00+00:00,0.72158,0.72165,0.72056,0.72095
2026-09-08 03:00:00+00:00,0.72095,0.72163,0.7207399999999999,0.72151
2026-09-08 04:00:00+00:00,0.72151,0.72181,0.7212,0.72166
2026-09-08 05:00:00+00:00,0.72166,0.72182,0.72129,0.72176
2026-09-08 06:00:00+00:00,0.72176,0.72217,0.72085,0.72111
2026-09-08 07:00:00+00:00,0.72111,0.72162,0.72083,0.72124
2026-09-08 08:00:00+00:00,0.72124,0.72127,0.72071,0.7209599999999999
2026-09-08 09:00:00+00:00,0.7209599999999999,0.72138,0.72046,0.72133
2026-09-08 10:00:00+00:00,0.72133,0.72177,0.72086,0.72121
2026-09-08 11:00:00+00:00,0.72121,0.72167,0.72105,0.72138
2026-09-08 12:00:00+00:00,0.72138,0.72241,0.72114,0.72236
2026-09-08 13:00:00+00:00,0.72236,0.72287,0.72212,0.72247
2026-09-08 14:00:00+00:00,0.72247,0.72308,0.72211,0.72232
2026-09-08 15:00:00+00:00,0.72232,0.72248,0.72173,0.72173
2026-09-08 16:00:00+00:00,0.72173,0.7219,0.7212999999999999,0.72182
2026-09-08 17:00:00+00:00,0.72182,0.72223,0.72181,0.72221
2026-09-08 18:00:00+00:00,0.72221,0.72262,0.72184,0.72221
2026-09-08 19:00:00+00:00,0.72221,0.72232,0.72154,0.72168
2026-09-08 20:00:00+00:00,0.72168,0.72184,0.72146,0.7215699999999999
2026-09-08 21:00:00+00:00,0.7215699999999999,0.72185,0.72117,0.72171
2026-09-08 22:00:00+00:00,0.72171,0.72197,0.72153,0.72186
2026-09-08 23:00:00+00:00,0.72186,0.72216,0.72178,0.7220799999999999
2026-09-09 00:00:00+00:00,0.7220799999999999,0.72267,0.7220799999999999,0.72261
2026-09-09 01:00:00+00:00,0.72261,0.72261,0.72195,0.72231
2026-09-09 02:00:00+00:00,0.72231,0.72242,0.72202,0.72241
2026-09-09 03:00:00+00:00,0.72241,0.72258,0.7220799999999999,0.72231
2026-09-09 04:00:00+00:00,0.72231,0.723,0.72221,0.72299
2026-09-09 05:00:00+00:00,0.72299,0.72332,0.72273,0.723
2026-09-09 06:00:00+00:00,0.723,0.72367,0.7229099999999999,0.7231799999999999
2026-09-09 07:00:00+00:00,0.7231799999999999,0.72378,0.7231,0.72321
2026-09-09 08:00:00+00:00,0.72321,0.72321,0.72229,0.72237
2026-09-09 09:00:00+00:00,0.72237,0.72242,0.7215199999999999,0.7215699999999999
2026-09-09 10:00:00+00:00,0.7215699999999999,0.72166,0.72115,0.72143
2026-09-09 11:00:00+00:00,0.72143,0.72241,0.72142,0.72217
2026-09-09 12:00:00+00:00,0.72217,0.72262,0.7221,0.72233
2026-09-09 13:00:00+00:00,0.72233,0.72337,0.72231,0.7226899999999999
2026-09-09 14:00:00+00:00,0.7226899999999999,0.7231,0.72244,0.72309
2026-09-09 15:00:00+00:00,0.72309,0.72323,0.72097,0.72175
2026-09-09 16:00:00+00:00,0.72175,0.7222,0.72142,0.72201
2026-09-09 17:00:00+00:00,0.72201,0.72242,0.72195,0.72221
2026-09-09 18:00:00+00:00,0.72221,0.72232,0.72165,0.72171
2026-09-09 19:00:00+00:00,0.72171,0.7218,0.7215,0.72167
2026-09-09 20:00:00+00:00,0.72167,0.72182,0.72148,0.72167
2026-09-09 21:00:00+00:00,0.72167,0.7217,0.72123,0.72136
2026-09-09 22:00:00+00:00,0.72136,0.72199,0.72136,0.72178
2026-09-09 23:00:00+00:00,0.7218,0.72228,0.7217399999999999,0.72214
2026-09-10 00:00:00+00:00,0.72214,0.7222,0.72141,0.72141
2026-09-10 01:00:00+00:00,0.72141,0.72185,0.7208,0.72182
2026-09-10 02:00:00+00:00,0.72182,0.7222,0.72159,0.72219
2026-09-10 03:00:00+00:00,0.72219,0.72225,0.7217,0.72191
2026-09-10 04:00:00+00:00,0.72191,0.72222,0.72183,0.72187
2026-09-10 05:00:00+00:00,0.72187,0.72205,0.72165,0.72203
2026-09-10 06:00:00+00:00,0.72203,0.72203,0.72128,0.72154
2026-09-10 07:00:00+00:00,0.72154,0.7216,0.72122,0.72149
2026-09-10 08:00:00+00:00,0.72149,0.7215,0.72103,0.7212
2026-09-10 09:00:00+00:00,0.7212,0.72142,0.72071,0.72112
2026-09-10 10:00:00+00:00,0.72112,0.72112,0.71992,0.71999
2026-09-10 11:00:00+00:00,0.71999,0.71999,0.71893,0.7191
2026-09-10 12:00:00+00:00,0.7191,0.7193,0.71574,0.71648
2026-09-10 13:00:00+00:00,0.71648,0.71689,0.71569,0.71643
2026-09-10 14:00:00+00:00,0.71643,0.71724,0.71613,0.71688
2026-09-10 15:00:00+00:00,0.71688,0.71725,0.71652,0.71697
2026-09-10 16:00:00+00:00,0.71697,0.71705,0.71634,0.71663
2026-09-10 17:00:00+00:00,0.71663,0.71681,0.71634,0.71646
2026-09-10 18:00:00+00:00,0.71646,0.71655,0.71573,0.71602
2026-09-10 19:00:00+00:00,0.71602,0.71603,0.71552,0.71589
2026-09-10 20:00:00+00:00,0.71589,0.71591,0.71553,0.71567
2026-09-10 21:00:00+00:00,0.71567,0.71567,0.7153,0.71549
2026-09-10 22:00:00+00:00,0.71549,0.71606,0.71549,0.71599
2026-09-10 23:00:00+00:00,0.71599,0.71616,0.71555,0.71567
2026-09-11 00:00:00+00:00,0.71567,0.71658,0.71567,0.71653
2026-09-11 01:00:00+00:00,0.71653,0.71665,0.71573,0.71603
2026-09-11 02:00:00+00:00,0.71603,0.71606,0.7153,0.71551
2026-09-11 03:00:00+00:00,0.71551,0.71557,0.71502,0.7154
2026-09-11 04:00:00+00:00,0.7154,0.71627,0.71539,0.71607
2026-09-11 05:00:00+00:00,0.71607,0.7172,0.71598,0.71701
2026-09-11 06:00:00+00:00,0.71701,0.71753,0.71697,0.71731
2026-09-11 07:00:00+00:00,0.71731,0.71758,0.7168,0.71714
2026-09-11 08:00:00+00:00,0.71714,0.71725,0.71646,0.71673
2026-09-11 09:00:00+00:00,0.71673,0.71711,0.71652,0.71694
2026-09-11 10:00:00+00:00,0.71694,0.71726,0.71677,0.7169
2026-09-11 11:00:00+00:00,0.7169,0.71756,0.7169,0.71733
2026-09-11 12:00:00+00:00,0.71733,0.71858,0.71494,0.71855
2026-09-11 13:00:00+00:00,0.71855,0.71876,0.71733,0.71819
2026-09-11 14:00:00+00:00,0.71819,0.71828,0.71707,0.71729
2026-09-11 15:00:00+00:00,0.71729,0.71748,0.71672,0.71732
2026-09-11 16:00:00+00:00,0.71732,0.71781,0.71728,0.71754
2026-09-11 17:00:00+00:00,0.71754,0.71769,0.71724,0.71746
2026-09-11 18:00:00+00:00,0.71746,0.71756,0.717,0.71729
2026-09-11 19:00:00+00:00,0.71729,0.71746,0.71713,0.71724
2026-09-11 20:00:00+00:00,0.71724,0.7173,0.71665,0.7167
