datetime,open,high,low,close
2026-03-12 02:00:00+00:00,118.17651747756284,118.23528543597641,118.17651747756284,118.20187575173988
2026-03-12 03:00:00+00:00,118.18490371135567,118.20147282360084,118.13882453629267,118.16893925978421
2026-03-12 04:00:00+00:00,118.15820734739675,118.24064100104792,118.15304247736704,118.2168255186051
2026-03-12 05:00:00+00:00,118.20864253994507,118.20864253994507,118.1421772973773,118.19811313795952
2026-03-12 06:00:00+00:00,118.19992622648495,118.23428263580905,118.09554032014074,118.09909670563253
2026-03-12 07:00:00+00:00,118.12660507128754,118.1702762153626,118.02047126716725,118.02630219480181
2026-03-12 08:00:00+00:00,118.02117011382283,118.12443709489315,117.99393039895467,118.07971308602278
2026-03-12 09:00:00+00:00,118.1076154419527,118.11620406928284,117.97314950808567,117.98959371194536
2026-03-12 10:00:00+00:00,117.97437714015847,118.00252340792905,117.91905808755206,117.91905808755206
2026-03-12 11:00:00+00:00,117.91213250212132,117.94803680664731,117.8114833312434,117.89726830779696
2026-03-12 12:00:00+00:00,117.91605193272379,118.00252154743411,117.91574181273853,117.96983279761754
2026-03-12 13:00:00+00:00,117.973502023844,118.04420402538182,117.93293577373038,117.98213943618411
2026-03-12 14:00:00+00:00,117.99380896226438,118.1294995836621,117.97968039725656,118.08425224110397
2026-03-12 15:00:00+00:00,118.08661840622746,118.09330927569343,117.94157019079445,118.04474743979586
2026-03-12 16:00:00+00:00,118.04821299718756,118.06686795787638,117.96611167109363,117.96611167109363
2026-03-12 17:00:00+00:00,117.9783218172589,118.0666333107693,117.96696745322622,118.06421228466537
2026-03-12 18:00:00+00:00,118.04930095658595,118.16890106087737,118.04182117840979,118.15592292178852
2026-03-12 19:00:00+00:00,118.15465237807864,118.17405578088103,118.05313380566677,118.076481666765
2026-03-12 20:00:00+00:00,118.07875938881682,118.11346296745928,117.96666495114464,117.96666495114464
2026-03-12 21:00:00+00:00,117.94353356370878,118.06391336972378,117.92228798294333,118.00460487115946
2026-03-12 22:00:00+00:00,118.03780245642444,118.04564907275345,117.93441104470392,117.9886279211754
2026-03-12 23:00:00+00:00,118.01062217710518,118.05135673882525,117.96683001486345,117.99173030798003
2026-03-13 00:00:00+00:00,117.94624589705494,118.03172500092035,117.90026208074465,117.94184762605838
2026-03-13 01:00:00+00:00,117.95842044818775,118.02622477962083,117.9439981740138,118.02622477962083
2026-03-13 02:00:00+00:00,118.02220766893083,118.07004635420522,117.98570146662964,117.98570146662964
2026-03-13 03:00:00+00:00,117.98743711200707,118.06413651073868,117.98474360577619,118.02650545700608
2026-03-13 04:00:00+00:00,118.019223839326,118.15689473955025,117.99555973770129,118.08344849892698
2026-03-13 05:00:00+00:00,118.05544324455478,118.05544324455478,117.94698384227496,118.01223061770523
2026-03-13 06:00:00+00:00,117.98194675173866,118.02013669434874,117.91164304554528,117.95847598336711
2026-03-13 07:00:00+00:00,117.96625359023918,117.96990934602807,117.82394831510193,117.89566430485723
2026-03-13 08:00:00+00:00,117.84487315010594,117.9040263134712,117.78757620888778,117.79435190826828
2026-03-13 09:00:00+00:00,117.75526682815847,117.87373659524829,117.75526682815847,117.84542913117195
2026-03-13 10:00:00+00:00,117.84859914583875,117.84859914583875,117.70474248580798,117.7166364789654
2026-03-13 11:00:00+00:00,117.70831805447608,117.79642985538956,117.68945392691676,117.73737788901227
2026-03-13 12:00:00+00:00,117.76790957134492,117.91803483409386,117.4316763818509,117.45919039601809
2026-03-13 13:00:00+00:00,117.42309465779616,117.47640352354546,117.33126590796078,117.42705745256283
2026-03-13 14:00:00+00:00,117.44939389941831,117.47547225069579,117.37343299738185,117.3900323283746
2026-03-13 15:00:00+00:00,117.40335532185662,117.40335532185662,117.28220146501442,117.31590668467767
2026-03-13 16:00:00+00:00,117.35739945676006,117.40362563360964,117.30185152736428,117.39492422859253
2026-03-13 17:00:00+00:00,117.39721025341437,117.45674538227755,117.34123883724858,117.37758560243098
2026-03-13 18:00:00+00:00,117.39279688561372,117.5269037314308,117.38831966464883,117.50637731794517
2026-03-13 19:00:00+00:00,117.4871536229344,117.49026085558314,117.43732468443221,117.4845662100459
2026-03-13 20:00:00+00:00,117.48078552850778,117.57365304481344,117.44827233619901,117.57365304481344
2026-03-15 21:00:00+00:00,117.5684863904549,117.60412476688512,117.50549924362589,117.55255386954386
2026-03-15 22:00:00+00:00,117.53708981948427,117.72141718697476,117.52355060548282,117.59943836247582
2026-03-15 23:00:00+00:00,117.60816780270919,117.66267774591867,117.5935406488608,117.63109778395402
2026-03-16 00:00:00+00:00,117.59318190131339,117.62364938513673,117.45575334547898,117.49125656672105
2026-03-16 01:00:00+00:00,117.48386813572739,117.62166433740428,117.48386813572739,117.5950182206679
2026-03-16 02:00:00+00:00,117.58757198574578,117.6966415453284,117.58757198574578,117.66039612650329
2026-03-16 03:00:00+00:00,117.66125670150622,117.6833237042836,117.59345264651485,117.59469877050705
2026-03-16 04:00:00+00:00,117.58979572432685,117.6781234228372,117.58979572432685,117.59961979966391
2026-03-16 05:00:00+00:00,117.60107639320552,117.61686445697265,117.4385108063056,117.4385108063056
2026-03-16 06:00:00+00:00,117.45355103354002,117.4729020083966,117.37153716833589,117.38246840116112
2026-03-16 07:00:00+00:00,117.37932143666546,117.51428550524253,117.31695726870662,117.4802815458685
2026-03-16 08:00:00+00:00,117.46326757595294,117.60102489019059,117.46326757595294,117.60024599345503
2026-03-16 09:00:00+00:00,117.61312473919656,117.62100346299452,117.52020379479997,117.57419581545876
2026-03-16 10:00:00+00:00,117.56619256417976,117.59164988097443,117.53513545183591,117.5586496839548
2026-03-16 11:00:00+00:00,117.57932671178719,117.65814108626031,117.56078253157345,117.56953860812867
2026-03-16 12:00:00+00:00,117.56669598358275,117.62941560393972,117.38003164000726,117.49703353207471
2026-03-16 13:00:00+00:00,117.49712435252165,117.76906529224784,117.49712435252165,117.61562178828392
2026-03-16 14:00:00+00:00,117.61039075463688,117.72177907582599,117.59465969509174,117.72177907582599
2026-03-16 15:00:00+00:00,117.74928628567679,117.77414003200589,117.64761953644596,117.68331562167933
2026-03-16 16:00:00+00:00,117.6965983303162,117.72668939977291,117.64537780643674,117.71110573433363
2026-03-16 17:00:00+00:00,117.7048795516566,117.71112969238241,117.66763463569193,117.70368252432193
2026-03-16 18:00:00+00:00,117.70718009252836,117.71125159511297,117.5215618399439,117.52401906857378
2026-03-16 19:00:00+00:00,117.53590657688213,117.63347191975215,117.48907528521597,117.61652713223782
2026-03-16 20:00:00+00:00,117.59677419354864,117.61428204846243,117.49246993470304,117.50014656739195
2026-03-16 21:00:00+00:00,117.56285274499767,117.57121285423193,117.49428387172443,117.56693352101132
2026-03-16 22:00:00+00:00,117.57651284682791,117.59739688681755,117.53183943253288,117.56977570655022
2026-03-16 23:00:00+00:00,117.58305367898143,117.63270689086734,117.54929763239483,117.58210355085969
2026-03-17 00:00:00+00:00,117.59344733101841,117.71843948764565,117.56267674769606,117.71843948764565
2026-03-17 01:00:00+00:00,117.7247281573319,117.81660156679412,117.70976817795511,117.79973466051959
2026-03-17 02:00:00+00:00,117.7993432625779,117.81981559389637,117.74297565479964,117.75408514691895
2026-03-17 03:00:00+00:00,117.76869193118225,117.77836423214816,117.70166992738511,117.737917289487
2026-03-17 04:00:00+00:00,117.71287469683556,117.7554070687535,117.6731403444487,117.67387321363155
2026-03-17 05:00:00+00:00,117.66318088216995,117.7236427577114,117.6559820604144,117.71635671401397
2026-03-17 06:00:00+00:00,117.72909970788297,117.7421244562911,117.64602521488315,117.6732502874386
2026-03-17 07:00:00+00:00,117.69289354971022,117.73062636001985,117.6278364338418,117.63395800671093
2026-03-17 08:00:00+00:00,117.6101227982769,117.6101227982769,117.507361882298,117.54117336771796
2026-03-17 09:00:00+00:00,117.55913127582893,117.55913127582893,117.49842580796343,117.501812350344
2026-03-17 10:00:00+00:00,117.52054132431148,117.5336848271824,117.43487267324,117.44878016645094
2026-03-17 11:00:00+00:00,117.4643144718544,117.4643144718544,117.3455122997316,117.3893319675132
2026-03-17 12:00:00+00:00,117.40396575693298,117.4311590754342,117.29448171423158,117.37319768718459
2026-03-17 13:00:00+00:00,117.352450377657,117.38589090056858,117.26396296079258,117.37152485256973
2026-03-17 14:00:00+00:00,117.39369300076939,117.46921723834676,117.29606255399551,117.31689821253444
2026-03-17 15:00:00+00:00,117.29357428837041,117.34013998493396,117.2211335985028,117.3336650034389
2026-03-17 16:00:00+00:00,117.35144784396377,117.36265022346105,117.25470110485132,117.32618911678183
2026-03-17 17:00:00+00:00,117.33360659937512,117.43458642210459,117.33360659937512,117.42503039803131
2026-03-17 18:00:00+00:00,117.41225757309451,117.4365733113676,117.33470015376753,117.4365733113676
2026-03-17 19:00:00+00:00,117.4244698062242,117.44154541260576,117.38898041369232,117.42676614219948
2026-03-17 20:00:00+00:00,117.45527246629439,117.4785373143077,117.4319316900276,117.443887716831
2026-03-17 21:00:00+00:00,117.48129803711839,117.48129803711839,117.3696161734547,117.47150350162653
2026-03-17 22:00:00+00:00,117.44830768554692,117.4575153823618,117.40936058009252,117.42537422737813
2026-03-17 23:00:00+00:00,117.42868651360378,117.44438991877324,117.37722928186932,117.41748340878146
2026-03-18 00:00:00+00:00,117.36223499688789,117.54448919809616,117.3453764953229,117.51019780445138
2026-03-18 01:00:00+00:00,117.52720774560233,117.53343783419544,117.44532548451124,117.47224419251862
2026-03-18 02:00:00+00:00,117.45527246629439,117.46997656707696,117.33356759051867,117.35431918008808
2026-03-18 03:00:00+00:00,117.37020117719428,117.40416434825921,117.35317585225008,117.36183295512797
2026-03-18 04:00:00+00:00,117.34159053642561,117.35158480345531,117.2262602750758,117.26222716692796
2026-03-18 05:00:00+00:00,117.25271186192583,117.25271186192583,117.16716203751174,117.1906682575821
2026-03-18 06:00:00+00:00,117.20164850046508,117.20164850046508,117.04258634690957,117.16344746853989
2026-03-18 07:00:00+00:00,117.17770315255028,117.23007820215535,117.12548741321689,117.14026580065703
2026-03-18 08:00:00+00:00,117.16440289937778,117.39620624775817,117.16440289937778,117.39232295426446
2026-03-18 09:00:00+00:00,117.40031185716087,117.4595968102169,117.38913947630508,117.40381868916594
2026-03-18 10:00:00+00:00,117.42063056135358,117.48520623388819,117.39515544591444,117.42997701284082
2026-03-18 11:00:00+00:00,117.42179664565647,117.51977732200433,117.39436052514063,117.48029419521225
2026-03-18 12:00:00+00:00,117.47943359045948,117.67185544602302,117.47943359045948,117.65493328651706
2026-03-18 13:00:00+00:00,117.65970830468576,117.68026086829391,117.57659474945937,117.66874126948161
2026-03-18 14:00:00+00:00,117.63320878333441,117.77907913037134,117.62744338084221,117.73297313918012
2026-03-18 15:00:00+00:00,117.73402261144655,117.78479020083049,117.6612200993702,117.7783634593283
2026-03-18 16:00:00+00:00,117.7700348432058,117.82825914964712,117.74370608899318,117.76220909377102
2026-03-18 17:00:00+00:00,117.7704404357505,117.77714335910072,117.67469773705342,117.711750234302
2026-03-18 18:00:00+00:00,117.65369182555742,117.81416207595367,117.61270919162595,117.78646880368458
2026-03-18 19:00:00+00:00,117.79147383735831,117.80724776477324,117.75736449404067,117.78776255707785
2026-03-18 20:00:00+00:00,117.7823717620935,117.7823717620935,117.71930080754707,117.73027372849192
2026-03-18 21:00:00+00:00,117.74334925713305,117.84038588028962,117.72876055761779,117.73476786340798
2026-03-18 22:00:00+00:00,117.69805505444847,117.71489924258495,117.65835353210895,117.66934859746236
2026-03-18 23:00:00+00:00,117.67660543760789,117.73560926441284,117.66621398636137,117.73379587365366
2026-03-19 00:00:00+00:00,117.7308021007577,117.81321484166621,117.72828898338544,117.80300261669149
2026-03-19 01:00:00+00:00,117.81164346014714,117.82610284711839,117.68756213086978,117.70126870907413
2026-03-19 02:00:00+00:00,117.6792552103127,117.72844884295488,117.65110090938353,117.68432590427496
2026-03-19 03:00:00+00:00,117.69047514651956,117.72422008023933,117.62539997954465,117.63145975483272
2026-03-19 04:00:00+00:00,117.62737864786904,117.65114104549595,117.59691451361977,117.64198838525898
2026-03-19 05:00:00+00:00,117.64508211092303,117.69132420091346,117.63782058305779,117.66604829167844
2026-03-19 06:00:00+00:00,117.68018347015709,117.75886006576563,117.64228889522036,117.70259408111089
2026-03-19 07:00:00+00:00,117.69692275088991,117.69692275088991,117.25980596132389,117.25980596132389
2026-03-19 08:00:00+00:00,117.2697212347718,117.356771593763,117.10100929014013,117.15621899258764
2026-03-19 09:00:00+00:00,117.16043256811804,117.27777737223636,117.1371850640822,117.22352838096373
2026-03-19 10:00:00+00:00,117.20283294392544,117.26325626218328,117.15801456530326,117.1931925208264
2026-03-19 11:00:00+00:00,117.18730608341444,117.2009724828248,117.13091007275641,117.1392486384677
2026-03-19 12:00:00+00:00,117.14510994947892,117.19276739197083,117.05738866248943,117.1106078316776
2026-03-19 13:00:00+00:00,117.10658007203256,117.10658007203256,116.58067816427966,116.66983421537404
2026-03-19 14:00:00+00:00,116.6454631863715,116.70843898197359,116.60387002555699,116.6953968416288
2026-03-19 15:00:00+00:00,116.69344707704015,116.82635036869782,116.60455395767589,116.61539360901453
2026-03-19 16:00:00+00:00,116.59931454294357,116.64132294240662,116.46287125096806,116.46287125096806
2026-03-19 17:00:00+00:00,116.4699178914767,116.4699178914767,116.27601314348324,116.30445105158215
2026-03-19 18:00:00+00:00,116.32307175313787,116.32307175313787,116.2143410116711,116.23219113026983
2026-03-19 19:00:00+00:00,116.22067957617851,116.2874575675994,116.0688477204049,116.09147578796795
2026-03-19 20:00:00+00:00,116.10969983648704,116.1192613677836,116.0436000700405,116.11485796035171
2026-03-19 21:00:00+00:00,116.20261485647528,116.2356584165287,116.08818525036715,116.23200683575939
2026-03-19 22:00:00+00:00,116.1950236551605,116.26552199908036,116.11055159025575,116.26042966953568
2026-03-19 23:00:00+00:00,116.23103543945233,116.35600335852243,116.23103543945233,116.29511212333587
2026-03-20 00:00:00+00:00,116.2827026395704,116.32602411749266,116.19278374591332,116.2447442186407
2026-03-20 01:00:00+00:00,116.23638328319869,116.47437676164348,116.21065083572496,116.45990171667258
2026-03-20 02:00:00+00:00,116.47194555597764,116.67786852909823,116.47194555597764,116.67044134514947
2026-03-20 03:00:00+00:00,116.66203974284063,116.69186220596094,116.62029430021562,116.6877241157699
2026-03-20 04:00:00+00:00,116.66873589576947,116.69892418145054,116.65096647461336,116.66630154592143
2026-03-20 05:00:00+00:00,116.67494267646175,116.6901609051005,116.63163119325003,116.64318923298148
2026-03-20 06:00:00+00:00,116.64282273251506,116.65425609578058,116.61058271349026,116.64878280229225
2026-03-20 07:00:00+00:00,116.63917555870222,116.74059675097395,116.63917555870222,116.69870131768404
2026-03-20 08:00:00+00:00,116.71966258049916,116.89604235528142,116.69942496401477,116.8814838101228
2026-03-20 09:00:00+00:00,116.87844536402072,117.13586022880972,116.87172401693114,117.10802336035339
2026-03-20 10:00:00+00:00,117.10819600248495,117.11769649577977,116.9532882336613,116.9736467184431
2026-03-20 11:00:00+00:00,116.97765828426164,117.01978279153126,116.88436040434773,117.00849949529695
2026-03-20 12:00:00+00:00,117.01814830257429,117.10791166804538,116.94503758738719,117.05530085331362
2026-03-20 13:00:00+00:00,117.0318062530613,117.23507293449813,117.00704637155741,117.20504745690903
2026-03-20 14:00:00+00:00,117.2275968901621,117.32806069864867,117.11329071430674,117.22926587011793
2026-03-20 15:00:00+00:00,117.19652651490273,117.30659695345494,117.07025236570064,117.30659695345494
2026-03-20 16:00:00+00:00,117.31596357608659,117.47466327381233,117.27442730247797,117.47208634040423
2026-03-20 17:00:00+00:00,117.46992797338324,117.52554696472086,117.39403775019392,117.49356235734787
2026-03-20 18:00:00+00:00,117.48529540865614,117.48770995493669,117.4285964989253,117.43316992628438
2026-03-20 19:00:00+00:00,117.4290474381085,117.53799569942824,117.41395308059315,117.45804338927566
2026-03-20 20:00:00+00:00,117.459481983464,117.47738921262567,117.3591827190087,117.38644171868853
2026-03-22 21:00:00+00:00,117.36845567436816,117.57163025111753,117.30434655477438,117.49400163857699
2026-03-22 22:00:00+00:00,117.50880886588611,117.50880886588611,117.35471381086333,117.39870541650248
2026-03-22 23:00:00+00:00,117.38406241781381,117.48765770707647,117.290156651859,117.43054844419757
2026-03-23 00:00:00+00:00,117.4374803426057,117.59817571863988,117.31033575105303,117.59817571863988
2026-03-23 01:00:00+00:00,117.58832172279462,117.71083279686329,117.58832172279462,117.68014805386719
2026-03-23 02:00:00+00:00,117.66504517025733,117.74565247609522,117.63070891483092,117.66142417396028
2026-03-23 03:00:00+00:00,117.6557896045216,117.7148456065693,117.5465793091347,117.60125749378584
2026-03-23 04:00:00+00:00,117.58924784649828,117.60529913655094,117.52922512300526,117.56117532662196
2026-03-23 05:00:00+00:00,117.57033397672129,117.58180728702357,117.514825742748,117.55495508654076
2026-03-23 06:00:00+00:00,117.56977814129452,117.60096399620262,117.48008149971173,117.48008149971173
2026-03-23 07:00:00+00:00,117.41889316460893,117.58678361975173,117.40784276504577,117.57900656592604
2026-03-23 08:00:00+00:00,117.54911268531384,117.61857462130638,117.41226660433061,117.43428738317775
2026-03-23 09:00:00+00:00,117.40263532503579,117.43032248650246,117.34466780984367,117.37481585204004
2026-03-23 10:00:00+00:00,117.40414700498157,117.42440817398173,117.3428613096108,117.40528480182012
2026-03-23 11:00:00+00:00,117.41638588660882,117.4385529866532,116.91233967917583,117.0798676783095
2026-03-23 12:00:00+00:00,117.08033034677666,117.11367380560151,116.89218777369085,117.07177790142636
2026-03-23 13:00:00+00:00,116.96706255991474,117.03802798368369,116.90213973352073,116.92682427292429
2026-03-23 14:00:00+00:00,116.9357199309196,117.15064917927047,116.92360623096762,116.99655954908154
2026-03-23 15:00:00+00:00,116.99450231693322,117.0790739847031,116.83170490723478,117.02813534790926
2026-03-23 16:00:00+00:00,117.04286299046859,117.10757216811459,116.93951530388537,116.96831091399324
2026-03-23 17:00:00+00:00,116.95055206027011,116.96639883126386,116.74483504281017,116.75907055566532
2026-03-23 18:00:00+00:00,116.74531402942357,116.74563600125592,116.54836658162725,116.58247373692349
2026-03-23 19:00:00+00:00,116.61037517910944,116.78724368249533,116.60439986255018,116.78724368249533
2026-03-23 20:00:00+00:00,116.79308429790736,116.82279868469146,116.71938115864769,116.76238072275089
2026-03-23 21:00:00+00:00,116.74790094046658,116.82384419685958,116.710879208413,116.80033337476169
2026-03-23 22:00:00+00:00,116.74632057409295,116.75313098247838,116.69492020810215,116.72037706894682
2026-03-23 23:00:00+00:00,116.6904151230172,116.79547114682269,116.68201215947641,116.77184217830191
2026-03-24 00:00:00+00:00,116.77489098439106,116.83442210138337,116.65669289040056,116.74621245292954
2026-03-24 01:00:00+00:00,116.73635892608262,116.75095047323008,116.66277423404244,116.6907366885487
2026-03-24 02:00:00+00:00,116.69997520094549,116.75153195214493,116.64380963496853,116.72768111080342
2026-03-24 03:00:00+00:00,116.72452015635047,116.75938956010724,116.66666666666686,116.75391906671548
2026-03-24 04:00:00+00:00,116.7579312708264,116.77202960370431,116.70930732617575,116.74940769090597
2026-03-24 05:00:00+00:00,116.7423618350552,116.7423618350552,116.63968851168102,116.66277849061025
2026-03-24 06:00:00+00:00,116.67808718472101,116.71638090098257,116.65026354351222,116.69219324348
2026-03-24 07:00:00+00:00,116.70119487037356,116.77342545996383,116.69245478564255,116.70011896855019
2026-03-24 08:00:00+00:00,116.68041191968899,116.76101546542185,116.61707651468762,116.75481277766045
2026-03-24 09:00:00+00:00,116.76660247432326,116.85736802930595,116.72707912451793,116.80157067680717
2026-03-24 10:00:00+00:00,116.80315305452177,116.9432352683399,116.80315305452177,116.90656150728469
2026-03-24 11:00:00+00:00,116.91083035127458,116.9232342116027,116.79338625882923,116.84795692806043
2026-03-24 12:00:00+00:00,116.81889143407422,116.92513154341867,116.7243880921309,116.90454300016071
2026-03-24 13:00:00+00:00,116.90414177008344,116.99211908931717,116.81072178171661,116.90444047141261
2026-03-24 14:00:00+00:00,116.90835711314345,116.97685969730634,116.75031001531859,116.7927294476337
2026-03-24 15:00:00+00:00,116.76062809507508,116.80440169071586,116.6925494141752,116.78651308839514
2026-03-24 16:00:00+00:00,116.78540728761476,116.79888109442969,116.69445921049777,116.73523479425941
2026-03-24 17:00:00+00:00,116.7483416221886,116.84509297332723,116.7406814210835,116.79391535354291
2026-03-24 18:00:00+00:00,116.78907029049347,116.8367309779246,116.76126634850107,116.79581670405241
2026-03-24 19:00:00+00:00,116.78467365967386,116.87411639533039,116.75761130093345,116.8578048496155
2026-03-24 20:00:00+00:00,116.87093765484295,116.92216852188005,116.6042747579123,116.64298466134753
2026-03-24 21:00:00+00:00,116.65281968312293,116.73217293655269,116.63057663845103,116.69583351562635
2026-03-24 22:00:00+00:00,116.66192902280648,116.68634051793255,116.63435468353713,116.67359061258719
2026-03-24 23:00:00+00:00,116.67529135660318,116.73580077712109,116.66739555089092,116.71745596640636
2026-03-25 00:00:00+00:00,116.71781712677802,116.81150122477565,116.68732320433952,116.69218654300482
2026-03-25 01:00:00+00:00,116.71490962647574,116.73179551485832,116.65294524789647,116.65294524789647
2026-03-25 02:00:00+00:00,116.64408212032482,116.7157198432243,116.61920749248075,116.67030806204959
2026-03-25 03:00:00+00:00,116.68366009263866,116.69726240948779,116.64457778684007,116.69677588542977
2026-03-25 04:00:00+00:00,116.70236013986033,116.76984254147689,116.69167565047658,116.72553546329156
2026-03-25 05:00:00+00:00,116.74579480084488,116.78765153445723,116.72795857880459,116.76531184251736
2026-03-25 06:00:00+00:00,116.76580439894889,116.79747222505371,116.72453324598776,116.77222561952206
2026-03-25 07:00:00+00:00,116.77988190667591,116.82349088527474,116.73303582478563,116.82349088527474
2026-03-25 08:00:00+00:00,116.82250471152396,116.82880155998768,116.51545686701077,116.52528809218971
2026-03-25 09:00:00+00:00,116.51752586319809,116.60448168270405,116.51193247962767,116.55371504195713
2026-03-25 10:00:00+00:00,116.55431201867506,116.59166091097478,116.54136431718723,116.55444219833939
2026-03-25 11:00:00+00:00,116.54547569878733,116.5609635469702,116.47210188119695,116.50780494543464
2026-03-25 12:00:00+00:00,116.5087376099021,116.71735397689262,116.49635248852672,116.71735397689262
2026-03-25 13:00:00+00:00,116.70668878798483,116.78161421275503,116.69990247594669,116.77589229213812
2026-03-25 14:00:00+00:00,116.81275595935222,116.83645995546584,116.63067896791661,116.66472769577567
2026-03-25 15:00:00+00:00,116.66981790680106,116.75728324707819,116.60295913028332,116.7400817014845
2026-03-25 16:00:00+00:00,116.72578464580111,116.73474430909691,116.64608545319851,116.6804671838231
2026-03-25 17:00:00+00:00,116.69027435768939,116.73825357026074,116.67514313115774,116.68325065549143
2026-03-25 18:00:00+00:00,116.6924512816045,116.7993260515921,116.67768198885898,116.7891587264701
2026-03-25 19:00:00+00:00,116.80390960845844,116.81067658035775,116.757513953708,116.77459165154285
2026-03-25 20:00:00+00:00,116.80279961955397,116.86813506131244,116.79964571187973,116.83032407071181
2026-03-25 21:00:00+00:00,116.82732469872099,116.86585924047709,116.77903057073134,116.8211805051006
2026-03-25 22:00:00+00:00,116.80126073000353,116.81154999745837,116.75923304220319,116.76784547236967
2026-03-25 23:00:00+00:00,116.75549681954183,116.7752194654412,116.72511053514273,116.73733428202206
2026-03-26 00:00:00+00:00,116.73019537801417,116.77349108989966,116.68879649985871,116.73064224710316
2026-03-26 01:00:00+00:00,116.71686200515278,116.7702133836553,116.69665660552607,116.72749435862477
2026-03-26 02:00:00+00:00,116.71491275800796,116.72628073510333,116.67839447511426,116.72130909723954
2026-03-26 03:00:00+00:00,116.7223958975551,116.75969138535478,116.6979893043474,116.73815381712373
2026-03-26 04:00:00+00:00,116.74250506194093,116.74250506194093,116.69085842018193,116.72012888992124
2026-03-26 05:00:00+00:00,116.71250771072991,116.72943652262275,116.6678761139011,116.71624033313525
2026-03-26 06:00:00+00:00,116.70028003076007,116.74938685474645,116.6327937867462,116.65178668641006
2026-03-26 07:00:00+00:00,116.63182953027946,116.69035842241935,116.60899151921436,116.68757750911999
2026-03-26 08:00:00+00:00,116.67138019303725,116.70896907814603,116.60975910339796,116.64612127101088
2026-03-26 09:00:00+00:00,116.6462437553023,116.71259899625791,116.63089973174816,116.69434914740397
2026-03-26 10:00:00+00:00,116.72457691666023,116.73762774807987,116.65784148031035,116.6684795614247
2026-03-26 11:00:00+00:00,116.68008442307293,116.69760965421231,116.59494312830564,116.6603888389884
2026-03-26 12:00:00+00:00,116.6705296094567,116.79040631072203,116.59665387122493,116.73807297216985
2026-03-26 13:00:00+00:00,116.74871133086371,116.78829469285918,116.68853718834524,116.72046247470408
2026-03-26 14:00:00+00:00,116.73896013462563,116.77632294802527,116.6229265746435,116.66944539082169
2026-03-26 15:00:00+00:00,116.67633200434959,116.69107199814442,116.53300521134935,116.62068516064582
2026-03-26 16:00:00+00:00,116.6159794934181,116.6919047377537,116.60801691429917,116.6919047377537
2026-03-26 17:00:00+00:00,116.6712551076595,116.68332971093263,116.6100688586553,116.66775256090078
2026-03-26 18:00:00+00:00,116.67390643325678,116.74115712536872,116.65701462284656,116.71942341820306
2026-03-26 19:00:00+00:00,116.72171519629167,116.75623995016748,116.69139626956975,116.69139626956975
2026-03-26 20:00:00+00:00,116.68584663264957,116.70515335558099,116.53776867815073,116.64471494116475
2026-03-26 21:00:00+00:00,116.64193527372244,116.66570116873544,116.52927254699043,116.62961380538941
2026-03-26 22:00:00+00:00,116.64108652843758,116.66087460179574,116.59777769734718,116.62538923890236
2026-03-26 23:00:00+00:00,116.64288869737787,116.67089221942953,116.61211366335507,116.6570129456401
2026-03-27 00:00:00+00:00,116.66220140040424,116.66220140040424,116.46003864776276,116.49886726355504
2026-03-27 01:00:00+00:00,116.49559905032159,116.59013211264363,116.457381901874,116.53254137843633
2026-03-27 02:00:00+00:00,116.5412226625039,116.60147761842697,116.51400062273285,116.52534702359853
2026-03-27 03:00:00+00:00,116.51762116132416,116.57277335264322,116.51123725671935,116.56555418808388
2026-03-27 04:00:00+00:00,116.57315369189244,116.60270242871026,116.53285067873324,116.59944241283192
2026-03-27 05:00:00+00:00,116.60849541629878,116.61777806748819,116.5568571800926,116.57532560614527
2026-03-27 06:00:00+00:00,116.5777375565613,116.68645908761786,116.57240924857184,116.68138965722001
2026-03-27 07:00:00+00:00,116.68175137029469,116.86028825957867,116.68175137029469,116.84010804782511
2026-03-27 08:00:00+00:00,116.85388375882691,116.85388375882691,116.74427362063616,116.76237788672543
2026-03-27 09:00:00+00:00,116.76902575393282,116.82621982128136,116.73208957385806,116.7690035190363
2026-03-27 10:00:00+00:00,116.76888209866283,116.82623368722952,116.74440501195066,116.82623368722952
2026-03-27 11:00:00+00:00,116.82839928161769,116.83069369310671,116.62723991000591,116.65882931699325
2026-03-27 12:00:00+00:00,116.66136080803423,116.70862814892004,116.6086811859419,116.64388366929234
2026-03-27 13:00:00+00:00,116.67209142526511,116.75340373632915,116.6512388087767,116.70127708838339
2026-03-27 14:00:00+00:00,116.71503528134632,116.75946104446186,116.68028962653823,116.68836993952043
2026-03-27 15:00:00+00:00,116.68535546086585,116.74952668622568,116.5363443691366,116.74952668622568
2026-03-27 16:00:00+00:00,116.73337861075407,116.79894753581723,116.73280279867892,116.73869056222016
2026-03-27 17:00:00+00:00,116.73290076446212,116.854468232643,116.72458511845007,116.8234087428854
2026-03-27 18:00:00+00:00,116.80570301835299,116.86400577930307,116.76285964012531,116.76285964012531
2026-03-27 19:00:00+00:00,116.75514817944793,116.77283297944582,116.72362840234996,116.72362840234996
2026-03-27 20:00:00+00:00,116.71001112507786,116.76004274121371,116.67978140498572,116.75236142002966
2026-03-29 21:00:00+00:00,116.72564198850364,116.94949524125903,116.68592308025613,116.83094675880818
2026-03-29 22:00:00+00:00,116.71258962189323,116.80102680953574,116.70283872549398,116.748136292195
2026-03-29 23:00:00+00:00,116.73769912525535,116.79201609472258,116.62544972133523,116.62544972133523
2026-03-30 00:00:00+00:00,116.62881491575305,116.62881491575305,116.46463771880481,116.4808359854802
2026-03-30 01:00:00+00:00,116.50704753931561,116.54051245787869,116.42797878864424,116.49445855460655
2026-03-30 02:00:00+00:00,116.51671368480314,116.52525252525275,116.35562224514699,116.4060133019782
2026-03-30 03:00:00+00:00,116.39605588695682,116.3998297246014,116.34742332748978,116.36957791997023
2026-03-30 04:00:00+00:00,116.34575845675519,116.36274453228717,116.30836267097614,116.36274453228717
2026-03-30 05:00:00+00:00,116.36876424593922,116.37351379429784,116.30906860976864,116.35819172349125
2026-03-30 06:00:00+00:00,116.33159664593249,116.41067447749482,116.22642870019857,116.38339008483891
2026-03-30 07:00:00+00:00,116.38151156248672,116.39654065594841,116.14246701685387,116.21828032912111
2026-03-30 08:00:00+00:00,116.2180466295861,116.23029482117663,116.05277941833188,116.07983755994323
2026-03-30 09:00:00+00:00,116.0893388150081,116.1227135244133,116.04274224324796,116.04690189638679
2026-03-30 10:00:00+00:00,116.04646640691976,116.11768859936754,115.99962541960232,116.07846527342562
2026-03-30 11:00:00+00:00,116.0665019485246,116.0665019485246,115.90990913149318,115.92772558758975
2026-03-30 12:00:00+00:00,115.89364887430206,115.96172124773203,115.7923906315231,115.79322355921492
2026-03-30 13:00:00+00:00,115.7845487198315,115.8959891181532,115.74926077541262,115.85891357989188
2026-03-30 14:00:00+00:00,115.86291221634863,115.95308889064898,115.77786082881767,115.95308889064898
2026-03-30 15:00:00+00:00,115.95438313558368,116.00135391085817,115.81447231118011,115.89741005744251
2026-03-30 16:00:00+00:00,115.88778991923317,115.91820570976009,115.83061045298196,115.85754694573822
2026-03-30 17:00:00+00:00,115.86357812297571,115.97811217510282,115.86357812297571,115.96086984689161
2026-03-30 18:00:00+00:00,115.95514190906037,115.97319204687815,115.90194031462637,115.96790443293057
2026-03-30 19:00:00+00:00,115.97302685080588,116.02395244058695,115.97302685080588,115.98906435483313
2026-03-30 20:00:00+00:00,115.99669029031932,116.06782979213472,115.97806847126905,116.03452371525874
2026-03-30 21:00:00+00:00,116.05705398672315,116.11597626317938,116.02481968298781,116.09561179308136
2026-03-30 22:00:00+00:00,116.05334561654804,116.09003511599818,116.03724705679194,116.09003511599818
2026-03-30 23:00:00+00:00,116.08553625649387,116.11754293814197,116.07165983164283,116.11129899191977
2026-03-31 00:00:00+00:00,116.04895633216076,116.190709292867,116.04895633216076,116.190709292867
2026-03-31 01:00:00+00:00,116.17294526711372,116.21590500179946,116.06718599259912,116.10190844365762
2026-03-31 02:00:00+00:00,116.08804877522105,116.0994500590253,115.96280622966887,115.96280622966887
2026-03-31 03:00:00+00:00,115.96654984059384,116.0170668355125,115.95590034398906,116.00492082790795
2026-03-31 04:00:00+00:00,116.01036083030566,116.0276012922818,115.92926720478863,115.93225948014786
2026-03-31 05:00:00+00:00,115.9380148344259,115.95241693473545,115.8312294557253,115.94341591175669
2026-03-31 06:00:00+00:00,115.93832738574905,115.98431993095038,115.83319548034,115.98431993095038
2026-03-31 07:00:00+00:00,115.98716768327797,116.00693295743876,115.90796332913919,115.92878978600994
2026-03-31 08:00:00+00:00,115.93166696637321,115.93166696637321,115.8233399476608,115.8233399476608
2026-03-31 09:00:00+00:00,115.81789291286522,115.86778998217292,115.77887857589658,115.85488578041685
2026-03-31 10:00:00+00:00,115.85023109379627,115.92312281231379,115.84322801368508,115.90443538823145
2026-03-31 11:00:00+00:00,115.8958436648773,115.91650733867168,115.7447573828282,115.74719339503932
2026-03-31 12:00:00+00:00,115.7454888056215,115.86099241803008,115.66660915077816,115.67485566795385
2026-03-31 13:00:00+00:00,115.66597653554197,115.72281787436162,115.5400060408189,115.55264559020357
2026-03-31 14:00:00+00:00,115.55525175922084,115.63538773689459,115.35246466735632,115.35246466735632
2026-03-31 15:00:00+00:00,115.35267921275702,115.35981039931079,115.19198185003326,115.34776488163665
2026-03-31 16:00:00+00:00,115.3452832356661,115.51924901526718,115.3369297407572,115.42107496565687
2026-03-31 17:00:00+00:00,115.38505805003695,115.40099412302116,115.28750845189995,115.39838918452487
2026-03-31 18:00:00+00:00,115.40834597766471,115.40862635663399,115.32951186357809,115.3633153287929
2026-03-31 19:00:00+00:00,115.36265237872657,115.43715551712982,115.30979308757111,115.42052035612437
2026-03-31 20:00:00+00:00,115.43598536149638,115.47967315646143,115.3974153952546,115.41220703265701
2026-03-31 21:00:00+00:00,115.45694953847507,115.54689076599324,115.42363112391955,115.47252747252769
2026-03-31 22:00:00+00:00,115.48709228851622,115.54182064414834,115.44244728655397,115.48519559109596
2026-03-31 23:00:00+00:00,115.48602756305448,115.51695568539607,115.40168759953042,115.44871332804752
2026-04-01 00:00:00+00:00,115.41582588642284,115.64989797463448,115.40685935156364,115.63644754679997
2026-04-01 01:00:00+00:00,115.64322742052958,115.73241842596552,115.52534117274098,115.54210355637247
2026-04-01 02:00:00+00:00,115.53666006125044,115.57067979784166,115.506579990487,115.55840710516475
2026-04-01 03:00:00+00:00,115.56393307912455,115.58656762656811,115.45319572174033,115.58656762656811
2026-04-01 04:00:00+00:00,115.58762500360264,115.65776295026,115.54418705191506,115.54418705191506
2026-04-01 05:00:00+00:00,115.5494394651145,115.63342123845369,115.48903836033212,115.49871348569722
2026-04-01 06:00:00+00:00,115.46316714950801,115.49622667349036,115.31210558580673,115.33678158432006
2026-04-01 07:00:00+00:00,115.32042266219504,115.54807747737384,115.26139738746815,115.54807747737384
2026-04-01 08:00:00+00:00,115.54607619198616,115.6086524189018,115.47227274039457,115.55945191246208
2026-04-01 09:00:00+00:00,115.52765450806388,115.7025747604205,115.49771307371576,115.66387646125008
2026-04-01 10:00:00+00:00,115.64518340513688,115.65401848524886,115.47388920946358,115.48127416469525
2026-04-01 11:00:00+00:00,115.4748252807411,115.48032052622871,115.3719103635802,115.38122997893302
2026-04-01 12:00:00+00:00,115.36818713112766,115.50206367073652,115.350658905503,115.47860331931673
2026-04-01 13:00:00+00:00,115.49314060674278,115.61949331253456,115.45533866466702,115.54040895813071
2026-04-01 14:00:00+00:00,115.53255290929035,115.59085893950451,115.46538209142524,115.5142426188812
2026-04-01 15:00:00+00:00,115.49176837410074,115.7056189513219,115.46381339239998,115.7056189513219
2026-04-01 16:00:00+00:00,115.68699671397128,115.73230882554745,115.6389414261585,115.6667148223059
2026-04-01 17:00:00+00:00,115.65937836334639,115.67996304823238,115.60071641101216,115.67996304823238
2026-04-01 18:00:00+00:00,115.67955314680795,115.73002893990486,115.6575492657032,115.71730490417443
2026-04-01 19:00:00+00:00,115.73700724925186,115.89117060913289,115.73453561767381,115.82864154756771
2026-04-01 20:00:00+00:00,115.83229262165521,115.87559483835582,115.7966576632533,115.8423638202574
2026-04-01 21:00:00+00:00,115.88304161186373,115.88304161186373,115.7131194324235,115.76369271672483
2026-04-01 22:00:00+00:00,115.76282083697569,115.80377140380054,115.67526960943678,115.69628848404318
2026-04-01 23:00:00+00:00,115.68978719100822,115.75016972165675,115.65355582042137,115.74587630355056
2026-04-02 00:00:00+00:00,115.74150966558614,115.79852207141178,115.69701084993598,115.75479536177463
2026-04-02 01:00:00+00:00,115.79422643472257,116.01353154595773,115.74662071855359,116.01353154595773
2026-04-02 02:00:00+00:00,116.00868492617117,116.09337937896106,115.9454157290407,116.06128334534992
2026-04-02 03:00:00+00:00,116.05643143954984,116.06482449373912,115.94682230869029,115.94878519756776
2026-04-02 04:00:00+00:00,115.94080734288683,115.95363813832226,115.90306592899977,115.92029048154258
2026-04-02 05:00:00+00:00,115.92780719766589,115.96049674407911,115.91200403254867,115.94017124792083
2026-04-02 06:00:00+00:00,115.91956672044275,115.96877115653338,115.87098075371698,115.93551454380453
2026-04-02 07:00:00+00:00,115.94119384278525,116.20464781120539,115.94119384278525,116.09112588888836
2026-04-02 08:00:00+00:00,116.10349001412168,116.11643771475522,116.05310715751453,116.08314074458073
2026-04-02 09:00:00+00:00,116.08081448094146,116.13068149086953,116.02745052855977,116.02745052855977
2026-04-02 10:00:00+00:00,116.04254583687428,116.04254583687428,115.98255663337292,116.0157430458623
2026-04-02 11:00:00+00:00,116.02187286397836,116.14394665015112,116.0000863197574,116.12276052768041
2026-04-02 12:00:00+00:00,116.13075133768812,116.17654476670891,116.0161565544206,116.06350806451636
2026-04-02 13:00:00+00:00,116.07667492367098,116.08765789511615,115.94095409540978,115.94709025187599
2026-04-02 14:00:00+00:00,115.92745129098708,115.96961186721417,115.78898118422782,115.82595551716717
2026-04-02 15:00:00+00:00,115.85881201091402,115.8991717680953,115.77310458528041,115.87031822731778
2026-04-02 16:00:00+00:00,115.86632968267361,116.0187566177585,115.83111367072226,116.0187566177585
2026-04-02 17:00:00+00:00,116.03350909038544,116.08759860245674,116.01964469600433,116.07018099840846
2026-04-02 18:00:00+00:00,116.07424533805853,116.11897527468594,116.04659198894255,116.07713800155564
2026-04-02 19:00:00+00:00,116.06279932303502,116.0907290729075,116.01183448990778,116.0907290729075
2026-04-02 20:00:00+00:00,116.09922949521156,116.09922949521156,116.00725769870493,116.04317738300148
2026-04-02 21:00:00+00:00,116.15529252426019,116.15529252426019,116.05819438942729,116.08964384509011
2026-04-02 22:00:00+00:00,116.06708239123257,116.07805018540543,116.01894915693553,116.0323700087839
2026-04-02 23:00:00+00:00,116.02842394004213,116.04810254194594,116.01730978319591,116.01955729654243
2026-04-03 00:00:00+00:00,116.00115219817833,116.08581404557094,115.96889736851601,116.0691402819175
2026-04-03 01:00:00+00:00,116.06415295354118,116.09366676744578,116.04379309848431,116.08162090186082
2026-04-03 02:00:00+00:00,116.08798295618149,116.11020346473038,116.07414072341216,116.09376574397974
2026-04-03 03:00:00+00:00,116.09077103560475,116.1059768526518,116.02421084450097,116.02565025261636
2026-04-03 04:00:00+00:00,116.02815543064445,116.05864106457881,115.99902120248177,116.05564671675755
2026-04-03 05:00:00+00:00,116.0471526343442,116.10516010135936,116.04119141341839,116.10109706585297
2026-04-03 06:00:00+00:00,116.09236771448955,116.12046440987865,116.05579868708996,116.09626515391506
2026-04-03 07:00:00+00:00,116.09387373119309,116.09387373119309,116.05192486302427,116.06254544407432
2026-04-03 08:00:00+00:00,116.0678419995539,116.08746049230747,116.03762721135462,116.08746049230747
2026-04-03 09:00:00+00:00,116.08985204651019,116.09493360983923,116.06384357316693,116.0725984694137
2026-04-03 10:00:00+00:00,116.06649196567436,116.07345974975907,116.04373142170328,116.04373142170328
2026-04-03 11:00:00+00:00,116.04407784879393,116.04407784879393,115.99467491814508,115.9990788583603
2026-04-03 12:00:00+00:00,115.99430060016431,116.02054543231036,115.92261904761928,115.92784839247736
2026-04-03 13:00:00+00:00,115.92724396994883,115.95737030591575,115.83192552388508,115.86902125456606
2026-04-03 14:00:00+00:00,115.86284744690359,115.86882936750366,115.81424424453219,115.86882936750366
2026-04-03 15:00:00+00:00,115.87072292533604,115.9226008639839,115.85703299625571,115.9226008639839
2026-04-03 16:00:00+00:00,115.93358013154608,115.93358013154608,115.90332526033643,115.9207878090859
2026-04-03 17:00:00+00:00,115.90946661779208,115.93653851683607,115.8987516439924,115.90268794020434
2026-04-03 18:00:00+00:00,115.90113625746567,115.92054103391544,115.89826147576942,115.92054103391544
2026-04-03 19:00:00+00:00,115.9093359012873,115.92059111034466,115.8832236369387,115.89367328753364
2026-04-03 20:00:00+00:00,115.89310223410318,116.00264601623581,115.75565474265282,115.84139904793435
2026-04-05 21:00:00+00:00,114.71025900925183,114.71025900925183,114.50825623440942,114.62315350609205
2026-04-05 22:00:00+00:00,114.40010916246533,114.55439503248266,114.352486735258,114.49082881654041
2026-04-05 23:00:00+00:00,114.4775947967666,114.5737480171405,114.4385103511643,114.55233255091123
2026-04-06 00:00:00+00:00,114.53634445034669,114.5875070908999,114.51483215116444,114.54262207991727
2026-04-06 01:00:00+00:00,114.52733746841255,114.52733746841255,114.44382240213598,114.47755623501713
2026-04-06 02:00:00+00:00,114.4677246854296,114.47891005982602,114.43577280135553,114.43918622938102
2026-04-06 03:00:00+00:00,114.42369144818569,114.4969585544695,114.41495778045835,114.4969585544695
2026-04-06 04:00:00+00:00,114.49285770714084,114.50373455903474,114.45183440112619,114.46660585645436
2026-04-06 05:00:00+00:00,114.46804231816189,114.47976151995113,114.44946386377181,114.45324562474414
2026-04-06 06:00:00+00:00,114.43692820313957,114.52983471846109,114.42050162637233,114.51332519215572
2026-04-06 07:00:00+00:00,114.53303353998001,114.61516349263383,114.45079639017725,114.48636442091939
2026-04-06 08:00:00+00:00,114.47940042580122,114.51126791969669,114.44568305224925,114.4665032033536
2026-04-06 09:00:00+00:00,114.47021177147374,114.52939822805197,114.46230180131592,114.50791733183758
2026-04-06 10:00:00+00:00,114.51193027369872,114.53581626854826,114.48351221756538,114.50088069305149
2026-04-06 11:00:00+00:00,114.50273561912702,114.62146437586748,114.48730482790347,114.61016778499354
2026-04-06 12:00:00+00:00,114.59088294506756,114.60883582691046,114.54863083127842,114.56676764987368
2026-04-06 13:00:00+00:00,114.55801403130056,114.66793387477678,114.55801403130056,114.65798983543772
2026-04-06 14:00:00+00:00,114.63232065870633,114.755077228549,114.57412976846585,114.755077228549
2026-04-06 15:00:00+00:00,114.76035994561971,114.77219605163792,114.70306961092373,114.74548959802028
2026-04-06 16:00:00+00:00,114.73179925046215,114.76465635726464,114.6848518854216,114.71379454202808
2026-04-06 17:00:00+00:00,114.72288948662992,114.79869658104285,114.71973537554379,114.77232679071035
2026-04-06 18:00:00+00:00,114.77469701873628,114.77469701873628,114.68912327150811,114.71449224284878
2026-04-06 19:00:00+00:00,114.72250992577247,114.75776629879564,114.70713057739475,114.7275669843553
2026-04-06 20:00:00+00:00,114.72983082057772,114.7876528460492,114.71736925765823,114.76188420189109
2026-04-06 21:00:00+00:00,114.67979657749545,114.81542790928653,114.67979657749545,114.72827494890758
2026-04-06 22:00:00+00:00,114.67653638920656,114.70622086666279,114.65579879570942,114.69814007681349
2026-04-06 23:00:00+00:00,114.69845722300137,114.71362407226279,114.68185479231383,114.70241348560246
2026-04-07 00:00:00+00:00,114.71594994966199,114.74884269242929,114.68653153379874,114.74884269242929
2026-04-07 01:00:00+00:00,114.7491374353076,114.76398613966727,114.71238938053094,114.72580842152146
2026-04-07 02:00:00+00:00,114.73299279407428,114.74820919221455,114.69178992435724,114.7254294767245
2026-04-07 03:00:00+00:00,114.7279023983675,114.75412192562563,114.72576901797065,114.73604772343406
2026-04-07 04:00:00+00:00,114.7282475886555,114.73886229352652,114.68879847023129,114.69199082694115
2026-04-07 05:00:00+00:00,114.68114775308352,114.7274452302915,114.6773625457342,114.70159070161942
2026-04-07 06:00:00+00:00,114.70313398504884,114.73607776036346,114.66199997125237,114.69784958601652
2026-04-07 07:00:00+00:00,114.70632622115538,114.76213407315299,114.68278206132376,114.74369569747968
2026-04-07 08:00:00+00:00,114.74166864305064,114.74166864305064,114.53523475460734,114.5725896357032
2026-04-07 09:00:00+00:00,114.57137513846328,114.61422892510295,114.50653214331905,114.61422892510295
2026-04-07 10:00:00+00:00,114.5995946353874,114.70000574976997,114.58809493006737,114.69670835130081
2026-04-07 11:00:00+00:00,114.69806086219035,114.81689249446217,114.68350064313069,114.81063275844704
2026-04-07 12:00:00+00:00,114.80424026235539,114.83601841196776,114.72366614182282,114.74682543106545
2026-04-07 13:00:00+00:00,114.73292925806888,114.81766414540849,114.68125327947209,114.81188574386549
2026-04-07 14:00:00+00:00,114.81585322894871,114.97140552298359,114.79500891265593,114.91717078714723
2026-04-07 15:00:00+00:00,114.93068794106853,114.93558341785536,114.8143089243864,114.90251097201234
2026-04-07 16:00:00+00:00,114.88060549811857,114.9439350539058,114.85206930294132,114.9439350539058
2026-04-07 17:00:00+00:00,114.92903615845228,114.99337691133697,114.85810523891429,114.85810523891429
2026-04-07 18:00:00+00:00,114.83784600768662,114.89130512999486,114.799168028097,114.89115181173759
2026-04-07 19:00:00+00:00,114.88515011082004,114.8907231629473,114.75192626197156,114.76670506912437
2026-04-07 20:00:00+00:00,114.7903855293287,114.89128712015328,114.75533791812188,114.8733766701739
2026-04-07 21:00:00+00:00,114.94889206060863,114.95220657141618,114.86007435801362,114.88717686314918
2026-04-07 22:00:00+00:00,114.82236647766159,114.86131934032981,114.59313909503042,114.62705098497806
2026-04-07 23:00:00+00:00,114.66256605735072,114.68015901698585,114.50377819195812,114.62758845000175
2026-04-08 00:00:00+00:00,114.58941737747573,114.69303637283964,114.45743966133772,114.55818288216041
2026-04-08 01:00:00+00:00,114.53921462374907,114.61594637782801,114.41272778528725,114.41272778528725
2026-04-08 02:00:00+00:00,114.40820103525053,114.53847377478266,114.37246524539674,114.45354578908173
2026-04-08 03:00:00+00:00,114.45096735012577,114.45973887017247,114.38277449711966,114.45973887017247
2026-04-08 04:00:00+00:00,114.43196113304121,114.48944171246744,114.40064767494809,114.43635232770896
2026-04-08 05:00:00+00:00,114.43180421057194,114.47866252866575,114.36860611497774,114.3968984173827
2026-04-08 06:00:00+00:00,114.34903007034967,114.37379826806027,114.138713453673,114.24875147257573
2026-04-08 07:00:00+00:00,114.21645484563192,114.27095151720994,114.17483866771687,114.2358551918491
2026-04-08 08:00:00+00:00,114.21717043984705,114.28107241625806,114.1846993904024,114.18892103876982
2026-04-08 09:00:00+00:00,114.19489385039468,114.24088528516393,114.134081840288,114.22584786716864
2026-04-08 10:00:00+00:00,114.2157499170525,114.25129658883522,114.18605490026327,114.2141867713263
2026-04-08 11:00:00+00:00,114.21130845031809,114.23129919129684,114.11291777628622,114.12775969456608
2026-04-08 12:00:00+00:00,114.11980395978138,114.1771840800335,114.00002886752688,114.13102406372654
2026-04-08 13:00:00+00:00,114.10405627164221,114.22681156803984,114.0253376791379,114.18607673535398
2026-04-08 14:00:00+00:00,114.19349714425996,114.3987627644121,114.15029636207426,114.33807582198314
2026-04-08 15:00:00+00:00,114.31958651100585,114.39554325599539,114.25899311749366,114.29644394372704
2026-04-08 16:00:00+00:00,114.31212537011623,114.45743073776117,114.26240043904302,114.42253480404202
2026-04-08 17:00:00+00:00,114.40518095017812,114.46596328949266,114.39353995276304,114.44236426852095
2026-04-08 18:00:00+00:00,114.43395817375087,114.53317929092348,114.38194288853067,114.53317929092348
2026-04-08 19:00:00+00:00,114.53797285590524,114.57610957004158,114.46399168038822,114.5310082563368
2026-04-08 20:00:00+00:00,114.56276981148443,114.57131288591957,114.49345543116092,114.49345543116092
2026-04-08 21:00:00+00:00,114.56495328454481,114.61658049821031,114.39233564776346,114.40472233862691
2026-04-08 22:00:00+00:00,114.46583141862106,114.47323744229558,114.43976569327776,114.46549967851229
2026-04-08 23:00:00+00:00,114.47180198534828,114.52264174112781,114.45506360661417,114.48792853170787
2026-04-09 00:00:00+00:00,114.48298774366414,114.62158903001719,114.46881024759726,114.62158903001719
2026-04-09 01:00:00+00:00,114.61676222937935,114.64530892448508,114.57244346896925,114.60737445659232
2026-04-09 02:00:00+00:00,114.60147596146896,114.60776384957536,114.5487244676855,114.54965691585403
2026-04-09 03:00:00+00:00,114.56750353913264,114.60226205780809,114.5303280878752,114.57793122377186
2026-04-09 04:00:00+00:00,114.57805129983164,114.57805129983164,114.52628993339009,114.5674125651878
2026-04-09 05:00:00+00:00,114.5710240815913,114.63493921071445,114.5710240815913,114.6303063567951
2026-04-09 06:00:00+00:00,114.62997198070417,114.65807923637327,114.5539872206779,114.56556743759516
2026-04-09 07:00:00+00:00,114.57069831918206,114.68227038422101,114.56266516483986,114.68227038422101
2026-04-09 08:00:00+00:00,114.67277912139473,114.76951954661943,114.65277627370709,114.7585031311168
2026-04-09 09:00:00+00:00,114.75819438326381,114.75819438326381,114.6770048225475,114.69072164948447
2026-04-09 10:00:00+00:00,114.67893881970757,114.77587800369679,114.67893881970757,114.77587800369679
2026-04-09 11:00:00+00:00,114.78657105512099,114.80905765143072,114.73912258530414,114.79264272080508
2026-04-09 12:00:00+00:00,114.75518864173605,114.95892748676707,114.75518864173605,114.87903284117361
2026-04-09 13:00:00+00:00,114.90140213610621,115.00397945155916,114.88793714641233,114.98238685270773
2026-04-09 14:00:00+00:00,115.0108522645058,115.16707091916152,114.98780920133984,115.10485259852085
2026-04-09 15:00:00+00:00,115.10083869427089,115.13322186271738,114.957391814305,115.00467266022874
2026-04-09 16:00:00+00:00,115.00362266338206,115.00362266338206,114.80352254457489,114.85299760365453
2026-04-09 17:00:00+00:00,114.85444554648976,114.89036612211788,114.81036305446536,114.88344811105553
2026-04-09 18:00:00+00:00,114.8969912017089,115.02280130293153,114.89526540246607,115.01349991675649
2026-04-09 19:00:00+00:00,115.03709870064056,115.13092608018538,115.01172621460415,115.12669548907566
2026-04-09 20:00:00+00:00,115.12665285964624,115.12665285964624,115.01389773582714,115.04024108429974
2026-04-09 21:00:00+00:00,115.03216365796408,115.0448695198707,115.0010141693952,115.04269666176559
2026-04-09 22:00:00+00:00,115.01955104996372,115.09017325137732,115.01955104996372,115.09017325137732
2026-04-09 23:00:00+00:00,115.08427210332736,115.08693700867191,115.04570158996658,115.04570158996658
2026-04-10 00:00:00+00:00,115.0640028365304,115.13715331794529,115.0640028365304,115.09956872847255
2026-04-10 01:00:00+00:00,115.10853835021702,115.12684698765533,115.01425862393415,115.01425862393415
2026-04-10 02:00:00+00:00,115.0301819603074,115.09358878815716,115.02627426569572,115.08625680213031
2026-04-10 03:00:00+00:00,115.08046775500745,115.09712532206228,115.06584659913163,115.07355867688447
2026-04-10 04:00:00+00:00,115.07993370821475,115.11972039914029,115.0789227996786,115.09435327486896
2026-04-10 05:00:00+00:00,115.10560246586635,115.1418896429966,115.10014181933946,115.13467757688878
2026-04-10 06:00:00+00:00,115.12958916400149,115.18520393770834,115.09468080489528,115.11072859560551
2026-04-10 07:00:00+00:00,115.1085848176512,115.12684041537699,115.04332680480167,115.05426849536798
2026-04-10 08:00:00+00:00,115.05893064899584,115.09803638046206,115.02262247213741,115.0867148134492
2026-04-10 09:00:00+00:00,115.07828651563554,115.085334104715,115.03358227838943,115.05307149467832
2026-04-10 10:00:00+00:00,115.03275061814075,115.06131243312022,114.99392782789722,114.99392782789722
2026-04-10 11:00:00+00:00,114.99898797131615,115.09895437606274,114.9856866090275,115.09844927022347
2026-04-10 12:00:00+00:00,115.11072514112023,115.14039392820685,115.00727454344091,115.11262630649404
2026-04-10 13:00:00+00:00,115.1172553561088,115.2077704782668,115.06965300141108,115.15327029727337
2026-04-10 14:00:00+00:00,115.19560274032119,115.25552681346862,115.00090406104214,115.00090406104214
2026-04-10 15:00:00+00:00,114.96832788592248,115.09642789970913,114.93058568329711,115.09642789970913
2026-04-10 16:00:00+00:00,115.09667339365919,115.12955691030447,115.0528849977226,115.08102362375529
2026-04-10 17:00:00+00:00,115.07165271210208,115.12896179606237,115.07165271210208,115.12896179606237
2026-04-10 18:00:00+00:00,115.13452914798201,115.17704014067682,115.10274319263077,115.14143094841923
2026-04-10 19:00:00+00:00,115.14458729136665,115.14678009751573,115.08047838725065,115.08419066347585
2026-04-10 20:00:00+00:00,115.08491364040567,115.1015567944351,115.0060700659035,115.02074568822188
2026-04-12 21:00:00+00:00,115.03643092580808,115.03682768690321,114.97119395109114,114.99031343974086
2026-04-12 22:00:00+00:00,115.03678968443263,115.11869843517457,115.01910892448176,115.09319462505412
2026-04-12 23:00:00+00:00,115.08726558210762,115.09232236252777,114.94237102085616,114.96945010183295
2026-04-13 00:00:00+00:00,114.96996042864151,115.1466974996386,114.96425734710081,115.07404757258392
2026-04-13 01:00:00+00:00,115.08044348718535,115.12054810360772,115.04751580849134,115.05666213755018
2026-04-13 02:00:00+00:00,115.05344482427162,115.11854850368653,115.05344482427162,115.0879298007213
2026-04-13 03:00:00+00:00,115.09154384925074,115.11801915778054,115.07384034870854,115.07384034870854
2026-04-13 04:00:00+00:00,115.06563159568618,115.1377373629312,115.06563159568618,115.11324451127379
2026-04-13 05:00:00+00:00,115.10836092356176,115.11331188780852,115.05778111833018,115.06418596582525
2026-04-13 06:00:00+00:00,115.07110786560715,115.14031802043483,115.0331144980767,115.12004628290418
2026-04-13 07:00:00+00:00,115.10689385830409,115.1939959326351,115.10617062516266,115.15208533858251
2026-04-13 08:00:00+00:00,115.14329135909678,115.24787017668301,115.14129608857685,115.24725672428262
2026-04-13 09:00:00+00:00,115.25342753318947,115.261611072504,115.20475876891454,115.24961280704035
2026-04-13 10:00:00+00:00,115.251391391826,115.25795431516164,115.22905100718742,115.24101138642165
2026-04-13 11:00:00+00:00,115.2426179427967,115.30790218343135,115.2426179427967,115.3060781476121
2026-04-13 12:00:00+00:00,115.28728314499435,115.32153584482315,115.20889712160455,115.27208767028094
2026-04-13 13:00:00+00:00,115.29123050862175,115.37698197121472,115.20832126093755,115.20832126093755
2026-04-13 14:00:00+00:00,115.24328397136809,115.44929554984833,115.23561157593532,115.40677007008019
2026-04-13 15:00:00+00:00,115.43578880167142,115.52782413117602,115.43578880167142,115.52523340079644
2026-04-13 16:00:00+00:00,115.52740963199923,115.54895970158996,115.41354202208359,115.48711766927114
2026-04-13 17:00:00+00:00,115.4740465332442,115.47590514580378,115.3934411944113,115.40947415051447
2026-04-13 18:00:00+00:00,115.40087145969494,115.40618484806656,115.34757727167087,115.40210844467688
2026-04-13 19:00:00+00:00,115.38031198006344,115.46919169531056,115.3784686909777,115.46919169531056
2026-04-13 20:00:00+00:00,115.472600300848,115.52118838072944,115.45742470689076,115.47269609695132
2026-04-13 21:00:00+00:00,115.46940851620398,115.5101862821342,115.44063669731435,115.45126143871607
2026-04-13 22:00:00+00:00,115.47362912135833,115.50942079553381,115.47362912135833,115.48117458932984
2026-04-13 23:00:00+00:00,115.47865652006422,115.47865652006422,115.37550154096641,115.38752307983073
2026-04-14 00:00:00+00:00,115.41592765969817,115.4433728460023,115.3374768291353,115.34737316535934
2026-04-14 01:00:00+00:00,115.3601802718616,115.38657245871131,115.2843696623905,115.35459395031761
2026-04-14 02:00:00+00:00,115.3675642283513,115.40295383184092,115.31500098131146,115.32769248662477
2026-04-14 03:00:00+00:00,115.32987322633169,115.3445230324133,115.30337062316912,115.32174798225842
2026-04-14 04:00:00+00:00,115.32163657648091,115.34328054331543,115.27034494793784,115.27426344414387
2026-04-14 05:00:00+00:00,115.26498324087335,115.33820375822337,115.2187347772664,115.32086883196185
2026-04-14 06:00:00+00:00,115.35536408914089,115.4569452625608,115.33501032366881,115.44192543872408
2026-04-14 07:00:00+00:00,115.44853882873441,115.44853882873441,115.36076170510128,115.41339155749631
2026-04-14 08:00:00+00:00,115.4025314244539,115.49205563602216,115.39026964084276,115.46981038650856
2026-04-14 09:00:00+00:00,115.46319690692371,115.48433141800122,115.3156170367674,115.41206370475017
2026-04-14 10:00:00+00:00,115.40427763091778,115.41066460812443,115.31592556174658,115.35805095550681
2026-04-14 11:00:00+00:00,115.35984379325917,115.3837743275749,115.31635240287937,115.35546405276389
2026-04-14 12:00:00+00:00,115.33601504088145,115.43035148897674,115.33440662038419,115.43035148897674
2026-04-14 13:00:00+00:00,115.44175051256045,115.48916808248444,115.41804288703689,115.47704983776293
2026-04-14 14:00:00+00:00,115.46219590455631,115.48259083912664,115.33447559330682,115.36218572542845
2026-04-14 15:00:00+00:00,115.35714285714282,115.39380431061484,115.28224925340518,115.39380431061484
2026-04-14 16:00:00+00:00,115.3968855157545,115.39795033906078,115.30014054864948,115.31565647370681
2026-04-14 17:00:00+00:00,115.31459364986891,115.32933346925103,115.21299060656813,115.2196706033114
2026-04-14 18:00:00+00:00,115.21908520910856,115.21908520910856,115.15039071026322,115.17477176008438
2026-04-14 19:00:00+00:00,115.16780378522279,115.27868757005402,115.1657768014315,115.26218114333538
2026-04-14 20:00:00+00:00,115.2911720393324,115.2911720393324,115.2325691446377,115.2325691446377
2026-04-14 21:00:00+00:00,115.22616065707462,115.26309659008182,115.22616065707462,115.25094276437443
2026-04-14 22:00:00+00:00,115.22448028882549,115.28275239509624,115.22448028882549,115.28275239509624
2026-04-14 23:00:00+00:00,115.28118516361518,115.30297294936376,115.23415035415556,115.25497761438503
2026-04-15 00:00:00+00:00,115.23391429694665,115.29149712106103,115.22552559548075,115.25677888989989
2026-04-15 01:00:00+00:00,115.30868511279509,115.35259139573644,115.29061558392407,115.29465702184639
2026-04-15 02:00:00+00:00,115.30406560860422,115.33129682158702,115.27477723222404,115.32351914348884
2026-04-15 03:00:00+00:00,115.31714341821038,115.32390062925109,115.27936394782976,115.31169747630166
2026-04-15 04:00:00+00:00,115.32216410472785,115.3229444032185,115.29255996333451,115.3142142098447
2026-04-15 05:00:00+00:00,115.30805997511948,115.33776260924618,115.30243153351816,115.3268470881028
2026-04-15 06:00:00+00:00,115.30674623389851,115.3601548458454,115.27074235807858,115.33514716794461
2026-04-15 07:00:00+00:00,115.3517037640707,115.38243110415377,115.31423330567323,115.33618185920905
2026-04-15 08:00:00+00:00,115.33640056491414,115.33640056491414,115.18201082088736,115.23991176663294
2026-04-15 09:00:00+00:00,115.21789775622824,115.27559513415983,115.19354909138545,115.27188584650983
2026-04-15 10:00:00+00:00,115.26702561117578,115.34163659643812,115.24588612892192,115.26249572749023
2026-04-15 11:00:00+00:00,115.2552233704466,115.29308289477508,115.21037480736238,115.26248064382456
2026-04-15 12:00:00+00:00,115.28550342109664,115.44871048495081,115.28550342109664,115.4113675387794
2026-04-15 13:00:00+00:00,115.4173578974941,115.45506832759386,115.376160945643,115.45155323827971
2026-04-15 14:00:00+00:00,115.46635011033347,115.58512577469926,115.4572799906774,115.54420008310065
2026-04-15 15:00:00+00:00,115.55335233610113,115.64752926067537,115.53023676230467,115.62933033825865
2026-04-15 16:00:00+00:00,115.6267779252797,115.63024229428328,115.43981447719617,115.58258661451794
2026-04-15 17:00:00+00:00,115.5833637358628,115.75724846565326,115.57424890198881,115.75640370721737
2026-04-15 18:00:00+00:00,115.75283489733076,115.76423357664231,115.71060487726542,115.72228345364698
2026-04-15 19:00:00+00:00,115.72658930005106,115.72658930005106,115.67773106790446,115.68110822409714
2026-04-15 20:00:00+00:00,115.67362428842503,115.67713122290817,115.571779704902,115.571779704902
2026-04-15 21:00:00+00:00,115.60669181325376,115.66265060240961,115.51851176363301,115.58388487948685
2026-04-15 22:00:00+00:00,115.53970268574845,115.54942770227387,115.51485177404292,115.54407547665434
2026-04-15 23:00:00+00:00,115.51904035723928,115.53431354664527,115.48799439665552,115.52248826873539
2026-04-16 00:00:00+00:00,115.50677253619806,115.5389330803474,115.4679723872211,115.48304682652655
2026-04-16 01:00:00+00:00,115.4706981633428,115.52508082938617,115.45991401020493,115.4981495945167
2026-04-16 02:00:00+00:00,115.49411962242942,115.56397785859298,115.3975940574534,115.3975940574534
2026-04-16 03:00:00+00:00,115.34904785209754,115.54675570427632,115.26343862110286,115.54675570427632
2026-04-16 04:00:00+00:00,115.56597914794443,115.58598116502162,115.52537766998805,115.5569515767329
2026-04-16 05:00:00+00:00,115.55716247407021,115.62073221497589,115.52916602762141,115.60996268738457
2026-04-16 06:00:00+00:00,115.59435402016842,115.63537887690974,115.57084328374562,115.62356172789903
2026-04-16 07:00:00+00:00,115.64057225526447,115.65202781673683,115.56209431882071,115.60898325131788
2026-04-16 08:00:00+00:00,115.61320375873426,115.72653940212433,115.61320375873426,115.67294918025611
2026-04-16 09:00:00+00:00,115.66530653955928,115.71621473668847,115.65202162824808,115.70342038802355
2026-04-16 10:00:00+00:00,115.71448383588445,115.71448383588445,115.63927107194446,115.65521317504218
2026-04-16 11:00:00+00:00,115.65464895635677,115.6985871271586,115.58461459876389,115.68943863543434
2026-04-16 12:00:00+00:00,115.68229444278136,115.81811143814959,115.66447147467257,115.81045851863213
2026-04-16 13:00:00+00:00,115.81457166434203,115.99076556666841,115.73155146602406,115.94205016182416
2026-04-16 14:00:00+00:00,115.93437497717298,116.00143228786067,115.9103530924822,115.98895197176618
2026-04-16 15:00:00+00:00,116.00102294315359,116.00102294315359,115.92033619587068,115.93062704726255
2026-04-16 16:00:00+00:00,115.92095451155855,116.0417093217117,115.90505362116487,116.02896007020628
2026-04-16 17:00:00+00:00,116.02942897261879,116.08833961022344,116.02880959344841,116.06150561534865
2026-04-16 18:00:00+00:00,116.04480613013378,116.08370636940815,116.01641058643715,116.06608693108268
2026-04-16 19:00:00+00:00,116.04373902867178,116.06978275181042,115.97902711557028,116.01246014800084
2026-04-16 20:00:00+00:00,115.99455977303143,116.05567664828337,115.98180528436559,115.98180528436559
2026-04-16 21:00:00+00:00,115.99458728010828,116.03721828436008,115.9754830970876,115.99763008909116
2026-04-16 22:00:00+00:00,116.00494462893344,116.03739767215592,115.94732991953188,116.02528459805104
2026-04-16 23:00:00+00:00,116.02642417680501,116.09158406788347,116.0088377095116,116.07016157936705
2026-04-17 00:00:00+00:00,116.07630025672351,116.1781380072128,116.06061492554787,116.16475631075781
2026-04-17 01:00:00+00:00,116.18840017848134,116.21710574433543,116.12570576017326,116.17966515751064
2026-04-17 02:00:00+00:00,116.18905516303161,116.24304219665447,116.18905516303161,116.22159465035635
2026-04-17 03:00:00+00:00,116.23009833762592,116.27988645342549,116.22742837074549,116.2609955651831
2026-04-17 04:00:00+00:00,116.254409203343,116.3757504759116,116.254409203343,116.37551068222761
2026-04-17 05:00:00+00:00,116.37807958414182,116.4514593327719,116.37807958414182,116.42703854802213
2026-04-17 06:00:00+00:00,116.4275303406503,116.44874189649497,116.33153686183773,116.3380219812406
2026-04-17 07:00:00+00:00,116.33590134161354,116.36219803401657,116.26655538228387,116.28590054423071
2026-04-17 08:00:00+00:00,116.29476059309626,116.32738304607817,116.26296817302627,116.2646319384891
2026-04-17 09:00:00+00:00,116.25401292932854,116.27257534889182,116.11683773269749,116.148035257655
2026-04-17 10:00:00+00:00,116.14661557735569,116.20024169626842,116.12685807222036,116.19461961577059
2026-04-17 11:00:00+00:00,116.19507335760282,116.31338229473599,116.19507335760282,116.29211012402153
2026-04-17 12:00:00+00:00,116.28881998959186,116.28881998959186,115.79866076994733,115.82901117281558
2026-04-17 13:00:00+00:00,115.86580785257357,115.87020951933805,115.58855030150099,115.6000029327449
2026-04-17 14:00:00+00:00,115.57554299621026,115.57554299621026,115.19365977756442,115.37322079388716
2026-04-17 15:00:00+00:00,115.38399495534608,115.57750258451935,115.3541575010999,115.54045136597607
2026-04-17 16:00:00+00:00,115.57219000417902,115.57383659972585,115.42188989077054,115.49679945447754
2026-04-17 17:00:00+00:00,115.5216023812841,115.59064927451276,115.50177372540978,115.5628046769051
2026-04-17 18:00:00+00:00,115.55094591325897,115.69350017582939,115.50219460544739,115.69350017582939
2026-04-17 19:00:00+00:00,115.71632660537023,115.75901849478124,115.66621291295253,115.67321486078994
2026-04-17 20:00:00+00:00,115.71030151305538,115.7930978909816,115.68803981847469,115.72381377709779
2026-04-19 21:00:00+00:00,115.71025950733878,115.74873430686846,115.68657579149935,115.72390991083256
2026-04-19 22:00:00+00:00,115.73248128217132,115.76307863262863,115.64809332719344,115.73230809712463
2026-04-19 23:00:00+00:00,115.7218453981991,115.83147586509307,115.68495603680779,115.81785894372223
2026-04-20 00:00:00+00:00,115.85017357938979,115.86376794643124,115.73023847655827,115.80071382599034
2026-04-20 01:00:00+00:00,115.7850091407679,115.7850091407679,115.65033666464404,115.65033666464404
2026-04-20 02:00:00+00:00,115.66703708036034,115.70573051864964,115.63939797276548,115.69179469554605
2026-04-20 03:00:00+00:00,115.70226177505106,115.71960415737163,115.66209544706534,115.71768147741822
2026-04-20 04:00:00+00:00,115.71683513011429,115.76914636822475,115.71401401547855,115.72718961418913
2026-04-20 05:00:00+00:00,115.74158725050653,115.76691558845263,115.71698030442606,115.71698030442606
2026-04-20 06:00:00+00:00,115.72147233880762,115.7735004607217,115.6408119095669,115.69367353356301
2026-04-20 07:00:00+00:00,115.72718961418913,115.81985382876465,115.64299353970199,115.78781827624302
2026-04-20 08:00:00+00:00,115.77703987595453,115.87055432826658,115.76032888576782,115.7997527631281
2026-04-20 09:00:00+00:00,115.80256487164674,115.82270146895308,115.75047364070608,115.7893966665204
2026-04-20 10:00:00+00:00,115.78758679221818,115.7926699885126,115.72442039055079,115.75955756485105
2026-04-20 11:00:00+00:00,115.77060669685648,115.8287596048299,115.72043136623701,115.72043136623701
2026-04-20 12:00:00+00:00,115.7166582530381,115.76268583588678,115.7028902325786,115.7353016481467
2026-04-20 13:00:00+00:00,115.75293868086699,115.75536358250011,115.61109484777523,115.67211722234026
2026-04-20 14:00:00+00:00,115.69605237143303,115.90229312063815,115.69224686440621,115.87668169654317
2026-04-20 15:00:00+00:00,115.87814802595409,115.98936880979132,115.85999412973294,115.94009348468957
2026-04-20 16:00:00+00:00,115.95992954645534,115.99906008826363,115.95123991809722,115.96931659693172
2026-04-20 17:00:00+00:00,115.96379572331483,116.07877114661659,115.96188294717064,116.07877114661659
2026-04-20 18:00:00+00:00,116.06678708313147,116.16917249075003,116.05023501762638,116.16917249075003
2026-04-20 19:00:00+00:00,116.13708445906269,116.14655995300689,116.08951586858878,116.08965937364684
2026-04-20 20:00:00+00:00,116.08883278534529,116.138290453995,116.07627827771994,116.1030513053949
2026-04-20 21:00:00+00:00,116.13123567777197,116.14346152716168,115.98126931235191,115.99747493283625
2026-04-20 22:00:00+00:00,116.04020144772205,116.0885690155327,116.03632306088599,116.08278617488513
2026-04-20 23:00:00+00:00,116.07134989058123,116.1102259293797,116.0565717684553,116.08868007634716
2026-04-21 00:00:00+00:00,116.1160058737152,116.19520288971941,116.11420684389438,116.17829531354403
2026-04-21 01:00:00+00:00,116.18151250633214,116.19319641978669,116.15070072017448,116.17488344774428
2026-04-21 02:00:00+00:00,116.18139370980538,116.1953217919916,116.12839295937997,116.15003486622389
2026-04-21 03:00:00+00:00,116.14759573390495,116.16670214249548,116.12782506604057,116.16123066083442
2026-04-21 04:00:00+00:00,116.15315738484581,116.1690227683094,116.13980491313578,116.13994656959171
2026-04-21 05:00:00+00:00,116.13930786450887,116.13930786450887,116.08553307690057,116.09643328929994
2026-04-21 06:00:00+00:00,116.06369707198951,116.11567821491491,116.03203029813727,116.03851827930163
2026-04-21 07:00:00+00:00,116.049971740423,116.13918940739552,116.049971740423,116.12191007115095
2026-04-21 08:00:00+00:00,116.15049441037534,116.25428217222591,116.12051708840812,116.21403583398737
2026-04-21 09:00:00+00:00,116.22650365600553,116.25534474033554,116.18201281656482,116.2099736762992
2026-04-21 10:00:00+00:00,116.22965244170705,116.27359355629082,116.20971585701199,116.21239119754208
2026-04-21 11:00:00+00:00,116.22188487741923,116.25500520688196,116.14304052814971,116.14304052814971
2026-04-21 12:00:00+00:00,116.14315894486671,116.28125366827099,116.11656324722387,116.27557160048143
2026-04-21 13:00:00+00:00,116.26031769323902,116.32095428369969,116.24013148240549,116.31671330263445
2026-04-21 14:00:00+00:00,116.32110462340721,116.43758209984817,116.31170776845914,116.43403343460592
2026-04-21 15:00:00+00:00,116.43429510698884,116.51665761228661,116.41009829615116,116.499030893927
2026-04-21 16:00:00+00:00,116.50281569151483,116.51396352744258,116.41853438160064,116.41940995724653
2026-04-21 17:00:00+00:00,116.42345936115926,116.42345936115926,116.273643740737,116.30430797433554
2026-04-21 18:00:00+00:00,116.29789886692832,116.38369620995535,116.29789886692832,116.3479166361117
2026-04-21 19:00:00+00:00,116.3365574287412,116.43022540082664,116.27487366050806,116.41561410192546
2026-04-21 20:00:00+00:00,116.40867099874734,116.45623419924529,116.28481564843807,116.28481564843807
2026-04-21 21:00:00+00:00,116.27332380219222,116.37542256671244,116.2602996803801,116.3483043079744
2026-04-21 22:00:00+00:00,116.3153688810036,116.344934272748,116.30817278085694,116.344095481071
2026-04-21 23:00:00+00:00,116.33493882278775,116.38276810265818,116.33493882278775,116.35878293647019
2026-04-22 00:00:00+00:00,116.34018085675947,116.34018085675947,116.24592953325322,116.31154695281622
2026-04-22 01:00:00+00:00,116.2768352879912,116.29895221545215,116.2406698634758,116.25712211540585
2026-04-22 02:00:00+00:00,116.267626806679,116.33865196222216,116.26418110750149,116.32947870912871
2026-04-22 03:00:00+00:00,116.3375448219223,116.36682337237536,116.32687484416029,116.35539717107729
2026-04-22 04:00:00+00:00,116.33793315833475,116.35158323922391,116.30500942337737,116.34542040720538
2026-04-22 05:00:00+00:00,116.34465862746829,116.34467279848619,116.24735791451394,116.316167945877
2026-04-22 06:00:00+00:00,116.30166032032524,116.30166032032524,116.2012484504398,116.2012484504398
2026-04-22 07:00:00+00:00,116.1980354902839,116.31885099796818,116.1980354902839,116.29420396184894
2026-04-22 08:00:00+00:00,116.30186741020661,116.43950236705943,116.2964756642526,116.43938170661899
2026-04-22 09:00:00+00:00,116.42825163122865,116.44989871113597,116.36148891529858,116.3737069914167
2026-04-22 10:00:00+00:00,116.36626392893042,116.38173920699681,116.27968395800785,116.2867811580701
2026-04-22 11:00:00+00:00,116.28041757451716,116.30868544600946,116.20761702283649,116.21595865557315
2026-04-22 12:00:00+00:00,116.20238688678423,116.27356416195146,116.1664442913069,116.2608001055278
2026-04-22 13:00:00+00:00,116.26252189270201,116.29705731268811,116.18308072475571,116.27422349082431
2026-04-22 14:00:00+00:00,116.26758444570018,116.31937053646801,116.25089879231668,116.3030014292521
2026-04-22 15:00:00+00:00,116.3059490915488,116.4285714285715,116.2964211637265,116.42079948382563
2026-04-22 16:00:00+00:00,116.41259156602659,116.46571323799054,116.40108822386325,116.45728366812618
2026-04-22 17:00:00+00:00,116.46217593780946,116.46217593780946,116.36523587845026,116.36523587845026
2026-04-22 18:00:00+00:00,116.36364969282884,116.37140574494448,116.33771849463162,116.37140574494448
2026-04-22 19:00:00+00:00,116.37557625640393,116.40017301925947,116.34504080765463,116.36117216117223
2026-04-22 20:00:00+00:00,116.35864190748275,116.3729066854205,116.29495032384754,116.29495032384754
2026-04-22 21:00:00+00:00,116.37551223874914,116.37807166735095,116.28058655840307,116.35571911356128
2026-04-22 22:00:00+00:00,116.33674613586231,116.37340329637314,116.3309421049161,116.36082489337068
2026-04-22 23:00:00+00:00,116.34996592383061,116.37816049835106,116.34996592383061,116.37207052719522
2026-04-23 00:00:00+00:00,116.36710020150213,116.42630611362989,116.2810813980765,116.2930491005322
2026-04-23 01:00:00+00:00,116.2788822425522,116.3457380137363,116.2788822425522,116.31776468173692
2026-04-23 02:00:00+00:00,116.32618654938612,116.40938810214914,116.32618654938612,116.38348536469212
2026-04-23 03:00:00+00:00,116.38141988424061,116.38141988424061,116.33908883793508,116.36438219695862
2026-04-23 04:00:00+00:00,116.3657141182762,116.4129017130966,116.35986726927784,116.40189929069702
2026-04-23 05:00:00+00:00,116.40433794973256,116.43390973036344,116.39713048384617,116.41345850830716
2026-04-23 06:00:00+00:00,116.41832613842085,116.49653757373689,116.41832613842085,116.49262426627388
2026-04-23 07:00:00+00:00,116.51790948528551,116.52397636814098,116.45078099815376,116.47731437367152
2026-04-23 08:00:00+00:00,116.489147247044,116.58588450962422,116.489147247044,116.57306665884632
2026-04-23 09:00:00+00:00,116.58259033317694,116.58639219394901,116.52106358652635,116.57150396165153
2026-04-23 10:00:00+00:00,116.57150396165153,116.57150396165153,116.4617131138536,116.46599581081281
2026-04-23 11:00:00+00:00,116.4606190218108,116.53720449648989,116.42389543365273,116.43859713416647
2026-04-23 12:00:00+00:00,116.43967160240435,116.43967160240435,116.29324172886349,116.29771747010452
2026-04-23 13:00:00+00:00,116.30832771903103,116.34504829768069,116.25824590175937,116.32342282321417
2026-04-23 14:00:00+00:00,116.32491709431117,116.42996379838485,116.22581542832873,116.24513832428752
2026-04-23 15:00:00+00:00,116.23270564625405,116.2475921219357,116.17550129626648,116.22519950215977
2026-04-23 16:00:00+00:00,116.228879322967,116.228879322967,116.1419886309598,116.14774606054401
2026-04-23 17:00:00+00:00,116.15029519134399,116.31229527374826,116.15029519134399,116.2054815562529
2026-04-23 18:00:00+00:00,116.20111323225012,116.26239868917695,116.18264546239267,116.26239868917695
2026-04-23 19:00:00+00:00,116.2732001375365,116.32679929783501,116.26216077828984,116.31384138223635
2026-04-23 20:00:00+00:00,116.30900659732889,116.32644105234674,116.23232278916045,116.23232278916045
2026-04-23 21:00:00+00:00,116.17085970733991,116.37956268477596,116.17085970733991,116.32842678216083
2026-04-23 22:00:00+00:00,116.34445882981139,116.35923466253183,116.29218001681718,116.34242668031894
2026-04-23 23:00:00+00:00,116.34705400503191,116.38925860379399,116.33197800269117,116.36209405553238
2026-04-24 00:00:00+00:00,116.3716943599345,116.39962851104599,116.32390369481905,116.39815417468063
2026-04-24 01:00:00+00:00,116.3882876031124,116.40520437940191,116.36940672326669,116.37426045239471
2026-04-24 02:00:00+00:00,116.37257124470742,116.38915092614936,116.29592821022477,116.30284649395261
2026-04-24 03:00:00+00:00,116.31171982342799,116.32600863763585,116.2940557601263,116.29439658636741
2026-04-24 04:00:00+00:00,116.28516946366342,116.29985239744545,116.23795504189712,116.2885347479486
2026-04-24 05:00:00+00:00,116.28549299273702,116.32336817484101,116.27346255854224,116.32336817484101
2026-04-24 06:00:00+00:00,116.32799251505764,116.32799251505764,116.17914635839504,116.22350336482607
2026-04-24 07:00:00+00:00,116.21133851133631,116.31403810289979,116.18270298708131,116.31403810289979
2026-04-24 08:00:00+00:00,116.32224757224759,116.43091828446406,116.30217815701161,116.42054269238655
2026-04-24 09:00:00+00:00,116.40847389411294,116.44745990968244,116.40847389411294,116.44468187872316
2026-04-24 10:00:00+00:00,116.43823587522046,116.46896874908474,116.43253288847917,116.43541738360048
2026-04-24 11:00:00+00:00,116.44638084428662,116.44956983342487,116.16265113147342,116.28588166373758
2026-04-24 12:00:00+00:00,116.27842261359892,116.39407871617667,116.24854505391536,116.36560667188975
2026-04-24 13:00:00+00:00,116.34525273824171,116.38357688816004,116.26221403077645,116.30486475412837
2026-04-24 14:00:00+00:00,116.29455141335522,116.32405048464085,116.20090883147108,116.29970135269662
2026-04-24 15:00:00+00:00,116.30005929157548,116.35674124399674,116.25954925327221,116.26648110167012
2026-04-24 16:00:00+00:00,116.25000915596644,116.30167998886361,116.23618668209416,116.28510098975087
2026-04-24 17:00:00+00:00,116.28181272069274,116.3694860350754,116.27740007033177,116.36510204829433
2026-04-24 18:00:00+00:00,116.36037224298381,116.4243557315151,116.35114145884009,116.39875389408104
2026-04-24 19:00:00+00:00,116.4038964751413,116.42117148492207,116.37648542251614,116.39910274454611
2026-04-24 20:00:00+00:00,116.39434389637809,116.3979854406299,116.30602102300217,116.31845172641302
2026-04-26 21:00:00+00:00,116.30232387654866,116.38271333186592,116.28826212581221,116.32564725215873
2026-04-26 22:00:00+00:00,116.29532386763668,116.34763476347632,116.27681884174866,116.31062122778842
2026-04-26 23:00:00+00:00,116.30538404000998,116.34752891307379,116.27813180608213,116.33093050371427
2026-04-27 00:00:00+00:00,116.31159383089978,116.34894778550675,116.28116749779997,116.3277884989324
2026-04-27 01:00:00+00:00,116.30484242664437,116.3095010935138,116.2265342231424,116.27830147123603
2026-04-27 02:00:00+00:00,116.28098202748737,116.28530109160852,116.23560159456147,116.24762338224824
2026-04-27 03:00:00+00:00,116.24504478050214,116.24504478050214,116.18615509988328,116.19841869957496
2026-04-27 04:00:00+00:00,116.18314222372305,116.20409451593254,116.13885952548746,116.1973485237767
2026-04-27 05:00:00+00:00,116.20189237398247,116.32483777197054,116.19320267195185,116.32483777197054
2026-04-27 06:00:00+00:00,116.32804357080994,116.37936097732882,116.26996658465833,116.28448453153922
2026-04-27 07:00:00+00:00,116.29191611268227,116.43066783378819,116.28897785286665,116.43066783378819
2026-04-27 08:00:00+00:00,116.44192359471212,116.57296954782238,116.42135769505192,116.53714411992192
2026-04-27 09:00:00+00:00,116.53958641825243,116.6628584906356,116.52339808042194,116.6628584906356
2026-04-27 10:00:00+00:00,116.65671685792412,116.68693569191085,116.57872240073108,116.60843799752345
2026-04-27 11:00:00+00:00,116.59849205120837,116.63657200975805,116.55540327453322,116.63030821160623
2026-04-27 12:00:00+00:00,116.62760531823946,116.71902191546475,116.62084165677683,116.71902191546475
2026-04-27 13:00:00+00:00,116.69677419354842,116.74054624173006,116.64319889123976,116.68189858490568
2026-04-27 14:00:00+00:00,116.67722964906334,116.73155767926144,116.55384252745716,116.60539441403346
2026-04-27 15:00:00+00:00,116.61178273329357,116.66286051051605,116.57828059631139,116.6507057194213
2026-04-27 16:00:00+00:00,116.6462857647995,116.70509203674106,116.64604051565381,116.70509203674106
2026-04-27 17:00:00+00:00,116.7020210948088,116.71527256123608,116.66138995854718,116.67673093067442
2026-04-27 18:00:00+00:00,116.68323575978498,116.73714142589839,116.65390843515385,116.66445847870573
2026-04-27 19:00:00+00:00,116.65856997747652,116.6790586052812,116.57764240203653,116.58831578715048
2026-04-27 20:00:00+00:00,116.5748376133764,116.6676482713941,116.5638034147167,116.65047185783905
2026-04-27 21:00:00+00:00,116.6579522943347,116.70877311865183,116.65022454538759,116.69857868767951
2026-04-27 22:00:00+00:00,116.6799169647984,116.71047884129686,116.67783184505188,116.70360416743367
2026-04-27 23:00:00+00:00,116.69525779875278,116.73072392059846,116.67562532674569,116.6831121780239
2026-04-28 00:00:00+00:00,116.68458491038426,116.75293597908923,116.65611146295124,116.73145162477732
2026-04-28 01:00:00+00:00,116.72616725431169,116.73965363695916,116.67292112756897,116.70075033102842
2026-04-28 02:00:00+00:00,116.70675817830057,116.70761670761671,116.63332695956585,116.64497054475652
2026-04-28 03:00:00+00:00,116.6519571069238,116.6519571069238,116.32759673609937,116.38386484378451
2026-04-28 04:00:00+00:00,116.34992458521872,116.37702698725685,116.30342006121971,116.37702698725685
2026-04-28 05:00:00+00:00,116.36722141291074,116.43399335078998,116.34606189449838,116.42333350495372
2026-04-28 06:00:00+00:00,116.4250887991705,116.45903809383735,116.32180187867333,116.45817102033016
2026-04-28 07:00:00+00:00,116.49436781271142,116.66396999338092,116.49436781271142,116.66396999338092
2026-04-28 08:00:00+00:00,116.69007507849788,116.75405761183711,116.54869793389344,116.54869793389344
2026-04-28 09:00:00+00:00,116.55374123664372,116.5692910318878,116.50411941527089,116.55659788285942
2026-04-28 10:00:00+00:00,116.5365205062845,116.58119030124911,116.49575347392997,116.51129673943366
2026-04-28 11:00:00+00:00,116.51995800632844,116.57199471598418,116.51403076200542,116.53229651909183
2026-04-28 12:00:00+00:00,116.53011376555934,116.53011376555934,116.29010724607915,116.30223500157707
2026-04-28 13:00:00+00:00,116.33263886851142,116.42640085732324,116.29964349114599,116.41747223629065
2026-04-28 14:00:00+00:00,116.42628028684886,116.49957431817518,116.36259726557351,116.36259726557351
2026-04-28 15:00:00+00:00,116.35544155368267,116.41081683694802,116.32717361039876,116.38493932590868
2026-04-28 16:00:00+00:00,116.3817893717539,116.3817893717539,116.28692911076902,116.31792721194171
2026-04-28 17:00:00+00:00,116.31448514532073,116.35715543038201,116.31448514532073,116.33884830883865
2026-04-28 18:00:00+00:00,116.34323432343237,116.36459655119302,116.3059892969724,116.33303769726382
2026-04-28 19:00:00+00:00,116.34007052423995,116.38394886155382,116.32262604641619,116.35650676146153
2026-04-28 20:00:00+00:00,116.35209522902025,116.36091680964324,116.30997229510841,116.33825944170772
2026-04-28 21:00:00+00:00,116.42631204268405,116.45545469888538,116.35656639765227,116.3769891636892
2026-04-28 22:00:00+00:00,116.3546364536355,116.3579296284889,116.31219712465453,116.32109916858516
2026-04-28 23:00:00+00:00,116.32121883087845,116.32929860189593,116.29507980380802,116.31924331854678
2026-04-29 00:00:00+00:00,116.327638043558,116.35826237467639,116.3046984983576,116.30826080899767
2026-04-29 01:00:00+00:00,116.3054952788693,116.3490015541155,116.30054076234303,116.33580623405568
2026-04-29 02:00:00+00:00,116.339562606764,116.35569175727098,116.31926121372032,116.33010576930127
2026-04-29 03:00:00+00:00,116.3275328749652,116.34177632784724,116.30755023965527,116.31121469299212
2026-04-29 04:00:00+00:00,116.31487914632898,116.34122027736245,116.30950984990622,116.33098798006452
2026-04-29 05:00:00+00:00,116.32404781273591,116.35379114276505,116.31576247462573,116.35379114276505
2026-04-29 06:00:00+00:00,116.3543765800755,116.36634105948134,116.3037662975368,116.31678060861857
2026-04-29 07:00:00+00:00,116.33236352443701,116.41735228122666,116.33236352443701,116.40465750612253
2026-04-29 08:00:00+00:00,116.40643907447473,116.46539524720826,116.40643907447473,116.44664990581182
2026-04-29 09:00:00+00:00,116.43369714206136,116.45761705434315,116.41597491372933,116.42271062271065
2026-04-29 10:00:00+00:00,116.42355285619045,116.45398907904865,116.39911197731587,116.43392782530294
2026-04-29 11:00:00+00:00,116.44026420544103,116.55226529385021,116.43565517595235,116.53468250476614
2026-04-29 12:00:00+00:00,116.52770750379482,116.65468786669798,116.52734392186196,116.65468786669798
2026-04-29 13:00:00+00:00,116.64588620128207,116.69307860486278,116.49851110997302,116.62346411259028
2026-04-29 14:00:00+00:00,116.6005387836374,116.78316036524994,116.5815131463372,116.74208144796384
2026-04-29 15:00:00+00:00,116.74232701404424,116.87660017753261,116.74232701404424,116.87660017753261
2026-04-29 16:00:00+00:00,116.85640514054342,116.93250183418931,116.84163420413616,116.91078854913123
2026-04-29 17:00:00+00:00,116.91521122008116,116.93133724043338,116.83368791724747,116.83368791724747
2026-04-29 18:00:00+00:00,116.83922626816644,116.87010931684301,116.78566192640378,116.84390276077893
2026-04-29 19:00:00+00:00,116.85590928082922,116.92265958928718,116.83692912000939,116.9005204897002
2026-04-29 20:00:00+00:00,116.93134494691772,116.97794985737437,116.88701923076925,116.93251623686027
2026-04-29 21:00:00+00:00,116.87424403474694,116.89003915128234,116.81132435087304,116.86792037831292
2026-04-29 22:00:00+00:00,116.91067042996951,116.91826066555709,116.85593425364539,116.85593425364539
2026-04-29 23:00:00+00:00,116.86586206390865,116.8766130924448,116.79344517226954,116.84237555482186
2026-04-30 00:00:00+00:00,116.8331070917562,116.8889084481215,116.78517703173725,116.88499339885574
2026-04-30 01:00:00+00:00,116.88401226327906,116.88401226327906,116.81860519695775,116.8266727295396
2026-04-30 02:00:00+00:00,116.83325877633628,116.90040687658072,116.83325877633628,116.87635638453864
2026-04-30 03:00:00+00:00,116.88346923212289,116.9548574445617,116.87955535350271,116.95301787036827
2026-04-30 04:00:00+00:00,116.94126100760354,116.9920558144988,116.91157061152656,116.97118943441578
2026-04-30 05:00:00+00:00,116.97770219752827,117.0544737671398,116.95367539789008,117.0544737671398
2026-04-30 06:00:00+00:00,117.05408178220718,117.09871521441181,117.01218663207797,117.07640757550202
2026-04-30 07:00:00+00:00,117.0719366429566,117.16053187742156,116.82027649769579,116.82027649769579
2026-04-30 08:00:00+00:00,116.83019366390975,116.83019366390975,116.31917952931505,116.40180196043897
2026-04-30 09:00:00+00:00,116.37110679041778,116.37110679041778,116.21221015556202,116.28603519281161
2026-04-30 10:00:00+00:00,116.2730949637013,116.2730949637013,114.67818472975151,114.77604155187736
2026-04-30 11:00:00+00:00,114.7227814433292,114.92509899862611,113.58512458599843,114.11864033477714
2026-04-30 12:00:00+00:00,114.17055174185964,114.53917354886971,114.0660082473621,114.37302361754105
2026-04-30 13:00:00+00:00,114.34336319546853,114.52440555282297,114.131033217104,114.52296171212505
2026-04-30 14:00:00+00:00,114.53933789233216,114.76268726005284,114.40962013407027,114.76268726005284
2026-04-30 15:00:00+00:00,114.80081076100971,114.87067218032914,114.74338669161462,114.76219251573342
2026-04-30 16:00:00+00:00,114.75785533219354,114.8429379197475,114.67306388372978,114.68804574493949
2026-04-30 17:00:00+00:00,114.67505859115894,114.77109445807628,114.59590489452776,114.62796336008365
2026-04-30 18:00:00+00:00,114.5881850072222,114.79039617264438,114.5881850072222,114.79039617264438
2026-04-30 19:00:00+00:00,114.79484831477264,114.92445835979376,114.72618160076172,114.92445835979376
2026-04-30 20:00:00+00:00,114.91116657559327,114.99457119854635,114.88558918431985,114.96595122383556
2026-04-30 21:00:00+00:00,114.94426098712346,115.01835018202486,114.92048954509525,114.97448621664927
2026-04-30 22:00:00+00:00,115.01923744396764,115.09615100581921,115.00302748364415,115.06122871028252
2026-04-30 23:00:00+00:00,115.05118243991781,115.3351210395289,115.05118243991781,115.30649176065643
2026-05-01 00:00:00+00:00,115.31393794361594,115.55545704406413,115.31393794361594,115.38137658999241
2026-05-01 01:00:00+00:00,115.34916355847699,115.51610782380007,115.34916355847699,115.492541503816
2026-05-01 02:00:00+00:00,115.47037658202123,115.57453347320512,115.45696342814918,115.53125461799905
2026-05-01 03:00:00+00:00,115.5122095385865,115.58135410354556,115.39598217913948,115.45677480352177
2026-05-01 04:00:00+00:00,115.4422246020901,115.46514289089197,115.38688761870996,115.4424847361776
2026-05-01 05:00:00+00:00,115.42868533543984,115.47554006762836,115.41323686833259,115.47355364578713
2026-05-01 06:00:00+00:00,115.45857332742574,115.49788792721465,114.29373895947427,114.56706582845149
2026-05-01 07:00:00+00:00,114.68522170762508,115.09244417524128,114.55077259432144,115.05411295386541
2026-05-01 08:00:00+00:00,115.06630711831843,115.06630711831843,114.8385905296594,114.98832328248783
2026-05-01 09:00:00+00:00,115.03906105645922,115.13884477014332,114.95037725112874,115.0152168774376
2026-05-01 10:00:00+00:00,115.02426485252724,115.0910904992424,114.9956775208919,115.0897654789093
2026-05-01 11:00:00+00:00,115.12286356378254,115.13536291455348,115.05765234048526,115.11107825379804
2026-05-01 12:00:00+00:00,115.08874646086055,115.19220525568174,115.08874646086055,115.15463002676994
2026-05-01 13:00:00+00:00,115.16901710507821,115.26746930892347,114.9400726078951,115.08752986073613
2026-05-01 14:00:00+00:00,115.09263710661583,115.16286837515882,114.95069412616974,115.1047132025834
2026-05-01 15:00:00+00:00,115.10999770915076,115.21051386671392,115.10999770915076,115.18635651582767
2026-05-01 16:00:00+00:00,115.17887488363151,115.20700578154184,115.12948391148538,115.20614180784699
2026-05-01 17:00:00+00:00,115.20243333431763,115.2651355760783,115.18044357815772,115.20885319001279
2026-05-01 18:00:00+00:00,115.21169392049013,115.3034261842551,115.21169392049013,115.28459726662574
2026-05-01 19:00:00+00:00,115.28822795371804,115.30448008032832,115.26590798388162,115.26642066420655
2026-05-01 20:00:00+00:00,115.23940252686259,115.29540303708124,115.21283504545985,115.28522275875298
2026-05-03 21:00:00+00:00,115.30209171656605,115.31248846395208,115.22692375834161,115.22692375834161
2026-05-03 22:00:00+00:00,115.3462018630557,115.38819222508424,115.27742907356256,115.34577452312044
2026-05-03 23:00:00+00:00,115.3522499114207,115.37286334248505,115.32425349721318,115.37286334248505
2026-05-04 00:00:00+00:00,115.38194700715911,115.43559767366327,115.37717815680506,115.37717815680506
2026-05-04 01:00:00+00:00,115.37496494620156,115.46743213028617,115.28170313249446,115.45948977558673
2026-05-04 02:00:00+00:00,115.47197378907276,115.56557479873366,115.47197378907276,115.51857727926789
2026-05-04 03:00:00+00:00,115.51346285815474,115.58859335227054,114.59133053800261,114.87985826597264
2026-05-04 04:00:00+00:00,114.89694679029105,115.26654466025138,114.89694679029105,115.22828405074117
2026-05-04 05:00:00+00:00,115.25196100858189,115.3045262023877,115.2237924799822,115.27131039266753
2026-05-04 06:00:00+00:00,115.25956536176797,115.32067121519447,115.24640846473388,115.32038562819474
2026-05-04 07:00:00+00:00,115.31159414945002,115.35187684863494,115.1948750838548,115.22154161414674
2026-05-04 08:00:00+00:00,115.22178162359764,115.31053908375664,115.21362607881713,115.29573975491417
2026-05-04 09:00:00+00:00,115.30390284547143,115.34110602272801,115.27046751293723,115.28469908294745
2026-05-04 10:00:00+00:00,115.29734391932229,115.40831822135719,115.29076321198849,115.39879245394287
2026-05-04 11:00:00+00:00,115.39215830838864,115.42272053782693,115.30739998821649,115.33017130904851
2026-05-04 12:00:00+00:00,115.33039712467584,115.339172197382,115.26358821752926,115.3018463555283
2026-05-04 13:00:00+00:00,115.30530331484785,115.30530331484785,115.19923399867412,115.28172854426732
2026-05-04 14:00:00+00:00,115.29227980458174,115.37588527042652,115.25142629693502,115.34464842396943
2026-05-04 15:00:00+00:00,115.32027473175326,115.4364444575497,115.28223042738057,115.40564438877007
2026-05-04 16:00:00+00:00,115.39085067499843,115.43504522820345,115.38846896226545,115.40693820431599
2026-05-04 17:00:00+00:00,115.4189499734841,115.44276935319859,115.3644413667103,115.41584391854049
2026-05-04 18:00:00+00:00,115.42667246321273,115.48827505879048,115.10703859876736,115.10703859876736
2026-05-04 19:00:00+00:00,115.29923349056595,115.34720584767733,115.26856519560145,115.30391990747208
2026-05-04 20:00:00+00:00,115.31004611282164,115.35957819702786,115.29900185495971,115.30058667216278
2026-05-04 21:00:00+00:00,115.28946612771402,115.33515973664433,115.26034034594218,115.27947566094696
2026-05-04 22:00:00+00:00,115.30526594804726,115.34220154445259,115.2984305526927,115.30687355543441
2026-05-04 23:00:00+00:00,115.30766229655411,115.3275321348115,115.2849454845287,115.32627982830083
2026-05-05 00:00:00+00:00,115.31818717238934,115.34773771650754,115.27272727272717,115.27931110620436
2026-05-05 01:00:00+00:00,115.27349527923518,115.33421672555937,115.27349527923518,115.31252300669945
2026-05-05 02:00:00+00:00,115.31093785660106,115.33363768905635,115.30470251286607,115.31722543693024
2026-05-05 03:00:00+00:00,115.31603822199962,115.3369264298756,115.31326604977797,115.33337259116395
2026-05-05 04:00:00+00:00,115.33784330901666,115.35618576434895,115.31396948980408,115.31595175545097
2026-05-05 05:00:00+00:00,115.31272994849147,115.34690632866658,115.28084429921391,115.3388096394764
2026-05-05 06:00:00+00:00,115.33733298980448,115.38031031613352,115.3252164183498,115.34841935507616
2026-05-05 07:00:00+00:00,115.33035365844668,115.37622843335141,115.28724798609773,115.35193325822665
2026-05-05 08:00:00+00:00,115.36308940814318,115.42694245558197,115.35476269376626,115.40325372101064
2026-05-05 09:00:00+00:00,115.54675072173444,115.662419913101,115.39118714970641,115.62117796148111
2026-05-05 10:00:00+00:00,115.63216019685693,115.7337891502795,115.63216019685693,115.6925729188921
2026-05-05 11:00:00+00:00,115.70584595438731,115.81161630674232,115.6883537685481,115.78067215747512
2026-05-05 12:00:00+00:00,115.79897305938415,115.83254758677579,115.6965996715298,115.71663096210891
2026-05-05 13:00:00+00:00,115.7288315283411,115.81013982407794,115.72605887421645,115.79850878227032
2026-05-05 14:00:00+00:00,115.78610051124886,115.84175927836559,115.69443319316268,115.69443319316268
2026-05-05 15:00:00+00:00,115.69323445589168,115.77244520436881,115.66980097048051,115.76434177075262
2026-05-05 16:00:00+00:00,115.76092963620675,115.76809970592346,115.70950922052664,115.75339439813852
2026-05-05 17:00:00+00:00,115.75486702205984,115.80916193547904,115.73824564503535,115.80842556387647
2026-05-05 18:00:00+00:00,115.79912374360289,115.864283452273,115.79912374360289,115.84474885844737
2026-05-05 19:00:00+00:00,115.83373838245464,115.84872872931828,115.78013662328475,115.79191449266814
2026-05-05 20:00:00+00:00,115.77676691839997,115.8386602645299,115.77269648694005,115.82559518111316
2026-05-05 21:00:00+00:00,115.85575229716078,115.90822010669325,115.79327153176092,115.90822010669325
2026-05-05 22:00:00+00:00,115.85946877370219,115.86035757415085,115.7050124888557,115.7907922659749
2026-05-05 23:00:00+00:00,115.7822216982521,115.85260658964728,115.7379828959008,115.80541959072939
2026-05-06 00:00:00+00:00,115.79859063568807,115.80499167072064,115.74772383795926,115.80177894472871
2026-05-06 01:00:00+00:00,115.80259295859811,115.87591913798306,115.80259295859811,115.87591913798306
2026-05-06 02:00:00+00:00,115.86617890016508,115.9340578321069,115.84792949592526,115.93131110554012
2026-05-06 03:00:00+00:00,115.92874680193754,115.99442440869957,115.88437004535221,115.91121926040617
2026-05-06 04:00:00+00:00,115.92611709187425,115.9458443023692,114.03103407547383,114.66361589843885
2026-05-06 05:00:00+00:00,114.57018650960582,114.94694744919781,114.57018650960582,114.92701430194961
2026-05-06 06:00:00+00:00,114.89151364471354,115.00051667380157,114.88393364264681,115.00051667380157
2026-05-06 07:00:00+00:00,114.96852654028073,115.06341909730155,114.53531269368109,114.53531269368109
2026-05-06 08:00:00+00:00,114.64658015300955,114.85659063412896,114.64658015300955,114.71313411681324
2026-05-06 09:00:00+00:00,114.72368634746266,114.77323886490267,114.61404518423412,114.62640752055006
2026-05-06 10:00:00+00:00,114.61078727956898,114.6680926390322,114.45760009448433,114.51617664423179
2026-05-06 11:00:00+00:00,114.47830578512385,114.72052759315123,114.46989924619028,114.70056722208686
2026-05-06 12:00:00+00:00,114.73608119670718,114.76899940287053,114.61540161959418,114.71832127436957
2026-05-06 13:00:00+00:00,114.677560763569,114.73525185157881,114.5187782188864,114.53430145217814
2026-05-06 14:00:00+00:00,114.57140963030068,114.68315642931316,114.50157954034995,114.67280427177305
2026-05-06 15:00:00+00:00,114.67962881131228,114.73571849234382,114.62518679927258,114.73571849234382
2026-05-06 16:00:00+00:00,114.7319916969687,114.7319916969687,114.60474148393874,114.62709620476599
2026-05-06 17:00:00+00:00,114.62178817784697,114.65179378956877,114.554011324362,114.63855820348967
2026-05-06 18:00:00+00:00,114.62890926605427,114.63637032134706,114.57778692985413,114.59522268635632
2026-05-06 19:00:00+00:00,114.60912159925851,114.63667591005704,114.5821842757443,114.61278223137444
2026-05-06 20:00:00+00:00,114.6041223922522,114.66074135114842,114.53538407220236,114.56871312765728
2026-05-06 21:00:00+00:00,114.63321287416545,114.63321287416545,114.51135895474063,114.53579496537859
2026-05-06 22:00:00+00:00,114.58029868314563,114.61458662880088,114.56407087847819,114.58396168813482
2026-05-06 23:00:00+00:00,114.57081276711548,114.68673927912145,114.55652903140366,114.68673927912145
2026-05-07 00:00:00+00:00,114.65604730176926,114.65604730176926,114.48472678861687,114.52995852575215
2026-05-07 01:00:00+00:00,114.51501426428621,114.54259301478959,114.40133021380525,114.50516465083415
2026-05-07 02:00:00+00:00,114.47584294048823,114.55120426548984,114.45716681006891,114.55120426548984
2026-05-07 03:00:00+00:00,114.54487961996075,114.59442369342062,114.52701708974308,114.58592216233691
2026-05-07 04:00:00+00:00,114.58477330548966,114.60678290296462,114.55335863712583,114.58013077471874
2026-05-07 05:00:00+00:00,114.55228820665192,114.60503089143852,114.55228820665192,114.57430926834279
2026-05-07 06:00:00+00:00,114.5611648343566,114.57427955850656,114.4232820580726,114.51663908806752
2026-05-07 07:00:00+00:00,114.49406469264363,114.58610867821199,114.4015301993672,114.58610867821199
2026-05-07 08:00:00+00:00,114.59820705695304,114.64712636909655,114.54487915452312,114.63595948890054
2026-05-07 09:00:00+00:00,114.66094584848162,114.71016946657032,114.6501033977759,114.68046579416126
2026-05-07 10:00:00+00:00,114.68254552413465,114.70194190480385,114.654924858811,114.68473308848952
2026-05-07 11:00:00+00:00,114.6863338264843,114.70622865889545,114.6229850724306,114.66298749080192
2026-05-07 12:00:00+00:00,114.67808884571214,114.6959683235938,114.50636579607374,114.5332842956968
2026-05-07 13:00:00+00:00,114.5424992829141,114.60043546061716,114.50693765303632,114.53330196032282
2026-05-07 14:00:00+00:00,114.53223339803527,114.63594090293708,114.48147521569939,114.50564161407523
2026-05-07 15:00:00+00:00,114.53475542478839,114.66928473723678,114.52520541697608,114.65351777086492
2026-05-07 16:00:00+00:00,114.67746205435922,114.81933827262213,114.65571745746998,114.81617728205755
2026-05-07 17:00:00+00:00,114.83138131952197,114.92212433632862,114.80465417316334,114.80465417316334
2026-05-07 18:00:00+00:00,114.78370865018299,114.885639295088,114.76627540964303,114.85136864400535
2026-05-07 19:00:00+00:00,114.85856342213255,114.89698074915054,114.80344341285685,114.80344341285685
2026-05-07 20:00:00+00:00,114.78714965626641,114.82490472379067,114.71507838647159,114.71507838647159
2026-05-07 21:00:00+00:00,114.73207403111292,114.85060543533325,114.66326912767926,114.79229543468514
2026-05-07 22:00:00+00:00,114.78879958897564,114.84056141175078,114.77425369026027,114.7953229251535
2026-05-07 23:00:00+00:00,114.79227833235457,114.82356913726142,114.77125910265435,114.78860314360587
2026-05-08 00:00:00+00:00,114.81968224134376,114.89764750800309,114.79229989868278,114.88524397585927
2026-05-08 01:00:00+00:00,114.87018327067659,114.89346079856664,114.81998222953264,114.85607284476416
2026-05-08 02:00:00+00:00,114.8614813019949,114.88214993758709,114.82650768711169,114.82892804698962
2026-05-08 03:00:00+00:00,114.82977114369403,114.83366006593378,114.77344495850765,114.79654022937858
2026-05-08 04:00:00+00:00,114.79697481459716,114.85912803337439,114.79697481459716,114.82917658118143
2026-05-08 05:00:00+00:00,114.82498788208156,114.85548496088722,114.8211531399191,114.82637562795608
2026-05-08 06:00:00+00:00,114.81223053815239,114.84272848810721,114.78885656351926,114.83608905472992
2026-05-08 07:00:00+00:00,114.82683903191442,114.83690422851765,114.79073935334118,114.80994624445545
2026-05-08 08:00:00+00:00,114.8095661176746,114.81946555636323,114.69722008005573,114.76134852592206
2026-05-08 09:00:00+00:00,114.76001204898932,114.80019697337174,114.74048544616801,114.793582195959
2026-05-08 10:00:00+00:00,114.79137727015475,114.8276901141382,114.77762996391209,114.81152244025351
2026-05-08 11:00:00+00:00,114.81247474561943,114.8734270257555,114.79712902491157,114.85769309929132
2026-05-08 12:00:00+00:00,114.84062061311629,114.85494196943739,114.34841224483803,114.38429419090167
2026-05-08 13:00:00+00:00,114.37894613480205,114.38331588081508,114.14578121113688,114.16247777509484
2026-05-08 14:00:00+00:00,114.177635670542,114.39183595724565,114.17127556843111,114.37141978112126
2026-05-08 15:00:00+00:00,114.35498520406658,114.4832541498034,114.33395102871908,114.47758130260098
2026-05-08 16:00:00+00:00,114.47235296705222,114.47548807577537,114.41025002380822,114.43579167918176
2026-05-08 17:00:00+00:00,114.44866920152081,114.47771475472297,114.42558555389432,114.46861213302644
2026-05-08 18:00:00+00:00,114.44684671479341,114.53116753650373,114.41502851195442,114.50898747910733
2026-05-08 19:00:00+00:00,114.50909384140566,114.58510544686584,114.50909384140566,114.52310443910152
2026-05-08 20:00:00+00:00,114.53629859848697,114.57966549295766,114.49523935176012,114.52763903862929
2026-05-10 21:00:00+00:00,114.51453213350632,114.51453213350632,114.320848491059,114.46795430093752
2026-05-10 22:00:00+00:00,114.51085405737612,114.56586935849604,114.49487340753848,114.53909787084645
2026-05-10 23:00:00+00:00,114.53619785380407,114.57263268800207,114.53619785380407,114.55853192750362
2026-05-11 00:00:00+00:00,114.56287950837657,114.66799318210077,114.5586104973588,114.60598521987265
2026-05-11 01:00:00+00:00,114.63234379458957,114.70342950781291,114.60314905323536,114.70342950781291
2026-05-11 02:00:00+00:00,114.70657088094575,114.7379201872782,114.6680809041366,114.72679394338377
2026-05-11 03:00:00+00:00,114.7352713121589,114.75734831526427,114.70908838182467,114.72601737807548
2026-05-11 04:00:00+00:00,114.71220653843336,114.71930491764908,114.63612569272833,114.6607883134829
2026-05-11 05:00:00+00:00,114.66422957411804,114.69112872561347,114.64434840474149,114.68046212342787
2026-05-11 06:00:00+00:00,114.68282408693995,114.76144123308423,114.6798858564425,114.68700368144853
2026-05-11 07:00:00+00:00,114.73152520039525,114.84806983880532,114.71055385989179,114.8471999472724
2026-05-11 08:00:00+00:00,114.84215382587487,114.86944739444095,114.74466027951127,114.83922947337578
2026-05-11 09:00:00+00:00,114.84449392771857,114.88434437396536,114.82392922013238,114.88434437396536
2026-05-11 10:00:00+00:00,114.87484071301976,114.94360695624131,114.86833913202707,114.94360695624131
2026-05-11 11:00:00+00:00,114.91460099503944,114.92698082376472,114.86885377983839,114.88202070223502
2026-05-11 12:00:00+00:00,114.88191168283174,114.90716452468526,114.75580212396892,114.88139715470379
2026-05-11 13:00:00+00:00,114.86869574772,114.88539826576458,114.83149853142598,114.88539826576458
2026-05-11 14:00:00+00:00,114.89096573208718,114.98958394460415,114.8089265304926,114.81272530113418
2026-05-11 15:00:00+00:00,114.82393282630674,114.85799284834981,114.78901609205501,114.84368703705057
2026-05-11 16:00:00+00:00,114.84702400140664,114.95485327313767,114.8190741283328,114.93438454831214
2026-05-11 17:00:00+00:00,114.92145829670004,114.95347644516077,114.88962642225492,114.88962642225492
2026-05-11 18:00:00+00:00,114.89152813088423,114.90410316873299,114.85470373326106,114.89715369463174
2026-05-11 19:00:00+00:00,114.89924138133034,114.92901232307993,114.87827729062664,114.884599336803
2026-05-11 20:00:00+00:00,114.87109666652023,114.8802073039506,114.80700675641052,114.80700675641052
2026-05-11 21:00:00+00:00,114.85539353903164,114.90317004570487,114.82324859418927,114.82544517338329
2026-05-11 22:00:00+00:00,114.87366101173694,114.91362328180263,114.86928702680143,114.87701317715957
2026-05-11 23:00:00+00:00,114.87701317715957,114.89891226375039,114.86706099382153,114.89050240074947
2026-05-12 00:00:00+00:00,114.89005158976983,114.94433635180006,114.87560368798475,114.94433635180006
2026-05-12 01:00:00+00:00,114.93716442584812,115.03514148011084,114.93164012494235,115.01583424145569
2026-05-12 02:00:00+00:00,115.01645578878077,115.07685782399483,115.01140884624382,115.05375557668394
2026-05-12 03:00:00+00:00,115.06279210947838,115.06541755340541,115.01089547654908,115.03692330189365
2026-05-12 04:00:00+00:00,115.03838561087954,115.06584864683039,115.00478930704939,115.02559227844394
2026-05-12 05:00:00+00:00,115.04486256041999,115.14672867808902,114.51873633085364,114.86672323492404
2026-05-12 06:00:00+00:00,114.8138395143003,114.97177619841474,114.8138395143003,114.97177619841474
2026-05-12 07:00:00+00:00,114.97923308666526,114.97923308666526,114.8589419550893,114.87364198928931
2026-05-12 08:00:00+00:00,114.89391238273369,114.95671232876708,114.8537200043829,114.94612265770535
2026-05-12 09:00:00+00:00,114.96876484126692,114.97768069142366,114.86252601599296,114.86252601599296
2026-05-12 10:00:00+00:00,114.86639451410541,114.91980250087646,114.83172163954538,114.86828940545827
2026-05-12 11:00:00+00:00,114.8717536735707,114.9325598047668,114.83445062729115,114.92584203989183
2026-05-12 12:00:00+00:00,114.9342062001797,114.94856658581486,114.85249014166786,114.92886319958491
2026-05-12 13:00:00+00:00,114.93233170617634,114.93522151829359,114.8089218462616,114.87718529873348
2026-05-12 14:00:00+00:00,114.90694567145869,114.94844608014951,114.86284216444334,114.91871284380885
2026-05-12 15:00:00+00:00,114.92503523672505,114.95353030933552,114.86030828516374,114.94320007008727
2026-05-12 16:00:00+00:00,114.94330916763398,114.97422266360938,114.92031741628396,114.97419124035362
2026-05-12 17:00:00+00:00,114.97094296644566,114.97849784248297,114.91885735977979,114.94695182948642
2026-05-12 18:00:00+00:00,114.93483260925119,114.97314872319437,114.89879074658249,114.96554395247036
2026-05-12 19:00:00+00:00,114.96108451784993,115.00778343772149,114.94523320643314,115.00778343772149
2026-05-12 20:00:00+00:00,114.98874565172905,115.03084975729571,114.95944464742416,115.02196749833686
2026-05-12 21:00:00+00:00,115.02138705078049,115.07834950533416,114.97722303873176,115.02288714371367
2026-05-12 22:00:00+00:00,115.04605936540426,115.06492746841361,115.03440006434015,115.04712049540488
2026-05-12 23:00:00+00:00,115.0479616306954,115.0778857188804,115.0278578009154,115.07620335514048
2026-05-13 00:00:00+00:00,115.08194085054744,115.14298663703613,115.07021558120661,115.12944806357976
2026-05-13 01:00:00+00:00,115.12619172954315,115.1583379630983,115.09151134477433,115.1422719625484
2026-05-13 02:00:00+00:00,115.13324896305015,115.21460813074741,115.12030256699119,115.15339936504216
2026-05-13 03:00:00+00:00,115.15047329227075,115.15331051230282,115.11377928573515,115.14916585604887
2026-05-13 04:00:00+00:00,115.14912165225908,115.15683263873652,115.12769706585553,115.14147839438469
2026-05-13 05:00:00+00:00,115.14451374214913,115.14451374214913,115.10000877269931,115.10000877269931
2026-05-13 06:00:00+00:00,115.10391157830098,115.12914050106365,115.07036490376883,115.11070515162582
2026-05-13 07:00:00+00:00,115.09319538516614,115.14323496964333,115.00989751868106,115.13391487309865
2026-05-13 08:00:00+00:00,115.1140788579694,115.17277670584103,115.0587977503469,115.16287704372863
2026-05-13 09:00:00+00:00,115.14779495049139,115.19403639552726,115.1392704740749,115.18839308555343
2026-05-13 10:00:00+00:00,115.19878368796914,115.25139869089841,115.17242387474961,115.23790021793499
2026-05-13 11:00:00+00:00,115.23475208424743,115.23475208424743,115.17220707251627,115.17584265555308
2026-05-13 12:00:00+00:00,115.18364422085563,115.24024682692867,115.15835946465508,115.2192825341589
2026-05-13 13:00:00+00:00,115.20488357641548,115.24338078838261,115.04447398016559,115.06738249150868
2026-05-13 14:00:00+00:00,115.04995471940633,115.23225292281141,115.04995471940633,115.15857765958219
2026-05-13 15:00:00+00:00,115.1567180536275,115.21666033156922,115.15273282531977,115.15618720543637
2026-05-13 16:00:00+00:00,115.16460228725927,115.18048338412737,115.13984122574887,115.14757451782577
2026-05-13 17:00:00+00:00,115.15200222103697,115.17311906501092,115.13442431326705,115.17201081002113
2026-05-13 18:00:00+00:00,115.16269218128032,115.17199062068558,115.07503211491296,115.10952102803734
2026-05-13 19:00:00+00:00,115.12370019862128,115.18155914371297,115.11230540058997,115.16335953709923
2026-05-13 20:00:00+00:00,115.17555779599347,115.18452759328667,115.13152608241468,115.13152608241468
2026-05-13 21:00:00+00:00,115.0981581196893,115.17266071402473,115.07011479973981,115.12695919038394
2026-05-13 22:00:00+00:00,115.14502812888138,115.16712705163614,115.13176640778539,115.14814950129696
2026-05-13 23:00:00+00:00,115.14624540585562,115.17963481196246,115.12999254680166,115.17806257397962
2026-05-14 00:00:00+00:00,115.17757337093506,115.1846845201125,115.12999773535833,115.16705755138122
2026-05-14 01:00:00+00:00,115.17336606320954,115.19772607704444,115.16532970966841,115.18721968180685
2026-05-14 02:00:00+00:00,115.19334998758231,115.2197416866343,115.1825958637416,115.20871991934658
2026-05-14 03:00:00+00:00,115.2152949255563,115.24262412435442,115.21210306009887,115.22914201399537
2026-05-14 04:00:00+00:00,115.22453690177053,115.22453690177053,115.12290649753015,115.18829185603013
2026-05-14 05:00:00+00:00,115.19099251812014,115.22663510433102,115.17832356851682,115.20898935509554
2026-05-14 06:00:00+00:00,115.19404424442558,115.21728010756219,115.16760776350097,115.1860160914332
2026-05-14 07:00:00+00:00,115.18966991369668,115.22455450752895,115.12137411269823,115.13452341839151
2026-05-14 08:00:00+00:00,115.16014546729173,115.2112141067502,115.15259956034963,115.2043194587525
2026-05-14 09:00:00+00:00,115.21442089187981,115.21701008329677,115.18299364453206,115.1902525256214
2026-05-14 10:00:00+00:00,115.20114543688038,115.20440067792643,115.12081173808303,115.13063283377252
2026-05-14 11:00:00+00:00,115.12306928669446,115.12499543812265,115.09830538161751,115.12391627988438
2026-05-14 12:00:00+00:00,115.12468891629747,115.12670053132476,115.03366671773209,115.09765724750288
2026-05-14 13:00:00+00:00,115.10152562035324,115.22814492711325,114.8565214852872,115.02684407096167
2026-05-14 14:00:00+00:00,115.03654640152894,115.18046631708681,115.0264851376789,115.18046631708681
2026-05-14 15:00:00+00:00,115.19042723076582,115.2136003794097,115.11654187414786,115.17590066099537
2026-05-14 16:00:00+00:00,115.17410939016112,115.25938250253577,115.1688671675541,115.25938250253577
2026-05-14 17:00:00+00:00,115.26633437205801,115.28485308499612,115.21112788755401,115.25744011790367
2026-05-14 18:00:00+00:00,115.24690502418345,115.2693868020897,115.20694307697914,115.2572671024982
2026-05-14 19:00:00+00:00,115.2612991258409,115.39078916647205,115.24065926850083,115.38034992484931
2026-05-14 20:00:00+00:00,115.37754364972234,115.47597322490925,115.37709487016726,115.42706158854352
2026-05-14 21:00:00+00:00,115.40219311694187,115.46004117810254,115.37405828417913,115.44027453271023
2026-05-14 22:00:00+00:00,115.43167069369515,115.46880247652697,115.43167069369515,115.45930398090212
2026-05-14 23:00:00+00:00,115.45688818157257,115.45834823807677,115.36227654140819,115.39713114156046
2026-05-15 00:00:00+00:00,115.40414541793425,115.40414541793425,115.3537135732981,115.36605281192128
2026-05-15 01:00:00+00:00,115.35775469291048,115.38657746489132,115.31161855061472,115.36056781414868
2026-05-15 02:00:00+00:00,115.37564672447711,115.39498517120512,115.33880514330694,115.38069068062212
2026-05-15 03:00:00+00:00,115.37143940056555,115.37390569077242,115.34184078768041,115.34184078768041
2026-05-15 04:00:00+00:00,115.33876010231666,115.3431326108977,115.29288352407241,115.31014387179016
2026-05-15 05:00:00+00:00,115.30874629409745,115.35306587794763,115.25555733480843,115.3212712512286
2026-05-15 06:00:00+00:00,115.33431396822155,115.43276903680918,115.19871262760853,115.19871262760853
2026-05-15 07:00:00+00:00,115.21688483771854,115.29588364314701,115.18832474001567,115.2552373182599
2026-05-15 08:00:00+00:00,115.24464419693906,115.3400151506322,115.22316974591631,115.32696257666026
2026-05-15 09:00:00+00:00,115.32752618315826,115.32752618315826,115.19452633111324,115.2481288406092
2026-05-15 10:00:00+00:00,115.25064618296983,115.33432933717154,115.23087124110138,115.23087124110138
2026-05-15 11:00:00+00:00,115.25019857029385,115.322192922391,115.24908737184948,115.30222160733396
2026-05-15 12:00:00+00:00,115.29421187915501,115.30009684066428,115.21878366182416,115.28772788164709
2026-05-15 13:00:00+00:00,115.27412767630288,115.3354679086013,115.22211957431017,115.33377973157873
2026-05-15 14:00:00+00:00,115.32349024544648,115.3875839170513,115.25273253867755,115.25373156052363
2026-05-15 15:00:00+00:00,115.2603309995487,115.40797157378141,115.23551752739333,115.40057964260222
2026-05-15 16:00:00+00:00,115.39144870973375,115.5443927618436,115.39094410507688,115.5443927618436
2026-05-15 17:00:00+00:00,115.53041348340813,115.55469667247621,115.4725037708489,115.5065366621485
2026-05-15 18:00:00+00:00,115.50014209617356,115.50613541636301,115.38097526172479,115.39055219012108
2026-05-15 19:00:00+00:00,115.37985511994462,115.44986566283913,115.37599347870385,115.43272346033149
2026-05-15 20:00:00+00:00,115.44140667661722,115.48132393217172,115.39351851851845,115.47293802227902
2026-05-17 21:00:00+00:00,115.46565252551743,115.56419950030224,115.46565252551743,115.48054103635536
2026-05-17 22:00:00+00:00,115.5658797314419,115.56867913811553,115.51129417243985,115.51129417243985
2026-05-17 23:00:00+00:00,115.51532175317818,115.55033151624099,115.48032870336696,115.48032870336696
2026-05-18 00:00:00+00:00,115.50752358164664,115.55933756627604,115.46892614276881,115.55447265639201
2026-05-18 01:00:00+00:00,115.55949904725881,115.59987485175022,115.53883982482427,115.59987485175022
2026-05-18 02:00:00+00:00,115.58305506449285,115.59307976602737,115.55326020541762,115.56166615744979
2026-05-18 03:00:00+00:00,115.57527918227778,115.7069663183022,115.57527918227778,115.69827523469903
2026-05-18 04:00:00+00:00,115.7157412124299,115.7157412124299,115.62334005195405,115.64960486676073
2026-05-18 05:00:00+00:00,115.65615403647155,115.65695157006144,115.60669242917123,115.631322320064
2026-05-18 06:00:00+00:00,115.62070145049886,115.67375060084768,115.5938792149554,115.66912562535951
2026-05-18 07:00:00+00:00,115.65744826481418,115.7063488018174,115.63305611791603,115.67098432391889
2026-05-18 08:00:00+00:00,115.65936066409371,115.68933113827416,115.64936105727895,115.67351756194577
2026-05-18 09:00:00+00:00,115.68724591644927,115.70433921314431,115.64293413348086,115.69488439832509
2026-05-18 10:00:00+00:00,115.69886835321356,115.70946807193368,115.66964220704514,115.67703744693857
2026-05-18 11:00:00+00:00,115.67699421123524,115.68604608831768,115.53901504668399,115.59910887196581
2026-05-18 12:00:00+00:00,115.60085915031483,115.65716533482902,115.55506993006986,115.55506993006986
2026-05-18 13:00:00+00:00,115.58638377244108,115.62071980183588,115.49328595147236,115.55197949509584
2026-05-18 14:00:00+00:00,115.58935361216723,115.69387190281275,115.56390211235818,115.64389028884383
2026-05-18 15:00:00+00:00,115.64691744656052,115.64905228972327,115.60429800678473,115.62554616953095
2026-05-18 16:00:00+00:00,115.62923262892674,115.73050895608272,115.61387284920588,115.7138799262922
2026-05-18 17:00:00+00:00,115.71599201782873,115.73016520497649,115.6927155790899,115.71414003088483
2026-05-18 18:00:00+00:00,115.72265198199372,115.74785951424073,115.70395929331087,115.7443463450494
2026-05-18 19:00:00+00:00,115.75047314019504,115.75047314019504,115.66262427619355,115.70014350337628
2026-05-18 20:00:00+00:00,115.6753764231965,115.68894554725911,115.63258080730812,115.63258080730812
2026-05-18 21:00:00+00:00,115.65581117418577,115.65726861331949,115.5321628906534,115.55257655347265
2026-05-18 22:00:00+00:00,115.56369781688646,115.61459615790886,115.55534512397654,115.61375391564066
2026-05-18 23:00:00+00:00,115.61571187132111,115.63182890941401,115.59604289294244,115.63182890941401
2026-05-19 00:00:00+00:00,115.65067894399435,115.67143523104707,115.61662393660406,115.6593266606005
2026-05-19 01:00:00+00:00,115.66094045712617,115.66094045712617,115.60131351890543,115.63171035295996
2026-05-19 02:00:00+00:00,115.62015532086781,115.63969656819205,115.61358310408566,115.6367845546803
2026-05-19 03:00:00+00:00,115.64012782901773,115.65999271933016,115.62697921595745,115.62854896479422
2026-05-19 04:00:00+00:00,115.62288434799697,115.62288434799697,115.59806662007917,115.61574454769715
2026-05-19 05:00:00+00:00,115.62163420953043,115.6898145788895,115.60032888753064,115.67318472357708
2026-05-19 06:00:00+00:00,115.68897236539411,115.74551438890829,115.68357683096384,115.72084828806264
2026-05-19 07:00:00+00:00,115.72315598681,115.77088854588344,115.67569928161232,115.67569928161232
2026-05-19 08:00:00+00:00,115.67214689635595,115.69914699117876,115.62427257914338,115.65779617009824
2026-05-19 09:00:00+00:00,115.65213596893133,115.65286323108025,115.58114848260115,115.59687059199904
2026-05-19 10:00:00+00:00,115.58914627230291,115.61588642991686,115.55970746034282,115.60607052218995
2026-05-19 11:00:00+00:00,115.60641098360892,115.77058061133843,115.60641098360892,115.7130278487276
2026-05-19 12:00:00+00:00,115.71589710002544,115.71589710002544,115.33781131417103,115.55943293347872
2026-05-19 13:00:00+00:00,115.53592847017771,115.66456041359149,115.53592847017771,115.54982005888978
2026-05-19 14:00:00+00:00,115.56880567169603,115.651155857094,115.49436013721726,115.51346990981297
2026-05-19 15:00:00+00:00,115.52241626150972,115.67433468651329,115.48749109621896,115.67399259404758
2026-05-19 16:00:00+00:00,115.68504761974052,115.69470513771877,115.46725437141774,115.51663900777358
2026-05-19 17:00:00+00:00,115.51854655563965,115.53362732684218,115.47519413130331,115.52220993188564
2026-05-19 18:00:00+00:00,115.54019140497068,115.69987481440505,115.54019140497068,115.67497143189871
2026-05-19 19:00:00+00:00,115.68763058465522,115.6956091311437,115.64931331377956,115.6780401176162
2026-05-19 20:00:00+00:00,115.67046322914011,115.74796842687792,115.65852096584042,115.74375441432387
2026-05-19 21:00:00+00:00,115.70729433698435,115.7539832804171,115.68059186333547,115.74911521824616
2026-05-19 22:00:00+00:00,115.73383039296348,115.77165325663523,115.72203414509845,115.74578393964988
2026-05-19 23:00:00+00:00,115.74616812902755,115.74616812902755,115.67609673708886,115.68427641826676
2026-05-20 00:00:00+00:00,115.65899482641949,115.67150602190445,115.57771764432027,115.57771764432027
2026-05-20 01:00:00+00:00,115.58974358974356,115.63900366641445,115.58036363636366,115.62386322299018
2026-05-20 02:00:00+00:00,115.62811474634593,115.632776007334,115.52820333755258,115.53985726029987
2026-05-20 03:00:00+00:00,115.5374486195482,115.5610685912173,115.50561307267529,115.50779573217312
2026-05-20 04:00:00+00:00,115.50076772498707,115.56892325373329,115.49118479550035,115.552743168445
2026-05-20 05:00:00+00:00,115.55555555555553,115.56417120079142,115.52153040442245,115.55532925507538
2026-05-20 06:00:00+00:00,115.54810412923781,115.5583839412342,115.49042714152698,115.50328983241847
2026-05-20 07:00:00+00:00,115.50379143129258,115.53477141485693,115.46603085064623,115.503673184662
2026-05-20 08:00:00+00:00,115.50289580199544,115.57363343583924,115.48600867600146,115.48600867600146
2026-05-20 09:00:00+00:00,115.49126899348171,115.499200697573,115.44814661465709,115.46149879059494
2026-05-20 10:00:00+00:00,115.46513824114832,115.50089022927948,115.45731242236475,115.48290498895219
2026-05-20 11:00:00+00:00,115.48922128704953,115.63659647539907,115.48922128704953,115.63659647539907
2026-05-20 12:00:00+00:00,115.62274913239283,115.62274913239283,115.51999883685427,115.55634739988218
2026-05-20 13:00:00+00:00,115.56066236627954,115.62709151753236,115.51301895979125,115.52888004011014
2026-05-20 14:00:00+00:00,115.55813953488371,115.62663869952804,115.45302501454337,115.62663869952804
2026-05-20 15:00:00+00:00,115.59673119783243,115.59673119783243,115.48841644043,115.55299958505921
2026-05-20 16:00:00+00:00,115.56456780055919,115.63478539491122,115.53751501692817,115.54392452610429
2026-05-20 17:00:00+00:00,115.54335878640526,115.56750698649279,115.5055231331228,115.54234488579719
2026-05-20 18:00:00+00:00,115.56742439677502,115.58273276552374,115.54191782417517,115.54240458876536
2026-05-20 19:00:00+00:00,115.53240437397167,115.61284967453508,115.53240437397167,115.59780669496897
2026-05-20 20:00:00+00:00,115.60633866410322,115.64586716377697,115.58611752200531,115.61867454966433
2026-05-20 21:00:00+00:00,115.62875603697577,115.66245746471486,115.55998922327481,115.60164887186288
2026-05-20 22:00:00+00:00,115.59896895205918,115.59896895205918,115.56459890945888,115.57535782408016
2026-05-20 23:00:00+00:00,115.57390177492395,115.60041053711943,115.5590663540924,115.58137164985226
2026-05-21 00:00:00+00:00,115.58867839389819,115.59908857294695,115.54646618292448,115.55476301385818
2026-05-21 01:00:00+00:00,115.55974467403726,115.5603441999971,115.49707602339184,115.50604136205257
2026-05-21 02:00:00+00:00,115.50207698295497,115.50776478799517,115.47274604166972,115.50776478799517
2026-05-21 03:00:00+00:00,115.51487214535516,115.52658178142656,115.47482296831605,115.5078269847387
2026-05-21 04:00:00+00:00,115.51543618305297,115.54191634184653,115.50105788176445,115.54044719141976
2026-05-21 05:00:00+00:00,115.53676219286062,115.55385901770461,115.51765501297682,115.54111043248118
2026-05-21 06:00:00+00:00,115.5468142191329,115.59054545454549,115.53697375118159,115.57471807586327
2026-05-21 07:00:00+00:00,115.57942036151066,115.58846623625898,115.45609764958044,115.46665891686892
2026-05-21 08:00:00+00:00,115.4332287308229,115.52068867739334,115.41814694535866,115.48453218584639
2026-05-21 09:00:00+00:00,115.47523874587559,115.49967640835084,115.45685832667004,115.48604700186817
2026-05-21 10:00:00+00:00,115.49320346005669,115.6212510088195,115.47782599530429,115.6061211878885
2026-05-21 11:00:00+00:00,115.60382680508303,115.6248409449506,115.56702529805179,115.59985754882226
2026-05-21 12:00:00+00:00,115.58888937339209,115.6064196310457,115.54598035226412,115.55478063770902
2026-05-21 13:00:00+00:00,115.57005434624665,115.57005434624665,115.48033016573625,115.49641374103437
2026-05-21 14:00:00+00:00,115.48516806143265,115.49520650840769,115.36146544159773,115.43619777492327
2026-05-21 15:00:00+00:00,115.46646151166337,115.48661968253049,115.39862433248202,115.44245186480781
2026-05-21 16:00:00+00:00,115.43017230117142,115.46525725818749,115.40325974949567,115.45195853538138
2026-05-21 17:00:00+00:00,115.45100828989969,115.45597073425662,115.302312743332,115.333212275286
2026-05-21 18:00:00+00:00,115.3393980788514,115.44359732831364,115.3393980788514,115.4284594049054
2026-05-21 19:00:00+00:00,115.44265557032166,115.44265557032166,115.31640145545398,115.3443918310432
2026-05-21 20:00:00+00:00,115.31908403599365,115.41059573788115,115.31908403599365,115.36740564256036
2026-05-21 21:00:00+00:00,115.4162578582071,115.46955301780224,115.35181081768317,115.45691108914345
2026-05-21 22:00:00+00:00,115.42502179598954,115.45771578029644,115.42395908255415,115.44636889366775
2026-05-21 23:00:00+00:00,115.44715447154472,115.46100424245948,115.42395536700182,115.456592807846
2026-05-22 00:00:00+00:00,115.44171048426922,115.4429221755135,115.38723984988059,115.44270341702853
2026-05-22 01:00:00+00:00,115.44806354646181,115.44806354646181,115.40136449412107,115.40136449412107
2026-05-22 02:00:00+00:00,115.40024822720775,115.4019801405261,115.34765568297286,115.35641961777706
2026-05-22 03:00:00+00:00,115.34793243861192,115.36367793399288,115.33543775624977,115.33543775624977
2026-05-22 04:00:00+00:00,115.32969066329974,115.3854528826403,115.32148636195426,115.37886485701844
2026-05-22 05:00:00+00:00,115.38450371983308,115.42504918794516,115.373114830244,115.39203877577677
2026-05-22 06:00:00+00:00,115.39884913176935,115.39884913176935,115.34063701661468,115.39851654014196
2026-05-22 07:00:00+00:00,115.39745431851497,115.42112711833654,115.37256040049337,115.41224880799463
2026-05-22 08:00:00+00:00,115.41286267907167,115.43772779415396,115.39455160302464,115.42951733751525
2026-05-22 09:00:00+00:00,115.43521348657224,115.43571537473049,115.37445669131361,115.38511777768103
2026-05-22 10:00:00+00:00,115.38109855659332,115.38109855659332,115.33389907957441,115.34689732709535
2026-05-22 11:00:00+00:00,115.34260286789828,115.36921369344273,115.32253386315513,115.33401984103962
2026-05-22 12:00:00+00:00,115.33424224404251,115.34015504775441,115.26325710888446,115.26325710888446
2026-05-22 13:00:00+00:00,115.2697215777262,115.33858907318631,115.25750621741744,115.32089595543432
2026-05-22 14:00:00+00:00,115.31673929278354,115.32800672834314,115.15436815156541,115.15436815156541
2026-05-22 15:00:00+00:00,115.15373140813047,115.24667574379328,115.15373140813047,115.22912124921238
2026-05-22 16:00:00+00:00,115.22986008516554,115.30394068318705,115.21240161898763,115.2982532434587
2026-05-22 17:00:00+00:00,115.30186942308111,115.30186942308111,115.19968699281242,115.24319545494072
2026-05-22 18:00:00+00:00,115.24392011362647,115.29969483244778,115.23545907091669,115.25956848505929
2026-05-22 19:00:00+00:00,115.2491393368364,115.29350363164532,115.23972354637262,115.23972354637262
2026-05-22 20:00:00+00:00,115.24044800556383,115.2610412666208,115.18137716313083,115.24395986525157
2026-05-24 21:00:00+00:00,115.23961314159452,115.3168223622275,115.22373576078846,115.27148174431903
2026-05-24 22:00:00+00:00,115.29279768367714,115.33485457640623,115.24161146704304,115.33307740781243
2026-05-24 23:00:00+00:00,115.33797439928134,115.37854261275153,115.32855704381963,115.37854261275153
2026-05-25 00:00:00+00:00,115.36600734404756,115.36600734404756,115.29460322517573,115.32795967584238
2026-05-25 01:00:00+00:00,115.31025293815213,115.35190350273476,115.29131313716816,115.34961893998661
2026-05-25 02:00:00+00:00,115.3467749530895,115.36572111726981,115.32293115438102,115.32638380794384
2026-05-25 03:00:00+00:00,115.32164589973915,115.3289483215739,115.26789398623062,115.27774761273876
2026-05-25 04:00:00+00:00,115.2819205930902,115.2969540758331,115.27251931053948,115.2805132364015
2026-05-25 05:00:00+00:00,115.28736214799308,115.30006372009495,115.26526888882448,115.29730277540494
2026-05-25 06:00:00+00:00,115.29485852436821,115.30202994237389,115.2555742913177,115.28137713367398
2026-05-25 07:00:00+00:00,115.28244252707155,115.31598674404127,115.26981645532967,115.2845916728172
2026-05-25 08:00:00+00:00,115.283656385434,115.28451283238995,115.24841169915621,115.26514246839056
2026-05-25 09:00:00+00:00,115.2668109344353,115.282392026578,115.25480149942823,115.25903304941848
2026-05-25 10:00:00+00:00,115.2634245187436,115.2761695229272,115.25525525525518,115.27194836020487
2026-05-25 11:00:00+00:00,115.26477271082675,115.29985012923633,115.24280835793246,115.29046454059838
2026-05-25 12:00:00+00:00,115.2819495812916,115.31376269026337,115.25523091286749,115.30496987951801
2026-05-25 13:00:00+00:00,115.31009014879974,115.34606136106841,115.2837195161675,115.29735403771666
2026-05-25 14:00:00+00:00,115.30236228453107,115.37458528316643,115.29384510692509,115.36594906267197
2026-05-25 15:00:00+00:00,115.36767688474235,115.40010721685327,115.34823077758858,115.38322199197178
2026-05-25 16:00:00+00:00,115.38684481284501,115.38684481284501,115.33235801092161,115.3340286227475
2026-05-25 17:00:00+00:00,115.33185584332806,115.3488439473836,115.31565455414423,115.33079847908739
2026-05-25 18:00:00+00:00,115.33090951229043,115.34332898739673,115.31626778666855,115.32389470253824
2026-05-25 19:00:00+00:00,115.32317051091714,115.37068428449305,115.31821210277796,115.368511032874
2026-05-25 20:00:00+00:00,115.3686223658188,115.38026862946806,115.32082249922135,115.32082249922135
2026-05-25 21:00:00+00:00,115.34911354069304,115.4246339112982,115.33486394680996,115.36210256373109
2026-05-25 22:00:00+00:00,115.38667690368752,115.41230840552834,115.35325004526526,115.38617547570239
2026-05-25 23:00:00+00:00,115.38773558938996,115.39932353644139,115.3616660752949,115.38116169772105
2026-05-26 00:00:00+00:00,115.37002172338885,115.41653991569248,115.36595433446061,115.41375439104769
2026-05-26 01:00:00+00:00,115.4194370808164,115.43047125121326,115.36785096261755,115.37408858220678
2026-05-26 02:00:00+00:00,115.37024567195951,115.37380978241191,115.34379660329824,115.34730166085056
2026-05-26 03:00:00+00:00,115.34941643256391,115.36768166841668,115.3404483317887,115.36768166841668
2026-05-26 04:00:00+00:00,115.36673497613995,115.3770976008803,115.34401494363556,115.37353409584479
2026-05-26 05:00:00+00:00,115.36551644262993,115.37047224715522,115.35215345638798,115.3650187087015
2026-05-26 06:00:00+00:00,115.37392613393742,115.48208648304225,115.37392613393742,115.43957436027361
2026-05-26 07:00:00+00:00,115.45048533850643,115.57705958192693,115.44491249402874,115.56907477820026
2026-05-26 08:00:00+00:00,115.57206688536937,115.63435079660636,115.57206688536937,115.59333328504478
2026-05-26 09:00:00+00:00,115.60046356656525,115.60396728223779,115.56477719599366,115.58485781561309
2026-05-26 10:00:00+00:00,115.56906181407243,115.57625853937711,115.51252154516881,115.56801634391775
2026-05-26 11:00:00+00:00,115.56561741587277,115.56790355999247,115.50187837945437,115.50187837945437
2026-05-26 12:00:00+00:00,115.49462957065515,115.5107772035726,115.43330439814814,115.48006656537152
2026-05-26 13:00:00+00:00,115.48513132190145,115.61277988587318,115.48513132190145,115.61277988587318
2026-05-26 14:00:00+00:00,115.62146974480781,115.65945609180079,115.57762752110268,115.6428545566458
2026-05-26 15:00:00+00:00,115.62954757715946,115.68929929386204,115.59867411631878,115.68929929386204
2026-05-26 16:00:00+00:00,115.6788192181231,115.6788192181231,115.58729216581857,115.58729216581857
2026-05-26 17:00:00+00:00,115.59627050426371,115.61300878933116,115.57007546978674,115.57713318235426
2026-05-26 18:00:00+00:00,115.57862750063306,115.60512089391295,115.5608940730396,115.59953097178592
2026-05-26 19:00:00+00:00,115.5957791737834,115.61126756484785,115.55763009921625,115.61126756484785
2026-05-26 20:00:00+00:00,115.61106284390382,115.61470692563289,115.56716774384991,115.57509952949691
2026-05-26 21:00:00+00:00,115.58861016163605,115.64935253049046,115.58861016163605,115.61886691337813
2026-05-26 22:00:00+00:00,115.627737913357,115.62961568536585,115.60222082274673,115.6057227258246
2026-05-26 23:00:00+00:00,115.6051577964248,115.62676556229984,115.59110982407871,115.61488497382307
2026-05-27 00:00:00+00:00,115.61368442397377,115.658427421983,115.57616833934331,115.6442584130524
2026-05-27 01:00:00+00:00,115.65485027338227,115.65485027338227,115.5687452499004,115.60599918929869
2026-05-27 02:00:00+00:00,115.60948064922461,115.63615562297697,115.57000238903643,115.57251245221818
2026-05-27 03:00:00+00:00,115.58110573720633,115.58110573720633,115.54466412318736,115.54989285921113
2026-05-27 04:00:00+00:00,115.55407547907414,115.60072116951096,115.55251498566584,115.60072116951096
2026-05-27 05:00:00+00:00,115.59737316545143,115.63655840818772,115.59737316545143,115.63655840818772
2026-05-27 06:00:00+00:00,115.6463766857043,115.64745988433945,115.59188813618196,115.5973923550564
2026-05-27 07:00:00+00:00,115.61529833194625,115.61529833194625,115.518064273524,115.52862400844577
2026-05-27 08:00:00+00:00,115.5150971772327,115.61338289962818,115.50792858847258,115.55025307302958
2026-05-27 09:00:00+00:00,115.54657392612081,115.56925213767951,115.52035871844934,115.5587058883094
2026-05-27 10:00:00+00:00,115.55213215298265,115.56026501562313,115.47083095466922,115.4813439037962
2026-05-27 11:00:00+00:00,115.49413856405657,115.54440846536367,115.4801043375217,115.5390753751409
2026-05-27 12:00:00+00:00,115.54607878568842,115.58117500705173,115.47170629785198,115.5700010123067
2026-05-27 13:00:00+00:00,115.56950309481105,115.58014245941347,115.49945083530835,115.55544306726634
2026-05-27 14:00:00+00:00,115.55348272196787,115.61146031493435,115.44553454760712,115.45797806672388
2026-05-27 15:00:00+00:00,115.46213876796679,115.59800172066015,115.45075842351865,115.5912695830712
2026-05-27 16:00:00+00:00,115.58725086929171,115.65913003225847,115.57544128489432,115.64133901259025
2026-05-27 17:00:00+00:00,115.64138349953352,115.67109144542766,115.603656994182,115.62574553761843
2026-05-27 18:00:00+00:00,115.62095614016057,115.62601661280873,115.5720645198589,115.57763885375631
2026-05-27 19:00:00+00:00,115.57813640535672,115.63521212296475,115.57813640535672,115.62488705118653
2026-05-27 20:00:00+00:00,115.62149853616216,115.63611649362288,115.53511693603734,115.53511693603734
2026-05-27 21:00:00+00:00,115.55748310383457,115.56215755157504,115.47330930002377,115.49970380430851
2026-05-27 22:00:00+00:00,115.51810083875762,115.55770731566315,115.51810083875762,115.54301568607612
2026-05-27 23:00:00+00:00,115.54518326914875,115.55308279803745,115.52541099650392,115.53750045137753
2026-05-28 00:00:00+00:00,115.5397158971914,115.54671307763962,115.4947474820403,115.50536485335098
2026-05-28 01:00:00+00:00,115.50936121360024,115.51269739264795,115.4741880292518,115.47582961647824
2026-05-28 02:00:00+00:00,115.47372447690736,115.49282559113081,115.44341072962297,115.4700120543673
2026-05-28 03:00:00+00:00,115.47379286946597,115.4792325349733,115.3701407313415,115.37186031086883
2026-05-28 04:00:00+00:00,115.36880961478839,115.41729784317963,115.33652528806903,115.40398029329229
2026-05-28 05:00:00+00:00,115.40281454445777,115.43146622021442,115.37063481760349,115.41691618386587
2026-05-28 06:00:00+00:00,115.42807255515946,115.44606902126056,115.40060482270314,115.4211510282451
2026-05-28 07:00:00+00:00,115.42599277978334,115.46644135361146,115.3882237473568,115.3882237473568
2026-05-28 08:00:00+00:00,115.38161768950978,115.40343356930998,115.3305102475129,115.3305102475129
2026-05-28 09:00:00+00:00,115.3328956765764,115.34288084845419,115.23475803195471,115.25126733344383
2026-05-28 10:00:00+00:00,115.24534015935384,115.30406185091155,115.21674873295886,115.30406185091155
2026-05-28 11:00:00+00:00,115.28731321756183,115.42315856352788,115.28731321756183,115.41699153888355
2026-05-28 12:00:00+00:00,115.40938163232889,115.42249758098285,115.35002237717814,115.40272722019989
2026-05-28 13:00:00+00:00,115.40184053511314,115.48832739647828,115.35746253573176,115.42777099864973
2026-05-28 14:00:00+00:00,115.42871169896318,115.54576560544568,115.39478723327379,115.50979356453908
2026-05-28 15:00:00+00:00,115.52596345214396,115.71591081999516,115.51739111554991,115.71591081999516
2026-05-28 16:00:00+00:00,115.72197627828452,115.75487901209509,115.65206676862188,115.6891601902331
2026-05-28 17:00:00+00:00,115.68336039902557,115.78374771533836,115.68336039902557,115.76416490179575
2026-05-28 18:00:00+00:00,115.77282947704352,115.85271177217479,115.7721406965188,115.82555330678323
2026-05-28 19:00:00+00:00,115.83968081247727,115.86866113615078,115.81646717446493,115.82311079514535
2026-05-28 20:00:00+00:00,115.82227058396802,115.84006848818139,115.79977953121367,115.81196271174139
2026-05-28 21:00:00+00:00,115.78828975916285,115.88762658342704,115.78638114513276,115.80951966396057
2026-05-28 22:00:00+00:00,115.83250509637769,115.83593880349065,115.79504736483244,115.82291795121024
2026-05-28 23:00:00+00:00,115.81990583216643,115.8375833375651,115.80615909173338,115.83292226445745
2026-05-29 00:00:00+00:00,115.84117472086588,115.87715034064436,115.83930696230074,115.84009749091454
2026-05-29 01:00:00+00:00,115.84475879579244,115.87796895523246,115.83792135442727,115.84982846034997
2026-05-29 02:00:00+00:00,115.87240556285042,115.87240556285042,115.8248230242543,115.84730764767313
2026-05-29 03:00:00+00:00,115.84253202013308,115.85012110400434,115.81671862538963,115.84465681511656
2026-05-29 04:00:00+00:00,115.83977491914776,115.86416440660751,115.8068001363217,115.8068001363217
2026-05-29 05:00:00+00:00,115.80500609084046,115.84341544085639,115.80386015283993,115.82676423023639
2026-05-29 06:00:00+00:00,115.8319554433904,115.85131459655477,115.7018383205752,115.70546276965894
2026-05-29 07:00:00+00:00,115.71954596193149,115.72353022167141,115.67162556793058,115.68110356019871
2026-05-29 08:00:00+00:00,115.6552413513356,115.70691628870752,115.59974509747117,115.66333994814367
2026-05-29 09:00:00+00:00,115.66139405527544,115.66759861511485,115.6050194420106,115.64457382023035
2026-05-29 10:00:00+00:00,115.64172187828095,115.65208576207606,115.60938880120466,115.63337243486691
2026-05-29 11:00:00+00:00,115.62739845051037,115.68110356019871,115.57184835632492,115.67481017793997
2026-05-29 12:00:00+00:00,115.6844134013447,115.6844134013447,115.4522449569806,115.53122670931042
2026-05-29 13:00:00+00:00,115.52465160702133,115.68317807107769,115.52442695068294,115.60751384414917
2026-05-29 14:00:00+00:00,115.59652284686477,115.87125255033499,115.57495096868503,115.83416800940635
2026-05-29 15:00:00+00:00,115.82350593272606,115.83247471302725,115.70213167190084,115.79214599683743
2026-05-29 16:00:00+00:00,115.78432012533449,115.78432012533449,115.6365928587989,115.64886602420107
2026-05-29 17:00:00+00:00,115.65629483630666,115.76253615676261,115.64238928819837,115.75944733198493
2026-05-29 18:00:00+00:00,115.7591046160983,115.80035097387996,115.69308150574722,115.71475160343508
2026-05-29 19:00:00+00:00,115.69416061567888,115.80287206266311,115.69416061567888,115.76928654292334
2026-05-29 20:00:00+00:00,115.80420797644338,115.81585284474998,115.70704911261035,115.77306054958036
2026-05-31 21:00:00+00:00,115.7712669519181,115.90791910242905,115.75684181520201,115.8108961103976
2026-05-31 22:00:00+00:00,115.81719642170475,115.84998730550207,115.7906187451048,115.8454919430316
2026-05-31 23:00:00+00:00,115.82719721426231,115.85070250812812,115.81368018629072,115.81368018629072
2026-06-01 00:00:00+00:00,115.82184825184966,115.8411245457644,115.79016051154892,115.82042153955463
2026-06-01 01:00:00+00:00,115.82805272392437,115.82805272392437,115.78928294447218,115.80870094663744
2026-06-01 02:00:00+00:00,115.81652253963185,115.83140618090337,115.77398640323534,115.78867257150307
2026-06-01 03:00:00+00:00,115.78771889133705,115.80248345450981,115.76418929200264,115.76430351863654
2026-06-01 04:00:00+00:00,115.76190131149914,115.79565387570487,115.76190131149914,115.78996962909801
2026-06-01 05:00:00+00:00,115.78878701119845,115.80465810819622,115.77802905105675,115.78588772514765
2026-06-01 06:00:00+00:00,115.79683773262089,115.86068872501026,115.79683773262089,115.8013036637446
2026-06-01 07:00:00+00:00,115.78798555831041,115.81091858188931,115.71125419162318,115.74710728233063
2026-06-01 08:00:00+00:00,115.74615457068121,115.75270998782673,115.69863033542651,115.7279682383284
2026-06-01 09:00:00+00:00,115.74386064071068,115.75095291236096,115.68016915523755,115.70297617754207
2026-06-01 10:00:00+00:00,115.71139874980979,115.71917014371807,115.64837137913304,115.65568073213815
2026-06-01 11:00:00+00:00,115.64456928567806,115.64891298839504,115.58590952170792,115.62626642737214
2026-06-01 12:00:00+00:00,115.63169474842213,115.67995713840958,115.54596017676708,115.66031316282869
2026-06-01 13:00:00+00:00,115.66123778501624,115.75538735400951,115.61062407777098,115.70259287645872
2026-06-01 14:00:00+00:00,115.68944952470449,115.72005033193034,115.64004336826883,115.70562883258124
2026-06-01 15:00:00+00:00,115.71175470947675,115.74715970764883,115.67711421918159,115.68661487942826
2026-06-01 16:00:00+00:00,115.6802465206446,115.74189999927627,115.66326050954947,115.72657985972877
2026-06-01 17:00:00+00:00,115.73728249225508,115.77713119381592,115.70761715216204,115.7222145839514
2026-06-01 18:00:00+00:00,115.72327954265862,115.72956466365632,115.67321254204181,115.72880963743903
2026-06-01 19:00:00+00:00,115.71050500375999,115.7260135257314,115.66901917681422,115.7112065847907
2026-06-01 20:00:00+00:00,115.70119415291809,115.71069974030104,115.6635741092928,115.66843604911838
2026-06-01 21:00:00+00:00,115.66125625669062,115.68996331483392,115.61476210106088,115.68996331483392
2026-06-01 22:00:00+00:00,115.65989700862113,115.66459357824698,115.62689804772228,115.66459357824698
2026-06-01 23:00:00+00:00,115.66470686076694,115.66470686076694,115.6323434777264,115.65128101295109
2026-06-02 00:00:00+00:00,115.66448029736543,115.6849419062836,115.63335887685606,115.63430785691558
2026-06-02 01:00:00+00:00,115.63959456919356,115.65502136057071,115.63028611910296,115.64783692941553
2026-06-02 02:00:00+00:00,115.64980409732958,115.6537766534152,115.63539106549077,115.64943982652687
2026-06-02 03:00:00+00:00,115.65084138090548,115.67562878190896,115.64562415515505,115.67562878190896
2026-06-02 04:00:00+00:00,115.67228379130603,115.6805760388652,115.66509798818787,115.6805760388652
2026-06-02 05:00:00+00:00,115.68582087394078,115.69585839888934,115.67327641671058,115.68172453427592
2026-06-02 06:00:00+00:00,115.67365940405098,115.75323144136385,115.6685292140435,115.72692354987805
2026-06-02 07:00:00+00:00,115.73400269093324,115.74443150333128,115.68755061899799,115.69530724560116
2026-06-02 08:00:00+00:00,115.69062771188887,115.70298146889057,115.64720252679656,115.66633418621788
2026-06-02 09:00:00+00:00,115.6686157871531,115.67028789094398,115.60293937007302,115.6423208388434
2026-06-02 10:00:00+00:00,115.64916388443241,115.64916388443241,115.60858602278715,115.61443310886962
2026-06-02 11:00:00+00:00,115.61766172209732,115.72081453199115,115.60113573147025,115.72081453199115
2026-06-02 12:00:00+00:00,115.71997772780186,115.78635186551502,115.70101565041377,115.78406764703747
2026-06-02 13:00:00+00:00,115.78768436204756,115.97032550658903,115.78768436204756,115.85349968158391
2026-06-02 14:00:00+00:00,115.8317358122038,115.91629630701964,115.79392624728843,115.88563902919078
2026-06-02 15:00:00+00:00,115.8961147976351,115.97688832252081,115.86543678784585,115.96457947173305
2026-06-02 16:00:00+00:00,115.94949904441995,115.97422344507993,115.90348370292652,115.9048976550007
2026-06-02 17:00:00+00:00,115.90414100996354,115.92313369123238,115.87136254150113,115.89822589627309
2026-06-02 18:00:00+00:00,115.90013235645107,115.93631264700555,115.89441330681606,115.91675470715076
2026-06-02 19:00:00+00:00,115.92262658571352,115.92917152098873,115.88061688029855,115.8964973451583
2026-06-02 20:00:00+00:00,115.90624660903528,115.90887716937584,115.85844778580565,115.85844778580565
2026-06-02 21:00:00+00:00,115.82297249405106,115.8998147397672,115.77432812511289,115.85304115137043
2026-06-02 22:00:00+00:00,115.86470298891805,115.86470298891805,115.8049570289629,115.83284540151358
2026-06-02 23:00:00+00:00,115.83764051035521,115.86279187450293,115.8090227845905,115.81385265744112
2026-06-03 00:00:00+00:00,115.80411596381181,115.83079125041557,115.78958782113365,115.82211684425096
2026-06-03 01:00:00+00:00,115.81899667485897,115.81899667485897,115.76226456021104,115.77109644398489
2026-06-03 02:00:00+00:00,115.77086842428659,115.77904706818009,115.7291192473607,115.74440100308577
2026-06-03 03:00:00+00:00,115.74071397600801,115.75805752276331,115.72691935320715,115.72691935320715
2026-06-03 04:00:00+00:00,115.72592881605749,115.7308323157293,115.70358383841294,115.72167555305089
2026-06-03 05:00:00+00:00,115.72562874338013,115.7397774888021,115.68126178044493,115.72583266517857
2026-06-03 06:00:00+00:00,115.71336737715684,115.76274614617788,115.6781343633803,115.75491867217511
2026-06-03 07:00:00+00:00,115.74865132267864,115.75199508901156,115.5205676423621,115.561639086122
2026-06-03 08:00:00+00:00,115.55240956893553,115.5778713082148,115.39939193922274,115.5521219910181
2026-06-03 09:00:00+00:00,115.5606737760192,115.66169355421069,115.5606737760192,115.5798958837247
2026-06-03 10:00:00+00:00,115.58124589311625,115.67988555988231,115.57957402537345,115.62141118518456
2026-06-03 11:00:00+00:00,115.61974099513905,115.6541651015631,115.59737708706444,115.63565197296195
2026-06-03 12:00:00+00:00,115.6409774979057,115.64490273385027,115.56007617728523,115.58313192164776
2026-06-03 13:00:00+00:00,115.57573964923917,115.62680406419574,115.54444877176272,115.57122870783024
2026-06-03 14:00:00+00:00,115.59134743690531,115.62675863263148,115.49601372489646,115.50844158652798
2026-06-03 15:00:00+00:00,115.5105924414874,115.51292864196989,115.42079297057863,115.42079297057863
2026-06-03 16:00:00+00:00,115.41957135449667,115.44765800541559,115.39668939497568,115.40998480604293
2026-06-03 17:00:00+00:00,115.41807392898028,115.45907637348382,115.40062360031962,115.43717420729767
2026-06-03 18:00:00+00:00,115.42997436857404,115.443389840273,115.40144829472644,115.4346855604037
2026-06-03 19:00:00+00:00,115.43047645106232,115.46869824445172,115.4228318392914,115.45400875475168
2026-06-03 20:00:00+00:00,115.46382102405684,115.47967104978893,115.44802660945433,115.45024515627354
2026-06-03 21:00:00+00:00,115.42394607596023,115.47866055733256,115.42394607596023,115.47866055733256
2026-06-03 22:00:00+00:00,115.41263533747978,115.43915976186528,115.36849383142831,115.38727474395348
2026-06-03 23:00:00+00:00,115.38832748723334,115.40195287746984,115.368386186238,115.38998869389249
2026-06-04 00:00:00+00:00,115.40212169879936,115.40860571313324,115.36057155615084,115.36190345880466
2026-06-04 01:00:00+00:00,115.36223743996305,115.36262359303768,115.30520420137208,115.32219742242056
2026-06-04 02:00:00+00:00,115.32419473282546,115.32823592091805,115.2747893293801,115.31672269935994
2026-06-04 03:00:00+00:00,115.3122412986358,115.35161592168713,115.31131471178823,115.35161592168713
2026-06-04 04:00:00+00:00,115.3504541724847,115.35300172020405,115.20437535981571,115.25320053828045
2026-06-04 05:00:00+00:00,115.25453001539982,115.26621428108825,115.23651929925529,115.26056733301665
2026-06-04 06:00:00+00:00,115.25463979102042,115.26472577604437,115.1986307280729,115.22625752573309
2026-06-04 07:00:00+00:00,115.2320453515391,115.2320453515391,115.09071964933706,115.11954639204886
2026-06-04 08:00:00+00:00,115.14097413377982,115.16630955291268,115.12113437255192,115.14979401974242
2026-06-04 09:00:00+00:00,115.1504475680339,115.27249956814643,115.14534904622548,115.27060974468598
2026-06-04 10:00:00+00:00,115.26840082341248,115.30730520298624,115.26840082341248,115.2847857538742
2026-06-04 11:00:00+00:00,115.2839465292224,115.317132197237,115.25361483956445,115.25361483956445
2026-06-04 12:00:00+00:00,115.25892426348265,115.36123097315163,115.25892426348265,115.35502830718693
2026-06-04 13:00:00+00:00,115.3606235008535,115.42879792447387,115.32988636527293,115.42313289816848
2026-06-04 14:00:00+00:00,115.408614701771,115.43671551885632,115.3789662397131,115.41474936449978
2026-06-04 15:00:00+00:00,115.43103634517468,115.43304137374662,115.3336355590095,115.43220992127226
2026-06-04 16:00:00+00:00,115.43281905008853,115.43536665298149,115.36617497786315,115.38339693282448
2026-06-04 17:00:00+00:00,115.39441852427849,115.39962557603681,115.35006909258398,115.36390856221566
2026-06-04 18:00:00+00:00,115.3614154297971,115.4231649889834,115.34896106980655,115.40106104996431
2026-06-04 19:00:00+00:00,115.40682187954438,115.40942535024688,115.3495232955567,115.35278667290318
2026-06-04 20:00:00+00:00,115.34182898836458,115.34692644180954,115.30002373434783,115.31638466850823
2026-06-04 21:00:00+00:00,115.29570937144659,115.408764274708,115.29570937144659,115.35028041151013
2026-06-04 22:00:00+00:00,115.33811644993915,115.36202677414705,115.31543199217171,115.32827283519799
2026-06-04 23:00:00+00:00,115.3309828752338,115.33983795996484,115.31593110097415,115.32965412040663
2026-06-05 00:00:00+00:00,115.32312031833517,115.34619978987661,115.30204046392491,115.30977908901197
2026-06-05 01:00:00+00:00,115.30425022125321,115.33484472273197,115.24855599433184,115.33102549893118
2026-06-05 02:00:00+00:00,115.33274319724215,115.36385035668776,115.32294050754986,115.36030750847587
2026-06-05 03:00:00+00:00,115.36855744313269,115.37071695940104,115.31298127437852,115.31901725701286
2026-06-05 04:00:00+00:00,115.32349766102908,115.33932645731512,115.31668981598088,115.3319658857821
2026-06-05 05:00:00+00:00,115.33672566053211,115.33672566053211,115.30633541803104,115.31857630143487
2026-06-05 06:00:00+00:00,115.31785668024347,115.37015969932169,115.2895386231357,115.35028041151013
2026-06-05 07:00:00+00:00,115.34363729294292,115.47310153952598,115.34363729294292,115.45794513737268
2026-06-05 08:00:00+00:00,115.46965307504931,115.48285728700434,115.43122266809789,115.44829673180004
2026-06-05 09:00:00+00:00,115.45489260831027,115.56853835334842,115.43356225093494,115.55531515938259
2026-06-05 10:00:00+00:00,115.55098802827052,115.59640970879386,115.51446887371365,115.52235146497821
2026-06-05 11:00:00+00:00,115.51602295999301,115.5183604003807,115.42670136310879,115.44872534317678
2026-06-05 12:00:00+00:00,115.46159836183769,115.62973327755574,115.3725365909876,115.588428049808
2026-06-05 13:00:00+00:00,115.61984601977683,115.61984601977683,115.39436995194207,115.46522339935508
2026-06-05 14:00:00+00:00,115.46593550522816,115.47237718193264,115.3731675929054,115.4446817230742
2026-06-05 15:00:00+00:00,115.43477948260731,115.4775517248818,115.27995174978813,115.30947900656443
2026-06-05 16:00:00+00:00,115.28446994449185,115.30572672038603,115.25783852073039,115.28961521063246
2026-06-05 17:00:00+00:00,115.28205570034673,115.33131318933818,115.25972394685647,115.26763029841959
2026-06-05 18:00:00+00:00,115.26536763914302,115.27281340166223,115.0842277449348,115.09569309345493
2026-06-05 19:00:00+00:00,115.08866825446924,115.1891011147239,115.08866825446924,115.16847884594677
2026-06-05 20:00:00+00:00,115.18605719536,115.29381354471818,115.13184322277051,115.28122801223412
2026-06-07 21:00:00+00:00,115.28784984993605,115.33638792335749,115.27208221716295,115.32776995777189
2026-06-07 22:00:00+00:00,115.28111657278168,115.3135697216301,115.24486458572406,115.24486458572406
2026-06-07 23:00:00+00:00,115.24563001642548,115.30170712630147,115.22971189164366,115.30170712630147
2026-06-08 00:00:00+00:00,115.30016217224697,115.34927130447264,115.26306725221728,115.34927130447264
2026-06-08 01:00:00+00:00,115.34491051494282,115.34491051494282,115.24931314247176,115.28929770685642
2026-06-08 02:00:00+00:00,115.29095214178083,115.33189809831354,115.26891130015632,115.31954280302209
2026-06-08 03:00:00+00:00,115.32252278108626,115.32523066768061,115.28296878698963,115.30126793005209
2026-06-08 04:00:00+00:00,115.3019854909192,115.32212342383069,115.27426947585963,115.32212342383069
2026-06-08 05:00:00+00:00,115.32145779206793,115.35501195459403,115.22060406054946,115.23598375593721
2026-06-08 06:00:00+00:00,115.2472803467378,115.28273051451853,115.21937219730937,115.24816842588666
2026-06-08 07:00:00+00:00,115.24827784156139,115.28024064727795,115.17153329173206,115.17440234114427
2026-06-08 08:00:00+00:00,115.17781571434713,115.19562129668148,114.98167368398396,115.03127331152804
2026-06-08 09:00:00+00:00,115.05057026038297,115.08279286001259,115.01416430594895,115.0543497757847
2026-06-08 10:00:00+00:00,115.03870518771474,115.10330326451226,115.03870518771474,115.09039884588049
2026-06-08 11:00:00+00:00,115.08189426237739,115.15345222618845,115.08189426237739,115.09738744624481
2026-06-08 12:00:00+00:00,115.12244165170551,115.16177009462629,115.1041479683786,115.14592117455227
2026-06-08 13:00:00+00:00,115.13482064616217,115.1816058918627,115.09031799685657,115.12856589091635
2026-06-08 14:00:00+00:00,115.14818643921765,115.18511342188917,115.13020515654034,115.14053169499304
2026-06-08 15:00:00+00:00,115.15880136371788,115.20020677622928,115.08363459000397,115.1042600655615
2026-06-08 16:00:00+00:00,115.08477250559406,115.13127690100424,115.07042859601808,115.10509670618096
2026-06-08 17:00:00+00:00,115.09742471726386,115.12339259716131,115.06667622598216,115.11611228251353
2026-06-08 18:00:00+00:00,115.12767178310135,115.16229435304575,115.12767178310135,115.15753395190082
2026-06-08 19:00:00+00:00,115.15933798009347,115.17559967864105,115.14191059417438,115.15879619003896
2026-06-08 20:00:00+00:00,115.15271063164383,115.16705639318856,115.1153118008146,115.13164972780669
2026-06-08 21:00:00+00:00,115.13114471834011,115.2520465316673,115.09408245396303,115.25086542466846
2026-06-08 22:00:00+00:00,115.1598206278026,115.16766870901542,115.12686422622495,115.16684244133062
2026-06-08 23:00:00+00:00,115.15812431842956,115.1720377650873,115.11657092862306,115.11933105762878
2026-06-09 00:00:00+00:00,115.12248293270599,115.2175784444539,115.08124309828038,115.20101584022031
2026-06-09 01:00:00+00:00,115.19934567839223,115.2270786541041,115.16396970218618,115.22472474627841
2026-06-09 02:00:00+00:00,115.23184036749919,115.237582543784,115.20725091138723,115.23561411818734
2026-06-09 03:00:00+00:00,115.23158846578912,115.25576989321385,115.2122903825316,115.25576989321385
2026-06-09 04:00:00+00:00,115.24495697913893,115.25150010048513,115.23508721556233,115.23983173732637
2026-06-09 05:00:00+00:00,115.24198526983753,115.27317910522791,115.21929509726502,115.2720221208747
2026-06-09 06:00:00+00:00,115.261808493066,115.29316265103508,115.23872469432027,115.28588768467237
2026-06-09 07:00:00+00:00,115.27898475261595,115.3083724170622,115.26099226609783,115.28860930386192
2026-06-09 08:00:00+00:00,115.29435420167455,115.29502157818764,115.25693856160343,115.28241588566907
2026-06-09 09:00:00+00:00,115.29279101336638,115.3216189422565,115.2567324955116,115.30179843714082
2026-06-09 10:00:00+00:00,115.2938472698022,115.32587143308707,115.29312908021451,115.3142668304632
2026-06-09 11:00:00+00:00,115.30785974440198,115.41725092582597,115.30039727296882,115.4048029910842
2026-06-09 12:00:00+00:00,115.40585431092119,115.43129543215817,115.40010065425257,115.42482438291347
2026-06-09 13:00:00+00:00,115.42626239385673,115.42626239385673,115.29131268447163,115.29131268447163
2026-06-09 14:00:00+00:00,115.3106370753429,115.31399508641861,115.13838783019062,115.25775267513035
2026-06-09 15:00:00+00:00,115.2376236913295,115.29951468856783,115.1504503470827,115.1504503470827
2026-06-09 16:00:00+00:00,115.15831749560718,115.28290657737169,115.11054397384787,115.253131430456
2026-06-09 17:00:00+00:00,115.24304559793511,115.29609275229218,115.21286972487582,115.29030267811656
2026-06-09 18:00:00+00:00,115.28323815536481,115.3274824005568,115.28060712133812,115.29162780687271
2026-06-09 19:00:00+00:00,115.29388976174582,115.37412622543734,115.27670195369645,115.37412622543734
2026-06-09 20:00:00+00:00,115.37561717763226,115.38511229301685,115.3000093270865,115.32168359108678
2026-06-09 21:00:00+00:00,115.33491277191465,115.3608728421203,115.32205385150986,115.34590562881809
2026-06-09 22:00:00+00:00,115.321909354459,115.33664403714488,115.31204488223428,115.31249103274118
2026-06-09 23:00:00+00:00,115.31403565407648,115.33367294956693,115.28027830577766,115.30564662500979
2026-06-10 00:00:00+00:00,115.26952979315482,115.34023222769214,115.26952979315482,115.34023222769214
2026-06-10 01:00:00+00:00,115.33063040436289,115.33520876092598,115.23437780281118,115.3157354724372
2026-06-10 02:00:00+00:00,115.32279475606514,115.33227586899878,115.30828232964282,115.310046926797
2026-06-10 03:00:00+00:00,115.3128071925204,115.34745501137719,115.3128071925204,115.34524834912425
2026-06-10 04:00:00+00:00,115.33812784404914,115.35071348588812,115.31434558280044,115.34072558940674
2026-06-10 05:00:00+00:00,115.33752458051639,115.37776692825187,115.32074605122459,115.36594822015759
2026-06-10 06:00:00+00:00,115.35484797357931,115.42279266532111,115.35114799764507,115.39477746426282
2026-06-10 07:00:00+00:00,115.38047379755916,115.46961325966845,115.38047379755916,115.43958687954716
2026-06-10 08:00:00+00:00,115.43334003619537,115.50993130012353,115.42819802093948,115.50797528380507
2026-06-10 09:00:00+00:00,115.49972700364945,115.5865162723488,115.48612807287243,115.56657681940693
2026-06-10 10:00:00+00:00,115.57039454295835,115.59063268210627,115.54607054833394,115.54607054833394
2026-06-10 11:00:00+00:00,115.54916825351197,115.59894785258432,115.52602277217048,115.54891409769162
2026-06-10 12:00:00+00:00,115.55411861910402,115.58423825163311,115.47749883274068,115.48174857421952
2026-06-10 13:00:00+00:00,115.46858952720892,115.71488240123281,115.46858952720892,115.61546872302462
2026-06-10 14:00:00+00:00,115.61086135587118,115.64746260280175,115.53067325935716,115.58430357912887
2026-06-10 15:00:00+00:00,115.57931956362374,115.61904624963148,115.52658045977005,115.56643095320219
2026-06-10 16:00:00+00:00,115.55426206182896,115.60662478255237,115.53958902141105,115.56071307959267
2026-06-10 17:00:00+00:00,115.55696075190774,115.59218989170186,115.53314369450902,115.5812332478208
2026-06-10 18:00:00+00:00,115.59043573877226,115.60053767691937,115.50567447205854,115.52224440837193
2026-06-10 19:00:00+00:00,115.51372470159002,115.52981059980314,115.47964281612488,115.47964281612488
2026-06-10 20:00:00+00:00,115.48058287272981,115.52157369516831,115.44643690037952,115.50462733610463
2026-06-10 21:00:00+00:00,115.45974205038343,115.50193881947432,115.45696029865742,115.49851003482566
2026-06-10 22:00:00+00:00,115.47833578633734,115.48600143575011,115.44169890266039,115.48157399830593
2026-06-10 23:00:00+00:00,115.47029525326897,115.47522485338763,115.42623421354757,115.45638537614647
2026-06-11 00:00:00+00:00,115.4755068052604,115.51209144695265,115.44612160231974,115.50138225684839
2026-06-11 01:00:00+00:00,115.5085628119053,115.5463271640418,115.5012140630163,115.54339001803272
2026-06-11 02:00:00+00:00,115.54924922767435,115.55012751894819,115.50830173503384,115.52034931738035
2026-06-11 03:00:00+00:00,115.52167418344771,115.54672853561651,115.51344014592769,115.51344014592769
2026-06-11 04:00:00+00:00,115.51741472172345,115.53278129286628,115.50635865545487,115.51150849222587
2026-06-11 05:00:00+00:00,115.50962664004763,115.53617733466454,115.5023229429209,115.50799451476483
2026-06-11 06:00:00+00:00,115.49793246037207,115.49793246037207,115.40552559100293,115.40889300136998
2026-06-11 07:00:00+00:00,115.38908412823635,115.39112535949675,115.30405235879822,115.31182117329926
2026-06-11 08:00:00+00:00,115.30520807197387,115.30912167005987,115.21690863122303,115.21707991348312
2026-06-11 09:00:00+00:00,115.21961770119384,115.24542250494277,115.19695244642071,115.2050301493862
2026-06-11 10:00:00+00:00,115.2033801203093,115.21356136129249,115.16589713303979,115.18742615731618
2026-06-11 11:00:00+00:00,115.19287366363287,115.2335243553008,115.17724809004528,115.20882866882461
2026-06-11 12:00:00+00:00,115.21284519307889,115.21399719254012,115.13401324029337,115.14203711788826
2026-06-11 13:00:00+00:00,115.14815344975659,115.14815344975659,114.97694040255973,114.98176878530059
2026-06-11 14:00:00+00:00,114.9461435647456,114.96948648687271,114.80860236543631,114.86620628584076
2026-06-11 15:00:00+00:00,114.85218508997426,114.99971399153412,114.85218508997426,114.96462011292967
2026-06-11 16:00:00+00:00,114.969229559636,114.99882051025436,114.94418797433072,114.96741088019206
2026-06-11 17:00:00+00:00,114.96523286476902,114.96523286476902,114.84609273798188,114.86853125827714
2026-06-11 18:00:00+00:00,114.89622188969946,114.94266859441426,114.80895255147712,114.85687282516858
2026-06-11 19:00:00+00:00,114.84205475626082,114.87275776317387,114.75336933990341,114.82700512710187
2026-06-11 20:00:00+00:00,114.82889188491431,114.90015911469153,114.8261568031211,114.82715863561754
2026-06-11 21:00:00+00:00,114.8425346438121,114.95003264199259,114.83652729800615,114.85720428566303
2026-06-11 22:00:00+00:00,114.88747133027513,114.97380247568388,114.88067518287389,114.94269351243246
2026-06-11 23:00:00+00:00,114.94849425443901,114.97137698552005,114.89491253456346,114.94900005730322
2026-06-12 00:00:00+00:00,114.96923638916138,114.99337368816926,114.91414003981488,114.94196080116285
2026-06-12 01:00:00+00:00,114.94801065566719,114.99176630629333,114.9135116558794,114.99176630629333
2026-06-12 02:00:00+00:00,114.98725585657819,115.02939428440484,114.98653989346461,115.02141005628188
2026-06-12 03:00:00+00:00,115.02767653187627,115.03251124287468,114.99992837394522,115.01973453292544
2026-06-12 04:00:00+00:00,115.01622388241441,115.03828878844095,115.0098485119793,115.02951035727581
2026-06-12 05:00:00+00:00,115.03664066361502,115.03664066361502,114.98371568662533,114.99688683093696
2026-06-12 06:00:00+00:00,115.00551173211544,115.06194943779984,115.00551173211544,115.05722102066825
2026-06-12 07:00:00+00:00,115.06807130119665,115.07404542980716,114.92036461985367,114.9334897998611
2026-06-12 08:00:00+00:00,114.94436294679588,114.94436294679588,114.80402333822524,114.8304023247657
2026-06-12 09:00:00+00:00,114.8384603272305,114.8384603272305,114.76359211138545,114.82751462134817
2026-06-12 10:00:00+00:00,114.83363875844685,114.87378473962279,114.81083789684664,114.81139569333813
2026-06-12 11:00:00+00:00,114.82729751196783,114.88001489075336,114.80742124054628,114.8426655982141
2026-06-12 12:00:00+00:00,114.8595756860219,114.984286972146,114.8432469558,114.9520066997358
2026-06-12 13:00:00+00:00,114.95215396617489,115.01417444590795,114.94350747390031,114.9777717325162
2026-06-12 14:00:00+00:00,115.01331843959436,115.06646125183613,114.96635647816743,115.06646125183613
2026-06-12 15:00:00+00:00,115.05481906126829,115.0962200298267,115.01637042290851,115.0436645246333
2026-06-12 16:00:00+00:00,115.0667067910522,115.06699147381235,114.97565516253752,115.02066604107414
2026-06-12 17:00:00+00:00,115.02252913744557,115.02636329770459,114.94590317706948,114.95317064787756
2026-06-12 18:00:00+00:00,114.95531878329602,114.97493554855336,114.94229833051739,114.97082304084766
2026-06-12 19:00:00+00:00,114.95954750483276,114.98875664217469,114.9121802487868,114.92927297196685
2026-06-12 20:00:00+00:00,114.92512741224297,114.93532060505831,114.85612488731802,114.8722719141323
2026-06-14 21:00:00+00:00,114.85316426710929,114.89681426567815,114.68411862369032,114.8263062856487
2026-06-14 22:00:00+00:00,114.82463368322993,114.93955528165728,114.76496124475257,114.93392954395611
2026-06-14 23:00:00+00:00,114.91436761017547,114.93557679904826,114.88601028844907,114.92055077156726
2026-06-15 00:00:00+00:00,114.91215499699057,115.00307983211324,114.90512769067607,114.97325437346483
2026-06-15 01:00:00+00:00,114.96581104786445,115.02692329724456,114.94527676571006,115.0205834974046
2026-06-15 02:00:00+00:00,115.01696711100922,115.02802855117798,114.98016583367934,115.00666007820213
2026-06-15 03:00:00+00:00,115.00247069186524,115.00247069186524,114.96268817050282,114.96905621454351
2026-06-15 04:00:00+00:00,114.96114314364496,115.01296691645284,114.96114314364496,115.00677142672878
2026-06-15 05:00:00+00:00,115.00949514493523,115.06951465221154,115.00949514493523,115.03551385793016
2026-06-15 06:00:00+00:00,115.0167689044315,115.0167689044315,114.93491615711763,114.97440303583566
2026-06-15 07:00:00+00:00,114.97118310363336,114.97118310363336,114.88851508535835,114.9185150194318
2026-06-15 08:00:00+00:00,114.91758576019345,114.98488906713258,114.90889051115781,114.95894451245258
2026-06-15 09:00:00+00:00,114.95933911748696,114.99695635048514,114.95851023461934,114.96269885590723
2026-06-15 10:00:00+00:00,114.97447573225645,114.99824527477557,114.95386641661231,114.98542775100425
2026-06-15 11:00:00+00:00,114.98954484259968,114.99409173917708,114.92623807002727,114.92623807002727
2026-06-15 12:00:00+00:00,114.92751964053167,114.97862651171776,114.92237246905623,114.97086155300039
2026-06-15 13:00:00+00:00,114.95984079488015,114.96030297172878,114.85944062448566,114.88094812100559
2026-06-15 14:00:00+00:00,114.87705035353383,114.96141345589388,114.77964938370457,114.96141345589388
2026-06-15 15:00:00+00:00,114.93412153699707,114.9827455360338,114.88635876017328,114.926387478002
2026-06-15 16:00:00+00:00,114.9104486152437,114.96626383612016,114.8884120171673,114.95921579851165
2026-06-15 17:00:00+00:00,114.96247218505606,114.99796077533459,114.95063671483754,114.9911639920153
2026-06-15 18:00:00+00:00,114.98629999785372,115.00400698359991,114.95619211100376,114.98154664835629
2026-06-15 19:00:00+00:00,114.9875532919396,115.01352182809386,114.96352974828366,114.98859679852428
2026-06-15 20:00:00+00:00,114.98509426003895,114.99560214815389,114.96381682446147,114.96381682446147
2026-06-15 21:00:00+00:00,114.99441948315821,115.0339094603101,114.96832592126516,115.03026227303285
2026-06-15 22:00:00+00:00,114.97122019234197,114.97450858413586,114.92476500232306,114.94148514072866
2026-06-15 23:00:00+00:00,114.9359469274541,114.93873232388212,114.87521179321823,114.88379075902391
2026-06-16 00:00:00+00:00,114.88496132012061,114.90108601620078,114.81584741643067,114.86240106389816
2026-06-16 01:00:00+00:00,114.86451705154778,114.86451705154778,114.78489627267908,114.80004288624413
2026-06-16 02:00:00+00:00,114.79297553444681,114.8034591194968,114.76226555352234,114.78759980271754
2026-06-16 03:00:00+00:00,114.78595884291248,114.83331546789572,114.72311958603724,114.80655718961246
2026-06-16 04:00:00+00:00,114.80533958380964,114.81325400169987,114.7047067053062,114.73683458990168
2026-06-16 05:00:00+00:00,114.74777765877681,114.79027121209947,114.7179132073585,114.73754086425207
2026-06-16 06:00:00+00:00,114.72588807125973,114.73533108609941,114.65866177425909,114.72425932405498
2026-06-16 07:00:00+00:00,114.70214467258748,114.85304833616702,114.70214467258748,114.77960242005177
2026-06-16 08:00:00+00:00,114.79237951011126,114.85762455172798,114.72828919654131,114.85190953122536
2026-06-16 09:00:00+00:00,114.85447713212068,114.8698459867988,114.83523940824757,114.85881235222254
2026-06-16 10:00:00+00:00,114.87358276238977,114.91989963327535,114.86019231593527,114.89860542248327
2026-06-16 11:00:00+00:00,114.8926894461874,114.89858925432003,114.8274581500313,114.8439899159423
2026-06-16 12:00:00+00:00,114.84470408432891,114.84470408432891,114.76374018558165,114.77473104078462
2026-06-16 13:00:00+00:00,114.77174572580923,114.92800743149085,114.77174572580923,114.9040590933119
2026-06-16 14:00:00+00:00,114.91394154169305,115.05421721217661,114.90723608541272,115.04981796593914
2026-06-16 15:00:00+00:00,115.03858339233471,115.0717960091864,115.00075057365265,115.06796394333942
2026-06-16 16:00:00+00:00,115.06531786117979,115.06688604335062,115.03336217808885,115.04541878263346
2026-06-16 17:00:00+00:00,115.05031792920433,115.07157010722987,114.99846319897634,115.00471779035844
2026-06-16 18:00:00+00:00,115.00843531968421,115.03753485379274,114.99767682905025,115.0172649218252
2026-06-16 19:00:00+00:00,115.01762363354271,115.0275998169545,114.98988859590818,114.98988859590818
2026-06-16 20:00:00+00:00,114.99010283051891,115.03070335342089,114.96214964294133,114.96214964294133
2026-06-16 21:00:00+00:00,114.9774066235771,115.0464436133774,114.95413303208178,115.01515888224688
2026-06-16 22:00:00+00:00,115.00940098227747,115.03010023879993,114.99817696976622,114.99817696976622
2026-06-16 23:00:00+00:00,115.01115273527977,115.01115273527977,114.97945034130296,114.98113153606441
2026-06-17 00:00:00+00:00,114.9656606659186,115.00028595121664,114.95728634235257,114.96110841030622
2026-06-17 01:00:00+00:00,114.95095936633201,114.96247051254548,114.89506141961847,114.92681323079555
2026-06-17 02:00:00+00:00,114.93163511089185,114.93163511089185,114.8870944690581,114.88931444985916
2026-06-17 03:00:00+00:00,114.89509190178079,114.90374308622381,114.86503865224405,114.86503865224405
2026-06-17 04:00:00+00:00,114.87017533831569,114.8737592098962,114.85343090313998,114.86256628693123
2026-06-17 05:00:00+00:00,114.86317474611027,114.89712934047002,114.86033599394031,114.8915948491474
2026-06-17 06:00:00+00:00,114.868533866819,114.88523981020973,114.7712502321063,114.78058396663043
2026-06-17 07:00:00+00:00,114.78098149431109,114.83854836405193,114.77955303511858,114.80517995483254
2026-06-17 08:00:00+00:00,114.79456558249888,114.81494715328043,114.7373384486786,114.80573678531353
2026-06-17 09:00:00+00:00,114.804175866578,114.82137880271264,114.7679777087128,114.7679777087128
2026-06-17 10:00:00+00:00,114.76755567304181,114.77985623847829,114.72024676548703,114.73555684081994
2026-06-17 11:00:00+00:00,114.72081218274103,114.7849059298132,114.71795640657677,114.7849059298132
2026-06-17 12:00:00+00:00,114.77520187920798,114.81351864813512,114.7133362364984,114.72866556719275
2026-06-17 13:00:00+00:00,114.74135161186669,114.79899425697869,114.63313685472468,114.64805418174284
2026-06-17 14:00:00+00:00,114.6603958064216,114.75752687404525,114.6603958064216,114.70779197614098
2026-06-17 15:00:00+00:00,114.71146436827527,114.71213678141227,114.53257103751116,114.56011636114727
2026-06-17 16:00:00+00:00,114.54064536367648,114.55613623562452,114.50493214733712,114.5396341028675
2026-06-17 17:00:00+00:00,114.53533135622212,114.57635095625875,114.53411278249082,114.54240792898135
2026-06-17 18:00:00+00:00,114.53095517818355,114.53543430430841,114.41550317058598,114.42374002004871
2026-06-17 19:00:00+00:00,114.43087841056956,114.43087841056956,114.19332445527432,114.21212250046051
2026-06-17 20:00:00+00:00,114.25573993606137,114.34724607240672,114.22497785651012,114.28459933873502
2026-06-17 21:00:00+00:00,114.32039696455566,114.32748953083959,114.22143683422392,114.30427190255114
2026-06-17 22:00:00+00:00,114.29828420589523,114.31957533779939,114.28835004506126,114.28946509416548
2026-06-17 23:00:00+00:00,114.28784309273075,114.2908843189849,114.22998354423191,114.25470332850935
2026-06-18 00:00:00+00:00,114.24293813372304,114.38638573283839,114.24293813372304,114.35718391416339
2026-06-18 01:00:00+00:00,114.3540466119737,114.36043747028049,114.25460529582413,114.26149622998838
2026-06-18 02:00:00+00:00,114.26646048207465,114.2823688038888,114.22017372806233,114.23808172531209
2026-06-18 03:00:00+00:00,114.24203297482894,114.27638814972497,114.24041428723436,114.2543953003277
2026-06-18 04:00:00+00:00,114.26767049607238,114.26989972963185,114.24466862469664,114.2470009860743
2026-06-18 05:00:00+00:00,114.2454811157458,114.25723609534614,114.18432173345806,114.20479519063072
2026-06-18 06:00:00+00:00,114.19527722049318,114.29219954745027,114.17958587641502,114.25764625773131
2026-06-18 07:00:00+00:00,114.24376542684479,114.27152364869653,114.19647605204376,114.23555448367826
2026-06-18 08:00:00+00:00,114.23748288849318,114.24649565858913,114.17295497218967,114.21436667611216
2026-06-18 09:00:00+00:00,114.21801619289799,114.21801619289799,114.11598002054617,114.20608275608056
2026-06-18 10:00:00+00:00,114.21499192611682,114.31455325900629,114.17192942709065,114.29977901178599
2026-06-18 11:00:00+00:00,114.28743439551792,114.3234627373193,114.22585554022005,114.24081323488807
2026-06-18 12:00:00+00:00,114.24698070197786,114.36146081433589,114.24678091840266,114.31841212026723
2026-06-18 13:00:00+00:00,114.31739912983086,114.33087609866735,114.26780376545913,114.32995315943501
2026-06-18 14:00:00+00:00,114.32124660747304,114.32124660747304,114.23351979041274,114.28530943356117
2026-06-18 15:00:00+00:00,114.29877271052402,114.4535449555819,114.18796524298767,114.4535449555819
2026-06-18 16:00:00+00:00,114.38091128387596,114.55036938492451,114.38079072070153,114.55036938492451
2026-06-18 17:00:00+00:00,114.56248850143636,114.58138678898037,114.4914618790939,114.52491440536481
2026-06-18 18:00:00+00:00,114.5104363386876,114.7046546344707,114.50458352195555,114.7046546344707
2026-06-18 19:00:00+00:00,114.73782519793112,114.77127234400746,114.48811764872393,114.55502717391296
2026-06-18 20:00:00+00:00,114.57271852355065,114.59151818896125,114.50953196427807,114.50953196427807
2026-06-18 21:00:00+00:00,114.41292339465431,114.49258957942762,114.40756483793163,114.46634778670887
2026-06-18 22:00:00+00:00,114.44078296042761,114.4764666360196,114.32441225563691,114.3719986137927
2026-06-18 23:00:00+00:00,114.37998175272818,114.43221681566136,114.3214659389757,114.3307531898349
2026-06-19 00:00:00+00:00,114.3028820664352,114.3327795256106,114.16147575176933,114.21682998911179
2026-06-19 01:00:00+00:00,114.18087204903944,114.2221185847836,114.14184246793167,114.2076888835503
2026-06-19 02:00:00+00:00,114.20788966063007,114.27945375894139,114.19789723588258,114.27531365965712
2026-06-19 03:00:00+00:00,114.28318984407022,114.28541150039206,114.23372879319965,114.28147603978294
2026-06-19 04:00:00+00:00,114.28278789848054,114.31599025113907,114.24869185738591,114.25827725722512
2026-06-19 05:00:00+00:00,114.26311924532558,114.31559163716777,114.23518198185472,114.29691750093606
2026-06-19 06:00:00+00:00,114.31155452239463,114.41804553811336,114.30247515655253,114.31600972685622
2026-06-19 07:00:00+00:00,114.31772873160173,114.35356983820685,114.26986695306256,114.30438960965539
2026-06-19 08:00:00+00:00,114.30923609638889,114.37482319660532,114.29096486454004,114.37482319660532
2026-06-19 09:00:00+00:00,114.38775149393581,114.38775149393581,114.29843846094025,114.30580983550928
2026-06-19 10:00:00+00:00,114.30066098759316,114.33013880643423,114.28460386104746,114.28652193577561
2026-06-19 11:00:00+00:00,114.28884397393671,114.30328303353704,114.21154498191675,114.2424156787384
2026-06-19 12:00:00+00:00,114.24463379823924,114.24463379823924,114.14505978825134,114.14505978825134
2026-06-19 13:00:00+00:00,114.13014308111691,114.14758090129506,114.05816636908327,114.11084065333185
2026-06-19 14:00:00+00:00,114.12163115563703,114.13673151146949,113.94747047417587,113.94747047417587
2026-06-19 15:00:00+00:00,113.95188131099448,114.0444645010259,113.92754910670213,114.04367230961222
2026-06-19 16:00:00+00:00,114.04870688439513,114.07759459573803,114.04498343086789,114.0714572800541
2026-06-19 17:00:00+00:00,114.07104981102266,114.10653442158053,114.047645913848,114.05427898382062
2026-06-19 18:00:00+00:00,114.04199197398945,114.06956484936545,114.03321931092847,114.0435135230438
2026-06-19 19:00:00+00:00,114.02375377323888,114.06093518583816,114.02375377323888,114.05410360925794
2026-06-19 20:00:00+00:00,114.0634587038852,114.26108583217926,114.022421208489,114.26108583217926
2026-06-21 21:00:00+00:00,114.25068889987985,114.36771858387065,114.25068889987985,114.35953261184595
2026-06-21 22:00:00+00:00,114.25495414722316,114.31607787200694,114.25071659536019,114.30436930895749
2026-06-21 23:00:00+00:00,114.29358031314864,114.33925773254094,114.29146253653172,114.31566908120477
2026-06-22 00:00:00+00:00,114.31546694529952,114.40565464842044,114.31546694529952,114.37932958132377
2026-06-22 01:00:00+00:00,114.37883570979619,114.39882470105456,114.31344590015817,114.34751923212652
2026-06-22 02:00:00+00:00,114.34458911118172,114.3729440499217,114.32744824082312,114.36345925800445
2026-06-22 03:00:00+00:00,114.36870451545508,114.38393392863453,114.32219290944236,114.3318707055886
2026-06-22 04:00:00+00:00,114.31493563745376,114.37709820295095,114.31231485399924,114.36974967731018
2026-06-22 05:00:00+00:00,114.37892360866199,114.4299920248993,114.36320288914598,114.39151349292561
2026-06-22 06:00:00+00:00,114.39454323582734,114.42452896760994,114.3440426492159,114.4232058310931
2026-06-22 07:00:00+00:00,114.43328793897872,114.52349523883476,114.42211338969422,114.50291159343574
2026-06-22 08:00:00+00:00,114.49475876186786,114.55179620424768,114.48207733559137,114.51175789741136
2026-06-22 09:00:00+00:00,114.51509312780992,114.57927156621746,114.50442565326033,114.55769054226784
2026-06-22 10:00:00+00:00,114.55849951980119,114.57713797317253,114.53011980108504,114.54072986103269
2026-06-22 11:00:00+00:00,114.53191188929684,114.56985906741609,114.49540377582292,114.5675629872331
2026-06-22 12:00:00+00:00,114.5779635762759,114.76037208644293,114.5779635762759,114.70442688082349
2026-06-22 13:00:00+00:00,114.69338705686926,114.71627197196636,114.58784828355421,114.68486029889544
2026-06-22 14:00:00+00:00,114.68388226901267,114.71163694155047,114.29268430654359,114.42553161397088
2026-06-22 15:00:00+00:00,114.43040839710856,114.43040839710856,114.23301958789118,114.4150698186904
2026-06-22 16:00:00+00:00,114.40276316068294,114.56869867563714,114.40276316068294,114.48222751326493
2026-06-22 17:00:00+00:00,114.47868537436597,114.50254381006222,114.4225539159244,114.47066222872371
2026-06-22 18:00:00+00:00,114.47328438473885,114.4930916286795,114.44597603647551,114.44597603647551
2026-06-22 19:00:00+00:00,114.47263319360702,114.58055125732177,114.45947474062146,114.5500289756746
2026-06-22 20:00:00+00:00,114.54075142057509,114.58523374134654,114.50181581810735,114.58523374134654
2026-06-22 21:00:00+00:00,114.5343204848074,114.5593788450932,114.49256927219149,114.49319405769857
2026-06-22 22:00:00+00:00,114.49365478646735,114.56909166743252,114.4855751905997,114.56261266037542
2026-06-22 23:00:00+00:00,114.56377262443439,114.56377262443439,114.50426450532449,114.51698382526484
2026-06-23 00:00:00+00:00,114.4913200455018,114.55627323223047,114.45192463919642,114.51465880906457
2026-06-23 01:00:00+00:00,114.51180996658027,114.51180996658027,114.44925458513126,114.48774733153908
2026-06-23 02:00:00+00:00,114.48907790996697,114.52083642505322,114.4480381910116,114.4480381910116
2026-06-23 03:00:00+00:00,114.4435028248588,114.45489597898394,114.41564861238618,114.44654763250088
2026-06-23 04:00:00+00:00,114.44917678469265,114.46371181352643,114.41902489641201,114.41902489641201
2026-06-23 05:00:00+00:00,114.42184169290061,114.45874978824331,114.40298138750278,114.44705616613376
2026-06-23 06:00:00+00:00,114.47290389991815,114.47290389991815,114.37579348286083,114.39558578645823
2026-06-23 07:00:00+00:00,114.3731124220272,114.3840451817861,114.24428450465709,114.30225007763758
2026-06-23 08:00:00+00:00,114.29630100150331,114.29730836003336,114.21059318444905,114.23179490073798
2026-06-23 09:00:00+00:00,114.24086798256138,114.26262939885545,114.17001763668434,114.20145478661487
2026-06-23 10:00:00+00:00,114.22110269110826,114.23208552376249,114.16781875123439,114.19847112916425
2026-06-23 11:00:00+00:00,114.18417712593434,114.3180551931337,114.18417712593434,114.2712101021639
2026-06-23 12:00:00+00:00,114.27392971966837,114.29256628554103,114.18931782125861,114.27362482369539
2026-06-23 13:00:00+00:00,114.28198691188089,114.35994831858912,114.22003793514365,114.30839354256041
2026-06-23 14:00:00+00:00,114.30264550264555,114.30264550264555,114.17809474144133,114.1880558726937
2026-06-23 15:00:00+00:00,114.18353252903373,114.22649888971137,114.12822969203462,114.1729731253259
2026-06-23 16:00:00+00:00,114.17639639512684,114.21019988159343,114.12263466644134,114.13371077685768
2026-06-23 17:00:00+00:00,114.13743081278257,114.14858478939107,114.08253360276571,114.098113632683
2026-06-23 18:00:00+00:00,114.09037781814598,114.1176139204406,114.04432308417731,114.0648975856972
2026-06-23 19:00:00+00:00,114.0629839231918,114.11579117868695,114.05282126365586,114.11450741812602
2026-06-23 20:00:00+00:00,114.11271869609605,114.12376070301939,114.0924099379757,114.10194123487041
2026-06-23 21:00:00+00:00,114.08535039026181,114.13778529163149,114.03718749339964,114.10377424944706
2026-06-23 22:00:00+00:00,114.08695652173915,114.09822214398878,114.06375399518468,114.083763367431
2026-06-23 23:00:00+00:00,114.07220196274451,114.12779440239399,114.06859363340705,114.12297315374819
2026-06-24 00:00:00+00:00,114.11632999359281,114.1515213395957,114.06970441442519,114.13534787445265
2026-06-24 01:00:00+00:00,114.11956858438235,114.1314911057591,114.08049213097219,114.12454841867314
2026-06-24 02:00:00+00:00,114.13550990513889,114.13611459316331,114.02785303617803,114.02785303617803
2026-06-24 03:00:00+00:00,114.03849537281403,114.06771309917646,113.99510424580066,114.0523381851967
2026-06-24 04:00:00+00:00,114.05364696608177,114.07693174138323,114.01740917183294,114.05495572854353
2026-06-24 05:00:00+00:00,114.05485680501697,114.09938762581827,114.05485680501697,114.08021507041167
2026-06-24 06:00:00+00:00,114.08374384236457,114.11306783788734,114.05540002532256,114.09387947468015
2026-06-24 07:00:00+00:00,114.06807199679271,114.1155696879309,114.04830224772839,114.06029154272939
2026-06-24 08:00:00+00:00,114.04984248424846,114.08360580810748,113.99083535976838,114.08360580810748
2026-06-24 09:00:00+00:00,114.09012277962955,114.09012277962955,114.01103341649396,114.03937943299806
2026-06-24 10:00:00+00:00,114.04500305784606,114.0751367849558,113.99966264179591,114.05895053696898
2026-06-24 11:00:00+00:00,114.05492843830223,114.07175518818153,114.01409143966141,114.01409143966141
2026-06-24 12:00:00+00:00,114.03004177156443,114.03452010859631,113.9418416801293,113.99232758136137
2026-06-24 13:00:00+00:00,113.98020191517317,114.09302521835754,113.93037970238977,114.06925645983479
2026-06-24 14:00:00+00:00,114.07578239806502,114.08367500509874,113.93643546971029,114.01021504998634
2026-06-24 15:00:00+00:00,113.99880580239542,114.08965633612692,113.99880580239542,114.01025929309257
2026-06-24 16:00:00+00:00,114.00965504641316,114.1790467075308,114.00965504641316,114.16217509393604
2026-06-24 17:00:00+00:00,114.16699504616084,114.16699504616084,114.06553091001099,114.07285582755257
2026-06-24 18:00:00+00:00,114.07505289127245,114.08596254428892,114.01509296083422,114.0235846404678
2026-06-24 19:00:00+00:00,114.02918148465727,114.10132935908165,114.01880322662248,114.09792274436754
2026-06-24 20:00:00+00:00,114.09230855745035,114.12108811969601,114.07200151848548,114.07200151848548
2026-06-24 21:00:00+00:00,114.05869861761524,114.12312540446254,114.05813912615562,114.06546589614888
2026-06-24 22:00:00+00:00,114.06957450996941,114.07148581954192,114.03167195001095,114.05375769674143
2026-06-24 23:00:00+00:00,114.04844242015301,114.06719014713228,114.0359261237456,114.03932923829475
2026-06-25 00:00:00+00:00,113.99790593575867,114.01169163317508,113.96071047158681,113.98834831373821
2026-06-25 01:00:00+00:00,114.0009979128162,114.02931561742072,113.96325127101666,114.00297995558184
2026-06-25 02:00:00+00:00,114.00240342382487,114.02541896299634,113.98828978906164,114.02401304690143
2026-06-25 03:00:00+00:00,114.02721930095893,114.07003726882785,114.02200274155571,114.06291749286314
2026-06-25 04:00:00+00:00,114.05419467334146,114.08573497669258,114.04647238724651,114.08061533702224
2026-06-25 05:00:00+00:00,114.07118903832234,114.07690198477151,114.02168642525358,114.04862282181007
2026-06-25 06:00:00+00:00,114.0504114286518,114.09909561722198,114.02955291207908,114.09138496778415
2026-06-25 07:00:00+00:00,114.05771446233395,114.10724203629108,114.04561487331549,114.10724203629108
2026-06-25 08:00:00+00:00,114.11767187434089,114.15278139220837,114.10523207581666,114.11835850701776
2026-06-25 09:00:00+00:00,114.13001441479456,114.13001441479456,114.07326192685059,114.08538814069229
2026-06-25 10:00:00+00:00,114.08056682153983,114.08819973571013,114.02884014300672,114.06162189502083
2026-06-25 11:00:00+00:00,114.057528184596,114.08864227014126,114.01747706486469,114.06020583792903
2026-06-25 12:00:00+00:00,114.07357455447149,114.17024838734645,114.02066054762398,114.0831113703608
2026-06-25 13:00:00+00:00,114.08749683695567,114.25966345138357,114.07749933238702,114.19059216036833
2026-06-25 14:00:00+00:00,114.22174029375736,114.25713561184531,114.18163644554572,114.23087218066303
2026-06-25 15:00:00+00:00,114.22623911634597,114.32972393762519,114.21810293827654,114.32872018668799
2026-06-25 16:00:00+00:00,114.36418895572282,114.4407439812594,114.35059165338566,114.40537548738276
2026-06-25 17:00:00+00:00,114.39156274013554,114.40559046067716,114.36172086959591,114.37029101442745
2026-06-25 18:00:00+00:00,114.39194237302478,114.39878212944109,114.3435923451989,114.36816846022121
2026-06-25 19:00:00+00:00,114.37532155417269,114.4010264291405,114.33281203770241,114.37673559718645
2026-06-25 20:00:00+00:00,114.37986353896476,114.39113610893797,114.33231640726837,114.33231640726837
2026-06-25 21:00:00+00:00,114.31108104680173,114.41746340637965,114.31017474633605,114.38552212289567
2026-06-25 22:00:00+00:00,114.36294307120866,114.4222972734773,114.32446332579498,114.41867023901865
2026-06-25 23:00:00+00:00,114.4114225277632,114.4114225277632,114.32637303801403,114.3459023785369
2026-06-26 00:00:00+00:00,114.35184858968857,114.40633766087322,114.3376447713248,114.39474555846068
2026-06-26 01:00:00+00:00,114.39696119747998,114.43163073973308,114.35344341749334,114.36524043068954
2026-06-26 02:00:00+00:00,114.3604053044717,114.37430848702255,114.28199242349572,114.30111010932049
2026-06-26 03:00:00+00:00,114.29316052687197,114.30202079986479,114.25953854176953,114.29296453720747
2026-06-26 04:00:00+00:00,114.2976965801123,114.32146457347903,114.24523514153614,114.30001621556843
2026-06-26 05:00:00+00:00,114.30454984523625,114.3157404729831,114.2655675976788,114.27302026107387
2026-06-26 06:00:00+00:00,114.2848077167154,114.37737525294911,114.24322933917796,114.36427473596648
2026-06-26 07:00:00+00:00,114.32820462218346,114.35238054956373,114.24635138087297,114.24635138087297
2026-06-26 08:00:00+00:00,114.25480481221246,114.35372614295194,114.23437389895012,114.31291787739451
2026-06-26 09:00:00+00:00,114.2999182015627,114.35817841899194,114.28390090477644,114.33690239395105
2026-06-26 10:00:00+00:00,114.34345571897164,114.38550442402956,114.33247042724442,114.38550442402956
2026-06-26 11:00:00+00:00,114.3766316235096,114.39548421238322,114.34494429558605,114.3631914128343
2026-06-26 12:00:00+00:00,114.35573735806483,114.44967565698,114.35573735806483,114.43179652931181
2026-06-26 13:00:00+00:00,114.44350342296572,114.50299747915189,114.40979939741618,114.44090719786553
2026-06-26 14:00:00+00:00,114.43474332822801,114.43757411485697,114.28752651645968,114.29990699247493
2026-06-26 15:00:00+00:00,114.31047602942428,114.4115924852026,114.27937071809194,114.39162545939358
2026-06-26 16:00:00+00:00,114.40957769531424,114.43811781639616,114.34682716432225,114.38239793580416
2026-06-26 17:00:00+00:00,114.39408894779893,114.41285781786647,114.38290012619062,114.40012972454693
2026-06-26 18:00:00+00:00,114.40174284566095,114.42161232088468,114.36728939020101,114.36728939020101
2026-06-26 19:00:00+00:00,114.35882974973573,114.49751952973398,114.35882974973573,114.47813110752068
2026-06-26 20:00:00+00:00,114.49044248911603,114.49044248911603,114.35650892787918,114.36700961138428
2026-06-28 21:00:00+00:00,114.35834155972368,114.59974147247681,114.35461012909921,114.56075571338818
2026-06-28 22:00:00+00:00,114.47276523996652,114.53071076199964,114.47276523996652,114.5192138042981
2026-06-28 23:00:00+00:00,114.52628310089787,114.54487699855305,114.49931906546156,114.52234423961845
2026-06-29 00:00:00+00:00,114.49318316538246,114.49318316538246,114.42296839729131,114.48834567099732
2026-06-29 01:00:00+00:00,114.46846643428698,114.52933536619811,114.45532401202094,114.51608350153155
2026-06-29 02:00:00+00:00,114.51468336027,114.56535555398644,114.49180235307415,114.52619245916924
2026-06-29 03:00:00+00:00,114.53609848377911,114.5546966006567,114.51779085686877,114.51779085686877
2026-06-29 04:00:00+00:00,114.51689167731156,114.53757551803977,114.50496411863092,114.52039714630492
2026-06-29 05:00:00+00:00,114.52211590030215,114.57480159290547,114.51871299217333,114.57387547039276
2026-06-29 06:00:00+00:00,114.55093497857575,114.63997060984582,114.54263128176184,114.63004563500486
2026-06-29 07:00:00+00:00,114.62151872806008,114.63831590844883,114.5528208530673,114.55321852060993
2026-06-29 08:00:00+00:00,114.54403015096668,114.5585837409738,114.4886443786149,114.51054254050902
2026-06-29 09:00:00+00:00,114.51782451337996,114.59415584415596,114.50996162095056,114.59415584415596
2026-06-29 10:00:00+00:00,114.60283177345825,114.60353759934513,114.529932620736,114.529932620736
2026-06-29 11:00:00+00:00,114.5537818802841,114.5559123469425,114.41349996828025,114.43709636481582
2026-06-29 12:00:00+00:00,114.44263485550329,114.50576577211989,114.42767836376848,114.47889786652013
2026-06-29 13:00:00+00:00,114.47718155347347,114.50449497620319,114.4383519163273,114.48053732900136
2026-06-29 14:00:00+00:00,114.42498149649326,114.49603384452682,114.37859693859593,114.45848515388802
2026-06-29 15:00:00+00:00,114.46079467771727,114.48782929287957,114.42712810179391,114.44295680360803
2026-06-29 16:00:00+00:00,114.44648809397981,114.56375744236588,114.44648809397981,114.52919731191528
2026-06-29 17:00:00+00:00,114.52980001692394,114.56023025480415,114.47520509712172,114.55475224828085
2026-06-29 18:00:00+00:00,114.54586489498271,114.55964907331672,114.5264790917426,114.54248020363997
2026-06-29 19:00:00+00:00,114.535133801079,114.53724923315599,114.50831635279114,114.51971146727224
2026-06-29 20:00:00+00:00,114.51788030909822,114.53464592471417,114.44938452541179,114.46645052156762
2026-06-29 21:00:00+00:00,114.4731831836068,114.49421486437906,114.42384264642676,114.47436141486365
2026-06-29 22:00:00+00:00,114.45496127254414,114.51579919752359,114.45204031291857,114.51579919752359
2026-06-29 23:00:00+00:00,114.5099532482919,114.52277183035032,114.44638628932248,114.44638628932248
2026-06-30 00:00:00+00:00,114.43790734542905,114.65408583600336,114.41020041562477,114.5519864750635
2026-06-30 01:00:00+00:00,114.5493737584357,114.60730329958184,114.48733651504281,114.50030267622105
2026-06-30 02:00:00+00:00,114.48138971788963,114.49555877757298,114.42917361594932,114.4591541563735
2026-06-30 03:00:00+00:00,114.46499711418004,114.50013721861397,114.40444187977661,114.45157476990639
2026-06-30 04:00:00+00:00,114.45629688005752,114.4688786460717,114.4349477682812,114.43574538727229
2026-06-30 05:00:00+00:00,114.42298223153881,114.51419966787705,114.4207705239761,114.51194203102477
2026-06-30 06:00:00+00:00,114.51955543050094,114.55256421076334,114.47150926010605,114.50743285094892
2026-06-30 07:00:00+00:00,114.48859237990693,114.54734856483252,114.46692289282154,114.53153260938423
2026-06-30 08:00:00+00:00,114.51190677250476,114.60224314321508,114.49970800762709,114.54725836071582
2026-06-30 09:00:00+00:00,114.55993695291181,114.56499250533082,114.47540545482687,114.50952528350744
2026-06-30 10:00:00+00:00,114.51233925204727,114.5604627596691,114.49381378762206,114.5604627596691
2026-06-30 11:00:00+00:00,114.56446630498274,114.59252224684333,114.49589135462294,114.58437383493143
2026-06-30 12:00:00+00:00,114.58931284821892,114.65770300235835,114.4308642757127,114.64820654316131
2026-06-30 13:00:00+00:00,114.6596084670239,114.73673834368367,114.6434177830027,114.72404300409072
2026-06-30 14:00:00+00:00,114.72611177990393,115.07766167749234,114.71495149458637,115.04690246123235
2026-06-30 15:00:00+00:00,115.06476089641795,115.0801270737735,114.95294822542567,114.97324695283157
2026-06-30 16:00:00+00:00,114.99129355864345,115.01265447982698,114.9401309437394,114.9794888422122
2026-06-30 17:00:00+00:00,114.97103063281513,114.97955154421109,114.92534158251897,114.97236088783607
2026-06-30 18:00:00+00:00,114.98674301187499,115.00282127239396,114.97151238224188,114.99238535732427
2026-06-30 19:00:00+00:00,114.98071621459657,115.15245667801216,114.95403530539743,115.13260089812758
2026-06-30 20:00:00+00:00,115.15023126081287,115.15819209039559,114.99534371825274,114.99534371825274
2026-06-30 21:00:00+00:00,114.99372027715462,115.09523171050135,114.9708287183685,115.03778497491598
2026-06-30 22:00:00+00:00,115.04786224702151,115.07877710278079,115.03791753377317,115.04860533036117
2026-06-30 23:00:00+00:00,115.05135874932992,115.05996895724576,114.96912710048505,114.97184101273685
2026-07-01 00:00:00+00:00,115.0011983476901,115.00514309064532,114.94658661705859,114.96586177011488
2026-07-01 01:00:00+00:00,114.97836778985058,114.97836778985058,114.86145740889444,114.91625934951344
2026-07-01 02:00:00+00:00,114.91777300419072,114.98770979624331,114.90563380281705,114.96386865940764
2026-07-01 03:00:00+00:00,114.97239203312968,115.03211810446847,114.9689716624287,115.01112926856769
2026-07-01 04:00:00+00:00,115.01215088225982,115.01215088225982,114.94666685454224,114.9840071016924
2026-07-01 05:00:00+00:00,114.98481720763448,115.02374878437243,114.97378952708426,115.00017617420114
2026-07-01 06:00:00+00:00,115.00147985286044,115.01532607546783,114.89904147504394,114.93571906590127
2026-07-01 07:00:00+00:00,114.91509188107945,114.94467413736041,114.88068405927773,114.9239958863391
2026-07-01 08:00:00+00:00,114.91906512827026,114.92175725734903,114.84954730424265,114.88254513703079
2026-07-01 09:00:00+00:00,114.87505544876544,114.9167458724963,114.86644419099127,114.91100847672432
2026-07-01 10:00:00+00:00,114.90675358870212,114.9659001239997,114.88984178618968,114.95621420167546
2026-07-01 11:00:00+00:00,114.95216490778196,114.97305104449231,114.90447923048225,114.90447923048225
2026-07-01 12:00:00+00:00,114.91802585988347,114.92562542258293,114.82331086311001,114.82331086311001
2026-07-01 13:00:00+00:00,114.83566753466124,114.90571621850174,114.80040595399198,114.80040595399198
2026-07-01 14:00:00+00:00,114.80789566443437,114.88681814013542,114.78284764105756,114.83959670027508
2026-07-01 15:00:00+00:00,114.83570723452274,114.87926111326551,114.80549682875277,114.83215136689846
2026-07-01 16:00:00+00:00,114.83400661294539,114.85946041262575,114.80894188619685,114.84039666485778
2026-07-01 17:00:00+00:00,114.84063323794362,114.88239979137161,114.8241861251878,114.85855205214031
2026-07-01 18:00:00+00:00,114.86178930531786,114.8686834520715,114.82793843119313,114.83511451457248
2026-07-01 19:00:00+00:00,114.83039205326021,114.87469969493952,114.8288518030617,114.87469969493952
2026-07-01 20:00:00+00:00,114.86775916245139,114.89450139138414,114.85332657029349,114.87167203274613
2026-07-01 21:00:00+00:00,114.90230079512786,114.90230079512786,114.85434499277903,114.85831442783275
2026-07-01 22:00:00+00:00,114.82874469119116,114.83656954509932,114.81580596773185,114.82136191730473
2026-07-01 23:00:00+00:00,114.82277045728262,114.84087243737379,114.80597225156713,114.81982267480768
2026-07-02 00:00:00+00:00,114.7876714257555,114.85143633841116,114.75694933393429,114.83210794670283
2026-07-02 01:00:00+00:00,114.84434427384151,114.85796395038435,114.82655397076961,114.84009580163439
2026-07-02 02:00:00+00:00,114.84106408160977,114.88706437858993,114.81789303901348,114.82718058167639
2026-07-02 03:00:00+00:00,114.83808705330424,114.840409419754,114.75698479438269,114.77067838629716
2026-07-02 04:00:00+00:00,114.75904038767675,114.77531295569673,114.74079448831668,114.77531295569673
2026-07-02 05:00:00+00:00,114.76928495949291,114.77189472497757,114.68823081908103,114.69900395880599
2026-07-02 06:00:00+00:00,114.70416223338677,114.71502371572157,114.26062422853124,114.44405273919493
2026-07-02 07:00:00+00:00,114.47897133672662,114.4807703152316,114.17328387469863,114.18487726795158
2026-07-02 08:00:00+00:00,114.18527242210983,114.21045207701543,113.97693914417987,113.97693914417987
2026-07-02 09:00:00+00:00,113.98794823668884,114.13627706849134,113.98794823668884,114.05506062593915
2026-07-02 10:00:00+00:00,114.0657620041755,114.21630503000527,114.0657620041755,114.08513247763857
2026-07-02 11:00:00+00:00,114.0578637629067,114.12055628355255,114.0578637629067,114.1039639880807
2026-07-02 12:00:00+00:00,114.11824381446215,114.2118243957439,113.86842235393028,114.09761025126635
2026-07-02 13:00:00+00:00,114.04016722219095,114.16734947588517,114.00433772050678,114.00973693321946
2026-07-02 14:00:00+00:00,114.0097642312612,114.11360454757573,113.97152301042475,114.0705327382635
2026-07-02 15:00:00+00:00,114.07278221820555,114.07278221820555,113.88631917913675,113.95117336420898
2026-07-02 16:00:00+00:00,113.93669438522694,114.07269338303833,113.93669438522694,114.03562046269892
2026-07-02 17:00:00+00:00,114.02718446601953,114.10335162003219,114.01057588444199,114.07460231164093
2026-07-02 18:00:00+00:00,114.07740596114884,114.11610989476671,114.04908495255323,114.06158430242833
2026-07-02 19:00:00+00:00,114.06039297086268,114.13008945150077,114.05005929188562,114.11243063106329
2026-07-02 20:00:00+00:00,114.11233956030004,114.11282065766164,114.0600070596542,114.10192135236105
2026-07-02 21:00:00+00:00,114.1162012120186,114.15424168155795,114.08885217894696,114.1512899488543
2026-07-02 22:00:00+00:00,114.14921114705021,114.23710386795729,114.12853884341888,114.22479826611237
2026-07-02 23:00:00+00:00,114.21663101566539,114.31807596223072,114.20422858353052,114.31495007233349
2026-07-03 00:00:00+00:00,114.29367924794637,114.31756446890337,114.16590779135531,114.16590779135531
2026-07-03 01:00:00+00:00,114.17770310338024,114.2782471110108,114.06470754450423,114.25413350095712
2026-07-03 02:00:00+00:00,114.2550396248006,114.30943833564193,114.22010570047776,114.27107624902845
2026-07-03 03:00:00+00:00,114.26865376325861,114.29530438469432,114.24604296212561,114.27400377361171
2026-07-03 04:00:00+00:00,114.27259043594412,114.33176856512654,114.27259043594412,114.2865222155457
2026-07-03 05:00:00+00:00,114.27036351039926,114.34005755538128,114.2338863665296,114.33147139927893
2026-07-03 06:00:00+00:00,114.31056181681927,114.31712766559207,113.95028210240541,114.05917644814124
2026-07-03 07:00:00+00:00,114.07959074079322,114.11766368280134,113.95513110307428,113.96953898755295
2026-07-03 08:00:00+00:00,113.97045838248707,114.10088911801482,113.95626439136038,114.10088911801482
2026-07-03 09:00:00+00:00,114.09466110252023,114.12908418288114,114.05408077512496,114.12546240081339
2026-07-03 10:00:00+00:00,114.13583733408655,114.1693144107888,114.08644581077374,114.09552314664496
2026-07-03 11:00:00+00:00,114.09181383136422,114.10117950998466,114.03932025479878,114.0475518555102
2026-07-03 12:00:00+00:00,114.04305747580499,114.04305747580499,113.97609898826113,114.01898154024072
2026-07-03 13:00:00+00:00,114.0373143799976,114.11099198736046,114.03188391491054,114.10315182204806
2026-07-03 14:00:00+00:00,114.11171450737017,114.14493407918975,114.06782170887026,114.13870687891902
2026-07-03 15:00:00+00:00,114.13447500017644,114.14336588977834,114.0866021826797,114.13772433976246
2026-07-03 16:00:00+00:00,114.12353687773248,114.15606577722633,114.10261833255798,114.1451960908746
2026-07-03 17:00:00+00:00,114.12696286163558,114.14870134907382,114.09575780649631,114.12151298902786
2026-07-03 18:00:00+00:00,114.11667642143428,114.18414203186842,114.11667642143428,114.18243629259221
2026-07-03 19:00:00+00:00,114.17861500377327,114.1880884375332,114.14650656099518,114.16120775365448
2026-07-03 20:00:00+00:00,114.1494401985393,114.18567257648215,114.09197281980445,114.14357238558648
2026-07-05 21:00:00+00:00,114.18544279687933,114.20357946569044,114.1633110724034,114.18747355057144
2026-07-05 22:00:00+00:00,114.15802570085236,114.23094271538129,114.1467160793046,114.17990909411239
2026-07-05 23:00:00+00:00,114.18514185846581,114.22893985836605,114.18514185846581,114.21021105669298
2026-07-06 00:00:00+00:00,114.20801217467286,114.30504270372366,114.19462567108668,114.25289786139602
2026-07-06 01:00:00+00:00,114.26387176325537,114.4050545533948,114.25732947219356,114.4050545533948
2026-07-06 02:00:00+00:00,114.39791497904423,114.4498612148283,114.38957891548029,114.40115541778225
2026-07-06 03:00:00+00:00,114.40589002007974,114.4343477035786,114.38733897266509,114.4343477035786
2026-07-06 04:00:00+00:00,114.43032446216498,114.52657239683525,114.43032446216498,114.52657239683525
2026-07-06 05:00:00+00:00,114.50934530057852,114.59786145978626,114.50551618221024,114.59786145978626
2026-07-06 06:00:00+00:00,114.58792698991931,114.69960783209312,114.58057426244763,114.67156728135598
2026-07-06 07:00:00+00:00,114.67793030623031,114.69683206940026,114.5873225951792,114.5873225951792
2026-07-06 08:00:00+00:00,114.6045110241321,114.65582770270282,114.57033311055628,114.57727998649221
2026-07-06 09:00:00+00:00,114.56882360390034,114.6268026732326,114.56328437165863,114.62669977699781
2026-07-06 10:00:00+00:00,114.62551532974081,114.76100261287857,114.62551532974081,114.70008448324428
2026-07-06 11:00:00+00:00,114.6967510296034,114.7025276350068,114.64725706928225,114.68629907515603
2026-07-06 12:00:00+00:00,114.7097128455675,114.71352241768928,114.58569128781234,114.62313571895689
2026-07-06 13:00:00+00:00,114.63982335733583,114.74427577660754,114.61380513051314,114.65451730931616
2026-07-06 14:00:00+00:00,114.65360746400991,114.7054476871434,114.584549591689,114.6789765530443
2026-07-06 15:00:00+00:00,114.68574283763918,114.74524222062584,114.64590311594011,114.70267225293114
2026-07-06 16:00:00+00:00,114.72011154693926,114.72653141702297,114.67618605044157,114.67618605044157
2026-07-06 17:00:00+00:00,114.67618605044157,114.705364500067,114.6223458572486,114.6307628389751
2026-07-06 18:00:00+00:00,114.63036773094109,114.64571034055216,114.58008975180886,114.58833806507984
2026-07-06 19:00:00+00:00,114.59243188413973,114.65597429320418,114.58196854109886,114.61728708225009
2026-07-06 20:00:00+00:00,114.6091404895786,114.6559258006316,114.58331865608037,114.6559258006316
2026-07-06 21:00:00+00:00,114.65954192015688,114.65954192015688,114.5970281752659,114.63070884452505
2026-07-06 22:00:00+00:00,114.64707333403824,114.65057931384445,114.61211664329963,114.62423021096107
2026-07-06 23:00:00+00:00,114.6099480682372,114.64078080405918,114.58180690976735,114.62931781514868
2026-07-07 00:00:00+00:00,114.62416343783035,114.6674274765066,114.60628257501071,114.61167920223116
2026-07-07 01:00:00+00:00,114.60151127824858,114.60534099552113,114.35101063455186,114.44399053361143
2026-07-07 02:00:00+00:00,114.42689695979276,114.46539994647675,114.40012961032387,114.44474957223443
2026-07-07 03:00:00+00:00,114.4424414838184,114.45845921982081,114.38209051921451,114.40037738240257
2026-07-07 04:00:00+00:00,114.3993691651296,114.4209103199641,114.28179110363149,114.33972359704038
2026-07-07 05:00:00+00:00,114.33047249582857,114.39755007216036,114.32433954824552,114.39111793239898
2026-07-07 06:00:00+00:00,114.39705426793222,114.53723396763256,114.39635022107086,114.53723396763256
2026-07-07 07:00:00+00:00,114.52673680059726,114.561753128323,114.37682587730117,114.42940501580208
2026-07-07 08:00:00+00:00,114.43364283351062,114.46504550705865,114.3898368344332,114.44759007295991
2026-07-07 09:00:00+00:00,114.45181554409994,114.4907531304141,114.40986527504889,114.46608641766674
2026-07-07 10:00:00+00:00,114.45258866521634,114.49521381127144,114.43027456393007,114.49521381127144
2026-07-07 11:00:00+00:00,114.50156377673227,114.52119862434472,114.44023491965142,114.44958489131136
2026-07-07 12:00:00+00:00,114.44284054501298,114.44284054501298,114.3272507110474,114.35701413527073
2026-07-07 13:00:00+00:00,114.36123782170425,114.52675796254672,114.34260985821355,114.51594717629993
2026-07-07 14:00:00+00:00,114.52361991077797,114.65265533535522,114.4968788310061,114.60444388032138
2026-07-07 15:00:00+00:00,114.62155720712475,114.65457033812825,114.59313106813242,114.60444388032138
2026-07-07 16:00:00+00:00,114.61312797946475,114.64280171014956,114.59977014898026,114.641887364672
2026-07-07 17:00:00+00:00,114.64713433299022,114.66689243056008,114.61231973484728,114.65846310159687
2026-07-07 18:00:00+00:00,114.66360910213453,114.69442484121397,114.6007432951814,114.61612229931757
2026-07-07 19:00:00+00:00,114.63662257818902,114.72079428543236,114.63662257818902,114.71361787041425
2026-07-07 20:00:00+00:00,114.70743762030007,114.71894742779797,114.66599946435885,114.68127251323492
2026-07-07 21:00:00+00:00,114.67504354141559,114.84340273613071,114.67504354141559,114.78341819823133
2026-07-07 22:00:00+00:00,114.73081829265726,114.77744639747313,114.68281096929258,114.77663714817541
2026-07-07 23:00:00+00:00,114.77452196965434,114.86868544435447,114.77452196965434,114.86182666488133
2026-07-08 00:00:00+00:00,114.86200772418469,114.92973041583525,114.83593155357606,114.87515332665991
2026-07-08 01:00:00+00:00,114.8563854538277,114.90595688604198,114.85484257575126,114.8826979472142
2026-07-08 02:00:00+00:00,114.87825854023046,114.96731058121587,114.87786824574398,114.91495303376502
2026-07-08 03:00:00+00:00,114.91145792929338,114.9274156003556,114.90214056493998,114.91385815332767
2026-07-08 04:00:00+00:00,114.91432198011434,114.97298669788842,114.90029333784632,114.96127421243467
2026-07-08 05:00:00+00:00,114.97343934081604,114.99678937601004,114.95214297814681,114.96947669289682
2026-07-08 06:00:00+00:00,114.95885151254227,114.98503332203782,114.90052895853796,114.96296505511121
2026-07-08 07:00:00+00:00,114.95989606868514,115.11494740413991,114.95989606868514,115.10387581556132
2026-07-08 08:00:00+00:00,115.10634237367218,115.28620099806334,115.10634237367218,115.28315756736136
2026-07-08 09:00:00+00:00,115.27370392621135,115.3176595368571,115.23919235036796,115.29178037640881
2026-07-08 10:00:00+00:00,115.286664734122,115.3005734974862,115.23198936892116,115.24372146925404
2026-07-08 11:00:00+00:00,115.23825000706564,115.23825000706564,115.08427580659966,115.1193559085233
2026-07-08 12:00:00+00:00,115.12059500119972,115.16195775751892,115.09095784467318,115.11700115730949
2026-07-08 13:00:00+00:00,115.1450349354225,115.24859770829518,115.1450349354225,115.22462268614984
2026-07-08 14:00:00+00:00,115.236601750408,115.3319953642198,115.22400921040563,115.27965138042345
2026-07-08 15:00:00+00:00,115.28416354146813,115.32874050521119,115.171304850699,115.20242143734048
2026-07-08 16:00:00+00:00,115.22052078187859,115.28108295142405,115.19964438674364,115.23351415494162
2026-07-08 17:00:00+00:00,115.23952159261911,115.25445283632082,115.18908646475789,115.21197183595942
2026-07-08 18:00:00+00:00,115.23443570147072,115.25065702094001,115.21835896928638,115.23547076488263
2026-07-08 19:00:00+00:00,115.23931340056119,115.3263827531367,115.22919051859401,115.26946319397827
2026-07-08 20:00:00+00:00,115.2650661163451,115.32197639075433,115.2650661163451,115.29043561810306
2026-07-08 21:00:00+00:00,115.32046026405824,115.36688816626618,115.23721403295652,115.23721403295652
2026-07-08 22:00:00+00:00,115.24821693383245,115.27389326779115,115.24821693383245,115.26670104476466
2026-07-08 23:00:00+00:00,115.26599464549366,115.27505987241358,115.24974746226076,115.26125413287377
2026-07-09 00:00:00+00:00,115.24185629207858,115.24266561124045,115.17686796025961,115.23272413744381
2026-07-09 01:00:00+00:00,115.23419832654922,115.30416840379613,115.21456436931092,115.24011449167828
2026-07-09 02:00:00+00:00,115.24478588744176,115.25985498438197,115.2220142004311,115.23703865966644
2026-07-09 03:00:00+00:00,115.22774488051004,115.25333898664418,115.21024851084289,115.21709945239373
2026-07-09 04:00:00+00:00,115.2178060413356,115.22519466938019,115.18195883936343,115.22017201048754
2026-07-09 05:00:00+00:00,115.22173928407378,115.22342914084213,115.1728865301855,115.1728865301855
2026-07-09 06:00:00+00:00,115.15669716991147,115.20045252068176,115.12220283055541,115.15466395227203
2026-07-09 07:00:00+00:00,115.15560613235901,115.16395469607808,115.01796339561129,115.04514744399826
2026-07-09 08:00:00+00:00,115.03755682941303,115.04193612154431,114.9610133013444,114.99714279667306
2026-07-09 09:00:00+00:00,115.00469139112107,115.0946460217606,114.99696631908694,115.09058303562615
2026-07-09 10:00:00+00:00,115.09234157912586,115.16762695588332,115.08269859310046,115.16392574442706
2026-07-09 11:00:00+00:00,115.14854141368517,115.16364791865281,115.10378070899776,115.16266391735118
2026-07-09 12:00:00+00:00,115.17300317119523,115.19934435032057,115.12532655510854,115.12532655510854
2026-07-09 13:00:00+00:00,115.12250229471172,115.13717735955663,115.01387035978244,115.02742462639698
2026-07-09 14:00:00+00:00,115.04434151438994,115.13766652068895,115.03208907277067,115.11301031219112
2026-07-09 15:00:00+00:00,115.12476251686233,115.17680479393987,115.09108639427912,115.11900723654469
2026-07-09 16:00:00+00:00,115.11526013031263,115.15995419782595,115.10943385559126,115.13532612536228
2026-07-09 17:00:00+00:00,115.13508929391742,115.14365480439636,115.10192545486677,115.11341954632195
2026-07-09 18:00:00+00:00,115.10931162646105,115.15894493630202,115.10736467246544,115.12629384957799
2026-07-09 19:00:00+00:00,115.11957328058229,115.14642105411869,115.10624169986733,115.12204424103747
2026-07-09 20:00:00+00:00,115.1186608278007,115.16695163136414,115.10530702188086,115.13851893198064
2026-07-09 21:00:00+00:00,115.17299876303247,115.18572185898577,115.10832020682214,115.13849936066363
2026-07-09 22:00:00+00:00,115.17615559056465,115.17615559056465,115.12595543876019,115.13252705643009
2026-07-09 23:00:00+00:00,115.13616615449837,115.16320474777461,115.12811636795227,115.15819520397936
2026-07-10 00:00:00+00:00,115.11662404814732,115.16716230248163,114.87829356553222,114.98568651705263
2026-07-10 01:00:00+00:00,114.96741450725942,114.99452238753238,114.79333875472912,114.83813013248091
2026-07-10 02:00:00+00:00,114.84407602045523,114.84407602045523,114.64075883060815,114.74996636953873
2026-07-10 03:00:00+00:00,114.7370358832027,114.77147226233978,114.66201340761567,114.71801439113621
2026-07-10 04:00:00+00:00,114.71807569862057,114.78552989851137,114.70923199898151,114.73412530052342
2026-07-10 05:00:00+00:00,114.74038509132319,114.74038509132319,114.61795663883852,114.65297265202555
2026-07-10 06:00:00+00:00,114.63897411245753,114.70918926563672,114.5447476318395,114.6975632522028
2026-07-10 07:00:00+00:00,114.69072347164595,114.77573118841985,114.68247798617699,114.70658902676897
2026-07-10 08:00:00+00:00,114.69104220256114,114.710848906631,114.5963742210794,114.66488636443933
2026-07-10 09:00:00+00:00,114.66257842084451,114.77609093413787,114.65715194121609,114.75558067250648
2026-07-10 10:00:00+00:00,114.74723069967236,114.77170740670083,114.72070098576138,114.75757383026999
2026-07-10 11:00:00+00:00,114.75360024873174,114.89983098910281,114.7054252613734,114.87915941906026
2026-07-10 12:00:00+00:00,114.86998571893172,114.96550504157099,114.85721563410992,114.93981189891524
2026-07-10 13:00:00+00:00,114.92584835706012,114.93661752638592,114.75925323987067,114.76741063225307
2026-07-10 14:00:00+00:00,114.78256567555549,114.92066411527941,114.74683678443522,114.91285156471066
2026-07-10 15:00:00+00:00,114.90655990493315,114.90917068268843,114.64663272603696,114.69467541113659
2026-07-10 16:00:00+00:00,114.70779864593085,114.90452090333024,114.69840437963451,114.90340321186105
2026-07-10 17:00:00+00:00,114.89455184534283,114.89455184534283,114.80878417602348,114.8313270916928
2026-07-10 18:00:00+00:00,114.83213972315808,114.85435725454417,114.80231982459877,114.80873698506127
2026-07-10 19:00:00+00:00,114.80512131286709,114.82099664766551,114.77676109123321,114.80533438927479
2026-07-10 20:00:00+00:00,114.82489887131919,114.85041298331802,114.76293179648565,114.7985710748772
2026-07-12 21:00:00+00:00,114.79765433234077,114.80769094779136,114.70808700817483,114.77647191932923
2026-07-12 22:00:00+00:00,114.83699032969535,114.91919241885692,114.81541691110485,114.89940569151095
2026-07-12 23:00:00+00:00,114.90138993901807,114.92442390451778,114.8460255068859,114.8460255068859
2026-07-13 00:00:00+00:00,114.83505220224941,114.95233316608144,114.82507597710102,114.95233316608144
2026-07-13 01:00:00+00:00,114.96862545577902,114.97424446909706,114.89149643033875,114.92894011171622
2026-07-13 02:00:00+00:00,114.92689272886693,114.98589637547471,114.92689272886693,114.94773593039955
2026-07-13 03:00:00+00:00,114.94572131286591,114.9978434103815,114.93767136840339,114.9978434103815
2026-07-13 04:00:00+00:00,115.00159094926656,115.01145588776073,114.97874928398186,115.00640241098543
2026-07-13 05:00:00+00:00,114.99830215908787,115.16066315529021,114.97195719671,115.11565433774476
2026-07-13 06:00:00+00:00,115.13073235572793,115.19239743752932,115.08741666607769,115.110014423485
2026-07-13 07:00:00+00:00,115.11708475918454,115.22511680589,114.93179069751012,115.16612506991216
2026-07-13 08:00:00+00:00,115.17236984642851,115.24680513445371,115.16224272332728,115.21743750309933
2026-07-13 09:00:00+00:00,115.21515849123445,115.21951634153613,115.10354348826523,115.11645198524273
2026-07-13 10:00:00+00:00,115.12778206589876,115.26854437467236,115.12778206589876,115.26854437467236
2026-07-13 11:00:00+00:00,115.25852538481182,115.2986291271497,115.23182562234727,115.25404516988314
2026-07-13 12:00:00+00:00,115.25306053049212,115.2875085894831,115.22381083894558,115.24571234264438
2026-07-13 13:00:00+00:00,115.23487032721056,115.28731887650333,115.18622613325043,115.26005749161007
2026-07-13 14:00:00+00:00,115.2499893802304,115.3707244529426,115.2499893802304,115.34447724843017
2026-07-13 15:00:00+00:00,115.34731268052347,115.40276301806604,115.33902205856334,115.3420758217327
2026-07-13 16:00:00+00:00,115.35454815821915,115.37426813641174,115.31321849244826,115.37073339891454
2026-07-13 17:00:00+00:00,115.37176865212209,115.39055034507183,115.33721061866774,115.38984202480059
2026-07-13 18:00:00+00:00,115.38477871596533,115.38864393944772,115.29256918842052,115.29256918842052
2026-07-13 19:00:00+00:00,115.29953721394317,115.32943789703049,115.27352452349817,115.31534717899399
2026-07-13 20:00:00+00:00,115.32584396842033,115.33270614199533,115.29093943594258,115.32648917127166
2026-07-13 21:00:00+00:00,115.36321943209823,115.39970122413162,115.31863092036366,115.38499656663922
2026-07-13 22:00:00+00:00,115.36534624039417,115.36534624039417,115.3427022743035,115.35832313124968
2026-07-13 23:00:00+00:00,115.35761547225638,115.37345440904828,115.33361166738625,115.37132987910206
2026-07-14 00:00:00+00:00,115.36104289485434,115.38728380990152,115.31855543834575,115.35586357265238
2026-07-14 01:00:00+00:00,115.35368409129539,115.41702664041824,115.32836380883629,115.40286373872294
2026-07-14 02:00:00+00:00,115.41174470978174,115.45558909817609,115.39987108929562,115.43585637042669
2026-07-14 03:00:00+00:00,115.43880038550955,115.45733500577576,115.39682764681719,115.4217960439126
2026-07-14 04:00:00+00:00,115.41116521024261,115.45997136254748,115.40642253201713,115.4416402667632
2026-07-14 05:00:00+00:00,115.4421874778518,115.44781144781162,115.39202970963665,115.42108732166791
2026-07-14 06:00:00+00:00,115.4430630962677,115.46029315868577,115.42266346365088,115.44244777642372
2026-07-14 07:00:00+00:00,115.45274823386043,115.69845891627033,115.45274823386043,115.68049648159868
2026-07-14 08:00:00+00:00,115.68158257239035,115.74094464137316,115.64700282062412,115.73187025613345
2026-07-14 09:00:00+00:00,115.75800661145291,115.77177151552661,115.72948220202814,115.72948220202814
2026-07-14 10:00:00+00:00,115.71705881098163,115.72495200170677,115.60077244199601,115.60077244199601
2026-07-14 11:00:00+00:00,115.60529902879553,115.60529902879553,115.48744146445311,115.50044349831487
2026-07-14 12:00:00+00:00,115.48951991712448,115.66005238285048,115.4609898791478,115.63073769908497
2026-07-14 13:00:00+00:00,115.64742567490619,115.78696116850746,115.64742567490619,115.66572943730664
2026-07-14 14:00:00+00:00,115.6787082259467,115.81670098832129,115.6787082259467,115.80893616718102
2026-07-14 15:00:00+00:00,115.82205883400675,115.86945530417957,115.79044877367515,115.84283181808489
2026-07-14 16:00:00+00:00,115.84140091116188,115.91197298491105,115.8194060871795,115.88582663142988
2026-07-14 17:00:00+00:00,115.89730438251569,115.89730438251569,115.84953477942084,115.86616835735911
2026-07-14 18:00:00+00:00,115.86650720428287,115.8929410591973,115.85187926580186,115.8929410591973
2026-07-14 19:00:00+00:00,115.88840945016463,115.90468865720976,115.84215509692685,115.8986700082592
2026-07-14 20:00:00+00:00,115.89244142585606,115.99797683331687,115.8846769887882,115.9923340529066
2026-07-14 21:00:00+00:00,115.93410115600776,115.95438551505066,115.81933371298416,115.85743470740242
2026-07-14 22:00:00+00:00,115.9110161950526,115.92171213760905,115.88498284282326,115.90795825086512
2026-07-14 23:00:00+00:00,115.90053179750414,115.9426381329611,115.88941417708551,115.9387977519287
2026-07-15 00:00:00+00:00,115.91804177675867,115.95017306952705,115.89155295878025,115.91015975715784
2026-07-15 01:00:00+00:00,115.91485662162943,115.92112483342015,115.82652814000893,115.92112483342015
2026-07-15 02:00:00+00:00,115.91973148814583,115.9679201568349,115.89979331480303,115.9679201568349
2026-07-15 03:00:00+00:00,115.9594793047893,115.96538006359357,115.9395506914906,115.94740967718958
2026-07-15 04:00:00+00:00,115.95342108451347,115.99834671873563,115.94267960722286,115.97343934795319
2026-07-15 05:00:00+00:00,115.97657585774546,115.97657585774546,115.93976821876056,115.93976821876056
2026-07-15 06:00:00+00:00,115.93626916803781,115.93626916803781,115.85180859322152,115.89758560046718
2026-07-15 07:00:00+00:00,115.91972481964446,116.02617099523916,115.91972481964446,115.98760595484019
2026-07-15 08:00:00+00:00,115.99860379965959,116.04457142042914,115.98251222933484,115.9879787491633
2026-07-15 09:00:00+00:00,115.9886619377262,116.00487002584542,115.96309637370626,115.99874698314844
2026-07-15 10:00:00+00:00,115.98436799282476,115.9965545225452,115.92135039353279,115.92135039353279
2026-07-15 11:00:00+00:00,115.93723313407352,115.95198109985209,115.89654583736424,115.90435333205285
2026-07-15 12:00:00+00:00,115.90585690705231,115.96644041963731,115.87582675485395,115.90515737067409
2026-07-15 13:00:00+00:00,115.91546888132318,115.94669477702844,115.82959641255616,115.83194568976569
2026-07-15 14:00:00+00:00,115.84154187781141,115.93589743589753,115.82025829864457,115.90363505552676
2026-07-15 15:00:00+00:00,115.89767700297064,115.95111697010735,115.88863571632024,115.92376202351275
2026-07-15 16:00:00+00:00,115.92598134570314,115.96180567926758,115.8967894481954,115.94325776251488
2026-07-15 17:00:00+00:00,115.92962604036038,115.9865085533776,115.92940539153503,115.95583042650185
2026-07-15 18:00:00+00:00,115.94218407779192,115.95951954438087,115.90124407921027,115.90873451466217
2026-07-15 19:00:00+00:00,115.91320587941784,116.07667303470113,115.91320587941784,116.04519371279905
2026-07-15 20:00:00+00:00,116.04140084255859,116.04945313502657,116.00399102020464,116.01568347888086
2026-07-15 21:00:00+00:00,116.02803605042506,116.12585475881173,115.96148089013079,116.06498194945851
2026-07-15 22:00:00+00:00,116.03700903111672,116.0518487341005,115.99743242279439,116.0131791017102
2026-07-15 23:00:00+00:00,116.01646078794971,116.02661949528527,115.99474927053389,116.00530704538812
2026-07-16 00:00:00+00:00,116.01361039183381,116.02855797897382,115.96460076018516,116.0121255349501
2026-07-16 01:00:00+00:00,116.02074372088715,116.02074372088715,115.92067463627102,115.93727726300787
2026-07-16 02:00:00+00:00,115.93588299858885,115.96430836772078,115.90719614647392,115.95778040680193
2026-07-16 03:00:00+00:00,115.95732550349922,115.95732550349922,115.93755569020212,115.93954947248363
2026-07-16 04:00:00+00:00,115.94539687065618,115.97841121362066,115.93493153126184,115.94881665240952
2026-07-16 05:00:00+00:00,115.9477627367536,115.97807727120473,115.93497441452745,115.96844085868236
2026-07-16 06:00:00+00:00,115.97522646121833,116.0063312348047,115.95016819659048,116.005134422021
2026-07-16 07:00:00+00:00,115.99911579517828,115.99911579517828,115.91844302921821,115.9421426330948
2026-07-16 08:00:00+00:00,115.94650279106578,116.0251016187692,115.94527345448844,116.0251016187692
2026-07-16 09:00:00+00:00,116.0274695495907,116.05120524889462,115.98414701081343,116.05120524889462
2026-07-16 10:00:00+00:00,116.05522907514124,116.09925232578053,116.05331849886608,116.06591290080968
2026-07-16 11:00:00+00:00,116.06018019817523,116.13121913624299,116.06018019817523,116.1094658721947
2026-07-16 12:00:00+00:00,116.14312327359161,116.28307208912062,116.14312327359161,116.24254969841896
2026-07-16 13:00:00+00:00,116.24623467100665,116.36539011146047,116.2358383483606,116.31304943975896
2026-07-16 14:00:00+00:00,116.29348260695726,116.37763556368212,116.29348260695726,116.31795281658988
2026-07-16 15:00:00+00:00,116.31179358374249,116.31179358374249,116.25320970042799,116.28779770823526
2026-07-16 16:00:00+00:00,116.27950115578896,116.27950115578896,116.18181559030205,116.1894037658395
2026-07-16 17:00:00+00:00,116.19464359526222,116.19464359526222,116.11657403448771,116.1226423833038
2026-07-16 18:00:00+00:00,116.10501567398123,116.14609320427105,116.0949755294822,116.14609320427105
2026-07-16 19:00:00+00:00,116.15494835292529,116.16104014598544,116.13119334055536,116.15524430663962
2026-07-16 20:00:00+00:00,116.14505748273385,116.19599788912188,116.10882686182156,116.19599788912188
2026-07-16 21:00:00+00:00,116.21858749848424,116.23432216086643,116.18424149070452,116.20530524033356
2026-07-16 22:00:00+00:00,116.18217607120444,116.19821271922007,116.16943277535682,116.18058130579882
2026-07-16 23:00:00+00:00,116.18424149070451,116.2332196812988,116.18152516508124,116.2332196812988
2026-07-17 00:00:00+00:00,116.22481366570383,116.29528151779157,116.221960700403,116.28793013648787
2026-07-17 01:00:00+00:00,116.29232723069681,116.34323724422434,116.27500624041653,116.2899348773512
2026-07-17 02:00:00+00:00,116.2788707077336,116.28290177616094,116.19156295688768,116.20145198328369
2026-07-17 03:00:00+00:00,116.20297400420786,116.26289432007879,116.20297400420786,116.25444973141103
2026-07-17 04:00:00+00:00,116.24305372263402,116.29456800165539,116.23854192673969,116.2655329348152
2026-07-17 05:00:00+00:00,116.26908260807537,116.30701604155966,116.25766871165648,116.25766871165648
2026-07-17 06:00:00+00:00,116.25907800305339,116.29105233860956,116.1544281390967,116.2048171275647
2026-07-17 07:00:00+00:00,116.2096382790419,116.24247702950649,116.13372819067331,116.24090847447953
2026-07-17 08:00:00+00:00,116.24586875673671,116.31288185919036,116.21255156073823,116.29616413916148
2026-07-17 09:00:00+00:00,116.30625615552607,116.34071832353112,116.27795777964917,116.27795777964917
2026-07-17 10:00:00+00:00,116.2719507931185,116.33985995017598,116.21718011084407,116.22167217114043
2026-07-17 11:00:00+00:00,116.2091988130564,116.34113420983098,116.18413826061528,116.31614266541023
2026-07-17 12:00:00+00:00,116.32418461186955,116.36216953315203,116.29987079457769,116.35931375698776
2026-07-17 13:00:00+00:00,116.38222818868627,116.4871452158189,116.36372726168968,116.4453465601281
2026-07-17 14:00:00+00:00,116.45687245798759,116.48750643261481,116.4074611191679,116.461222943955
2026-07-17 15:00:00+00:00,116.45933219483965,116.49593606359332,116.41466985680108,116.45709794956066
2026-07-17 16:00:00+00:00,116.45745965293308,116.57515835227844,116.45745965293308,116.49965692721142
2026-07-17 17:00:00+00:00,116.50275879813607,116.50275879813607,116.46197263601618,116.46745304250291
2026-07-17 18:00:00+00:00,116.46127578102121,116.50822695238234,116.45636548107291,116.4984849351095
2026-07-17 19:00:00+00:00,116.48311595497591,116.52324933175149,116.43289721761985,116.46369353916526
2026-07-17 20:00:00+00:00,116.45724333133204,116.48726305858138,116.36823347070548,116.36823347070548
2026-07-19 21:00:00+00:00,116.36075361739206,116.42613206064333,116.31562783455827,116.34454681808444
2026-07-19 22:00:00+00:00,116.34858916277244,116.34858916277244,116.27346207900239,116.3178811727184
2026-07-19 23:00:00+00:00,116.32060393298514,116.34521388561848,116.31261324240654,116.3265597351447
2026-07-20 00:00:00+00:00,116.33619920801969,116.3476498379937,116.24337944522964,116.25690666895106
2026-07-20 01:00:00+00:00,116.24888444650699,116.31816493844089,116.24888444650699,116.31816493844089
2026-07-20 02:00:00+00:00,116.31960809517689,116.32658891420328,116.29748643244788,116.32078840248518
2026-07-20 03:00:00+00:00,116.31663512693257,116.33444510309464,116.30082403850275,116.33183593889491
2026-07-20 04:00:00+00:00,116.33491175819388,116.34488325083393,116.3183532369579,116.3183532369579
2026-07-20 05:00:00+00:00,116.31335352265586,116.31335352265586,116.27649624822408,116.29921034970229
2026-07-20 06:00:00+00:00,116.3078944174324,116.35241686664382,116.29848060775691,116.33654175711186
2026-07-20 07:00:00+00:00,116.33498282670323,116.3913232909783,116.25780664501625,116.25780664501625
2026-07-20 08:00:00+00:00,116.2719147964137,116.27335931588792,116.16719917841046,116.1982280178625
2026-07-20 09:00:00+00:00,116.1970323869311,116.20480337820005,116.12974498595926,116.16332292424178
2026-07-20 10:00:00+00:00,116.17151127556879,116.22317657801622,116.16760063310092,116.19370252826018
2026-07-20 11:00:00+00:00,116.19474202245269,116.24284715384506,116.06661820669602,116.07121221839746
2026-07-20 12:00:00+00:00,116.09633710860379,116.14561424772388,115.98721307740504,116.03683550794827
2026-07-20 13:00:00+00:00,116.03552529432294,116.11067182413325,115.99068793917262,116.11067182413325
2026-07-20 14:00:00+00:00,116.10984470722327,116.17972885364794,116.02040888939493,116.02040888939493
2026-07-20 15:00:00+00:00,116.03236503892629,116.06077859227102,115.97846495220756,116.02837283095116
2026-07-20 16:00:00+00:00,116.02646650777277,116.07873847577689,116.01838478559385,116.02018088793061
2026-07-20 17:00:00+00:00,116.00779965698591,116.01380684648781,115.96308603060987,115.98420153714775
2026-07-20 18:00:00+00:00,115.98405864142619,116.00751419585298,115.9527536644372,115.99214480874318
2026-07-20 19:00:00+00:00,115.99553129869855,115.99553129869855,115.92355781882321,115.95072826581703
2026-07-20 20:00:00+00:00,115.94614202799592,115.94614202799592,115.89002332063023,115.89002332063023
2026-07-20 21:00:00+00:00,115.89367239834452,115.89378542322984,115.77650250713789,115.79882077147121
2026-07-20 22:00:00+00:00,115.80297078233444,115.84134495818324,115.77754891864058,115.83722946183688
2026-07-20 23:00:00+00:00,115.83924853807403,115.88387087601566,115.82470051583752,115.88173824029118
2026-07-21 00:00:00+00:00,115.85906841835866,115.89568258391029,115.84520053437936,115.89043432527133
2026-07-21 01:00:00+00:00,115.87588128269276,115.88707327301287,115.84861407249468,115.8691125151918
2026-07-21 02:00:00+00:00,115.87345586876484,115.89812122806146,115.80809480167952,115.8113100312589
2026-07-21 03:00:00+00:00,115.81344131855643,115.85548709858514,115.80177619893429,115.81609816055531
2026-07-21 04:00:00+00:00,115.81763151163783,115.88293418068855,115.81602563647088,115.88102736171635
2026-07-21 05:00:00+00:00,115.88761792368996,115.92812753309917,115.88091446769792,115.89970354677492
2026-07-21 06:00:00+00:00,115.9009796812126,115.98312848526233,115.8523413628935,115.97211849639035
2026-07-21 07:00:00+00:00,115.98070876783657,116.03719222861697,115.98070876783657,116.01413869864231
2026-07-21 08:00:00+00:00,116.02216231978892,116.07188575654995,116.01018325593965,116.06573931842749
2026-07-21 09:00:00+00:00,116.06966341675025,116.14395411231382,116.05905864614598,116.12894043976377
2026-07-21 10:00:00+00:00,116.13203922182532,116.14994804344423,116.09752280132611,116.09752280132611
2026-07-21 11:00:00+00:00,116.11335629108918,116.14932020461451,116.0743105372797,116.10058599305913
2026-07-21 12:00:00+00:00,116.08168837817851,116.08953483411312,115.98999737146836,116.01486714091804
2026-07-21 13:00:00+00:00,116.03795039442826,116.07023625179357,115.94663864651298,116.0124964498722
2026-07-21 14:00:00+00:00,116.03403094884706,116.12829877641508,116.00780418588154,116.09202745774503
2026-07-21 15:00:00+00:00,116.06879223212765,116.0906077191189,115.98782339667629,116.03882696032869
2026-07-21 16:00:00+00:00,116.02602304330553,116.03349180444192,115.96677990624048,116.0270191645913
2026-07-21 17:00:00+00:00,116.02611410729493,116.02611410729493,115.97863935832974,116.01418691257315
2026-07-21 18:00:00+00:00,116.003149137179,116.10343751772649,115.98164773291354,116.08179877897453
2026-07-21 19:00:00+00:00,116.07589820677724,116.10949578044111,116.063149537083,116.10773474786014
2026-07-21 20:00:00+00:00,116.1164731829432,116.13182324281775,116.05720890325966,116.05720890325966
2026-07-21 21:00:00+00:00,116.06076509553057,116.09540222548458,116.0458026091889,116.05663962788589
2026-07-21 22:00:00+00:00,116.07950758059255,116.09862990383797,116.0659340659341,116.07761951689864
2026-07-21 23:00:00+00:00,116.07458083726208,116.10407477271761,116.06777017686883,116.09743989787957
2026-07-22 00:00:00+00:00,116.07011174768849,116.0948558299176,116.02068466525743,116.06538775220737
2026-07-22 01:00:00+00:00,116.0907962404682,116.11685750365359,116.08059803114983,116.08213057200611
2026-07-22 02:00:00+00:00,116.08567679704954,116.095125289908,116.02405451979605,116.05202689285413
2026-07-22 03:00:00+00:00,116.07489892900206,116.08789400516356,116.05347138500815,116.07733004269323
2026-07-22 04:00:00+00:00,116.07829231969363,116.09158724756071,116.06472978435224,116.08938626725106
2026-07-22 05:00:00+00:00,116.08419380460684,116.0940081838748,116.03923459907234,116.04698338842157
2026-07-22 06:00:00+00:00,116.04999574383567,116.11156837145941,116.0408878421803,116.08792518696167
2026-07-22 07:00:00+00:00,116.09657804928236,116.22433543786885,116.0222916370865,116.05279225297114
2026-07-22 08:00:00+00:00,116.0195932275583,116.1365878586993,116.0195932275583,116.02813422666364
2026-07-22 09:00:00+00:00,116.04014650350646,116.0764721745178,116.02341255764458,116.06747473600545
2026-07-22 10:00:00+00:00,116.05378938404769,116.06120175146016,115.99852469713734,116.01379055942567
2026-07-22 11:00:00+00:00,116.01285398104535,116.14261272070259,116.008456119691,116.14261272070259
2026-07-22 12:00:00+00:00,116.14989740349186,116.19924416787431,116.14989740349186,116.15472531216949
2026-07-22 13:00:00+00:00,116.15587218424099,116.21106934506258,116.12612420764215,116.13455162474354
2026-07-22 14:00:00+00:00,116.15054145215694,116.2310397499201,116.15054145215694,116.22028565543792
2026-07-22 15:00:00+00:00,116.20658063874664,116.2276401972067,116.18650627392222,116.18669526372979
2026-07-22 16:00:00+00:00,116.18669526372979,116.19013124254305,116.12241566534422,116.14343409966855
2026-07-22 17:00:00+00:00,116.15261756876666,116.18971894278758,116.14521967492371,116.1819717630023
2026-07-22 18:00:00+00:00,116.1827022039252,116.2218592429515,116.17749378771745,116.21984390202333
2026-07-22 19:00:00+00:00,116.21972871244941,116.2438386908905,116.20548869244152,116.2438386908905
2026-07-22 20:00:00+00:00,116.24278236660253,116.2754681594726,116.21763644885033,116.21763644885033
2026-07-22 21:00:00+00:00,116.1741835147745,116.25986797694922,116.1741835147745,116.22988669058357
2026-07-22 22:00:00+00:00,116.22089967757051,116.22089967757051,116.1768151961654,116.19882833303743
2026-07-22 23:00:00+00:00,116.19550783607788,116.20777081010445,116.187946913589,116.19379718337862
2026-07-23 00:00:00+00:00,116.18951569946233,116.23729463657862,116.18951569946233,116.22224590571597
2026-07-23 01:00:00+00:00,116.24203142656116,116.26898664449037,116.22009637389657,116.26852411244178
2026-07-23 02:00:00+00:00,116.2765738167499,116.35135135135133,116.26768071646877,116.35135135135133
2026-07-23 03:00:00+00:00,116.35454526056739,116.36375276534898,116.32583406809061,116.33805621941497
2026-07-23 04:00:00+00:00,116.33853507262042,116.37367406321806,116.33534143687272,116.35691169671745
2026-07-23 05:00:00+00:00,116.3597436499299,116.38653967892677,116.3291283261985,116.38653967892677
2026-07-23 06:00:00+00:00,116.40463825851884,116.43030462595969,116.34771972493043,116.36904126929939
2026-07-23 07:00:00+00:00,116.38361425218689,116.53455985327254,116.38361425218689,116.4903374429418
2026-07-23 08:00:00+00:00,116.480508492652,116.52227063062801,116.45535435085422,116.45535435085422
2026-07-23 09:00:00+00:00,116.46211028277813,116.46493578490248,116.42096438441806,116.43080420574023
2026-07-23 10:00:00+00:00,116.43187485347708,116.43187485347708,116.38049791941825,116.41321410053337
2026-07-23 11:00:00+00:00,116.41675486386848,116.54369207825866,116.40659957243403,116.53628347508507
2026-07-23 12:00:00+00:00,116.53191428896211,116.6339897138635,116.51203432695856,116.63316261658339
2026-07-23 13:00:00+00:00,116.65636566427251,116.87843772651681,116.654121991053,116.86857418946853
2026-07-23 14:00:00+00:00,116.85462724113667,116.87108281341041,116.75920535067661,116.78301813094328
2026-07-23 15:00:00+00:00,116.77779434633486,116.77779434633486,116.65755641846559,116.68489220893568
2026-07-23 16:00:00+00:00,116.67637034933253,116.75052232123817,116.64914847378658,116.75052232123817
2026-07-23 17:00:00+00:00,116.74649308565822,116.77549077422606,116.72458268488707,116.77003630370066
2026-07-23 18:00:00+00:00,116.77205297260426,116.78486661644943,116.7263350807654,116.78428529802639
2026-07-23 19:00:00+00:00,116.77764591342901,116.78357461143206,116.73521576984542,116.7372249293233
2026-07-23 20:00:00+00:00,116.72680522211013,116.75722900551894,116.68690225147503,116.73710304072046
2026-07-23 21:00:00+00:00,116.76543315143243,116.82100191171972,116.73144286313149,116.75655318937272
2026-07-23 22:00:00+00:00,116.75712154578386,116.76978923215714,116.74077020327566,116.76635221912824
2026-07-23 23:00:00+00:00,116.7562806753368,116.75888766558931,116.73318939802841,116.73898993629395
2026-07-24 00:00:00+00:00,116.76940995994428,116.87998806063487,116.76940995994428,116.8434598376157
2026-07-24 01:00:00+00:00,116.86943166546968,116.87154730503158,116.7908590605935,116.80042651501685
2026-07-24 02:00:00+00:00,116.80089278733033,116.80206978413683,116.74340936545153,116.75157923159453
2026-07-24 03:00:00+00:00,116.75181729682863,116.81067561037999,116.75181729682863,116.78475237533482
2026-07-24 04:00:00+00:00,116.78795286893977,116.79956222639149,116.75166927120326,116.7588994579695
2026-07-24 05:00:00+00:00,116.76043931062895,116.7951733596742,116.74860049444455,116.7613797806444
2026-07-24 06:00:00+00:00,116.75794707867156,116.79519528057142,116.72514702957633,116.7711442786069
2026-07-24 07:00:00+00:00,116.77624330990166,116.79946548770688,116.7343282308693,116.76296470019682
2026-07-24 08:00:00+00:00,116.76154332700817,116.7854630215254,116.71770749696238,116.71770749696238
2026-07-24 09:00:00+00:00,116.72599381860806,116.7340529094513,116.65814333404357,116.67483712371485
2026-07-24 10:00:00+00:00,116.68099497680231,116.77195176544987,116.67152123102274,116.75986783671435
2026-07-24 11:00:00+00:00,116.75998294727862,116.75998294727862,116.67790977582422,116.69317616985015
2026-07-24 12:00:00+00:00,116.68927027046213,116.7215885686689,116.573884306898,116.573884306898
2026-07-24 13:00:00+00:00,116.55936241420383,116.6401725899852,116.52360667125018,116.59594397059446
2026-07-24 14:00:00+00:00,116.6170990524186,116.70834280518292,116.6000808963887,116.70834280518292
2026-07-24 15:00:00+00:00,116.71402793367523,116.72837093622311,116.64997265022835,116.6931919912466
2026-07-24 16:00:00+00:00,116.69922776905531,116.71782846585656,116.66548315628013,116.69886363636361
2026-07-24 17:00:00+00:00,116.6956645243759,116.6956645243759,116.61734965407129,116.61900470469685
2026-07-24 18:00:00+00:00,116.6214873687198,116.65495681548816,116.61203116352327,116.64868854320423
2026-07-24 19:00:00+00:00,116.63662427614393,116.64715107903453,116.60057461071892,116.61854324368419
2026-07-24 20:00:00+00:00,116.6068439122662,116.68240254992293,116.59573260696854,116.67447539540558
2026-07-26 21:00:00+00:00,116.68370389300617,116.79820417557588,116.62064804627884,116.76635646799738
2026-07-26 22:00:00+00:00,116.70701319721992,116.75398617086219,116.69683611247166,116.7324399523025
2026-07-26 23:00:00+00:00,116.73197047132307,116.75032124779025,116.7054780904779,116.70595084271653
2026-07-27 00:00:00+00:00,116.72040109078509,116.77048190631764,116.69566328885601,116.76172077530053
2026-07-27 01:00:00+00:00,116.7642087020753,116.77749833042039,116.72349130583015,116.73655631210107
2026-07-27 02:00:00+00:00,116.7324107834566,116.7576209763376,116.71663848350924,116.7501403067567
2026-07-27 03:00:00+00:00,116.74481386757594,116.74481386757594,116.70880322699766,116.71413048881814
2026-07-27 04:00:00+00:00,116.70051554444613,116.70513211995535,116.6835883417941,116.70513211995535
2026-07-27 05:00:00+00:00,116.71152139179829,116.7251445374092,116.68643002705328,116.69956545201505
2026-07-27 06:00:00+00:00,116.70015834581869,116.70015834581869,116.54479300390796,116.55220852192907
2026-07-27 07:00:00+00:00,116.5416841074684,116.56307207629098,116.43830756458736,116.54996772156832
2026-07-27 08:00:00+00:00,116.56165297231324,116.5843411116788,116.53567324471173,116.53567324471173
2026-07-27 09:00:00+00:00,116.54052136903702,116.56478263952907,116.47699474591047,116.48918068120582
2026-07-27 10:00:00+00:00,116.49142460100815,116.53641031460094,116.49131513647639,116.5223926097652
2026-07-27 11:00:00+00:00,116.52947640823845,116.58427603815733,116.5233480550967,116.55194413922653
2026-07-27 12:00:00+00:00,116.55985026798622,116.60864324458463,116.55216907359744,116.57829446374136
2026-07-27 13:00:00+00:00,116.57274499379756,116.68073335933894,116.53909937492021,116.68073335933894
2026-07-27 14:00:00+00:00,116.66713941284921,116.66713941284921,116.54222159251907,116.54986217305955
2026-07-27 15:00:00+00:00,116.5626129414015,116.58100875482927,116.52836927175964,116.56579544166
2026-07-27 16:00:00+00:00,116.54985720663575,116.54985720663575,116.49716873489572,116.52008759310307
2026-07-27 17:00:00+00:00,116.52009382551564,116.52544774427564,116.49240621103928,116.50305966343697
2026-07-27 18:00:00+00:00,116.49185923811814,116.50605736619623,116.46842254318885,116.50605736619623
2026-07-27 19:00:00+00:00,116.5063875591309,116.51262438471612,116.47711983231119,116.50424929178466
2026-07-27 20:00:00+00:00,116.50189790946682,116.50425619307957,116.47619452233262,116.47924426756548
2026-07-27 21:00:00+00:00,116.50313485175865,116.50313485175865,116.46458064790286,116.48922229069707
2026-07-27 22:00:00+00:00,116.48867611857848,116.52065524543372,116.48867611857848,116.50591317895329
2026-07-27 23:00:00+00:00,116.48738412729882,116.51053947079602,116.4816414380991,116.51053947079602
2026-07-28 00:00:00+00:00,116.49971328854494,116.56431288382663,116.49272858579131,116.5488318054945
2026-07-28 01:00:00+00:00,116.55189514700668,116.58576338447361,116.52360515021455,116.5302133204906
2026-07-28 02:00:00+00:00,116.55062506640219,116.56973243317908,116.50620248949717,116.52899002493758
2026-07-28 03:00:00+00:00,116.53240947381094,116.57892685830073,116.51553578259816,116.57326257766941
2026-07-28 04:00:00+00:00,116.56075322522365,116.57904805089905,116.52913635687517,116.54258371172135
2026-07-28 05:00:00+00:00,116.54070364572628,116.54682884325206,116.47962615498986,116.53809372011472
2026-07-28 06:00:00+00:00,116.52924175450521,116.54879673460128,116.48040340514733,116.483127368011
2026-07-28 07:00:00+00:00,116.48301844035913,116.61114733648962,116.48301844035913,116.56761141059874
2026-07-28 08:00:00+00:00,116.5756345681111,116.65532686964897,116.57079708707597,116.65532686964897
2026-07-28 09:00:00+00:00,116.66643039410259,116.68261562998399,116.64588351990926,116.65332322538131
2026-07-28 10:00:00+00:00,116.66029020007929,116.76012505228229,116.64671252576912,116.75480258027925
2026-07-28 11:00:00+00:00,116.74109041422125,116.78472414257651,116.7039882082825,116.76036268511753
2026-07-28 12:00:00+00:00,116.75102434321519,116.75634672508271,116.64860116327667,116.67540639748289
2026-07-28 13:00:00+00:00,116.68272978527385,116.76477263056364,116.68272978527385,116.76041851392085
2026-07-28 14:00:00+00:00,116.7574622630802,116.77863299400555,116.70813926285113,116.73733620738551
2026-07-28 15:00:00+00:00,116.72646566639244,116.77209573101028,116.68618308529734,116.68618308529734
2026-07-28 16:00:00+00:00,116.6987231807632,116.79398526133438,116.6987231807632,116.78805690433592
2026-07-28 17:00:00+00:00,116.7841550420615,116.7841550420615,116.67718400136131,116.6892375759552
2026-07-28 18:00:00+00:00,116.68758286715017,116.73545221177434,116.65378752968695,116.72823443493547
2026-07-28 19:00:00+00:00,116.73651144816237,116.73651144816237,116.68474062103519,116.68474062103519
2026-07-28 20:00:00+00:00,116.68887502835106,116.7213765624224,116.68544860482089,116.70766896610392
2026-07-28 21:00:00+00:00,116.71076431991483,116.78040406333349,116.71005497428617,116.73285582582791
2026-07-28 22:00:00+00:00,116.73473728993824,116.77977520121968,116.73284737782562,116.74655057502228
2026-07-28 23:00:00+00:00,116.74489506522966,116.76144017924243,116.7375645170438,116.74867068415449
2026-07-29 00:00:00+00:00,116.72904616082562,116.75043776008616,116.6416100529025,116.6778963793042
2026-07-29 01:00:00+00:00,116.68475446697728,116.73714083008153,116.68132117481879,116.71218494846377
2026-07-29 02:00:00+00:00,116.71017165555394,116.74519933578387,116.68830109448918,116.72153012287518
2026-07-29 03:00:00+00:00,116.7333645536208,116.74069764141566,116.6665483836627,116.68760156976285
2026-07-29 04:00:00+00:00,116.66997828524383,116.68535498339335,116.48577857594101,116.56930731721161
2026-07-29 05:00:00+00:00,116.58302871136029,116.610005890828,116.52756486685966,116.610005890828
2026-07-29 06:00:00+00:00,116.61650078798286,116.69127774070334,116.55740496360303,116.5861445142066
2026-07-29 07:00:00+00:00,116.57787771953093,116.72769333390097,116.57787771953093,116.70959364822573
2026-07-29 08:00:00+00:00,116.72023898219692,116.7245013092627,116.6153540570066,116.6153540570066
2026-07-29 09:00:00+00:00,116.63096217688613,116.63367601047182,116.57172449508022,116.59302861600645
2026-07-29 10:00:00+00:00,116.59977023557937,116.65413640490233,116.56055019852516,116.6468059752308
2026-07-29 11:00:00+00:00,116.65484365246007,116.69019930608272,116.64042106457832,116.64042106457832
2026-07-29 12:00:00+00:00,116.64018612041076,116.82340499528004,116.6140777559543,116.80351427496782
2026-07-29 13:00:00+00:00,116.79273934886884,116.87583899767739,116.73417272566051,116.87122664961993
2026-07-29 14:00:00+00:00,116.8669649833084,116.89695591944012,116.82679344355348,116.87650816181683
2026-07-29 15:00:00+00:00,116.87260906903617,116.88993007489435,116.84692356823498,116.888399829618
2026-07-29 16:00:00+00:00,116.89749905939638,116.89997870376936,116.82060012768667,116.85327883974053
2026-07-29 17:00:00+00:00,116.85150889442345,116.85484958377386,116.76221017680271,116.79406107834572
2026-07-29 18:00:00+00:00,116.78443973668116,116.91238266170954,116.78443973668116,116.89615135304545
2026-07-29 19:00:00+00:00,116.90782021415284,117.03554804724526,116.89177649369496,116.89326190425368
2026-07-29 20:00:00+00:00,116.92034012879347,116.99605587276268,116.90044572291123,116.90044572291123
2026-07-29 21:00:00+00:00,116.85381257876854,116.97988202775475,116.85155649226732,116.94780031912458
2026-07-29 22:00:00+00:00,116.9407391053534,116.98958585613941,116.94018262888717,116.95684385997397
2026-07-29 23:00:00+00:00,116.940700424586,116.96709748208092,116.91908758032105,116.93234047101568
2026-07-30 00:00:00+00:00,116.89944134078202,117.0091381115518,116.89243595681752,117.00318355660951
2026-07-30 01:00:00+00:00,116.98824099200151,117.00703523313099,116.94156338760072,116.95890196413434
2026-07-30 02:00:00+00:00,116.9485974654705,116.96032576582722,116.92873870859809,116.94786149552927
2026-07-30 03:00:00+00:00,116.9558129435968,116.9857123534394,116.9328550483266,116.93488117183986
2026-07-30 04:00:00+00:00,116.93845157341029,116.95460596094836,116.8908340449757,116.90387407133291
2026-07-30 05:00:00+00:00,116.92084344465863,116.97695445710899,116.91576280354134,116.95943060498209
2026-07-30 06:00:00+00:00,116.96405058966702,117.02168544363695,116.95208281455648,117.01632531063625
2026-07-30 07:00:00+00:00,117.01955034908785,117.01955034908785,116.9318642548741,116.98118573927377
2026-07-30 08:00:00+00:00,116.97679875425725,117.02177625960707,116.92646849665756,117.00035574528627
2026-07-30 09:00:00+00:00,116.99349660599673,116.99349660599673,116.81119179837668,116.8406362587755
2026-07-30 10:00:00+00:00,116.8193889683946,116.82114585113038,116.41454985927527,116.52731286945368
2026-07-30 11:00:00+00:00,116.5488994942659,116.64447498273312,116.4959906567346,116.58333333333326
2026-07-30 12:00:00+00:00,116.61407170486025,116.63602941176461,116.42234167526958,116.52564987511286
2026-07-30 13:00:00+00:00,116.50524128409671,116.56079531697301,114.6078886310904,114.6078886310904
2026-07-30 14:00:00+00:00,114.61279172736872,114.67354466776534,113.3766827026023,114.21609549699954
2026-07-30 15:00:00+00:00,114.26175813668043,114.465395328905,114.10002926501964,114.465395328905
2026-07-30 16:00:00+00:00,114.49685332418969,114.6590348789846,114.42410733421913,114.60803441893032
2026-07-30 17:00:00+00:00,114.65618298784835,114.73475161092132,113.86113850419463,114.19341928475446
2026-07-30 18:00:00+00:00,114.21914753723438,114.24182011761587,114.09866996376518,114.12409593779469
2026-07-30 19:00:00+00:00,114.19486226731922,114.43907944172214,114.18710341279359,114.38336595191485
2026-07-30 20:00:00+00:00,114.37142000085696,114.50447620543417,114.37142000085696,114.42593927798909
2026-07-30 21:00:00+00:00,114.43943050537644,114.45673046035664,114.3281408398417,114.45366034719038
2026-07-30 22:00:00+00:00,114.46971968755791,114.58395807451188,114.40457061239054,114.51677401848059
2026-07-30 23:00:00+00:00,114.47628705482423,114.86026341150006,114.47628705482423,114.84889149024247
2026-07-31 00:00:00+00:00,114.85330858733658,115.1866206985159,114.85330858733658,115.07254030215006
2026-07-31 01:00:00+00:00,115.10519254374684,115.1922034188521,115.00727989037333,115.18999985730379
2026-07-31 02:00:00+00:00,115.16474734934418,115.16474734934418,115.02978844850331,115.0361401080278
2026-07-31 03:00:00+00:00,115.03496004566199,115.224291532629,115.03496004566199,115.09145906457769
2026-07-31 04:00:00+00:00,115.0929935578685,115.21000970153501,115.07545217794573,115.13597192101349
2026-07-31 05:00:00+00:00,115.11924039977445,115.17077555213139,115.061848168809,115.07090680819483
2026-07-31 06:00:00+00:00,115.06984176808811,115.06984176808811,114.7363613006365,114.89577312009807
2026-07-31 07:00:00+00:00,114.94019070457911,115.09872904639218,114.78411595608836,114.78411595608836
2026-07-31 08:00:00+00:00,114.84688746067854,114.96668996704649,113.80186766427725,113.96670378937138
2026-07-31 09:00:00+00:00,113.83976066203495,114.72183369965452,113.8341783903448,114.6937289913716
2026-07-31 10:00:00+00:00,114.65584906737442,114.7661110793994,114.58082187872249,114.62268188302417
2026-07-31 11:00:00+00:00,114.63021476002642,114.75000713042974,114.62553746764488,114.6634649641589
2026-07-31 12:00:00+00:00,114.66864272125507,114.7800937468833,114.62546029530114,114.77623319344185
2026-07-31 13:00:00+00:00,114.7854959493255,114.86617450047024,114.01061280383419,114.1202450491522
2026-07-31 14:00:00+00:00,114.07010121298877,114.21534030555131,113.77114569607167,114.01789214812692
2026-07-31 15:00:00+00:00,113.96468013203948,114.13937639896768,113.81668556432679,113.97124343282404
2026-07-31 16:00:00+00:00,113.96877450630912,114.11381441535195,113.96877450630912,114.11381441535195
2026-07-31 17:00:00+00:00,114.0883426485684,114.23681433094666,113.37338737298768,113.59044602345678
2026-07-31 18:00:00+00:00,113.65231783354962,113.98851763363396,113.50784443826106,113.8659209108873
2026-07-31 19:00:00+00:00,113.88133718648531,114.1324903126359,113.88133718648531,114.07778419914798
2026-07-31 20:00:00+00:00,114.05916720764154,114.074126921842,112.90506780870797,112.90506780870797
2026-08-02 21:00:00+00:00,112.91688081777161,113.2150886834873,112.91688081777161,113.1648822269806
2026-08-02 22:00:00+00:00,112.88290601948937,113.08861301369849,112.78449223041895,113.01009668557552
2026-08-02 23:00:00+00:00,112.98341753003953,113.3743285370846,112.88027968036516,113.18656231941945
2026-08-03 00:00:00+00:00,113.24774437430888,113.37446504992853,111.59103881278526,112.07666091519661
2026-08-03 01:00:00+00:00,112.14901306644411,112.25153055042784,111.63440630235613,112.16646598220188
2026-08-03 02:00:00+00:00,112.18499070201551,112.33063102853792,112.09998646135416,112.24690443282358
2026-08-03 03:00:00+00:00,112.27024023253813,112.32047190242777,112.22652047845988,112.26109318345324
2026-08-03 04:00:00+00:00,112.26446681341841,112.27987690203442,112.17272358100057,112.2239477958566
2026-08-03 05:00:00+00:00,112.23051823143001,112.2545806856067,112.1745510496284,112.21441500505952
2026-08-03 06:00:00+00:00,112.2473559679579,112.43947248490359,112.20016247879923,112.40475139223186
2026-08-03 07:00:00+00:00,112.38480493398082,112.39031963990642,112.21247382888707,112.37496529285697
2026-08-03 08:00:00+00:00,112.34311261719823,112.52856786871229,112.32481627072282,112.52856786871229
2026-08-03 09:00:00+00:00,112.5160206203183,112.64999750745969,112.47009910012518,112.59771326052585
2026-08-03 10:00:00+00:00,112.5880996112937,112.5880996112937,112.34194338440491,112.39464692482902
2026-08-03 11:00:00+00:00,112.38173883949216,112.5773709889952,112.35235449170038,112.39783084279298
2026-08-03 12:00:00+00:00,112.38206538779453,112.46537593369257,112.35429906808389,112.43181656341226
2026-08-03 13:00:00+00:00,112.43474978813697,112.45593670552533,112.0409717625117,112.15942018667356
2026-08-03 14:00:00+00:00,112.20557354877732,112.37280048992716,112.15053763440847,112.27065527065515
2026-08-03 15:00:00+00:00,112.27467933424008,112.55206886975829,112.25104495254087,112.52518779593422
2026-08-03 16:00:00+00:00,112.51263794944808,112.52296387017746,112.41839371782899,112.44732046244077
2026-08-03 17:00:00+00:00,112.4442989137397,112.49911040892708,112.4418091482424,112.47723262564732
2026-08-03 18:00:00+00:00,112.48505976095605,112.49395293247191,112.33244349528373,112.34838562724207
2026-08-03 19:00:00+00:00,112.37613189817175,112.47926883955316,112.36971750768868,112.47926883955316
2026-08-03 20:00:00+00:00,112.48478550227405,112.64786687354967,112.48095895676424,112.60988091933392
2026-08-03 21:00:00+00:00,112.64854780943145,112.686285539329,112.645339523094,112.67077207845358
2026-08-03 22:00:00+00:00,112.64307271795442,112.79875870119136,112.64307271795442,112.76353438580996
2026-08-03 23:00:00+00:00,112.74405825367097,112.95187797604207,112.72681971881104,112.880497057086
2026-08-04 00:00:00+00:00,112.88602928093026,112.900699778605,112.71003018738952,112.88129560419989
2026-08-04 01:00:00+00:00,112.90223851382599,112.94914868173782,112.8087023998518,112.94914868173782
2026-08-04 02:00:00+00:00,112.94543073133912,113.02255724728965,112.94543073133912,113.00458323844211
2026-08-04 03:00:00+00:00,112.98900973748636,113.01231404370405,112.93882287610073,112.98727184714812
2026-08-04 04:00:00+00:00,112.98337035138663,112.99392800449871,112.86499337993467,112.90253694370878
2026-08-04 05:00:00+00:00,112.8773480820288,112.97663764156835,112.87307722422702,112.96985392994603
2026-08-04 06:00:00+00:00,112.9494713775487,112.9494713775487,112.82375775845506,112.8601795832473
2026-08-04 07:00:00+00:00,112.9026753784134,113.0526974910699,112.85941810528699,113.0433235857043
2026-08-04 08:00:00+00:00,113.03568252161217,113.1308743947592,113.0335783459159,113.13038524531783
2026-08-04 09:00:00+00:00,113.143951802424,113.24721197533137,113.143951802424,113.22009756792352
2026-08-04 10:00:00+00:00,113.19318335576574,113.23833126807091,113.12136012188684,113.12136012188684
2026-08-04 11:00:00+00:00,113.11819689753598,113.11819689753598,112.6868750088902,112.74277627246401
2026-08-04 12:00:00+00:00,112.71637248069169,112.80510782313155,112.62665405755148,112.74098612374873
2026-08-04 13:00:00+00:00,112.7483526091684,112.7483526091684,112.53723067736719,112.66046829018624
2026-08-04 14:00:00+00:00,112.65194705489276,112.85036592391332,112.62964832336891,112.80659958041448
2026-08-04 15:00:00+00:00,112.82625702297122,112.83079789768632,112.5517603858145,112.60558527453935
2026-08-04 16:00:00+00:00,112.62166271188835,112.70924625185533,112.58070243971719,112.6716050084159
2026-08-04 17:00:00+00:00,112.65625887834523,112.73174127374227,112.65323806412192,112.72013014228973
2026-08-04 18:00:00+00:00,112.7171079270587,112.81344174674463,112.70934840973325,112.80837544510531
2026-08-04 19:00:00+00:00,112.80926827534726,112.94032354362707,112.80926827534726,112.88172211127761
2026-08-04 20:00:00+00:00,112.86838121904235,112.90980838280765,112.8510602000269,112.8707521683491
2026-08-04 21:00:00+00:00,112.9380303127288,112.97814693395706,112.88772638103075,112.90269839915821
2026-08-04 22:00:00+00:00,112.89409891305107,112.92592934886915,112.87327888313092,112.91019734971263
2026-08-04 23:00:00+00:00,112.89907513382465,112.94204618960613,112.87387694757177,112.87387694757177
2026-08-05 00:00:00+00:00,112.88350970456325,112.88852876161219,112.70319641194392,112.75274151250456
2026-08-05 01:00:00+00:00,112.77982290319358,112.80562759796769,112.73828308243408,112.7682700709702
2026-08-05 02:00:00+00:00,112.7772331386839,112.80388172944387,112.55808995949677,112.64164482050612
2026-08-05 03:00:00+00:00,112.63801065719345,112.70481902027926,112.6286993285251,112.62896120505879
2026-08-05 04:00:00+00:00,112.63083099442201,112.78114832127976,112.60845775033206,112.77697657731885
2026-08-05 05:00:00+00:00,112.7719881508001,112.79422526305305,112.74485424200857,112.77023522808798
2026-08-05 06:00:00+00:00,112.73424735383945,112.80734648655546,112.72469017435445,112.74668598951438
2026-08-05 07:00:00+00:00,112.72662688263696,112.87188526104802,112.72662688263696,112.87188526104802
2026-08-05 08:00:00+00:00,112.87635402155047,112.94141893668571,112.86579212916232,112.92610305351631
2026-08-05 09:00:00+00:00,112.91833384266582,112.97694188559066,112.87460904179684,112.91932353756569
2026-08-05 10:00:00+00:00,112.9205615781054,112.95927653281751,112.87075932362399,112.87254685934008
2026-08-05 11:00:00+00:00,112.87315952992016,112.89561068566579,112.80222437137314,112.87761287476684
2026-08-05 12:00:00+00:00,112.90453419861655,112.94337850148014,112.84834679859043,112.93464726600008
2026-08-05 13:00:00+00:00,112.90460268905157,112.94468442439195,112.82750081830719,112.92676329052635
2026-08-05 14:00:00+00:00,112.89399300833716,113.13451776649731,112.87094154687773,113.10127439863632
2026-08-05 15:00:00+00:00,113.07901324375773,113.21134152950893,113.059014850002,113.21134152950893
2026-08-05 16:00:00+00:00,113.21874331360088,113.23101500542009,113.15738833574451,113.21714957767546
2026-08-05 17:00:00+00:00,113.21576482496582,113.30169830169815,113.19732546369545,113.30169830169815
2026-08-05 18:00:00+00:00,113.32576876690416,113.32600533896716,113.28980232641105,113.31372982849298
2026-08-05 19:00:00+00:00,113.3064026892578,113.34518049072913,113.27973404862442,113.31463961071378
2026-08-05 20:00:00+00:00,113.31278186904136,113.38999621771664,113.3048435081009,113.36530843842993
2026-08-05 21:00:00+00:00,113.34365899617413,113.36145670499711,113.31953465134525,113.33480839643971
2026-08-05 22:00:00+00:00,113.31316187594543,113.32310437109712,113.28899387002147,113.29522667751337
2026-08-05 23:00:00+00:00,113.28661847710505,113.28661847710505,113.22804187868869,113.2525047812062
2026-08-06 00:00:00+00:00,113.28942298086102,113.3700221989049,113.2885647408083,113.35469780455065
2026-08-06 01:00:00+00:00,113.35774603650474,113.38525344964187,113.3087720801381,113.32429152687544
2026-08-06 02:00:00+00:00,113.31134762404425,113.33157263590668,113.29422009050279,113.30825887122086
2026-08-06 03:00:00+00:00,113.31425349539289,113.34322989522954,113.30322681905403,113.31583002768174
2026-08-06 04:00:00+00:00,113.30898038684073,113.3148781027261,113.29024525959838,113.31392818668881
2026-08-06 05:00:00+00:00,113.31730529139396,113.3457493114126,113.30080883296942,113.33523598872664
2026-08-06 06:00:00+00:00,113.33533134958853,113.38665258771981,113.33533134958853,113.38075397391614
2026-08-06 07:00:00+00:00,113.37119293414273,113.41870585717331,113.32020716517557,113.40948331216724
2026-08-06 08:00:00+00:00,113.41077085533253,113.46528575813151,113.36082356550202,113.41520851768323
2026-08-06 09:00:00+00:00,113.42248355192724,113.45238350141663,113.41416419273794,113.42680794890994
2026-08-06 10:00:00+00:00,113.4298110407032,113.5310207900355,113.42353721980761,113.52625264240405
2026-08-06 11:00:00+00:00,113.55220298302746,113.59321089514165,113.5343017525816,113.57647126075383
2026-08-06 12:00:00+00:00,113.57952353050452,113.58205542296082,113.4884152521805,113.4884152521805
2026-08-06 13:00:00+00:00,113.4845737618319,113.4845737618319,113.3703761822564,113.39534751004034
2026-08-06 14:00:00+00:00,113.42142062155749,113.64281486024822,113.40356933962924,113.58965765585879
2026-08-06 15:00:00+00:00,113.60489408275154,113.68550070903778,113.5859763182844,113.68329544887727
2026-08-06 16:00:00+00:00,113.70725833458012,113.80433930111995,113.68100695632327,113.79740607910092
2026-08-06 17:00:00+00:00,113.77940966775974,113.79204565721405,113.73436764726843,113.76816246174906
2026-08-06 18:00:00+00:00,113.78909371076351,113.79871288117681,113.73477817330932,113.73961930310193
2026-08-06 19:00:00+00:00,113.73880783362449,113.80670470756053,113.72460883152453,113.78033642939677
2026-08-06 20:00:00+00:00,113.78023812411261,113.84661486761263,113.77741001241198,113.80065639269394
2026-08-06 21:00:00+00:00,113.79809888102295,113.87310876391653,113.79443227311968,113.8618312603026
2026-08-06 22:00:00+00:00,113.83812010443852,113.85603196118986,113.81079095118164,113.82648584249453
2026-08-06 23:00:00+00:00,113.82700196183328,113.83025019440528,113.78985595137007,113.8074955587422
2026-08-07 00:00:00+00:00,113.82444425420184,113.87224267328698,113.80813435018642,113.84280721774472
2026-08-07 01:00:00+00:00,113.85348387694972,113.85348387694972,113.67673813006084,113.72644134054285
2026-08-07 02:00:00+00:00,113.7251824531114,113.74884968504541,113.69915771005529,113.7184707652591
2026-08-07 03:00:00+00:00,113.71493361096442,113.77436402148088,113.71493361096442,113.7557948791098
2026-08-07 04:00:00+00:00,113.76238400582008,113.76850874440089,113.7300489238185,113.7300489238185
2026-08-07 05:00:00+00:00,113.74042534982229,113.74042534982229,113.65723248021658,113.65723248021658
2026-08-07 06:00:00+00:00,113.65353904066606,113.68701740376581,113.62311196013987,113.68448820413361
2026-08-07 07:00:00+00:00,113.68267208498187,113.74771845767724,113.66724893943162,113.71413905207312
2026-08-07 08:00:00+00:00,113.7090507254125,113.7509445798935,113.6835727269486,113.69862037004016
2026-08-07 09:00:00+00:00,113.69158811869883,113.76419724901531,113.69158811869883,113.74122581749688
2026-08-07 10:00:00+00:00,113.73041288951326,113.74632699055701,113.62508378852479,113.66067226651062
2026-08-07 11:00:00+00:00,113.68534405910572,113.75890168543322,113.65908977440488,113.75890168543322
2026-08-07 12:00:00+00:00,113.75338946767505,113.89495936352846,113.19275208578213,113.59931759696632
2026-08-07 13:00:00+00:00,113.57383019449551,113.83895292161237,113.54233098061682,113.83857858560941
2026-08-07 14:00:00+00:00,113.86572995447855,114.07461605227847,113.85873851139169,114.02572817622499
2026-08-07 15:00:00+00:00,114.04004474914652,114.04161647450223,113.76026979514211,113.82813845359034
2026-08-07 16:00:00+00:00,113.78276186171307,113.81648821655122,113.64624513018448,113.74985650327162
2026-08-07 17:00:00+00:00,113.74305924214804,113.80441178581154,113.69222270845728,113.75651886975159
2026-08-07 18:00:00+00:00,113.7553347918085,113.85475180968356,113.75243888442544,113.81930096418719
2026-08-07 19:00:00+00:00,113.82330786613566,113.85298463568927,113.7300460393269,113.78662498028015
2026-08-07 20:00:00+00:00,113.78996285193831,113.98582333696827,113.7880091795753,113.9847045656727
2026-08-09 21:00:00+00:00,113.9847045656727,114.00249698639561,113.97616468038993,113.99316916365296
2026-08-09 22:00:00+00:00,114.02369453992256,114.17551111206781,114.02369453992256,114.15493008272398
2026-08-09 23:00:00+00:00,114.16240340391325,114.16240340391325,114.07031210771326,114.08573928258956
2026-08-10 00:00:00+00:00,114.08663845657308,114.13816105639903,114.06449484299453,114.13816105639903
2026-08-10 01:00:00+00:00,114.12188282208137,114.37771164258298,114.12188282208137,114.34923230280461
2026-08-10 02:00:00+00:00,114.34482659705675,114.35486299847244,114.28346106693994,114.28346106693994
2026-08-10 03:00:00+00:00,114.27444908024708,114.27444908024708,114.19593398639873,114.2190657741976
2026-08-10 04:00:00+00:00,114.22070290104334,114.32943436254682,114.22070290104334,114.32943436254682
2026-08-10 05:00:00+00:00,114.32789610985282,114.35851856099421,114.31407825794001,114.35607011003967
2026-08-10 06:00:00+00:00,114.35596367103204,114.44805311193788,114.35596367103204,114.41385887296259
2026-08-10 07:00:00+00:00,114.41108776860797,114.58641328529794,114.41108776860797,114.58641328529794
2026-08-10 08:00:00+00:00,114.58795329443583,114.75292158382854,114.56353876625414,114.7274358514264
2026-08-10 09:00:00+00:00,114.73642659776786,114.84727126575362,114.71717613958516,114.8363161444952
2026-08-10 10:00:00+00:00,114.85220985554658,114.85550667747873,114.77527122438426,114.82271030720632
2026-08-10 11:00:00+00:00,114.83786674706913,114.86489396059845,114.80683922649543,114.84126585367594
2026-08-10 12:00:00+00:00,114.83916344897861,114.87675045913672,114.63421636247485,114.8657470175966
2026-08-10 13:00:00+00:00,114.85139991822143,114.89971963085912,114.80464352552279,114.8938154016079
2026-08-10 14:00:00+00:00,114.86944860771466,114.93304244233602,114.82889733840291,114.90276282741287
2026-08-10 15:00:00+00:00,114.8777705228565,115.00926630942278,114.8777705228565,114.99658776624392
2026-08-10 16:00:00+00:00,114.99615685767432,115.05947934026769,114.98865040370072,115.05048183946332
2026-08-10 17:00:00+00:00,115.0517403574787,115.08393922211765,115.00175807458531,115.02719302021887
2026-08-10 18:00:00+00:00,115.0284496552317,115.19999425819451,115.01194670263821,115.12383112176416
2026-08-10 19:00:00+00:00,115.11628741397733,115.25478484356817,115.11391769222477,115.19351689683872
2026-08-10 20:00:00+00:00,115.18864673959848,115.22939204467947,115.17998779743733,115.17998779743733
2026-08-10 21:00:00+00:00,115.21637670441069,115.21637670441069,115.10866756624836,115.13574059580812
2026-08-10 22:00:00+00:00,115.15092782025044,115.1754436340664,115.13450661766807,115.14498840523514
2026-08-10 23:00:00+00:00,115.14250843563778,115.17116108095681,115.09504420075967,115.11073449573425
2026-08-11 00:00:00+00:00,115.1161955647477,115.15064459367247,115.02657664128708,115.11523517455839
2026-08-11 01:00:00+00:00,115.10509798852422,115.1345178758671,115.06569028645261,115.13164509688437
2026-08-11 02:00:00+00:00,115.13602022349248,115.20641691261471,115.12962298025126,115.17847525904213
2026-08-11 03:00:00+00:00,115.16178603742684,115.18452821245691,115.12759554403168,115.16361651391952
2026-08-11 04:00:00+00:00,115.15865377709459,115.18847325173812,115.14448458902869,115.15780551924254
2026-08-11 05:00:00+00:00,115.15273398501738,115.1904826902491,115.13869535862544,115.1904826902491
2026-08-11 06:00:00+00:00,115.18186193866325,115.18708203739476,115.1380461709689,115.15810943772927
2026-08-11 07:00:00+00:00,115.17828288268869,115.20950773760359,115.15869426317177,115.17088957297331
2026-08-11 08:00:00+00:00,115.15638565801075,115.24889412305383,115.13827298689735,115.24889412305383
2026-08-11 09:00:00+00:00,115.25796144041924,115.27081567872675,115.20236069528497,115.20970985349027
2026-08-11 10:00:00+00:00,115.2138630357347,115.25112056085496,115.1548013185581,115.17721837181733
2026-08-11 11:00:00+00:00,115.18241884515935,115.18241884515935,115.04972534376897,115.13122003043607
2026-08-11 12:00:00+00:00,115.14298840013772,115.2331152180314,115.11385825867208,115.18940073965018
2026-08-11 13:00:00+00:00,115.17231969090886,115.17231969090886,115.10807376725545,115.12997781654488
2026-08-11 14:00:00+00:00,115.14614130942029,115.23780781363388,115.14157309823956,115.22301413955617
2026-08-11 15:00:00+00:00,115.20959804590672,115.27799732708685,115.1692049199749,115.25543091615934
2026-08-11 16:00:00+00:00,115.25614952894922,115.33196243942412,115.23232584544176,115.33196243942412
2026-08-11 17:00:00+00:00,115.33865401207926,115.3527120081654,115.3077724675697,115.31644841811715
2026-08-11 18:00:00+00:00,115.32313707451692,115.35370526119043,115.30078998253258,115.30504417335787
2026-08-11 19:00:00+00:00,115.30775092375588,115.3199718200508,115.27478370843023,115.27787758152361
2026-08-11 20:00:00+00:00,115.29837875129346,115.32436549682377,115.26809709268059,115.27244764491962
2026-08-11 21:00:00+00:00,115.2876314522099,115.32594317920395,115.26339616133593,115.28836824894887
2026-08-11 22:00:00+00:00,115.27489347024708,115.31743921109181,115.27489347024708,115.30747942349848
2026-08-11 23:00:00+00:00,115.29935234371064,115.31334679824903,115.27803728243522,115.29659524613842
2026-08-12 00:00:00+00:00,115.3036728239775,115.33099542958976,115.25501696279679,115.32690400563396
2026-08-12 01:00:00+00:00,115.34266065923636,115.34266065923636,115.26193281416126,115.2771392448709
2026-08-12 02:00:00+00:00,115.2760418911347,115.34510133557478,115.26924817376683,115.33305554757315
2026-08-12 03:00:00+00:00,115.33869264423795,115.37074421845921,115.33548850574707,115.34168049479553
2026-08-12 04:00:00+00:00,115.33643174749115,115.35229174597924,115.29880764258003,115.31682300719687
2026-08-12 05:00:00+00:00,115.31400827395993,115.3227949467454,115.28091985722384,115.31179521066461
2026-08-12 06:00:00+00:00,115.31096698197902,115.32720350549523,115.27270115974284,115.30085260125979
2026-08-12 07:00:00+00:00,115.30510361670788,115.30532349708713,115.24210284434034,115.29366977682957
2026-08-12 08:00:00+00:00,115.27158339258392,115.27947366152867,115.24081069822886,115.24196676099224
2026-08-12 09:00:00+00:00,115.24163835762039,115.24594755704295,114.92124598688503,115.08346196647157
2026-08-12 10:00:00+00:00,115.09868822562227,115.13569412626478,115.06793244097196,115.12692542458072
2026-08-12 11:00:00+00:00,115.11676337105757,115.12332152684473,115.04804170795806,115.12332152684473
2026-08-12 12:00:00+00:00,115.1209489119267,115.15850433982864,114.99525466624479,115.03534979394266
2026-08-12 13:00:00+00:00,115.05124240353835,115.16679010836496,114.98173135015386,115.16679010836496
2026-08-12 14:00:00+00:00,115.18243661100797,115.26755985127967,115.18243661100797,115.2247493801875
2026-08-12 15:00:00+00:00,115.22321781431204,115.30295407173139,115.22321781431204,115.26557895493416
2026-08-12 16:00:00+00:00,115.2614858260019,115.26341880464685,115.20244077530504,115.20773376777159
2026-08-12 17:00:00+00:00,115.19740477848026,115.25866398794568,115.16721316180316,115.25618304836655
2026-08-12 18:00:00+00:00,115.27748878923761,115.29535032258521,115.24245446131987,115.24245446131987
2026-08-12 19:00:00+00:00,115.25055247825956,115.28827451571455,115.22782548804369,115.28827451571455
2026-08-12 20:00:00+00:00,115.30361757105936,115.30361757105936,115.22282023681373,115.23895660163366
2026-08-12 21:00:00+00:00,115.23110827165894,115.25821596244127,115.23110827165894,115.24131544375761
2026-08-12 22:00:00+00:00,115.23329003179427,115.25195036351757,115.20888805954074,115.2140052684845
2026-08-12 23:00:00+00:00,115.20859054236406,115.21013530488455,115.1586925627664,115.16708773541565
2026-08-13 00:00:00+00:00,115.15732207963707,115.20108527910759,115.1289817832072,115.16728517798046
2026-08-13 01:00:00+00:00,115.16700284977992,115.16900306495253,115.11646263580127,115.14242663413928
2026-08-13 02:00:00+00:00,115.13955657602061,115.1988636363636,115.13955657602061,115.18275404426267
2026-08-13 03:00:00+00:00,115.17912225075676,115.1997704612294,115.16720944579137,115.17327460671572
2026-08-13 04:00:00+00:00,115.17614398542348,115.2062096027891,115.04767644589847,115.06798206278023
2026-08-13 05:00:00+00:00,115.07207071468028,115.1476233183856,115.05721973094167,115.08631204350753
2026-08-13 06:00:00+00:00,115.09639738539578,115.13469317497197,115.07327635654462,115.09217498547997
2026-08-13 07:00:00+00:00,115.11150950161341,115.12269982645607,115.06549748693271,115.08888681721363
2026-08-13 08:00:00+00:00,115.08946821099433,115.11811362430254,115.0818402770309,115.11229348324916
2026-08-13 09:00:00+00:00,115.10644858271719,115.18864673959852,115.10644858271719,115.1855573899935
2026-08-13 10:00:00+00:00,115.19543447830296,115.20529554086163,115.16145470727133,115.17663609089468
2026-08-13 11:00:00+00:00,115.18170529504226,115.18170529504226,115.12814257834916,115.12814257834916
2026-08-13 12:00:00+00:00,115.12875151567326,115.1474059565064,115.09113210389268,115.12827142405696
2026-08-13 13:00:00+00:00,115.1296043656207,115.17864193365439,115.0213699730365,115.0213699730365
2026-08-13 14:00:00+00:00,115.05045506379494,115.06473942828445,114.91890651115075,115.0238952912642
2026-08-13 15:00:00+00:00,115.04427954242074,115.21192889756765,115.04427954242074,115.21192889756765
2026-08-13 16:00:00+00:00,115.21480056284635,115.3552779952452,115.21480056284635,115.349478583125
2026-08-13 17:00:00+00:00,115.35936680767928,115.38439441272571,115.33126063573891,115.33927327814588
2026-08-13 18:00:00+00:00,115.33027503176751,115.33888996575558,115.28824754110126,115.33419013907533
2026-08-13 19:00:00+00:00,115.33855101601202,115.40102726195175,115.3367272936158,115.40102726195175
2026-08-13 20:00:00+00:00,115.3942859605893,115.41373365895697,115.35870736086171,115.3619066089167
2026-08-13 21:00:00+00:00,115.36018851793574,115.39765787772107,115.33826919348233,115.35809456770787
2026-08-13 22:00:00+00:00,115.37417213785967,115.38362087541115,115.35345409621762,115.35444665522166
2026-08-13 23:00:00+00:00,115.35748407071378,115.3791443658177,115.34836271678377,115.34836271678377
2026-08-14 00:00:00+00:00,115.3630602537757,115.41672954076756,115.34282018111253,115.3604542514195
2026-08-14 01:00:00+00:00,115.35160854440383,115.36483030146273,115.32670536176079,115.34494152802915
2026-08-14 02:00:00+00:00,115.34245197626466,115.37029850960774,115.33791260112945,115.35780752620951
2026-08-14 03:00:00+00:00,115.35985283973324,115.37775924900984,115.3225864410921,115.37129015331756
2026-08-14 04:00:00+00:00,115.36830453408466,115.3721182669705,115.34873357674722,115.364321246801
2026-08-14 05:00:00+00:00,115.36797003616071,115.39025811045023,115.34013678828016,115.35573520527053
2026-08-14 06:00:00+00:00,115.36148694820277,115.42137459517811,115.29222227017073,115.4163368118028
2026-08-14 07:00:00+00:00,115.40758972587456,115.524939864894,115.40758972587456,115.50298245108489
2026-08-14 08:00:00+00:00,115.49894454730799,115.50982469034388,115.37802295936734,115.46201660940521
2026-08-14 09:00:00+00:00,115.46900436517652,115.47326644241637,115.4221258634474,115.46081305967188
2026-08-14 10:00:00+00:00,115.46563312705763,115.49988832933478,115.43615940514871,115.49246053759639
2026-08-14 11:00:00+00:00,115.49712869360962,115.52703267559343,115.46346421388766,115.49278516959531
2026-08-14 12:00:00+00:00,115.48786113834261,115.50913574549699,115.24512030687804,115.36415534988315
2026-08-14 13:00:00+00:00,115.36592925776151,115.50406597843009,115.36592925776151,115.48717578730921
2026-08-14 14:00:00+00:00,115.49739882099124,115.54372371202442,115.43696249252082,115.46020142598636
2026-08-14 15:00:00+00:00,115.47040588277699,115.6748565862106,115.43785779174893,115.64397709406141
2026-08-14 16:00:00+00:00,115.6597567836586,115.75933298713288,115.64514965741071,115.7581177964023
2026-08-14 17:00:00+00:00,115.756941940137,115.75883905774414,115.69803486209425,115.71266862296946
2026-08-14 18:00:00+00:00,115.71259660860534,115.76263729923474,115.70959950975086,115.73554648630717
2026-08-14 19:00:00+00:00,115.72939725849596,115.76358587861958,115.71987858425196,115.7236287071955
2026-08-14 20:00:00+00:00,115.72055865196725,115.73709488987923,115.70953620700841,115.72311620492917
2026-08-16 21:00:00+00:00,115.72311620492917,115.76009347007653,115.69898676666782,115.7406539191148
2026-08-16 22:00:00+00:00,115.72044530326185,115.77687231817686,115.61672880952547,115.6214613881095
2026-08-16 23:00:00+00:00,115.6292823656689,115.68432288961972,115.61641266796005,115.66053927754974
2026-08-17 00:00:00+00:00,115.67843980122461,115.67843980122461,115.55948344275298,115.55948344275298
2026-08-17 01:00:00+00:00,115.56209687892293,115.60719077779856,115.54096941719553,115.58834138951005
2026-08-17 02:00:00+00:00,115.58962519389628,115.59683994083902,115.52685689549433,115.56273714887534
2026-08-17 03:00:00+00:00,115.58144567883414,115.64328434661523,115.57376457944119,115.62693911713346
2026-08-17 04:00:00+00:00,115.62899094483922,115.65154018775208,115.60986873913068,115.65154018775208
2026-08-17 05:00:00+00:00,115.65054876860792,115.6519040780538,115.57380598415189,115.63963599887418
2026-08-17 06:00:00+00:00,115.62858565521418,115.63783038813162,115.55977366552145,115.58624373763767
2026-08-17 07:00:00+00:00,115.5945025119824,115.61922365988906,115.52586561572937,115.58870030393376
2026-08-17 08:00:00+00:00,115.59291933178352,115.71489413921788,115.59246906628543,115.7045196965212
2026-08-17 09:00:00+00:00,115.71246038678375,115.75850342591852,115.68415125395238,115.74391590923852
2026-08-17 10:00:00+00:00,115.74350126690098,115.76329430110158,115.70052842828674,115.72972075667789
2026-08-17 11:00:00+00:00,115.7214411501486,115.76174426409345,115.71950286530877,115.7573395687191
2026-08-17 12:00:00+00:00,115.75836310490413,115.86413110207492,115.75680143210833,115.84729053365973
2026-08-17 13:00:00+00:00,115.83622825199869,115.90362663624609,115.8027721628645,115.85576346710762
2026-08-17 14:00:00+00:00,115.86853375123668,115.88932235226116,115.74102795311084,115.74102795311084
2026-08-17 15:00:00+00:00,115.75359265885605,115.80435927590706,115.73428338586021,115.77652744716143
2026-08-17 16:00:00+00:00,115.79008115419292,115.79858606261715,115.76199438951743,115.78427271022372
2026-08-17 17:00:00+00:00,115.78309603150554,115.87340512236102,115.77030428479723,115.86729174179582
2026-08-17 18:00:00+00:00,115.86554064287203,115.91597438560053,115.86554064287203,115.89010085863207
2026-08-17 19:00:00+00:00,115.88387533973018,115.88387533973018,115.79509071504798,115.81748172077124
2026-08-17 20:00:00+00:00,115.80453968620205,115.85069482003902,115.7945582743356,115.79562170113343
2026-08-17 21:00:00+00:00,115.81153116501837,115.898235132834,115.7917507931929,115.81482549754827
2026-08-17 22:00:00+00:00,115.84988644147226,115.8635508223435,115.82754045400786,115.83790683753897
2026-08-17 23:00:00+00:00,115.83612184849702,115.83612184849702,115.77668152379296,115.7907263561027
2026-08-18 00:00:00+00:00,115.81373206673442,115.9149261481652,115.81373206673442,115.86319312215103
2026-08-18 01:00:00+00:00,115.87643885410952,115.90976294020489,115.84484698145313,115.90976294020489
2026-08-18 02:00:00+00:00,115.91533552085959,115.93833857517959,115.88968382183239,115.92006060387428
2026-08-18 03:00:00+00:00,115.9239620531688,115.95254408423784,115.91558029533913,115.93495348669498
2026-08-18 04:00:00+00:00,115.93746168879396,116.03858604356064,115.93746168879396,116.00640198403825
2026-08-18 05:00:00+00:00,116.00795928078091,116.01536875644267,115.97401473747958,115.99013684407844
2026-08-18 06:00:00+00:00,115.99440462627803,116.10520925737605,115.98846431146355,116.05489370294512
2026-08-18 07:00:00+00:00,116.0635850240535,116.1146023477464,116.05726236838304,116.1137645921415
2026-08-18 08:00:00+00:00,116.10706298246873,116.11688311688306,116.03476880906001,116.06189583032744
2026-08-18 09:00:00+00:00,116.05987376014424,116.07685259337813,116.00669470555555,116.02207553295092
2026-08-18 10:00:00+00:00,116.01956455871529,116.064653866682,115.99685530054954,116.04289258105455
2026-08-18 11:00:00+00:00,116.04817191894422,116.05067343466094,116.0088810074753,116.01883296200957
2026-08-18 12:00:00+00:00,116.01537152662613,116.0488216581185,115.99301954958783,116.00305726605421
2026-08-18 13:00:00+00:00,116.00588430419539,116.05152876854605,115.90414414414413,115.94032562767687
2026-08-18 14:00:00+00:00,115.90684595695588,115.93344776356211,115.80607981558846,115.82041380900232
2026-08-18 15:00:00+00:00,115.81028806880802,115.85582859654049,115.78591078655889,115.81396018782584
2026-08-18 16:00:00+00:00,115.80001152339247,115.80296701713952,115.74332690258859,115.74332690258859
2026-08-18 17:00:00+00:00,115.73923434643011,115.75711766187949,115.7092285331913,115.7092285331913
2026-08-18 18:00:00+00:00,115.70306204673645,115.70306204673645,115.67008529796746,115.69152188770184
2026-08-18 19:00:00+00:00,115.68270593397732,115.79500543513468,115.67555513994486,115.77776818103295
2026-08-18 20:00:00+00:00,115.7911784182189,115.80019580177945,115.76235571802765,115.7690507901083
2026-08-18 21:00:00+00:00,115.80289420798243,115.84918708264598,115.77480610944279,115.78606252205405
2026-08-18 22:00:00+00:00,115.75844395174059,115.79098912331465,115.74389980565748,115.74545271325638
2026-08-18 23:00:00+00:00,115.73776155822837,115.73776155822837,115.7032228347703,115.71026550838121
2026-08-19 00:00:00+00:00,115.69503821738563,115.69827294520789,115.61371191733701,115.61371191733701
2026-08-19 01:00:00+00:00,115.62960990738806,115.65374483582599,115.59557125488304,115.63779788252396
2026-08-19 02:00:00+00:00,115.64483855643681,115.75475778546708,115.62938699110899,115.74319015663177
2026-08-19 03:00:00+00:00,115.74353059900523,115.78055725768658,115.7416685289177,115.74605141803087
2026-08-19 04:00:00+00:00,115.75518675189343,115.76280471103803,115.67220108382331,115.69916185616786
2026-08-19 05:00:00+00:00,115.69509312114393,115.69509312114393,115.63225183412843,115.67666517722007
2026-08-19 06:00:00+00:00,115.65587771075216,115.66948486748684,115.57884569640963,115.6507449131835
2026-08-19 07:00:00+00:00,115.67803330689924,115.685595817559,115.60479016012859,115.62752335909558
2026-08-19 08:00:00+00:00,115.61497480409186,115.6303636075173,115.50748967872552,115.6071822447758
2026-08-19 09:00:00+00:00,115.61299437064369,115.70325399629388,115.59985000144225,115.60368078692682
2026-08-19 10:00:00+00:00,115.59218876197066,115.65474000158729,115.5858208416891,115.61923032540959
2026-08-19 11:00:00+00:00,115.62400830857105,115.63942418647582,115.5757265524177,115.62139478541758
2026-08-19 12:00:00+00:00,115.60764915418005,115.62644241864756,115.05035057852668,115.33581604815306
2026-08-19 13:00:00+00:00,115.34007220216601,115.56664858021337,115.32423602879524,115.54907396015021
2026-08-19 14:00:00+00:00,115.52482669792612,115.59082943502247,115.40574028853605,115.54866788810114
2026-08-19 15:00:00+00:00,115.57727815792329,115.63282981157757,115.52118300729248,115.5616029876888
2026-08-19 16:00:00+00:00,115.60692386213083,115.62214851614206,115.55359199252554,115.58767933834015
2026-08-19 17:00:00+00:00,115.59629704748933,115.6523817110084,115.580718073546,115.64390540423186
2026-08-19 18:00:00+00:00,115.63748480111164,115.63748480111164,115.519488984487,115.55756763608704
2026-08-19 19:00:00+00:00,115.57775475757549,115.57775475757549,115.41854367947619,115.42785125523314
2026-08-19 20:00:00+00:00,115.4084064290422,115.49277409540365,115.39670582781646,115.45355096245096
2026-08-19 21:00:00+00:00,115.48308530919053,115.49865522216017,115.43594982935892,115.47660462689159
2026-08-19 22:00:00+00:00,115.42123109024514,115.48933518808319,115.38138325231638,115.48542739779612
2026-08-19 23:00:00+00:00,115.50415115116562,115.52736073271109,115.49222309960369,115.51566778217216
2026-08-20 00:00:00+00:00,115.52018892253302,115.63319473219066,115.50814539973327,115.62728635899364
2026-08-20 01:00:00+00:00,115.62721833485443,115.78241646734794,115.62721833485443,115.78241646734794
2026-08-20 02:00:00+00:00,115.78142440891232,115.78142440891232,115.64931959480016,115.6661595305368
2026-08-20 03:00:00+00:00,115.6664300099975,115.74964116393367,115.65047277469834,115.73498814710632
2026-08-20 04:00:00+00:00,115.73041038689891,115.83277160480404,115.72907453857414,115.80301492969991
2026-08-20 05:00:00+00:00,115.80518915784891,115.92745881142041,115.79695122393207,115.89655097409421
2026-08-20 06:00:00+00:00,115.88869070924142,115.88869070924142,115.75641072141015,115.75641072141015
2026-08-20 07:00:00+00:00,115.74644945091606,115.92699341517772,115.7450048953838,115.89224660457752
2026-08-20 08:00:00+00:00,115.91161504344475,116.0246074287125,115.89519840866518,116.01830663615557
2026-08-20 09:00:00+00:00,116.00345769409573,116.00345769409573,115.87751218413844,115.95938746883922
2026-08-20 10:00:00+00:00,115.9525608976222,116.04510415077338,115.93490853326159,116.02002412194658
2026-08-20 11:00:00+00:00,116.04734639307094,116.17112796814598,116.04586609309825,116.15143743506654
2026-08-20 12:00:00+00:00,116.16618107575938,116.22740745045617,116.01550027575392,116.05741376681641
2026-08-20 13:00:00+00:00,116.06651417783098,116.15565524149642,116.03982541884221,116.15497394359038
2026-08-20 14:00:00+00:00,116.15500206892042,116.20110920758438,116.07968358793856,116.08962633916902
2026-08-20 15:00:00+00:00,116.09817001909099,116.22439867283296,116.06075787608815,116.18192507857238
2026-08-20 16:00:00+00:00,116.17676943621899,116.2837430990329,116.17676943621899,116.20727673649391
2026-08-20 17:00:00+00:00,116.20219926884462,116.29136862875959,116.18675293025413,116.27282686768575
2026-08-20 18:00:00+00:00,116.27100444031689,116.34312658686973,116.26896316556989,116.32281465360894
2026-08-20 19:00:00+00:00,116.33008356545956,116.33008356545956,116.2648025003807,116.2648025003807
2026-08-20 20:00:00+00:00,116.27115939716568,116.30300744244073,116.25437081961023,116.25437081961023
2026-08-20 21:00:00+00:00,116.24663478633157,116.35337936442245,116.24663478633157,116.32101973708085
2026-08-20 22:00:00+00:00,116.30723459836,116.31564432316308,116.26004456994356,116.26175008166075
2026-08-20 23:00:00+00:00,116.26355598786307,116.26760563380279,116.21935549441369,116.23205029547134
2026-08-21 00:00:00+00:00,116.25161543264548,116.43223852851257,116.25161543264548,116.41334737300745
2026-08-21 01:00:00+00:00,116.41068095829426,116.43007036168369,116.33220757526233,116.3563317762101
2026-08-21 02:00:00+00:00,116.35438991608848,116.44249923661899,116.3542574832897,116.4359962201061
2026-08-21 03:00:00+00:00,116.43236170676744,116.51414158301405,116.43236170676744,116.45091183974294
2026-08-21 04:00:00+00:00,116.45624822834209,116.49028187646277,116.42872719342876,116.44547489606647
2026-08-21 05:00:00+00:00,116.44829114797936,116.46497023614829,116.36442957900093,116.37569350018538
2026-08-21 06:00:00+00:00,116.35183084663927,116.4348015699956,116.35183084663927,116.41278820355839
2026-08-21 07:00:00+00:00,116.43360457252554,116.43360457252554,116.30147144352674,116.37228310269849
2026-08-21 08:00:00+00:00,116.35871817805021,116.41656422528854,116.25738740574684,116.26163598914093
2026-08-21 09:00:00+00:00,116.26903257736755,116.30298707348312,116.17566770762808,116.29325086410768
2026-08-21 10:00:00+00:00,116.30838196981382,116.45283898119962,116.29888939025628,116.43318965517238
2026-08-21 11:00:00+00:00,116.42748447318024,116.47536924286997,116.34800209692446,116.4518243390867
2026-08-21 12:00:00+00:00,116.44960156170329,116.48566954368326,116.42966878544954,116.43690041197786
2026-08-21 13:00:00+00:00,116.4243858052775,116.51647935713036,116.41549936328906,116.41622703292704
2026-08-21 14:00:00+00:00,116.40418706490816,116.44380747293675,116.30791575889612,116.35127379975152
2026-08-21 15:00:00+00:00,116.36532692154024,116.42350616135778,116.3444703557599,116.3835771755009
2026-08-21 16:00:00+00:00,116.38418489715819,116.4229332325449,116.37308335150054,116.4229332325449
2026-08-21 17:00:00+00:00,116.43855530277145,116.51877282050535,116.43495134341589,116.4870956015994
2026-08-21 18:00:00+00:00,116.48987604056849,116.5133678952381,116.47294851385826,116.49581224917114
2026-08-21 19:00:00+00:00,116.49351121451156,116.49872040946893,116.41767185002173,116.41767185002173
2026-08-21 20:00:00+00:00,116.42505758652509,116.45574220936396,116.40735707693534,116.44882233207326
2026-08-23 21:00:00+00:00,115.07796325520117,115.20465716481317,114.93130036523857,115.06628877113883
2026-08-23 22:00:00+00:00,115.1789920778157,115.2673028949353,115.16082517553457,115.23477428755771
2026-08-23 23:00:00+00:00,115.24163029766996,115.24916269156601,115.1880745918042,115.1880745918042
2026-08-24 00:00:00+00:00,115.17357385226647,115.22789253800626,115.12268003104171,115.1248984565394
2026-08-24 01:00:00+00:00,115.12870166887878,115.20018554489316,115.11548666792328,115.15735900763414
2026-08-24 02:00:00+00:00,115.15175678320564,115.21100824313253,115.13714915332869,115.19169977668862
2026-08-24 03:00:00+00:00,115.20519141531322,115.2528855634824,115.20230836710576,115.23775686297257
2026-08-24 04:00:00+00:00,115.23296451514668,115.2340493399352,115.14644048136871,115.1594452942072
2026-08-24 05:00:00+00:00,115.16921939444899,115.202389236836,115.16432061002305,115.16629583191401
2026-08-24 06:00:00+00:00,115.14018420690304,115.14018420690304,115.01584499399482,115.07224983900262
2026-08-24 07:00:00+00:00,115.06241632593986,115.09499461202999,115.00097563795882,115.02876387604071
2026-08-24 08:00:00+00:00,115.03906108850715,115.08070692620049,114.99664044042743,115.00068628230044
2026-08-24 09:00:00+00:00,115.0141970536598,115.10233294535254,114.99757963716232,115.08844727501427
2026-08-24 10:00:00+00:00,115.09832272990168,115.10151550208236,115.01105507305019,115.0331283733499
2026-08-24 11:00:00+00:00,115.0475474752146,115.05527856058964,114.87468400144456,114.88393592280693
2026-08-24 12:00:00+00:00,114.87440960235726,114.95656070659324,114.83343808925206,114.95656070659324
2026-08-24 13:00:00+00:00,114.95381145822792,115.11240994184196,114.95381145822792,115.06957301550568
2026-08-24 14:00:00+00:00,115.0478628029383,115.09708316453498,114.9834568650398,115.03128657928582
2026-08-24 15:00:00+00:00,115.02565214249586,115.06962217498807,114.98121387283237,115.00086697685173
2026-08-24 16:00:00+00:00,114.99862742548363,114.99862742548363,114.87063207226984,114.87063207226984
2026-08-24 17:00:00+00:00,114.85634653014955,114.87030701944312,114.82922954725971,114.85974496460246
2026-08-24 18:00:00+00:00,114.86554755272007,114.94057847540108,114.85480053114715,114.93151575101626
2026-08-24 19:00:00+00:00,114.93876902636977,114.97714322854604,114.92790561664707,114.95937308150663
2026-08-24 20:00:00+00:00,114.96699360094759,114.96699360094759,114.89184992597409,114.9114759782428
2026-08-24 21:00:00+00:00,114.89845900431305,114.96050473003737,114.89845900431305,114.93948918030418
2026-08-24 22:00:00+00:00,114.89228013664497,114.95827462880676,114.86268874430425,114.93339497789465
2026-08-24 23:00:00+00:00,114.93873363581193,114.98078090228607,114.9102021354987,114.97684365675147
2026-08-25 00:00:00+00:00,114.96878793133345,114.98067824767959,114.92618167109673,114.97609314284888
2026-08-25 01:00:00+00:00,114.97739451979604,114.99029042108532,114.9178611401957,114.97108866863499
2026-08-25 02:00:00+00:00,114.96549533681748,115.06652516983232,114.96549533681748,115.05129482431252
2026-08-25 03:00:00+00:00,115.04923761118171,115.06050192046668,115.0043671904889,115.0123075368324
2026-08-25 04:00:00+00:00,115.00606305578012,115.01508437143642,114.88419077855545,114.94159156667362
2026-08-25 05:00:00+00:00,114.9405466247222,114.99148457119765,114.93469947326649,114.95743145743145
2026-08-25 06:00:00+00:00,114.95721562459416,114.99054793136789,114.9163619051741,114.9705738106915
2026-08-25 07:00:00+00:00,114.99091066481995,115.0349196271392,114.96129455815195,115.0349196271392
2026-08-25 08:00:00+00:00,115.04083811942624,115.06429220844817,114.94942790771496,114.9649360768809
2026-08-25 09:00:00+00:00,114.97031045952049,114.98040856971735,114.92432826449382,114.96697823811758
2026-08-25 10:00:00+00:00,114.9467347999307,114.97156384422185,114.90178255819825,114.93336411980748
2026-08-25 11:00:00+00:00,114.93382788032731,114.9794678233006,114.89401613205777,114.89401613205777
2026-08-25 12:00:00+00:00,114.86758478397311,115.00342923149114,114.86758478397311,115.00342923149114
2026-08-25 13:00:00+00:00,114.96571634788883,115.09285296052393,114.94475337618258,115.09285296052393
2026-08-25 14:00:00+00:00,115.09071196241416,115.16014749475815,115.08877663841132,115.10795006902731
2026-08-25 15:00:00+00:00,115.10143021297813,115.10143021297813,115.0391852360143,115.08370196894786
2026-08-25 16:00:00+00:00,115.0946260499949,115.11020189826293,115.07102703796296,115.09379425961788
2026-08-25 17:00:00+00:00,115.10691033117271,115.14115555298574,115.08992077719306,115.09541708833308
2026-08-25 18:00:00+00:00,115.1186749470427,115.14932388459037,115.09289380466997,115.14071267426395
2026-08-25 19:00:00+00:00,115.14599331858217,115.15692797223028,115.0440366176407,115.07693197593709
2026-08-25 20:00:00+00:00,115.07975531099513,115.0935623062079,115.0293694774184,115.05510786687387
2026-08-25 21:00:00+00:00,115.10811650990802,115.10811650990802,115.04802098614654,115.07318659872058
2026-08-25 22:00:00+00:00,115.05343710030567,115.07951424027758,115.04555866264907,115.07253290543616
2026-08-25 23:00:00+00:00,115.07086944265754,115.09804913660379,115.0587521137753,115.0587521137753
2026-08-26 00:00:00+00:00,115.08097678015221,115.08159047219853,114.94553439856682,114.98262622176308
2026-08-26 01:00:00+00:00,114.9657603513537,114.9657603513537,114.84322520531323,114.87703586002672
2026-08-26 02:00:00+00:00,114.85539697214838,114.85539697214838,114.72649961377138,114.78463581512169
2026-08-26 03:00:00+00:00,114.76669914474395,114.77073424226457,114.67008189328618,114.6937862564576
2026-08-26 04:00:00+00:00,114.68750450957472,114.72052288336121,114.67480290538735,114.69990047167768
2026-08-26 05:00:00+00:00,114.7155984478008,114.7155984478008,114.68204174058528,114.71288414370218
2026-08-26 06:00:00+00:00,114.69779922529268,114.7908923609858,114.69779922529268,114.7331443451415
2026-08-26 07:00:00+00:00,114.73159542392199,114.74266005729088,114.66148331397989,114.70047246366357
2026-08-26 08:00:00+00:00,114.69801126732115,114.71118742875282,114.65187728079158,114.67504182772743
2026-08-26 09:00:00+00:00,114.68401352939904,114.69790720147692,114.62160759092087,114.65152334595277
2026-08-26 10:00:00+00:00,114.65440778799352,114.73154410810344,114.65159206275958,114.70986906615907
2026-08-26 11:00:00+00:00,114.70596717907306,114.77289940060155,114.68563726656144,114.75902962626328
2026-08-26 12:00:00+00:00,114.7536608237755,114.823923093011,114.69628966850904,114.78536673274462
2026-08-26 13:00:00+00:00,114.79177778098106,114.92529779931353,114.7816123429922,114.92263990425515
2026-08-26 14:00:00+00:00,114.90110143590334,114.93067822149803,114.7278563922438,114.75021595162681
2026-08-26 15:00:00+00:00,114.74494166084834,114.84056926679875,114.73535679318091,114.84056926679875
2026-08-26 16:00:00+00:00,114.83891422930311,114.89048779432763,114.83019085510006,114.87750396310707
2026-08-26 17:00:00+00:00,114.88159582594658,114.90741875265782,114.85753395050612,114.88432432432435
2026-08-26 18:00:00+00:00,114.8891547509225,114.90441452091926,114.85481662944018,114.85481662944018
2026-08-26 19:00:00+00:00,114.85884743417922,114.86205082755093,114.81721638640326,114.82583694821948
2026-08-26 20:00:00+00:00,114.8297604035309,114.8297604035309,114.79148801245233,114.79148801245233
2026-08-26 21:00:00+00:00,114.81155742668474,114.84186844723901,114.79193547224484,114.7991436665201
2026-08-26 22:00:00+00:00,114.81315988613022,114.81315988613022,114.77392294498335,114.78030253893441
2026-08-26 23:00:00+00:00,114.77579024748836,114.78486486486487,114.7532714590419,114.77787067200968
2026-08-27 00:00:00+00:00,114.75833939856884,114.75833939856884,114.65572518533995,114.73910316939734
2026-08-27 01:00:00+00:00,114.74895849850802,114.76354832433836,114.68295143392422,114.74262904573884
2026-08-27 02:00:00+00:00,114.75468897487447,114.82460753730108,114.75468897487447,114.7721542694962
2026-08-27 03:00:00+00:00,114.77999654218536,114.79531194848042,114.7611947823707,114.7666378565255
2026-08-27 04:00:00+00:00,114.77530558296658,114.80891834455932,114.75282323115925,114.79336402077526
2026-08-27 05:00:00+00:00,114.79035058021856,114.79171018793987,114.74672967210283,114.77597643449266
2026-08-27 06:00:00+00:00,114.76245688072073,114.77974060017716,114.74245882869714,114.74304970513901
2026-08-27 07:00:00+00:00,114.7365919695835,114.78223912636327,114.69482689094994,114.77941441279218
2026-08-27 08:00:00+00:00,114.7864546941069,114.79509495950893,114.74107316510953,114.77063162747811
2026-08-27 09:00:00+00:00,114.77393885254878,114.87049095309439,114.77393885254878,114.85890843092346
2026-08-27 10:00:00+00:00,114.8500803076901,114.88843579564696,114.83236361541564,114.84506088822639
2026-08-27 11:00:00+00:00,114.85517161911073,114.96309324721759,114.85424515050892,114.93440023068052
2026-08-27 12:00:00+00:00,114.91116156701628,114.96127720330551,114.85375397231452,114.90985893157064
2026-08-27 13:00:00+00:00,114.90423085518206,115.04359625822845,114.90423085518206,114.968185031815
2026-08-27 14:00:00+00:00,114.96259531521653,115.01288427252582,114.89969486463677,114.94459354168472
2026-08-27 15:00:00+00:00,114.92941083112706,114.95385103880267,114.8896422388921,114.94218860516477
2026-08-27 16:00:00+00:00,114.94583065674462,114.97022842914369,114.9005093574593,114.94973695794938
2026-08-27 17:00:00+00:00,114.94479324529121,115.03792498718997,114.93252507757815,115.03792498718997
2026-08-27 18:00:00+00:00,115.03976444438032,115.08076273510692,115.00988299115582,115.04163599890319
2026-08-27 19:00:00+00:00,115.04012238771506,115.06406323311799,115.01807450592744,115.05914960266193
2026-08-27 20:00:00+00:00,115.06850303896518,115.06850303896518,115.00833435558475,115.042223024179
2026-08-27 21:00:00+00:00,115.05400410084616,115.08733671752583,115.02944827785316,115.0592363171688
2026-08-27 22:00:00+00:00,115.04363455250221,115.06442880346508,115.02749989173273,115.04840700872842
2026-08-27 23:00:00+00:00,115.05479590510706,115.05721815096929,115.01508872749325,115.01664103730336
2026-08-28 00:00:00+00:00,115.03047107414147,115.07484348937462,115.01999971119552,115.07484348937462
2026-08-28 01:00:00+00:00,115.07686087063256,115.07790951232545,115.02494170643143,115.07524630986322
2026-08-28 02:00:00+00:00,115.0758592813939,115.13149343615962,115.07279433525093,115.13149343615962
2026-08-28 03:00:00+00:00,115.1350375505488,115.14810161315945,115.11110790245029,115.1188731418175
2026-08-28 04:00:00+00:00,115.12720919487121,115.1430716368781,115.12445496809217,115.14022739577692
2026-08-28 05:00:00+00:00,115.14729342467137,115.18557824897302,115.14412144749477,115.1647066467416
2026-08-28 06:00:00+00:00,115.17037250938492,115.18938901644788,115.10959655759956,115.11372662286085
2026-08-28 07:00:00+00:00,115.11169513797634,115.14683376165863,115.08555675035906,115.13552531851155
2026-08-28 08:00:00+00:00,115.14046890338973,115.18377894554484,115.12704495103664,115.16953678710107
2026-08-28 09:00:00+00:00,115.17668966711896,115.23579289193576,115.16529193998831,115.22986224861636
2026-08-28 10:00:00+00:00,115.23213692975999,115.31572523274038,115.2095479997691,115.3013318695288
2026-08-28 11:00:00+00:00,115.30688893061954,115.31222464574094,115.25995120049666,115.2612732286989
2026-08-28 12:00:00+00:00,115.25599930693927,115.26883428142416,115.1585114211916,115.18894142274515
2026-08-28 13:00:00+00:00,115.1993127643908,115.27542112825547,115.16439275329904,115.20496948184062
2026-08-28 14:00:00+00:00,115.12443700196327,115.19476122209335,115.05996758508914,115.16900069156291
2026-08-28 15:00:00+00:00,115.14634163911279,115.18143739294402,115.1076858867805,115.1176512916457
2026-08-28 16:00:00+00:00,115.12221094969816,115.25333486826011,115.10167076803523,115.23245024061458
2026-08-28 17:00:00+00:00,115.21173153821812,115.22452268247415,115.18289219175819,115.19161207274713
2026-08-28 18:00:00+00:00,115.1875795514199,115.1875795514199,115.14299682229284,115.14704824908318
2026-08-28 19:00:00+00:00,115.14449869487368,115.18046632758038,115.12135485958794,115.1437120580027
2026-08-28 20:00:00+00:00,115.13747941225125,115.15397840489739,115.11120379092394,115.15397840489739
2026-08-30 21:00:00+00:00,115.05866451946858,115.1165047845686,115.05866451946858,115.10733439733137
2026-08-30 22:00:00+00:00,115.16188640988216,115.19098408406032,115.14404061614577,115.15596119130329
2026-08-30 23:00:00+00:00,115.16071261606623,115.23819115721622,115.15988434816383,115.19302436006275
2026-08-31 00:00:00+00:00,115.15251798561151,115.15884151825868,115.0894552148651,115.09195038420583
2026-08-31 01:00:00+00:00,115.06351695463897,115.09356586302906,114.9778055957237,115.05237015441095
2026-08-31 02:00:00+00:00,115.06039708020788,115.06418332745375,115.00334655161247,115.0245489755662
2026-08-31 03:00:00+00:00,115.01303039465537,115.06615603898814,115.01202286504154,115.04657960288549
2026-08-31 04:00:00+00:00,115.0391637389852,115.05939097257217,115.01857344429406,115.03876861937638
2026-08-31 05:00:00+00:00,115.03808111493441,115.05948225607958,114.99183153531153,115.03785915817353
2026-08-31 06:00:00+00:00,115.0254070160791,115.0695973859596,114.98780338626928,114.98780338626928
2026-08-31 07:00:00+00:00,114.98891895003452,114.99078951155626,114.83877467312384,114.86298756919003
2026-08-31 08:00:00+00:00,114.84512780645113,114.93038817138539,114.79570913643131,114.93038817138539
2026-08-31 09:00:00+00:00,114.91858599376893,114.98729402279156,114.91760811685975,114.98603472602149
2026-08-31 10:00:00+00:00,114.98707824321698,115.04219591578098,114.95214105793451,114.95214105793451
2026-08-31 11:00:00+00:00,114.95343246627992,115.01389909115787,114.93006816823949,115.00075608649628
2026-08-31 12:00:00+00:00,114.99567910125305,115.18245019992075,114.992727220358,115.18245019992075
2026-08-31 13:00:00+00:00,115.17631379894104,115.20633044581213,115.12652255652638,115.18045026087457
2026-08-31 14:00:00+00:00,115.16834907665591,115.2465720818517,115.15791750793193,115.20312184425401
2026-08-31 15:00:00+00:00,115.19037555807193,115.25729458281623,115.19037555807193,115.23661809262732
2026-08-31 16:00:00+00:00,115.22186073018185,115.2373118605423,115.1960466039029,115.21139971139972
2026-08-31 17:00:00+00:00,115.22338307021846,115.26135723875103,115.20625622231522,115.24355921195065
2026-08-31 18:00:00+00:00,115.23690629104188,115.33026357573833,115.22026193310964,115.33026357573833
2026-08-31 19:00:00+00:00,115.32177163848414,115.32177163848414,115.25350344210482,115.26783652736088
2026-08-31 20:00:00+00:00,115.26754465091105,115.31731824218976,115.25607169141522,115.30071605936364
2026-08-31 21:00:00+00:00,115.32385009747995,115.33973993343105,115.29789614232615,115.31852835855378
2026-08-31 22:00:00+00:00,115.28574624549856,115.32343048518183,115.28574624549856,115.323319884227
2026-08-31 23:00:00+00:00,115.33231810734931,115.3571841071841,115.30421475851217,115.32319775920071
2026-09-01 00:00:00+00:00,115.3514091014091,115.39855595667869,115.30573929118165,115.34252903430705
2026-09-01 01:00:00+00:00,115.32792978758725,115.32792978758725,115.23655619201524,115.25253764076962
2026-09-01 02:00:00+00:00,115.24577628370677,115.28828744346421,115.24577628370677,115.26741787017934
2026-09-01 03:00:00+00:00,115.26881099914159,115.2716963983005,115.23128182198441,115.23363138159793
2026-09-01 04:00:00+00:00,115.23179763046504,115.29225110878737,115.23179763046504,115.29225110878737
2026-09-01 05:00:00+00:00,115.30211894355735,115.3299624198446,115.28020194734943,115.30040457800565
2026-09-01 06:00:00+00:00,115.31371035795941,115.3838383838384,115.31371035795941,115.34517448023709
2026-09-01 07:00:00+00:00,115.37601523391854,115.37756875870076,115.32494683343545,115.32611516392262
2026-09-01 08:00:00+00:00,115.33825914579202,115.3520659727228,115.28366340914988,115.29666210078581
2026-09-01 09:00:00+00:00,115.30093643893682,115.40164247654893,115.28202318472808,115.40164247654893
2026-09-01 10:00:00+00:00,115.41218379532145,115.41218379532145,115.32933527469835,115.39193426316358
2026-09-01 11:00:00+00:00,115.40756971824388,115.41860381302483,115.30697520280103,115.3500904133077
2026-09-01 12:00:00+00:00,115.35009364644863,115.40955262589151,115.31260351705961,115.32344615473266
2026-09-01 13:00:00+00:00,115.35967958045786,115.35967958045786,115.20141642855599,115.22751985712947
2026-09-01 14:00:00+00:00,115.24598780320976,115.27045330105761,115.09158300046779,115.13061365401765
2026-09-01 15:00:00+00:00,115.13915564283505,115.1793358995575,115.1019527457115,115.1019527457115
2026-09-01 16:00:00+00:00,115.10293038712183,115.22209833471207,115.07853177228661,115.18745190544341
2026-09-01 17:00:00+00:00,115.19253175299549,115.24470495163436,115.17694691951988,115.24199928083422
2026-09-01 18:00:00+00:00,115.24178005350515,115.30765742746712,115.23319788557662,115.30549817543204
2026-09-01 19:00:00+00:00,115.30754725129194,115.324321989981,115.28546445098561,115.2970468021415
2026-09-01 20:00:00+00:00,115.31093936646374,115.31093936646374,115.26688445320708,115.27035099209063
2026-09-01 21:00:00+00:00,115.27214875497613,115.29755648029487,115.21140135682477,115.22539892660326
2026-09-01 22:00:00+00:00,115.25376163029163,115.29647995278775,115.2487245356878,115.29636986498545
2026-09-01 23:00:00+00:00,115.30511633932362,115.31807091912744,115.26841169654615,115.28652336300634
2026-09-02 00:00:00+00:00,115.26434697519139,115.32412403770056,115.24761452441605,115.32412403770056
2026-09-02 01:00:00+00:00,115.31173110404465,115.38312122759939,115.29801086291859,115.36021292666258
2026-09-02 02:00:00+00:00,115.34660941983644,115.34660941983644,115.21671926784903,115.21754759302927
2026-09-02 03:00:00+00:00,115.21460924581204,115.22009504022314,115.12381609393637,115.1322644858537
2026-09-02 04:00:00+00:00,115.12928122799201,115.12928122799201,114.98706896551724,115.0084401824516
2026-09-02 05:00:00+00:00,114.99170359941674,115.01817293740753,114.86251455347774,114.86251455347774
2026-09-02 06:00:00+00:00,114.83413820857766,114.83413820857766,114.59384115762096,114.6246166442818
2026-09-02 07:00:00+00:00,114.67020061628632,114.73621464787922,114.59578257871753,114.67080272577783
2026-09-02 08:00:00+00:00,114.66775822076681,114.70579793340987,114.57830979446548,114.70579793340987
2026-09-02 09:00:00+00:00,114.70115519839275,114.71385931176992,114.6583521104525,114.70136616726938
2026-09-02 10:00:00+00:00,114.70178812318818,114.77682224742652,114.68068926926554,114.77682224742652
2026-09-02 11:00:00+00:00,114.79646780099073,114.80492252904264,114.6173343002592,114.62227232582018
2026-09-02 12:00:00+00:00,114.61376071690147,114.76551550652243,114.59084445338199,114.675068981375
2026-09-02 13:00:00+00:00,114.66613015642626,114.68417913879449,114.01618413954324,114.33557105052529
2026-09-02 14:00:00+00:00,114.41425852223567,114.6614885983845,114.32821628474899,114.62509387094909
2026-09-02 15:00:00+00:00,114.6573571990729,114.6787798255243,114.57895610862013,114.64101360863442
2026-09-02 16:00:00+00:00,114.64867440651531,114.72663839991908,114.6195369782345,114.72389536479322
2026-09-02 17:00:00+00:00,114.722792014561,114.80422110988319,114.71236141706692,114.76877067772368
2026-09-02 18:00:00+00:00,114.76620121215625,114.87838013614487,114.75851605678575,114.82819408721785
2026-09-02 19:00:00+00:00,114.83418828119353,114.86610464570283,114.7274330144232,114.7274330144232
2026-09-02 20:00:00+00:00,114.72537160282396,114.72972972972973,114.60371360450833,114.67750677506776
2026-09-02 21:00:00+00:00,114.66936474669363,114.69319011442573,114.63256062587136,114.64075425351297
2026-09-02 22:00:00+00:00,114.61041775004334,114.7219011846287,114.61041775004334,114.68433978618894
2026-09-02 23:00:00+00:00,114.7044589391871,114.78696741854635,114.69865942447707,114.76602168244818
2026-09-03 00:00:00+00:00,114.76492130335227,114.85768788883829,114.60028618092994,114.68346015160384
2026-09-03 01:00:00+00:00,114.6740662056407,114.6740662056407,114.40355100594968,114.5534307561106
2026-09-03 02:00:00+00:00,114.54043466633901,114.54043466633901,114.19823154728768,114.24047887568317
2026-09-03 03:00:00+00:00,114.230149147984,114.23541829328242,114.01596206118788,114.0828368137907
2026-09-03 04:00:00+00:00,114.1010159441773,114.14007028097932,113.95148692432306,113.99807690917372
2026-09-03 05:00:00+00:00,113.99528622449716,114.07027183342971,113.75484300005782,113.75484300005782
2026-09-03 06:00:00+00:00,113.7319668102576,113.77218228887956,113.54724867839658,113.6147043724105
2026-09-03 07:00:00+00:00,113.50954584900201,113.78616898148148,113.13868613138685,113.65919321454935
2026-09-03 08:00:00+00:00,113.71419473432817,113.7180535751768,113.39964213530762,113.49252909776995
2026-09-03 09:00:00+00:00,113.43667378943175,113.55696532545407,113.10883117447307,113.27390048014598
2026-09-03 10:00:00+00:00,113.22895771628852,113.29746794198785,113.12635337229595,113.2385326417664
2026-09-03 11:00:00+00:00,113.2565029372777,113.2565029372777,112.95554186745896,113.1715557617853
2026-09-03 12:00:00+00:00,113.20467463171325,113.20467463171325,112.66009959336334,112.79229112740086
2026-09-03 13:00:00+00:00,112.82378535170413,112.90381046282336,112.60725881261595,112.60725881261595
2026-09-03 14:00:00+00:00,112.69682543133118,112.8629713101389,112.61629423528387,112.70485859318346
2026-09-03 15:00:00+00:00,112.70370827017499,112.95278160586058,112.6767918534314,112.74124270830309
2026-09-03 16:00:00+00:00,112.75964391691393,112.87991050674103,112.7215736353676,112.81461041318714
2026-09-03 17:00:00+00:00,112.81140857240361,112.88081201173291,112.76276167325763,112.77801151943359
2026-09-03 18:00:00+00:00,112.77057219127204,112.83189370698345,112.72576924750837,112.77305561196366
2026-09-03 19:00:00+00:00,112.78800757141715,112.96528527831943,112.78257653227735,112.96372854065581
2026-09-03 20:00:00+00:00,112.98495013599275,113.01291352292512,112.92920944260773,112.94548354356967
2026-09-03 21:00:00+00:00,112.96332557346851,113.04369903954967,112.96332557346851,112.99952866103476
2026-09-03 22:00:00+00:00,112.98175912768609,113.19741011158561,112.98175912768609,113.19741011158561
2026-09-03 23:00:00+00:00,113.19590469422974,113.22051594379431,112.86975061096324,112.86975061096324
2026-09-04 00:00:00+00:00,112.81898808531004,113.07144048318217,112.63860183472931,112.95595295073169
2026-09-04 01:00:00+00:00,112.94898292178833,113.18108306076714,112.90310884210679,113.04716796379172
2026-09-04 02:00:00+00:00,113.02767864914266,113.18062172333529,113.00784111763126,113.16882872038808
2026-09-04 03:00:00+00:00,113.19947500852024,113.39409363466963,113.15716958419748,113.37185696470519
2026-09-04 04:00:00+00:00,113.36107828280997,113.42734918793504,113.31322330829248,113.34880179820902
2026-09-04 05:00:00+00:00,113.35745307164143,113.40037994692342,113.29480607058173,113.36282223269642
2026-09-04 06:00:00+00:00,113.3938541409864,113.45222209329309,113.19289340101523,113.3009962152521
2026-09-04 07:00:00+00:00,113.32438997860845,113.3823497422288,113.22251769837763,113.22969037511412
2026-09-04 08:00:00+00:00,113.25837161114572,113.33391300567354,113.24682287817531,113.33391300567354
2026-09-04 09:00:00+00:00,113.34855072463769,113.41959039967544,113.243881587527,113.35482468849608
2026-09-04 10:00:00+00:00,113.33845273368735,113.3573379507205,113.20851741870065,113.22063850744539
2026-09-04 11:00:00+00:00,113.23597589244321,113.24438069988629,113.12892056731424,113.21764961599767
2026-09-04 12:00:00+00:00,113.22155966294007,113.22698016931463,112.04234544130267,112.2727436627844
2026-09-04 13:00:00+00:00,112.41526034905525,112.6215904170876,112.31698429077579,112.47708540827668
2026-09-04 14:00:00+00:00,112.52706955793606,112.807287490338,112.52706955793606,112.7815583777614
2026-09-04 15:00:00+00:00,112.80324813246831,112.83387669242502,112.68025893708638,112.8302977739231
2026-09-04 16:00:00+00:00,112.82292223844566,112.82734998265695,112.74446034430424,112.74446034430424
2026-09-04 17:00:00+00:00,112.80224306629475,112.85686414775313,112.79479768786128,112.82805364471935
2026-09-04 18:00:00+00:00,112.81169389509888,112.9182592611325,112.80335816312522,112.88504476382475
2026-09-04 19:00:00+00:00,112.89625620533423,112.9883935350906,112.89625620533423,112.95646955905637
2026-09-04 20:00:00+00:00,112.95870564760996,112.96772887629402,112.89474064545966,112.9270144235983
2026-09-06 22:00:00+00:00,112.94486686518836,112.94992627714014,112.91294763849238,112.91416098068693
2026-09-06 23:00:00+00:00,112.89410914347668,112.93668635203804,112.84900449675396,112.90567401517889
2026-09-07 00:00:00+00:00,112.92143357881575,112.92143357881575,112.63941595287143,112.70514915337564
2026-09-07 01:00:00+00:00,112.72232987245856,112.84392394997468,112.7013505306689,112.76984786615111
2026-09-07 02:00:00+00:00,112.7656806700826,112.89271366224457,112.76071402760714,112.85621387283237
2026-09-07 03:00:00+00:00,112.87057174442381,112.87057174442381,112.77462997224791,112.78376444569719
2026-09-07 04:00:00+00:00,112.79108425723825,112.8656914893617,112.78587330499897,112.79363932056378
2026-09-07 05:00:00+00:00,112.79189945143501,112.81791834404204,112.64912153857276,112.64912153857276
2026-09-07 06:00:00+00:00,112.65613253917769,112.68503527234877,112.51952108276939,112.66923516188027
2026-09-07 07:00:00+00:00,112.69183781165736,112.69183781165736,112.46484117974562,112.47297522035588
2026-09-07 08:00:00+00:00,112.48056802817003,112.48056802817003,111.45990840755022,111.72526526685809
2026-09-07 09:00:00+00:00,111.7517720237234,111.8086199163761,111.56486203030632,111.7627059793695
2026-09-07 10:00:00+00:00,111.76581216364792,111.98572886286827,111.76581216364792,111.91932203880474
2026-09-07 11:00:00+00:00,111.94163795848652,111.9959181310251,111.86386722423998,111.94868900850841
2026-09-07 12:00:00+00:00,111.93749095644624,111.99600639555494,111.69664320676571,111.84634430632677
2026-09-07 13:00:00+00:00,111.85107954298623,111.92498461315664,111.74290945671132,111.88657248166143
2026-09-07 14:00:00+00:00,111.87098549528216,111.98777467155293,111.73283891246722,111.7422541535698
2026-09-07 15:00:00+00:00,111.77305580903548,111.81625277916584,111.70340652337639,111.78719337368588
2026-09-07 16:00:00+00:00,111.78144276157654,111.80264967783971,111.71048534831688,111.72547628185168
2026-09-07 17:00:00+00:00,111.729096820443,111.77186047521828,111.72058269860118,111.75086515210751
2026-09-07 18:00:00+00:00,111.74941719878952,111.75005610778486,111.71680467890438,111.71680467890438
2026-09-07 19:00:00+00:00,111.72804655606707,111.73196488155124,111.69740041685965,111.72391829880866
2026-09-07 20:00:00+00:00,111.7219616698512,111.76704821065283,111.7219616698512,111.72868104821197
2026-09-07 21:00:00+00:00,111.7349340014047,111.7349340014047,111.7349340014047,111.7349340014047
2026-09-07 22:00:00+00:00,111.7310226005878,111.75269673495983,111.61406633506374,111.6193868832993
2026-09-07 23:00:00+00:00,111.60563013163039,111.61175874303092,111.40587204333784,111.43565001955926
2026-09-08 00:00:00+00:00,111.45506574419532,111.45506574419532,111.20615972996856,111.38141313479532
2026-09-08 01:00:00+00:00,111.35479665375004,111.38184294012837,111.11666630437145,111.11666630437145
2026-09-08 02:00:00+00:00,111.08647289433829,111.08647289433829,110.79684998297485,111.05703774514063
2026-09-08 03:00:00+00:00,111.01512035454626,111.0888951673078,110.94480145476675,111.07472979629684
2026-09-08 04:00:00+00:00,111.08269641757525,111.253495211741,111.03231974967042,111.18758512765527
2026-09-08 05:00:00+00:00,111.19660348924826,111.30506643855973,111.07021230345627,111.16879350348029
2026-09-08 06:00:00+00:00,111.21021602453935,111.6022419931406,111.21006635964756,111.46071161944523
2026-09-08 07:00:00+00:00,111.50924798515683,111.63413006903754,111.46518978165686,111.48707912000289
2026-09-08 08:00:00+00:00,111.47129819576233,111.73849731585923,111.468362138963,111.70111794581985
2026-09-08 09:00:00+00:00,111.71534777221447,111.71534777221447,111.47052857308451,111.5293759601171
2026-09-08 10:00:00+00:00,111.5554042109229,111.67867356912717,111.52631502701765,111.67867356912717
2026-09-08 11:00:00+00:00,111.68199261458258,111.82660206970968,111.68199261458258,111.76104091804798
2026-09-08 12:00:00+00:00,111.75435037744323,111.77821403475728,111.51166159640735,111.53729005308502
2026-09-08 13:00:00+00:00,111.51581512044437,111.70096171293775,111.4892012241997,111.57358712288821
2026-09-08 14:00:00+00:00,111.62122553216189,111.91107366708547,111.62122553216189,111.77187812985353
2026-09-08 15:00:00+00:00,111.8111493301984,112.00470516478967,111.8111493301984,111.9307131868451
2026-09-08 16:00:00+00:00,111.92830969052714,111.94262550670408,111.86213297945626,111.88398859902962
2026-09-08 17:00:00+00:00,111.87861732836276,111.92820297026111,111.85741224252975,111.89120167158809
2026-09-08 18:00:00+00:00,111.89491554936444,112.01001197083471,111.453284184251,111.453284184251
2026-09-08 19:00:00+00:00,111.58615785387234,111.74067624437671,111.58615785387234,111.71933948575078
2026-09-08 20:00:00+00:00,111.70059932376545,111.75800412179618,111.6956433402026,111.71468580176598
2026-09-08 21:00:00+00:00,111.70660551257676,111.70660551257676,111.70660551257676,111.70660551257676
2026-09-08 22:00:00+00:00,111.68457169385667,111.68457169385667,111.47712266546704,111.53173676153718
2026-09-08 23:00:00+00:00,111.52852748273261,111.52855474050048,111.3670015096969,111.3884815841814
2026-09-09 00:00:00+00:00,111.36371885048962,111.58823828292286,111.26170598911071,111.49177447692061
2026-09-09 01:00:00+00:00,111.48114542880992,111.61822113221787,111.45208820241845,111.45208820241845
2026-09-09 02:00:00+00:00,111.45868110493387,111.52495392340401,111.40324770069468,111.43300982149985
2026-09-09 03:00:00+00:00,111.43454463624616,111.50004355527166,111.33367213590823,111.38953817564135
2026-09-09 04:00:00+00:00,111.4049478788583,111.42821879219969,111.30528853135073,111.4233229504745
2026-09-09 05:00:00+00:00,111.41025361766394,111.43315593439385,111.27100062439195,111.298577786167
2026-09-09 06:00:00+00:00,111.32078211560383,111.36149075539936,111.07423973975429,111.36149075539936
2026-09-09 07:00:00+00:00,111.32194675613263,111.33668794156301,111.16491813990633,111.16491813990633
2026-09-09 08:00:00+00:00,111.20766633997603,111.5344967768163,111.20766633997603,111.50728276883105
2026-09-09 09:00:00+00:00,111.51973058694594,111.51973058694594,111.34851112933542,111.48203505920596
2026-09-09 10:00:00+00:00,111.45398741846309,111.5051758783034,111.39647452411883,111.41221540202865
2026-09-09 11:00:00+00:00,111.41142666415126,111.43474979681876,111.26378015657453,111.27159444916454
2026-09-09 12:00:00+00:00,111.26644975742964,111.41100375309432,111.26644975742964,111.28731410986842
2026-09-09 13:00:00+00:00,111.26432443809011,111.2836994689341,111.14664926022628,111.16372839810579
2026-09-09 14:00:00+00:00,111.17405148216112,111.17405148216112,111.04492753623188,111.05891904430526
2026-09-09 15:00:00+00:00,111.05456232690996,111.34428223844283,111.05456232690996,111.20840757318963
2026-09-09 16:00:00+00:00,111.19939736783017,111.2928805752895,111.17705027317653,111.23536910418356
2026-09-09 17:00:00+00:00,111.225310184481,111.25348592952085,111.17018964692929,111.18774723602799
2026-09-09 18:00:00+00:00,111.18549269345853,111.31087336023121,111.16890643677328,111.2569445953483
2026-09-09 19:00:00+00:00,111.26902376657902,111.32861156976912,111.23034924221031,111.25610091676684
2026-09-09 20:00:00+00:00,111.26842162436182,111.28345498783455,111.2000521572832,111.2000521572832
2026-09-09 21:00:00+00:00,111.27772140889985,111.27772140889985,111.23205472900013,111.2399449235452
2026-09-09 22:00:00+00:00,111.2381283550301,111.24295504266819,111.10096728616456,111.10668299434089
2026-09-09 23:00:00+00:00,111.08212875412093,111.25855637246026,111.08212875412093,111.22154048983317
2026-09-10 00:00:00+00:00,111.23280526761849,111.32751952021556,111.18442495310246,111.31573992265466
2026-09-10 01:00:00+00:00,111.29313778743438,111.31224340547546,111.14547943816235,111.14547943816235
2026-09-10 02:00:00+00:00,111.15352853396695,111.21313279796085,111.06756590337793,111.128415379712
2026-09-10 03:00:00+00:00,111.12060847519014,111.15560930744552,111.08664793302239,111.09236028623579
2026-09-10 04:00:00+00:00,111.09791339238507,111.14466556588744,111.04640213249887,111.1428943861885
2026-09-10 05:00:00+00:00,111.14450414958793,111.28680598312268,111.12350516808031,111.28458512341608
2026-09-10 06:00:00+00:00,111.26646285805359,111.26646285805359,111.12052669317515,111.12052669317515
2026-09-10 07:00:00+00:00,111.13066655078259,111.20154673888644,111.0518044279641,111.08809791070718
2026-09-10 08:00:00+00:00,111.10580091094072,111.30657087609268,111.10580091094072,111.28504165157551
2026-09-10 09:00:00+00:00,111.28498257663023,111.35065066732325,111.24761994396462,111.29922229141623
2026-09-10 10:00:00+00:00,111.30011006835824,111.57297516355004,111.28353669575293,111.5149672862023
2026-09-10 11:00:00+00:00,111.51068202871699,111.57203027978404,111.47717734232538,111.57108531395652
2026-09-10 12:00:00+00:00,111.55997828840238,111.86099838689842,111.55997828840238,111.63974858779537
2026-09-10 13:00:00+00:00,111.5590678707513,111.63360965235884,111.45233201123303,111.46913464112825
2026-09-10 14:00:00+00:00,111.47372534263428,111.53255928424589,111.29407850964738,111.37011680585911
2026-09-10 15:00:00+00:00,111.37708951443666,111.58317097725082,111.35852142386767,111.58317097725082
2026-09-10 16:00:00+00:00,111.57172033198628,111.77045548339451,111.57172033198628,111.65099835717957
2026-09-10 17:00:00+00:00,111.64300290912249,111.69687581434403,111.5783610162625,111.59291331177522
2026-09-10 18:00:00+00:00,111.58503942704188,111.64640628276796,111.58503942704188,111.58996905099355
2026-09-10 19:00:00+00:00,111.59611004663606,111.62419115786429,111.56445864569253,111.56974012361296
2026-09-10 20:00:00+00:00,111.56668136507224,111.6758350983468,111.55464006938422,111.634110723942
2026-09-10 21:00:00+00:00,111.64669381142828,111.65457320822692,111.64669381142828,111.64743752034433
2026-09-10 22:00:00+00:00,111.65275217752719,111.71206338191072,111.5851102276834,111.5851102276834
2026-09-10 23:00:00+00:00,111.58519396598457,111.74276917739908,111.5749073009953,111.64863282520547
2026-09-11 00:00:00+00:00,111.6303444287831,111.73477500397519,111.54913695897302,111.67554517922066
2026-09-11 01:00:00+00:00,111.67665319870189,111.67665319870189,111.46785012142938,111.55052541809405
2026-09-11 02:00:00+00:00,111.536766034327,111.63523375966471,111.53320954562204,111.5409068577869
2026-09-11 03:00:00+00:00,111.55013221205948,111.58579744897222,111.49328131772864,111.53418284789645
2026-09-11 04:00:00+00:00,111.512038662419,111.56086070607957,111.47735236952957,111.52142655867284
2026-09-11 05:00:00+00:00,111.5220658362475,111.5220658362475,111.30157032497705,111.34004972247918
2026-09-11 06:00:00+00:00,111.32616850123952,111.43028516093598,111.25723493579785,111.42066313994161
2026-09-11 07:00:00+00:00,111.3889651783004,111.4856221950814,111.357394773358,111.45446398889965
2026-09-11 08:00:00+00:00,111.45671482153311,111.5210603914313,111.26117667451503,111.29222125127286
2026-09-11 09:00:00+00:00,111.27433986248339,111.36765778583448,111.23273428305306,111.28072557118512
2026-09-11 10:00:00+00:00,111.25753691735567,111.29779921441775,111.0815295815296,111.08938607946553
2026-09-11 11:00:00+00:00,111.06942650804072,111.15808306340493,111.0472919342502,111.13604386882643
2026-09-11 12:00:00+00:00,111.14454788193693,111.28928800513148,110.70240869119843,110.70240869119843
2026-09-11 13:00:00+00:00,110.6262215394823,110.81352068786427,110.58524943580426,110.66312767768274
2026-09-11 14:00:00+00:00,110.67227315018499,110.7823766945486,110.62230677216192,110.62825262733001
2026-09-11 15:00:00+00:00,110.61383655052114,110.86062913764009,110.5995732779748,110.85780636972076
2026-09-11 16:00:00+00:00,110.86340327012817,110.87759282231775,110.82521436246547,110.87676272225629
2026-09-11 17:00:00+00:00,110.88486894303314,110.89968767356476,110.85746022128936,110.85851118307643
2026-09-11 18:00:00+00:00,110.85338410939934,110.9004739336493,110.8430259808623,110.87654258656876
2026-09-11 19:00:00+00:00,110.88279841327082,110.89524468867639,110.82158693536178,110.85049910564885
2026-09-11 20:00:00+00:00,110.85681724742322,110.85681724742322,110.63319060594266,110.65701430549146
