datetime,open,high,low,close
2026-03-12 02:00:00+00:00,1.577195054087431,1.5788006906020977,1.577195054087431,1.57854619565217
2026-03-12 03:00:00+00:00,1.5787592580009473,1.5792672150091727,1.5780572949917784,1.5780572949917784
2026-03-12 04:00:00+00:00,1.5783124346207629,1.5801548531072642,1.5783124346207629,1.5801548531072642
2026-03-12 05:00:00+00:00,1.5800315663437428,1.5817280858189107,1.5790746982711716,1.581227289429629
2026-03-12 06:00:00+00:00,1.5815741837137407,1.583988339304441,1.581143929503912,1.581875323120455
2026-03-12 07:00:00+00:00,1.5817471871130968,1.5822869192571893,1.579538662174642,1.5802682174545117
2026-03-12 08:00:00+00:00,1.579761516731852,1.5803410094422894,1.5785838354231083,1.5797654795711742
2026-03-12 09:00:00+00:00,1.5800326219926561,1.5823018960311164,1.5798556849529104,1.5808646754410947
2026-03-12 10:00:00+00:00,1.5807279641450458,1.5821871262368123,1.5800768781494874,1.5812645224409891
2026-03-12 11:00:00+00:00,1.5811233085158374,1.5816197556367946,1.5790644369396822,1.5805023159782083
2026-03-12 12:00:00+00:00,1.5807608695652138,1.581099815157113,1.578825064209707,1.5794804170801633
2026-03-12 13:00:00+00:00,1.5799140767327366,1.5850473927176334,1.579428711202909,1.5850473927176334
2026-03-12 14:00:00+00:00,1.5848178331080949,1.586388508891925,1.5835470668485634,1.5856685895508067
2026-03-12 15:00:00+00:00,1.5863512607571348,1.5886343081097336,1.5851456204578946,1.5862068965517204
2026-03-12 16:00:00+00:00,1.586511507062857,1.5879074226239343,1.5852438857767415,1.5864238048353536
2026-03-12 17:00:00+00:00,1.5862955266323924,1.5875068418171827,1.585862035987044,1.5871400232574011
2026-03-12 18:00:00+00:00,1.5869535481752988,1.587417182281111,1.586436552110823,1.586659548839242
2026-03-12 19:00:00+00:00,1.5866184844502806,1.5877608588486574,1.5866184844502806,1.5876215254005164
2026-03-12 20:00:00+00:00,1.5875248202670278,1.5877301117685698,1.5868517605826586,1.5874135451619487
2026-03-12 21:00:00+00:00,1.587518150187662,1.5881474376541478,1.5874150777996894,1.5881393787424083
2026-03-12 22:00:00+00:00,1.5885012742868059,1.5889624361029986,1.5876586481194939,1.5878237774492046
2026-03-12 23:00:00+00:00,1.5879211906294028,1.5888863016888284,1.5877658846395974,1.5888073193447614
2026-03-13 00:00:00+00:00,1.5889159728308464,1.5898901038669142,1.587085567348721,1.5873315548259073
2026-03-13 01:00:00+00:00,1.5870599819479732,1.5876127760360295,1.586215850541877,1.586916655262073
2026-03-13 02:00:00+00:00,1.5867221279623405,1.5882699554641961,1.5859937926414045,1.5875248202670276
2026-03-13 03:00:00+00:00,1.5874104807679101,1.589860422985599,1.5870095019031147,1.588314304902615
2026-03-13 04:00:00+00:00,1.5883167258323125,1.5895918843603676,1.5880554870192134,1.5892781185252225
2026-03-13 05:00:00+00:00,1.5892514132045399,1.589948796793275,1.5886781585551446,1.5889350841806236
2026-03-13 06:00:00+00:00,1.5889317218388554,1.5928225317989053,1.5888405657918168,1.5918246527060664
2026-03-13 07:00:00+00:00,1.591440492419544,1.5928413793103402,1.59098244210584,1.590994966558639
2026-03-13 08:00:00+00:00,1.5908633222527164,1.5915522120229098,1.586722471569784,1.5868364888123878
2026-03-13 09:00:00+00:00,1.586795517744551,1.588759433702414,1.586011082236792,1.5882385346370977
2026-03-13 10:00:00+00:00,1.5883559851833455,1.5888507978467041,1.587842948497555,1.5883259911894227
2026-03-13 11:00:00+00:00,1.5879681866967512,1.5896958924117741,1.5873910533117006,1.587399994501412
2026-03-13 12:00:00+00:00,1.5870524362586722,1.5882263984932385,1.5869155795059273,1.587178642056687
2026-03-13 13:00:00+00:00,1.5881164995191606,1.5909241060368278,1.5881164995191606,1.5889469342864957
2026-03-13 14:00:00+00:00,1.5886186462816012,1.591891369745808,1.5885596424888238,1.591381236809067
2026-03-13 15:00:00+00:00,1.591313585629333,1.594244206157035,1.590669645319649,1.594244206157035
2026-03-13 16:00:00+00:00,1.593948449757187,1.5944255307370765,1.59216819174522,1.5932983916693133
2026-03-13 17:00:00+00:00,1.5932344033081127,1.5940340633949905,1.5919250279900992,1.5938909332374138
2026-03-13 18:00:00+00:00,1.593832574740944,1.594047487270308,1.592330448726806,1.5928953811677762
2026-03-13 19:00:00+00:00,1.592876409156922,1.5938803508820512,1.5927417680521487,1.5938803508820512
2026-03-13 20:00:00+00:00,1.5939488018184043,1.5956082394092457,1.5939488018184043,1.5956082394092457
2026-03-15 21:00:00+00:00,1.5953778888194832,1.5956105014585316,1.5938722294654453,1.5943102969747394
2026-03-15 22:00:00+00:00,1.5953537428182818,1.5954444444444407,1.5940378426367734,1.5947010681093041
2026-03-15 23:00:00+00:00,1.5940103986135146,1.5949837693865616,1.592932734929074,1.5934582028760598
2026-03-16 00:00:00+00:00,1.592858725148138,1.5941960762595666,1.5921254615607976,1.593755619803839
2026-03-16 01:00:00+00:00,1.5934763663526539,1.5958004521309752,1.5929338202744536,1.5936258839484607
2026-03-16 02:00:00+00:00,1.5938408304498233,1.5946761952246373,1.593480517682881,1.5946761952246373
2026-03-16 03:00:00+00:00,1.5946047001149375,1.5951431025406548,1.5936328292541153,1.594269102990029
2026-03-16 04:00:00+00:00,1.594249643544342,1.5944717700034599,1.5937270751726673,1.5943860232483988
2026-03-16 05:00:00+00:00,1.594190652962846,1.594190652962846,1.5905243942914,1.5911732152739304
2026-03-16 06:00:00+00:00,1.5908116258801683,1.590902173461902,1.5898166330171155,1.5900322210390898
2026-03-16 07:00:00+00:00,1.5898989060836095,1.5903954802259848,1.589394715351499,1.5903215985829695
2026-03-16 08:00:00+00:00,1.590020191961936,1.5921902890589286,1.590020191961936,1.5909335913205678
2026-03-16 09:00:00+00:00,1.5911598390686965,1.591928747268549,1.590666777151692,1.591088698535503
2026-03-16 10:00:00+00:00,1.5911590758346188,1.5915485187841298,1.5890297798521296,1.5890297798521296
2026-03-16 11:00:00+00:00,1.589059960889081,1.590211330625727,1.588295193405894,1.5895586089159313
2026-03-16 12:00:00+00:00,1.5894354272498206,1.5894354272498206,1.588336451683906,1.5886920249452736
2026-03-16 13:00:00+00:00,1.588372893016852,1.588964738913811,1.5870813528587482,1.5876055178093433
2026-03-16 14:00:00+00:00,1.587297230532755,1.588887665804388,1.5866214676859274,1.5881115997800954
2026-03-16 15:00:00+00:00,1.5878917789961073,1.589947963987772,1.5878917789961073,1.589510758901542
2026-03-16 16:00:00+00:00,1.589403153463027,1.590936614097373,1.5891678583214128,1.5907170673308433
2026-03-16 17:00:00+00:00,1.590366745477535,1.5907071429553892,1.5898824661488726,1.5902399427659422
2026-03-16 18:00:00+00:00,1.5902169277961913,1.5906338811318381,1.5892132118950912,1.5894902929272103
2026-03-16 19:00:00+00:00,1.5894214150503376,1.5897995307290131,1.5883289415898068,1.588422583921166
2026-03-16 20:00:00+00:00,1.588659100577745,1.5888483084358482,1.5883240928802729,1.5884848235245628
2026-03-16 21:00:00+00:00,1.58876361289259,1.5890236032349716,1.587223418702585,1.588147294162855
2026-03-16 22:00:00+00:00,1.587418536049938,1.5883620689655136,1.587418536049938,1.5880075244751373
2026-03-16 23:00:00+00:00,1.5880244947275888,1.5881246051149593,1.5872140102386705,1.5874972545574315
2026-03-17 00:00:00+00:00,1.587834589977061,1.588089841335253,1.586789111724248,1.5878183466578717
2026-03-17 01:00:00+00:00,1.5874402505356813,1.5875242111625443,1.5837397928426555,1.5837397928426555
2026-03-17 02:00:00+00:00,1.5836438866662979,1.5851785836703878,1.5828791323162852,1.5851785836703878
2026-03-17 03:00:00+00:00,1.5850311223230658,1.591051675747066,1.5837076189954502,1.5868147558313506
2026-03-17 04:00:00+00:00,1.5870060685943344,1.5879726313475453,1.584783621563841,1.5860971662140257
2026-03-17 05:00:00+00:00,1.5860928969244663,1.5860928969244663,1.5822966703616996,1.5848730267673263
2026-03-17 06:00:00+00:00,1.5852030868096525,1.5860613476688676,1.5838329514741558,1.5842971011510303
2026-03-17 07:00:00+00:00,1.5847285502552526,1.5878225285967311,1.5847234416154485,1.5870579837469763
2026-03-17 08:00:00+00:00,1.5867160697131841,1.587545324689591,1.5856933426500575,1.5857246565397805
2026-03-17 09:00:00+00:00,1.585902299401522,1.5863840631336623,1.5848116513359578,1.5851866044423726
2026-03-17 10:00:00+00:00,1.58492244931484,1.585691382216311,1.584502511737407,1.584693542202987
2026-03-17 11:00:00+00:00,1.5845372259575194,1.5860660792347818,1.5845372259575194,1.5860660792347818
2026-03-17 12:00:00+00:00,1.5859635177545977,1.5861227622885623,1.5839293284286207,1.5844326275067289
2026-03-17 13:00:00+00:00,1.5848117875399765,1.5848117875399765,1.5818813905930433,1.5822781355747155
2026-03-17 14:00:00+00:00,1.5827554196472415,1.584984016830138,1.5823409856638124,1.5845332094751474
2026-03-17 15:00:00+00:00,1.5846105510477249,1.5865033194168743,1.5840052477655964,1.5840052477655964
2026-03-17 16:00:00+00:00,1.5841876486508617,1.584428549937771,1.5832855387136384,1.5838228463703143
2026-03-17 17:00:00+00:00,1.583629309873774,1.5838111620795075,1.5831150761172008,1.5833879065706145
2026-03-17 18:00:00+00:00,1.5834129171327969,1.5852329377057206,1.5834129171327969,1.584862886485302
2026-03-17 19:00:00+00:00,1.5851809352075699,1.5853618555856044,1.58445779841573,1.58445779841573
2026-03-17 20:00:00+00:00,1.5844714558863662,1.5851259987707405,1.5843687703104914,1.5851259987707405
2026-03-17 21:00:00+00:00,1.585552473732388,1.5858933869269753,1.5838521188291794,1.5849329853947745
2026-03-17 22:00:00+00:00,1.5845406010623009,1.5845406010623009,1.5836574282556148,1.5837086165015386
2026-03-17 23:00:00+00:00,1.5836460650390936,1.5841148926294486,1.5834299826713385,1.5834379434559507
2026-03-18 00:00:00+00:00,1.5837871777022472,1.584084330110871,1.5827147691300036,1.5829363833649492
2026-03-18 01:00:00+00:00,1.582038656172844,1.5822544779886185,1.5807612117247825,1.581810495308746
2026-03-18 02:00:00+00:00,1.5818786820859663,1.5841927684511004,1.5818548772006344,1.5841039159712036
2026-03-18 03:00:00+00:00,1.5839558608633861,1.584355618698939,1.5823729183431268,1.5823774125349483
2026-03-18 04:00:00+00:00,1.5822367075315997,1.5833083158210708,1.5814923339011888,1.582528904886558
2026-03-18 05:00:00+00:00,1.5826015816743895,1.583118530338362,1.581999046126589,1.5822703733987427
2026-03-18 06:00:00+00:00,1.5822817584693758,1.5825938799154875,1.5814982772943273,1.5817344380246339
2026-03-18 07:00:00+00:00,1.5817081646837527,1.5825571087623556,1.5804573407693212,1.5808739294091938
2026-03-18 08:00:00+00:00,1.5809056192034878,1.5830181723850707,1.5809056192034878,1.5826282751091667
2026-03-18 09:00:00+00:00,1.5826725443900003,1.58312966780901,1.582277272293229,1.5825752512922593
2026-03-18 10:00:00+00:00,1.5827854317282735,1.5846248378507506,1.5827854317282735,1.584589546124853
2026-03-18 11:00:00+00:00,1.5849561631114595,1.5864754098360616,1.5848297129134337,1.5863764908397846
2026-03-18 12:00:00+00:00,1.5862455258340353,1.5901533472573337,1.5862455258340353,1.5901533472573337
2026-03-18 13:00:00+00:00,1.5900895948991336,1.590615932562325,1.5888426631516763,1.5893631622289284
2026-03-18 14:00:00+00:00,1.5895595118804093,1.5897105050033593,1.5872517713486882,1.5872517713486882
2026-03-18 15:00:00+00:00,1.5871000438308094,1.5878909998080943,1.58639753677728,1.5867881861166275
2026-03-18 16:00:00+00:00,1.5869565217391268,1.5870015216527027,1.5855201884621668,1.5856311211560814
2026-03-18 17:00:00+00:00,1.5858743596065823,1.5862782160859044,1.5855964484393374,1.5862782160859044
2026-03-18 18:00:00+00:00,1.5855821336690532,1.587798539784676,1.5855391016341351,1.5873834474791608
2026-03-18 19:00:00+00:00,1.5875630853009493,1.5901684541369099,1.587094290859598,1.5897075443093762
2026-03-18 20:00:00+00:00,1.5897969592126446,1.591282122133182,1.5894746995921027,1.5901609919089792
2026-03-18 21:00:00+00:00,1.5901188881677932,1.5906461011612936,1.5883171645904495,1.5892204838376145
2026-03-18 22:00:00+00:00,1.5894265232974876,1.5901817981185653,1.589219920791529,1.5901406312535329
2026-03-18 23:00:00+00:00,1.5904861820490839,1.5906945287914718,1.5898666446016536,1.5898666446016536
2026-03-19 00:00:00+00:00,1.5898750930598027,1.5908858943767807,1.5878651004585664,1.5879859629807984
2026-03-19 01:00:00+00:00,1.5877311248073926,1.5896327103962062,1.5877311248073926,1.5887835028839632
2026-03-19 02:00:00+00:00,1.5891020256406687,1.5897347571477747,1.5877123069312338,1.5889476001761302
2026-03-19 03:00:00+00:00,1.5889046354517775,1.5889046354517775,1.5872269646858252,1.5877027640576165
2026-03-19 04:00:00+00:00,1.5879883847350058,1.5887627758340417,1.5877544279757196,1.5887627758340417
2026-03-19 05:00:00+00:00,1.5886322632180547,1.5895912318191179,1.5878668575518933,1.589372846312884
2026-03-19 06:00:00+00:00,1.5892908827785779,1.589355132199274,1.5881793889975446,1.5881793889975446
2026-03-19 07:00:00+00:00,1.588375456235793,1.5895430785993043,1.5873842592592557,1.589020873860074
2026-03-19 08:00:00+00:00,1.5886401566874901,1.5889730535204232,1.5860055096418695,1.5864800451859058
2026-03-19 09:00:00+00:00,1.5865397857162493,1.5871189706185884,1.5853698720412948,1.5859283781370586
2026-03-19 10:00:00+00:00,1.586060955835872,1.5866767496218857,1.585346083037943,1.5865530042623366
2026-03-19 11:00:00+00:00,1.5866596999738714,1.5897541887125184,1.5864723673357126,1.5891421649598025
2026-03-19 12:00:00+00:00,1.5896316695352803,1.5957599712540387,1.5896267331231293,1.5954232208703298
2026-03-19 13:00:00+00:00,1.5959301522393796,1.5997507615618909,1.5945180106709385,1.595155137509809
2026-03-19 14:00:00+00:00,1.5944380228973982,1.595084836873368,1.5924489908155932,1.5936235792718128
2026-03-19 15:00:00+00:00,1.5934601304670903,1.595912231585041,1.5926877524662655,1.5955300796428435
2026-03-19 16:00:00+00:00,1.5954125912660106,1.5963037430798435,1.5937693333516607,1.595941670105926
2026-03-19 17:00:00+00:00,1.5957748222316934,1.5984222699487818,1.5957748222316934,1.5973645881997274
2026-03-19 18:00:00+00:00,1.597537345225167,1.5975693585196147,1.5958640941899684,1.5964176568131634
2026-03-19 19:00:00+00:00,1.5957819775403965,1.5957819775403965,1.5930631258281729,1.594500636437044
2026-03-19 20:00:00+00:00,1.5944329642959743,1.594922329432693,1.5940210699138015,1.5945568736915525
2026-03-19 21:00:00+00:00,1.5950832911288408,1.5951233536869163,1.593556415551024,1.5936371100164168
2026-03-19 22:00:00+00:00,1.593785048007218,1.5946086409453306,1.5931248547167451,1.5940691656854924
2026-03-19 23:00:00+00:00,1.5938962638565723,1.5944587487673898,1.5927172247756585,1.5942729588343203
2026-03-20 00:00:00+00:00,1.5939014705479602,1.5951405352811354,1.5933637222290629,1.5934231422156473
2026-03-20 01:00:00+00:00,1.5924330091509666,1.5926275733683715,1.590834495774182,1.591861595105456
2026-03-20 02:00:00+00:00,1.5918995866297974,1.592360873434181,1.5906504732206321,1.5907499110831405
2026-03-20 03:00:00+00:00,1.5908966536240967,1.5915452453987695,1.5904066108466008,1.5911692223439176
2026-03-20 04:00:00+00:00,1.5910901797571255,1.591829747606849,1.5897562176803706,1.5897642858119996
2026-03-20 05:00:00+00:00,1.5900253129917183,1.5903599622388496,1.5886485082887993,1.5902240716153104
2026-03-20 06:00:00+00:00,1.5900077999917859,1.592574332004872,1.5897274604455225,1.592034622548479
2026-03-20 07:00:00+00:00,1.5923257120155585,1.592550975663228,1.589939461852764,1.5914915147619857
2026-03-20 08:00:00+00:00,1.591157048521386,1.5924070728636301,1.591157048521386,1.5917736241482132
2026-03-20 09:00:00+00:00,1.59188142389861,1.593927997913775,1.5916591412856052,1.5938490674791022
2026-03-20 10:00:00+00:00,1.5935376717499585,1.5956027667984152,1.5931849695904632,1.595219145374204
2026-03-20 11:00:00+00:00,1.595204435965354,1.595204435965354,1.5936288809455297,1.5937191848361965
2026-03-20 12:00:00+00:00,1.593474004189998,1.59463460773965,1.5928978206111015,1.5939037594397123
2026-03-20 13:00:00+00:00,1.594023713247889,1.59778927951986,1.5937722712570548,1.5975636613902235
2026-03-20 14:00:00+00:00,1.5975225380221558,1.5997849195516363,1.5969177846577192,1.5985227444981842
2026-03-20 15:00:00+00:00,1.5980637875950165,1.6002232850467897,1.5973665020157093,1.6001240694789045
2026-03-20 16:00:00+00:00,1.6003832262689166,1.6014911180629208,1.5998074145401986,1.6010247087017564
2026-03-20 17:00:00+00:00,1.6007931262392563,1.602503653459064,1.6004019104510445,1.6018163777183612
2026-03-20 18:00:00+00:00,1.6019706470061288,1.6061096360216804,1.6019706470061288,1.6060949641879336
2026-03-20 19:00:00+00:00,1.6057054400707613,1.6067327116252001,1.6052002927408515,1.6056997610134096
2026-03-20 20:00:00+00:00,1.6054743063899093,1.6070604809192954,1.6050877168766957,1.6070604809192954
2026-03-22 21:00:00+00:00,1.6071877460256039,1.6080403398494123,1.6066472432029344,1.6078247174868032
2026-03-22 22:00:00+00:00,1.6086614173228309,1.6086614173228309,1.6067037874193686,1.6076446822299708
2026-03-22 23:00:00+00:00,1.6077476831420967,1.607956425813565,1.6068835338045404,1.607453964053365
2026-03-23 00:00:00+00:00,1.607452029113362,1.6092611790724958,1.606597796143247,1.6084506264071674
2026-03-23 01:00:00+00:00,1.6086710311869796,1.6106198358526507,1.6072645034957282,1.6098457118388845
2026-03-23 02:00:00+00:00,1.609673231500148,1.612398055967097,1.608755073304063,1.6116984474026472
2026-03-23 03:00:00+00:00,1.6115231348239945,1.6125847985601514,1.610944392969254,1.6118430156928916
2026-03-23 04:00:00+00:00,1.6114522821576722,1.6128933996095385,1.6114522821576722,1.6127375662693926
2026-03-23 05:00:00+00:00,1.6124652244321684,1.6148498640173132,1.612268902911543,1.6142799661454321
2026-03-23 06:00:00+00:00,1.6143235779803746,1.6151335888462997,1.613419018140932,1.6151335888462997
2026-03-23 07:00:00+00:00,1.6156495652898495,1.616644668287596,1.6141020127897419,1.6152499756900514
2026-03-23 08:00:00+00:00,1.6149189069095717,1.6151848096342665,1.6115843270868784,1.612617859123679
2026-03-23 09:00:00+00:00,1.6128562513001836,1.6143661775954343,1.6120260277203509,1.6132142409950294
2026-03-23 10:00:00+00:00,1.613485491615054,1.6192133025920454,1.6131191805035523,1.6164234493149885
2026-03-23 11:00:00+00:00,1.6163103655050233,1.6165120981800396,1.6041059347670608,1.6121483694299188
2026-03-23 12:00:00+00:00,1.6130179644033509,1.6135514406709253,1.6082893579595388,1.6099267384162814
2026-03-23 13:00:00+00:00,1.6102312408919643,1.6125122513493702,1.608349599978002,1.608349599978002
2026-03-23 14:00:00+00:00,1.6076533978447292,1.6087895460797759,1.6056791408689899,1.6067255472049993
2026-03-23 15:00:00+00:00,1.606949891665063,1.6149393529135432,1.6059817589219652,1.6145726838164145
2026-03-23 16:00:00+00:00,1.6140978534132624,1.6156910479141269,1.61258479016158,1.6128738549828898
2026-03-23 17:00:00+00:00,1.6122845719012786,1.6131185524355895,1.6103287030669746,1.6121313146619973
2026-03-23 18:00:00+00:00,1.6122935350112237,1.6148373843629757,1.6122935350112237,1.6138454556706097
2026-03-23 19:00:00+00:00,1.6138152102135113,1.6146137729503185,1.613233372308958,1.6142937860893254
2026-03-23 20:00:00+00:00,1.6146624574366857,1.6147737612705728,1.6138252277331384,1.6143264737908467
2026-03-23 21:00:00+00:00,1.6144556721212,1.6148745519713223,1.6120898480510863,1.6148745519713223
2026-03-23 22:00:00+00:00,1.6143987210936814,1.6143987210936814,1.6110431135254033,1.6115413714835918
2026-03-23 23:00:00+00:00,1.6118663657878765,1.6133375596041968,1.6115865067136215,1.6128436828475357
2026-03-24 00:00:00+00:00,1.6132032574097765,1.616945024837755,1.6132032574097765,1.6148320070733821
2026-03-24 01:00:00+00:00,1.6151072178622707,1.6182981906846539,1.6139818048787182,1.618196925633565
2026-03-24 02:00:00+00:00,1.618494867923479,1.6191987361594176,1.6168367770309475,1.618713207285819
2026-03-24 03:00:00+00:00,1.6188319064638534,1.6191591375200893,1.6177162629757742,1.6184150378856053
2026-03-24 04:00:00+00:00,1.6183820473749786,1.6190859059844425,1.6181558790531423,1.6184445706843238
2026-03-24 05:00:00+00:00,1.6184392839328232,1.6201994424487831,1.6182681788597584,1.6188483706495191
2026-03-24 06:00:00+00:00,1.6187058334487971,1.6187058334487971,1.6152942639600885,1.615413310490608
2026-03-24 07:00:00+00:00,1.6148640249713373,1.6175039398379787,1.6125746689789924,1.6171226538870511
2026-03-24 08:00:00+00:00,1.6170036460059625,1.6203660058228162,1.6166461721265,1.6201849105249255
2026-03-24 09:00:00+00:00,1.6201671818900107,1.6214892317939569,1.618778718928192,1.61889205725201
2026-03-24 10:00:00+00:00,1.6192322068860454,1.6199105052436127,1.6177011716858678,1.6178155353239023
2026-03-24 11:00:00+00:00,1.6172964151360878,1.6202945990179993,1.6172964151360878,1.6189599058236923
2026-03-24 12:00:00+00:00,1.6194459833794972,1.622113035753938,1.6192738049077675,1.6211915200621525
2026-03-24 13:00:00+00:00,1.6214044873662699,1.6214044873662699,1.6187657675140654,1.6187657675140654
2026-03-24 14:00:00+00:00,1.6185627000290912,1.6201450420843868,1.61771616541353,1.6197226032616938
2026-03-24 15:00:00+00:00,1.6192560175054662,1.6203914176415104,1.617547261269991,1.6185104082933688
2026-03-24 16:00:00+00:00,1.618618576992913,1.6198472012312597,1.618003350362029,1.6189928496203057
2026-03-24 17:00:00+00:00,1.6188028266592724,1.622530001529622,1.6188028266592724,1.6208892652386926
2026-03-24 18:00:00+00:00,1.6206992269364715,1.620909494971939,1.6181664682924088,1.618640545333625
2026-03-24 19:00:00+00:00,1.6183895312608145,1.6186663711665747,1.6174875484227962,1.6186492326444641
2026-03-24 20:00:00+00:00,1.6185318559556747,1.6187223784652431,1.613998346651966,1.6158528169597222
2026-03-24 21:00:00+00:00,1.6157370985328379,1.617667375866924,1.6151818370022732,1.616460291823687
2026-03-24 22:00:00+00:00,1.616198835251576,1.6173949057775898,1.6156700462100797,1.615856770438209
2026-03-24 23:00:00+00:00,1.6159427286646302,1.6170203952001505,1.6157060697587777,1.6166351554629348
2026-03-25 00:00:00+00:00,1.6171505086898266,1.6186156331552088,1.6163826384292923,1.6179068226981637
2026-03-25 01:00:00+00:00,1.617321596114572,1.6194780781776925,1.6169839955849852,1.6193333425502165
2026-03-25 02:00:00+00:00,1.6195480819758232,1.6204295718121133,1.618769788051815,1.620302052907705
2026-03-25 03:00:00+00:00,1.6200467813594237,1.6205497472824164,1.6190983413797357,1.619224171324217
2026-03-25 04:00:00+00:00,1.6188480371815048,1.61936993051518,1.6183548155114194,1.619071344543626
2026-03-25 05:00:00+00:00,1.6191596871322727,1.619273739149692,1.6182175368694791,1.618946085897041
2026-03-25 06:00:00+00:00,1.6191049818614787,1.6195111818874155,1.6184083044982656,1.6193653782257131
2026-03-25 07:00:00+00:00,1.6196217952267524,1.6213025949375819,1.6190094078583246,1.620644750148923
2026-03-25 08:00:00+00:00,1.6206313572240199,1.6206313572240199,1.6175568511508345,1.6183022442235058
2026-03-25 09:00:00+00:00,1.6185320390497484,1.621316701316697,1.6177714506855332,1.6204570637119073
2026-03-25 10:00:00+00:00,1.6204619091135628,1.6222336236064079,1.620370754939011,1.6216006538935719
2026-03-25 11:00:00+00:00,1.6217946053779935,1.6223837330263353,1.6207245132522736,1.6218290638551338
2026-03-25 12:00:00+00:00,1.6216328509105975,1.6234175458078801,1.620815370326726,1.6215380348103423
2026-03-25 13:00:00+00:00,1.621040959179426,1.6215949658975632,1.6194950250824491,1.6215949658975632
2026-03-25 14:00:00+00:00,1.6216854744566083,1.6216854744566083,1.6187829991269482,1.6191947461760103
2026-03-25 15:00:00+00:00,1.619004086155547,1.6207682156004681,1.6179402914708003,1.6181747594353968
2026-03-25 16:00:00+00:00,1.618263244734685,1.6185890319715766,1.6173116625791482,1.6181699672713112
2026-03-25 17:00:00+00:00,1.618098116974954,1.6190839271356046,1.6178499210548143,1.6190839271356046
2026-03-25 18:00:00+00:00,1.6191651301104892,1.6203542896839138,1.6186411318819856,1.619792028210855
2026-03-25 19:00:00+00:00,1.6199463911225882,1.620649410195486,1.6195131434602048,1.6199775003124917
2026-03-25 20:00:00+00:00,1.6196719490007039,1.6200447414859136,1.6195066392577324,1.619901078137153
2026-03-25 21:00:00+00:00,1.6196807402158921,1.6202828877896918,1.6194802128043742,1.6202684675671126
2026-03-25 22:00:00+00:00,1.6201956479448592,1.6212698500987248,1.6191263052654923,1.6200333425951612
2026-03-25 23:00:00+00:00,1.6202292462660608,1.621652065081348,1.6202292462660608,1.621109551147496
2026-03-26 00:00:00+00:00,1.6209225723061487,1.6218472197103506,1.6204261939821594,1.6217016955753651
2026-03-26 01:00:00+00:00,1.6215378197997736,1.6221486591743592,1.6213106553276597,1.6215265711227527
2026-03-26 02:00:00+00:00,1.6215265711227527,1.622577951002223,1.6212043303639636,1.6221687350436822
2026-03-26 03:00:00+00:00,1.621918646708582,1.6219362915565405,1.6199533514744224,1.6203310283540184
2026-03-26 04:00:00+00:00,1.6204779958060755,1.6207107247503811,1.6191658804595108,1.6196549761980725
2026-03-26 05:00:00+00:00,1.6196860557105341,1.620159453302957,1.6187754082666144,1.6195563087779696
2026-03-26 06:00:00+00:00,1.6195304903458774,1.620325836136669,1.6188790314743042,1.6196709932671578
2026-03-26 07:00:00+00:00,1.6196043040610857,1.6208503122261895,1.6196043040610857,1.6208503122261895
2026-03-26 08:00:00+00:00,1.6203813152734663,1.622318074300817,1.6201746579152254,1.6208871404940255
2026-03-26 09:00:00+00:00,1.6210583393582074,1.6231238339227494,1.6210103425266862,1.6222713802746318
2026-03-26 10:00:00+00:00,1.6220002504138742,1.6229001684040543,1.6219671675013871,1.6225782206881154
2026-03-26 11:00:00+00:00,1.622448269624142,1.6233086171505136,1.622159923009327,1.6233086171505136
2026-03-26 12:00:00+00:00,1.6236069603105845,1.6261760635249012,1.6219491785445272,1.6261337432744
2026-03-26 13:00:00+00:00,1.6258225867296288,1.6258486296203127,1.6226046965368224,1.6226046965368224
2026-03-26 14:00:00+00:00,1.6228639924176917,1.6262623440839146,1.622150699437102,1.6252685921585
2026-03-26 15:00:00+00:00,1.625017437156484,1.6260932740939407,1.6243586168432755,1.6254328158159235
2026-03-26 16:00:00+00:00,1.6253699670519866,1.6275030764067528,1.6253699670519866,1.6273547304384266
2026-03-26 17:00:00+00:00,1.6270992099559496,1.6292196236144738,1.6268506479889233,1.6292196236144738
2026-03-26 18:00:00+00:00,1.6288576031379098,1.6292892071009195,1.6280244615793629,1.628159198410251
2026-03-26 19:00:00+00:00,1.6283014906571445,1.6305622580102086,1.6283014906571445,1.6305238349092295
2026-03-26 20:00:00+00:00,1.6304573512906804,1.6306382142907208,1.6263098410749377,1.6294972599475774
2026-03-26 21:00:00+00:00,1.628565424488648,1.6304390490075096,1.6275626583075569,1.6287766359588902
2026-03-26 22:00:00+00:00,1.6286150228169842,1.6295705023176306,1.6284838817998613,1.6284838817998613
2026-03-26 23:00:00+00:00,1.6285714285714241,1.6295481919273922,1.6279739841946947,1.629470912808443
2026-03-27 00:00:00+00:00,1.6289638372044137,1.6314925729033662,1.6286742063714195,1.6314925729033662
2026-03-27 01:00:00+00:00,1.6314970127065112,1.6320737508243603,1.6297810382483016,1.6297810382483016
2026-03-27 02:00:00+00:00,1.6294155516990383,1.6297685878680086,1.627996419680564,1.6285486421065842
2026-03-27 03:00:00+00:00,1.6286357849378077,1.6286813571178689,1.6257751829711118,1.6257751829711118
2026-03-27 04:00:00+00:00,1.6255970503617179,1.6261909418568874,1.6251133968821043,1.625193663200498
2026-03-27 05:00:00+00:00,1.6250715352511715,1.6278786861864964,1.6250715352511715,1.627728143394428
2026-03-27 06:00:00+00:00,1.6281063392395103,1.6282273630031565,1.6259428954573347,1.626359341365906
2026-03-27 07:00:00+00:00,1.6263734727542105,1.628448529514784,1.626072736421319,1.6265572944371298
2026-03-27 08:00:00+00:00,1.6261826121032257,1.6273743486300174,1.6248619479666115,1.6252255023983624
2026-03-27 09:00:00+00:00,1.6249982523593105,1.626547185662275,1.6248916720248197,1.625643536653605
2026-03-27 10:00:00+00:00,1.6256382279295494,1.6260813572608372,1.6245785357527553,1.6245785357527553
2026-03-27 11:00:00+00:00,1.624870553332023,1.6252852642632087,1.6238602673826656,1.6252852642632087
2026-03-27 12:00:00+00:00,1.6250945034021185,1.6268853193664443,1.6250945034021185,1.6266173752310489
2026-03-27 13:00:00+00:00,1.6267785122115126,1.6293450369477078,1.6267785122115126,1.6281056553037692
2026-03-27 14:00:00+00:00,1.627870183691752,1.629023221938985,1.6270487218213303,1.6279659000237927
2026-03-27 15:00:00+00:00,1.627818443925033,1.6287591220427724,1.6268355847973643,1.626877791311404
2026-03-27 16:00:00+00:00,1.6270984724380742,1.6283799885055816,1.6267967361334617,1.6278981801880008
2026-03-27 17:00:00+00:00,1.6280441666900156,1.6309261262273622,1.627498740131022,1.6304454646281672
2026-03-27 18:00:00+00:00,1.6304115896456803,1.6304115896456803,1.629626511771469,1.6297392866163347
2026-03-27 19:00:00+00:00,1.629695634480722,1.6306426475337283,1.6296078018662694,1.6299699767109024
2026-03-27 20:00:00+00:00,1.6304723138465809,1.6306616294257217,1.6280471564545702,1.630093515684232
2026-03-29 21:00:00+00:00,1.6301637226543806,1.6327589844574113,1.6297518108821334,1.6302018230080992
2026-03-29 22:00:00+00:00,1.6308461765408289,1.6326702985767931,1.6308461765408289,1.6320404199622773
2026-03-29 23:00:00+00:00,1.6317107132308426,1.6328386787936764,1.631584129171995,1.632344042442404
2026-03-30 00:00:00+00:00,1.6328265765765722,1.6351838297393118,1.6328265765765722,1.633934977420757
2026-03-30 01:00:00+00:00,1.6336122635538946,1.6344941163222746,1.6322489988055877,1.633750703432747
2026-03-30 02:00:00+00:00,1.6336086216356862,1.6339078438269385,1.6327296230206074,1.6336398402789447
2026-03-30 03:00:00+00:00,1.633573296588955,1.633573296588955,1.6310280478736043,1.6314001796541608
2026-03-30 04:00:00+00:00,1.6313314900843447,1.632079313589188,1.6310200187983062,1.6317237893317937
2026-03-30 05:00:00+00:00,1.631718618365623,1.6320224719101075,1.6307031819967406,1.631551612812662
2026-03-30 06:00:00+00:00,1.6313595598658217,1.632651914295745,1.6302042419481493,1.632651914295745
2026-03-30 07:00:00+00:00,1.6330793668643997,1.6338002393186413,1.6310629152561373,1.6331142788792994
2026-03-30 08:00:00+00:00,1.633218869623954,1.633218869623954,1.6308481484083996,1.6322319280921587
2026-03-30 09:00:00+00:00,1.6322445419761376,1.6323899857864546,1.6311740549054856,1.6312267135325085
2026-03-30 10:00:00+00:00,1.6310742407199055,1.6311926089463202,1.6300261316698932,1.630670153828843
2026-03-30 11:00:00+00:00,1.6304992759023054,1.6310638656880068,1.6292721985755776,1.6293271866083803
2026-03-30 12:00:00+00:00,1.6294437650234002,1.6294578220104257,1.6276355157252977,1.628473880911564
2026-03-30 13:00:00+00:00,1.6284883639274683,1.6304038540096586,1.6283290257332237,1.6302442872840957
2026-03-30 14:00:00+00:00,1.6304798139928085,1.6316093818315116,1.6275138525581478,1.6275138525581478
2026-03-30 15:00:00+00:00,1.627163444639714,1.6278879862587419,1.6250931223029625,1.6255272481862615
2026-03-30 16:00:00+00:00,1.625604611923505,1.6266683543591642,1.6253813815502676,1.6266646042214459
2026-03-30 17:00:00+00:00,1.626370691109482,1.627386429184424,1.6259643896063696,1.626661415772369
2026-03-30 18:00:00+00:00,1.6267934507398816,1.6280758029797784,1.6267328403115549,1.62765732937518
2026-03-30 19:00:00+00:00,1.6276926540317656,1.6292742719472462,1.6276926540317656,1.6280470641220468
2026-03-30 20:00:00+00:00,1.628244468216875,1.628550516566727,1.6277047750358715,1.6282486034698627
2026-03-30 21:00:00+00:00,1.6297688960243306,1.6298466261988884,1.6281943037262145,1.6285404583591374
2026-03-30 22:00:00+00:00,1.628035568562339,1.6285537352924573,1.6273530487633263,1.6274711204288625
2026-03-30 23:00:00+00:00,1.6274945815858317,1.6291636138195302,1.6274559477565682,1.6288189309106234
2026-03-31 00:00:00+00:00,1.6289050395785754,1.6305016363841507,1.626909080690707,1.6287759464476528
2026-03-31 01:00:00+00:00,1.6289025144850047,1.6295915926900253,1.6266483169262267,1.6266483169262267
2026-03-31 02:00:00+00:00,1.6267398907257284,1.6286698537682747,1.6263740892052352,1.6286698537682747
2026-03-31 03:00:00+00:00,1.6290717299578013,1.6303368255041073,1.6282227907892102,1.629906515740267
2026-03-31 04:00:00+00:00,1.629674985572114,1.6309257146077185,1.6290027576115662,1.6309101155254957
2026-03-31 05:00:00+00:00,1.6308693630869322,1.6313689553080462,1.6283266752939807,1.628738722254278
2026-03-31 06:00:00+00:00,1.6286796277786335,1.6302994450547859,1.6282614202482435,1.62918929566367
2026-03-31 07:00:00+00:00,1.6297078196250592,1.6307991324188007,1.6258672509199135,1.6263026319485363
2026-03-31 08:00:00+00:00,1.6260144337423788,1.6282480314960588,1.6259143302399328,1.6267375019325052
2026-03-31 09:00:00+00:00,1.6261504953277548,1.6283697318277015,1.6258426966292092,1.6282053085395143
2026-03-31 10:00:00+00:00,1.628194489373967,1.6289044354668387,1.6276261908447387,1.627895847994366
2026-03-31 11:00:00+00:00,1.627811083903286,1.6279557482265465,1.624133673784333,1.6251173478681176
2026-03-31 12:00:00+00:00,1.6253029432778068,1.6283802737881465,1.6248056586595654,1.628290534760104
2026-03-31 13:00:00+00:00,1.6284576109521363,1.630949044228932,1.6284576109521363,1.630601980919288
2026-03-31 14:00:00+00:00,1.6303875838691109,1.638270282460389,1.6303875838691109,1.6369792619915764
2026-03-31 15:00:00+00:00,1.6371428571428528,1.6371428571428528,1.634043151310699,1.6354939009806222
2026-03-31 16:00:00+00:00,1.635124490082989,1.63560657213594,1.6311115462072008,1.6315221806670264
2026-03-31 17:00:00+00:00,1.6311715217604281,1.6322690912147448,1.6301484774767172,1.6318547370190783
2026-03-31 18:00:00+00:00,1.6310872701298293,1.6313940140549272,1.629717706963597,1.630982209095613
2026-03-31 19:00:00+00:00,1.6308887333799817,1.6312133223154341,1.6300156695953842,1.6308888081192114
2026-03-31 20:00:00+00:00,1.6308726708508599,1.6315767396988254,1.6295406281435074,1.629880205202752
2026-03-31 21:00:00+00:00,1.6316194581280745,1.6316194581280745,1.6295985687129553,1.6299278644522686
2026-03-31 22:00:00+00:00,1.6299002486797571,1.6306332760043019,1.6296197968337316,1.6299691198457344
2026-03-31 23:00:00+00:00,1.6299830927662144,1.6301582203354281,1.6281711736827387,1.6281711736827387
2026-04-01 00:00:00+00:00,1.6284339701575745,1.6284339701575745,1.6261172212167572,1.6266048402818345
2026-04-01 01:00:00+00:00,1.626734273137567,1.6280053024488894,1.6253604714339402,1.6277236838434235
2026-04-01 02:00:00+00:00,1.6278180803571383,1.629404786825758,1.6272339476398874,1.629404786825758
2026-04-01 03:00:00+00:00,1.6297816496342168,1.6307789032483364,1.628926254098928,1.6299488698276057
2026-04-01 04:00:00+00:00,1.6298474519445638,1.6309104627766555,1.6298220620687682,1.6309104627766555
2026-04-01 05:00:00+00:00,1.6309229371899627,1.6313848732453338,1.6292736682057174,1.6306078551874361
2026-04-01 06:00:00+00:00,1.6308407951164272,1.6308407951164272,1.6249253378894537,1.6249253378894537
2026-04-01 07:00:00+00:00,1.6254792998054972,1.6275549986076254,1.6244044063511422,1.6273911953888518
2026-04-01 08:00:00+00:00,1.6275170589054402,1.6275170589054402,1.6256266403743826,1.626469688967947
2026-04-01 09:00:00+00:00,1.6268065591995506,1.6270270270270224,1.6251598909960467,1.6262177073055444
2026-04-01 10:00:00+00:00,1.6262105570299104,1.6268714811982994,1.625673573690346,1.62626416981551
2026-04-01 11:00:00+00:00,1.6264258423063518,1.6264258423063518,1.6234853736309394,1.625090172576434
2026-04-01 12:00:00+00:00,1.6249999999999953,1.6283008635434437,1.6246704226915667,1.6277224144880356
2026-04-01 13:00:00+00:00,1.6279176455868611,1.6289164672491467,1.6270063871146856,1.6284828860879066
2026-04-01 14:00:00+00:00,1.6287454290123842,1.630131465577138,1.6278420533618476,1.6296579320310065
2026-04-01 15:00:00+00:00,1.6296378613399223,1.6299128307080548,1.6281864277279945,1.6283673951401096
2026-04-01 16:00:00+00:00,1.6282054843997398,1.6291325331367568,1.6279095605799634,1.6284928615076895
2026-04-01 17:00:00+00:00,1.6284353344720754,1.6284353344720754,1.6273341941216442,1.6283312690482439
2026-04-01 18:00:00+00:00,1.628126435341763,1.6306085161578219,1.628126435341763,1.6296998772732298
2026-04-01 19:00:00+00:00,1.6292949576082063,1.6300303985274796,1.6283541977079312,1.6288700013933355
2026-04-01 20:00:00+00:00,1.6289567543468522,1.6289567543468522,1.6283017028919877,1.6283017028919877
2026-04-01 21:00:00+00:00,1.629698802737392,1.6307091555679474,1.6280701754385918,1.6286410470620947
2026-04-01 22:00:00+00:00,1.6285885334001562,1.6298365635145062,1.6285885334001562,1.6294696959144106
2026-04-01 23:00:00+00:00,1.6295269667929524,1.630037906237801,1.6290416910351688,1.62966575174508
2026-04-02 00:00:00+00:00,1.6299579117540435,1.630153597413091,1.6280603160471792,1.6287491823129012
2026-04-02 01:00:00+00:00,1.629379978831258,1.6336313193588115,1.6283853369332209,1.6332436824116046
2026-04-02 02:00:00+00:00,1.633014032434244,1.6333025184189094,1.631078150143422,1.6318368947265192
2026-04-02 03:00:00+00:00,1.6318368947265192,1.6321953406273153,1.631209148039801,1.6318127049065432
2026-04-02 04:00:00+00:00,1.6318592007174433,1.633341748716649,1.6318592007174433,1.6323935566179202
2026-04-02 05:00:00+00:00,1.6324347813897364,1.6335627018677101,1.6315693558561661,1.6334835910182364
2026-04-02 06:00:00+00:00,1.6332818641212752,1.633827926498865,1.6317119393556483,1.6328989634035098
2026-04-02 07:00:00+00:00,1.6326928471248194,1.6329429913750737,1.6298877003098353,1.630450922436853
2026-04-02 08:00:00+00:00,1.6305739622588593,1.6321094615244371,1.6305739622588593,1.6316594192733855
2026-04-02 09:00:00+00:00,1.631702972241309,1.6331737317288872,1.6314652754403627,1.6314652754403627
2026-04-02 10:00:00+00:00,1.6314276096165126,1.6328413543231841,1.631365618995521,1.632478152134201
2026-04-02 11:00:00+00:00,1.6324463302236656,1.6335520676718087,1.631896067415725,1.6326175194168568
2026-04-02 12:00:00+00:00,1.6324917148795095,1.6329064150095443,1.6295378151260453,1.630074977226538
2026-04-02 13:00:00+00:00,1.6302821342976024,1.6308035213636825,1.6278168669305713,1.6279427604246755
2026-04-02 14:00:00+00:00,1.6277658116310898,1.6287177908099657,1.626435899225342,1.6268175602132178
2026-04-02 15:00:00+00:00,1.6268406727615277,1.6273001424063833,1.626114249843058,1.6264290001535382
2026-04-02 16:00:00+00:00,1.6264849999301945,1.626899441340777,1.6253958068880807,1.62583239100389
2026-04-02 17:00:00+00:00,1.6259599542014525,1.6268052180228445,1.6256384493008404,1.6263041018980127
2026-04-02 18:00:00+00:00,1.626276026756408,1.6265241986172168,1.6256159698471366,1.6261994217634765
2026-04-02 19:00:00+00:00,1.626192238405782,1.6267026166161362,1.6256405244271879,1.6257855486970318
2026-04-02 20:00:00+00:00,1.6256651629212648,1.6264158321811097,1.624820349672787,1.6264158321811097
2026-04-02 21:00:00+00:00,1.626321892069341,1.6277886497064527,1.6259302179467439,1.6274268793474258
2026-04-02 22:00:00+00:00,1.6258198665885122,1.6261566159127963,1.6257622483010705,1.6258041109079944
2026-04-02 23:00:00+00:00,1.625779712814496,1.6260640227735703,1.625652258838625,1.6260361139795092
2026-04-03 00:00:00+00:00,1.6258614435981085,1.6258614435981085,1.625087156602979,1.625099395951615
2026-04-03 01:00:00+00:00,1.625136017410223,1.6256699419383598,1.6251028863994588,1.6255740267716259
2026-04-03 02:00:00+00:00,1.6255583472920099,1.6262952101661725,1.6254902781848835,1.6259772168863023
2026-04-03 03:00:00+00:00,1.6259772168863023,1.6263282089948143,1.6257887095873527,1.6262409069965458
2026-04-03 04:00:00+00:00,1.6262129822258777,1.6264489818720094,1.6258673405280077,1.6259966209140233
2026-04-03 05:00:00+00:00,1.6260717776846756,1.6263472385100741,1.6257576180766917,1.6261289557072407
2026-04-03 06:00:00+00:00,1.626174356110834,1.6264695205383763,1.6257780010605878,1.626034528478313
2026-04-03 07:00:00+00:00,1.6261007913136867,1.6266854638340582,1.6256607668382166,1.6266854638340582
2026-04-03 08:00:00+00:00,1.6268392104307956,1.6273811518909502,1.6266087830480973,1.6266906745948604
2026-04-03 09:00:00+00:00,1.6267344146961054,1.6276218405250609,1.6266888119696237,1.6272951952748593
2026-04-03 10:00:00+00:00,1.6273633647052195,1.6279053525533524,1.6272984935006853,1.6275098438939875
2026-04-03 11:00:00+00:00,1.6276880969669834,1.6278540406932032,1.6268058793149118,1.6271446719995477
2026-04-03 12:00:00+00:00,1.6272232304900123,1.627382797771162,1.6254869381885144,1.6271191178320303
2026-04-03 13:00:00+00:00,1.6268587880143057,1.6269038370175726,1.6262973361829276,1.6268037492840823
2026-04-03 14:00:00+00:00,1.627120064824382,1.6277713278594452,1.6266858604352086,1.6272137201689785
2026-04-03 15:00:00+00:00,1.6272345782626882,1.628178040214359,1.627122436991239,1.6276268293365364
2026-04-03 16:00:00+00:00,1.6274937743081732,1.627956447504683,1.6265559005342451,1.627401592432442
2026-04-03 17:00:00+00:00,1.6271387998936666,1.628097091183958,1.6267869632116325,1.6271964185786179
2026-04-03 18:00:00+00:00,1.6276658270360984,1.627816497326946,1.6268454121828635,1.6270730990468938
2026-04-03 19:00:00+00:00,1.6275550204401577,1.6282721046513202,1.6268873931235164,1.628116071928738
2026-04-03 20:00:00+00:00,1.6276198076357626,1.6301863510803822,1.6264861386969485,1.629407972192628
2026-04-05 21:00:00+00:00,1.6702574957953955,1.672428807802839,1.6700449470784398,1.6707906072780536
2026-04-05 22:00:00+00:00,1.6708199765016456,1.6708199765016456,1.668821099920295,1.668961518950648
2026-04-05 23:00:00+00:00,1.66875353245511,1.669272268468834,1.6684247895324062,1.6690932293101695
2026-04-06 00:00:00+00:00,1.6687492751942472,1.6687492751942472,1.6668935159711558,1.6668935159711558
2026-04-06 01:00:00+00:00,1.6669466124151107,1.6671977982182942,1.6659091567032387,1.666377038259912
2026-04-06 02:00:00+00:00,1.6660152857390993,1.6660152857390993,1.6642841672081432,1.6659484628510275
2026-04-06 03:00:00+00:00,1.6660930676461223,1.6663966205659388,1.6656739290722715,1.6660929432013762
2026-04-06 04:00:00+00:00,1.6660785051054348,1.6660785051054348,1.6651156069364157,1.6653275916881007
2026-04-06 05:00:00+00:00,1.665298631483113,1.6658957866589574,1.664995738410643,1.6658957866589574
2026-04-06 06:00:00+00:00,1.6658475948196108,1.6660738812983436,1.665102850956333,1.6656124084745019
2026-04-06 07:00:00+00:00,1.6651940401940395,1.6670127772489973,1.6651940401940395,1.6664168996224669
2026-04-06 08:00:00+00:00,1.6660425188684673,1.6660472486315179,1.6643629504844997,1.664645038607813
2026-04-06 09:00:00+00:00,1.6646116616731963,1.6652201493613212,1.6636053491485403,1.665191378937504
2026-04-06 10:00:00+00:00,1.664773710002882,1.664773710002882,1.66374193176579,1.6643750720627224
2026-04-06 11:00:00+00:00,1.664576757325492,1.6648886325956889,1.663310430260864,1.6638181975386916
2026-04-06 12:00:00+00:00,1.6640050733619667,1.6651245910617256,1.6636457943117302,1.6649613788332942
2026-04-06 13:00:00+00:00,1.6649564766241995,1.665748803413874,1.6645112045624744,1.6652405030468036
2026-04-06 14:00:00+00:00,1.665087274612592,1.6669983990307637,1.664772563385156,1.665084745762711
2026-04-06 15:00:00+00:00,1.6650075741181554,1.666960377876323,1.6650075741181554,1.6661230498347492
2026-04-06 16:00:00+00:00,1.6661663900714332,1.6668880770508128,1.6659644464965941,1.6667580989778823
2026-04-06 17:00:00+00:00,1.6668110730840875,1.6677219764651452,1.6664260449000212,1.6666233466181473
2026-04-06 18:00:00+00:00,1.6665174510115373,1.6668495761794049,1.6656282899955286,1.6659163708769797
2026-04-06 19:00:00+00:00,1.665820118035814,1.66614711867342,1.6655270901852164,1.665642135642135
2026-04-06 20:00:00+00:00,1.66561814613875,1.6660025985275007,1.6654786811918327,1.6660025985275007
2026-04-06 21:00:00+00:00,1.6666233353554607,1.6666233353554607,1.6654592160711184,1.6657670659546828
2026-04-06 22:00:00+00:00,1.6652433570872158,1.6664741636949016,1.66508508797231,1.6662961412423665
2026-04-06 23:00:00+00:00,1.6660796766743642,1.666315333525844,1.665704471321767,1.665810251006769
2026-04-07 00:00:00+00:00,1.666137298780047,1.6665607395637723,1.664335160080761,1.6665607395637723
2026-04-07 01:00:00+00:00,1.666618515896976,1.668036463608739,1.6652620641884086,1.6676742840613246
2026-04-07 02:00:00+00:00,1.6675875036158514,1.6679690326315024,1.666088690450387,1.666266836233308
2026-04-07 03:00:00+00:00,1.6662331469198415,1.666353560022543,1.6655499559573141,1.6660552048878419
2026-04-07 04:00:00+00:00,1.6660888908148077,1.6665992370824174,1.6646468144044317,1.6651850141430464
2026-04-07 05:00:00+00:00,1.6653434761897883,1.6660068486223283,1.6649826789838333,1.6651509902419304
2026-04-07 06:00:00+00:00,1.6650740494817975,1.6661038717404786,1.6642913811756217,1.6657240145437753
2026-04-07 07:00:00+00:00,1.6660220516076887,1.6671046931407938,1.6658152958152954,1.6662672864278079
2026-04-07 08:00:00+00:00,1.6660556814409622,1.6669938083623184,1.6634854473589644,1.6634854473589644
2026-04-07 09:00:00+00:00,1.6638300319121406,1.6640113879822274,1.6628294673909914,1.6632384459371983
2026-04-07 10:00:00+00:00,1.6629034113789332,1.6648742936224192,1.6626310265000643,1.66470723835869
2026-04-07 11:00:00+00:00,1.6642321045277089,1.6647366374281636,1.6638025331030508,1.6638025331030508
2026-04-07 12:00:00+00:00,1.663697200834712,1.664776488874816,1.6630100353682027,1.663539298356692
2026-04-07 13:00:00+00:00,1.6636685470872663,1.6661335638642745,1.6634579412357187,1.6661335638642745
2026-04-07 14:00:00+00:00,1.6662103943633555,1.6669549923593687,1.663148068361338,1.6651701561263395
2026-04-07 15:00:00+00:00,1.6655584819308316,1.666767515235337,1.6637574049577264,1.6637574049577264
2026-04-07 16:00:00+00:00,1.663843676309886,1.6644906175857357,1.662342885872297,1.6631501789384415
2026-04-07 17:00:00+00:00,1.6632748386725877,1.6632748386725877,1.6615532531641932,1.66213965774664
2026-04-07 18:00:00+00:00,1.6621641019751945,1.6634276761201106,1.6620252074301625,1.6633566614453843
2026-04-07 19:00:00+00:00,1.6634044693540269,1.6638540708371659,1.6606148251027328,1.6607181220549685
2026-04-07 20:00:00+00:00,1.6604886991893202,1.660784566284544,1.6593670831723126,1.6593670831723126
2026-04-07 21:00:00+00:00,1.6596140632157577,1.6619990827265947,1.6591975732600728,1.6607419077628183
2026-04-07 22:00:00+00:00,1.6585296135376164,1.6591607691757804,1.65247754766694,1.652648725212464
2026-04-07 23:00:00+00:00,1.6524794559365255,1.6531164543689865,1.6487070182372534,1.648748553853099
2026-04-08 00:00:00+00:00,1.6489174130756747,1.6523426434762898,1.6474843476789434,1.6521246779718592
2026-04-08 01:00:00+00:00,1.6516030447947019,1.6522803492337512,1.6494155514145346,1.6500650121544453
2026-04-08 02:00:00+00:00,1.6499872856214501,1.6528739538638,1.6495544225853367,1.6524871889244355
2026-04-08 03:00:00+00:00,1.6524779525218347,1.6539857126658348,1.6518902240527642,1.6520717430387446
2026-04-08 04:00:00+00:00,1.6520379281064246,1.6521437668034522,1.649422932941558,1.649422932941558
2026-04-08 05:00:00+00:00,1.6497231012658222,1.6507746141039024,1.6491681131196811,1.65066994225366
2026-04-08 06:00:00+00:00,1.6509611174667738,1.65201372125524,1.6501396845105392,1.6512685123745245
2026-04-08 07:00:00+00:00,1.651617003248128,1.6537412177158282,1.6509854859660016,1.6536862645287171
2026-04-08 08:00:00+00:00,1.6539239396382246,1.6566310380558977,1.6535241543160986,1.65554091018609
2026-04-08 09:00:00+00:00,1.6552735620456571,1.6574611509259907,1.6547270023369447,1.6574611509259907
2026-04-08 10:00:00+00:00,1.6574664036668598,1.658142569426715,1.6566743203787166,1.6581325087587402
2026-04-08 11:00:00+00:00,1.6581732542632575,1.6587951465266437,1.6558117154219558,1.655947915929516
2026-04-08 12:00:00+00:00,1.655930716327512,1.6562915593786247,1.6536941362468587,1.653991697495128
2026-04-08 13:00:00+00:00,1.653957454016741,1.6556808203268838,1.6529396821812632,1.6548645015212615
2026-04-08 14:00:00+00:00,1.6545534274478735,1.6569286159777736,1.6539984724618817,1.6539984724618817
2026-04-08 15:00:00+00:00,1.6540779088517352,1.65468471274457,1.6523466214305902,1.6524229012598795
2026-04-08 16:00:00+00:00,1.6525010253001648,1.6534628234894384,1.6518007381117343,1.6518007381117343
2026-04-08 17:00:00+00:00,1.6517970760399283,1.6532228360957637,1.6517460766294356,1.65261027121907
2026-04-08 18:00:00+00:00,1.6527309794150118,1.6542541123085646,1.6521333182435483,1.6540214382054372
2026-04-08 19:00:00+00:00,1.6540029256792255,1.654270500532481,1.6517129105322756,1.6517129105322756
2026-04-08 20:00:00+00:00,1.651628611468935,1.653303090445137,1.6514791224345358,1.653303090445137
2026-04-08 21:00:00+00:00,1.6530282408982644,1.6530424180560275,1.650971842749755,1.6518857369457143
2026-04-08 22:00:00+00:00,1.651972584893369,1.652023629074527,1.6512757341488964,1.6512849557522116
2026-04-08 23:00:00+00:00,1.6514068053411866,1.6526244170718214,1.6511545594835269,1.6526244170718214
2026-04-09 00:00:00+00:00,1.652533843645899,1.6541174133306835,1.652533843645899,1.653207964601769
2026-04-09 01:00:00+00:00,1.6530678804894987,1.6548315628017942,1.6530678804894987,1.6541418439716302
2026-04-09 02:00:00+00:00,1.654093314229781,1.6548235594591134,1.6532781541426904,1.6537000283527068
2026-04-09 03:00:00+00:00,1.6538685117182508,1.6539770310506157,1.652591007637697,1.65277344746464
2026-04-09 04:00:00+00:00,1.652661262895362,1.6534111844902344,1.6522139307004986,1.6532607771447994
2026-04-09 05:00:00+00:00,1.6530881165252125,1.653944345162113,1.6522194838673114,1.6537703337067964
2026-04-09 06:00:00+00:00,1.6536666997574905,1.6540905480540098,1.6528899849760454,1.6529397593776118
2026-04-09 07:00:00+00:00,1.6530051159956338,1.6554861603974438,1.6530051159956338,1.6554861603974438
2026-04-09 08:00:00+00:00,1.6553119012135393,1.6572483316768412,1.6553119012135393,1.6572483316768412
2026-04-09 09:00:00+00:00,1.65750603607442,1.6577029618580854,1.6560181573161206,1.6562158634680577
2026-04-09 10:00:00+00:00,1.6564047271127997,1.6570021571298807,1.6562322705094734,1.6564149872267941
2026-04-09 11:00:00+00:00,1.6561697296530178,1.6565528986021416,1.655053251756174,1.6551211430351593
2026-04-09 12:00:00+00:00,1.6551919455104136,1.6564148375021255,1.6551714370689277,1.6558271342543383
2026-04-09 13:00:00+00:00,1.6556615136100197,1.6559679179243,1.6526391676797365,1.6529835434619564
2026-04-09 14:00:00+00:00,1.6527490874105082,1.652882382920889,1.6507185146458285,1.6511834946654407
2026-04-09 15:00:00+00:00,1.6513014724585242,1.6520300369097607,1.648230026190542,1.648230026190542
2026-04-09 16:00:00+00:00,1.6481786564158873,1.6489812585364467,1.6475075294846162,1.6489017178259633
2026-04-09 17:00:00+00:00,1.649125524544455,1.6492008730549874,1.6482859514130166,1.648387369132049
2026-04-09 18:00:00+00:00,1.6486748954975992,1.6498843571952377,1.6486748954975992,1.6490379871731613
2026-04-09 19:00:00+00:00,1.6489766576454656,1.649050860355979,1.6476610245866998,1.6476610245866998
2026-04-09 20:00:00+00:00,1.6477008661361865,1.6484406927749033,1.647206263377266,1.6484406927749033
2026-04-09 21:00:00+00:00,1.648693985142582,1.6497743300423118,1.6475087689642045,1.6490965977957537
2026-04-09 22:00:00+00:00,1.6486200921347356,1.6489492156116528,1.6482428340023936,1.6485198759515072
2026-04-09 23:00:00+00:00,1.648617787614361,1.649269311064717,1.64853320552039,1.649269311064717
2026-04-10 00:00:00+00:00,1.6493354403589457,1.6497755695452097,1.648561354019745,1.648561354019745
2026-04-10 01:00:00+00:00,1.6486825772963203,1.6491992945326266,1.64758522527093,1.6491262711027732
2026-04-10 02:00:00+00:00,1.6491911028364283,1.650581658007679,1.6487416284807885,1.6505583555687309
2026-04-10 03:00:00+00:00,1.6503161876799717,1.6511040207815666,1.650246305418718,1.6510587238848096
2026-04-10 04:00:00+00:00,1.6508588446175767,1.651713325235175,1.650831286871594,1.6511424294630994
2026-04-10 05:00:00+00:00,1.6511976047904182,1.6513024070516433,1.6500303462293033,1.6500303462293033
2026-04-10 06:00:00+00:00,1.650110795895611,1.6518052709672848,1.6499259154730812,1.6511134976260444
2026-04-10 07:00:00+00:00,1.6513468441730959,1.6523270618192092,1.6508483675458785,1.6522427963164659
2026-04-10 08:00:00+00:00,1.6521714528221803,1.652395226514336,1.65122916077988,1.652395226514336
2026-04-10 09:00:00+00:00,1.6524898905635819,1.6538287715730293,1.6519828767607116,1.6536006777746386
2026-04-10 10:00:00+00:00,1.6537185298146018,1.6545403191639587,1.6534355672286694,1.6538743928611759
2026-04-10 11:00:00+00:00,1.6539721539721528,1.654472290857747,1.6532127182150458,1.6532127182150458
2026-04-10 12:00:00+00:00,1.6531476228779463,1.6531476228779463,1.6518461104847788,1.6530759033086042
2026-04-10 13:00:00+00:00,1.6531328886319072,1.6542981701209092,1.6518028169014074,1.6536384529701211
2026-04-10 14:00:00+00:00,1.6537837875946462,1.6541655504955786,1.6515221889118767,1.652408526705833
2026-04-10 15:00:00+00:00,1.652913408018036,1.6539676273193828,1.6527005140483053,1.653194189818078
2026-04-10 16:00:00+00:00,1.653239682942652,1.6545996412378694,1.653239682942652,1.65418595461217
2026-04-10 17:00:00+00:00,1.6542652289279047,1.6549256007002275,1.6535646287285795,1.653941651148354
2026-04-10 18:00:00+00:00,1.6539313477898943,1.6543483477548935,1.6536406569394504,1.6539459215608865
2026-04-10 19:00:00+00:00,1.65380169716106,1.6539291304163894,1.653536535506336,1.6538618832057073
2026-04-10 20:00:00+00:00,1.6538711042166114,1.6582971439887952,1.6538711042166114,1.6582971439887952
2026-04-12 21:00:00+00:00,1.6607825914487282,1.661112527983223,1.6561034190449273,1.6561034190449273
2026-04-12 22:00:00+00:00,1.657001144601296,1.657738515901059,1.652999069400185,1.6534865684269884
2026-04-12 23:00:00+00:00,1.6533927463477907,1.6547125074096016,1.6533927463477907,1.6540164720482873
2026-04-13 00:00:00+00:00,1.6539199368070627,1.6545775144590205,1.6524481234338475,1.6525214992469972
2026-04-13 01:00:00+00:00,1.651939609686088,1.6528968673002453,1.6508730984450117,1.6523850408884249
2026-04-13 02:00:00+00:00,1.6526225400489867,1.6529347994424641,1.6517170068792808,1.6519365776108264
2026-04-13 03:00:00+00:00,1.651848517247199,1.652669069204346,1.6514902175900519,1.6515226105914613
2026-04-13 04:00:00+00:00,1.6515641703707857,1.6518314296967305,1.6508766749623873,1.6516411316985316
2026-04-13 05:00:00+00:00,1.6516306947688317,1.6517548056626596,1.650477930840595,1.6512530588136012
2026-04-13 06:00:00+00:00,1.6509636877398666,1.651227843297113,1.6494109045918501,1.6497182287055372
2026-04-13 07:00:00+00:00,1.6494367502879441,1.649453697722101,1.648250227926221,1.6486516822403672
2026-04-13 08:00:00+00:00,1.648603900659463,1.648603900659463,1.6477392366326475,1.6480192043125468
2026-04-13 09:00:00+00:00,1.6480875850936898,1.6496649763306117,1.6480124642075114,1.6493438983955706
2026-04-13 10:00:00+00:00,1.6492793121856637,1.6499445248093463,1.6487640449438192,1.6495674886255116
2026-04-13 11:00:00+00:00,1.6494341636011336,1.6520142396825608,1.6492077526560274,1.6513797616199697
2026-04-13 12:00:00+00:00,1.6522185933892664,1.6529382785558437,1.651409539335,1.6517168196320384
2026-04-13 13:00:00+00:00,1.65150109630629,1.6519636782772475,1.6493843435335025,1.6496170141129591
2026-04-13 14:00:00+00:00,1.6493927239067623,1.6493927239067623,1.647925014711238,1.648445272760393
2026-04-13 15:00:00+00:00,1.6486122792262399,1.6496662553286954,1.6481842263865318,1.6491097714846477
2026-04-13 16:00:00+00:00,1.6491658488714416,1.6498555440240095,1.6467126963716654,1.6467898887086847
2026-04-13 17:00:00+00:00,1.646832664588196,1.6468524626823944,1.646196175924244,1.646275035615519
2026-04-13 18:00:00+00:00,1.6462028321649012,1.648136784558741,1.6461652308680408,1.648136784558741
2026-04-13 19:00:00+00:00,1.6476412265900622,1.6485479436761228,1.647515137985879,1.648171658970101
2026-04-13 20:00:00+00:00,1.648144531249999,1.648679582379542,1.647835063050998,1.648679582379542
2026-04-13 21:00:00+00:00,1.648894722877769,1.649015500628403,1.647930356171263,1.6484071809475938
2026-04-13 22:00:00+00:00,1.6481197344194602,1.6483395400086467,1.647409080767514,1.6476683215261891
2026-04-13 23:00:00+00:00,1.6477003319108574,1.6488839285714276,1.6476090896417113,1.6487293218400416
2026-04-14 00:00:00+00:00,1.6488711522897883,1.651038683449518,1.6488251381369643,1.6506766098286474
2026-04-14 01:00:00+00:00,1.650960396731158,1.6525186697619774,1.6505012986287588,1.6523259391871095
2026-04-14 02:00:00+00:00,1.652246884571812,1.652525422069293,1.6509817622807625,1.6516888491220216
2026-04-14 03:00:00+00:00,1.6517392763268266,1.652038406171821,1.650653923541247,1.652038406171821
2026-04-14 04:00:00+00:00,1.651955166727226,1.651978253881737,1.650815596894028,1.6511936524788013
2026-04-14 05:00:00+00:00,1.6515123995808585,1.652514997692662,1.6513352701268222,1.652460254205293
2026-04-14 06:00:00+00:00,1.6523221847964327,1.6526538149464196,1.650954329037572,1.6517338619611341
2026-04-14 07:00:00+00:00,1.6515185350602941,1.6523146468733423,1.6509253706363922,1.651146241750268
2026-04-14 08:00:00+00:00,1.6512955030626046,1.6514863921842284,1.6488094408760945,1.6497045213803865
2026-04-14 09:00:00+00:00,1.6496550763013027,1.650168603516985,1.6483566964099274,1.648486873242573
2026-04-14 10:00:00+00:00,1.6483082105028735,1.6485895990759678,1.6473564944182613,1.6482050711434406
2026-04-14 11:00:00+00:00,1.6481092583063286,1.648151753678413,1.6466837974859359,1.6469958870609152
2026-04-14 12:00:00+00:00,1.646709831601178,1.6477917454666806,1.6454549238902683,1.6454549238902683
2026-04-14 13:00:00+00:00,1.6455121890305655,1.6457948725066966,1.6443772370355976,1.6443772370355976
2026-04-14 14:00:00+00:00,1.6439824702521282,1.6446653357733039,1.6429917680645243,1.6445861638707884
2026-04-14 15:00:00+00:00,1.644722426394108,1.645157709226648,1.6437839112998343,1.644748718945716
2026-04-14 16:00:00+00:00,1.6447697350147208,1.6456837280366685,1.644647494202435,1.6455824548245057
2026-04-14 17:00:00+00:00,1.6455806975871978,1.645865747943987,1.644691186675919,1.6450049977787644
2026-04-14 18:00:00+00:00,1.6449432275616995,1.6464456952261823,1.6447618651008473,1.64595548392475
2026-04-14 19:00:00+00:00,1.645958676652447,1.6461100305640448,1.6455479927767738,1.6459398621609596
2026-04-14 20:00:00+00:00,1.6459945806989504,1.6465863453815257,1.6459945806989504,1.6465863453815257
2026-04-14 21:00:00+00:00,1.6491968039199303,1.6509838898489317,1.6486433811757817,1.6488055462746394
2026-04-14 22:00:00+00:00,1.649354807277383,1.6494585641511,1.6487449212445027,1.6487629755378057
2026-04-14 23:00:00+00:00,1.64880471989536,1.6493369143207013,1.6483828336927027,1.6490796009517041
2026-04-15 00:00:00+00:00,1.6490329762070395,1.649468892261001,1.6486362371277472,1.6491926503340746
2026-04-15 01:00:00+00:00,1.6492051117855042,1.6494897035685931,1.6482785493612393,1.648389116971678
2026-04-15 02:00:00+00:00,1.6483522600757057,1.6483522600757057,1.6466905934396117,1.6468509578597355
2026-04-15 03:00:00+00:00,1.646913133618109,1.6473837249746086,1.6468583984646612,1.6471684727419411
2026-04-15 04:00:00+00:00,1.6471218317892211,1.6473534116992403,1.6466612898740152,1.6467676219876783
2026-04-15 05:00:00+00:00,1.6466171685993147,1.6466637932233075,1.64528763089914,1.6461555564819825
2026-04-15 06:00:00+00:00,1.6458437517363989,1.646139309980685,1.6447364765371038,1.6452774071603284
2026-04-15 07:00:00+00:00,1.6450792680385147,1.64508329975406,1.6432179633073345,1.644100983169471
2026-04-15 08:00:00+00:00,1.6440164947308487,1.6447428722207553,1.6440164947308487,1.6443953846794674
2026-04-15 09:00:00+00:00,1.6443842843259742,1.6451635312751818,1.6434085922963695,1.6434085922963695
2026-04-15 10:00:00+00:00,1.6438144974235742,1.645391057566566,1.6429047209347496,1.6441028919245666
2026-04-15 11:00:00+00:00,1.644205376254412,1.6445099156440646,1.6435814095619068,1.6442512050452147
2026-04-15 12:00:00+00:00,1.6442203516959737,1.6455305787879622,1.6442203516959737,1.6453710522293692
2026-04-15 13:00:00+00:00,1.645060013336296,1.645060013336296,1.6437812326485275,1.6437812326485275
2026-04-15 14:00:00+00:00,1.643641462026457,1.6437114946994498,1.6415721467447741,1.6426630811455174
2026-04-15 15:00:00+00:00,1.642845260210163,1.642845260210163,1.6416546682910609,1.6419239987254606
2026-04-15 16:00:00+00:00,1.6418954483752097,1.6419686391843966,1.640360345400198,1.6408797718904842
2026-04-15 17:00:00+00:00,1.6408758719964556,1.64106257444392,1.6400620129285877,1.64034444090651
2026-04-15 18:00:00+00:00,1.640388768898487,1.640388768898487,1.6388846648326567,1.6388961855912392
2026-04-15 19:00:00+00:00,1.638818227064092,1.6394208830565418,1.638818227064092,1.6389806838764973
2026-04-15 20:00:00+00:00,1.63923000331895,1.6399219657977746,1.6391647075093332,1.6399219657977746
2026-04-15 21:00:00+00:00,1.6415274661347947,1.6419241796750543,1.6394891944990178,1.6394891944990178
2026-04-15 22:00:00+00:00,1.6389756920439142,1.6395292555766061,1.6389756920439142,1.6392019136374316
2026-04-15 23:00:00+00:00,1.6393517430203128,1.6399623779357653,1.6391756852013095,1.6392889724380055
2026-04-16 00:00:00+00:00,1.6394990392723345,1.6399712297882336,1.638800607986734,1.6392133014525994
2026-04-16 01:00:00+00:00,1.6392547648335236,1.6406933599158209,1.6380656303972356,1.6384278389695812
2026-04-16 02:00:00+00:00,1.638027740937223,1.6386404787903073,1.6367836700917169,1.6375575973291387
2026-04-16 03:00:00+00:00,1.6377017519657875,1.6379365057464914,1.6360716304332834,1.6363824417690613
2026-04-16 04:00:00+00:00,1.6363460848939506,1.6367110963931883,1.6356505796562029,1.6366533754604777
2026-04-16 05:00:00+00:00,1.636642106134613,1.6371580022638792,1.6359109468108577,1.6361077381609441
2026-04-16 06:00:00+00:00,1.6360576127145294,1.6370745996435123,1.6357903742134885,1.635910809393713
2026-04-16 07:00:00+00:00,1.6356537814198597,1.6361628404588682,1.6349309302678598,1.6354159475319288
2026-04-16 08:00:00+00:00,1.635609250949257,1.636867646448865,1.635609250949257,1.636690398838736
2026-04-16 09:00:00+00:00,1.6365596748776634,1.637437578675076,1.6364817605020519,1.6369459354767302
2026-04-16 10:00:00+00:00,1.6366905977230908,1.6375415282392018,1.6365032159900401,1.6374266578102505
2026-04-16 11:00:00+00:00,1.6375397813753971,1.6375925285368376,1.6364063709766608,1.6365584559230166
2026-04-16 12:00:00+00:00,1.6364704743733314,1.6373726749335686,1.6361273554256004,1.6365295793345678
2026-04-16 13:00:00+00:00,1.6364968954406531,1.6364968954406531,1.6352165620940313,1.6352850070525755
2026-04-16 14:00:00+00:00,1.6350749571278413,1.6373253575928763,1.634715312327252,1.6373253575928763
2026-04-16 15:00:00+00:00,1.6373279419503135,1.6375505344187837,1.6364114124496927,1.6372464930968644
2026-04-16 16:00:00+00:00,1.6371973993636733,1.6390949297766433,1.636687862869781,1.638667220836796
2026-04-16 17:00:00+00:00,1.6389358459193561,1.639493130363653,1.6386221612559055,1.6390182382615435
2026-04-16 18:00:00+00:00,1.6389319957878394,1.639901327642118,1.6387915391115229,1.6395909544396399
2026-04-16 19:00:00+00:00,1.6396874437163158,1.6397567159423097,1.6388777333093287,1.638981219877014
2026-04-16 20:00:00+00:00,1.639128568065038,1.639219379769802,1.6387438904504097,1.6388904276534446
2026-04-16 21:00:00+00:00,1.6387465018979794,1.641318370347763,1.6385852624579187,1.6404553585046924
2026-04-16 22:00:00+00:00,1.6397611063381636,1.6405193437534629,1.6397611063381636,1.640048765620236
2026-04-16 23:00:00+00:00,1.640066500415626,1.6403581725438001,1.6394897930919854,1.6403581725438001
2026-04-17 00:00:00+00:00,1.6402251365514169,1.640828271060441,1.639177827947754,1.6395305333462649
2026-04-17 01:00:00+00:00,1.6395809661059213,1.6395809661059213,1.6384172183596006,1.638910441143869
2026-04-17 02:00:00+00:00,1.6388877343197958,1.6391182664597637,1.6386002826032735,1.639062846375525
2026-04-17 03:00:00+00:00,1.6388646469683734,1.6394728454428278,1.638467290754998,1.6392178043679964
2026-04-17 04:00:00+00:00,1.6391962443395036,1.639235510006231,1.6381314878892717,1.63834057750339
2026-04-17 05:00:00+00:00,1.638453977878371,1.638583909064476,1.63779146198021,1.6380498878768568
2026-04-17 06:00:00+00:00,1.6383977403320258,1.6388935062056726,1.6379532333762499,1.638848861054147
2026-04-17 07:00:00+00:00,1.6387699979222925,1.6390801413035936,1.6374277096765253,1.6374642002296707
2026-04-17 08:00:00+00:00,1.6374401682206774,1.6380069204152237,1.6369629209911676,1.6374065320451676
2026-04-17 09:00:00+00:00,1.6376629300454735,1.639009947564298,1.6370771611762092,1.638900417808028
2026-04-17 10:00:00+00:00,1.6390015082538834,1.6394735749574445,1.6383440759080456,1.6394154927628473
2026-04-17 11:00:00+00:00,1.6394254718547616,1.6400487150033893,1.6388239686907926,1.6388965746223216
2026-04-17 12:00:00+00:00,1.6391444501321217,1.6391444501321217,1.6354399008674085,1.6359020228429877
2026-04-17 13:00:00+00:00,1.6361483602720477,1.636737614022535,1.634768257461146,1.6357856494096263
2026-04-17 14:00:00+00:00,1.636179645335388,1.636179645335388,1.6343998678304912,1.6351034805853322
2026-04-17 15:00:00+00:00,1.6352962253490058,1.6374242361485027,1.6352962253490058,1.6358367144158301
2026-04-17 16:00:00+00:00,1.6356596637495497,1.6362206028486241,1.6353400576766508,1.6360624508220472
2026-04-17 17:00:00+00:00,1.6360573338120339,1.6369756960765323,1.6359004804771624,1.6361439460892606
2026-04-17 18:00:00+00:00,1.6363146700549664,1.6371716892452293,1.6360773045628467,1.6368289275290133
2026-04-17 19:00:00+00:00,1.636880551174565,1.636880551174565,1.635679295934463,1.635954776303224
2026-04-17 20:00:00+00:00,1.6358629469722115,1.6368130270427435,1.6357030146997746,1.6367313579631233
2026-04-19 21:00:00+00:00,1.6368837357492125,1.6368837357492125,1.633225025924645,1.6361696821922351
2026-04-19 22:00:00+00:00,1.6357656247836132,1.6357656247836132,1.6312687216156139,1.631814354146246
2026-04-19 23:00:00+00:00,1.631746776731729,1.6336139565103185,1.6317423949649412,1.6331191709844548
2026-04-20 00:00:00+00:00,1.633609729132116,1.6340617747817427,1.6319236655957408,1.6319236655957408
2026-04-20 01:00:00+00:00,1.6316152244937334,1.6324571806823498,1.631377252112539,1.6324571806823498
2026-04-20 02:00:00+00:00,1.6326133730552785,1.632843644389267,1.63088348765432,1.6312250241146469
2026-04-20 03:00:00+00:00,1.6314222712238136,1.631904630650495,1.6308256071856604,1.6317334325519852
2026-04-20 04:00:00+00:00,1.6318807023346826,1.6319336300869578,1.6310010882891808,1.6312221870134866
2026-04-20 05:00:00+00:00,1.63123449986222,1.632489719316644,1.6310343877438542,1.6322533482296784
2026-04-20 06:00:00+00:00,1.6322184676918823,1.6329608167770409,1.6318707079621602,1.631945114138894
2026-04-20 07:00:00+00:00,1.6320096999090623,1.6334603069449034,1.6307192690344143,1.633018412523273
2026-04-20 08:00:00+00:00,1.6329573036187102,1.6333609157357596,1.6324502398412073,1.6329150579150566
2026-04-20 09:00:00+00:00,1.6327833147236799,1.6327833147236799,1.6315854750912961,1.6315869211910847
2026-04-20 10:00:00+00:00,1.6316666666666657,1.632724767481914,1.6312513769552752,1.632595429311365
2026-04-20 11:00:00+00:00,1.632844251567127,1.6334982565911866,1.6309268131505026,1.63105218959512
2026-04-20 12:00:00+00:00,1.6310492475871836,1.631659433767306,1.6308482653187697,1.6314194818966812
2026-04-20 13:00:00+00:00,1.6316572530651594,1.6318407274731321,1.6303938155958115,1.630407877004317
2026-04-20 14:00:00+00:00,1.6305819232356573,1.6317014070545464,1.630196515257779,1.6313449680687062
2026-04-20 15:00:00+00:00,1.63167458187074,1.6319942709983049,1.6301919457001128,1.6305778877207437
2026-04-20 16:00:00+00:00,1.630578762229305,1.6312822275696106,1.6304398609374344,1.6310805052712591
2026-04-20 17:00:00+00:00,1.6310971838535426,1.631211425586605,1.6303478416228017,1.6304383674591165
2026-04-20 18:00:00+00:00,1.6305620447986797,1.6305620447986797,1.6297146154797388,1.6297146154797388
2026-04-20 19:00:00+00:00,1.6297105331849582,1.6302950387341342,1.6295986047980653,1.6295986047980653
2026-04-20 20:00:00+00:00,1.629672865108357,1.6303932746328913,1.6296586196479075,1.6303932746328913
2026-04-20 21:00:00+00:00,1.6313755689709695,1.6313755689709695,1.6293844590326025,1.6301119582388879
2026-04-20 22:00:00+00:00,1.6295497919898931,1.6300212868227688,1.6292905864430485,1.6292905864430485
2026-04-20 23:00:00+00:00,1.6296021744502087,1.6303365074130547,1.6292833607907726,1.6303365074130547
2026-04-21 00:00:00+00:00,1.629940514624059,1.63102391002461,1.6296927155592777,1.6301441389449944
2026-04-21 01:00:00+00:00,1.6301823528603407,1.6302857064328595,1.6286992807335403,1.62952328616568
2026-04-21 02:00:00+00:00,1.6295370243165253,1.6301754000109956,1.6292684266915727,1.6297303982191427
2026-04-21 03:00:00+00:00,1.629711568851083,1.6309129172913694,1.629711568851083,1.6307233141238104
2026-04-21 04:00:00+00:00,1.6307421466688659,1.631030166306724,1.6305337422469148,1.6307906029929564
2026-04-21 05:00:00+00:00,1.6307370679576914,1.631215526608986,1.6302328138313942,1.631215526608986
2026-04-21 06:00:00+00:00,1.63112645638747,1.631847712382314,1.6309402603120429,1.631429750928855
2026-04-21 07:00:00+00:00,1.6313812367559217,1.6322759342961068,1.631052602619125,1.6322759342961068
2026-04-21 08:00:00+00:00,1.6325436529265018,1.6334147384687543,1.631468040271598,1.6318290767832035
2026-04-21 09:00:00+00:00,1.6316572530651592,1.6323312519814177,1.6315006405929262,1.6318306481621836
2026-04-21 10:00:00+00:00,1.6318401102687785,1.6319104654528396,1.6304584325984255,1.6306215747294193
2026-04-21 11:00:00+00:00,1.630644028586771,1.6308253596750861,1.6298695939253862,1.6299490989131908
2026-04-21 12:00:00+00:00,1.6301162550732595,1.630895966497684,1.6298991622071493,1.6299472749549135
2026-04-21 13:00:00+00:00,1.6300119750588418,1.6303842077006718,1.6275484970049996,1.6275484970049996
2026-04-21 14:00:00+00:00,1.6279405298450023,1.6279405298450023,1.6264363871003154,1.627621968832096
2026-04-21 15:00:00+00:00,1.6275742526585122,1.6287374843338964,1.6270855666419268,1.6283131037899414
2026-04-21 16:00:00+00:00,1.628202658447311,1.6296781308153545,1.6279316084127688,1.6296781308153545
2026-04-21 17:00:00+00:00,1.6296367771727882,1.6313506644197022,1.6294530270247904,1.6294530270247904
2026-04-21 18:00:00+00:00,1.6295086936154959,1.6298626923342283,1.6289497981176002,1.62908249042251
2026-04-21 19:00:00+00:00,1.6292029544702882,1.631752087134404,1.62832211624482,1.630858484701981
2026-04-21 20:00:00+00:00,1.6307029296794049,1.6310249077873085,1.6283512248830152,1.629442813632666
2026-04-21 21:00:00+00:00,1.6305886247948,1.6335606981111217,1.6305886247948,1.630778781816926
2026-04-21 22:00:00+00:00,1.6306752358360435,1.6307221103170428,1.6300969401122443,1.6305508421967452
2026-04-21 23:00:00+00:00,1.6305421437439633,1.6306474085723333,1.6300452139391248,1.6303148954944005
2026-04-22 00:00:00+00:00,1.6301483155979468,1.6304494645293766,1.6289409528531864,1.6291418100657162
2026-04-22 01:00:00+00:00,1.629144455005026,1.6300248138957798,1.6290391478689816,1.6297322253000908
2026-04-22 02:00:00+00:00,1.629726601256751,1.6299033463399826,1.6290011569610472,1.629877292154969
2026-04-22 03:00:00+00:00,1.629874248524625,1.6301598466354958,1.628874927668015,1.629767518821873
2026-04-22 04:00:00+00:00,1.62977567593652,1.6298032511133462,1.6290111464748742,1.629456039260013
2026-04-22 05:00:00+00:00,1.6290896061299285,1.629236558102351,1.6278529075926191,1.6280410612065153
2026-04-22 06:00:00+00:00,1.6282030110367964,1.6286469592036223,1.6275348760421522,1.628261946707772
2026-04-22 07:00:00+00:00,1.6281649053280476,1.629863779733618,1.6281050878714047,1.6289756540647649
2026-04-22 08:00:00+00:00,1.6287046974325092,1.629779087703832,1.6284063553201718,1.6295490533562804
2026-04-22 09:00:00+00:00,1.629649521448735,1.6298168992739333,1.6288954960907371,1.6294270797459791
2026-04-22 10:00:00+00:00,1.6293357577761232,1.6304192045861683,1.6293357577761232,1.6299556437171094
2026-04-22 11:00:00+00:00,1.6298561745743074,1.6301105505472373,1.629232676677227,1.6296704963932507
2026-04-22 12:00:00+00:00,1.6294988830359345,1.6298821386182318,1.6290807323260157,1.629761510433917
2026-04-22 13:00:00+00:00,1.6297794219142512,1.629801388486327,1.627612700685703,1.6277503924214451
2026-04-22 14:00:00+00:00,1.6275708267944142,1.627583832541484,1.6258577451980034,1.6258577451980034
2026-04-22 15:00:00+00:00,1.6258854008764418,1.626275017919169,1.6246333099202561,1.6249259468470558
2026-04-22 16:00:00+00:00,1.6249380062820287,1.625892635584106,1.6247503065202697,1.6255065192821883
2026-04-22 17:00:00+00:00,1.6255393055536391,1.6255393055536391,1.624407648225698,1.6245040229251608
2026-04-22 18:00:00+00:00,1.624490245784193,1.625117163808787,1.624385271307149,1.6246778838866132
2026-04-22 19:00:00+00:00,1.6249224704698622,1.6249224704698622,1.624207683404066,1.624304062620582
2026-04-22 20:00:00+00:00,1.624221376991344,1.6245778947803657,1.6238856969646853,1.623906303823629
2026-04-22 21:00:00+00:00,1.6251879025251323,1.6255810424971364,1.6243126662348568,1.6249104041462188
2026-04-22 22:00:00+00:00,1.6242714834869574,1.6247174284611552,1.6242662257131033,1.6245520701251432
2026-04-22 23:00:00+00:00,1.6246054608355256,1.6246709030008122,1.6242955369076644,1.6245641117527867
2026-04-23 00:00:00+00:00,1.6246812147613063,1.6272423228944959,1.623590477895113,1.6242940965813604
2026-04-23 01:00:00+00:00,1.624607373119523,1.626203282305888,1.6244696677502883,1.6253153389117867
2026-04-23 02:00:00+00:00,1.6254307849245944,1.6264361467079087,1.6249551958973218,1.6261459023635954
2026-04-23 03:00:00+00:00,1.6261771284968647,1.6277610372377178,1.625960835184852,1.6270291927439513
2026-04-23 04:00:00+00:00,1.6269926785467597,1.6273889311131062,1.6258625448523314,1.6259125850480953
2026-04-23 05:00:00+00:00,1.6259523020867828,1.626468274234288,1.625082726671078,1.6254291741930136
2026-04-23 06:00:00+00:00,1.6252860885150962,1.626098351610455,1.6251947228387478,1.62552933224823
2026-04-23 07:00:00+00:00,1.6256380542449569,1.6261532732964643,1.6241902136457607,1.6241902136457607
2026-04-23 08:00:00+00:00,1.6242970559047294,1.625029317219209,1.624226214274881,1.6248862288661492
2026-04-23 09:00:00+00:00,1.625020687372427,1.6257575548407572,1.6246275245557877,1.6251863302600331
2026-04-23 10:00:00+00:00,1.6250776258228328,1.6264865313346966,1.625063846822843,1.626211377618026
2026-04-23 11:00:00+00:00,1.6260488519649983,1.6263602549743494,1.623967113158874,1.6240859799674392
2026-04-23 12:00:00+00:00,1.6240102629183095,1.6260464730749034,1.6237915959896834,1.6252519395897174
2026-04-23 13:00:00+00:00,1.6252001546021744,1.6258687632127997,1.6243482578829753,1.6250379614036048
2026-04-23 14:00:00+00:00,1.6254212009059261,1.6254212009059261,1.6240857312084178,1.6245419226848143
2026-04-23 15:00:00+00:00,1.6244162499483397,1.625106864123989,1.6242561163764593,1.624762167379015
2026-04-23 16:00:00+00:00,1.6247018434005698,1.6249999999999993,1.6244502350718995,1.6247087211306437
2026-04-23 17:00:00+00:00,1.6244761222013888,1.6297729510811514,1.6244761222013888,1.626386529084303
2026-04-23 18:00:00+00:00,1.6259426014418685,1.62713410840925,1.6254640811538184,1.62713410840925
2026-04-23 19:00:00+00:00,1.6271669108905409,1.6277502559986705,1.6269752395172319,1.627390781230551
2026-04-23 20:00:00+00:00,1.627572756445722,1.628523564268704,1.6273218904302835,1.6281866747861702
2026-04-23 21:00:00+00:00,1.6290914631612474,1.6295070159156695,1.6276634014057214,1.6276634014057214
2026-04-23 22:00:00+00:00,1.6278239696747498,1.6282606589817739,1.6273563377359785,1.6273717984178784
2026-04-23 23:00:00+00:00,1.6273129580970813,1.6278973223552193,1.6270572289989755,1.6278451937845047
2026-04-24 00:00:00+00:00,1.6274173467976196,1.6279755314437545,1.6271880098443152,1.6274048768343443
2026-04-24 01:00:00+00:00,1.6273286771315945,1.6282539199269286,1.6268838315405239,1.6277037118990976
2026-04-24 02:00:00+00:00,1.6278355648998553,1.6290503567223098,1.6278355648998553,1.6289719367260427
2026-04-24 03:00:00+00:00,1.6287150652300353,1.6297117824019511,1.6286893533330553,1.6293699510870305
2026-04-24 04:00:00+00:00,1.6295541789658938,1.6297107375015585,1.628097228758893,1.6282953035002206
2026-04-24 05:00:00+00:00,1.6284096258757708,1.6288928294358849,1.6278249076239633,1.6282459442998716
2026-04-24 06:00:00+00:00,1.6279134141615448,1.629337692382284,1.627398890318652,1.6283249560364992
2026-04-24 07:00:00+00:00,1.6285488740547869,1.628679475280851,1.6275014175275544,1.6278677416232203
2026-04-24 08:00:00+00:00,1.6276692852400965,1.6285346688063738,1.6275779077970032,1.6280497925311195
2026-04-24 09:00:00+00:00,1.6281067175635857,1.6287094452441582,1.6275879237141624,1.6280887683665834
2026-04-24 10:00:00+00:00,1.6280006087690404,1.6295415254823307,1.627913732759693,1.6294437300369178
2026-04-24 11:00:00+00:00,1.6293377575003445,1.6297243849483471,1.6277176912040603,1.6288353724212203
2026-04-24 12:00:00+00:00,1.628646372609925,1.6301091331590514,1.6282925617096464,1.629956312558756
2026-04-24 13:00:00+00:00,1.629987005446652,1.6307585825027675,1.6294990877425766,1.6297059270831882
2026-04-24 14:00:00+00:00,1.6298273025178702,1.6303057964399807,1.628331906195618,1.6286736766473677
2026-04-24 15:00:00+00:00,1.6287135553406098,1.6289622771866787,1.626986316486426,1.6272808771808833
2026-04-24 16:00:00+00:00,1.6276259707298222,1.628202296819787,1.627528074386777,1.6277934116868058
2026-04-24 17:00:00+00:00,1.6277209148343301,1.6277770111770378,1.626979528775588,1.62760466977617
2026-04-24 18:00:00+00:00,1.627589252446075,1.6278989508558797,1.627428256070639,1.6276676461256179
2026-04-24 19:00:00+00:00,1.6276814413221306,1.627788584909564,1.6273844498696557,1.6277468927177154
2026-04-24 20:00:00+00:00,1.6278072063124198,1.6291355979011315,1.6276689655172405,1.6291355979011315
2026-04-26 21:00:00+00:00,1.6292843925207827,1.6314371381592578,1.6292843925207827,1.6296393352182597
2026-04-26 22:00:00+00:00,1.6297200049629834,1.630070479842212,1.628958901844041,1.628958901844041
2026-04-26 23:00:00+00:00,1.6290573787438138,1.6291981470247605,1.6286824482597062,1.6291981470247605
2026-04-27 00:00:00+00:00,1.6290849447989735,1.6291956716520768,1.6272270757377714,1.6272270757377714
2026-04-27 01:00:00+00:00,1.6269301104098768,1.6271102557052506,1.625937525756201,1.6260475340019223
2026-04-27 02:00:00+00:00,1.6262348689905324,1.6262765094767504,1.6250686285275053,1.6254737188993231
2026-04-27 03:00:00+00:00,1.625401576100386,1.625525137977428,1.6250771912008881,1.6254255435976266
2026-04-27 04:00:00+00:00,1.6254255435976266,1.6265285372756988,1.625375777292755,1.6263274305889452
2026-04-27 05:00:00+00:00,1.6263034249680572,1.626800439802088,1.6262003214594802,1.6265772328669204
2026-04-27 06:00:00+00:00,1.626730454626688,1.6276484508282414,1.62623374481071,1.627477390802385
2026-04-27 07:00:00+00:00,1.6272330017039507,1.6272930894699948,1.625936496610773,1.6267511903291747
2026-04-27 08:00:00+00:00,1.626853998874908,1.626853998874908,1.6247534516765278,1.624902382550794
2026-04-27 09:00:00+00:00,1.6248732772556638,1.6251987717278047,1.6243867678899322,1.6246984649122793
2026-04-27 10:00:00+00:00,1.624590545893123,1.6248612652608203,1.6240323354113848,1.6247961742419044
2026-04-27 11:00:00+00:00,1.6249451874588894,1.624979435152179,1.6242582873117444,1.6245836702805676
2026-04-27 12:00:00+00:00,1.6243610300264488,1.6246266407256174,1.623887626297198,1.624362908971337
2026-04-27 13:00:00+00:00,1.624525587449475,1.6247688957668542,1.6234825025348705,1.6236043564627705
2026-04-27 14:00:00+00:00,1.623610825625213,1.6238232916318383,1.6219081755499605,1.622136725221462
2026-04-27 15:00:00+00:00,1.6219487151403955,1.6230372948236638,1.6215442757185294,1.6215442757185294
2026-04-27 16:00:00+00:00,1.6216245823519733,1.6219107896323077,1.6213870062298887,1.6214420732542516
2026-04-27 17:00:00+00:00,1.6214132117078237,1.6219109362792792,1.6209101114366278,1.6211695730195468
2026-04-27 18:00:00+00:00,1.6213028289608866,1.6216101404590602,1.6209999999999989,1.621411245563305
2026-04-27 19:00:00+00:00,1.6213223706748876,1.621817534051357,1.6211975883803773,1.621440513059445
2026-04-27 20:00:00+00:00,1.621626807373397,1.621767551493058,1.6214264177836242,1.6214264177836242
2026-04-27 21:00:00+00:00,1.6219084178777066,1.6230313340284244,1.6215012199468146,1.621640512574521
2026-04-27 22:00:00+00:00,1.6216716229735089,1.621851273195734,1.6214020522515848,1.6217216147332065
2026-04-27 23:00:00+00:00,1.6217934663450986,1.6218738437504274,1.6210537849424063,1.6210537849424063
2026-04-28 00:00:00+00:00,1.6211459175147578,1.621165224060479,1.6197680627627082,1.6203675805965643
2026-04-28 01:00:00+00:00,1.6203051803961308,1.6224036218960067,1.6203051803961308,1.622220393157468
2026-04-28 02:00:00+00:00,1.6226689536878207,1.6229825428194982,1.621845512398507,1.6219865259807074
2026-04-28 03:00:00+00:00,1.6218752572510486,1.6223094124264321,1.620999246110615,1.620999246110615
2026-04-28 04:00:00+00:00,1.6211562452874153,1.621541583262496,1.620826709062002,1.621334064578048
2026-04-28 05:00:00+00:00,1.6213922367104043,1.6227194728533176,1.62125740293924,1.621812992288058
2026-04-28 06:00:00+00:00,1.6223192465057519,1.623025420350027,1.6212125370512669,1.622073762491923
2026-04-28 07:00:00+00:00,1.6217839472237483,1.621969478441229,1.620106444267646,1.620175883878225
2026-04-28 08:00:00+00:00,1.6205538478427919,1.6223723414480087,1.6204900266139863,1.6209356564686506
2026-04-28 09:00:00+00:00,1.6213508283122184,1.6219982700149647,1.6200990819141188,1.6202972947005767
2026-04-28 10:00:00+00:00,1.6201795075892724,1.6230979642891499,1.6201265284277253,1.6227509518507817
2026-04-28 11:00:00+00:00,1.6227392666703302,1.6244373787009116,1.622715153514196,1.6237456122238272
2026-04-28 12:00:00+00:00,1.6236954426545493,1.6243223906882025,1.622886078736256,1.6231256614301999
2026-04-28 13:00:00+00:00,1.623080835154563,1.6232316427677789,1.6212959277508603,1.6219408355536016
2026-04-28 14:00:00+00:00,1.6220021427982738,1.6234949694870517,1.6214009277303532,1.623126279488341
2026-04-28 15:00:00+00:00,1.6232091100152466,1.62361603340751,1.6219000329200033,1.6220545878480306
2026-04-28 16:00:00+00:00,1.6221280331399246,1.622352392449516,1.621441500740496,1.6214600161827823
2026-04-28 17:00:00+00:00,1.621335527217879,1.6217929369151813,1.6209855390309085,1.6209874174182397
2026-04-28 18:00:00+00:00,1.6210441194610812,1.621301450626593,1.6208881578947358,1.6210158338474183
2026-04-28 19:00:00+00:00,1.6211188638637943,1.6215196817994777,1.620853210506113,1.6215196817994777
2026-04-28 20:00:00+00:00,1.6215523034932993,1.6217946959931975,1.6213614862548833,1.6215767748659498
2026-04-28 21:00:00+00:00,1.6213839928674292,1.6223450963174346,1.6212854654909963,1.621581589269549
2026-04-28 22:00:00+00:00,1.6219184468149275,1.6220296452714273,1.6216134693429838,1.6218684437862505
2026-04-28 23:00:00+00:00,1.621841019101292,1.6219403496743214,1.6210620075368263,1.6210620075368263
2026-04-29 00:00:00+00:00,1.620787440407692,1.6212945578138043,1.6205186514514285,1.6209656420025478
2026-04-29 01:00:00+00:00,1.6213633496942597,1.624378314511031,1.6212995845388094,1.6241003241580119
2026-04-29 02:00:00+00:00,1.6236681678383114,1.625740967418062,1.6232810913183089,1.625661903255531
2026-04-29 03:00:00+00:00,1.625326550254364,1.6254382949467154,1.6246185147507617,1.6250842236981409
2026-04-29 04:00:00+00:00,1.6250429712745613,1.625373031699098,1.6244948453608234,1.6246941076191246
2026-04-29 05:00:00+00:00,1.624678627895785,1.6248865417938756,1.6240513638363385,1.624587413356804
2026-04-29 06:00:00+00:00,1.6245875041249571,1.6254851763151357,1.6244225692916838,1.624594267480881
2026-04-29 07:00:00+00:00,1.6252235889815332,1.6254074349135605,1.624249254408267,1.624630528327306
2026-04-29 08:00:00+00:00,1.6243006584463948,1.6256141364931243,1.6239601809457012,1.6256141364931243
2026-04-29 09:00:00+00:00,1.6255780028624889,1.6266835596441442,1.6252356381148938,1.6265012119876583
2026-04-29 10:00:00+00:00,1.6263444191971343,1.6266800705078757,1.6246286720211232,1.6260161483335835
2026-04-29 11:00:00+00:00,1.6259526233251698,1.6261214155979953,1.6250670628533683,1.6250670628533683
2026-04-29 12:00:00+00:00,1.6252579446966557,1.6255573905862908,1.6241290694957864,1.6255573905862908
2026-04-29 13:00:00+00:00,1.625330214639514,1.6302467600652117,1.6249466921627145,1.630152503039008
2026-04-29 14:00:00+00:00,1.6301055656883863,1.6307851810892993,1.6282277642904417,1.628948856193377
2026-04-29 15:00:00+00:00,1.6286257858166968,1.632090604862127,1.628623038526239,1.6309086388374712
2026-04-29 16:00:00+00:00,1.6305707853996034,1.6305707853996034,1.62935556905406,1.6299100542990166
2026-04-29 17:00:00+00:00,1.6298583765112251,1.6302352583418558,1.6290104367993803,1.6292235677496842
2026-04-29 18:00:00+00:00,1.6300457416082792,1.6326703050114952,1.6300457416082792,1.631171707384593
2026-04-29 19:00:00+00:00,1.6309708307964788,1.6321082743430249,1.6308022130013822,1.6310167826556152
2026-04-29 20:00:00+00:00,1.6308398931975696,1.631413540080298,1.6303217239757657,1.631407062991253
2026-04-29 21:00:00+00:00,1.632035770647027,1.6331749483979097,1.6314012536148643,1.6318863850285124
2026-04-29 22:00:00+00:00,1.6318287485470724,1.6318287485470724,1.6309377290390366,1.631457379565979
2026-04-29 23:00:00+00:00,1.631427544048901,1.631427544048901,1.630229699305237,1.6303146669613484
2026-04-30 00:00:00+00:00,1.6302132243274574,1.6310466321243502,1.6302132243274574,1.630942999737324
2026-04-30 01:00:00+00:00,1.630905144405578,1.6317150760719206,1.6293482165059523,1.629383480255338
2026-04-30 02:00:00+00:00,1.6293803891222618,1.6298232511824724,1.6280168543206444,1.6282208928003958
2026-04-30 03:00:00+00:00,1.6280958629739604,1.6283870611156384,1.62750783590848,1.6282402033935757
2026-04-30 04:00:00+00:00,1.6283270224703554,1.629668064145668,1.6281142478132882,1.629668064145668
2026-04-30 05:00:00+00:00,1.6291301882356177,1.630352025913978,1.6285078382039846,1.630211505453738
2026-04-30 06:00:00+00:00,1.6303679707616894,1.631108404722032,1.6296593297201618,1.630425161129704
2026-04-30 07:00:00+00:00,1.630218055613167,1.6302941501714012,1.629469526427001,1.6295789822642115
2026-04-30 08:00:00+00:00,1.6295866650094577,1.6302343555911318,1.6287272225289875,1.6291964150083529
2026-04-30 09:00:00+00:00,1.6290246865852964,1.629365221834047,1.62704997105923,1.6278508923034498
2026-04-30 10:00:00+00:00,1.6277076558452275,1.6280281826078544,1.6272160006611824,1.6278167560874928
2026-04-30 11:00:00+00:00,1.6279316084127684,1.6284825887759153,1.6263277224321517,1.6273192754500887
2026-04-30 12:00:00+00:00,1.626845748413996,1.628340036361631,1.6258239414330715,1.626454589272187
2026-04-30 13:00:00+00:00,1.6262049022307885,1.6266005782734385,1.6229665860628688,1.6233382367093288
2026-04-30 14:00:00+00:00,1.6229005745072687,1.6240729550074144,1.6212117052816495,1.6227567878571996
2026-04-30 15:00:00+00:00,1.6224717562478583,1.6240403597280084,1.6224717562478583,1.6240403597280084
2026-04-30 16:00:00+00:00,1.6239050269373636,1.624754797733849,1.623298364786763,1.6237626477282054
2026-04-30 17:00:00+00:00,1.6236003563352273,1.6240248968344257,1.623262699087144,1.623262699087144
2026-04-30 18:00:00+00:00,1.6231280400082189,1.6231280400082189,1.6216330829947585,1.6216330829947585
2026-04-30 19:00:00+00:00,1.6215998140069179,1.621654517853966,1.6211783374143314,1.621502551683562
2026-04-30 20:00:00+00:00,1.621395743283907,1.621395743283907,1.6201577947027999,1.6203864509688606
2026-04-30 21:00:00+00:00,1.6212923801311252,1.6223123065545462,1.6208585264425028,1.6208585264425028
2026-04-30 22:00:00+00:00,1.6210032548343845,1.6210032548343845,1.6204255784694468,1.6206693748033845
2026-04-30 23:00:00+00:00,1.6206627733632375,1.6206627733632375,1.6193789125502291,1.6200921734611524
2026-05-01 00:00:00+00:00,1.620296792723789,1.6208779179551716,1.6197585551590699,1.619911111111109
2026-05-01 01:00:00+00:00,1.6200388413249793,1.6206830522615656,1.619938205780218,1.6201545087851215
2026-05-01 02:00:00+00:00,1.6202021030753013,1.6213276043733473,1.6197654712442575,1.6209754629756248
2026-05-01 03:00:00+00:00,1.621058966748278,1.6216811737012076,1.6205586011729782,1.6214847759151536
2026-05-01 04:00:00+00:00,1.6215598527459572,1.6221394431586276,1.6215598527459572,1.6219839509215874
2026-05-01 05:00:00+00:00,1.6218762409453755,1.6220039992330217,1.6211909650924003,1.6217419292983228
2026-05-01 06:00:00+00:00,1.621498014514581,1.6226554483890805,1.620826545837837,1.622131293364168
2026-05-01 07:00:00+00:00,1.6216238404071892,1.6220862590509018,1.6210216781782103,1.6220081288574417
2026-05-01 08:00:00+00:00,1.6220753632706655,1.623465323496802,1.6218993282162821,1.6233371653801916
2026-05-01 09:00:00+00:00,1.6232481112449337,1.6241194046215817,1.6227605556696072,1.6238454159243505
2026-05-01 10:00:00+00:00,1.6239858568139436,1.624616438356162,1.6239156948460367,1.6245463633749175
2026-05-01 11:00:00+00:00,1.6243410152131323,1.6246679264919326,1.6238144118250852,1.6240490394614395
2026-05-01 12:00:00+00:00,1.6242337164750935,1.624355837445492,1.623499822302412,1.6236584132018954
2026-05-01 13:00:00+00:00,1.6235900520911641,1.6237336796773512,1.6218016984790127,1.6219382321618723
2026-05-01 14:00:00+00:00,1.6217429877840694,1.6228402980593368,1.6210629652859185,1.621835896456202
2026-05-01 15:00:00+00:00,1.6217794759825304,1.6219086094884512,1.6198278331809912,1.6199806251790785
2026-05-01 16:00:00+00:00,1.619750593500148,1.6198668449343754,1.6189215017064824,1.6189916976185252
2026-05-01 17:00:00+00:00,1.618942941794894,1.6189722025012265,1.6181656885491995,1.6185468451242808
2026-05-01 18:00:00+00:00,1.6185488166286528,1.6189890206051636,1.6178845129297958,1.6179451456045437
2026-05-01 19:00:00+00:00,1.6178671911278626,1.6180789879919653,1.6174272952040083,1.6178741782497554
2026-05-01 20:00:00+00:00,1.617898290259534,1.619212408868947,1.6178331761586489,1.6186074495432896
2026-05-03 21:00:00+00:00,1.618263841421734,1.6198776800251735,1.6176920973475506,1.617967232843739
2026-05-03 22:00:00+00:00,1.6182803053100958,1.6185757496954665,1.6170535641046653,1.617800760622724
2026-05-03 23:00:00+00:00,1.6179034222301267,1.618189283514677,1.6177094307096613,1.6179446110038722
2026-05-04 00:00:00+00:00,1.6181093737163497,1.6183713158759703,1.617414031390685,1.6181036607069497
2026-05-04 01:00:00+00:00,1.6182567500958411,1.619066542424905,1.6179099982202247,1.6179099982202247
2026-05-04 02:00:00+00:00,1.6181347646889657,1.6191552924409345,1.6179861434400398,1.6183852020208918
2026-05-04 03:00:00+00:00,1.618279643497664,1.6187110471885469,1.6177468333652487,1.6185303252110366
2026-05-04 04:00:00+00:00,1.6184703789848114,1.6188461169768409,1.6182480053646433,1.6187235557502961
2026-05-04 05:00:00+00:00,1.6187502567684138,1.619386217290038,1.6185703919716306,1.6189426407963723
2026-05-04 06:00:00+00:00,1.6190567484662555,1.6214184805716696,1.6190567484662555,1.6207908303169885
2026-05-04 07:00:00+00:00,1.6208811551277287,1.621644249245126,1.6206125305304737,1.6208690162494492
2026-05-04 08:00:00+00:00,1.6208425416260568,1.6209500274574393,1.6197775980035902,1.6202880658436196
2026-05-04 09:00:00+00:00,1.6202696586061678,1.6202696586061678,1.6193635952345025,1.6195386851704543
2026-05-04 10:00:00+00:00,1.6195452426012764,1.6226152787336525,1.6195452426012764,1.6205409266356217
2026-05-04 11:00:00+00:00,1.6201200170275858,1.6214469395893762,1.6201200170275858,1.620286228845597
2026-05-04 12:00:00+00:00,1.6201454475467738,1.620436352652028,1.6198254090260222,1.620436352652028
2026-05-04 13:00:00+00:00,1.6213876406810388,1.6216906514335911,1.619863859687644,1.621669505026642
2026-05-04 14:00:00+00:00,1.6216591127592346,1.6216639424199533,1.6202460389378568,1.620909915107556
2026-05-04 15:00:00+00:00,1.620615300096139,1.623985671970791,1.6205286646069326,1.6237432860487517
2026-05-04 16:00:00+00:00,1.623705662040095,1.6247931148626265,1.6228346999242038,1.6234523645388095
2026-05-04 17:00:00+00:00,1.623390410014612,1.623390410014612,1.6219968627019274,1.6224241172826743
2026-05-04 18:00:00+00:00,1.622379162708736,1.62262462131644,1.6219369573891371,1.6221965381545977
2026-05-04 19:00:00+00:00,1.6222613673896271,1.6227261469026044,1.6220705409608194,1.6220947033810822
2026-05-04 20:00:00+00:00,1.6220977442574198,1.622947658402202,1.621991330076376,1.6222216101578186
2026-05-04 21:00:00+00:00,1.622534435261706,1.6227927605300112,1.6217194943959448,1.6223988100976419
2026-05-04 22:00:00+00:00,1.6219695196662842,1.622354123917203,1.6218768497997036,1.622024260281704
2026-05-04 23:00:00+00:00,1.621965827263839,1.622284030512487,1.621893971723956,1.622230789354113
2026-05-05 00:00:00+00:00,1.6221448141977926,1.6234767025089587,1.6215803379754485,1.6231238888046624
2026-05-05 01:00:00+00:00,1.6233852177629478,1.624001875577497,1.623042783107287,1.6238866061826087
2026-05-05 02:00:00+00:00,1.6238642160850425,1.6238642160850425,1.6223621136150734,1.6232892760174742
2026-05-05 03:00:00+00:00,1.62327709780571,1.624341252103853,1.6229898995466492,1.624315413373062
2026-05-05 04:00:00+00:00,1.6242705991088533,1.6242827981904429,1.6210442275661743,1.623840931670161
2026-05-05 05:00:00+00:00,1.6240528865396011,1.628036892103042,1.6237014554735447,1.6272943387881451
2026-05-05 06:00:00+00:00,1.6269102163760447,1.6269102163760447,1.6259560955405206,1.6267093958062806
2026-05-05 07:00:00+00:00,1.6261839670836427,1.6266812118534049,1.624596718599199,1.6252655978365833
2026-05-05 08:00:00+00:00,1.625034486564033,1.625132753127455,1.6233751912553227,1.6240142282027226
2026-05-05 09:00:00+00:00,1.6238677567452038,1.6240552766591254,1.6228200677741944,1.6228200677741944
2026-05-05 10:00:00+00:00,1.6228060507535873,1.6230569948186513,1.6212623670414035,1.6217991078803882
2026-05-05 11:00:00+00:00,1.6219167894671591,1.622120894864446,1.620419280290523,1.6207707866096106
2026-05-05 12:00:00+00:00,1.6209852759047731,1.621342915754545,1.619299523214112,1.6205473800027492
2026-05-05 13:00:00+00:00,1.6202733547837072,1.6207816129874757,1.6197684161366963,1.6201825279014774
2026-05-05 14:00:00+00:00,1.6198832016489164,1.6206436712080163,1.6191201911195308,1.6194588212682401
2026-05-05 15:00:00+00:00,1.6197602735023944,1.6197805819110502,1.6181242200249577,1.6182134920852638
2026-05-05 16:00:00+00:00,1.6185530233387744,1.619043042493305,1.6182187289960617,1.6188691162739588
2026-05-05 17:00:00+00:00,1.618748198080697,1.6190992871760341,1.6185842894000093,1.6186756003459957
2026-05-05 18:00:00+00:00,1.618574958813837,1.6189600010984921,1.6182893851834552,1.6187599538689643
2026-05-05 19:00:00+00:00,1.6188390675196995,1.6195036825327014,1.6186389476285925,1.619195471781061
2026-05-05 20:00:00+00:00,1.6192007034029852,1.619399601566255,1.6188494189400793,1.6189749931299795
2026-05-05 21:00:00+00:00,1.6194364261168366,1.6201496026180444,1.6187558388745378,1.6188088204987274
2026-05-05 22:00:00+00:00,1.6192255901508679,1.6192255901508679,1.617157192010855,1.6175248543023635
2026-05-05 23:00:00+00:00,1.617810022766545,1.6181905348948684,1.6171789392943219,1.6173142262165698
2026-05-06 00:00:00+00:00,1.6171337771567882,1.6171337771567882,1.6135665004440176,1.6135665004440176
2026-05-06 01:00:00+00:00,1.6135453812627216,1.6139612430644745,1.6119812273186152,1.612518771331056
2026-05-06 02:00:00+00:00,1.612629337410247,1.6129283276450495,1.6108731241473377,1.6108731241473377
2026-05-06 03:00:00+00:00,1.6108125068209085,1.6113013932289868,1.6097142156261481,1.6113013932289868
2026-05-06 04:00:00+00:00,1.6113962058141102,1.6113962058141102,1.609975347652577,1.611282917591922
2026-05-06 05:00:00+00:00,1.6111504617647838,1.6111739302208339,1.6096800544588137,1.6099400871459677
2026-05-06 06:00:00+00:00,1.6102902123139342,1.6113072278482716,1.6098274946560083,1.6098274946560083
2026-05-06 07:00:00+00:00,1.6104867383219568,1.6124314442413141,1.6097504526704134,1.6118863964676042
2026-05-06 08:00:00+00:00,1.6122243123142757,1.6133336971946275,1.610838643063837,1.6111956935457543
2026-05-06 09:00:00+00:00,1.611652069847139,1.6135875329761464,1.6115460946632936,1.6126423659245954
2026-05-06 10:00:00+00:00,1.612662081713647,1.6139369693011083,1.61188341719447,1.6130626654898481
2026-05-06 11:00:00+00:00,1.6136061075338914,1.6152160300563534,1.6133202955236834,1.6144014156400988
2026-05-06 12:00:00+00:00,1.614577092750938,1.6159775179733415,1.613976546858612,1.6150101585829777
2026-05-06 13:00:00+00:00,1.6150888340446399,1.6159630948968848,1.6149945474372942,1.6154423299911307
2026-05-06 14:00:00+00:00,1.6152691956186638,1.6155387992745995,1.614204971058902,1.6147523105864374
2026-05-06 15:00:00+00:00,1.6145729670779068,1.6160593700121395,1.6145729670779068,1.6157550786526031
2026-05-06 16:00:00+00:00,1.6159807881235653,1.6165401212650876,1.6158076445463336,1.6161304419074654
2026-05-06 17:00:00+00:00,1.6161483727345962,1.616225585870854,1.6154360584140832,1.615493784200541
2026-05-06 18:00:00+00:00,1.6152870065901657,1.6152870065901657,1.6143996727347085,1.614547537227948
2026-05-06 19:00:00+00:00,1.614521407144803,1.6146000927163136,1.614055896387183,1.614170007363166
2026-05-06 20:00:00+00:00,1.6142118827812835,1.614515007295685,1.6141583024219925,1.6144037748199855
2026-05-06 21:00:00+00:00,1.6146909150442699,1.6154003602423421,1.6137478872471491,1.6138559882239065
2026-05-06 22:00:00+00:00,1.6142804563857172,1.6145246826900765,1.6138980879567142,1.6141642132809921
2026-05-06 23:00:00+00:00,1.6142448200654285,1.6143630438635936,1.6137187559626003,1.6143326561498688
2026-05-07 00:00:00+00:00,1.6141147281749253,1.6148390616475696,1.6138791975577822,1.6143484307255995
2026-05-07 01:00:00+00:00,1.6148316874897681,1.6148316874897681,1.6133356925087086,1.6136899007366434
2026-05-07 02:00:00+00:00,1.613559322033896,1.614358513189446,1.6135011098854684,1.6137753503765928
2026-05-07 03:00:00+00:00,1.6139636264559611,1.6140463215258833,1.6127973637267294,1.6129599106400925
2026-05-07 04:00:00+00:00,1.6128258915193265,1.6130512953226703,1.6117000285764806,1.6120548840248263
2026-05-07 05:00:00+00:00,1.6121221195334061,1.612344636998514,1.611606231716441,1.612344636998514
2026-05-07 06:00:00+00:00,1.612639233094581,1.612867632034217,1.6107749418691588,1.6109856318711202
2026-05-07 07:00:00+00:00,1.6110967496156385,1.6125219331057252,1.6106490541422025,1.6110665815321474
2026-05-07 08:00:00+00:00,1.6108779222190501,1.61254146049698,1.6106048053024005,1.6123674911660755
2026-05-07 09:00:00+00:00,1.612459898863572,1.613186514410003,1.611900750081528,1.611900750081528
2026-05-07 10:00:00+00:00,1.6118125110419501,1.6126129799524271,1.6116523322327727,1.6124080544942805
2026-05-07 11:00:00+00:00,1.6122826338187084,1.6127926432778745,1.6117575098545582,1.6122324159021384
2026-05-07 12:00:00+00:00,1.6120549062245153,1.6141687297657565,1.6120549062245153,1.6138904758018422
2026-05-07 13:00:00+00:00,1.6142332290107473,1.615252644908294,1.6139816388983315,1.6142581049078564
2026-05-07 14:00:00+00:00,1.614292520247735,1.6150567214588218,1.6131220181865116,1.6131220181865116
2026-05-07 15:00:00+00:00,1.6133101348412326,1.615517734748659,1.61327333777409,1.615517734748659
2026-05-07 16:00:00+00:00,1.615825985035365,1.6159521082201471,1.615025200926302,1.6152965547317901
2026-05-07 17:00:00+00:00,1.615375178900018,1.6157697975222374,1.6146755212523671,1.6146755212523671
2026-05-07 18:00:00+00:00,1.614741579162687,1.6167932051562137,1.6146399989092919,1.61580024559967
2026-05-07 19:00:00+00:00,1.6159010890035186,1.6168444079846847,1.6155798436284723,1.6168444079846847
2026-05-07 20:00:00+00:00,1.6167411721281197,1.6179683008951278,1.6158846342928912,1.6172175460206644
2026-05-07 21:00:00+00:00,1.61720065145688,1.6196166020362002,1.6167900693883672,1.6186960690316374
2026-05-07 22:00:00+00:00,1.6190417471604508,1.6195357250527564,1.6185514786418378,1.619060667506985
2026-05-07 23:00:00+00:00,1.618949762305972,1.6192067949859557,1.6184646564237368,1.6185671453801163
2026-05-08 00:00:00+00:00,1.6183801689092054,1.6197974482314383,1.6182796434976634,1.6182873730043514
2026-05-08 01:00:00+00:00,1.6184165491559739,1.618642791627306,1.6174462670843968,1.6183978210585364
2026-05-08 02:00:00+00:00,1.6185489390828178,1.6186738984536555,1.617353709759065,1.6176913390999648
2026-05-08 03:00:00+00:00,1.617669198658726,1.6177799069258119,1.6160270078180505,1.6167966078511808
2026-05-08 04:00:00+00:00,1.616855407845066,1.6171900645584831,1.616264451064525,1.6165684840698142
2026-05-08 05:00:00+00:00,1.6165074418795333,1.6169305225166084,1.6158090997254486,1.6161518177967815
2026-05-08 06:00:00+00:00,1.6164293717377616,1.6165810892008499,1.6160555843730353,1.6165444339738575
2026-05-08 07:00:00+00:00,1.6165455638111867,1.6173352278937565,1.6164003823569553,1.6169052953713294
2026-05-08 08:00:00+00:00,1.6169474388927576,1.6177289477275805,1.6166318634074415,1.6173826446393713
2026-05-08 09:00:00+00:00,1.617571623465209,1.6185582487171066,1.6170459348540396,1.6182024066140936
2026-05-08 10:00:00+00:00,1.6182148070338163,1.618222737502555,1.6166912045367774,1.6169687546881581
2026-05-08 11:00:00+00:00,1.6168373399511822,1.617936436456924,1.6163431126622292,1.6173004528343042
2026-05-08 12:00:00+00:00,1.6173405358214634,1.617935397662969,1.6161848609049665,1.617935397662969
2026-05-08 13:00:00+00:00,1.6179145588175112,1.618840935768294,1.6172464518238012,1.6174651188140374
2026-05-08 14:00:00+00:00,1.617629419622166,1.617629419622166,1.616499564080207,1.616785884597041
2026-05-08 15:00:00+00:00,1.6167450098780545,1.6174165496749198,1.6165172855313674,1.6170085178875615
2026-05-08 16:00:00+00:00,1.6168960348821342,1.6173680767553402,1.6167688325841143,1.6169972057520592
2026-05-08 17:00:00+00:00,1.6169479050241231,1.6170409943305692,1.616571981308154,1.616747291680859
2026-05-08 18:00:00+00:00,1.616791105782329,1.6176887435268443,1.6167361281359787,1.6176887435268443
2026-05-08 19:00:00+00:00,1.6174723418169905,1.6175320517187324,1.616983033307005,1.6169949061589148
2026-05-08 20:00:00+00:00,1.6170180887000087,1.6183007426585791,1.6170180887000087,1.6182060959492026
2026-05-10 21:00:00+00:00,1.6181463919773251,1.6228692213282399,1.6181463919773251,1.6224371478849196
2026-05-10 22:00:00+00:00,1.6217863082417707,1.6217863082417707,1.6194980537332906,1.6196335719924837
2026-05-10 23:00:00+00:00,1.6196523609239495,1.6201677011869733,1.6191739449840803,1.620008166598609
2026-05-11 00:00:00+00:00,1.6199621609114019,1.6202817668277383,1.6192794679650184,1.619582074932656
2026-05-11 01:00:00+00:00,1.6195347571758918,1.6208230598427962,1.6195347571758918,1.6195415441576801
2026-05-11 02:00:00+00:00,1.6193334149893137,1.6200040852454525,1.619022352829134,1.6198589094078524
2026-05-11 03:00:00+00:00,1.6197701024188251,1.6199433381459558,1.6192220240445467,1.6196456054807178
2026-05-11 04:00:00+00:00,1.6197254079381052,1.62020331407391,1.6192779291553105,1.6192779291553105
2026-05-11 05:00:00+00:00,1.6193188010899155,1.6195049518438271,1.6184989990603393,1.6186669208977966
2026-05-11 06:00:00+00:00,1.6186423367603973,1.618771600402751,1.6175274418857684,1.618493336959475
2026-05-11 07:00:00+00:00,1.6184389447919478,1.619680561602087,1.6184389447919478,1.6192509587401722
2026-05-11 08:00:00+00:00,1.6193493989011567,1.6199232882674548,1.6189530931339202,1.6196759668621001
2026-05-11 09:00:00+00:00,1.6196001088139258,1.6198742891349873,1.6191279275358346,1.619506354260209
2026-05-11 10:00:00+00:00,1.619276354284312,1.6194247149427135,1.618316771115126,1.6184164015553173
2026-05-11 11:00:00+00:00,1.6182707993474692,1.6188262164036027,1.617867623084445,1.6181756389342008
2026-05-11 12:00:00+00:00,1.617978902724156,1.619171336851839,1.6179329282383785,1.618982884952622
2026-05-11 13:00:00+00:00,1.6190146109412138,1.6190146109412138,1.6178230720169329,1.6180670557893286
2026-05-11 14:00:00+00:00,1.6179656323804843,1.6182568670314577,1.6168575616111143,1.6168575616111143
2026-05-11 15:00:00+00:00,1.6170822079561318,1.617531286478266,1.6163707150318083,1.6166099073307711
2026-05-11 16:00:00+00:00,1.616711217248535,1.6176151025397232,1.6164000705496058,1.6172368367443914
2026-05-11 17:00:00+00:00,1.6172408642159697,1.6177181828062144,1.6170230095703502,1.617449391063498
2026-05-11 18:00:00+00:00,1.617336410534887,1.617832837523939,1.6170111697723943,1.617832837523939
2026-05-11 19:00:00+00:00,1.6179007566187134,1.618376718656592,1.6177812788613002,1.6181013053695348
2026-05-11 20:00:00+00:00,1.6182131844546754,1.619012687803948,1.6182131844546754,1.619012687803948
2026-05-11 21:00:00+00:00,1.6189337211040564,1.619708356549744,1.6183910232027359,1.6192552743475817
2026-05-11 22:00:00+00:00,1.618693898613504,1.6191685567220304,1.618693898613504,1.6189628945509833
2026-05-11 23:00:00+00:00,1.6188697695264198,1.6190579729839887,1.6183994239991284,1.618902024731619
2026-05-12 00:00:00+00:00,1.619567582268151,1.6200633953228918,1.619068332268542,1.6198097415588104
2026-05-12 01:00:00+00:00,1.6194849189828966,1.6211493375497494,1.6193256041802715,1.619695298778742
2026-05-12 02:00:00+00:00,1.6197004765146337,1.6199782105406486,1.618952380952379,1.6190819645360126
2026-05-12 03:00:00+00:00,1.6190651153296567,1.619746125139602,1.6190651153296567,1.6195742478514883
2026-05-12 04:00:00+00:00,1.6195236214574598,1.6195236214574598,1.6184668989547013,1.6190437292381397
2026-05-12 05:00:00+00:00,1.6189879793620736,1.620179213421939,1.6188440911442001,1.620179213421939
2026-05-12 06:00:00+00:00,1.6203895396349748,1.62264846416382,1.6200528423174325,1.6224558050644982
2026-05-12 07:00:00+00:00,1.6223927050343974,1.6224021629297842,1.6202265879562068,1.6210302302739255
2026-05-12 08:00:00+00:00,1.6207512684816385,1.6212294925340514,1.6200313629235674,1.6205137299302905
2026-05-12 09:00:00+00:00,1.6206435596295212,1.6212830415262194,1.6193117546848357,1.6196109967696626
2026-05-12 10:00:00+00:00,1.6196597508110882,1.6197461520633643,1.6184635512490264,1.6184635512490264
2026-05-12 11:00:00+00:00,1.6183260200049034,1.6187127808893047,1.617661877851159,1.6179599286288266
2026-05-12 12:00:00+00:00,1.6179339090636642,1.619490635273573,1.6179105290385793,1.6180503547161567
2026-05-12 13:00:00+00:00,1.618164488017427,1.618818906232942,1.6177396280400547,1.6185578260988163
2026-05-12 14:00:00+00:00,1.6184040043098131,1.6184040043098131,1.6163128004684904,1.616575653997519
2026-05-12 15:00:00+00:00,1.6167508887587319,1.6181664346734332,1.6162727371745973,1.6178226729919818
2026-05-12 16:00:00+00:00,1.6179790598756658,1.6189709514128585,1.6177865612648197,1.6187233926427222
2026-05-12 17:00:00+00:00,1.6185700641288008,1.6185700641288008,1.6172410503795134,1.6172566974627292
2026-05-12 18:00:00+00:00,1.6173436712224212,1.6173436712224212,1.6158126751748327,1.6161760503000835
2026-05-12 19:00:00+00:00,1.6162062865695987,1.616271315613983,1.61518584504073,1.6152475516866136
2026-05-12 20:00:00+00:00,1.6153553161388592,1.615520666104321,1.614769481844143,1.614769481844143
2026-05-12 21:00:00+00:00,1.6136264752270597,1.6158148269105137,1.6136264752270597,1.6151753037373617
2026-05-12 22:00:00+00:00,1.6150121723992523,1.6150592331651297,1.6145384332975243,1.6150592331651297
2026-05-12 23:00:00+00:00,1.6150017001020038,1.6151418270865905,1.6146972417169883,1.615075855500372
2026-05-13 00:00:00+00:00,1.6149429978505137,1.6158852039427085,1.6148813167380789,1.6156211729486987
2026-05-13 01:00:00+00:00,1.6156756021227356,1.6159889975217168,1.6137018316212817,1.6141214213860393
2026-05-13 02:00:00+00:00,1.6141424027403943,1.615008977637519,1.6139406543516948,1.614988029165304
2026-05-13 03:00:00+00:00,1.6151219578554985,1.6159282154625396,1.6149921774028955,1.6154254450432775
2026-05-13 04:00:00+00:00,1.6154254450432775,1.6159502185427737,1.615287265601609,1.6155186258897805
2026-05-13 05:00:00+00:00,1.615476741337541,1.6156275094252288,1.6143424560639836,1.6143822853334402
2026-05-13 06:00:00+00:00,1.6145945284122583,1.6145945284122583,1.6132259074268118,1.6132983138957289
2026-05-13 07:00:00+00:00,1.6133821408159352,1.6133821408159352,1.6117030686534644,1.611959599259499
2026-05-13 08:00:00+00:00,1.611849089473825,1.611849089473825,1.6097053584782497,1.6098184537975089
2026-05-13 09:00:00+00:00,1.609903036731805,1.6102257726487097,1.6094709944000412,1.6094709944000412
2026-05-13 10:00:00+00:00,1.609383494617808,1.6101547415082518,1.6089733137670503,1.6097116926170463
2026-05-13 11:00:00+00:00,1.6097027497011172,1.6100404990350878,1.6090285791867467,1.609127334465193
2026-05-13 12:00:00+00:00,1.6093416817200195,1.6102296848636564,1.6090725066909375,1.6095730214849038
2026-05-13 13:00:00+00:00,1.6094699492924025,1.6105323287000495,1.6086537024202625,1.6096125884958734
2026-05-13 14:00:00+00:00,1.6095973254691958,1.6095973254691958,1.6069824556642536,1.6070018318746164
2026-05-13 15:00:00+00:00,1.6070502991899462,1.6075562853691945,1.6049929562201972,1.6063597532036047
2026-05-13 16:00:00+00:00,1.60613949452218,1.6064482000922315,1.6057735312055275,1.6064482000922315
2026-05-13 17:00:00+00:00,1.606379948732553,1.6066389928916354,1.6059073217700246,1.6066359071787197
2026-05-13 18:00:00+00:00,1.606747367278252,1.6076437444844185,1.6059126661242182,1.6069935953104626
2026-05-13 19:00:00+00:00,1.6069461402794716,1.6081460864842827,1.606875873390585,1.6081460864842827
2026-05-13 20:00:00+00:00,1.6081921364179406,1.608594089526291,1.6072979427889031,1.6072979427889031
2026-05-13 21:00:00+00:00,1.607002306961594,1.6086118426411078,1.607002306961594,1.6081321335993355
2026-05-13 22:00:00+00:00,1.607787274453939,1.6080373375301853,1.607437344038188,1.607647130630568
2026-05-13 23:00:00+00:00,1.6076825000678168,1.6088868977314361,1.6075109857321088,1.6085510688836084
2026-05-14 00:00:00+00:00,1.608872719374455,1.609749140940142,1.608306873999292,1.6093391448395706
2026-05-14 01:00:00+00:00,1.609422533681006,1.6101153673682904,1.6093752121779967,1.6101153673682904
2026-05-14 02:00:00+00:00,1.6102934181378323,1.610307008602762,1.6085309729707695,1.6085563385062362
2026-05-14 03:00:00+00:00,1.6085752301300653,1.6093346735852625,1.6084105933296213,1.6087092306438886
2026-05-14 04:00:00+00:00,1.6086714464179004,1.6087411068266964,1.6075739901798531,1.6078591006540186
2026-05-14 05:00:00+00:00,1.6078561736770671,1.6082748510228169,1.606629609544466,1.6074636992807687
2026-05-14 06:00:00+00:00,1.607261084278502,1.6074993219419562,1.6064391011296886,1.6074068047136656
2026-05-14 07:00:00+00:00,1.60732544105881,1.61005519754194,1.6073027154599444,1.61005519754194
2026-05-14 08:00:00+00:00,1.6096546662861315,1.6096652759468875,1.6079730610471408,1.608270656276302
2026-05-14 09:00:00+00:00,1.6081449806556687,1.6096317742527408,1.6081449806556687,1.6091665081392483
2026-05-14 10:00:00+00:00,1.6089289838729381,1.6104696234036455,1.6088167368564035,1.610078710186102
2026-05-14 11:00:00+00:00,1.6104357049608335,1.6104357049608335,1.6091986839600814,1.6096157769466148
2026-05-14 12:00:00+00:00,1.6102571078764774,1.6103975618384154,1.6093558824329082,1.610239381608849
2026-05-14 13:00:00+00:00,1.6102317732079405,1.6125359621494095,1.6102317732079405,1.6123617720448855
2026-05-14 14:00:00+00:00,1.6118359167314198,1.612444105136872,1.6091734873142745,1.6092026044078764
2026-05-14 15:00:00+00:00,1.6094835808693262,1.6101713397761794,1.6091269570904907,1.6099026903262714
2026-05-14 16:00:00+00:00,1.6099708343554917,1.6108496036456394,1.6098744564550624,1.6104165246438045
2026-05-14 17:00:00+00:00,1.610174343315929,1.6107164769241233,1.6096856391458958,1.610138072975586
2026-05-14 18:00:00+00:00,1.6104347588989907,1.6106504841129123,1.6096384228530909,1.6097710547833175
2026-05-14 19:00:00+00:00,1.609671353826028,1.610208563517069,1.609671353826028,1.6099164087109463
2026-05-14 20:00:00+00:00,1.6099732736991361,1.6099732736991361,1.609412502727469,1.609613417876864
2026-05-14 21:00:00+00:00,1.609382244647482,1.6104942986524065,1.6091960292352983,1.609656658212657
2026-05-14 22:00:00+00:00,1.6096470299526897,1.6098415641787767,1.6093215371402847,1.6093215371402847
2026-05-14 23:00:00+00:00,1.609343475652978,1.6101428902870065,1.6086138492371858,1.6101428902870065
2026-05-15 00:00:00+00:00,1.6101345634194917,1.611352577770486,1.6091641998717698,1.6110010520131686
2026-05-15 01:00:00+00:00,1.61121891227111,1.6139675669752895,1.610840937653678,1.6138885084235015
2026-05-15 02:00:00+00:00,1.6137621212951272,1.6143001972818916,1.612875430822253,1.613621121497883
2026-05-15 03:00:00+00:00,1.6133026832505486,1.613966862933039,1.613267833440521,1.6132833349299955
2026-05-15 04:00:00+00:00,1.6134136326307125,1.615315018917583,1.613351763401714,1.615315018917583
2026-05-15 05:00:00+00:00,1.6155238369462361,1.6189042000165008,1.6155238369462361,1.6183580858085787
2026-05-15 06:00:00+00:00,1.6183490527126216,1.6189841226201092,1.6173053152039532,1.6183183018037812
2026-05-15 07:00:00+00:00,1.618324074583354,1.618324074583354,1.6163274269479384,1.6170043266259166
2026-05-15 08:00:00+00:00,1.6170306276610333,1.618784302397555,1.6170306276610333,1.6187692561619698
2026-05-15 09:00:00+00:00,1.6190430332379462,1.6212591152833473,1.6187862027214797,1.6201848255725853
2026-05-15 10:00:00+00:00,1.6199413408975099,1.6204051839303644,1.6169500822819507,1.617526763656325
2026-05-15 11:00:00+00:00,1.6174718638484744,1.6199810045561513,1.6174351090552184,1.619646003083019
2026-05-15 12:00:00+00:00,1.6198191253596135,1.620041609832043,1.618679987889795,1.618679987889795
2026-05-15 13:00:00+00:00,1.618964378131364,1.6205571168788209,1.6183218707015108,1.6196234522842128
2026-05-15 14:00:00+00:00,1.6198774020249307,1.6198774020249307,1.6171139602314086,1.6188752975494292
2026-05-15 15:00:00+00:00,1.618378155306415,1.619458789506298,1.618378155306415,1.619317712492082
2026-05-15 16:00:00+00:00,1.6191951316894502,1.6193498643829747,1.61797505603454,1.6184319119669854
2026-05-15 17:00:00+00:00,1.6185549991745973,1.6185549991745973,1.6175326193062274,1.6175742574257406
2026-05-15 18:00:00+00:00,1.6173275767242306,1.6183808343659625,1.6172292884152608,1.618088239341643
2026-05-15 19:00:00+00:00,1.6182388725260788,1.6187853671297356,1.6181530415634442,1.6187853671297356
2026-05-15 20:00:00+00:00,1.6189564714468645,1.6206231310890302,1.6189564714468645,1.6203741974594232
2026-05-17 21:00:00+00:00,1.620217939357201,1.620217939357201,1.6160125329815276,1.6176684956750111
2026-05-17 22:00:00+00:00,1.6177372553873208,1.6177372553873208,1.6165249289021357,1.6173640512453922
2026-05-17 23:00:00+00:00,1.6171441139275282,1.6208826814101915,1.6170148433205034,1.620577005251765
2026-05-18 00:00:00+00:00,1.620827991232058,1.6222301939898978,1.620820815302773,1.6214635492102873
2026-05-18 01:00:00+00:00,1.6216201302284485,1.6222676087436492,1.620905481416121,1.6214274881777921
2026-05-18 02:00:00+00:00,1.621516526247567,1.6221872714981413,1.620753806931714,1.621934398190292
2026-05-18 03:00:00+00:00,1.621466589448716,1.6222501137883916,1.6206606788626818,1.6207157813533142
2026-05-18 04:00:00+00:00,1.6208858579596301,1.6212100330760717,1.6203819726532889,1.6211757896477563
2026-05-18 05:00:00+00:00,1.6213046294637294,1.621685717043305,1.6204901434062045,1.6214394972921546
2026-05-18 06:00:00+00:00,1.6213952078482134,1.621601135596254,1.6193821576364131,1.6193821576364131
2026-05-18 07:00:00+00:00,1.6196460736727734,1.6199614802586295,1.6179116366582862,1.6181838170624423
2026-05-18 08:00:00+00:00,1.6178256449707364,1.6189821561133841,1.617115263258976,1.6180302884681366
2026-05-18 09:00:00+00:00,1.6180649944396364,1.6184373197065824,1.6171287400494072,1.6177427994560936
2026-05-18 10:00:00+00:00,1.6178676409988708,1.618554150632213,1.6175032281106594,1.6181860676134538
2026-05-18 11:00:00+00:00,1.6181678214010748,1.6188596732493508,1.6168499876566889,1.6176716860441145
2026-05-18 12:00:00+00:00,1.6176692606469825,1.6176934795437983,1.6145625222365114,1.6149548834088672
2026-05-18 13:00:00+00:00,1.6147096668218002,1.6164531965661912,1.6147096668218002,1.6160560138116222
2026-05-18 14:00:00+00:00,1.6162225114749578,1.6184035263584282,1.6162225114749578,1.6179878634778522
2026-05-18 15:00:00+00:00,1.6178441009307791,1.6197659083415734,1.6178441009307791,1.6189024808819665
2026-05-18 16:00:00+00:00,1.618716790465857,1.6198626373626346,1.618342708190421,1.61861697017936
2026-05-18 17:00:00+00:00,1.6188868300048012,1.6188868300048012,1.6179129456630559,1.6179146256123136
2026-05-18 18:00:00+00:00,1.6179707440239293,1.6192138537658027,1.6179707440239293,1.6184440259008206
2026-05-18 19:00:00+00:00,1.6186987064047376,1.6186987064047376,1.6163700385000037,1.6171945701357442
2026-05-18 20:00:00+00:00,1.61731678892164,1.6178958770378262,1.61731678892164,1.617869679684069
2026-05-18 21:00:00+00:00,1.618336945488461,1.618336945488461,1.6167112207827785,1.618016807644322
2026-05-18 22:00:00+00:00,1.6176035300243892,1.6176035300243892,1.616796821482392,1.6168105219893107
2026-05-18 23:00:00+00:00,1.6167388206926756,1.6169279684245117,1.6158975763384882,1.6169174684099412
2026-05-19 00:00:00+00:00,1.6167086942221218,1.6197680490284965,1.6167086942221218,1.6197680490284965
2026-05-19 01:00:00+00:00,1.620005772481752,1.6221307865910688,1.6198117744040639,1.6212852565424836
2026-05-19 02:00:00+00:00,1.6213431994168344,1.622479179571888,1.6212075367899845,1.6216978536048403
2026-05-19 03:00:00+00:00,1.621848508202133,1.6224082385659577,1.6212212900563854,1.6224082385659577
2026-05-19 04:00:00+00:00,1.622447715162944,1.6237524124620872,1.622209068634196,1.6235321682562407
2026-05-19 05:00:00+00:00,1.623206977801659,1.6244467425025826,1.6230334756853535,1.6235913261510462
2026-05-19 06:00:00+00:00,1.6236513207755139,1.623921611862956,1.6223593246481374,1.6224588176959918
2026-05-19 07:00:00+00:00,1.6225237636038,1.6242070715428294,1.6215278255959649,1.6242070715428294
2026-05-19 08:00:00+00:00,1.624524137931032,1.6251708475418636,1.62405797101449,1.6244495064540594
2026-05-19 09:00:00+00:00,1.6248014914037119,1.6251571631871973,1.6238902006268696,1.6243958350595158
2026-05-19 10:00:00+00:00,1.6243319754194543,1.6249222819403923,1.6236701577182566,1.6244632526543938
2026-05-19 11:00:00+00:00,1.6240716711300043,1.6243975862021318,1.6233922163952497,1.6235779765849319
2026-05-19 12:00:00+00:00,1.6239573551345052,1.6241523609595727,1.6232196091420974,1.6241523609595727
2026-05-19 13:00:00+00:00,1.6242610905474808,1.6259840885506718,1.62416441080603,1.6249188031234856
2026-05-19 14:00:00+00:00,1.6250069118053605,1.629241080721033,1.6248065657123878,1.6279295520732184
2026-05-19 15:00:00+00:00,1.6277921825820467,1.6282440736271175,1.6251833402518305,1.6254359258234128
2026-05-19 16:00:00+00:00,1.6251072426867377,1.6256472021485702,1.623466342433953,1.6235889074654886
2026-05-19 17:00:00+00:00,1.6235476160870919,1.6239291438677912,1.6229736820303193,1.6237636072277144
2026-05-19 18:00:00+00:00,1.6237533497251124,1.6241479904326037,1.6236844286069418,1.6241237712057706
2026-05-19 19:00:00+00:00,1.6237838584853481,1.624217032397226,1.6234367442824542,1.623985846774748
2026-05-19 20:00:00+00:00,1.624148178865157,1.6245247279715707,1.6238735003040832,1.624272421850154
2026-05-19 21:00:00+00:00,1.6246749654218509,1.6246749654218509,1.6239231141533537,1.6241238681136352
2026-05-19 22:00:00+00:00,1.6243225306935045,1.6246957964601743,1.6241620015204896,1.6245057649238233
2026-05-19 23:00:00+00:00,1.6243606403273496,1.6249343033387709,1.6238447192097785,1.6249343033387709
2026-05-20 00:00:00+00:00,1.6254860448060637,1.6267610511587929,1.624916998671976,1.6267610511587929
2026-05-20 01:00:00+00:00,1.6264594673203947,1.6270239547521324,1.6241681309406835,1.6241681309406835
2026-05-20 02:00:00+00:00,1.6242044385411452,1.6257479224376705,1.6237176119237868,1.6255330933259455
2026-05-20 03:00:00+00:00,1.6256283842734258,1.6256283842734258,1.6241996819470343,1.624514129998752
2026-05-20 04:00:00+00:00,1.623968370266942,1.6248840782316192,1.6236661690717065,1.6245640741765819
2026-05-20 05:00:00+00:00,1.6243445537431314,1.6246246246246219,1.6237119818536367,1.623747994023571
2026-05-20 06:00:00+00:00,1.6236771846338973,1.6240937517294787,1.622691037703262,1.6232852085407652
2026-05-20 07:00:00+00:00,1.623412906973525,1.623412906973525,1.6218972856432061,1.6223491027732435
2026-05-20 08:00:00+00:00,1.6220284166298071,1.6220529059557198,1.6204582176741076,1.6209535915113473
2026-05-20 09:00:00+00:00,1.6208501996325078,1.6216261039014854,1.6203986353025648,1.620456711840521
2026-05-20 10:00:00+00:00,1.6201024734494305,1.6201206798945058,1.6191618748190102,1.619442299205646
2026-05-20 11:00:00+00:00,1.6194640221783898,1.619499544789911,1.6177799201211929,1.618825735121794
2026-05-20 12:00:00+00:00,1.6186151004768834,1.6189149297173493,1.6177605113792888,1.618790169089452
2026-05-20 13:00:00+00:00,1.618544617124258,1.6195056651164048,1.6180301881590706,1.6188754743014806
2026-05-20 14:00:00+00:00,1.6186002235006802,1.6191311312417116,1.6154680953362157,1.6154680953362157
2026-05-20 15:00:00+00:00,1.6154490639636272,1.6162835459744804,1.6142962902031726,1.616187989556133
2026-05-20 16:00:00+00:00,1.6161233153361056,1.6166678117485374,1.6154627291689507,1.6162319557185407
2026-05-20 17:00:00+00:00,1.6162468064064146,1.6163683567081937,1.6156286043829269,1.6157651035297644
2026-05-20 18:00:00+00:00,1.6157175242151514,1.6164020437314552,1.6156032458705742,1.616241076331683
2026-05-20 19:00:00+00:00,1.6160813536992027,1.6162538444639694,1.615576785812329,1.615576785812329
2026-05-20 20:00:00+00:00,1.6157658461580677,1.616725983537848,1.6157658461580677,1.616725983537848
2026-05-20 21:00:00+00:00,1.617593267419312,1.6177085338687027,1.6160502135724952,1.6162341854746736
2026-05-20 22:00:00+00:00,1.6162784309416518,1.61727886108477,1.6162784309416518,1.6168166517826448
2026-05-20 23:00:00+00:00,1.6167859645266298,1.6172496735619517,1.6167514085474755,1.6172327061313658
2026-05-21 00:00:00+00:00,1.6174044542205086,1.6183083290933813,1.6173859263331474,1.6180303530188025
2026-05-21 01:00:00+00:00,1.6181213312621117,1.6251847146072973,1.6172205438066438,1.6240856772199037
2026-05-21 02:00:00+00:00,1.6237066468007586,1.6269458012204034,1.6231208451714312,1.6256047996903398
2026-05-21 03:00:00+00:00,1.6253783533509294,1.6253783533509294,1.6232178101665877,1.6232178101665877
2026-05-21 04:00:00+00:00,1.6232058076625784,1.6232058076625784,1.6214115409528767,1.6218015881769026
2026-05-21 05:00:00+00:00,1.621677878253195,1.6236522027252744,1.6216212490868211,1.622364120316096
2026-05-21 06:00:00+00:00,1.6220733018945945,1.6250259103157576,1.6219565996636034,1.6246391425059021
2026-05-21 07:00:00+00:00,1.624406142967625,1.624406142967625,1.6212848745757071,1.6217424911660747
2026-05-21 08:00:00+00:00,1.622171289712397,1.622171289712397,1.6202536875593905,1.6209580755824338
2026-05-21 09:00:00+00:00,1.6208440690576877,1.6209394235668324,1.6198444918461403,1.6205970642504997
2026-05-21 10:00:00+00:00,1.620538664904161,1.6213392586049822,1.6195903534852962,1.620342021790095
2026-05-21 11:00:00+00:00,1.6200463307685913,1.6201353754532015,1.6185092876912244,1.6189602868174267
2026-05-21 12:00:00+00:00,1.6188460743089514,1.619114585487582,1.618113436290242,1.618792834783565
2026-05-21 13:00:00+00:00,1.6187541363335511,1.6192125158655675,1.6171939591026812,1.6171939591026812
2026-05-21 14:00:00+00:00,1.617171995589854,1.6181038287542726,1.6157351321585873,1.6158019387530265
2026-05-21 15:00:00+00:00,1.616010686644446,1.617144827586204,1.6156951352244986,1.61591657367993
2026-05-21 16:00:00+00:00,1.6156971299509695,1.616518361387363,1.614708068378889,1.6159544002643433
2026-05-21 17:00:00+00:00,1.6158738899979321,1.616083723492148,1.6133814212446145,1.6142153567557898
2026-05-21 18:00:00+00:00,1.6141399736726605,1.616138970648912,1.6141399736726605,1.615812917594652
2026-05-21 19:00:00+00:00,1.6157546767830853,1.6158647236733543,1.6150245054296317,1.6156191627293677
2026-05-21 20:00:00+00:00,1.615526167621085,1.616242147658384,1.615526167621085,1.616124687319605
2026-05-21 21:00:00+00:00,1.617161716171614,1.6180164811732143,1.616293139007284,1.6173768327235687
2026-05-21 22:00:00+00:00,1.616609158269521,1.616609158269521,1.6161289879176886,1.6163626616816231
2026-05-21 23:00:00+00:00,1.6163752817637,1.6173387984154899,1.6163752817637,1.6171511867763109
2026-05-22 00:00:00+00:00,1.6173751547668147,1.6181607961349433,1.6171623517759344,1.6181607961349433
2026-05-22 01:00:00+00:00,1.6182721691490207,1.6190889430692696,1.6176284432703125,1.6184908206971558
2026-05-22 02:00:00+00:00,1.6182889718133344,1.6184554793577317,1.617624394539847,1.618137011949994
2026-05-22 03:00:00+00:00,1.6182216164870078,1.6188403201586987,1.6181560361799052,1.6181560361799052
2026-05-22 04:00:00+00:00,1.6182516625590297,1.6185748709122172,1.6180008809117405,1.618390804597698
2026-05-22 05:00:00+00:00,1.6183449870616058,1.618432101314609,1.6174544654157235,1.6182023493121411
2026-05-22 06:00:00+00:00,1.6181670476137993,1.6196447518913002,1.6179960902007184,1.618699982093414
2026-05-22 07:00:00+00:00,1.6187667929727834,1.6197633690945665,1.6187667929727834,1.6188586701937089
2026-05-22 08:00:00+00:00,1.6191158637415908,1.6194341468792604,1.617819057447537,1.618982004574638
2026-05-22 09:00:00+00:00,1.6188579932207097,1.6196236929952794,1.6188579932207097,1.6194454784850583
2026-05-22 10:00:00+00:00,1.6189872370923695,1.6197216129343732,1.618865791795321,1.6194233687405126
2026-05-22 11:00:00+00:00,1.6191271001738043,1.620333181510769,1.6191271001738043,1.6200590703323365
2026-05-22 12:00:00+00:00,1.619708009052268,1.6202407576134041,1.6187969406738754,1.618865168074752
2026-05-22 13:00:00+00:00,1.6190148027675906,1.6201263762037441,1.6182311090316068,1.6192905298277993
2026-05-22 14:00:00+00:00,1.6199066916961102,1.6203653838187135,1.618913664005292,1.619040394985447
2026-05-22 15:00:00+00:00,1.6191980357807876,1.6194253238243659,1.6183015722100473,1.6188592380217204
2026-05-22 16:00:00+00:00,1.6187758478081027,1.6192865413243616,1.6184694679106397,1.6190128524788858
2026-05-22 17:00:00+00:00,1.6189059659560372,1.6190377779614749,1.618494961176273,1.618780726276213
2026-05-22 18:00:00+00:00,1.6188154941408102,1.6189007175221353,1.6183630755673024,1.6184987813442362
2026-05-22 19:00:00+00:00,1.618643717728052,1.6191736266159453,1.6186108012065585,1.619041056243881
2026-05-22 20:00:00+00:00,1.6190994666262357,1.620219634677995,1.6188979850602245,1.6200474561306666
2026-05-24 21:00:00+00:00,1.620016554007446,1.621138503160972,1.6190982091117274,1.6191685179308126
2026-05-24 22:00:00+00:00,1.6188026644233255,1.6207338943302496,1.6183773350796138,1.620228375992936
2026-05-24 23:00:00+00:00,1.6197788867139007,1.620305366674479,1.619663951260524,1.6202692265254297
2026-05-25 00:00:00+00:00,1.620009102569404,1.620357083724264,1.619153951122686,1.6191809156094836
2026-05-25 01:00:00+00:00,1.6189885285682737,1.6190082302824733,1.617338509829833,1.6178694915487688
2026-05-25 02:00:00+00:00,1.6177207867335097,1.6181617748380839,1.6170798518865166,1.6180693342151642
2026-05-25 03:00:00+00:00,1.6180478060205246,1.6187771420693424,1.6179473401397064,1.6187056309876595
2026-05-25 04:00:00+00:00,1.618545474595426,1.618636708250048,1.6174721189591041,1.6175834767641963
2026-05-25 05:00:00+00:00,1.6177361608372318,1.6182086180295316,1.6172535308206886,1.6180753599228455
2026-05-25 06:00:00+00:00,1.6177888588902936,1.6186133649249896,1.6175202787379634,1.6181450002066284
2026-05-25 07:00:00+00:00,1.6182682372390957,1.6197251124665326,1.6182682372390957,1.6188533064971913
2026-05-25 08:00:00+00:00,1.618741640582984,1.6190239867659189,1.6181595294830617,1.6183385903775396
2026-05-25 09:00:00+00:00,1.618307783424924,1.6184500523444785,1.6177252137517004,1.6180132778711296
2026-05-25 10:00:00+00:00,1.6178115015974408,1.6184375473543517,1.6177604582633325,1.6183175613317318
2026-05-25 11:00:00+00:00,1.61833785626713,1.6184826940035242,1.6174701696921288,1.6177337188489571
2026-05-25 12:00:00+00:00,1.6178483400575543,1.6183820998278797,1.6175150730941794,1.618325760704939
2026-05-25 13:00:00+00:00,1.6184975077795796,1.6184975077795796,1.6172181600363498,1.6172181600363498
2026-05-25 14:00:00+00:00,1.6170262567294023,1.6171773904903464,1.6154258683754539,1.6155729138016355
2026-05-25 15:00:00+00:00,1.6156903736916632,1.6168508553419272,1.6156692296053774,1.6167650661271866
2026-05-25 16:00:00+00:00,1.6167779230610384,1.6171150086731427,1.6164125289001399,1.6164886882809455
2026-05-25 17:00:00+00:00,1.6164696492217892,1.6166769865841037,1.6161485557083872,1.6163603345806705
2026-05-25 18:00:00+00:00,1.6163910519219626,1.6165393876848952,1.6162397160388484,1.616463045512076
2026-05-25 19:00:00+00:00,1.616435529139835,1.616480008805478,1.6160173874766113,1.616150777273349
2026-05-25 20:00:00+00:00,1.6161475815770614,1.6166095489766952,1.6160311433916552,1.6166095489766952
2026-05-25 21:00:00+00:00,1.6174886718911363,1.6174886718911363,1.616521894745533,1.616904122788902
2026-05-25 22:00:00+00:00,1.6166210246741957,1.6166801975974538,1.616265151410918,1.6163889767896176
2026-05-25 23:00:00+00:00,1.6163211401686557,1.6169828986864176,1.6162173314993091,1.6169828986864176
2026-05-26 00:00:00+00:00,1.6172140742270849,1.6175032706741,1.6166902988670278,1.6168701565059362
2026-05-26 01:00:00+00:00,1.6169571322375451,1.617657186144202,1.6167006166042688,1.6173533341598105
2026-05-26 02:00:00+00:00,1.6173841173634516,1.6176434112799847,1.6169864070182172,1.617233447653675
2026-05-26 03:00:00+00:00,1.61722171721345,1.61722171721345,1.6161553601167096,1.6163374853760892
2026-05-26 04:00:00+00:00,1.6163322046962285,1.6178002535413074,1.6161627282861477,1.6177467817074147
2026-05-26 05:00:00+00:00,1.6179941002949818,1.6186286407766959,1.617647058823526,1.6178161315669728
2026-05-26 06:00:00+00:00,1.6178246484698064,1.6179020940459583,1.6167974666115896,1.6175238987299896
2026-05-26 07:00:00+00:00,1.617721205108068,1.6189530860112737,1.6173167807983213,1.618142239122644
2026-05-26 08:00:00+00:00,1.6186216402481015,1.6186216402481015,1.6178856190699116,1.6180235041263074
2026-05-26 09:00:00+00:00,1.617944090051112,1.6190751763668398,1.617944090051112,1.6188468691878457
2026-05-26 10:00:00+00:00,1.618960362619343,1.619293747932514,1.6179970252850737,1.6183385903775398
2026-05-26 11:00:00+00:00,1.618206110024514,1.6184362774808496,1.617461126337678,1.6176916294704327
2026-05-26 12:00:00+00:00,1.6177917407300204,1.6177917407300204,1.6164277945286547,1.6164596700905978
2026-05-26 13:00:00+00:00,1.6164013878944725,1.6164119509844384,1.614357239140598,1.615517003992837
2026-05-26 14:00:00+00:00,1.6151547697730746,1.61594083133625,1.6146487171016377,1.6155403172504925
2026-05-26 15:00:00+00:00,1.6156028368794295,1.6167015880017612,1.6154375817668494,1.6163939849209488
2026-05-26 16:00:00+00:00,1.6165423897013185,1.616960877533862,1.6162316363937015,1.6165378308737377
2026-05-26 17:00:00+00:00,1.6164710097001733,1.61673693202171,1.6162652926264707,1.6166629919523723
2026-05-26 18:00:00+00:00,1.6166884861847965,1.6166884861847965,1.6159873313136843,1.616129209924817
2026-05-26 19:00:00+00:00,1.6162787494835391,1.616388927145018,1.6160316061890834,1.6163038839095143
2026-05-26 20:00:00+00:00,1.6163367018200812,1.6167554986296433,1.6161502140605395,1.6162130894667222
2026-05-26 21:00:00+00:00,1.6162747448030714,1.6169623670725628,1.6159758667713509,1.6164451484057543
2026-05-26 22:00:00+00:00,1.616492489019232,1.6169483121927002,1.616492489019232,1.6168167671927036
2026-05-26 23:00:00+00:00,1.61667676378256,1.6168897334214554,1.6161878817896613,1.6164783284929702
2026-05-27 00:00:00+00:00,1.6165480794373843,1.617107690613208,1.6150451602260043,1.6156311467517608
2026-05-27 01:00:00+00:00,1.6155179291088368,1.6198747309751085,1.6151117222413167,1.6192630185348602
2026-05-27 02:00:00+00:00,1.6193017291304677,1.6196143873779412,1.6179063360881512,1.6187227826470392
2026-05-27 03:00:00+00:00,1.6186420824892827,1.619530894499521,1.6180731519224378,1.6192688373631794
2026-05-27 04:00:00+00:00,1.6192379797088632,1.6196699615368677,1.6187477609061063,1.6193370546481944
2026-05-27 05:00:00+00:00,1.6194348725017198,1.620465141942778,1.619203792252887,1.620465141942778
2026-05-27 06:00:00+00:00,1.6204889085089915,1.6231908076455606,1.6203271994923683,1.6231908076455606
2026-05-27 07:00:00+00:00,1.623186004446098,1.624720002212325,1.6226938798055646,1.6243000732762762
2026-05-27 08:00:00+00:00,1.624275858254867,1.6253664878021763,1.6239789924676908,1.6241760064122908
2026-05-27 09:00:00+00:00,1.6244557178994479,1.6244557178994479,1.6233131207094185,1.623963630333846
2026-05-27 10:00:00+00:00,1.62389111510294,1.6252680807493778,1.6232743252767265,1.6250674413778758
2026-05-27 11:00:00+00:00,1.62497579060952,1.6258582502768515,1.624607554320011,1.6252248512522451
2026-05-27 12:00:00+00:00,1.6253996373852957,1.6267087713466541,1.6245149351635724,1.6257401361297072
2026-05-27 13:00:00+00:00,1.6256171943072868,1.626065537473704,1.6245402505461655,1.6245402505461655
2026-05-27 14:00:00+00:00,1.6247510786591406,1.6265935800008273,1.6245436946902623,1.6247282495811204
2026-05-27 15:00:00+00:00,1.6244409056290212,1.6246211334855687,1.6234651548672534,1.6234768537087971
2026-05-27 16:00:00+00:00,1.6233437525932861,1.6234781405644685,1.6226141279559902,1.622981641229813
2026-05-27 17:00:00+00:00,1.6230145015690418,1.6233568562335654,1.6227537454867371,1.6231120331950177
2026-05-27 18:00:00+00:00,1.6231326767732621,1.623194821003704,1.622443193605042,1.6225945587259425
2026-05-27 19:00:00+00:00,1.6226962905611826,1.6226962905611826,1.6218472297082487,1.6218924035764102
2026-05-27 20:00:00+00:00,1.6219114476811642,1.6219667237853044,1.62153646301184,1.6215932334567937
2026-05-27 21:00:00+00:00,1.6223153411055298,1.6238688252386846,1.6219451509454792,1.6223404990668377
2026-05-27 22:00:00+00:00,1.621895772584676,1.621895772584676,1.621228031391618,1.621303819156576
2026-05-27 23:00:00+00:00,1.621295234410619,1.622146592512655,1.6209255088364083,1.622146592512655
2026-05-28 00:00:00+00:00,1.6226663160662598,1.6234393599645616,1.6223239475576663,1.622844887228445
2026-05-28 01:00:00+00:00,1.62302614279585,1.62466915178138,1.622435285490941,1.6241562365725495
2026-05-28 02:00:00+00:00,1.6241943755284165,1.6242237746728725,1.6232634801035988,1.6233465837476935
2026-05-28 03:00:00+00:00,1.6231771662812078,1.625755701638566,1.6227744704416407,1.6249096871005353
2026-05-28 04:00:00+00:00,1.6249183789716406,1.6257331887804705,1.6247881767925068,1.624998263816544
2026-05-28 05:00:00+00:00,1.6254949635289995,1.6254949635289995,1.6226001857473522,1.6233031517353225
2026-05-28 06:00:00+00:00,1.62335681402185,1.6239225033953233,1.622424108132059,1.6239225033953233
2026-05-28 07:00:00+00:00,1.6236079561194487,1.624504394598937,1.6231376350041502,1.623798043616811
2026-05-28 08:00:00+00:00,1.6237098405397503,1.625403824022846,1.6237098405397503,1.6253379361976419
2026-05-28 09:00:00+00:00,1.6254835355285924,1.6254835355285924,1.6242672837880872,1.624346910209678
2026-05-28 10:00:00+00:00,1.6244369603481452,1.625411007366913,1.623915754468612,1.624876864377381
2026-05-28 11:00:00+00:00,1.6247815109730006,1.626003299277759,1.624497379440389,1.6254054953281352
2026-05-28 12:00:00+00:00,1.6253968253968214,1.625987416502671,1.6246627651184953,1.624991352233887
2026-05-28 13:00:00+00:00,1.6247544747835192,1.625901671120214,1.6246698106683959,1.6251869081242694
2026-05-28 14:00:00+00:00,1.6249878840748244,1.6251678921059518,1.6224478534378066,1.6228498854192512
2026-05-28 15:00:00+00:00,1.6223905514852948,1.6223905514852948,1.6207519336026324,1.6207519336026324
2026-05-28 16:00:00+00:00,1.6208175363617525,1.6208175363617525,1.619673711020854,1.619673711020854
2026-05-28 17:00:00+00:00,1.6197026022304795,1.6200636372401787,1.6194502588961073,1.6198438167118836
2026-05-28 18:00:00+00:00,1.619744108857025,1.6200595336530474,1.6194713425804728,1.619621674496779
2026-05-28 19:00:00+00:00,1.6195029207538814,1.6198258281430817,1.6192260019281053,1.6198258281430817
2026-05-28 20:00:00+00:00,1.619863296860785,1.620050152938903,1.6194464726060385,1.620050152938903
2026-05-28 21:00:00+00:00,1.6200799338478462,1.621005762179147,1.619517906336084,1.619517906336084
2026-05-28 22:00:00+00:00,1.61960908552459,1.6198735345575734,1.61960908552459,1.6197685631629657
2026-05-28 23:00:00+00:00,1.6196733052364776,1.6201694564992724,1.6194929142967276,1.6200099181750514
2026-05-29 00:00:00+00:00,1.6199672171792958,1.6206031536001722,1.619448192306629,1.6201560002204907
2026-05-29 01:00:00+00:00,1.6197974788179332,1.6207932940868253,1.6193415921398902,1.6194656120381938
2026-05-29 02:00:00+00:00,1.619498415323132,1.620668734918989,1.6193179469514252,1.620243741038928
2026-05-29 03:00:00+00:00,1.6203725406389127,1.620586450402732,1.6196577071065037,1.6198882835666466
2026-05-29 04:00:00+00:00,1.6195847006590698,1.619687818868753,1.618059094978989,1.6181279702458804
2026-05-29 05:00:00+00:00,1.6181843229094874,1.6186684666565607,1.6177730045299916,1.618496632092231
2026-05-29 06:00:00+00:00,1.6185524412919179,1.6207210312263,1.6181755593803744,1.6206335864188133
2026-05-29 07:00:00+00:00,1.620595085514253,1.6207790059817473,1.619071241559869,1.619071241559869
2026-05-29 08:00:00+00:00,1.618718125430733,1.6201669080626206,1.618718125430733,1.6189681335356558
2026-05-29 09:00:00+00:00,1.6187875025863812,1.6203771398617757,1.6187875025863812,1.620213191389601
2026-05-29 10:00:00+00:00,1.6200576464260552,1.6205541228227398,1.619861030689052,1.6199062586159316
2026-05-29 11:00:00+00:00,1.619659297645952,1.6197643167252385,1.6178324662097021,1.6178417583022489
2026-05-29 12:00:00+00:00,1.6177907440791512,1.6179155022645573,1.6159745989856047,1.6159745989856047
2026-05-29 13:00:00+00:00,1.6157800687285182,1.6159523874975905,1.6136678699369955,1.6138110928061462
2026-05-29 14:00:00+00:00,1.6137995414796165,1.6161145901999519,1.6137995414796165,1.6153825050410788
2026-05-29 15:00:00+00:00,1.6154574262315278,1.617598244290511,1.6149628533048181,1.6175731873018446
2026-05-29 16:00:00+00:00,1.6175953884161363,1.6175953884161363,1.6165850043232963,1.6169938229238119
2026-05-29 17:00:00+00:00,1.6169748383642837,1.6172118647560647,1.616661859832718,1.6171580885383707
2026-05-29 18:00:00+00:00,1.6171390884983676,1.6173217744926938,1.6166112683020588,1.6173217744926938
2026-05-29 19:00:00+00:00,1.6174591616634797,1.6175076589138724,1.6161544058094317,1.6163636862917359
2026-05-29 20:00:00+00:00,1.616240114235497,1.6173329851710305,1.6161334614856473,1.6173329851710305
2026-05-31 21:00:00+00:00,1.6169227386416694,1.6169227386416694,1.6150511673845616,1.6160624819842662
2026-05-31 22:00:00+00:00,1.6152431660994584,1.6160057124025011,1.6146617830637713,1.6149877891501765
2026-05-31 23:00:00+00:00,1.6149413459559545,1.6149413459559545,1.6134880149196387,1.613904168781461
2026-06-01 00:00:00+00:00,1.6139684194641424,1.6143147152419588,1.6126609000808747,1.6129841639816238
2026-06-01 01:00:00+00:00,1.6129248995598426,1.6129248995598426,1.611979987663625,1.6122244763680194
2026-06-01 02:00:00+00:00,1.6121444726201046,1.6127382421500034,1.6117971137637526,1.612634349638075
2026-06-01 03:00:00+00:00,1.612697585786158,1.6138740222313674,1.6125008566924781,1.6132457235352986
2026-06-01 04:00:00+00:00,1.613131978163659,1.613131978163659,1.6125839616175426,1.6126989349015055
2026-06-01 05:00:00+00:00,1.612836893044166,1.6130248242018796,1.6125443559988457,1.612814363050774
2026-06-01 06:00:00+00:00,1.612615081104775,1.6157137567371085,1.6125404131733208,1.6157137567371085
2026-06-01 07:00:00+00:00,1.6156631463448048,1.6156705669332345,1.6141401955004695,1.6150901982303276
2026-06-01 08:00:00+00:00,1.614963578748093,1.6152812071330556,1.614279250250233,1.6142804261094852
2026-06-01 09:00:00+00:00,1.6144987935950832,1.614774458274434,1.6138472715309822,1.6144854363603898
2026-06-01 10:00:00+00:00,1.614403117153947,1.61512801153133,1.6143682340189034,1.6146392346861709
2026-06-01 11:00:00+00:00,1.6146898549133148,1.6152156001098563,1.6142729705619945,1.6151839290373042
2026-06-01 12:00:00+00:00,1.6151850072080693,1.6161784104649848,1.6149811911364913,1.616067258290515
2026-06-01 13:00:00+00:00,1.616067258290515,1.6188376035392826,1.6159490992043277,1.6181730371188041
2026-06-01 14:00:00+00:00,1.6179522561059714,1.618720326819031,1.6174036578301252,1.618251023982565
2026-06-01 15:00:00+00:00,1.6182648149935837,1.6182648149935837,1.6156672262432197,1.6165932250068813
2026-06-01 16:00:00+00:00,1.6160929349097728,1.6167316515341446,1.615386731213551,1.6157136765656557
2026-06-01 17:00:00+00:00,1.6155951693213357,1.6158482050717522,1.614487457757504,1.6149490840628271
2026-06-01 18:00:00+00:00,1.6149374742338838,1.6155876651497825,1.6149342349400038,1.6154512575805462
2026-06-01 19:00:00+00:00,1.6156787236968742,1.6156818525597798,1.6153772119178857,1.6156638932819878
2026-06-01 20:00:00+00:00,1.6157516915121808,1.616152862036231,1.615627878837874,1.616152862036231
2026-06-01 21:00:00+00:00,1.6153253648405121,1.6158436808162442,1.6145608512159209,1.6152957835548984
2026-06-01 22:00:00+00:00,1.615499890013195,1.6160892348742177,1.615499890013195,1.6158468667922572
2026-06-01 23:00:00+00:00,1.6159261856634042,1.6159261856634042,1.615277835044458,1.6153507807345466
2026-06-02 00:00:00+00:00,1.615731511143494,1.6160840796225184,1.615052640259487,1.6159559834938069
2026-06-02 01:00:00+00:00,1.6159294713098935,1.6171235045500194,1.6147334863204723,1.616891250189252
2026-06-02 02:00:00+00:00,1.6166251565230516,1.617030062768414,1.615897774476627,1.6160428101742907
2026-06-02 03:00:00+00:00,1.6159718305984585,1.6170031237529032,1.6159718305984585,1.6161855117113861
2026-06-02 04:00:00+00:00,1.61633265016987,1.6167994167251278,1.6160288232786442,1.6161693936477348
2026-06-02 05:00:00+00:00,1.6161217587373131,1.616365086349133,1.615527335697201,1.6162424542441833
2026-06-02 06:00:00+00:00,1.6159387415625266,1.6160364790067125,1.6142353441534352,1.6144611374082423
2026-06-02 07:00:00+00:00,1.614127750644786,1.6142721896738574,1.6129173808707542,1.6133730098871375
2026-06-02 08:00:00+00:00,1.6131677086760958,1.6133797890289536,1.612412450828544,1.613085522254986
2026-06-02 09:00:00+00:00,1.613211688846203,1.6136482147267852,1.6122849112223177,1.6123008582631788
2026-06-02 10:00:00+00:00,1.6124785738772676,1.6126952776749062,1.6121735554184624,1.612383119910057
2026-06-02 11:00:00+00:00,1.6123358284664489,1.6136429090609836,1.6123235092529093,1.6136429090609836
2026-06-02 12:00:00+00:00,1.6137030637154026,1.6147681583027975,1.6135079539221029,1.614599341383092
2026-06-02 13:00:00+00:00,1.6145466020882753,1.6151322112084316,1.6138853048562845,1.613955148088163
2026-06-02 14:00:00+00:00,1.6139767968696335,1.6141805799648468,1.6119495045026486,1.6119495045026486
2026-06-02 15:00:00+00:00,1.612023355903393,1.6121570294395886,1.6109801556846801,1.6115245966802327
2026-06-02 16:00:00+00:00,1.6113373089313832,1.6115974642553275,1.610773847861534,1.6111111111111076
2026-06-02 17:00:00+00:00,1.611052436665886,1.6116692744791203,1.6110318527257226,1.6116015651815712
2026-06-02 18:00:00+00:00,1.6114932114273128,1.6115351876767585,1.6107016893792763,1.6111690307004272
2026-06-02 19:00:00+00:00,1.6112177992373289,1.6114745778984727,1.6110631179124295,1.6110631179124295
2026-06-02 20:00:00+00:00,1.6111842466129085,1.6114426018133647,1.611012068019744,1.611364852075872
2026-06-02 21:00:00+00:00,1.6117950618300565,1.6125897354947598,1.6113785678036967,1.6114212814990563
2026-06-02 22:00:00+00:00,1.6114098378645267,1.611655414676982,1.611272667416528,1.611655414676982
2026-06-02 23:00:00+00:00,1.611582948012564,1.6121989399390286,1.611460248634701,1.6117991103300529
2026-06-03 00:00:00+00:00,1.611734988056338,1.611734988056338,1.6111225399437665,1.6111225399437665
2026-06-03 01:00:00+00:00,1.611355748521884,1.612669869595055,1.6112696148359449,1.6120891938250388
2026-06-03 02:00:00+00:00,1.6121387600515928,1.61303481903715,1.6115195742229262,1.612627330386312
2026-06-03 03:00:00+00:00,1.61275795312564,1.6133622702672972,1.6123692662439224,1.61298251877892
2026-06-03 04:00:00+00:00,1.6128075571177465,1.6136004506918356,1.6124443956285317,1.6133113538017685
2026-06-03 05:00:00+00:00,1.6133503681723234,1.6141747439334535,1.6129470908191825,1.6136713594368637
2026-06-03 06:00:00+00:00,1.6133989443589147,1.6154608659737006,1.6133989443589147,1.6141096531044496
2026-06-03 07:00:00+00:00,1.614288269201664,1.614288269201664,1.6127817482133002,1.6127817482133002
2026-06-03 08:00:00+00:00,1.613108984933462,1.613161875945534,1.61233637663623,1.6127461766971032
2026-06-03 09:00:00+00:00,1.6127444239707343,1.613012333117924,1.612151202749137,1.6128593228028172
2026-06-03 10:00:00+00:00,1.6128118771049524,1.6128118771049524,1.611162203340971,1.61223312175418
2026-06-03 11:00:00+00:00,1.6120926526350465,1.6131133125403572,1.611870389956454,1.6129847997581117
2026-06-03 12:00:00+00:00,1.6131945780979315,1.6136091333507734,1.6127825752158806,1.6134677075158637
2026-06-03 13:00:00+00:00,1.6135406052928671,1.6168020633628917,1.6133050695811335,1.6167395412350483
2026-06-03 14:00:00+00:00,1.6161586920860693,1.616383052015153,1.6147844904822914,1.616383052015153
2026-06-03 15:00:00+00:00,1.6163864388092575,1.6177209250979705,1.6160343948517923,1.617319206467452
2026-06-03 16:00:00+00:00,1.6174904103540546,1.6180357068886915,1.6170271501331932,1.6173454600659667
2026-06-03 17:00:00+00:00,1.6175134926221892,1.6181235584160842,1.6171219646799082,1.6177083764790305
2026-06-03 18:00:00+00:00,1.6178082759191976,1.6181730304494886,1.6175764101714534,1.618124318128457
2026-06-03 19:00:00+00:00,1.6182051706993665,1.6183879788967725,1.6180849007098037,1.6182393237942614
2026-06-03 20:00:00+00:00,1.6183221921440762,1.6190055126486924,1.6182872928176757,1.6187824693268449
2026-06-03 21:00:00+00:00,1.6189245588092995,1.6193239919299076,1.6182649410919696,1.6184010608027801
2026-06-03 22:00:00+00:00,1.618710800431018,1.618757511707899,1.6178536437274846,1.618013965169868
2026-06-03 23:00:00+00:00,1.6179161319700244,1.619886999405982,1.6179161319700244,1.6188800088340392
2026-06-04 00:00:00+00:00,1.6190140942284017,1.6194348192222157,1.618582312023844,1.619241604065395
2026-06-04 01:00:00+00:00,1.6195297822963814,1.620212236776649,1.6184555515690067,1.619566418116537
2026-06-04 02:00:00+00:00,1.6197328987528783,1.6209170203060368,1.619573022536451,1.620440981432356
2026-06-04 03:00:00+00:00,1.6205247958436337,1.6205848211817977,1.619807423984965,1.619807423984965
2026-06-04 04:00:00+00:00,1.6199759592135574,1.62012377058238,1.6194690265486675,1.6199966851744383
2026-06-04 05:00:00+00:00,1.619955249854972,1.620732078184176,1.6197657717379246,1.6198624461385436
2026-06-04 06:00:00+00:00,1.619755848316619,1.619949181097573,1.6185022148012154,1.6188156387573955
2026-06-04 07:00:00+00:00,1.6186283979577707,1.6192521789576868,1.6183498896247197,1.6189496361150573
2026-06-04 08:00:00+00:00,1.6189890899047041,1.6203304597701096,1.6186604455978526,1.6201306323100886
2026-06-04 09:00:00+00:00,1.6203772751125425,1.6211554131506578,1.6202169951962846,1.621109439483232
2026-06-04 10:00:00+00:00,1.6214141748805824,1.621875301944865,1.62080050773327,1.6217133866092457
2026-06-04 11:00:00+00:00,1.6214452278779636,1.6217196942520442,1.6204996073136064,1.6204996073136064
2026-06-04 12:00:00+00:00,1.6205191083680004,1.6214542796861382,1.6205191083680004,1.6210752747479993
2026-06-04 13:00:00+00:00,1.6212198518967922,1.6212198518967922,1.6203313211499717,1.6206074141472577
2026-06-04 14:00:00+00:00,1.6207752108948505,1.6214899753004601,1.620253688129045,1.6204746996924466
2026-06-04 15:00:00+00:00,1.6203715195895863,1.6204494351022836,1.619537487761486,1.6198000689417393
2026-06-04 16:00:00+00:00,1.6198723163685955,1.61999393203883,1.6194475473363346,1.6195040547249913
2026-06-04 17:00:00+00:00,1.6196242862265822,1.6196736236602105,1.6190456488760119,1.6193326804507604
2026-06-04 18:00:00+00:00,1.6192577677869515,1.619482454204365,1.6189418500379344,1.6192164925692314
2026-06-04 19:00:00+00:00,1.6191363134657788,1.6193065753878384,1.6188984419204764,1.6189385366930649
2026-06-04 20:00:00+00:00,1.6190279042808595,1.6194538777989407,1.618969396629069,1.619282963126574
2026-06-04 21:00:00+00:00,1.6194112286321793,1.6199886757536794,1.6187591422184153,1.619725505357335
2026-06-04 22:00:00+00:00,1.6196846697592175,1.6196846697592175,1.6192763766375347,1.6194091662065109
2026-06-04 23:00:00+00:00,1.6193026530105132,1.6202334092949329,1.6190141039441313,1.620093909680978
2026-06-05 00:00:00+00:00,1.6204762694071442,1.6218203937181987,1.6204762694071442,1.6218203937181987
2026-06-05 01:00:00+00:00,1.6221291187898346,1.6252857954466673,1.6221291187898346,1.622828372247422
2026-06-05 02:00:00+00:00,1.6230267981903905,1.6230458482056342,1.6211522520033108,1.6214621337755615
2026-06-05 03:00:00+00:00,1.6215035931453792,1.622346971226299,1.6210455060370736,1.6223211569836524
2026-06-05 04:00:00+00:00,1.6223211569836524,1.6223211569836524,1.6208768440245265,1.6212541965432865
2026-06-05 05:00:00+00:00,1.6212403807629021,1.6232760170980318,1.6212403807629021,1.6230376630382113
2026-06-05 06:00:00+00:00,1.622693956575849,1.623745935099974,1.622410767338699,1.6227074839333788
2026-06-05 07:00:00+00:00,1.6228610919143005,1.622975736472664,1.621912812862584,1.6229179902217998
2026-06-05 08:00:00+00:00,1.6228337867134264,1.6234411898744614,1.6221661078224339,1.6234411898744614
2026-06-05 09:00:00+00:00,1.6232822793376283,1.6232822793376283,1.621882586625464,1.622082114673578
2026-06-05 10:00:00+00:00,1.6218206896551672,1.6222872200990552,1.6213976448525913,1.621550808775868
2026-06-05 11:00:00+00:00,1.621514658429626,1.6217234148225765,1.6208161014612574,1.6215426191986273
2026-06-05 12:00:00+00:00,1.6215064734512612,1.6230596518460978,1.6206867949568629,1.622797410267425
2026-06-05 13:00:00+00:00,1.6228458136342787,1.6260595281104915,1.6224687664478188,1.6254918591231997
2026-06-05 14:00:00+00:00,1.6257022862546535,1.6265290200339884,1.623577688134645,1.6238788536147795
2026-06-05 15:00:00+00:00,1.6238805139900934,1.6253156081297813,1.6236891151353252,1.6253156081297813
2026-06-05 16:00:00+00:00,1.6254272997446613,1.626138204569572,1.6247838455960233,1.6247838455960233
2026-06-05 17:00:00+00:00,1.624952925587553,1.625425668508899,1.6243617288428756,1.624996510816464
2026-06-05 18:00:00+00:00,1.6250872344583038,1.6275334768387748,1.6250872344583038,1.6273728647711654
2026-06-05 19:00:00+00:00,1.6274973087085942,1.6277440644313268,1.6270267248126975,1.6272849236961207
2026-06-05 20:00:00+00:00,1.6272849236961207,1.6283333100275421,1.6272849236961207,1.6278773809190785
2026-06-07 21:00:00+00:00,1.6276920064887799,1.6297389965712645,1.6276881344556569,1.6285962041427116
2026-06-07 22:00:00+00:00,1.6273422107954745,1.6280760626398172,1.626846499678866,1.62769346860065
2026-06-07 23:00:00+00:00,1.627411536258605,1.627411536258605,1.6263969305894628,1.6264231499051194
2026-06-08 00:00:00+00:00,1.6265647022704712,1.6265730948461048,1.6242409047857773,1.6244779194742955
2026-06-08 01:00:00+00:00,1.624566679196421,1.626592000893751,1.6240292815987933,1.625290944821527
2026-06-08 02:00:00+00:00,1.6254756826830556,1.6263653483992428,1.6252211834533838,1.625484293558543
2026-06-08 03:00:00+00:00,1.6252002953921567,1.6266962330725312,1.6252002953921567,1.6262178549027766
2026-06-08 04:00:00+00:00,1.625994731927581,1.6273243405359366,1.6253604312638386,1.6272351940190213
2026-06-08 05:00:00+00:00,1.6270411222511916,1.6279572894130743,1.6265715161820828,1.627295195274861
2026-06-08 06:00:00+00:00,1.6265105634785482,1.627217778522268,1.625306953901101,1.6254656565233732
2026-06-08 07:00:00+00:00,1.625364451822604,1.625415073806397,1.6233276253323827,1.6244458076569126
2026-06-08 08:00:00+00:00,1.624480691481942,1.624576330288022,1.6232871938555,1.6233338910267094
2026-06-08 09:00:00+00:00,1.6231983049429828,1.6243560569043225,1.6223785968090256,1.6229238657897636
2026-06-08 10:00:00+00:00,1.623064594801752,1.6241534044984494,1.622592407036291,1.6232840475593755
2026-06-08 11:00:00+00:00,1.6235084446053343,1.623598869348479,1.6211363825710199,1.6223399079827043
2026-06-08 12:00:00+00:00,1.621945289598351,1.623117883409564,1.6215326490075384,1.622977706121083
2026-06-08 13:00:00+00:00,1.6230039053270842,1.6260982163990993,1.622900254262011,1.6258546026706728
2026-06-08 14:00:00+00:00,1.6257796836711917,1.62723064911889,1.6253185356411746,1.6257187008394662
2026-06-08 15:00:00+00:00,1.625791811106931,1.627160906570824,1.6251826493549826,1.627014752796619
2026-06-08 16:00:00+00:00,1.6271876045033955,1.6272400434770449,1.626615778916867,1.6268883438318709
2026-06-08 17:00:00+00:00,1.627261324041808,1.627977352596638,1.6271798374618358,1.6271798374618358
2026-06-08 18:00:00+00:00,1.6271708527304614,1.6272459889320972,1.6266038813580534,1.626771367998211
2026-06-08 19:00:00+00:00,1.6269262415105876,1.6276493323473147,1.6269262415105876,1.6270607269379862
2026-06-08 20:00:00+00:00,1.6272002008424187,1.627641618658368,1.626933106496907,1.627641618658368
2026-06-08 21:00:00+00:00,1.6291137473831079,1.6291137473831079,1.6272604324972417,1.627471485540585
2026-06-08 22:00:00+00:00,1.6273391527456245,1.6280241091609193,1.6272294969947947,1.627252189434927
2026-06-08 23:00:00+00:00,1.6272661348803443,1.628112786152983,1.6272261969513095,1.6278751674854803
2026-06-09 00:00:00+00:00,1.6279959240078687,1.6288842646257804,1.6273311852254773,1.6273311852254773
2026-06-09 01:00:00+00:00,1.6271160442870254,1.6273869802346141,1.6251531350929913,1.6252244727500487
2026-06-09 02:00:00+00:00,1.625160086864521,1.6274537140307788,1.6250504600565114,1.6270071364852774
2026-06-09 03:00:00+00:00,1.6271415626960302,1.6283709315141077,1.6268013937282189,1.62780287817938
2026-06-09 04:00:00+00:00,1.6280736990390077,1.6281995843155812,1.6263194541150219,1.6265125670124585
2026-06-09 05:00:00+00:00,1.6261956809289722,1.6269035179379967,1.625765419728341,1.626061534177916
2026-06-09 06:00:00+00:00,1.626139986911902,1.6262512355733716,1.6241245136186728,1.6254296967419553
2026-06-09 07:00:00+00:00,1.6255444690296237,1.6268390548372675,1.6251530669041478,1.6266545910547545
2026-06-09 08:00:00+00:00,1.6263915399941442,1.6284336543419746,1.626115776134571,1.6280388414438725
2026-06-09 09:00:00+00:00,1.6279620522965013,1.63002034616349,1.6279406643916665,1.63002034616349
2026-06-09 10:00:00+00:00,1.6300012542330327,1.6305502502404778,1.6287794420624717,1.629042812391225
2026-06-09 11:00:00+00:00,1.6292464914234757,1.6298044128906486,1.6288497668916524,1.629174551931422
2026-06-09 12:00:00+00:00,1.6292616403662532,1.6298435586237576,1.6287066026577572,1.629427072461344
2026-06-09 13:00:00+00:00,1.629599220706926,1.6312810216942686,1.6291700286580746,1.630703196856096
2026-06-09 14:00:00+00:00,1.630518675378589,1.6340448119796573,1.6299807869016745,1.6321473419840897
2026-06-09 15:00:00+00:00,1.6321826249546472,1.6343809417291093,1.6316097887657968,1.6343809417291093
2026-06-09 16:00:00+00:00,1.6341613430811988,1.6357315090001643,1.6337884483698268,1.6348641837020408
2026-06-09 17:00:00+00:00,1.6347230777846185,1.6348515184184322,1.6328455829944195,1.6329545613372993
2026-06-09 18:00:00+00:00,1.6328507141459558,1.633001104323633,1.6321169718044286,1.6323391772019233
2026-06-09 19:00:00+00:00,1.6324414949353785,1.6334862513636705,1.6321395621907193,1.6323654816658004
2026-06-09 20:00:00+00:00,1.6324693118586207,1.6328062743782203,1.6321975626118024,1.632592861836123
2026-06-09 21:00:00+00:00,1.632314703497633,1.6343973120537556,1.6317628966867013,1.6321699247699712
2026-06-09 22:00:00+00:00,1.6323619889255514,1.6333739171809583,1.632023375134557,1.633127649750238
2026-06-09 23:00:00+00:00,1.6331505009234868,1.633635231042733,1.631767337807603,1.631767337807603
2026-06-10 00:00:00+00:00,1.6319837773582229,1.633130877742943,1.6309063228906202,1.6316738161443087
2026-06-10 01:00:00+00:00,1.6317635550586886,1.632161731398369,1.631015743961551,1.6316378020994913
2026-06-10 02:00:00+00:00,1.6317878758229274,1.6334820741652527,1.6317584568073764,1.6334275163654635
2026-06-10 03:00:00+00:00,1.6334988460731479,1.6337864675113944,1.6329271360295108,1.6333077084352468
2026-06-10 04:00:00+00:00,1.6333114350809963,1.635096167305912,1.63327322793922,1.6348331117486492
2026-06-10 05:00:00+00:00,1.6349601802734859,1.6366553178372738,1.6349361845051467,1.6355813628095661
2026-06-10 06:00:00+00:00,1.6353398710182803,1.6359132953639015,1.6344228833463783,1.63530630239751
2026-06-10 07:00:00+00:00,1.6351472399507294,1.6359590191467883,1.6350596829039583,1.6358458351992797
2026-06-10 08:00:00+00:00,1.6360671341984032,1.6376054246406417,1.6359131566791207,1.6376054246406417
2026-06-10 09:00:00+00:00,1.6377112113654795,1.6384654186750327,1.6375851150278777,1.6381160516656823
2026-06-10 10:00:00+00:00,1.6382218610776391,1.6384937707582965,1.637051251523255,1.637051251523255
2026-06-10 11:00:00+00:00,1.6369761317794678,1.6379868991345536,1.6367941712203968,1.6374030273697755
2026-06-10 12:00:00+00:00,1.6374272287297431,1.6375024548999768,1.63537356000447,1.636464227687822
2026-06-10 13:00:00+00:00,1.6362796039271121,1.6366551830378366,1.6340717785501873,1.6343276283618544
2026-06-10 14:00:00+00:00,1.6346242540285914,1.6351353241485385,1.634052001005386,1.6347843115313565
2026-06-10 15:00:00+00:00,1.6346673007791155,1.6357906237306141,1.6340402924769628,1.6345069732958402
2026-06-10 16:00:00+00:00,1.6345376470423636,1.6359361222690274,1.6343601862598371,1.635822942468894
2026-06-10 17:00:00+00:00,1.6356640127611308,1.6365521493022435,1.6351290872982538,1.6358012596221096
2026-06-10 18:00:00+00:00,1.6357555658172722,1.6373407699098885,1.6353972893967537,1.6368030260577153
2026-06-10 19:00:00+00:00,1.636931786334843,1.6384653152837165,1.6365941470658243,1.638260259558046
2026-06-10 20:00:00+00:00,1.6382181690634827,1.6385269837704233,1.6378737075435923,1.6380619534857572
2026-06-10 21:00:00+00:00,1.6369196240706934,1.638242930320675,1.6367626847670562,1.6377669875663043
2026-06-10 22:00:00+00:00,1.637835941337446,1.6381995646373104,1.6375670288329223,1.638030779600086
2026-06-10 23:00:00+00:00,1.6379031918329476,1.6384475014037019,1.6372154348954273,1.6382369455362116
2026-06-11 00:00:00+00:00,1.637898133857159,1.6390546669849566,1.6372903696225216,1.6383366770016379
2026-06-11 01:00:00+00:00,1.6380418010941185,1.6385236479856418,1.6370004062591892,1.6377353732346964
2026-06-11 02:00:00+00:00,1.6377940620139795,1.6384736207331747,1.6376831899571231,1.6378814854274981
2026-06-11 03:00:00+00:00,1.6378188954303297,1.6385214280704175,1.6376762833992164,1.6377695521718367
2026-06-11 04:00:00+00:00,1.637704527291333,1.637909761363951,1.6365367916865035,1.6366386978385987
2026-06-11 05:00:00+00:00,1.6368603934315944,1.6368654813444818,1.6362236254427804,1.6368654813444818
2026-06-11 06:00:00+00:00,1.6370949658033371,1.6374470710299724,1.6363814674194728,1.6371908474005907
2026-06-11 07:00:00+00:00,1.6373157975911685,1.6383808348294393,1.6373157975911685,1.6379201548104794
2026-06-11 08:00:00+00:00,1.637821995989507,1.638452253971814,1.6377370665469604,1.6379627419875584
2026-06-11 09:00:00+00:00,1.6379615330619082,1.6381503214756954,1.6366045885454608,1.6374568517946806
2026-06-11 10:00:00+00:00,1.637095755875128,1.637362637362634,1.6364223170184065,1.6372847579886844
2026-06-11 11:00:00+00:00,1.637291084885136,1.6383785073621229,1.637291084885136,1.6378763644526722
2026-06-11 12:00:00+00:00,1.6377244668911297,1.640111819739832,1.6374875457824014,1.640111819739832
2026-06-11 13:00:00+00:00,1.6400814835627948,1.640505332977329,1.6381040605218427,1.638264704230095
2026-06-11 14:00:00+00:00,1.638448789257819,1.6393862252288962,1.6368424748928962,1.6378673112325877
2026-06-11 15:00:00+00:00,1.6379235233772214,1.6379235233772214,1.6350016833127554,1.6353172375070146
2026-06-11 16:00:00+00:00,1.635011297135716,1.6357761950917966,1.6342791389520321,1.6357761950917966
2026-06-11 17:00:00+00:00,1.6356535787033744,1.6359420452788787,1.6325854939651283,1.632982142358099
2026-06-11 18:00:00+00:00,1.632982142358099,1.6339825386165172,1.6325160822181561,1.6333389205497784
2026-06-11 19:00:00+00:00,1.632947613796565,1.6333296111219635,1.6314807595923555,1.6319638901659175
2026-06-11 20:00:00+00:00,1.6320049032581554,1.6326667131210328,1.631145828981992,1.6318084306132077
2026-06-11 21:00:00+00:00,1.632899213564612,1.632899213564612,1.631347316230742,1.6317432010699915
2026-06-11 22:00:00+00:00,1.6312044888127721,1.6320498348593133,1.631199153014596,1.6319497625976376
2026-06-11 23:00:00+00:00,1.6318830490776155,1.632446823339184,1.6313304362359984,1.6316090112431523
2026-06-12 00:00:00+00:00,1.6317065693023738,1.6321601874058749,1.6309079255378405,1.6314234344729506
2026-06-12 01:00:00+00:00,1.631421960806173,1.6339627384709887,1.631421960806173,1.6328071571131455
2026-06-12 02:00:00+00:00,1.6328108643767323,1.6340390470072303,1.6322440269467304,1.633053768542678
2026-06-12 03:00:00+00:00,1.6330426288983426,1.6333426378227456,1.6325042522934463,1.6329730106701963
2026-06-12 04:00:00+00:00,1.6331905751712363,1.6331905751712363,1.6319626428770528,1.632538941027175
2026-06-12 05:00:00+00:00,1.6325873248274383,1.6344643505967151,1.63254691988064,1.6335848002235225
2026-06-12 06:00:00+00:00,1.633348693672933,1.6347340499790552,1.632245467224543,1.6345944436688502
2026-06-12 07:00:00+00:00,1.634298559142183,1.635178197064986,1.6338606313614306,1.6338922941595302
2026-06-12 08:00:00+00:00,1.6341964136081744,1.6342794912248821,1.6324660129262276,1.6333007948682154
2026-06-12 09:00:00+00:00,1.6332775453277508,1.6334081811969114,1.6319337093517128,1.633271085344776
2026-06-12 10:00:00+00:00,1.6331837565149492,1.6333477490548365,1.6321424090775993,1.6323867675964998
2026-06-12 11:00:00+00:00,1.6324521777926457,1.633500258059113,1.632338384753722,1.632889322825856
2026-06-12 12:00:00+00:00,1.6330994462036315,1.6333128680266757,1.6322794876803268,1.6327439186077306
2026-06-12 13:00:00+00:00,1.632794070434524,1.6340428501639996,1.6315921507414395,1.6331570649216527
2026-06-12 14:00:00+00:00,1.6323847237133777,1.6330817838162024,1.6303345911249074,1.6303345911249074
2026-06-12 15:00:00+00:00,1.6303273324700966,1.631603878733835,1.629909869811947,1.6315877483905095
2026-06-12 16:00:00+00:00,1.631309824028531,1.6318892698837466,1.63049077619213,1.6311060966946602
2026-06-12 17:00:00+00:00,1.6309697906656044,1.6313860986109718,1.6306300034806784,1.6312651491934327
2026-06-12 18:00:00+00:00,1.6312424255087932,1.6315650126109518,1.6310175321329563,1.631338459823913
2026-06-12 19:00:00+00:00,1.63126149217139,1.6313985088147132,1.6304141945906765,1.630447195799615
2026-06-12 20:00:00+00:00,1.6302800718632888,1.632008368200833,1.6302594743659347,1.6311732482123156
2026-06-14 21:00:00+00:00,1.631082305387131,1.6316926636836269,1.6254087004710405,1.6258761601329783
2026-06-14 22:00:00+00:00,1.6262521301799702,1.6282445923460858,1.6262521301799702,1.627927290878079
2026-06-14 23:00:00+00:00,1.628024347295588,1.628579356270806,1.6270754220140216,1.6275431662159308
2026-06-15 00:00:00+00:00,1.6275806608155472,1.6286146627240252,1.6260454167820506,1.6286146627240252
2026-06-15 01:00:00+00:00,1.6286325201671645,1.6286519662297225,1.6269348127600511,1.6272611252913063
2026-06-15 02:00:00+00:00,1.6271847084281152,1.6273745264822972,1.6261870104664824,1.626747088186352
2026-06-15 03:00:00+00:00,1.6267435733895304,1.6267435733895304,1.6255938612407677,1.6262262373219492
2026-06-15 04:00:00+00:00,1.626241773467263,1.6277110270375106,1.626241773467263,1.6273988166992241
2026-06-15 05:00:00+00:00,1.6273083690065488,1.6281299799071531,1.6269937970757604,1.6281299799071531
2026-06-15 06:00:00+00:00,1.6278834564069842,1.6284453938881067,1.6277809350872534,1.6280285694473298
2026-06-15 07:00:00+00:00,1.6278708532120232,1.6297972785337367,1.627869875841017,1.6286784599375608
2026-06-15 08:00:00+00:00,1.628998459595605,1.629254344567205,1.6278614833929868,1.6281932090970865
2026-06-15 09:00:00+00:00,1.627920528331202,1.6290459079620934,1.6278618279644406,1.6290242007104756
2026-06-15 10:00:00+00:00,1.6290210663632032,1.6295000971493563,1.628695845121203,1.6291985182924251
2026-06-15 11:00:00+00:00,1.6291996115966112,1.6295648795648756,1.6289975719736347,1.6292477833127468
2026-06-15 12:00:00+00:00,1.6294924097355161,1.6304607271717975,1.6294924097355161,1.6299009406476277
2026-06-15 13:00:00+00:00,1.6300963059587537,1.6301291925121033,1.6291031632667172,1.6297334036119473
2026-06-15 14:00:00+00:00,1.629719532832132,1.629719532832132,1.625610988797958,1.6256750394638417
2026-06-15 15:00:00+00:00,1.6255037460704305,1.626201889772503,1.6249982693931762,1.6257154339721962
2026-06-15 16:00:00+00:00,1.6256461425463176,1.6265644707480313,1.6256096209266198,1.6263632710189673
2026-06-15 17:00:00+00:00,1.6263719512195085,1.6268338001608436,1.6261173242422944,1.626471281418526
2026-06-15 18:00:00+00:00,1.6265910540473048,1.6270356498820877,1.6265098670068883,1.6265325936199682
2026-06-15 19:00:00+00:00,1.626482131218013,1.6268905231025352,1.6260719935610963,1.6260719935610963
2026-06-15 20:00:00+00:00,1.6262179042331677,1.626753819892581,1.6261170006105303,1.6266564906681427
2026-06-15 21:00:00+00:00,1.6269499805695846,1.627076769331127,1.6257163075300707,1.6261830090755143
2026-06-15 22:00:00+00:00,1.6260927483140415,1.6267094284087869,1.6259297291296584,1.6264070285500103
2026-06-15 23:00:00+00:00,1.6262542154127941,1.6264657313739324,1.6258269420135043,1.6262851909922118
2026-06-16 00:00:00+00:00,1.6264170841022896,1.6269922807796928,1.626238379353402,1.6266113477735953
2026-06-16 01:00:00+00:00,1.6264759341223438,1.6281240883010752,1.6263923760906616,1.627900191725245
2026-06-16 02:00:00+00:00,1.6278898521729424,1.628601223581753,1.6277871164024795,1.6277871164024795
2026-06-16 03:00:00+00:00,1.6278446191891924,1.6282870962361664,1.6273594733113836,1.6277961486092158
2026-06-16 04:00:00+00:00,1.6279108542210818,1.6301051312399875,1.627843317075878,1.6292894714870128
2026-06-16 05:00:00+00:00,1.6291307796129026,1.6306594968097807,1.628316738054176,1.6293239048427692
2026-06-16 06:00:00+00:00,1.6294301066287995,1.6299012105189883,1.6287757572384578,1.629438024114477
2026-06-16 07:00:00+00:00,1.6295884161183938,1.629626023948927,1.6287251195374137,1.6291875668690643
2026-06-16 08:00:00+00:00,1.6291077855128002,1.6301577374748066,1.6287626346773254,1.629110848892895
2026-06-16 09:00:00+00:00,1.6291052441631229,1.6295098352235615,1.6285123278542828,1.6285123278542828
2026-06-16 10:00:00+00:00,1.6284809950856496,1.628483058017444,1.6274816992014154,1.6277206310477679
2026-06-16 11:00:00+00:00,1.6278460301173034,1.6284243248494226,1.6276432008208612,1.627977347176721
2026-06-16 12:00:00+00:00,1.6279392576552525,1.6283484467650733,1.6277994529525248,1.6279563624250457
2026-06-16 13:00:00+00:00,1.6281142000582896,1.6283886012520257,1.625937894401061,1.6262086761094807
2026-06-16 14:00:00+00:00,1.6259897660615936,1.6273066311746966,1.625431650186524,1.6270413397288337
2026-06-16 15:00:00+00:00,1.6270533276036498,1.628763701956427,1.6270422457074656,1.6283642313398645
2026-06-16 16:00:00+00:00,1.6283674176776388,1.6289284624559608,1.6282339239663877,1.6288857138893855
2026-06-16 17:00:00+00:00,1.6290197275325284,1.6295715415897472,1.6286340434975546,1.6290062990814955
2026-06-16 18:00:00+00:00,1.6290145808187968,1.6290145808187968,1.6284877832197866,1.6287823083006103
2026-06-16 19:00:00+00:00,1.6288635480827882,1.6297607642215424,1.6287038064587684,1.6297607642215424
2026-06-16 20:00:00+00:00,1.6298826633340235,1.6300879056784525,1.629608030990957,1.6298337938599494
2026-06-16 21:00:00+00:00,1.630164198594167,1.6309857980600833,1.629811698050321,1.629860571047657
2026-06-16 22:00:00+00:00,1.6301223390221167,1.630432065330607,1.6298599447552116,1.630152581670758
2026-06-16 23:00:00+00:00,1.630286872726259,1.6307134623130193,1.6299900061073747,1.630570063340367
2026-06-17 00:00:00+00:00,1.630699341502038,1.6308339815535018,1.6302455682496453,1.630412750419966
2026-06-17 01:00:00+00:00,1.63052443037447,1.6307222222222182,1.6298712112801115,1.6304015774272342
2026-06-17 02:00:00+00:00,1.6302883881090195,1.631338326640075,1.6302883881090195,1.6310670168271528
2026-06-17 03:00:00+00:00,1.6310926471405507,1.6318284173361832,1.631069984577546,1.6315965031757684
2026-06-17 04:00:00+00:00,1.6314758198999402,1.6318920346356405,1.6312513891975953,1.631874470125498
2026-06-17 05:00:00+00:00,1.631560663118543,1.6323670490093805,1.6314538987383942,1.6323091894897777
2026-06-17 06:00:00+00:00,1.6324725710233157,1.632590037141621,1.6315957787016266,1.6319887651385545
2026-06-17 07:00:00+00:00,1.6321322782961758,1.6326195773081158,1.630349005223959,1.6305253799349833
2026-06-17 08:00:00+00:00,1.6305368754515603,1.6309935910803366,1.6302580564472384,1.6303559267855363
2026-06-17 09:00:00+00:00,1.630431156700855,1.6305423512078463,1.6301010129079725,1.630503057254026
2026-06-17 10:00:00+00:00,1.6305834283014105,1.6310177526309164,1.6300878558718819,1.6300878558718819
2026-06-17 11:00:00+00:00,1.6302150672171902,1.6302238287223647,1.6286997261264227,1.6292779893797393
2026-06-17 12:00:00+00:00,1.6293716986377493,1.6298422406004545,1.6291881980330012,1.6296188253597779
2026-06-17 13:00:00+00:00,1.6294068620641717,1.62942230494631,1.627483903197154,1.6280232138394428
2026-06-17 14:00:00+00:00,1.627873722789867,1.627873722789867,1.6265922904004622,1.6273660236914789
2026-06-17 15:00:00+00:00,1.6273850854048006,1.6277219197866861,1.6263563955263192,1.6269153897401691
2026-06-17 16:00:00+00:00,1.6269831355402833,1.6272892628538858,1.6263946711074064,1.626524749864694
2026-06-17 17:00:00+00:00,1.6265943125199465,1.6266411302634094,1.6261409982520836,1.6263906999972215
2026-06-17 18:00:00+00:00,1.6257396243752307,1.6278485605436819,1.6251059866838986,1.6260155803614937
2026-06-17 19:00:00+00:00,1.6257696915661268,1.6282344361387278,1.62534369896855,1.6275712385353176
2026-06-17 20:00:00+00:00,1.6270451078361354,1.6273884459364907,1.6265746598734632,1.6271020453845897
2026-06-17 21:00:00+00:00,1.6277224119590126,1.6277224119590126,1.6264669268319933,1.6271248093792365
2026-06-17 22:00:00+00:00,1.6269130690243658,1.627318765563354,1.6264736731697038,1.627254032427286
2026-06-17 23:00:00+00:00,1.627082371700722,1.6271295493328064,1.6263943638346015,1.6266655481453474
2026-06-18 00:00:00+00:00,1.6262523229980257,1.6269265702508167,1.6253036946019108,1.6268671314991503
2026-06-18 01:00:00+00:00,1.6266430137866448,1.6266430137866448,1.6249145281254753,1.6249319694664968
2026-06-18 02:00:00+00:00,1.6249197622170697,1.6249528940499907,1.6237331139953395,1.6242067532322586
2026-06-18 03:00:00+00:00,1.6240987378843832,1.6242835827139446,1.6238605001254454,1.624059102313907
2026-06-18 04:00:00+00:00,1.6241184177515082,1.625505733976948,1.6240278745644559,1.6253173739571953
2026-06-18 05:00:00+00:00,1.6254656565233732,1.6255336961071538,1.624391196952143,1.6246300742643323
2026-06-18 06:00:00+00:00,1.6249040380776867,1.6256158322982193,1.623990853190922,1.623990853190922
2026-06-18 07:00:00+00:00,1.6239455668493152,1.6246390760346447,1.6237886076831862,1.6240303588369847
2026-06-18 08:00:00+00:00,1.6244208117009955,1.6249947513541465,1.6238726790450886,1.6247358625225612
2026-06-18 09:00:00+00:00,1.6247323115683348,1.6247813370278588,1.6227853057571522,1.6230785369606222
2026-06-18 10:00:00+00:00,1.6231709705396822,1.6233957088272715,1.622607454667558,1.623161610219342
2026-06-18 11:00:00+00:00,1.6231618161956207,1.6237060693924963,1.6229094881922808,1.623248514740496
2026-06-18 12:00:00+00:00,1.6230523483914323,1.6234972677595583,1.6213322149996463,1.6214904921700182
2026-06-18 13:00:00+00:00,1.6215426350085258,1.6220238927901924,1.6201603441533006,1.6201603441533006
2026-06-18 14:00:00+00:00,1.6203673954040612,1.6214976791007178,1.6195702193526753,1.6198811649185412
2026-06-18 15:00:00+00:00,1.6201057315423089,1.6214527357620112,1.6199773904062709,1.6213858285330758
2026-06-18 16:00:00+00:00,1.6211894611782751,1.6213710354086213,1.6206048065765333,1.620667962142284
2026-06-18 17:00:00+00:00,1.6207407614546734,1.6207407614546734,1.6202545794967054,1.620571045051591
2026-06-18 18:00:00+00:00,1.6207417351904636,1.6209815058336328,1.6205035719777947,1.6209815058336328
2026-06-18 19:00:00+00:00,1.6210355489024706,1.6215224787533387,1.6204437733316515,1.620956458473244
2026-06-18 20:00:00+00:00,1.620866742230241,1.621265340964745,1.620335807854153,1.621265340964745
2026-06-18 21:00:00+00:00,1.6229815839226904,1.6229815839226904,1.620245021257548,1.6217479532572905
2026-06-18 22:00:00+00:00,1.6208295446597147,1.621429170980102,1.6207518670806367,1.6208815796833878
2026-06-18 23:00:00+00:00,1.6208044305213651,1.6212869555484,1.6205126770805616,1.621261947076023
2026-06-19 00:00:00+00:00,1.6213694107112835,1.6222862981677657,1.6212148761486456,1.6219158911202811
2026-06-19 01:00:00+00:00,1.622038428705371,1.6230089239433414,1.6218969522263535,1.6223557759659257
2026-06-19 02:00:00+00:00,1.6222247124907154,1.6224538399036128,1.6211525271895038,1.6211525271895038
2026-06-19 03:00:00+00:00,1.6208262195975216,1.6224705865855154,1.6208262195975216,1.6224705865855154
2026-06-19 04:00:00+00:00,1.6226333062186151,1.6229726696223084,1.6216724435525698,1.6216724435525698
2026-06-19 05:00:00+00:00,1.6216739642977385,1.621740350877189,1.6190075929505994,1.619308470397037
2026-06-19 06:00:00+00:00,1.6191970414366916,1.6195005112546004,1.6184764810434789,1.6193262138368252
2026-06-19 07:00:00+00:00,1.6192328682777977,1.6212078769713392,1.6192002014887739,1.6204410220510976
2026-06-19 08:00:00+00:00,1.6203927936503453,1.6215066998629213,1.619748251748247,1.6206780845858049
2026-06-19 09:00:00+00:00,1.6205209221692463,1.6208671328671285,1.6200721355477223,1.6206501062996486
2026-06-19 10:00:00+00:00,1.6205705495734817,1.6217880535184415,1.6202988582941529,1.6216821279155953
2026-06-19 11:00:00+00:00,1.6217955893876592,1.6223233030090933,1.6215807810160716,1.621908720661708
2026-06-19 12:00:00+00:00,1.621839096544868,1.6224893977353803,1.6208616906801527,1.6210115861413494
2026-06-19 13:00:00+00:00,1.6212453700468192,1.6226515469690563,1.621078239472061,1.6226515469690563
2026-06-19 14:00:00+00:00,1.6225921155784482,1.6233073336040627,1.6220741404412546,1.622626460505138
2026-06-19 15:00:00+00:00,1.6228767314957282,1.6233837111670821,1.62260611490648,1.623039874551967
2026-06-19 16:00:00+00:00,1.6229260301591926,1.623727579495648,1.6227844202391244,1.623727579495648
2026-06-19 17:00:00+00:00,1.6237959229390637,1.6240919334294426,1.623369534792584,1.623757942172582
2026-06-19 18:00:00+00:00,1.6238086574391513,1.6242286865634008,1.6236933797909365,1.6238507717496207
2026-06-19 19:00:00+00:00,1.6237564190465485,1.6241078176169241,1.6232113133121608,1.6240377347927062
2026-06-19 20:00:00+00:00,1.623875166188506,1.624847678408848,1.6226922161723292,1.6226922161723292
2026-06-21 21:00:00+00:00,1.622367445179884,1.6267240412648543,1.622367445179884,1.6251138289973206
2026-06-21 22:00:00+00:00,1.6255991926667186,1.6265855607103274,1.6255971978984198,1.6262772085721855
2026-06-21 23:00:00+00:00,1.6263523740119927,1.6271878155503159,1.6263523740119927,1.626962983735274
2026-06-22 00:00:00+00:00,1.6271295763983304,1.6271697372479703,1.6252310277233228,1.6252310277233228
2026-06-22 01:00:00+00:00,1.625076991992829,1.625416701683611,1.6246238259871464,1.625416701683611
2026-06-22 02:00:00+00:00,1.6256023758825469,1.6265018014607915,1.6254131884139127,1.6258510072002876
2026-06-22 03:00:00+00:00,1.6259018000980556,1.6259018000980556,1.6250035022834848,1.6255782007793413
2026-06-22 04:00:00+00:00,1.6256904141082755,1.626134275816605,1.625432829125366,1.6255501668021601
2026-06-22 05:00:00+00:00,1.625452047882029,1.6258815282159091,1.6250017512153394,1.6258588294680125
2026-06-22 06:00:00+00:00,1.6255572690312594,1.626732701049438,1.625078817941061,1.6261792287528523
2026-06-22 07:00:00+00:00,1.6263405060629388,1.6266229213987227,1.625238469307594,1.6254875003507157
2026-06-22 08:00:00+00:00,1.6252612385160212,1.6268420018525234,1.6252612385160212,1.6268420018525234
2026-06-22 09:00:00+00:00,1.6267647141373562,1.6272534687635876,1.626393661033584,1.6272534687635876
2026-06-22 10:00:00+00:00,1.626909427557472,1.6269339205812599,1.625792159721829,1.6264129245785728
2026-06-22 11:00:00+00:00,1.6264061491850603,1.6264061491850603,1.6250981601974384,1.6251279534459753
2026-06-22 12:00:00+00:00,1.6250087634431183,1.6253048524093814,1.6244432617160112,1.624803833650932
2026-06-22 13:00:00+00:00,1.6229877971895668,1.6230266014820587,1.6220505558904725,1.6220505558904725
2026-06-22 14:00:00+00:00,1.622085442283691,1.6239245579127277,1.6214219630491424,1.6228288883908528
2026-06-22 15:00:00+00:00,1.6227070322345725,1.6234797368384095,1.622430691682998,1.623341282087246
2026-06-22 16:00:00+00:00,1.623232719928183,1.623444230850179,1.6222387410763084,1.6225235204217514
2026-06-22 17:00:00+00:00,1.6222976193814278,1.6226428321065511,1.6221278266111467,1.6223340858420816
2026-06-22 18:00:00+00:00,1.6223655612423713,1.6225703306874555,1.6217523590527292,1.6218797329892822
2026-06-22 19:00:00+00:00,1.6219009423378916,1.622528451747797,1.6218270552267653,1.6222596254996806
2026-06-22 20:00:00+00:00,1.6222440392706834,1.622745252054867,1.6222440392706834,1.6223652656821872
2026-06-22 21:00:00+00:00,1.6217762631999624,1.6226608310187096,1.6212639488588532,1.6224282288262732
2026-06-22 22:00:00+00:00,1.622475597441935,1.622974508621049,1.6221882537723638,1.622974508621049
2026-06-22 23:00:00+00:00,1.6229204657034608,1.623787532110217,1.6227886814158012,1.623787532110217
2026-06-23 00:00:00+00:00,1.6238680238680205,1.6257978349500877,1.6238680238680205,1.625056192402783
2026-06-23 01:00:00+00:00,1.6251510298125784,1.6267476861619787,1.6247015197909898,1.626353232291985
2026-06-23 02:00:00+00:00,1.6263197109639647,1.6280948694489368,1.6261645471790867,1.6280948694489368
2026-06-23 03:00:00+00:00,1.6279960029836842,1.6290608886759983,1.627821559245704,1.6281115004150972
2026-06-23 04:00:00+00:00,1.6279792891915432,1.62917453428402,1.6279511495061447,1.6291708939240184
2026-06-23 05:00:00+00:00,1.6294662363105856,1.6306223738755212,1.6291313290693377,1.6302567211312045
2026-06-23 06:00:00+00:00,1.6305414551607404,1.6332839087763853,1.6302018721100677,1.6324660841085836
2026-06-23 07:00:00+00:00,1.6327997063639916,1.633370480610528,1.632127572423335,1.6323687333973844
2026-06-23 08:00:00+00:00,1.6323597982281342,1.6328143780313595,1.6314852492370258,1.632118933891067
2026-06-23 09:00:00+00:00,1.6317767573295616,1.6317767573295616,1.6300712622592213,1.630127707613063
2026-06-23 10:00:00+00:00,1.6298088453128268,1.6314368506608206,1.6295841623276714,1.6314368506608206
2026-06-23 11:00:00+00:00,1.6316228442182596,1.6322467359596664,1.630744670330443,1.6322467359596664
2026-06-23 12:00:00+00:00,1.6320595772394524,1.6325458946087066,1.6315052013304048,1.6316601333087997
2026-06-23 13:00:00+00:00,1.6320967034211344,1.6332521798210808,1.6312283431157584,1.6316258667043968
2026-06-23 14:00:00+00:00,1.6318396693746955,1.6322394232539652,1.630725893211026,1.6320925752811497
2026-06-23 15:00:00+00:00,1.6321029969973337,1.6337440973354658,1.631871866768626,1.6336456812350226
2026-06-23 16:00:00+00:00,1.6335053300068003,1.6348517099474915,1.6332596309209932,1.6347395456415894
2026-06-23 17:00:00+00:00,1.6347084450877676,1.6357608371551453,1.6344934239461957,1.6357608371551453
2026-06-23 18:00:00+00:00,1.6356796047587907,1.6367525011368766,1.6356228172293323,1.6362280552241306
2026-06-23 19:00:00+00:00,1.6362190185356116,1.6362190185356116,1.6351805861065742,1.6356988697677022
2026-06-23 20:00:00+00:00,1.635781431938879,1.6359582475324825,1.6352114674992864,1.6352114674992864
2026-06-23 21:00:00+00:00,1.6356487921196767,1.6358345399312906,1.6350454029511876,1.6353238349321635
2026-06-23 22:00:00+00:00,1.6353173251589423,1.6357338557415178,1.634764100744941,1.6357325383304897
2026-06-23 23:00:00+00:00,1.6357363922882495,1.636432071585821,1.6351970929324722,1.6351970929324722
2026-06-24 00:00:00+00:00,1.634654406652189,1.6352049506074673,1.633509189925115,1.6339556791419536
2026-06-24 01:00:00+00:00,1.6340830081589175,1.6353784973725285,1.6324400964128698,1.6344014304365062
2026-06-24 02:00:00+00:00,1.6344284396508861,1.6362822044019754,1.6339438997744034,1.6362822044019754
2026-06-24 03:00:00+00:00,1.6362511906962154,1.6362511906962154,1.6347129278376844,1.635579369252849
2026-06-24 04:00:00+00:00,1.635550944415226,1.6357484076433082,1.633980058517736,1.6341553497357761
2026-06-24 05:00:00+00:00,1.6342107880044852,1.634494120320396,1.633322451991991,1.6344709073608525
2026-06-24 06:00:00+00:00,1.6345651309435854,1.6353558180190129,1.6338196060623222,1.6344423757479247
2026-06-24 07:00:00+00:00,1.634781867030573,1.6350669112732301,1.6339455801654732,1.6349836392089874
2026-06-24 08:00:00+00:00,1.6348558341986559,1.6359806433247897,1.6347468246283494,1.6356339832076234
2026-06-24 09:00:00+00:00,1.6356689529555697,1.636964636822154,1.635558592804563,1.6366226882854091
2026-06-24 10:00:00+00:00,1.6367392884113896,1.6368509594821896,1.635561950621853,1.635561950621853
2026-06-24 11:00:00+00:00,1.635407911793611,1.6360786548874282,1.6339505557848553,1.634087674352401
2026-06-24 12:00:00+00:00,1.6341446057500673,1.6344464222143071,1.6330298719772363,1.6338656144499322
2026-06-24 13:00:00+00:00,1.6338228800159502,1.634565827128148,1.6332521471606165,1.6339915775096705
2026-06-24 14:00:00+00:00,1.633951311127865,1.6363519753719817,1.633951311127865,1.6350225690241882
2026-06-24 15:00:00+00:00,1.6351001110762968,1.636627534685161,1.6351001110762968,1.6356867267472446
2026-06-24 16:00:00+00:00,1.6357798818252964,1.6364541832669282,1.6353635136095477,1.6355542914029682
2026-06-24 17:00:00+00:00,1.6357249520017025,1.6382001967465494,1.6354636359757013,1.6382001967465494
2026-06-24 18:00:00+00:00,1.6383840111762065,1.6388829491510888,1.6377154251531083,1.6385729353744365
2026-06-24 19:00:00+00:00,1.6386465993956978,1.6390920626773278,1.6368374583463832,1.6368374583463832
2026-06-24 20:00:00+00:00,1.6369346018001554,1.6369346018001554,1.635551382190159,1.6358424264841829
2026-06-24 21:00:00+00:00,1.637220292660703,1.6373185311699359,1.6339691835342245,1.6350492600332638
2026-06-24 22:00:00+00:00,1.6347304538154293,1.6354779986915806,1.6347304538154293,1.6353319301439189
2026-06-24 23:00:00+00:00,1.6353409656545517,1.6354288152467613,1.6344160921174182,1.634580116859297
2026-06-25 00:00:00+00:00,1.6351030392672736,1.6358408654188286,1.6350901644007023,1.6355230589774927
2026-06-25 01:00:00+00:00,1.6353240694647884,1.6368371616428958,1.6337896171759592,1.6353095166958287
2026-06-25 02:00:00+00:00,1.6354037709000315,1.637232149213351,1.6349748229068835,1.6358127427132636
2026-06-25 03:00:00+00:00,1.6360248093774854,1.6368280258402303,1.6357703463572728,1.6360482311454856
2026-06-25 04:00:00+00:00,1.6358337124658742,1.6360986292019755,1.6345241140193782,1.6345345003978586
2026-06-25 05:00:00+00:00,1.63462604271767,1.6361670034436595,1.6343112879164556,1.6361230094918204
2026-06-25 06:00:00+00:00,1.6359497488867034,1.6363338649048826,1.6352534267048084,1.6352534267048084
2026-06-25 07:00:00+00:00,1.635906780746832,1.6360103626942966,1.6339322549898243,1.6339369474372416
2026-06-25 08:00:00+00:00,1.6337866064197069,1.6348017621145337,1.6335861598772758,1.634605547345682
2026-06-25 09:00:00+00:00,1.6343591055039313,1.634898756660742,1.6339276834552778,1.6341993803121142
2026-06-25 10:00:00+00:00,1.63427149964463,1.6343982021449055,1.633578553438532,1.6336292755107806
2026-06-25 11:00:00+00:00,1.6335875690135992,1.6336032100627458,1.632416128389718,1.632996968446218
2026-06-25 12:00:00+00:00,1.6329191397298448,1.633834896863919,1.631018242687317,1.6318226363106951
2026-06-25 13:00:00+00:00,1.6319968184981568,1.636161857606279,1.6316439522998258,1.636161857606279
2026-06-25 14:00:00+00:00,1.6361282613025254,1.63638172104126,1.6345684270300926,1.6346298584188887
2026-06-25 15:00:00+00:00,1.6345168296872519,1.6346604215456635,1.6324508942490252,1.6326030270392795
2026-06-25 16:00:00+00:00,1.632523205555158,1.6325581395348796,1.6312562828299952,1.632091658040635
2026-06-25 17:00:00+00:00,1.6320297212217423,1.6323827620924818,1.6315505974740203,1.6317871218350353
2026-06-25 18:00:00+00:00,1.6318834004423481,1.6330320786572607,1.6318587834963805,1.632343346665528
2026-06-25 19:00:00+00:00,1.6324142626159437,1.6336930285389708,1.6324142626159437,1.6330419729261814
2026-06-25 20:00:00+00:00,1.6328774508412978,1.6333820586690848,1.632759305492506,1.6332136215878565
2026-06-25 21:00:00+00:00,1.6332812721851442,1.633947207747025,1.6326154195397367,1.633947207747025
2026-06-25 22:00:00+00:00,1.633460140813078,1.6337772225219303,1.6332945285215326,1.6334790879922727
2026-06-25 23:00:00+00:00,1.6334417013302251,1.6342274723868784,1.6325771556741677,1.6340818646958457
2026-06-26 00:00:00+00:00,1.6340926207494313,1.635302314999143,1.634008384850419,1.6350208271136282
2026-06-26 01:00:00+00:00,1.6347886643358591,1.636520253434893,1.634529020521854,1.6361423833990367
2026-06-26 02:00:00+00:00,1.6362213017919882,1.6388944350951213,1.6360712659380654,1.6383563986716607
2026-06-26 03:00:00+00:00,1.6385483779006744,1.6391038522382277,1.637448952004208,1.637448952004208
2026-06-26 04:00:00+00:00,1.6372872673458896,1.639582413513163,1.6371473688702962,1.6395613785246328
2026-06-26 05:00:00+00:00,1.6393706393279186,1.6396017888170413,1.6376786857264736,1.6380060887131151
2026-06-26 06:00:00+00:00,1.6382146210978588,1.6388564594663817,1.636385603820783,1.6367320242851617
2026-06-26 07:00:00+00:00,1.6370631658298564,1.6400580758117052,1.6370061719616558,1.6396909196988847
2026-06-26 08:00:00+00:00,1.6396522036117278,1.6412794584062198,1.6396522036117278,1.6408487761864765
2026-06-26 09:00:00+00:00,1.6411142885597583,1.6411142885597583,1.639537526276912,1.640315475344603
2026-06-26 10:00:00+00:00,1.6402495346094232,1.640493518307933,1.6393687141314806,1.6395510725955351
2026-06-26 11:00:00+00:00,1.6395277805401218,1.6397283434920324,1.6387989318788665,1.639372921345117
2026-06-26 12:00:00+00:00,1.6394763772812513,1.64313914846479,1.6390755287867342,1.6427333428043716
2026-06-26 13:00:00+00:00,1.6425121459215235,1.6425577860176974,1.6399665124726808,1.6407749077490734
2026-06-26 14:00:00+00:00,1.6402026307947686,1.6403405462930079,1.6385915093000103,1.638822559554263
2026-06-26 15:00:00+00:00,1.638886124891608,1.63952364711232,1.6382247714237,1.6387689598363877
2026-06-26 16:00:00+00:00,1.6384151104168108,1.6387010625603686,1.637715569330505,1.6380393382979894
2026-06-26 17:00:00+00:00,1.6380251264851307,1.638343235636918,1.6378457514853417,1.6382779065303585
2026-06-26 18:00:00+00:00,1.638156304647621,1.639272913466458,1.6381118881118844,1.6389849073244245
2026-06-26 19:00:00+00:00,1.6390287616283994,1.6390287616283994,1.6379930353208687,1.6384046637281349
2026-06-26 20:00:00+00:00,1.6383293291443317,1.6396897680375655,1.6383293291443317,1.6394431950809838
2026-06-28 21:00:00+00:00,1.6397466011815751,1.6397466011815751,1.636401132113037,1.6374259849692516
2026-06-28 22:00:00+00:00,1.6362447029379104,1.6362447029379104,1.6357124584292622,1.6361555738776865
2026-06-28 23:00:00+00:00,1.6361387897826576,1.6361917757593811,1.635618268110378,1.6358248411717013
2026-06-29 00:00:00+00:00,1.636235675491224,1.63886002249206,1.636235675491224,1.6385504440901806
2026-06-29 01:00:00+00:00,1.6388173160419623,1.6393967874230995,1.6375426621160372,1.6383953991572677
2026-06-29 02:00:00+00:00,1.638312409257832,1.638525920232296,1.6370639906757216,1.6373851449378394
2026-06-29 03:00:00+00:00,1.6371263615938076,1.6373554471359648,1.6364928640473042,1.6372250519306795
2026-06-29 04:00:00+00:00,1.6371991122745084,1.6373881244753017,1.636729527547853,1.6370982657314763
2026-06-29 05:00:00+00:00,1.6373920343782424,1.6376152008192024,1.636907893801279,1.6371789587389989
2026-06-29 06:00:00+00:00,1.63722688956174,1.6382894139027677,1.6363120084050278,1.6381166046630469
2026-06-29 07:00:00+00:00,1.6377515515600776,1.6384091652097243,1.6372413988953063,1.6384091652097243
2026-06-29 08:00:00+00:00,1.6386054180050562,1.639047700315723,1.6381293634204912,1.6383701912820838
2026-06-29 09:00:00+00:00,1.638143582306015,1.6383012000227453,1.6375522269277738,1.6377223390350588
2026-06-29 10:00:00+00:00,1.6377921432123284,1.6379175606359815,1.6372547626827256,1.6376136363636324
2026-06-29 11:00:00+00:00,1.637538522715972,1.6383386853846331,1.6372302490445914,1.638029229217852
2026-06-29 12:00:00+00:00,1.6380654783040938,1.6385888105526458,1.6372622818105604,1.6380650570563704
2026-06-29 13:00:00+00:00,1.6382240918651547,1.6410756206871986,1.6381917403291326,1.6410756206871986
2026-06-29 14:00:00+00:00,1.6410566445702544,1.6446406951071821,1.641024546424756,1.6446406951071821
2026-06-29 15:00:00+00:00,1.644606202190848,1.6448208079311686,1.6437856847920458,1.6440072320373522
2026-06-29 16:00:00+00:00,1.6439186880765253,1.6440241368513895,1.6431884140442687,1.6437445742667218
2026-06-29 17:00:00+00:00,1.6436418488160254,1.643689610518972,1.6431987020749685,1.6435218121282793
2026-06-29 18:00:00+00:00,1.6432940707863855,1.6432940707863855,1.6427291601490248,1.6428368229403696
2026-06-29 19:00:00+00:00,1.642815491174919,1.6431243687676884,1.6426153496045932,1.6428977838468286
2026-06-29 20:00:00+00:00,1.642896769513076,1.6435271510924454,1.6428286965921337,1.6435271510924454
2026-06-29 21:00:00+00:00,1.6431713045334815,1.6445463217392506,1.642836818893153,1.6434486880300492
2026-06-29 22:00:00+00:00,1.6435798551322696,1.643727231329687,1.6432860029024237,1.643727231329687
2026-06-29 23:00:00+00:00,1.6435909841197531,1.6442782881150715,1.643304308235157,1.644113416596644
2026-06-30 00:00:00+00:00,1.644712285050787,1.6466743724759871,1.644712285050787,1.6459087927444849
2026-06-30 01:00:00+00:00,1.646095699921554,1.646703680972835,1.6433707833169542,1.6448023509607803
2026-06-30 02:00:00+00:00,1.6446165475731995,1.645962112235717,1.6444022986866649,1.6452096235623122
2026-06-30 03:00:00+00:00,1.6450614201537965,1.6450614201537965,1.6441870086884531,1.6443410764225748
2026-06-30 04:00:00+00:00,1.644123899613345,1.6442605407719162,1.6429824936865949,1.643032447704114
2026-06-30 05:00:00+00:00,1.642967211711323,1.642967211711323,1.6417972146593838,1.6424005479139283
2026-06-30 06:00:00+00:00,1.6421681933624366,1.642931474432989,1.6419533187038637,1.6427238141377265
2026-06-30 07:00:00+00:00,1.643110648669447,1.6435148232611139,1.6422283630562327,1.6424010945160155
2026-06-30 08:00:00+00:00,1.641705972042119,1.641705972042119,1.6401851851851816,1.6407247037374622
2026-06-30 09:00:00+00:00,1.640572030880548,1.6406981876165625,1.639672597864765,1.6405740564090117
2026-06-30 10:00:00+00:00,1.6404481585353667,1.6408354452005998,1.6397672797621554,1.6398748132868588
2026-06-30 11:00:00+00:00,1.6401923678893562,1.6401923678893562,1.6388699117563297,1.6391268463443056
2026-06-30 12:00:00+00:00,1.6388367195947833,1.6405727380122082,1.6388367195947833,1.640314911306622
2026-06-30 13:00:00+00:00,1.6398633743684583,1.6400933528767163,1.6385898548045301,1.6385898548045301
2026-06-30 14:00:00+00:00,1.6386059743954444,1.6386059743954444,1.6351727942736665,1.6361204297422358
2026-06-30 15:00:00+00:00,1.6354707688824064,1.637036197171118,1.6351175488726029,1.6363945674671772
2026-06-30 16:00:00+00:00,1.6363365704969128,1.6370096162028729,1.6361754321285218,1.6365260799273864
2026-06-30 17:00:00+00:00,1.636763287764475,1.636763287764475,1.6358097289331581,1.636090566465467
2026-06-30 18:00:00+00:00,1.6360545181490993,1.6363121290669802,1.6353632629939066,1.6354854245162713
2026-06-30 19:00:00+00:00,1.6353850947511506,1.6356775737324212,1.6350220233121333,1.6356775737324212
2026-06-30 20:00:00+00:00,1.635556625277849,1.6359746681212153,1.635556625277849,1.6359746681212153
2026-06-30 21:00:00+00:00,1.6358148037923523,1.636989991210408,1.6358148037923523,1.6362013263050468
2026-06-30 22:00:00+00:00,1.6358948203558843,1.636281191991041,1.6357557727723437,1.6361240222196995
2026-06-30 23:00:00+00:00,1.6361175670313437,1.6363146475317971,1.6357837439401204,1.6363146475317971
2026-07-01 00:00:00+00:00,1.6362888586339877,1.6383598221767688,1.6359898484354363,1.6383598221767688
2026-07-01 01:00:00+00:00,1.638154344306527,1.6401837916269508,1.638019908834009,1.6398014620132515
2026-07-01 02:00:00+00:00,1.6401240363005285,1.6416784132815023,1.6398151439744006,1.6405645344866795
2026-07-01 03:00:00+00:00,1.6408315428506346,1.6408315428506346,1.639828760791338,1.639828760791338
2026-07-01 04:00:00+00:00,1.6400620190324429,1.6411398801474635,1.640052914568572,1.6403430180468412
2026-07-01 05:00:00+00:00,1.6402639325379298,1.6405985519821307,1.6391060817150458,1.6394267678921743
2026-07-01 06:00:00+00:00,1.6396553930140283,1.6404615888103096,1.6396553930140283,1.6397098563504449
2026-07-01 07:00:00+00:00,1.6394981650593121,1.640091083754355,1.6389457523029647,1.6391803884765201
2026-07-01 08:00:00+00:00,1.6390871605289314,1.63974678142115,1.6384572736448515,1.638738764364543
2026-07-01 09:00:00+00:00,1.6385992859885894,1.6389919934013073,1.6374045258651309,1.6380139422392905
2026-07-01 10:00:00+00:00,1.6379921175817729,1.638293938618195,1.6373453062616294,1.6373453062616294
2026-07-01 11:00:00+00:00,1.6372277396530377,1.6377477042049264,1.636732024285162,1.636732024285162
2026-07-01 12:00:00+00:00,1.6367836681309584,1.6374164176981043,1.6348423237694394,1.6349725532580528
2026-07-01 13:00:00+00:00,1.6349896921873852,1.6358741209064398,1.634525484178066,1.6358640862169302
2026-07-01 14:00:00+00:00,1.6354927978428973,1.636614234764195,1.6344816822270742,1.6357763516583335
2026-07-01 15:00:00+00:00,1.6358163178371588,1.636167280064794,1.6343749999999964,1.6344078386821888
2026-07-01 16:00:00+00:00,1.634243288900242,1.6346899087257052,1.6339524052933454,1.6344875582320155
2026-07-01 17:00:00+00:00,1.6344362397046257,1.6349661874183061,1.6343059992900208,1.6348459877244794
2026-07-01 18:00:00+00:00,1.6347530829118564,1.635639848159571,1.6347222024917214,1.635479744136457
2026-07-01 19:00:00+00:00,1.6352951208766189,1.6358272194733512,1.63499438737087,1.6358026446750995
2026-07-01 20:00:00+00:00,1.6358646969330697,1.6360714488878738,1.6355323596751912,1.635630696603008
2026-07-01 21:00:00+00:00,1.6358128289005793,1.6365369295550205,1.6351593370668298,1.6356850366831561
2026-07-01 22:00:00+00:00,1.6358051901884072,1.6360779294652976,1.6355958711291805,1.636001649625275
2026-07-01 23:00:00+00:00,1.6360662731991715,1.636566697017979,1.635944765994962,1.6365097882995634
2026-07-02 00:00:00+00:00,1.6367633874571261,1.6379528792084808,1.6364153708261568,1.6365447275935132
2026-07-02 01:00:00+00:00,1.6361425218689951,1.6361619523017152,1.6352588338971445,1.636004322111006
2026-07-02 02:00:00+00:00,1.6360147265774883,1.6362356754912237,1.6353073197062418,1.6362098138747843
2026-07-02 03:00:00+00:00,1.6360495863068967,1.6376914754285024,1.6360495863068967,1.6365084331181163
2026-07-02 04:00:00+00:00,1.6365484976465696,1.6374162529693705,1.636345544230738,1.636715195632389
2026-07-02 05:00:00+00:00,1.6368431528662382,1.6370153329729997,1.6362731859853559,1.636782459083989
2026-07-02 06:00:00+00:00,1.6364011086632042,1.6375463891140172,1.636261565355804,1.6375124378109411
2026-07-02 07:00:00+00:00,1.6379060242334562,1.6407414784043663,1.63764324508772,1.6407414784043663
2026-07-02 08:00:00+00:00,1.6404301014094882,1.6406665434433299,1.6376392140171625,1.6380868602885843
2026-07-02 09:00:00+00:00,1.6380934812838737,1.6389188728553534,1.6377741500461314,1.6377963935822764
2026-07-02 10:00:00+00:00,1.6381117391427802,1.6393479898247718,1.6377114131129344,1.6393479898247718
2026-07-02 11:00:00+00:00,1.6392433845891439,1.6407092743599556,1.6392433845891439,1.6407092743599556
2026-07-02 12:00:00+00:00,1.6406665812805037,1.6407406353182243,1.6368993781797587,1.6389376521886816
2026-07-02 13:00:00+00:00,1.639285056722417,1.639285056722417,1.6345523863315408,1.635369575045204
2026-07-02 14:00:00+00:00,1.6358138088912715,1.636962669683254,1.635371209874447,1.6354075372480241
2026-07-02 15:00:00+00:00,1.6355203619909462,1.636989886130557,1.635069081456781,1.636989886130557
2026-07-02 16:00:00+00:00,1.6371533672891867,1.6377337110481547,1.6364922606751706,1.6372621205255964
2026-07-02 17:00:00+00:00,1.6372996091315883,1.6379821117237623,1.6368747521667664,1.6379821117237623
2026-07-02 18:00:00+00:00,1.637993593559539,1.6381081962101525,1.6370962031411498,1.6373848987108615
2026-07-02 19:00:00+00:00,1.6375550801229788,1.6381886749652608,1.6367486261401583,1.6367486261401583
2026-07-02 20:00:00+00:00,1.6369740756481046,1.638207694270401,1.6368309260832585,1.638207694270401
2026-07-02 21:00:00+00:00,1.6377399143821012,1.6391626838365605,1.637738041260481,1.6379146650795635
2026-07-02 22:00:00+00:00,1.6374350184852005,1.6377944947369871,1.6368530666024355,1.6371519659936196
2026-07-02 23:00:00+00:00,1.6370037686662284,1.637241418423623,1.6365826013034812,1.6369499886595558
2026-07-03 00:00:00+00:00,1.6368133114122074,1.6378517930095282,1.6368133114122074,1.6373322753871618
2026-07-03 01:00:00+00:00,1.637383813194283,1.637383813194283,1.6353328715026894,1.635680737890444
2026-07-03 02:00:00+00:00,1.6356679068056714,1.635955851139093,1.6344044994629998,1.6345186273955523
2026-07-03 03:00:00+00:00,1.6345724381625402,1.635322398190041,1.6343541981712015,1.6349975969014123
2026-07-03 04:00:00+00:00,1.634941053405328,1.6350925310675317,1.6342011215798131,1.6349648175883758
2026-07-03 05:00:00+00:00,1.635068880254323,1.6355904666374654,1.6348719976277513,1.6351845834334031
2026-07-03 06:00:00+00:00,1.6349049408175331,1.6351557425658654,1.6341477184513937,1.6350465970064914
2026-07-03 07:00:00+00:00,1.6350874219698854,1.6350874219698854,1.6342134990115746,1.6346734803354093
2026-07-03 08:00:00+00:00,1.634586062796472,1.635356930986747,1.634243771614083,1.635356930986747
2026-07-03 09:00:00+00:00,1.6354621350171592,1.6354621350171592,1.6344817848065476,1.6346458250890343
2026-07-03 10:00:00+00:00,1.634588208693682,1.6352716738500628,1.6343355279889191,1.6350264924055062
2026-07-03 11:00:00+00:00,1.6352730047479045,1.6356997570484166,1.635052274653853,1.6353413200723288
2026-07-03 12:00:00+00:00,1.6352848101265782,1.6356236398066717,1.635176759827051,1.6354617145764396
2026-07-03 13:00:00+00:00,1.6352485656953861,1.635406509235309,1.6347124259685883,1.6347831003434734
2026-07-03 14:00:00+00:00,1.6346817051108056,1.635465403915467,1.6345833215587604,1.635160733976077
2026-07-03 15:00:00+00:00,1.6352764898789962,1.6352764898789962,1.6341587516960612,1.6341639223778457
2026-07-03 16:00:00+00:00,1.6341728855721354,1.6345979871084433,1.6338392402916697,1.6339254172142343
2026-07-03 17:00:00+00:00,1.6340243333757218,1.634544452452618,1.634022949522352,1.634321081860185
2026-07-03 18:00:00+00:00,1.6343276200703636,1.6343827718742892,1.6339371502854196,1.6340167582766914
2026-07-03 19:00:00+00:00,1.6337896833806598,1.634434895686093,1.6337896833806598,1.6342177053443923
2026-07-03 20:00:00+00:00,1.6340212014134237,1.6347388365713598,1.6339605038096676,1.6343505189626362
2026-07-05 21:00:00+00:00,1.6336909355609226,1.6336909355609226,1.630074529953132,1.630601756417131
2026-07-05 22:00:00+00:00,1.6311352725218824,1.631868908037854,1.6311352725218824,1.6317610995748006
2026-07-05 23:00:00+00:00,1.6317625787496075,1.6318198513830375,1.6313261861378263,1.6318124028817587
2026-07-06 00:00:00+00:00,1.6323257161430689,1.632986921173555,1.6316086760054185,1.6324483192267976
2026-07-06 01:00:00+00:00,1.6328518120653548,1.6328518120653548,1.6315633343221556,1.6323745686973201
2026-07-06 02:00:00+00:00,1.6319851849757516,1.6331867230479813,1.6318006417233197,1.6330957633350258
2026-07-06 03:00:00+00:00,1.6331254684031122,1.6341812108086644,1.6331254684031122,1.633436602583142
2026-07-06 04:00:00+00:00,1.6335148900049472,1.6335804425329594,1.6319032276298642,1.6319850758924743
2026-07-06 05:00:00+00:00,1.6321064088428985,1.6321429581248013,1.6313350382186262,1.631584157015791
2026-07-06 06:00:00+00:00,1.6317099031596765,1.6321097673102725,1.6309153615649872,1.631744190979928
2026-07-06 07:00:00+00:00,1.6316601114852396,1.6316601114852396,1.6301083471062663,1.6302563740377103
2026-07-06 08:00:00+00:00,1.6301485959658695,1.6306465523335507,1.6298369089007565,1.6304221848454394
2026-07-06 09:00:00+00:00,1.6305328187511443,1.6306809346771984,1.6296814692284811,1.6299433031232724
2026-07-06 10:00:00+00:00,1.6298542488372378,1.6302368971560992,1.6292460295031892,1.6298892154646125
2026-07-06 11:00:00+00:00,1.6299970325151514,1.6301060070671334,1.6290482111569504,1.6294516676088147
2026-07-06 12:00:00+00:00,1.6294878134934612,1.631496285815348,1.6293303192992332,1.6308656471486935
2026-07-06 13:00:00+00:00,1.6308641276667943,1.6312358597285026,1.629104530355498,1.6297149804897317
2026-07-06 14:00:00+00:00,1.6296212517495328,1.6296421909445435,1.6285189632036117,1.6288365654882089
2026-07-06 15:00:00+00:00,1.628767123287667,1.6288139902813838,1.6279411142006197,1.6286234440712368
2026-07-06 16:00:00+00:00,1.628683111311804,1.629062072274192,1.6285149911816539,1.6286500211595387
2026-07-06 17:00:00+00:00,1.628586340169827,1.6287415013964468,1.6279964486534437,1.6283921900331246
2026-07-06 18:00:00+00:00,1.628399047068604,1.628399047068604,1.627703920684989,1.6278133010337699
2026-07-06 19:00:00+00:00,1.6278506331610116,1.6280144241604646,1.6275001408530017,1.62779788987336
2026-07-06 20:00:00+00:00,1.6278365472652192,1.6289645062163418,1.627764473869555,1.6289645062163418
2026-07-06 21:00:00+00:00,1.628758298916027,1.6289697362671398,1.6278083754736343,1.6287779515576748
2026-07-06 22:00:00+00:00,1.6279312141740452,1.6281818309878953,1.6279312141740452,1.6281460824495388
2026-07-06 23:00:00+00:00,1.628138863460316,1.6281998901083379,1.6275661062769242,1.628175324400858
2026-07-07 00:00:00+00:00,1.6283463901256794,1.6292358241789193,1.6279498992631372,1.6292358241789193
2026-07-07 01:00:00+00:00,1.62946875572917,1.6296865743222237,1.6278159495381803,1.6281464369726553
2026-07-07 02:00:00+00:00,1.6281319981408673,1.6292050869920722,1.627969861277371,1.629041126792332
2026-07-07 03:00:00+00:00,1.6289701839712372,1.630324328901681,1.6286801493904546,1.6294875230988377
2026-07-07 04:00:00+00:00,1.629432674133209,1.63033904525308,1.6291104969259362,1.63033904525308
2026-07-07 05:00:00+00:00,1.6304786640881908,1.6314637212389964,1.6297253041980708,1.62988580381971
2026-07-07 06:00:00+00:00,1.62982045056744,1.6303641551543875,1.6288959435626063,1.6288959435626063
2026-07-07 07:00:00+00:00,1.6290411345516078,1.629762476346481,1.628560545139032,1.629759349226072
2026-07-07 08:00:00+00:00,1.6295182424037011,1.629776058286969,1.6290677655160695,1.6293494064339413
2026-07-07 09:00:00+00:00,1.6293938281713165,1.6293938281713165,1.6284553189687974,1.6286871595111037
2026-07-07 10:00:00+00:00,1.6284294907982346,1.6292993990011526,1.6284294907982346,1.6291102992001536
2026-07-07 11:00:00+00:00,1.6292413832023545,1.6293777338789295,1.6283577878103794,1.6284674723941914
2026-07-07 12:00:00+00:00,1.6286439602284706,1.6288896721889277,1.6281518230891703,1.6285174533355853
2026-07-07 13:00:00+00:00,1.6284421132777762,1.6307742263383744,1.6284421132777762,1.6307742263383744
2026-07-07 14:00:00+00:00,1.6303310847046164,1.630573878162117,1.6297394619783905,1.6303454702037201
2026-07-07 15:00:00+00:00,1.6304783689144884,1.6308661328362175,1.630166019074528,1.6301942776404057
2026-07-07 16:00:00+00:00,1.6302345295281113,1.6302345295281113,1.62938475665748,1.6297264085650887
2026-07-07 17:00:00+00:00,1.6297457627118603,1.6298163841807867,1.6291381379261622,1.6293086412782614
2026-07-07 18:00:00+00:00,1.6294131763576523,1.6301431822357875,1.6292505963891946,1.6299782356765273
2026-07-07 19:00:00+00:00,1.6301422149339773,1.6312779570805693,1.6297646809412722,1.6297646809412722
2026-07-07 20:00:00+00:00,1.6298447968789713,1.6303320887078483,1.629763654868253,1.6303320887078483
2026-07-07 21:00:00+00:00,1.6306814965755323,1.631648276936583,1.6306039850560354,1.631354612138544
2026-07-07 22:00:00+00:00,1.6314038118433305,1.6314038118433305,1.6303717224887113,1.63054215077197
2026-07-07 23:00:00+00:00,1.6304267844002902,1.6307703200226524,1.629828235094368,1.6307703200226524
2026-07-08 00:00:00+00:00,1.6309893067063201,1.6310191479718976,1.6286146366283138,1.6286146366283138
2026-07-08 01:00:00+00:00,1.6287046851812552,1.6291178093042298,1.627557075045204,1.6280860926216376
2026-07-08 02:00:00+00:00,1.6282136446511064,1.628475361663649,1.6272552728915453,1.6282844549923674
2026-07-08 03:00:00+00:00,1.628294584592781,1.628420086164273,1.6272437344773047,1.628368453759671
2026-07-08 04:00:00+00:00,1.6284802169706007,1.6288011530635274,1.6280626438648236,1.6284233273541295
2026-07-08 05:00:00+00:00,1.6281401358430845,1.6288224409949255,1.6279243791209528,1.6287896973890414
2026-07-08 06:00:00+00:00,1.628857828603695,1.6303702656868249,1.6287525770284352,1.63021208653017
2026-07-08 07:00:00+00:00,1.630557675457188,1.631233558679599,1.6299203704749499,1.6302956674059494
2026-07-08 08:00:00+00:00,1.630592058781966,1.6337309072343282,1.6304590474306586,1.6336588753915677
2026-07-08 09:00:00+00:00,1.6338489458535927,1.6340868480018111,1.6316609094512675,1.6323829497789326
2026-07-08 10:00:00+00:00,1.6322641883659612,1.6322641883659612,1.6310792262738565,1.6316691209787002
2026-07-08 11:00:00+00:00,1.6320732000963118,1.633135171180882,1.6313478291663674,1.6315878976829836
2026-07-08 12:00:00+00:00,1.6319206236711516,1.6319206236711516,1.629471421095061,1.6303430303373616
2026-07-08 13:00:00+00:00,1.630133106768617,1.6323512747875317,1.6296956829440867,1.6318442477876063
2026-07-08 14:00:00+00:00,1.631818889722639,1.6330045071859813,1.630900315627075,1.6324842027712414
2026-07-08 15:00:00+00:00,1.6323052293045026,1.6332359531440528,1.6318457986942136,1.6326846151663836
2026-07-08 16:00:00+00:00,1.6324574216146421,1.6327465637810425,1.631328710909859,1.63155213404279
2026-07-08 17:00:00+00:00,1.631634804511168,1.631692860477285,1.6306974772100873,1.6316526610644217
2026-07-08 18:00:00+00:00,1.631491853360485,1.631576714788679,1.6307164149583904,1.6308983762241873
2026-07-08 19:00:00+00:00,1.6307944446799152,1.631012264737463,1.6306531598355405,1.63090965608839
2026-07-08 20:00:00+00:00,1.6309631471851644,1.6313860867842804,1.63074010229745,1.631197747945279
2026-07-08 21:00:00+00:00,1.6320244599835763,1.6322836317316503,1.6303951367781118,1.6315789473684161
2026-07-08 22:00:00+00:00,1.630693307314861,1.631320631957111,1.630650885900531,1.6312938447612537
2026-07-08 23:00:00+00:00,1.6313221317040008,1.6313221317040008,1.6301064025208731,1.6303100534184967
2026-07-09 00:00:00+00:00,1.6301911854060347,1.6318282732581935,1.630084344668762,1.6314851989029895
2026-07-09 01:00:00+00:00,1.6317300079176518,1.6325502405887298,1.631530576175322,1.6319466048247924
2026-07-09 02:00:00+00:00,1.6318222951190495,1.6320738708673839,1.6308813971232325,1.6317769167680032
2026-07-09 03:00:00+00:00,1.6319488637167092,1.6324166030048333,1.6310092417262478,1.631424209871652
2026-07-09 04:00:00+00:00,1.6314227153862417,1.6318632372279753,1.630727496220519,1.630727496220519
2026-07-09 05:00:00+00:00,1.6306881595863365,1.631991067264062,1.6306881595863365,1.63112241294059
2026-07-09 06:00:00+00:00,1.6310162693480914,1.6326144372413551,1.6310162693480914,1.6323357014731383
2026-07-09 07:00:00+00:00,1.6321944605302139,1.6327194085968262,1.6318696843830305,1.6318696843830305
2026-07-09 08:00:00+00:00,1.6318667344862618,1.6324483192267971,1.6311445289312216,1.6312434632670896
2026-07-09 09:00:00+00:00,1.6313356890459316,1.6315223998755908,1.6309185706413414,1.631168500911231
2026-07-09 10:00:00+00:00,1.6312383428474493,1.6317925942688984,1.6308792155865393,1.6315149458442868
2026-07-09 11:00:00+00:00,1.6314286118299135,1.632049324056786,1.6314056361118128,1.631699457259154
2026-07-09 12:00:00+00:00,1.6315707664481074,1.631888483614664,1.63118934267591,1.631625828891366
2026-07-09 13:00:00+00:00,1.6314249363867637,1.6318272340786097,1.6312256204420779,1.6316175951422673
2026-07-09 14:00:00+00:00,1.6319245378934388,1.6321640979275807,1.6309597785560905,1.63143321325139
2026-07-09 15:00:00+00:00,1.6313008589511708,1.6314733436011877,1.6301640640442725,1.6309853190287924
2026-07-09 16:00:00+00:00,1.6310061543673375,1.6315640840993442,1.6304062539686972,1.6312697695436014
2026-07-09 17:00:00+00:00,1.6311754324038072,1.6311828412476477,1.6303059381350145,1.6304706795568369
2026-07-09 18:00:00+00:00,1.630415761099659,1.6305839498503367,1.630300976904394,1.6303893610413032
2026-07-09 19:00:00+00:00,1.6303417898437123,1.6305882685192983,1.630215542811939,1.6303620107628591
2026-07-09 20:00:00+00:00,1.6303650872113502,1.6304565803781956,1.630145304093645,1.6304565803781956
2026-07-09 21:00:00+00:00,1.6304409230856094,1.6319390452495675,1.6304409230856094,1.6314733152419667
2026-07-09 22:00:00+00:00,1.6308978922981245,1.6312206009068642,1.6307314179167678,1.6311581920903906
2026-07-09 23:00:00+00:00,1.6309739012540907,1.631108411954122,1.6306595113684454,1.6306640873211942
2026-07-10 00:00:00+00:00,1.6306944954387501,1.6323230038452787,1.6306944954387501,1.6311368961915198
2026-07-10 01:00:00+00:00,1.630969016867805,1.6318241497606998,1.630490263814662,1.631065906782525
2026-07-10 02:00:00+00:00,1.6313843896382365,1.6313843896382365,1.62843275182892,1.6286799887419035
2026-07-10 03:00:00+00:00,1.628702908850387,1.6293109518243603,1.6284789644012896,1.628986364660802
2026-07-10 04:00:00+00:00,1.6291401924458608,1.6294045487232223,1.6290149892933568,1.6293967546839927
2026-07-10 05:00:00+00:00,1.629419725934693,1.6304826418289535,1.6291534503418572,1.630278659611988
2026-07-10 06:00:00+00:00,1.6302483069977376,1.630601277874154,1.629664626406787,1.6303464620245969
2026-07-10 07:00:00+00:00,1.6305133053023626,1.6311353915216147,1.6299833535535881,1.63070451561904
2026-07-10 08:00:00+00:00,1.6307742263383729,1.6311316892759795,1.630103156795502,1.6303429967380667
2026-07-10 09:00:00+00:00,1.6303162948319634,1.6305941167332707,1.6290343066002408,1.629246947561573
2026-07-10 10:00:00+00:00,1.6289355216550663,1.629606636943389,1.6285331452750305,1.6295329476506228
2026-07-10 11:00:00+00:00,1.6292978174071255,1.6299553873955226,1.628908013544013,1.6289874292808821
2026-07-10 12:00:00+00:00,1.628951934878598,1.6289899246465107,1.6283993455201935,1.6285266899898383
2026-07-10 13:00:00+00:00,1.6286117381489795,1.6286117381489795,1.6268686184915617,1.6277091093802862
2026-07-10 14:00:00+00:00,1.6275118536915731,1.6287218873092242,1.6273281408736828,1.6285234378308133
2026-07-10 15:00:00+00:00,1.6285690090751224,1.6286996654951893,1.6274379932356209,1.6277280732652293
2026-07-10 16:00:00+00:00,1.6275429698506574,1.6277300267718706,1.6263109734637804,1.626669672546915
2026-07-10 17:00:00+00:00,1.6267401228653504,1.6267401228653504,1.6260604864849582,1.6261932627363562
2026-07-10 18:00:00+00:00,1.626196821636556,1.6262604893872035,1.6256697309796353,1.6261845667869987
2026-07-10 19:00:00+00:00,1.6260875696256032,1.626283425476696,1.6258354719535186,1.6260629221722342
2026-07-10 20:00:00+00:00,1.6260434292160129,1.6266100475431295,1.6256451476436196,1.6266100475431295
2026-07-12 21:00:00+00:00,1.6255198567662394,1.6262143451348592,1.6245069311394071,1.6260910026649318
2026-07-12 22:00:00+00:00,1.62537530129822,1.6263213605250104,1.62537530129822,1.625733551517882
2026-07-12 23:00:00+00:00,1.6257565710577129,1.6263770364623686,1.625415985109138,1.6261102495417965
2026-07-13 00:00:00+00:00,1.6260662371170307,1.6268612479358622,1.6252590034533743,1.6267272650284355
2026-07-13 01:00:00+00:00,1.6268688323239116,1.6270899231811968,1.6259547373325187,1.62664220701333
2026-07-13 02:00:00+00:00,1.6266706182875317,1.6271090716554832,1.6258834483050437,1.6271090716554832
2026-07-13 03:00:00+00:00,1.6271531032924778,1.6282859404149417,1.6271531032924778,1.628062643864822
2026-07-13 04:00:00+00:00,1.628264339081672,1.6289230856189978,1.6281108397679258,1.6281656737908978
2026-07-13 05:00:00+00:00,1.6282910990329587,1.6290368151894388,1.6275638312879055,1.6282679623169112
2026-07-13 06:00:00+00:00,1.6278912140981052,1.6291792025085756,1.6278100994125568,1.6286299435028195
2026-07-13 07:00:00+00:00,1.6287639116434047,1.6305486161098588,1.6285036501503785,1.6300256750275037
2026-07-13 08:00:00+00:00,1.6298610621341367,1.6311306653129092,1.6298396310244097,1.6305015930301352
2026-07-13 09:00:00+00:00,1.6304917940330441,1.6306698814206904,1.6297941342357534,1.6299361351172212
2026-07-13 10:00:00+00:00,1.6298886225856424,1.6304090267983018,1.629503346248674,1.629503346248674
2026-07-13 11:00:00+00:00,1.6294793207919345,1.6294793207919345,1.627985579089675,1.6286145087650024
2026-07-13 12:00:00+00:00,1.6288379433273628,1.6294494960174755,1.628517479955467,1.6288959026094743
2026-07-13 13:00:00+00:00,1.6288359117423228,1.6298548312007057,1.6287032334518314,1.6288024154861958
2026-07-13 14:00:00+00:00,1.6285339427797476,1.628892306389938,1.6273372563961392,1.6277002525644408
2026-07-13 15:00:00+00:00,1.62750437383599,1.6275945759076555,1.6264598025387815,1.627487509526627
2026-07-13 16:00:00+00:00,1.6274717364610185,1.6286009248914541,1.6269206349206298,1.6285080092180182
2026-07-13 17:00:00+00:00,1.628358124540462,1.6285524418177137,1.6275859145376386,1.6282696603794875
2026-07-13 18:00:00+00:00,1.6282943105983434,1.6288967468175337,1.6282466384831764,1.628278172847181
2026-07-13 19:00:00+00:00,1.6282660332541514,1.629179933488992,1.6281808414385834,1.6286938931405641
2026-07-13 20:00:00+00:00,1.6287116807424018,1.628902601262414,1.6282112947034806,1.6284800814848295
2026-07-13 21:00:00+00:00,1.6285031193854547,1.6301753789969795,1.6285031193854547,1.6285435409947324
2026-07-13 22:00:00+00:00,1.6282558895896324,1.6288333144732323,1.6282025903512192,1.6285754703635542
2026-07-13 23:00:00+00:00,1.6285487954960125,1.6289295718853405,1.628321337160791,1.628321337160791
2026-07-14 00:00:00+00:00,1.6284558709148196,1.6294147611500964,1.6284558709148196,1.6286574931764455
2026-07-14 01:00:00+00:00,1.6287900214956395,1.6294776752871885,1.628265663876946,1.6288776404716743
2026-07-14 02:00:00+00:00,1.6289834582214002,1.6289834582214002,1.627902706367586,1.6283634821933244
2026-07-14 03:00:00+00:00,1.6282799451752785,1.6287103522361006,1.626854295755757,1.6272785033533306
2026-07-14 04:00:00+00:00,1.626993986278546,1.6275224175668945,1.6262349686670754,1.6262349686670754
2026-07-14 05:00:00+00:00,1.6261766656787564,1.626480010160732,1.6256769716800128,1.6261059761518328
2026-07-14 06:00:00+00:00,1.625878368844358,1.626601138273378,1.6257620230300243,1.626601138273378
2026-07-14 07:00:00+00:00,1.6265766465627995,1.6265766465627995,1.6246880155674894,1.6251709407734227
2026-07-14 08:00:00+00:00,1.6251938312329024,1.6261089093550292,1.625082796623302,1.625082796623302
2026-07-14 09:00:00+00:00,1.6249313099716733,1.6249313099716733,1.6230576511654042,1.6234181224397817
2026-07-14 10:00:00+00:00,1.6234638287089775,1.6247409600338285,1.6230398918949305,1.6246299168193943
2026-07-14 11:00:00+00:00,1.624592868321978,1.6260217599639162,1.624592868321978,1.625808451577444
2026-07-14 12:00:00+00:00,1.6259301014656093,1.6267382391478877,1.6242133736982949,1.6257249175033297
2026-07-14 13:00:00+00:00,1.625466692866963,1.6256739301359042,1.6236438563538957,1.6237156034035582
2026-07-14 14:00:00+00:00,1.6236263736263685,1.6238294173722823,1.6213948536930374,1.6216276789466264
2026-07-14 15:00:00+00:00,1.621592087197731,1.6224929472694303,1.6208533460294294,1.6222053808260655
2026-07-14 16:00:00+00:00,1.6224293555315303,1.6227429726769769,1.6217550453697551,1.6217550453697551
2026-07-14 17:00:00+00:00,1.6217201677254636,1.6218078239883207,1.6211608884149626,1.6212082947498336
2026-07-14 18:00:00+00:00,1.6212943866885479,1.621547271502353,1.6211052033501159,1.6213447830723418
2026-07-14 19:00:00+00:00,1.6214062214988232,1.621775257558314,1.621314397182026,1.62137884572198
2026-07-14 20:00:00+00:00,1.621338236739043,1.621694458480709,1.6210128962546082,1.6210128962546082
2026-07-14 21:00:00+00:00,1.6215601482646247,1.6225346968590162,1.621080701754381,1.6211242894238143
2026-07-14 22:00:00+00:00,1.6212017010765014,1.621566232927663,1.6210419941612346,1.621566232927663
2026-07-14 23:00:00+00:00,1.6216151718910068,1.6217047081613694,1.6210195550318387,1.6213031034289194
2026-07-15 00:00:00+00:00,1.6212648354423227,1.6213475107663335,1.6204522831466295,1.6205229527492804
2026-07-15 01:00:00+00:00,1.620713815282424,1.6218152754602642,1.6204505337479986,1.6204505337479986
2026-07-15 02:00:00+00:00,1.6206055850579335,1.6210985129850968,1.6200789606316799,1.6200789606316799
2026-07-15 03:00:00+00:00,1.6201735965280646,1.6209872910448755,1.6200568332936665,1.6207553513392305
2026-07-15 04:00:00+00:00,1.62064038994873,1.6216629062320396,1.6204496113173141,1.6213507869546278
2026-07-15 05:00:00+00:00,1.6211811200179331,1.621747785129523,1.620924826349984,1.6210688519997145
2026-07-15 06:00:00+00:00,1.6212630635174083,1.6214012524692087,1.61990639538142,1.61990639538142
2026-07-15 07:00:00+00:00,1.6199876705803182,1.6202979045695485,1.6186354022215637,1.6187781062187367
2026-07-15 08:00:00+00:00,1.61901426209756,1.6192531352904036,1.6184168148656357,1.6185867357658048
2026-07-15 09:00:00+00:00,1.6184260283757423,1.6186519058295914,1.618007593056971,1.6180401826995774
2026-07-15 10:00:00+00:00,1.61841367713004,1.6186850628864626,1.6177912907022312,1.6183849086220379
2026-07-15 11:00:00+00:00,1.6183209316012899,1.6186644987665346,1.6173029772329197,1.6174475955610308
2026-07-15 12:00:00+00:00,1.617497898571023,1.6180184725784474,1.6172249474421811,1.6173400861827698
2026-07-15 13:00:00+00:00,1.6174133251252154,1.6185216295674039,1.617268059267131,1.6180619699386969
2026-07-15 14:00:00+00:00,1.618071395586399,1.6186839012925915,1.617842503602351,1.6178955023495138
2026-07-15 15:00:00+00:00,1.61809129559185,1.6184142435558488,1.6170453750961287,1.6178840182392877
2026-07-15 16:00:00+00:00,1.6178375127620541,1.6200823229636216,1.6178375127620541,1.6198913895420395
2026-07-15 17:00:00+00:00,1.6198564492885374,1.6198861490691867,1.6190901479207318,1.6194842166959673
2026-07-15 18:00:00+00:00,1.619436305288121,1.6199807259877879,1.6189732578567197,1.6199195508254371
2026-07-15 19:00:00+00:00,1.619811742360757,1.62064294492235,1.619620765729281,1.6198365579381104
2026-07-15 20:00:00+00:00,1.6197301148269165,1.6200156481403813,1.619545175169018,1.6197582617201094
2026-07-15 21:00:00+00:00,1.6207407614546727,1.622446695394253,1.6207407614546727,1.6219554846742439
2026-07-15 22:00:00+00:00,1.621955311949434,1.6219568470068328,1.6215989485752584,1.6219080777996788
2026-07-15 23:00:00+00:00,1.6218226559659912,1.6218407515097246,1.6212601836195644,1.6218407515097246
2026-07-16 00:00:00+00:00,1.621598580033817,1.624737534645422,1.621572518657233,1.624503107328812
2026-07-16 01:00:00+00:00,1.6244243823920446,1.6255762144288246,1.6243820460751994,1.6248161275409372
2026-07-16 02:00:00+00:00,1.6249474598593272,1.6255344201628792,1.6238972750441043,1.6239200145631698
2026-07-16 03:00:00+00:00,1.6239269559859355,1.6239724396767774,1.622995550331621,1.622995550331621
2026-07-16 04:00:00+00:00,1.6230304217626101,1.6233151846823468,1.6221566268431162,1.6233030090972658
2026-07-16 05:00:00+00:00,1.623444607740215,1.6241423730712097,1.6230567954440462,1.6238971514998692
2026-07-16 06:00:00+00:00,1.624128273351066,1.6243382538304199,1.6234605911329996,1.6234605911329996
2026-07-16 07:00:00+00:00,1.6236318338325397,1.6246780875601787,1.6235025750111904,1.6241093052230713
2026-07-16 08:00:00+00:00,1.6238907085467884,1.6240826844434437,1.6232959157965405,1.6233833491965683
2026-07-16 09:00:00+00:00,1.623269744852967,1.6236542580744466,1.6223614821860657,1.6232121364794083
2026-07-16 10:00:00+00:00,1.6231281663727661,1.6231281663727661,1.621332065232589,1.6214628414765444
2026-07-16 11:00:00+00:00,1.6216427931960555,1.622224087989584,1.6211491938303149,1.6217636861824027
2026-07-16 12:00:00+00:00,1.6214709006541015,1.6219036296244442,1.6209894171006167,1.6209894171006167
2026-07-16 13:00:00+00:00,1.6208725837380802,1.6208725837380802,1.6196246139225419,1.6200274156548935
2026-07-16 14:00:00+00:00,1.6198674200044705,1.619919182315184,1.6175365052749202,1.6187506118282076
2026-07-16 15:00:00+00:00,1.6187412587412535,1.620040848301713,1.6186139555704724,1.620034977264773
2026-07-16 16:00:00+00:00,1.6199611020162537,1.6207365074028888,1.6199611020162537,1.620073391411519
2026-07-16 17:00:00+00:00,1.6202549376663347,1.6206495544471171,1.6200549142664973,1.6205157657342117
2026-07-16 18:00:00+00:00,1.6205191421407208,1.6206514886164571,1.620023804522854,1.6202965929618638
2026-07-16 19:00:00+00:00,1.620232427891342,1.6209775710623224,1.620232427891342,1.6205085837510802
2026-07-16 20:00:00+00:00,1.6205887295541066,1.6208171151745907,1.6204183350600572,1.6204183350600572
2026-07-16 21:00:00+00:00,1.6197315191981925,1.6210818230202475,1.6195446849594868,1.6203001203841043
2026-07-16 22:00:00+00:00,1.6199238756262018,1.6200425424724962,1.6196978175713432,1.6200111950741622
2026-07-16 23:00:00+00:00,1.6200218297836562,1.6200831199361854,1.619356643356638,1.619356643356638
2026-07-17 00:00:00+00:00,1.619311347934318,1.62075194286914,1.619311347934318,1.6199342519409612
2026-07-17 01:00:00+00:00,1.6199728621987164,1.622624840487437,1.619389938602252,1.6223521330136919
2026-07-17 02:00:00+00:00,1.6226341025712874,1.623216665497645,1.6221860895405178,1.6229765745546307
2026-07-17 03:00:00+00:00,1.6227735547389923,1.622885516312728,1.6215178521383278,1.6225253771521455
2026-07-17 04:00:00+00:00,1.6229384045775783,1.6234301991103828,1.6226581781467302,1.622873094025721
2026-07-17 05:00:00+00:00,1.6229747359266016,1.6241072055005912,1.6227698608617545,1.6235830527497142
2026-07-17 06:00:00+00:00,1.6233957500525928,1.6236462600302959,1.6222704671195411,1.623269241549409
2026-07-17 07:00:00+00:00,1.6230927661720764,1.6232144108782456,1.6223713521162229,1.6230461905095623
2026-07-17 08:00:00+00:00,1.622951968492896,1.6250473850473797,1.6225407768622782,1.6250473850473797
2026-07-17 09:00:00+00:00,1.6251316251316197,1.6259762881384447,1.6245472667546341,1.6250947794096946
2026-07-17 10:00:00+00:00,1.6251720360643716,1.6251720360643716,1.6235024788977632,1.623572702630576
2026-07-17 11:00:00+00:00,1.623809657574646,1.6245486857447862,1.6227129868672079,1.6230559766436419
2026-07-17 12:00:00+00:00,1.6228880157170873,1.6241010225868024,1.6228880157170873,1.6241010225868024
2026-07-17 13:00:00+00:00,1.6242046268593768,1.624446972569834,1.6230674261342857,1.62310422717005
2026-07-17 14:00:00+00:00,1.6228312551720216,1.623416167370587,1.622414204170927,1.622959555730067
2026-07-17 15:00:00+00:00,1.623108318489735,1.623227634180885,1.6222636432435409,1.6223278242707098
2026-07-17 16:00:00+00:00,1.6223923283983799,1.622647331070652,1.621449689632458,1.6221577368435756
2026-07-17 17:00:00+00:00,1.6219599377619482,1.6220972627327748,1.6214905456737119,1.6219835382867989
2026-07-17 18:00:00+00:00,1.6221408837841955,1.6224126325236947,1.621768268745438,1.6221605249873747
2026-07-17 19:00:00+00:00,1.6222306354815137,1.6225682025387422,1.6219110494372206,1.6223770342439778
2026-07-17 20:00:00+00:00,1.6226222016625262,1.6231658390146682,1.6223929132092347,1.6231658390146682
2026-07-19 21:00:00+00:00,1.6231516035803422,1.6234458757823194,1.622616893228394,1.6226258942348109
2026-07-19 22:00:00+00:00,1.621406847836746,1.6215542008268469,1.6201898840530957,1.620309545486374
2026-07-19 23:00:00+00:00,1.6202380952380908,1.6204278329574224,1.6195735864376364,1.6195735864376364
2026-07-20 00:00:00+00:00,1.6198804206281374,1.6201719743438885,1.6186972879980934,1.6190762602808664
2026-07-20 01:00:00+00:00,1.6188977919480876,1.6189936790289152,1.6180672033993022,1.6186701339373053
2026-07-20 02:00:00+00:00,1.6185702501293247,1.6189477510730772,1.6179009414196674,1.618427487529164
2026-07-20 03:00:00+00:00,1.618370312412671,1.618879897130553,1.6180492506250568,1.618228046156851
2026-07-20 04:00:00+00:00,1.6182074707344969,1.6182074707344969,1.6174421688933518,1.6178766425090372
2026-07-20 05:00:00+00:00,1.6177981958834822,1.61889988260942,1.6177981958834822,1.6186463181138415
2026-07-20 06:00:00+00:00,1.6186602937682513,1.6194425408724067,1.6179018555779077,1.6181597081475434
2026-07-20 07:00:00+00:00,1.6181378577817485,1.6183302121474643,1.6166780625985475,1.6170583966056231
2026-07-20 08:00:00+00:00,1.6169336831528374,1.6169336831528374,1.6163100671328237,1.6163100671328237
2026-07-20 09:00:00+00:00,1.6164475337073907,1.6166210479276015,1.6154071674880242,1.6154372347554122
2026-07-20 10:00:00+00:00,1.6156402273012818,1.6156402273012818,1.6137659838522957,1.6137659838522957
2026-07-20 11:00:00+00:00,1.6137865647918306,1.6140370453023833,1.6127247386759536,1.6129580841662092
2026-07-20 12:00:00+00:00,1.6129792276592736,1.6135808840965793,1.6127457135283652,1.6131389915614713
2026-07-20 13:00:00+00:00,1.6130157047616347,1.6130602792851818,1.6106504257661658,1.6106504257661658
2026-07-20 14:00:00+00:00,1.6108300229981138,1.6120207138171168,1.610079021086222,1.611810518088428
2026-07-20 15:00:00+00:00,1.6119469644103235,1.6124645734150482,1.6115513392857101,1.6119405067529817
2026-07-20 16:00:00+00:00,1.6117970395792307,1.6120529671954973,1.611535565903573,1.6118109906667182
2026-07-20 17:00:00+00:00,1.611789978797005,1.6122708118215008,1.6117450132514952,1.6120558570372288
2026-07-20 18:00:00+00:00,1.6120100432417308,1.6127393513091008,1.6118578838752815,1.6125746497739535
2026-07-20 19:00:00+00:00,1.612528775723749,1.6132810318834063,1.612528775723749,1.6131621187800922
2026-07-20 20:00:00+00:00,1.613107615870929,1.61353830687387,1.613107615870929,1.6133108089241293
2026-07-20 21:00:00+00:00,1.6146312156818867,1.6153706369952012,1.613245625061098,1.6141184361288834
2026-07-20 22:00:00+00:00,1.613933865131804,1.6147944209967249,1.613891954568945,1.6144667532939267
2026-07-20 23:00:00+00:00,1.6145881366589767,1.6145881366589767,1.6134383378016037,1.613722040713743
2026-07-21 00:00:00+00:00,1.6142298561653357,1.6144379723141773,1.612457616476198,1.6130522789139339
2026-07-21 01:00:00+00:00,1.6129793263257763,1.6130500335045743,1.611903865199253,1.6124009376046389
2026-07-21 02:00:00+00:00,1.612431112661314,1.6125764045884574,1.6114094427784318,1.611665248385247
2026-07-21 03:00:00+00:00,1.6117264661570179,1.612500348859921,1.611687731927118,1.6124228976527348
2026-07-21 04:00:00+00:00,1.6123662140853674,1.6127996874040536,1.6121116582732262,1.6123803944542037
2026-07-21 05:00:00+00:00,1.6123021131180648,1.6124820399793502,1.6120314591700085,1.612136172824006
2026-07-21 06:00:00+00:00,1.6120593485051269,1.6121228177812437,1.6105632625772979,1.6106166339336658
2026-07-21 07:00:00+00:00,1.6106368459899407,1.611223310166158,1.6101027254252338,1.610533938668073
2026-07-21 08:00:00+00:00,1.6105362837527284,1.6105362837527284,1.6094793986636926,1.6095574827043757
2026-07-21 09:00:00+00:00,1.6096440552918367,1.6097547395673792,1.609252173913039,1.6093715208194117
2026-07-21 10:00:00+00:00,1.609360647980623,1.6104449550866884,1.6090730770835895,1.6100148998092216
2026-07-21 11:00:00+00:00,1.6102167010194368,1.6108556939452152,1.6100821612588725,1.6102119836207087
2026-07-21 12:00:00+00:00,1.610334981544671,1.6112280603922944,1.6102311196556145,1.6103371412649718
2026-07-21 13:00:00+00:00,1.6102736290682074,1.6120190361882918,1.6101815344748271,1.6119769502309111
2026-07-21 14:00:00+00:00,1.6118528439291797,1.6118574318197625,1.6105377663728617,1.6113894199238055
2026-07-21 15:00:00+00:00,1.6113088011610173,1.6113088011610173,1.6101978500020868,1.610991770121351
2026-07-21 16:00:00+00:00,1.6108825129371023,1.6118732294123346,1.6108825129371023,1.6111793097675928
2026-07-21 17:00:00+00:00,1.6111111111111063,1.6114482623920487,1.6111111111111063,1.6112227244823885
2026-07-21 18:00:00+00:00,1.611130488162167,1.611230498730145,1.610635150973931,1.6108049280741117
2026-07-21 19:00:00+00:00,1.6108359262721632,1.6115865149717268,1.6106150239982093,1.6110731183095792
2026-07-21 20:00:00+00:00,1.6111467813075715,1.6120701695578041,1.6111467813075715,1.6116247241851194
2026-07-21 21:00:00+00:00,1.6113462102484557,1.612229783547359,1.6109086847873078,1.6117612557256125
2026-07-21 22:00:00+00:00,1.6118310803262155,1.6120368171850725,1.6114803541009193,1.6119273743016713
2026-07-21 23:00:00+00:00,1.6120174311413997,1.6121328920356899,1.6116433000055808,1.6116881666387395
2026-07-22 00:00:00+00:00,1.6118861100638104,1.6119294620292879,1.6100064143681798,1.6100064143681798
2026-07-22 01:00:00+00:00,1.6096041260105887,1.6107622317117372,1.6095640296593583,1.6106166294642807
2026-07-22 02:00:00+00:00,1.610794067169901,1.6118073970690807,1.610794067169901,1.6113808885911984
2026-07-22 03:00:00+00:00,1.6114754555856283,1.6127302434051536,1.611353711790388,1.6126928716051057
2026-07-22 04:00:00+00:00,1.6126595358449414,1.6129798290216188,1.612446070286643,1.6128239499553123
2026-07-22 05:00:00+00:00,1.6127735034977682,1.6137808644131695,1.6127735034977682,1.6134506599622827
2026-07-22 06:00:00+00:00,1.6132757946483387,1.6146190083453267,1.6132757946483387,1.6140478319177418
2026-07-22 07:00:00+00:00,1.6140681754680029,1.6141164636190852,1.6127825844264534,1.613670652659807
2026-07-22 08:00:00+00:00,1.6136093765279416,1.6139203354297642,1.6132757946483387,1.6134754249479677
2026-07-22 09:00:00+00:00,1.613566849625,1.6142797261422335,1.6130955705747592,1.6135379111819073
2026-07-22 10:00:00+00:00,1.6134220123237664,1.6137538779731078,1.6133737582607919,1.6136913164404767
2026-07-22 11:00:00+00:00,1.6136331870405005,1.6143853908860781,1.6133832632358438,1.6137411620042987
2026-07-22 12:00:00+00:00,1.6137262298975792,1.6163235026524594,1.6136662102880723,1.6160260805081732
2026-07-22 13:00:00+00:00,1.6156471625005195,1.6157203407612521,1.614355536936177,1.6145194416889
2026-07-22 14:00:00+00:00,1.6144325864670006,1.61475031795502,1.6134262491969897,1.6136481106376983
2026-07-22 15:00:00+00:00,1.6136760494516955,1.6139015019210567,1.6132050440587027,1.6133162075753507
2026-07-22 16:00:00+00:00,1.6133193717277439,1.614159366223745,1.6130951549602597,1.6137919472463556
2026-07-22 17:00:00+00:00,1.6136106493832976,1.614594398166261,1.6136106493832976,1.614594398166261
2026-07-22 18:00:00+00:00,1.614496561748751,1.6147426398635563,1.6140863174660784,1.614178729111938
2026-07-22 19:00:00+00:00,1.6142206449449454,1.61443324901826,1.6140240580074554,1.6141529863779203
2026-07-22 20:00:00+00:00,1.6139198949441842,1.61407455012853,1.61352177981369,1.6139532284652516
2026-07-22 21:00:00+00:00,1.6133052066889209,1.615583688885775,1.613102388601755,1.615007061653121
2026-07-22 22:00:00+00:00,1.6146501712448402,1.615386767380048,1.6146501712448402,1.615181305849608
2026-07-22 23:00:00+00:00,1.615296404547801,1.615733165512896,1.6151361780660984,1.6155352024050849
2026-07-23 00:00:00+00:00,1.6154857110899787,1.6156459731543573,1.6150814172898125,1.6152255323905824
2026-07-23 01:00:00+00:00,1.615166459436422,1.6152438172418557,1.6096369103970545,1.6113759933082341
2026-07-23 02:00:00+00:00,1.6113450064127535,1.6121370928401135,1.610384363550238,1.611844854969484
2026-07-23 03:00:00+00:00,1.6120794148380304,1.6124414585191742,1.6114306404668017,1.6114306404668017
2026-07-23 04:00:00+00:00,1.6114252290894862,1.6127575972913046,1.6114252290894862,1.6126677162721308
2026-07-23 05:00:00+00:00,1.6128690660312897,1.6130232428515638,1.6123526625240285,1.61292930419268
2026-07-23 06:00:00+00:00,1.6128438832678267,1.6137780940024224,1.6123057626646176,1.6137780940024224
2026-07-23 07:00:00+00:00,1.6139303204922442,1.6149442140393455,1.613125453226971,1.6141479548404152
2026-07-23 08:00:00+00:00,1.6143142262976402,1.6144590086128625,1.6126307264831905,1.6128608923884462
2026-07-23 09:00:00+00:00,1.6128577411698959,1.6137785598569858,1.612238064678139,1.6136379505369385
2026-07-23 10:00:00+00:00,1.613746194027761,1.6139091074197687,1.6125256644831434,1.6126847118634546
2026-07-23 11:00:00+00:00,1.6126855977539654,1.6128766396133323,1.6121082501607484,1.6123378801431074
2026-07-23 12:00:00+00:00,1.6123567235113172,1.6142136955608404,1.612007882269082,1.6141770875635355
2026-07-23 13:00:00+00:00,1.6139584383576937,1.6149596140901898,1.6132943202340735,1.6138051857042697
2026-07-23 14:00:00+00:00,1.6138108850400712,1.6141068950533302,1.6124220992927616,1.6135433600538096
2026-07-23 15:00:00+00:00,1.6135605572217344,1.614872068230272,1.6133344543467243,1.6135080221396991
2026-07-23 16:00:00+00:00,1.61369878370046,1.6138156143619578,1.6132655490665608,1.6137168947213572
2026-07-23 17:00:00+00:00,1.6137846998515313,1.6145488700723327,1.613698131181525,1.6144343485332833
2026-07-23 18:00:00+00:00,1.6144505671700335,1.615967447733964,1.6144505671700335,1.6158184164749403
2026-07-23 19:00:00+00:00,1.615862639751983,1.6165246803553583,1.6158151670734735,1.6160687981369457
2026-07-23 20:00:00+00:00,1.6158658026873072,1.6159704884001407,1.6151450972691646,1.6151450972691646
2026-07-23 21:00:00+00:00,1.6156436810642367,1.616593469811554,1.6151699182316672,1.6152691671108312
2026-07-23 22:00:00+00:00,1.615828084891496,1.6159618486569831,1.6156435393612945,1.6157826830841677
2026-07-23 23:00:00+00:00,1.615836640814547,1.615953209156189,1.615522681062885,1.6156932054087363
2026-07-24 00:00:00+00:00,1.615422376190404,1.6158032032762,1.6143896183976296,1.614607701682374
2026-07-24 01:00:00+00:00,1.6148781171196362,1.6154859505290395,1.6142127004130735,1.6146841684994973
2026-07-24 02:00:00+00:00,1.6149524329928633,1.6151873546144957,1.6139692497269391,1.6149285944529261
2026-07-24 03:00:00+00:00,1.61468185575966,1.6149728123773703,1.6138232451286596,1.6147853379665902
2026-07-24 04:00:00+00:00,1.6148047471591256,1.6148810608503013,1.61436837164992,1.6146450844369649
2026-07-24 05:00:00+00:00,1.614620268243797,1.6146881569726652,1.6136408188411835,1.6144715082546126
2026-07-24 06:00:00+00:00,1.6141700291414431,1.614356560477426,1.6134178596918376,1.6134178596918376
2026-07-24 07:00:00+00:00,1.6132417344097554,1.6143037088873284,1.6130088124213124,1.6136430420485501
2026-07-24 08:00:00+00:00,1.613688202286493,1.613688202286493,1.6117536817666838,1.6119945733506709
2026-07-24 09:00:00+00:00,1.6120311057651913,1.612502098136849,1.6117178214360575,1.611822425987527
2026-07-24 10:00:00+00:00,1.6117610880474083,1.6120663144063243,1.611015586775699,1.6110233578886988
2026-07-24 11:00:00+00:00,1.6109449259155668,1.6116020245518812,1.6105183672898582,1.6106736780274902
2026-07-24 12:00:00+00:00,1.6107599362291227,1.6127649440342886,1.6107599362291227,1.612655142464904
2026-07-24 13:00:00+00:00,1.6125485032288738,1.613582875714441,1.6123152364273154,1.6134214838989767
2026-07-24 14:00:00+00:00,1.6131669957015393,1.6131729314884269,1.6112758398836278,1.6112758398836278
2026-07-24 15:00:00+00:00,1.6111857010992645,1.6115257743486473,1.6101197955935278,1.610436604959827
2026-07-24 16:00:00+00:00,1.6103542234332375,1.6110893581317247,1.6101401288123227,1.6105526584366694
2026-07-24 17:00:00+00:00,1.6104462588077346,1.610847637833825,1.610177077796733,1.6104419356192505
2026-07-24 18:00:00+00:00,1.6104023277936272,1.6113358623682357,1.6102965864577452,1.6111740913353159
2026-07-24 19:00:00+00:00,1.611303167294149,1.612087435060838,1.6112954020575219,1.6117520230728255
2026-07-24 20:00:00+00:00,1.6118702920668653,1.6124541303677924,1.6113708909671227,1.6121817316041513
2026-07-26 21:00:00+00:00,1.6121817316041513,1.6130266052089557,1.611214508613084,1.611819072958964
2026-07-26 22:00:00+00:00,1.6123617527649396,1.614092642440551,1.6120735495787921,1.6138284897169481
2026-07-26 23:00:00+00:00,1.6138953920345371,1.6140370546850862,1.6134261854052183,1.6140370546850862
2026-07-27 00:00:00+00:00,1.6137337853360552,1.6152218095171298,1.6134517339906946,1.6152218095171298
2026-07-27 01:00:00+00:00,1.6154342097886365,1.6154891494697268,1.6142641255981813,1.6142641255981813
2026-07-27 02:00:00+00:00,1.6143017072488055,1.614896567178807,1.6143017072488055,1.614560428017194
2026-07-27 03:00:00+00:00,1.6145702041845171,1.6150461081368899,1.6142513024480372,1.6143395380758245
2026-07-27 04:00:00+00:00,1.6143427410883062,1.6150364349775734,1.6142286954694998,1.6147692566336913
2026-07-27 05:00:00+00:00,1.6145839170635983,1.6146313444754152,1.6135348869759905,1.6138985328704172
2026-07-27 06:00:00+00:00,1.6138374111191929,1.6144962835425976,1.6131550233612126,1.6133202742409354
2026-07-27 07:00:00+00:00,1.613336504694075,1.6135310342896299,1.6125152104284046,1.612859863335942
2026-07-27 08:00:00+00:00,1.6125979843225031,1.6133391211807158,1.6125740204107295,1.6130901557885255
2026-07-27 09:00:00+00:00,1.6132577348452979,1.6132577348452979,1.612393443540819,1.6125405980512884
2026-07-27 10:00:00+00:00,1.612467452473607,1.6128991614285064,1.6123048925596646,1.6123188912997777
2026-07-27 11:00:00+00:00,1.612270608491155,1.6124123255260414,1.611791548270596,1.6120347933270716
2026-07-27 12:00:00+00:00,1.6119770877974264,1.612411899056982,1.611665312298591,1.6119704102219181
2026-07-27 13:00:00+00:00,1.6118731697748332,1.612284929664289,1.610383064516124,1.6107265951186656
2026-07-27 14:00:00+00:00,1.6109039943938281,1.6125366517487567,1.610718789407309,1.6112505081371988
2026-07-27 15:00:00+00:00,1.6112178094290108,1.6121767906220152,1.6109881179239942,1.611688184252206
2026-07-27 16:00:00+00:00,1.611755964897519,1.6122603430877849,1.611481471107247,1.611799327354255
2026-07-27 17:00:00+00:00,1.611825048698791,1.6122225805094792,1.611825048698791,1.6119735790315064
2026-07-27 18:00:00+00:00,1.6120110517383996,1.6122589241882266,1.6116074559250428,1.6116074559250428
2026-07-27 19:00:00+00:00,1.611696234485655,1.611696234485655,1.6109366676946317,1.6109366676946317
2026-07-27 20:00:00+00:00,1.6110690554293834,1.611675945532817,1.6110690554293834,1.6114563025092168
2026-07-27 21:00:00+00:00,1.6108462789523812,1.6119832218060355,1.6108135393589225,1.6111266894733836
2026-07-27 22:00:00+00:00,1.6112264071570745,1.6115388391041499,1.6112264071570745,1.6115388391041499
2026-07-27 23:00:00+00:00,1.6116346909009251,1.611925434474627,1.6115934304828903,1.611651847073008
2026-07-28 00:00:00+00:00,1.6117267498947903,1.612930840911637,1.6114966701717435,1.6118019824189944
2026-07-28 01:00:00+00:00,1.611826886680026,1.6124091890830496,1.6108752609530157,1.6115659610262103
2026-07-28 02:00:00+00:00,1.611473272490216,1.6115301573058856,1.6103477737159768,1.6112683555655138
2026-07-28 03:00:00+00:00,1.6113866935709826,1.6138462402110703,1.6111951800476334,1.6136765572804033
2026-07-28 04:00:00+00:00,1.6140400140400082,1.615510043434863,1.6140400140400082,1.615115396508582
2026-07-28 05:00:00+00:00,1.615113222664206,1.6160037145952582,1.61495973352447,1.6156983530933942
2026-07-28 06:00:00+00:00,1.6160208172163948,1.6164106027350948,1.6145233345508638,1.61507863999887
2026-07-28 07:00:00+00:00,1.6151251054259153,1.61567778137173,1.614532123493547,1.6150893522489151
2026-07-28 08:00:00+00:00,1.6152461828304643,1.6159558906267526,1.6150181296905248,1.6151727626568437
2026-07-28 09:00:00+00:00,1.6150614682121474,1.6150614682121474,1.614203778677457,1.614771048744455
2026-07-28 10:00:00+00:00,1.6147266537238625,1.6156389834801395,1.6146054612213836,1.6153445777708946
2026-07-28 11:00:00+00:00,1.6153023759618437,1.6164323807111538,1.6150166711216722,1.6160090033058956
2026-07-28 12:00:00+00:00,1.615675683279172,1.615675683279172,1.6147401565948298,1.615175885049062
2026-07-28 13:00:00+00:00,1.6151953547879088,1.6163335349471764,1.6146906311041105,1.6156895267278522
2026-07-28 14:00:00+00:00,1.6153856964177749,1.6185198728587045,1.6153673205553314,1.6185198728587045
2026-07-28 15:00:00+00:00,1.6181222492512284,1.6185546710174634,1.616604451430009,1.6168666245702603
2026-07-28 16:00:00+00:00,1.6168740967320938,1.617110228819142,1.6164079822616353,1.6164706542790521
2026-07-28 17:00:00+00:00,1.6162686273959477,1.6173739587284135,1.6162686273959477,1.6170649135375785
2026-07-28 18:00:00+00:00,1.6170182880579766,1.6171826712367199,1.616809957293768,1.6168413362928775
2026-07-28 19:00:00+00:00,1.616729877791819,1.617147994156641,1.6166409212189246,1.616957010396173
2026-07-28 20:00:00+00:00,1.6169256272653143,1.6172457883126496,1.6167722719417736,1.6170978121882273
2026-07-28 21:00:00+00:00,1.6179310926495958,1.6193161840199095,1.6178467507274432,1.6187215253951235
2026-07-28 22:00:00+00:00,1.6180302753454057,1.618339076014339,1.6177529100826575,1.6178947516414246
2026-07-28 23:00:00+00:00,1.6179501961501088,1.6179501961501088,1.6169387697754738,1.6176607019861904
2026-07-29 00:00:00+00:00,1.617928707023829,1.6193878699223527,1.6175643764758745,1.6193878699223527
2026-07-29 01:00:00+00:00,1.6194896897065796,1.624883569956809,1.6188762022610887,1.6247830320477485
2026-07-29 02:00:00+00:00,1.6250882195183864,1.625114664333389,1.6232153679196029,1.624844808126405
2026-07-29 03:00:00+00:00,1.6246914276847495,1.6264152008808774,1.6244076497799782,1.6254903620918297
2026-07-29 04:00:00+00:00,1.6257744908472413,1.6269607081844952,1.624517075096579,1.6248307952622616
2026-07-29 05:00:00+00:00,1.6246739513570614,1.6248819208481902,1.6233513696313773,1.623671674606077
2026-07-29 06:00:00+00:00,1.623510017752974,1.623721074438395,1.6229411184534908,1.6235476593344558
2026-07-29 07:00:00+00:00,1.6233943854602817,1.6255395987924215,1.6231009893176187,1.6253968253968196
2026-07-29 08:00:00+00:00,1.6255997064965795,1.6264822134387293,1.625557437200107,1.626245940985452
2026-07-29 09:00:00+00:00,1.6262637672973679,1.626347085493137,1.6257412322810127,1.62609800875582
2026-07-29 10:00:00+00:00,1.62613522407875,1.6261439385380125,1.6252030109166857,1.6252030109166857
2026-07-29 11:00:00+00:00,1.625158866890722,1.625391893800305,1.6242464457652663,1.6242464457652663
2026-07-29 12:00:00+00:00,1.6241564308908598,1.6250530005370663,1.623962157582598,1.623962157582598
2026-07-29 13:00:00+00:00,1.6240186388025923,1.6249029544203322,1.6237627956230085,1.6242717487903564
2026-07-29 14:00:00+00:00,1.6242876488179143,1.6286147008450167,1.6239898455680077,1.6285091382703059
2026-07-29 15:00:00+00:00,1.6285520112135183,1.6285520112135183,1.6271800166904706,1.6275622073531224
2026-07-29 16:00:00+00:00,1.6278138574076375,1.628751415628533,1.6277384658930028,1.6281409168081435
2026-07-29 17:00:00+00:00,1.6279546772664846,1.628473694625839,1.6278132775390124,1.6282850559113276
2026-07-29 18:00:00+00:00,1.6272034268483364,1.6280175515329314,1.6245856043153284,1.6247508352283837
2026-07-29 19:00:00+00:00,1.6247402998483855,1.632887647739127,1.624173974044189,1.6324529473179208
2026-07-29 20:00:00+00:00,1.632250874619112,1.6345158332745553,1.6318372181564307,1.6332097494960258
2026-07-29 21:00:00+00:00,1.633409004385155,1.6346807760141033,1.6322104877257735,1.63400251118039
2026-07-29 22:00:00+00:00,1.6337567495171306,1.6337567495171306,1.632858068697337,1.6333384990349478
2026-07-29 23:00:00+00:00,1.6332671258927383,1.6332671258927383,1.6322112676056284,1.632617699264638
2026-07-30 00:00:00+00:00,1.6323253947016267,1.6331109763492975,1.6310818989176732,1.6318555887492197
2026-07-30 01:00:00+00:00,1.6317866050417744,1.6319846672021818,1.6301051653503345,1.6307336864645499
2026-07-30 02:00:00+00:00,1.6305070422535157,1.6316516541915056,1.6298085046465731,1.6316516541915056
2026-07-30 03:00:00+00:00,1.6315047640525404,1.632155048382086,1.6312088717291082,1.6320480636335375
2026-07-30 04:00:00+00:00,1.63198048285198,1.6324118476727734,1.6317629972221777,1.632341325810996
2026-07-30 05:00:00+00:00,1.6324089485711009,1.6328753209378382,1.6316835591141632,1.632260430477582
2026-07-30 06:00:00+00:00,1.632260430477582,1.6323541860661928,1.6309646315848774,1.6310728887635642
2026-07-30 07:00:00+00:00,1.6308327578674353,1.6308327578674353,1.6289702381790723,1.6304053482271252
2026-07-30 08:00:00+00:00,1.6304387684583108,1.6306585813002346,1.6291796308549968,1.6293745687044883
2026-07-30 09:00:00+00:00,1.6295081043781894,1.6298064061949962,1.6283786632932686,1.6287991677678693
2026-07-30 10:00:00+00:00,1.6287180208040426,1.6297856801775175,1.628277692729029,1.628998946259215
2026-07-30 11:00:00+00:00,1.628896537191818,1.629440197841721,1.627825989271767,1.628125394842128
2026-07-30 12:00:00+00:00,1.628376481159089,1.629497514254411,1.6278913092297274,1.6292632200221975
2026-07-30 13:00:00+00:00,1.6291362812460426,1.629357359721123,1.6263345693696158,1.626552133528872
2026-07-30 14:00:00+00:00,1.6268329469597465,1.627836018307271,1.6256880990303686,1.6268963779880143
2026-07-30 15:00:00+00:00,1.6268176283710913,1.6270996797157944,1.6252285447110164,1.625630070232754
2026-07-30 16:00:00+00:00,1.6255653581997824,1.6255653581997824,1.6248779262814192,1.6254377520126073
2026-07-30 17:00:00+00:00,1.6253121468729452,1.6253906249999945,1.6244154393801855,1.6247751328285096
2026-07-30 18:00:00+00:00,1.624968625373004,1.6257934016879345,1.6247176283570797,1.6257426571085827
2026-07-30 19:00:00+00:00,1.6256747144231922,1.6256747144231922,1.624590461053712,1.6246131110057667
2026-07-30 20:00:00+00:00,1.624609592861121,1.6256140448810927,1.6242975275759592,1.6256140448810927
2026-07-30 21:00:00+00:00,1.6249389435489443,1.6262148123324343,1.6249389435489443,1.6255617899115036
2026-07-30 22:00:00+00:00,1.6250401060193849,1.625134264232003,1.6246826437519126,1.6248936496645556
2026-07-30 23:00:00+00:00,1.6249564210907925,1.6254379475439984,1.624384665802056,1.6250785011513451
2026-07-31 00:00:00+00:00,1.6249162759544484,1.6254065295981412,1.622790139981033,1.6232253925752327
2026-07-31 01:00:00+00:00,1.6229277338575818,1.624488941603288,1.6228703677885234,1.6234141439517595
2026-07-31 02:00:00+00:00,1.6237263057982696,1.6247591387639926,1.623440596131836,1.6234840978550544
2026-07-31 03:00:00+00:00,1.6235363079370784,1.624277375932075,1.6227183924085908,1.6235888419084246
2026-07-31 04:00:00+00:00,1.6233586827600588,1.6235801401021408,1.621936419813355,1.6224469866071378
2026-07-31 05:00:00+00:00,1.622448552493891,1.6224835725944784,1.62158995815899,1.6216163447458283
2026-07-31 06:00:00+00:00,1.6218862450835396,1.6224860977547297,1.6216981000571462,1.6223393133442008
2026-07-31 07:00:00+00:00,1.622473163251075,1.622740963855416,1.621994564081115,1.6225196960189585
2026-07-31 08:00:00+00:00,1.622341834813766,1.6228337007786062,1.6209851598968805,1.6210737357986136
2026-07-31 09:00:00+00:00,1.6208466153482037,1.621632174931662,1.6204599303135834,1.6204964529122305
2026-07-31 10:00:00+00:00,1.6204906607192586,1.62100654014028,1.6202812112428704,1.6208358317180933
2026-07-31 11:00:00+00:00,1.6207762143165882,1.6213951539696896,1.620300280205758,1.6211067348249895
2026-07-31 12:00:00+00:00,1.6211949764608862,1.6233059677486972,1.6210127925814148,1.6231126272229004
2026-07-31 13:00:00+00:00,1.6232889162320452,1.6233501118568177,1.6191328421023146,1.6222701310337047
2026-07-31 14:00:00+00:00,1.6221407173054794,1.6248756218905418,1.6218255634887249,1.6229549388575526
2026-07-31 15:00:00+00:00,1.6229743876055498,1.6245603260566075,1.6224573845788663,1.6245306982651484
2026-07-31 16:00:00+00:00,1.6242410708054715,1.624396236424039,1.6233784349281573,1.6240737898217994
2026-07-31 17:00:00+00:00,1.6240581570575376,1.6242266317373562,1.62330370329088,1.6242178463425119
2026-07-31 18:00:00+00:00,1.6240610933820097,1.6242822899827138,1.6232582766692623,1.6234030399710162
2026-07-31 19:00:00+00:00,1.6233860296677989,1.6238259803238426,1.6227305635999056,1.6238259803238426
2026-07-31 20:00:00+00:00,1.6236900780378989,1.6255756188775028,1.6232073920254153,1.6255756188775028
2026-08-02 21:00:00+00:00,1.625258077116227,1.6279986028641233,1.625258077116227,1.6279986028641233
2026-08-02 22:00:00+00:00,1.6276560100516495,1.6276560100516495,1.6258594480007762,1.6263954007590928
2026-08-02 23:00:00+00:00,1.6265018210233955,1.6265950020940894,1.6256331542593967,1.625866953208943
2026-08-03 00:00:00+00:00,1.6257293615120416,1.6271120226584577,1.6254187604690065,1.626457242582892
2026-08-03 01:00:00+00:00,1.6265011450594824,1.6271972724478052,1.6265011450594824,1.6269639362594304
2026-08-03 02:00:00+00:00,1.627040930440612,1.62814021149219,1.627040930440612,1.6273964174345874
2026-08-03 03:00:00+00:00,1.6272373867322913,1.6277345717003244,1.6270067684734524,1.6276295177352529
2026-08-03 04:00:00+00:00,1.627648712533388,1.627889415614376,1.6273108656131958,1.627889415614376
2026-08-03 05:00:00+00:00,1.6277369201084928,1.6278474640265084,1.6270854875220027,1.6270942499825283
2026-08-03 06:00:00+00:00,1.6271326169882716,1.6278174975165398,1.6266070430407997,1.627693211707421
2026-08-03 07:00:00+00:00,1.6276981184863906,1.6299778606058857,1.6273190251000316,1.6297282151863213
2026-08-03 08:00:00+00:00,1.6298724954462607,1.631271829543696,1.6297308279737077,1.631176627347569
2026-08-03 09:00:00+00:00,1.6312741042002616,1.6325138912274741,1.6310939691444548,1.6323886526017268
2026-08-03 10:00:00+00:00,1.6325209871690434,1.6333665772358814,1.6324677147669797,1.6331081745284948
2026-08-03 11:00:00+00:00,1.6333202269280407,1.6337551438884235,1.6324827092773622,1.6327801702975246
2026-08-03 12:00:00+00:00,1.6329419356648798,1.634418722256555,1.6327100312819955,1.634418722256555
2026-08-03 13:00:00+00:00,1.634642129662143,1.6374934902247757,1.6343895724478856,1.6360005625087841
2026-08-03 14:00:00+00:00,1.6354418630815046,1.6354418630815046,1.6323374489064884,1.6323374489064884
2026-08-03 15:00:00+00:00,1.6322413889981409,1.6322413889981409,1.630912079113341,1.6315360739315405
2026-08-03 16:00:00+00:00,1.6316772716418697,1.631921320688439,1.631049689615455,1.631715746880966
2026-08-03 17:00:00+00:00,1.6318807178290817,1.6323188303929097,1.6317912251609044,1.6320961619569754
2026-08-03 18:00:00+00:00,1.6321383382538965,1.6325033723021534,1.6321383382538965,1.6321666338942054
2026-08-03 19:00:00+00:00,1.6320852761080784,1.6322672172825932,1.6315479032665736,1.6316713483146015
2026-08-03 20:00:00+00:00,1.6316151685393205,1.6316942653688902,1.631099188179438,1.631099188179438
2026-08-03 21:00:00+00:00,1.6318156267565993,1.6320832923522168,1.63115467797657,1.6319064945281825
2026-08-03 22:00:00+00:00,1.6314444210378432,1.63180004495897,1.6313852722650548,1.631506502991652
2026-08-03 23:00:00+00:00,1.631520548330004,1.632037429924264,1.631520548330004,1.6317349705663293
2026-08-04 00:00:00+00:00,1.631769713828123,1.631803688564882,1.630519890549353,1.6308826627343533
2026-08-04 01:00:00+00:00,1.6311161059211863,1.6313904494381974,1.6287159936647602,1.628772480690781
2026-08-04 02:00:00+00:00,1.6289479217775236,1.6292987377279051,1.6276251453549413,1.6277818263355521
2026-08-04 03:00:00+00:00,1.627623210333132,1.6277812027125431,1.626636240182554,1.626952222206654
2026-08-04 04:00:00+00:00,1.6269030911662903,1.627397413805176,1.626675255927285,1.627214790951742
2026-08-04 05:00:00+00:00,1.6272534984381295,1.6273894276584957,1.6266591991038875,1.6269085306065225
2026-08-04 06:00:00+00:00,1.6268384927860995,1.6281544414535618,1.6264233392624494,1.6279118661172267
2026-08-04 07:00:00+00:00,1.627620515695062,1.62770144403826,1.6268416335219265,1.6276039842535077
2026-08-04 08:00:00+00:00,1.6275196458838146,1.6275196458838146,1.6258818589025705,1.6260131871823895
2026-08-04 09:00:00+00:00,1.6260710085680636,1.6262934595404406,1.6250856942987006,1.6250856942987006
2026-08-04 10:00:00+00:00,1.6250227339498267,1.6252133284838939,1.6244985813521133,1.6248968805492197
2026-08-04 11:00:00+00:00,1.6249195916654964,1.6251869661853255,1.6244184584433496,1.6250052426288588
2026-08-04 12:00:00+00:00,1.6251502865930327,1.6255384012977516,1.6244252190806252,1.624582395616372
2026-08-04 13:00:00+00:00,1.6247483502963826,1.6255031868500451,1.6239153823582784,1.6252864568777547
2026-08-04 14:00:00+00:00,1.6253720705990808,1.6253720705990808,1.6244290802430288,1.6246158574062644
2026-08-04 15:00:00+00:00,1.6247869695191748,1.6254034342559296,1.6247293049248988,1.6254034342559296
2026-08-04 16:00:00+00:00,1.6252008326697072,1.6252532733395697,1.623760301718112,1.6240466012907502
2026-08-04 17:00:00+00:00,1.6240118439062494,1.6245077503141967,1.6239107362305838,1.6244972067039054
2026-08-04 18:00:00+00:00,1.6245478288802868,1.6247172182656002,1.624152270380392,1.6243284352716212
2026-08-04 19:00:00+00:00,1.6243005260881045,1.6243318306792596,1.6234846054044956,1.6239220829961158
2026-08-04 20:00:00+00:00,1.623941283994023,1.6242273722984142,1.6236554639434095,1.6239342477987195
2026-08-04 21:00:00+00:00,1.6243613011308062,1.625696840987518,1.6242200912859548,1.624261965579326
2026-08-04 22:00:00+00:00,1.6240528056489711,1.6240544840483384,1.623538929338573,1.623538929338573
2026-08-04 23:00:00+00:00,1.623619015734846,1.6240808182287474,1.6233836883290742,1.6240808182287474
2026-08-05 00:00:00+00:00,1.6240075904505387,1.6246998715729473,1.6229229396676657,1.6246998715729473
2026-08-05 01:00:00+00:00,1.6247120418848118,1.624987781206793,1.6240542728719347,1.6240542728719347
2026-08-05 02:00:00+00:00,1.6242025768806572,1.6252652445834215,1.6238958429271102,1.6242901988140865
2026-08-05 03:00:00+00:00,1.6242239924108153,1.6243007602706234,1.6238410596026442,1.624276408475257
2026-08-05 04:00:00+00:00,1.6240638205882714,1.624192625866658,1.6230769230769182,1.6241909385113218
2026-08-05 05:00:00+00:00,1.6242762469480243,1.6246301981579634,1.624159388341653,1.6242571356825932
2026-08-05 06:00:00+00:00,1.6241699681937343,1.6254237524588055,1.6238268557642648,1.6252458330427455
2026-08-05 07:00:00+00:00,1.6253295208870864,1.6258290629319803,1.624747129483651,1.6247732790133051
2026-08-05 08:00:00+00:00,1.6248186383928522,1.625669717602406,1.6246547443015322,1.6253315464723406
2026-08-05 09:00:00+00:00,1.6252285447110169,1.6259700742560386,1.6250366420525084,1.6252145398730153
2026-08-05 10:00:00+00:00,1.625167448091087,1.6261292079138752,1.625167448091087,1.6260715382682218
2026-08-05 11:00:00+00:00,1.6260207998883178,1.6266216555533808,1.6258007787966287,1.6263337750191733
2026-08-05 12:00:00+00:00,1.6262760082556986,1.6263232033025992,1.625402669121026,1.625683593749995
2026-08-05 13:00:00+00:00,1.6254098017605734,1.626335462634936,1.6240748226307744,1.624243691621353
2026-08-05 14:00:00+00:00,1.6243571338973315,1.6245785146997307,1.623264686634079,1.6245054332683146
2026-08-05 15:00:00+00:00,1.624491558477735,1.62528068731781,1.6237917490737854,1.6252405790633404
2026-08-05 16:00:00+00:00,1.625148164158911,1.6251621451984049,1.6243778666926854,1.624787373469781
2026-08-05 17:00:00+00:00,1.624724646571671,1.624973860673902,1.6241749060019446,1.624253227311335
2026-08-05 18:00:00+00:00,1.6241244377602266,1.6243228564664547,1.6237816764132502,1.623913770053471
2026-08-05 19:00:00+00:00,1.6238164197393292,1.6247735317891636,1.62362476673258,1.6247735317891636
2026-08-05 20:00:00+00:00,1.6248066552401605,1.6248066552401605,1.6243817485196748,1.6247126196547206
2026-08-05 21:00:00+00:00,1.6246829621784282,1.6259150294900888,1.6246132835363258,1.6254479537056359
2026-08-05 22:00:00+00:00,1.6252351686943391,1.6253031189898777,1.6246934908604502,1.6248728630543474
2026-08-05 23:00:00+00:00,1.6248362916933665,1.6254477039927486,1.6248362916933665,1.6253692659272014
2026-08-06 00:00:00+00:00,1.6255052264808316,1.6257927823699097,1.6247266141951615,1.625226430343055
2026-08-06 01:00:00+00:00,1.6251410736927125,1.6256533920631115,1.624768405655773,1.6251445771379953
2026-08-06 02:00:00+00:00,1.6248484932919054,1.625534820843723,1.6246569999860667,1.6251585299569309
2026-08-06 03:00:00+00:00,1.6251254320437019,1.6266434054431218,1.6251254320437019,1.6264476878854643
2026-08-06 04:00:00+00:00,1.6265384722726088,1.62702068849987,1.6263989283023037,1.626438946795592
2026-08-06 05:00:00+00:00,1.6264197806491176,1.627143256073718,1.626309987301317,1.6264947604894817
2026-08-06 06:00:00+00:00,1.6265608214629474,1.6276314870433706,1.6264579496623652,1.62722042229918
2026-08-06 07:00:00+00:00,1.6270736748031012,1.6281474443171293,1.6265862545545877,1.6280005588933866
2026-08-06 08:00:00+00:00,1.6278572626166614,1.6278572626166614,1.626324385443272,1.626324385443272
2026-08-06 09:00:00+00:00,1.6264484963560675,1.6268992291364048,1.6262131177300165,1.6262131177300165
2026-08-06 10:00:00+00:00,1.6262393520457992,1.6268888082004256,1.6262166426945537,1.626471368529814
2026-08-06 11:00:00+00:00,1.6266178914005627,1.6278764338507492,1.6266178914005627,1.6268621291448473
2026-08-06 12:00:00+00:00,1.6266316715296834,1.6273331843075847,1.626516960632336,1.6270904645476727
2026-08-06 13:00:00+00:00,1.627041222568339,1.6280067647839838,1.6269063180827843,1.6271683566580026
2026-08-06 14:00:00+00:00,1.6269584159521835,1.6270705885639218,1.6257820355267525,1.6258064516128987
2026-08-06 15:00:00+00:00,1.6256580692910263,1.6270377677959178,1.62564812097326,1.6270218839200716
2026-08-06 16:00:00+00:00,1.6271271831616614,1.6272994540109154,1.6261205196693984,1.6261205196693984
2026-08-06 17:00:00+00:00,1.626008529679084,1.6262516082116643,1.6258580435907068,1.6260783244550658
2026-08-06 18:00:00+00:00,1.6260188745193944,1.6262846595914213,1.6256953568333614,1.6261359505634272
2026-08-06 19:00:00+00:00,1.6260083040919275,1.6263985231595393,1.625663964215819,1.6260887801467974
2026-08-06 20:00:00+00:00,1.6260101221933239,1.6265980361988375,1.6258948545861254,1.6265872349946815
2026-08-06 21:00:00+00:00,1.6278236529041243,1.6278236529041243,1.626187046335012,1.6270377677959182
2026-08-06 22:00:00+00:00,1.6267257899816712,1.626802825767639,1.626382847792334,1.6267923842032326
2026-08-06 23:00:00+00:00,1.6267625335720637,1.6268305987998781,1.626200629150642,1.6263458150395658
2026-08-07 00:00:00+00:00,1.626473673169704,1.6272739994402412,1.62619723430137,1.6266754344237015
2026-08-07 01:00:00+00:00,1.6266508114157758,1.6276137158852297,1.6264652398936865,1.6270252119651856
2026-08-07 02:00:00+00:00,1.6270373116579644,1.6282605956231309,1.6268763202439698,1.6280818177999867
2026-08-07 03:00:00+00:00,1.628099404970244,1.6282185911706593,1.6277595016448472,1.6280830930317152
2026-08-07 04:00:00+00:00,1.6280095184770391,1.6281446430821305,1.6271983210912861,1.6278060796058846
2026-08-07 05:00:00+00:00,1.6277693028984035,1.6278727990370303,1.6270299758011455,1.627205439968654
2026-08-07 06:00:00+00:00,1.6273837672967366,1.6273837672967366,1.6259769311429524,1.626116867318255
2026-08-07 07:00:00+00:00,1.6260364958400289,1.6261920076064715,1.6254420912839822,1.62560453999049
2026-08-07 08:00:00+00:00,1.6255783073589998,1.6256324955969876,1.6249231285290948,1.6253808099723248
2026-08-07 09:00:00+00:00,1.6255030743432042,1.6256671044175541,1.6249319238664401,1.625309029960188
2026-08-07 10:00:00+00:00,1.625309029960188,1.6261897773491505,1.6250226958477028,1.6260744384966899
2026-08-07 11:00:00+00:00,1.6259187837120213,1.6262315701208818,1.62564955020394,1.6259358587551629
2026-08-07 12:00:00+00:00,1.6260527087610464,1.626342771732293,1.6239593033760917,1.6252609022347098
2026-08-07 13:00:00+00:00,1.625064344245185,1.6256525915716447,1.6245684855233802,1.6249965174267915
2026-08-07 14:00:00+00:00,1.6247771339424957,1.6249721386381322,1.6232799521377939,1.624319166422885
2026-08-07 15:00:00+00:00,1.6243297073693839,1.6249756206291226,1.6241767728101766,1.6244064775749432
2026-08-07 16:00:00+00:00,1.624328162856104,1.6247041461309226,1.6239194888712527,1.6239194888712527
2026-08-07 17:00:00+00:00,1.623992426668147,1.6240118026945722,1.6236397539728877,1.6238501468193722
2026-08-07 18:00:00+00:00,1.6238639368675927,1.6242311224915758,1.6237612738002403,1.6240330569313768
2026-08-07 19:00:00+00:00,1.6240017807952318,1.6240017807952318,1.6232617643786804,1.6233394076814953
2026-08-07 20:00:00+00:00,1.623306346159192,1.6242394709362986,1.623289005119069,1.6236042658647238
2026-08-09 21:00:00+00:00,1.6236042658647238,1.6242948476870955,1.6220051757241787,1.6222117083895697
2026-08-09 22:00:00+00:00,1.6215547211792476,1.6215547211792476,1.6209265775601833,1.621353144955962
2026-08-09 23:00:00+00:00,1.6214366208940225,1.6220666425409855,1.6212513214265798,1.6220666425409855
2026-08-10 00:00:00+00:00,1.6219698867273338,1.6225779510022225,1.6208114346097118,1.6224424463435636
2026-08-10 01:00:00+00:00,1.6226822206136151,1.6227770892227946,1.6213978599357097,1.6213978599357097
2026-08-10 02:00:00+00:00,1.6214343361255619,1.6218729553269344,1.6211722804234965,1.6217634612172127
2026-08-10 03:00:00+00:00,1.6218744779194694,1.6223122771835958,1.6216882230915906,1.6218982371125354
2026-08-10 04:00:00+00:00,1.6218722586574161,1.6224076214883587,1.6217619465207838,1.621839848535467
2026-08-10 05:00:00+00:00,1.6218744779194694,1.6218744779194694,1.6205223050394884,1.6205223050394884
2026-08-10 06:00:00+00:00,1.6205429159481513,1.6212125427784372,1.6203520872152797,1.620987036109715
2026-08-10 07:00:00+00:00,1.6209486715815782,1.6215667459357177,1.620805182528424,1.6209422919186398
2026-08-10 08:00:00+00:00,1.620933659567364,1.621313868613134,1.6206168086614454,1.62112258943592
2026-08-10 09:00:00+00:00,1.6211845197535795,1.621885564041563,1.6211628294961575,1.6217250351323858
2026-08-10 10:00:00+00:00,1.6217874685182299,1.622023685272543,1.6209126691609015,1.6209836704036449
2026-08-10 11:00:00+00:00,1.6209683027580304,1.6214109754909418,1.6208555852247388,1.6213557104885907
2026-08-10 12:00:00+00:00,1.621391788448151,1.622410742892162,1.621391788448151,1.6220993397776928
2026-08-10 13:00:00+00:00,1.6220247628863058,1.6229053781114577,1.6218068362258637,1.6218068362258637
2026-08-10 14:00:00+00:00,1.6218105849582125,1.6218105849582125,1.6209823292055052,1.6214354306709486
2026-08-10 15:00:00+00:00,1.6214508406636186,1.6214508406636186,1.6205625417315774,1.620852289327596
2026-08-10 16:00:00+00:00,1.6208369271862166,1.6214000361910281,1.620730434782604,1.6211735226560824
2026-08-10 17:00:00+00:00,1.6211960909875502,1.6219891057522138,1.6211553723841172,1.6219661715941656
2026-08-10 18:00:00+00:00,1.6218445249373041,1.6220011702750095,1.621401813193695,1.6214845872045196
2026-08-10 19:00:00+00:00,1.6215120571723058,1.6218841003775957,1.6213659854848324,1.6218389042928154
2026-08-10 20:00:00+00:00,1.6218878439568045,1.622246066805084,1.6217869233877094,1.6219865667066082
2026-08-10 21:00:00+00:00,1.621993701752914,1.6228006580598333,1.6217568207786366,1.622563916692219
2026-08-10 22:00:00+00:00,1.6226341463414578,1.622656761766709,1.62223925311781,1.6222810562251748
2026-08-10 23:00:00+00:00,1.6220689655172358,1.6230538713499147,1.6220271682340592,1.6228502940602563
2026-08-11 00:00:00+00:00,1.622792959768108,1.6229393977397777,1.6224435775982118,1.6227963822344809
2026-08-11 01:00:00+00:00,1.6228623991303204,1.6233615929499638,1.621630652706611,1.6221408073997665
2026-08-11 02:00:00+00:00,1.6221928113680637,1.6223706037330754,1.6216972854018923,1.6223706037330754
2026-08-11 03:00:00+00:00,1.6222559828285452,1.6222559828285452,1.6215580038163109,1.6218757836662991
2026-08-11 04:00:00+00:00,1.621915708812256,1.6248342105630509,1.6212855432088396,1.623513004671914
2026-08-11 05:00:00+00:00,1.623681861295537,1.6250401373745216,1.6217880831614686,1.62221262125097
2026-08-11 06:00:00+00:00,1.622219744690334,1.6222931801385947,1.6215433053314896,1.6222290382845779
2026-08-11 07:00:00+00:00,1.6223823996876954,1.6228760358248882,1.6216619278586113,1.6226265050155508
2026-08-11 08:00:00+00:00,1.6225951812943766,1.6225951812943766,1.6216400847646615,1.6221175027186745
2026-08-11 09:00:00+00:00,1.622265292747879,1.622265292747879,1.621229221530182,1.621239776511399
2026-08-11 10:00:00+00:00,1.6211177527901963,1.6212720887451864,1.6200548647180821,1.6201264342207813
2026-08-11 11:00:00+00:00,1.6201239468003568,1.6203866187571325,1.6194112900982063,1.6202531645569571
2026-08-11 12:00:00+00:00,1.6202459370256335,1.620379133726751,1.6196412917947882,1.620244707061422
2026-08-11 13:00:00+00:00,1.6201848140725845,1.6203250222617938,1.619710080409555,1.6198678260869515
2026-08-11 14:00:00+00:00,1.6194716120146309,1.6204256622263007,1.61906749012407,1.6204256622263007
2026-08-11 15:00:00+00:00,1.6204242407371268,1.62133920361133,1.6204031068177343,1.6210540973334213
2026-08-11 16:00:00+00:00,1.6210156935373767,1.621072860962562,1.6203967977723583,1.6204764755844503
2026-08-11 17:00:00+00:00,1.6203218979728173,1.6208736106081238,1.620303578888729,1.6208544008468742
2026-08-11 18:00:00+00:00,1.6208630488076619,1.621887497039024,1.620845753126997,1.6212703719180892
2026-08-11 19:00:00+00:00,1.6212583399495721,1.6214567285592854,1.6208557862344517,1.6210853188141372
2026-08-11 20:00:00+00:00,1.6211078928312763,1.6211237206711633,1.6207247103386757,1.6210066011196784
2026-08-11 21:00:00+00:00,1.6216592815539335,1.6223340489001592,1.6206901353534175,1.6215048969754327
2026-08-11 22:00:00+00:00,1.6209153056820185,1.6212606540025576,1.6203819705448317,1.6205854921558474
2026-08-11 23:00:00+00:00,1.6206358928670808,1.6207851872476622,1.6202447070614217,1.6206358928670808
2026-08-12 00:00:00+00:00,1.6205749286559419,1.6205922069243888,1.6196697135384004,1.620048436934549
2026-08-12 01:00:00+00:00,1.6201745715757332,1.621337308940932,1.6198218262806183,1.6209951523931523
2026-08-12 02:00:00+00:00,1.6212363980884121,1.621679627616574,1.6209255028695544,1.6211585077038755
2026-08-12 03:00:00+00:00,1.621167161226503,1.6213990048919122,1.6208001337270799,1.6210341512352076
2026-08-12 04:00:00+00:00,1.621183618299118,1.6214148340162162,1.6208270634787885,1.6212254225715146
2026-08-12 05:00:00+00:00,1.6212547729869788,1.6212927862637923,1.6201791161190524,1.6201791161190524
2026-08-12 06:00:00+00:00,1.620037043742248,1.6210981047937516,1.620037043742248,1.6206075293527713
2026-08-12 07:00:00+00:00,1.6203194407697712,1.6213896590639882,1.6202306021277726,1.6211460495701913
2026-08-12 08:00:00+00:00,1.6210067291750787,1.6214179239631599,1.620596960875797,1.6206978201824584
2026-08-12 09:00:00+00:00,1.62061473754578,1.62061473754578,1.6192934366694904,1.61941680005567
2026-08-12 10:00:00+00:00,1.6191980626574385,1.6194877505567875,1.6186567994658307,1.6190694890957877
2026-08-12 11:00:00+00:00,1.618901166188867,1.6193624721603515,1.6188078180427017,1.6190946387594685
2026-08-12 12:00:00+00:00,1.6191323940527627,1.6193032473402351,1.6171523730224762,1.6173920281912844
2026-08-12 13:00:00+00:00,1.6174348586175267,1.617974251072866,1.6166941850623617,1.6171559442015355
2026-08-12 14:00:00+00:00,1.6170897935954862,1.6190005980278932,1.616712458024583,1.6185663042571476
2026-08-12 15:00:00+00:00,1.6188111927013746,1.6191138624191357,1.617683028517422,1.6188085070869154
2026-08-12 16:00:00+00:00,1.6184450223192504,1.6187176490232038,1.6183816878870052,1.6185736360725522
2026-08-12 17:00:00+00:00,1.6185067646567508,1.6185855492134151,1.6180602938104798,1.6180602938104798
2026-08-12 18:00:00+00:00,1.6180058487675761,1.6181387902832827,1.617697833713867,1.618004595140285
2026-08-12 19:00:00+00:00,1.6179324747650485,1.618367176401766,1.6177350873529563,1.6177350873529563
2026-08-12 20:00:00+00:00,1.6177821704994655,1.6183952215863942,1.6177821704994655,1.6180516876462017
2026-08-12 21:00:00+00:00,1.6189845905202387,1.6192572981258224,1.618672869599126,1.619038994692036
2026-08-12 22:00:00+00:00,1.618313702558957,1.6186033558448747,1.618251426980366,1.618370131135669
2026-08-12 23:00:00+00:00,1.6184205031113792,1.6184987192337634,1.6181170313456894,1.6182754541025777
2026-08-13 00:00:00+00:00,1.6183470660282777,1.6190661857880841,1.617929844578326,1.6189607641112707
2026-08-13 01:00:00+00:00,1.6189382231318614,1.6197553908731224,1.6189309235717524,1.6195087289091952
2026-08-13 02:00:00+00:00,1.6195783929890029,1.6201823860784157,1.6195193312434648,1.6198893179251947
2026-08-13 03:00:00+00:00,1.6199604081860213,1.6210855221861051,1.6198176596871732,1.6210855221861051
2026-08-13 04:00:00+00:00,1.621052337908711,1.6213387661694276,1.6207757430368581,1.621251847926134
2026-08-13 05:00:00+00:00,1.62129178928576,1.6216253923962283,1.6207353289739646,1.6210811112350731
2026-08-13 06:00:00+00:00,1.6209440145018439,1.6209440145018439,1.6200995774235343,1.620276999037612
2026-08-13 07:00:00+00:00,1.6203015383757053,1.6214342507218642,1.6200722343852365,1.6213596295469717
2026-08-13 08:00:00+00:00,1.6213562442466973,1.6217283330542962,1.6212340995313501,1.6212721439531277
2026-08-13 09:00:00+00:00,1.6211470333900484,1.6215481171548074,1.6202602178697754,1.6205301795589688
2026-08-13 10:00:00+00:00,1.6207333723424964,1.621637443202404,1.6207333723424964,1.62144798271897
2026-08-13 11:00:00+00:00,1.6215297134574602,1.621933199509308,1.6214216027874522,1.6216039142980567
2026-08-13 12:00:00+00:00,1.6217135528480173,1.6220257189879732,1.620188624047472,1.620251050683288
2026-08-13 13:00:00+00:00,1.620524029626325,1.6207194404970837,1.6196977287909113,1.6207194404970837
2026-08-13 14:00:00+00:00,1.620538387622372,1.620538387622372,1.6195491860303282,1.6203047804606452
2026-08-13 15:00:00+00:00,1.6202649670182823,1.6207545067008398,1.6200863630031996,1.620172750069653
2026-08-13 16:00:00+00:00,1.6200234028919245,1.6203695961200728,1.6193984124773666,1.6194640967076999
2026-08-13 17:00:00+00:00,1.619462741439091,1.619890210939891,1.6192479108635056,1.619890210939891
2026-08-13 18:00:00+00:00,1.6199598740490941,1.6201501790167274,1.6198058144232195,1.6198682139225122
2026-08-13 19:00:00+00:00,1.6199153014599308,1.6200560052382966,1.6192465705730754,1.6192850279220647
2026-08-13 20:00:00+00:00,1.6192419094301742,1.619425642739752,1.6191059740983107,1.6193785601871802
2026-08-13 21:00:00+00:00,1.6198007385215591,1.6212987230245874,1.6198007385215591,1.6207862428406152
2026-08-13 22:00:00+00:00,1.6200701871657717,1.620193579834269,1.6196488981080555,1.6197251729850848
2026-08-13 23:00:00+00:00,1.6196614510830183,1.6200712853642194,1.6195732360842352,1.6197436004509917
2026-08-14 00:00:00+00:00,1.6196500897740989,1.620852420668621,1.619416692177103,1.6207899976330655
2026-08-14 01:00:00+00:00,1.6207376672560903,1.62126699353688,1.6203074523782959,1.6212296418072598
2026-08-14 02:00:00+00:00,1.6209590929983104,1.6215256008359418,1.6209590929983104,1.6213704508722018
2026-08-14 03:00:00+00:00,1.6215060056294017,1.6216035448541044,1.6206819732390207,1.620713181748558
2026-08-14 04:00:00+00:00,1.6207669600089074,1.6209657208097752,1.6204318589984505,1.62064261053569
2026-08-14 05:00:00+00:00,1.6205576513495787,1.6208720833101253,1.6198564393623194,1.6198564393623194
2026-08-14 06:00:00+00:00,1.6200664987966178,1.6204813407385712,1.6198027514640587,1.6200915274512762
2026-08-14 07:00:00+00:00,1.6202253442759729,1.6205812384357436,1.61983540010009,1.620102877797855
2026-08-14 08:00:00+00:00,1.6202496455477982,1.620746241673268,1.6199788730436677,1.620648910142344
2026-08-14 09:00:00+00:00,1.6205520960747206,1.6205865999443942,1.6197968061597434,1.6199694274596954
2026-08-14 10:00:00+00:00,1.6199118918242796,1.6201845572294136,1.6195490601947637,1.6199819356631655
2026-08-14 11:00:00+00:00,1.6200222314853365,1.6207389716602525,1.6198880757640939,1.62015051792607
2026-08-14 12:00:00+00:00,1.6203382299852782,1.6207203077905983,1.619644418536866,1.6202788269273452
2026-08-14 13:00:00+00:00,1.6201280217720286,1.6204945428321762,1.6197540801598713,1.6199872427755235
2026-08-14 14:00:00+00:00,1.6201641753792353,1.6209073251942245,1.6196087673815653,1.6199495299631135
2026-08-14 15:00:00+00:00,1.619839179259666,1.6205337328007057,1.6194772437496494,1.620158371354473
2026-08-14 16:00:00+00:00,1.620034111235904,1.6205192966874322,1.619848577292136,1.6203120228742707
2026-08-14 17:00:00+00:00,1.6203861797082093,1.6204090700806715,1.619890592024876,1.6201121972894865
2026-08-14 18:00:00+00:00,1.6202194139702775,1.620404705359494,1.6199466903598352,1.619984450059696
2026-08-14 19:00:00+00:00,1.6199380839337483,1.6202013189864586,1.6197720742355008,1.6198698108231855
2026-08-14 20:00:00+00:00,1.61991810673884,1.6205848050649743,1.6198625858838183,1.620071634828961
2026-08-16 21:00:00+00:00,1.620071634828961,1.6222772070782143,1.619914213134548,1.6222772070782143
2026-08-16 22:00:00+00:00,1.6215262828970165,1.6217743951556853,1.6211809798911188,1.621701531072579
2026-08-16 23:00:00+00:00,1.6216460071348213,1.6222589470468103,1.6214989590562066,1.6222382691533193
2026-08-17 00:00:00+00:00,1.6219026333689583,1.6219397102092885,1.6208914653426854,1.6215057641885002
2026-08-17 01:00:00+00:00,1.621429661381382,1.6220507411314007,1.6207078198427947,1.621019064124779
2026-08-17 02:00:00+00:00,1.6209516415261713,1.6216077473777635,1.6209516415261713,1.6215177580466105
2026-08-17 03:00:00+00:00,1.6213535670194572,1.6214971422229576,1.6200842502009207,1.6201568649187914
2026-08-17 04:00:00+00:00,1.6200909065713214,1.6201549313340957,1.6195092228438441,1.6200676125027667
2026-08-17 05:00:00+00:00,1.6201507426291244,1.6201507426291244,1.6174644225317003,1.6179257681187444
2026-08-17 06:00:00+00:00,1.6177475346804375,1.618239690008299,1.6169627808018523,1.6169627808018523
2026-08-17 07:00:00+00:00,1.6173288191805388,1.6191061684050516,1.6168416689693237,1.6188041510633255
2026-08-17 08:00:00+00:00,1.6192463992480535,1.6196038317459835,1.6177608845888,1.6178604496897455
2026-08-17 09:00:00+00:00,1.6177303690602802,1.6179405666896984,1.616251294442522,1.6163108619403972
2026-08-17 10:00:00+00:00,1.6163375224416472,1.6163407358302904,1.6155789996962038,1.615694831920002
2026-08-17 11:00:00+00:00,1.6155832677355604,1.6159435304518346,1.6150787075393491,1.6158233441970897
2026-08-17 12:00:00+00:00,1.6159869629465906,1.6176360795807998,1.615921112599606,1.6172923085425288
2026-08-17 13:00:00+00:00,1.6172082228116667,1.6189948928042475,1.6172082228116667,1.618300237845009
2026-08-17 14:00:00+00:00,1.618023673875763,1.6184661762265569,1.6166293563275527,1.618035667344591
2026-08-17 15:00:00+00:00,1.6179994465965641,1.618471117260459,1.6175811405329081,1.6183802777931446
2026-08-17 16:00:00+00:00,1.6183005450872927,1.618310365819908,1.617926550937128,1.6182208079690048
2026-08-17 17:00:00+00:00,1.6181898674635409,1.6186353814615722,1.6180552672727477,1.6182832927099444
2026-08-17 18:00:00+00:00,1.6182120351776148,1.618515850144088,1.6180357390220206,1.6182961803294544
2026-08-17 19:00:00+00:00,1.6184327200177298,1.6186122539445023,1.6182701894317006,1.6185187236871215
2026-08-17 20:00:00+00:00,1.6185846835618292,1.6188398570597478,1.6184026479427156,1.6185701227112774
2026-08-17 21:00:00+00:00,1.6189526184538607,1.6192343397115219,1.6182437578762192,1.619056195965413
2026-08-17 22:00:00+00:00,1.618837869658559,1.6190001246727288,1.6184099375441365,1.6184461985874485
2026-08-17 23:00:00+00:00,1.6185978227749875,1.6186968681638145,1.6183948155533348,1.6184536581989295
2026-08-18 00:00:00+00:00,1.6184022923270671,1.6185835317570139,1.6177085207378963,1.618201951692154
2026-08-18 01:00:00+00:00,1.6181380284029518,1.6183520028800442,1.6176120641947933,1.6183520028800442
2026-08-18 02:00:00+00:00,1.618299893379854,1.6183089813724763,1.6173401605314095,1.6174805917274355
2026-08-18 03:00:00+00:00,1.6174903469559996,1.6185599866973317,1.6173519520600035,1.6183931614458453
2026-08-18 04:00:00+00:00,1.618409021639739,1.6189895349643033,1.6181674587449553,1.6186820040191208
2026-08-18 05:00:00+00:00,1.6187334543791274,1.619530253452383,1.6187334543791274,1.618903748873947
2026-08-18 06:00:00+00:00,1.6188826211694873,1.6194940641295859,1.618503838798188,1.6186892833880686
2026-08-18 07:00:00+00:00,1.6188173011627376,1.6191796008869133,1.6184195943699389,1.6185798406650458
2026-08-18 08:00:00+00:00,1.618366724859363,1.6188186718024702,1.6181384909529175,1.6185845488924857
2026-08-18 09:00:00+00:00,1.6184513090455694,1.6187579670786407,1.6176482801577916,1.6177899588887454
2026-08-18 10:00:00+00:00,1.617536332179926,1.6179891981719938,1.617536332179926,1.617934586945078
2026-08-18 11:00:00+00:00,1.6179016021158408,1.6180649807495175,1.6170934256055318,1.617152900797161
2026-08-18 12:00:00+00:00,1.617121107266431,1.617121107266431,1.6165875531075664,1.616758926100189
2026-08-18 13:00:00+00:00,1.6167683728396038,1.6174643366125618,1.616186329393872,1.6167305218606018
2026-08-18 14:00:00+00:00,1.6169453549645194,1.6205137446802564,1.6169453549645194,1.6203268598993592
2026-08-18 15:00:00+00:00,1.6202284256923414,1.620969866736922,1.619941535861233,1.6207513416815693
2026-08-18 16:00:00+00:00,1.6206447140381237,1.6222228389836342,1.6206447140381237,1.6215852491085876
2026-08-18 17:00:00+00:00,1.6216977466977422,1.6224520966398175,1.6215859886754702,1.6224520966398175
2026-08-18 18:00:00+00:00,1.6225021177320087,1.6233156447086885,1.6225021177320087,1.622831506868337
2026-08-18 19:00:00+00:00,1.622928502965726,1.6229389784834165,1.6225301656507263,1.6227515799708265
2026-08-18 20:00:00+00:00,1.62268553887183,1.622820544881141,1.6223181925485632,1.6223181925485632
2026-08-18 21:00:00+00:00,1.6224219108067897,1.6238618829841902,1.6221444541654466,1.6230237016866225
2026-08-18 22:00:00+00:00,1.622385779752808,1.6229772338977357,1.622385779752808,1.6229442160239986
2026-08-18 23:00:00+00:00,1.6229426226092711,1.6235774730084582,1.6229426226092711,1.6235079967207153
2026-08-19 00:00:00+00:00,1.6238742494996623,1.6248157111463422,1.62307831183079,1.6248157111463422
2026-08-19 01:00:00+00:00,1.624440303696077,1.6254644641440599,1.6239921036534464,1.6248800634099494
2026-08-19 02:00:00+00:00,1.6246906370790537,1.62559959957176,1.6242812300341634,1.6249027021016305
2026-08-19 03:00:00+00:00,1.6250816641414452,1.626142481532486,1.6250816641414452,1.626142481532486
2026-08-19 04:00:00+00:00,1.626095423563774,1.6278279755523646,1.626095423563774,1.6267545873154947
2026-08-19 05:00:00+00:00,1.6268031772086704,1.6281705042180543,1.6266082481396438,1.6280047324100455
2026-08-19 06:00:00+00:00,1.6279487286543317,1.6286473624890383,1.6274051829607346,1.6276896115275976
2026-08-19 07:00:00+00:00,1.62732556522706,1.628882765531058,1.6271219430811754,1.6287101846569123
2026-08-19 08:00:00+00:00,1.6287642638463637,1.6289734454155724,1.6271106355184306,1.6273929182132834
2026-08-19 09:00:00+00:00,1.6274261720705145,1.6281687791861201,1.6267750451577003,1.628153275236622
2026-08-19 10:00:00+00:00,1.628127432447455,1.6290894428764053,1.628127432447455,1.6288916389727004
2026-08-19 11:00:00+00:00,1.6289436727429427,1.629433783727366,1.6286306188562727,1.6288388783798782
2026-08-19 12:00:00+00:00,1.6290737623968912,1.6290737623968912,1.6273253152440759,1.6277184082498193
2026-08-19 13:00:00+00:00,1.6274105064834272,1.6274105064834272,1.6248583354064694,1.6262735177428453
2026-08-19 14:00:00+00:00,1.626392767286899,1.6274677874246488,1.6255059889753078,1.6268138975648816
2026-08-19 15:00:00+00:00,1.6269401406990682,1.6269626271561215,1.6256129058990858,1.6265458112832092
2026-08-19 16:00:00+00:00,1.6264747326831115,1.6269699857732802,1.6261048502927813,1.6269341290892976
2026-08-19 17:00:00+00:00,1.626702206999416,1.6278632289476556,1.6266000193314054,1.6277805444887077
2026-08-19 18:00:00+00:00,1.6276448623980044,1.628237213611157,1.627469127275737,1.6277598165188276
2026-08-19 19:00:00+00:00,1.6275243804735158,1.6278799933697954,1.6270179945035934,1.6278799933697954
2026-08-19 20:00:00+00:00,1.6279561277489183,1.6280775926386428,1.627625927102464,1.627625927102464
2026-08-19 21:00:00+00:00,1.628579721362225,1.6295789255341173,1.6279355694313933,1.6284324428905033
2026-08-19 22:00:00+00:00,1.628197690480133,1.6283965795908177,1.6274842897589907,1.6277922831447595
2026-08-19 23:00:00+00:00,1.6277042522034606,1.628027801191081,1.6271713015382023,1.628027801191081
2026-08-20 00:00:00+00:00,1.6282678383905336,1.6296280928868747,1.6277855297514567,1.6293422945016
2026-08-20 01:00:00+00:00,1.6291810124306867,1.6323908166938947,1.6282012321463062,1.6301337649223238
2026-08-20 02:00:00+00:00,1.6300835500470274,1.6306772577564927,1.6297868222412655,1.6300928295726478
2026-08-20 03:00:00+00:00,1.6301692054400267,1.6303875582859393,1.6293577728014113,1.6295430980852934
2026-08-20 04:00:00+00:00,1.6294719380702198,1.6302035056652282,1.6286803818892701,1.6298750709038294
2026-08-20 05:00:00+00:00,1.6299114554510195,1.630055325034574,1.6295020746887925,1.6300420516792966
2026-08-20 06:00:00+00:00,1.6301265647693435,1.6302285050348524,1.629494910378398,1.629988392659735
2026-08-20 07:00:00+00:00,1.6300150641955815,1.6304224651400574,1.6293260725342726,1.6304125563016343
2026-08-20 08:00:00+00:00,1.6305498362513258,1.6312502590601945,1.6298537151381998,1.6310925066312956
2026-08-20 09:00:00+00:00,1.6311462952984859,1.6315527813069617,1.6306940533377465,1.6312388684090584
2026-08-20 10:00:00+00:00,1.631294790185163,1.6314074237737475,1.6305424837503237,1.6310655465900257
2026-08-20 11:00:00+00:00,1.630955012711392,1.632564063516671,1.6309099450109108,1.632564063516671
2026-08-20 12:00:00+00:00,1.6326383697427762,1.6334011937900716,1.631177813126768,1.6313562251939495
2026-08-20 13:00:00+00:00,1.6312580364179312,1.6313017514272639,1.6291035702442758,1.6296209219024393
2026-08-20 14:00:00+00:00,1.628968720195719,1.6297146650807,1.6287878787878745,1.6295850955026634
2026-08-20 15:00:00+00:00,1.629360384764217,1.6299078608782227,1.628524870881317,1.6294289229578183
2026-08-20 16:00:00+00:00,1.6295139080904677,1.6303225717171956,1.6295139080904677,1.630150823301504
2026-08-20 17:00:00+00:00,1.6301610582244812,1.630454941800109,1.6301534799396555,1.6304122213458383
2026-08-20 18:00:00+00:00,1.630467571644038,1.6313952522090758,1.630467571644038,1.6309357396924653
2026-08-20 19:00:00+00:00,1.6308912480795006,1.6311753387871446,1.6306402291375477,1.6308011623080074
2026-08-20 20:00:00+00:00,1.6309395323093911,1.6309395323093911,1.6306366139498802,1.6309103740296358
2026-08-20 21:00:00+00:00,1.6310588235294075,1.6321183248393487,1.6309911007155369,1.6315658313720018
2026-08-20 22:00:00+00:00,1.6309446389284732,1.631382316313819,1.6307447617730404,1.6310154510118504
2026-08-20 23:00:00+00:00,1.630876474737551,1.6311385857915293,1.630588658169045,1.6307894373012537
2026-08-21 00:00:00+00:00,1.6302920565591743,1.6303145905899223,1.6292207792207751,1.6296178564024557
2026-08-21 01:00:00+00:00,1.6296572692095037,1.6297975260866517,1.6277558566264685,1.6278007726269272
2026-08-21 02:00:00+00:00,1.627878419956121,1.627878419956121,1.6269602844307212,1.6273247397807913
2026-08-21 03:00:00+00:00,1.6273298775780258,1.6273607013867788,1.626297148684587,1.6266194387783188
2026-08-21 04:00:00+00:00,1.626692029884483,1.627044094531612,1.626347272376433,1.6266247639526348
2026-08-21 05:00:00+00:00,1.626849209303604,1.6268887173265647,1.626175947989693,1.6263586395007603
2026-08-21 06:00:00+00:00,1.6264724928011423,1.6264724928011423,1.6254062241806624,1.6262914290437185
2026-08-21 07:00:00+00:00,1.6260536609553151,1.6261190535217434,1.6239211529725892,1.6240330350997891
2026-08-21 08:00:00+00:00,1.6242068025712633,1.6243787601360147,1.6226588927697216,1.6236599043377824
2026-08-21 09:00:00+00:00,1.623682221153181,1.6243949394939454,1.6232122985615915,1.6235391172830975
2026-08-21 10:00:00+00:00,1.6231836240909487,1.623921288407625,1.623060324092523,1.623644087603279
2026-08-21 11:00:00+00:00,1.6236715839256457,1.6237763968323762,1.6218366169318235,1.6225199230557803
2026-08-21 12:00:00+00:00,1.622292127422829,1.622292127422829,1.6205233875952978,1.6206593406593366
2026-08-21 13:00:00+00:00,1.6203273915790009,1.620541357515797,1.618274404304377,1.618550191486729
2026-08-21 14:00:00+00:00,1.618702368692066,1.6191071772176213,1.6177548918640536,1.6186916915128908
2026-08-21 15:00:00+00:00,1.6186864523220623,1.6186864523220623,1.6168365317348143,1.617479217536828
2026-08-21 16:00:00+00:00,1.6174949589168832,1.6184103978808924,1.617397745041556,1.6179614914844813
2026-08-21 17:00:00+00:00,1.6177269733230828,1.617862191055177,1.616649523417674,1.6166515812282247
2026-08-21 18:00:00+00:00,1.6166504395046788,1.616975465255012,1.616424458459003,1.6168392183750386
2026-08-21 19:00:00+00:00,1.6167158039081209,1.6175284044129714,1.616693634643333,1.617502161353621
2026-08-21 20:00:00+00:00,1.6175974088357559,1.6178505725033594,1.6172741244922562,1.6178505725033594
2026-08-23 21:00:00+00:00,1.631213501355165,1.6313855354348314,1.629714413332961,1.629714413332961
2026-08-23 22:00:00+00:00,1.6288695749222248,1.6293531644156716,1.6284064600708488,1.6286092899986053
2026-08-23 23:00:00+00:00,1.6285690374234585,1.629126321957753,1.6285690374234585,1.6289897510980968
2026-08-24 00:00:00+00:00,1.6291204194322046,1.6297510286630867,1.6283811089898133,1.6283811089898133
2026-08-24 01:00:00+00:00,1.6285065287977818,1.6298704923523502,1.6281863667405332,1.6297923991294156
2026-08-24 02:00:00+00:00,1.6300586101032652,1.6304460110281285,1.629319722198979,1.6302752037512562
2026-08-24 03:00:00+00:00,1.6302788399810202,1.6306178010471202,1.6300410259272697,1.6303234181544088
2026-08-24 04:00:00+00:00,1.6301450165394225,1.6303865320993345,1.6296859522580465,1.6300544160736712
2026-08-24 05:00:00+00:00,1.6300565129421614,1.6300565129421614,1.628950818757497,1.6292700617929725
2026-08-24 06:00:00+00:00,1.6293470224726936,1.6299419253964709,1.6286849811741737,1.6289791591105656
2026-08-24 07:00:00+00:00,1.628994239647405,1.6294662795891024,1.628250401284109,1.6285873813512004
2026-08-24 08:00:00+00:00,1.628708240845444,1.6290336099237281,1.6283847914689296,1.6288563328352161
2026-08-24 09:00:00+00:00,1.6287685196821804,1.6290953272072173,1.628186158184204,1.6283049948348551
2026-08-24 10:00:00+00:00,1.6282137174441003,1.6292541232002458,1.6281108242026658,1.6291325055519086
2026-08-24 11:00:00+00:00,1.6291392578315944,1.629631181894384,1.628008539018571,1.6283951651173827
2026-08-24 12:00:00+00:00,1.6285909712722297,1.6293581312221617,1.6285909712722297,1.6293581312221617
2026-08-24 13:00:00+00:00,1.6293193717277485,1.6293193717277485,1.6282113900556805,1.6282715204980387
2026-08-24 14:00:00+00:00,1.6284625265274209,1.63076299382112,1.6283995085720668,1.63076299382112
2026-08-24 15:00:00+00:00,1.6306909517885348,1.6315509741667482,1.6306307565444662,1.6312933542179457
2026-08-24 16:00:00+00:00,1.6311799834967342,1.6317062937062938,1.6311749325354103,1.6316091310915906
2026-08-24 17:00:00+00:00,1.6317563786929274,1.6324110118464166,1.6311101789709175,1.6322922062467624
2026-08-24 18:00:00+00:00,1.6322833543329132,1.6322833543329132,1.6312918700437755,1.6319081064443013
2026-08-24 19:00:00+00:00,1.631640062116146,1.631823461091754,1.63136174141742,1.63136174141742
2026-08-24 20:00:00+00:00,1.6313146150725368,1.631594409703278,1.6312211498111626,1.6314692553012924
2026-08-24 21:00:00+00:00,1.6314964596568804,1.6321393591716804,1.6314537900935808,1.631852142037664
2026-08-24 22:00:00+00:00,1.6313721102611078,1.631691588915777,1.6312565554856306,1.6314530679608934
2026-08-24 23:00:00+00:00,1.6314089116388353,1.6317070441447994,1.6307933135796948,1.630947721554375
2026-08-25 00:00:00+00:00,1.6307875061141777,1.6309859942411453,1.6300916354696318,1.630148086057558
2026-08-25 01:00:00+00:00,1.6302926133981723,1.6307576138937832,1.6297931188623633,1.6306958795318858
2026-08-25 02:00:00+00:00,1.630667915717062,1.630667915717062,1.6297771256899323,1.6302323630567905
2026-08-25 03:00:00+00:00,1.6299728815454724,1.6306147563908933,1.6294707123789292,1.6306147563908933
2026-08-25 04:00:00+00:00,1.630699300699301,1.6311149669763796,1.6304207934642716,1.6304274843330349
2026-08-25 05:00:00+00:00,1.6303383832025404,1.6303383832025404,1.629540053124563,1.6302161292578863
2026-08-25 06:00:00+00:00,1.6297461715963921,1.6313380183106083,1.6297461715963921,1.6310256984491351
2026-08-25 07:00:00+00:00,1.6311126662001398,1.6320888104937494,1.6311126662001398,1.6320888104937494
2026-08-25 08:00:00+00:00,1.6321425571824517,1.6332268639152727,1.631323515014196,1.6321326152339652
2026-08-25 09:00:00+00:00,1.6321782801505254,1.632552025061535,1.6307470862796614,1.6309300830281515
2026-08-25 10:00:00+00:00,1.6311036555532255,1.6313029616578572,1.6303964880885806,1.6304384297058494
2026-08-25 11:00:00+00:00,1.6305347780496329,1.6306737142377719,1.6295007754537452,1.6297507722844247
2026-08-25 12:00:00+00:00,1.6299273133911099,1.6309437234280597,1.6299273133911099,1.6305924776720195
2026-08-25 13:00:00+00:00,1.6308049319204854,1.6311927887638877,1.6297760026812642,1.6308569193372633
2026-08-25 14:00:00+00:00,1.6306649902207317,1.6309171184262,1.6296063563878065,1.6305611446456514
2026-08-25 15:00:00+00:00,1.630658076777953,1.6313170145247646,1.6301530555245218,1.630366770021509
2026-08-25 16:00:00+00:00,1.6302441204401985,1.631184659249734,1.630232265813768,1.6310633481001158
2026-08-25 17:00:00+00:00,1.6310530361260567,1.631318496980541,1.6307804073877448,1.6309532125344022
2026-08-25 18:00:00+00:00,1.6309201151191706,1.6310105892542817,1.6304857948990132,1.6305659534052177
2026-08-25 19:00:00+00:00,1.6306166631748022,1.6306953096628205,1.6294440334445357,1.6296213590878001
2026-08-25 20:00:00+00:00,1.6295060918593771,1.6302927047257285,1.6289724059038526,1.6302927047257285
2026-08-25 21:00:00+00:00,1.630409275038413,1.6311686134242442,1.629728937115087,1.629728937115087
2026-08-25 22:00:00+00:00,1.629589301169836,1.630129144851658,1.629589301169836,1.6296844250282636
2026-08-25 23:00:00+00:00,1.6297438760555516,1.6297929956309933,1.6290522907741043,1.6295557013442024
2026-08-26 00:00:00+00:00,1.6294946957007257,1.6296787524257612,1.6285869732014564,1.6296772031721212
2026-08-26 01:00:00+00:00,1.6296942621806505,1.6300160625742024,1.6253882041640557,1.6261774705980718
2026-08-26 02:00:00+00:00,1.6263848051169858,1.626470096427178,1.6240953123260216,1.6253761283851553
2026-08-26 03:00:00+00:00,1.6254353459084452,1.6254353459084452,1.6233890945528433,1.624129768866611
2026-08-26 04:00:00+00:00,1.6240897762555169,1.6251951165124316,1.6239523292401081,1.62489898286192
2026-08-26 05:00:00+00:00,1.624719633329154,1.6247492197949176,1.623729710165103,1.6239523292401081
2026-08-26 06:00:00+00:00,1.624074074074074,1.6254024895108794,1.6233261880237189,1.625287324296839
2026-08-26 07:00:00+00:00,1.6253744026970924,1.626142443156487,1.6250522269574663,1.6254874651810587
2026-08-26 08:00:00+00:00,1.6255362415733468,1.6256214575180694,1.6249304086404632,1.6252750313326836
2026-08-26 09:00:00+00:00,1.6250591806611523,1.6253899721448468,1.6243490852385063,1.6245335041497242
2026-08-26 10:00:00+00:00,1.6244273320986449,1.6246535660069914,1.624129768866611,1.6241835071934931
2026-08-26 11:00:00+00:00,1.6243314763231198,1.6245369209771316,1.6238999665812632,1.6241909666643468
2026-08-26 12:00:00+00:00,1.6239353114735846,1.6246203995207977,1.6238654713514116,1.6240943038680193
2026-08-26 13:00:00+00:00,1.6240943038680193,1.6245766137462887,1.623462551016144,1.6239199509448687
2026-08-26 14:00:00+00:00,1.6242523944290315,1.6252494383276819,1.6238602459359228,1.6252302796851448
2026-08-26 15:00:00+00:00,1.6252215538777162,1.626010132730394,1.6250209298431657,1.6253435455293739
2026-08-26 16:00:00+00:00,1.6254586547986103,1.6255302522884574,1.6250679830983557,1.6252302025782688
2026-08-26 17:00:00+00:00,1.625369719292371,1.625369719292371,1.624590415371101,1.6247246158565491
2026-08-26 18:00:00+00:00,1.6246548983518783,1.6249180693656127,1.6244911047905857,1.6247838455960282
2026-08-26 19:00:00+00:00,1.624675795521098,1.625015690595406,1.624510227700545,1.6246235779611868
2026-08-26 20:00:00+00:00,1.624654936842986,1.6249302688831866,1.6244458076569164,1.6249302688831866
2026-08-26 21:00:00+00:00,1.6255896390990037,1.6255896390990037,1.6239913032570974,1.6239913032570974
2026-08-26 22:00:00+00:00,1.6240089179962378,1.6242108343901995,1.6231318857333872,1.6231962783441973
2026-08-26 23:00:00+00:00,1.6232641065284916,1.6232641065284916,1.622402249411896,1.6230747806712158
2026-08-27 00:00:00+00:00,1.6229686259765217,1.6243641380848186,1.6229686259765217,1.6232957789630538
2026-08-27 01:00:00+00:00,1.6230140495982845,1.6236680456311896,1.6225052192066804,1.622758908685969
2026-08-27 02:00:00+00:00,1.622750240113584,1.6230909521224015,1.6222825330549755,1.6227463210213426
2026-08-27 03:00:00+00:00,1.6227463210213426,1.6230713529772183,1.6223187316434904,1.62259658893143
2026-08-27 04:00:00+00:00,1.6224263938191688,1.6230416800122547,1.622021821420619,1.6221452131435012
2026-08-27 05:00:00+00:00,1.622261503771956,1.6230261508897985,1.622261503771956,1.6226556952508249
2026-08-27 06:00:00+00:00,1.622723221745669,1.6228464784613028,1.621870607717892,1.6221550968137082
2026-08-27 07:00:00+00:00,1.6220651069574534,1.6230416800122547,1.6219507103992432,1.6230416800122547
2026-08-27 08:00:00+00:00,1.6228017655495062,1.6228109251886293,1.6213609796827166,1.6216709128624927
2026-08-27 09:00:00+00:00,1.6215979173337416,1.6226399320021736,1.6215821128250822,1.6222528812520032
2026-08-27 10:00:00+00:00,1.6221835156413298,1.6222575118057587,1.6211074591944739,1.6212410334981544
2026-08-27 11:00:00+00:00,1.6213885715877747,1.6214183231414285,1.6198792162974505,1.6198792162974505
2026-08-27 12:00:00+00:00,1.6195968224377078,1.6203215255062982,1.619128403370692,1.619698909171861
2026-08-27 13:00:00+00:00,1.619806884269694,1.6211027171417838,1.6195620437956206,1.6203665081616192
2026-08-27 14:00:00+00:00,1.6203540192165968,1.620493991989319,1.6192899753869254,1.6192899753869254
2026-08-27 15:00:00+00:00,1.61949130150607,1.619800355911467,1.6190522512506949,1.6191574501194907
2026-08-27 16:00:00+00:00,1.6190932710877688,1.6197439568535321,1.618892779723195,1.6191032000778136
2026-08-27 17:00:00+00:00,1.6192904687130887,1.619356004280334,1.6187339309290527,1.6188385052599394
2026-08-27 18:00:00+00:00,1.6188246084575937,1.619381299965242,1.6187246344582196,1.619063503314848
2026-08-27 19:00:00+00:00,1.6191435838278823,1.619281931529127,1.6190151904715575,1.6190515899488551
2026-08-27 20:00:00+00:00,1.619029088432727,1.619965241571081,1.619029088432727,1.619965241571081
2026-08-27 21:00:00+00:00,1.620353366722315,1.6207534570546174,1.619125721036903,1.619125721036903
2026-08-27 22:00:00+00:00,1.6194380367416137,1.6198273585299063,1.6194069256850647,1.6196108408617096
2026-08-27 23:00:00+00:00,1.619790942703845,1.619969137089711,1.6195624982627792,1.6195624982627792
2026-08-28 00:00:00+00:00,1.6194916549701914,1.6194916549701914,1.6187816906299926,1.6193407631805676
2026-08-28 01:00:00+00:00,1.6192884936075598,1.6192884936075598,1.6185575601016626,1.6187194308581592
2026-08-28 02:00:00+00:00,1.6187022370432123,1.6187088347275103,1.6171175547936647,1.6173077723947418
2026-08-28 03:00:00+00:00,1.6172873780208494,1.6178259903327963,1.616911417705355,1.6173084667620223
2026-08-28 04:00:00+00:00,1.6174636463382452,1.6179057198827402,1.6170197995057065,1.6178350143091327
2026-08-28 05:00:00+00:00,1.6176981315551853,1.6186974351845413,1.6176531873810551,1.618455251782562
2026-08-28 06:00:00+00:00,1.6184956637758503,1.6185644390081175,1.6174583333333334,1.6180078065313719
2026-08-28 07:00:00+00:00,1.6178827909044187,1.6187053360398185,1.6178827909044187,1.6185532624557015
2026-08-28 08:00:00+00:00,1.6185724609483574,1.619083364610701,1.6183725939823501,1.6187702445331071
2026-08-28 09:00:00+00:00,1.618621331961801,1.618722540459374,1.6173511921302728,1.6174337168584292
2026-08-28 10:00:00+00:00,1.6174304532695996,1.6180204455803098,1.6171359513258972,1.6178941959139457
2026-08-28 11:00:00+00:00,1.6179318008195014,1.618903964855697,1.6179318008195014,1.618903964855697
2026-08-28 12:00:00+00:00,1.618755039061414,1.618903964855697,1.617489374704853,1.6176107091775094
2026-08-28 13:00:00+00:00,1.6177442648447482,1.6183357899713546,1.617062637988253,1.6183357899713546
2026-08-28 14:00:00+00:00,1.6177242614891045,1.6184795484635217,1.6171406300023663,1.6171438912011582
2026-08-28 15:00:00+00:00,1.6170236454984483,1.6189558905639307,1.6167237681401634,1.6188721384701281
2026-08-28 16:00:00+00:00,1.6189744949953235,1.6190110243261746,1.617908655524372,1.6181691222679981
2026-08-28 17:00:00+00:00,1.6183784085829236,1.6184322655453265,1.6176174777895738,1.617958533586677
2026-08-28 18:00:00+00:00,1.6179984072206,1.6184879821129123,1.6176540433318898,1.6176540433318898
2026-08-28 19:00:00+00:00,1.617692662280518,1.6178232755610797,1.6172356997292092,1.6174594088986307
2026-08-28 20:00:00+00:00,1.6176228306549572,1.6179494342785306,1.6172375752328554,1.617773183780084
2026-08-30 21:00:00+00:00,1.6178550465382788,1.6180771058738013,1.617036136836665,1.6172620461308485
2026-08-30 22:00:00+00:00,1.6177522564059574,1.6179535169562544,1.6172987767413283,1.61782327556108
2026-08-30 23:00:00+00:00,1.6177575444427377,1.6187230238437793,1.6176552725647901,1.6187230238437793
2026-08-31 00:00:00+00:00,1.6187709497206706,1.6194230124119424,1.618178772353524,1.618290452724303
2026-08-31 01:00:00+00:00,1.6186718804552753,1.6186737815525165,1.6172744775244845,1.617384387820602
2026-08-31 02:00:00+00:00,1.6175025817075555,1.6182277703306525,1.6172403689182213,1.617672095002861
2026-08-31 03:00:00+00:00,1.6176388501255932,1.6176388501255932,1.6167171090252306,1.617292907870687
2026-08-31 04:00:00+00:00,1.6173819622725751,1.617782120175867,1.6173035871248589,1.6174853474741835
2026-08-31 05:00:00+00:00,1.617576865640396,1.6180683531579827,1.617210723905489,1.617379048575934
2026-08-31 06:00:00+00:00,1.6173576901070374,1.6183526980225675,1.6172653437159843,1.6181719168900806
2026-08-31 07:00:00+00:00,1.6181366251466234,1.6205653947147884,1.6180223953533832,1.6203703703703705
2026-08-31 08:00:00+00:00,1.6202544017648948,1.6203967588711932,1.619602419568892,1.6197401508801341
2026-08-31 09:00:00+00:00,1.6199184152440558,1.620283578962073,1.6195344030611531,1.6198276704791432
2026-08-31 10:00:00+00:00,1.619714572976596,1.6205879887097228,1.619714572976596,1.620580755149381
2026-08-31 11:00:00+00:00,1.6205080198960486,1.6207190464879062,1.6194472761803684,1.6195271147856933
2026-08-31 12:00:00+00:00,1.6192856544444132,1.6202462647975515,1.6188243175347514,1.6196535829026402
2026-08-31 13:00:00+00:00,1.6197248026821263,1.6197248026821263,1.6189911062088993,1.6196260768790407
2026-08-31 14:00:00+00:00,1.619457285309275,1.621223327797703,1.6192642625879203,1.6210029729088449
2026-08-31 15:00:00+00:00,1.621059242202219,1.621828438970578,1.6209331863162453,1.6211795573171073
2026-08-31 16:00:00+00:00,1.621303261643243,1.621303261643243,1.6205602522251055,1.6207185211021975
2026-08-31 17:00:00+00:00,1.6208368796305341,1.6213277880898216,1.6207622980551912,1.6210034191612588
2026-08-31 18:00:00+00:00,1.621031330681739,1.6213986599664991,1.621031330681739,1.6213707426018984
2026-08-31 19:00:00+00:00,1.6215431435232364,1.6216582206028116,1.620899437677034,1.621052484684408
2026-08-31 20:00:00+00:00,1.6210615912706166,1.6212286136928187,1.6208628676675783,1.6211049245754316
2026-08-31 21:00:00+00:00,1.6217344559404627,1.621799346605981,1.6210664396656387,1.6214775217385238
2026-08-31 22:00:00+00:00,1.621090969983673,1.621303261643243,1.6208831081835435,1.6209423060820054
2026-08-31 23:00:00+00:00,1.6208898565287782,1.6208898565287782,1.6201573090117982,1.6202323343606624
2026-09-01 00:00:00+00:00,1.6200125514259816,1.620359264734596,1.6186895063017899,1.6201818486082447
2026-09-01 01:00:00+00:00,1.6203905160390517,1.6205876607974996,1.6185000905910718,1.6187050359712232
2026-09-01 02:00:00+00:00,1.6188351436897805,1.6191725023017047,1.6182596330786818,1.6185019447116389
2026-09-01 03:00:00+00:00,1.6187461654303084,1.619533975163946,1.6186983139721367,1.6193645610950647
2026-09-01 04:00:00+00:00,1.6195160750167448,1.6195752281543914,1.6187002190015205,1.6192030805290474
2026-09-01 05:00:00+00:00,1.619010420299357,1.6192807722352418,1.618882923087651,1.6192807722352418
2026-09-01 06:00:00+00:00,1.619009094459633,1.6198492462311558,1.618651158898837,1.6197920301486497
2026-09-01 07:00:00+00:00,1.620039364033557,1.6207489411666038,1.619489785944678,1.620708934362071
2026-09-01 08:00:00+00:00,1.6206631440632948,1.6230279274865262,1.620009505703422,1.6229457711582072
2026-09-01 09:00:00+00:00,1.623115155757788,1.6243311388149602,1.6227590164163856,1.6230015399692008
2026-09-01 10:00:00+00:00,1.62280075582616,1.6230398745519714,1.622059914088626,1.6227025211025101
2026-09-01 11:00:00+00:00,1.6228018593189966,1.623086725762859,1.6223204790955394,1.622545383291111
2026-09-01 12:00:00+00:00,1.622688522754315,1.6230568859759684,1.6206279531411636,1.6206279531411636
2026-09-01 13:00:00+00:00,1.6207354586129754,1.6221006686998125,1.6206689225090187,1.6216276664150522
2026-09-01 14:00:00+00:00,1.621838871569765,1.6219322901371815,1.6207792570654225,1.6209079980990189
2026-09-01 15:00:00+00:00,1.620799038582468,1.62122567658242,1.6188633919468147,1.619347628693162
2026-09-01 16:00:00+00:00,1.619368897456313,1.6206293706293706,1.6193296916693443,1.620318312774468
2026-09-01 17:00:00+00:00,1.6203409742521084,1.6214669502434658,1.6203409742521084,1.6213637063259967
2026-09-01 18:00:00+00:00,1.6213776987980466,1.6220638875668412,1.6213776987980466,1.6216193527625817
2026-09-01 19:00:00+00:00,1.6218882498635656,1.6225168344276293,1.6217747803212625,1.6225168344276293
2026-09-01 20:00:00+00:00,1.6224605519230497,1.622713083889752,1.6222769782158257,1.622713083889752
2026-09-01 21:00:00+00:00,1.6223678315412187,1.6230167065776022,1.62204118198743,1.6224944008958566
2026-09-01 22:00:00+00:00,1.6224128521249948,1.622596624779603,1.6219846644652152,1.6220092346439063
2026-09-01 23:00:00+00:00,1.6219078800089546,1.6224754013464529,1.6219078800089546,1.6220872461618128
2026-09-02 00:00:00+00:00,1.6219665798975567,1.622472413599955,1.6217589029594905,1.622092453332213
2026-09-02 01:00:00+00:00,1.622036769956733,1.622287899373888,1.6192341044504743,1.6198570249436917
2026-09-02 02:00:00+00:00,1.6204753506340808,1.6219850407597276,1.6200584934439766,1.6215504809375132
2026-09-02 03:00:00+00:00,1.6214422713463719,1.6220180144844298,1.6208011420893516,1.6217071633639102
2026-09-02 04:00:00+00:00,1.6216477376167602,1.622984605894064,1.6216477376167602,1.6229285253624204
2026-09-02 05:00:00+00:00,1.6228795738118604,1.6231630020192955,1.6212326945420443,1.62132646346415
2026-09-02 06:00:00+00:00,1.621532688295504,1.621532688295504,1.6200565762939727,1.6204297761465836
2026-09-02 07:00:00+00:00,1.6204288575470245,1.620758203606227,1.619685204616999,1.6206640723424508
2026-09-02 08:00:00+00:00,1.6204584896154062,1.6244877911872018,1.6204536867294534,1.6237986334235965
2026-09-02 09:00:00+00:00,1.6238161384013134,1.6251842700099681,1.6235886502938413,1.624384080859128
2026-09-02 10:00:00+00:00,1.6243630595600727,1.624580566358263,1.6224798811092727,1.6224798811092727
2026-09-02 11:00:00+00:00,1.6224552745219,1.622546270330903,1.6203305854525607,1.6203672601052515
2026-09-02 12:00:00+00:00,1.6204599213402944,1.6205873295820388,1.619698410922113,1.619781757134863
2026-09-02 13:00:00+00:00,1.6197756392323617,1.6197756392323617,1.6173841498277761,1.6179103229044673
2026-09-02 14:00:00+00:00,1.6175855433782311,1.6180366539647977,1.616912369768058,1.6169628162570784
2026-09-02 15:00:00+00:00,1.6171079429735236,1.617217471366991,1.6161493627820074,1.6170156374238005
2026-09-02 16:00:00+00:00,1.616912369768058,1.6171792152704136,1.61650390625,1.61650390625
2026-09-02 17:00:00+00:00,1.6166004045476738,1.6167459907602553,1.6162052855449411,1.6162537663207233
2026-09-02 18:00:00+00:00,1.616366502518031,1.6165148111456837,1.6160713040324717,1.6163762434253666
2026-09-02 19:00:00+00:00,1.6163290362185392,1.6163397416222551,1.6158255920997573,1.6159993305719427
2026-09-02 20:00:00+00:00,1.6160744170478634,1.616756191140565,1.6159413216571614,1.616756191140565
2026-09-02 21:00:00+00:00,1.6169746538633318,1.6181637897324173,1.6164599522859495,1.6164911056853855
2026-09-02 22:00:00+00:00,1.6164114151811868,1.6167413174822443,1.6161163883890586,1.6165522629611027
2026-09-02 23:00:00+00:00,1.6164513518792376,1.6172939468394016,1.6164513518792376,1.6172262162350806
2026-09-03 00:00:00+00:00,1.6173370377092438,1.617717277486911,1.616951517265434,1.6173663056827063
2026-09-03 01:00:00+00:00,1.6174114494654872,1.6175157013258896,1.6169001506948708,1.6169283371711671
2026-09-03 02:00:00+00:00,1.6168434272955625,1.618493074173369,1.6168434272955625,1.618493074173369
2026-09-03 03:00:00+00:00,1.6185230176349852,1.6187491274605612,1.617395185360819,1.617400521625127
2026-09-03 04:00:00+00:00,1.617532603389358,1.6177693445321875,1.6171052448088803,1.6176983495863504
2026-09-03 05:00:00+00:00,1.6176778315639693,1.6201424779997204,1.6176778315639693,1.619365376293049
2026-09-03 06:00:00+00:00,1.6195895001396259,1.6198577993825867,1.6192402661718956,1.6196856767998213
2026-09-03 07:00:00+00:00,1.6194795227795995,1.6197589756464976,1.6172682926829267,1.6172682926829267
2026-09-03 08:00:00+00:00,1.6173383330777704,1.6173383330777704,1.6152025945464414,1.6165457507693592
2026-09-03 09:00:00+00:00,1.6164265330270757,1.6165348629984406,1.6144598430455837,1.6154028172150774
2026-09-03 10:00:00+00:00,1.6153974639143687,1.6158078760778414,1.6138494061361297,1.6138494061361297
2026-09-03 11:00:00+00:00,1.6139186801875114,1.61489897234081,1.613708377341709,1.6146412680756395
2026-09-03 12:00:00+00:00,1.6146283807272475,1.614977054651648,1.6135527831360412,1.6136133357391702
2026-09-03 13:00:00+00:00,1.6137723304137805,1.616494730695437,1.6135404519962242,1.616494730695437
2026-09-03 14:00:00+00:00,1.616226514803844,1.6170967517562773,1.6153311460824111,1.61542525826949
2026-09-03 15:00:00+00:00,1.6150756143667298,1.6157524535016263,1.614636315628561,1.614703880190606
2026-09-03 16:00:00+00:00,1.6147316653005657,1.6154710853907324,1.614524751787822,1.615086745315753
2026-09-03 17:00:00+00:00,1.6149960449076453,1.615403837076936,1.6145253722230701,1.6146521570151575
2026-09-03 18:00:00+00:00,1.6146287300485773,1.6146522891599704,1.6142777854863328,1.6145935969136402
2026-09-03 19:00:00+00:00,1.6145690217466728,1.6147085774581402,1.6142589378687957,1.6144779041192887
2026-09-03 20:00:00+00:00,1.6145152108412824,1.6147478367154189,1.6143464133966507,1.6147478367154189
2026-09-03 21:00:00+00:00,1.614858857523894,1.6157321175391288,1.614858857523894,1.6157321175391288
2026-09-03 22:00:00+00:00,1.6147767516144713,1.6147990721062353,1.6143952441802323,1.6144710523391488
2026-09-03 23:00:00+00:00,1.6144144894926178,1.6149946527035097,1.6142160878681422,1.6149946527035097
2026-09-04 00:00:00+00:00,1.6150694444444444,1.6151816098340162,1.613726877870752,1.6137928162993393
2026-09-04 01:00:00+00:00,1.613903847221451,1.6143220091907426,1.6120321596894924,1.6122856390279068
2026-09-04 02:00:00+00:00,1.6124890817585649,1.613391048586254,1.6123009107165136,1.6131019269987932
2026-09-04 03:00:00+00:00,1.6130325605915568,1.6133620091577632,1.6124722530521642,1.612516995477122
2026-09-04 04:00:00+00:00,1.6125277469478356,1.6128003107140876,1.6117704145293221,1.6125743768984313
2026-09-04 05:00:00+00:00,1.6126978402297094,1.6132438019395383,1.6125466372626527,1.612835663559698
2026-09-04 06:00:00+00:00,1.6130710431030895,1.614130057602887,1.6127860213562613,1.6140007495939699
2026-09-04 07:00:00+00:00,1.6140297305925297,1.6146657779999443,1.6137511797035475,1.6140791867457331
2026-09-04 08:00:00+00:00,1.6140813775864467,1.614507527359591,1.6137010651446346,1.614507527359591
2026-09-04 09:00:00+00:00,1.6144283789602343,1.6145051953103295,1.6135757542085671,1.6135757542085671
2026-09-04 10:00:00+00:00,1.6135385128190884,1.6139861111111111,1.6134062851508795,1.6139861111111111
2026-09-04 11:00:00+00:00,1.6140214432531528,1.6141654628292033,1.6130975514963077,1.6131965460754645
2026-09-04 12:00:00+00:00,1.613187118267629,1.6141460289160654,1.6123419041000695,1.6128117440987573
2026-09-04 13:00:00+00:00,1.6130270330403829,1.613905469521782,1.6117261855212408,1.6128189812049396
2026-09-04 14:00:00+00:00,1.612766548586511,1.6132236686719368,1.612341464768407,1.6126004803620764
2026-09-04 15:00:00+00:00,1.6125472012438917,1.6127747004845001,1.6115140840186957,1.6117870669681875
2026-09-04 16:00:00+00:00,1.6115927153695715,1.6120065470080729,1.6115927153695715,1.611666643551586
2026-09-04 17:00:00+00:00,1.611690617544249,1.6121182676290948,1.6115195738423551,1.6121083392334068
2026-09-04 18:00:00+00:00,1.6120573578200699,1.612284282283033,1.6117774446110278,1.6117774446110278
2026-09-04 19:00:00+00:00,1.6117465781948417,1.6119052906234386,1.611424052389145,1.6115720826973774
2026-09-04 20:00:00+00:00,1.6116623416272327,1.6126702864840092,1.611492721646337,1.6126702864840092
2026-09-06 22:00:00+00:00,1.6116833717411223,1.6118984495370818,1.6114388019929773,1.6117780954628103
2026-09-06 23:00:00+00:00,1.6116569525395503,1.6117617673179396,1.6114016954090764,1.6115289611723238
2026-09-07 00:00:00+00:00,1.6116130285746006,1.6124680803819254,1.611349170029538,1.611987513007284
2026-09-07 01:00:00+00:00,1.6118819024363173,1.612452280141598,1.6117031609913135,1.6123814680605886
2026-09-07 02:00:00+00:00,1.612363060773941,1.6128584129806622,1.6123114949870858,1.612531773922465
2026-09-07 03:00:00+00:00,1.6123333333333332,1.6127602828209866,1.6116763599516954,1.6117233912608961
2026-09-07 04:00:00+00:00,1.6117542544626748,1.6121054750961579,1.6114966137448652,1.6115166823960474
2026-09-07 05:00:00+00:00,1.611536753275594,1.6116285202714895,1.6107551043053707,1.6109801093017448
2026-09-07 06:00:00+00:00,1.6109515683744677,1.6110718002081166,1.609633078372686,1.6099190507873142
2026-09-07 07:00:00+00:00,1.6098636061210911,1.6099383186638019,1.609163412810501,1.6093680770934868
2026-09-07 08:00:00+00:00,1.6094656530829836,1.6109649365756384,1.6094096145325654,1.6098689496578285
2026-09-07 09:00:00+00:00,1.6099328115259404,1.6102138622638373,1.609700696666251,1.6100842431968074
2026-09-07 10:00:00+00:00,1.6101450681002591,1.6105015239678582,1.6099835132102134,1.6103622636281776
2026-09-07 11:00:00+00:00,1.6103683794904478,1.6112397244132695,1.6103606412014906,1.6112397244132695
2026-09-07 12:00:00+00:00,1.6111326717303323,1.611542299589755,1.6108424888125354,1.6111011017947474
2026-09-07 13:00:00+00:00,1.6111288199016005,1.6111680895886464,1.610376116921798,1.6104194651784354
2026-09-07 14:00:00+00:00,1.6102349667003586,1.6111672876871719,1.6102349667003586,1.6111341976950355
2026-09-07 15:00:00+00:00,1.6109364395628747,1.6111349689002175,1.6106124823402312,1.6110202837508316
2026-09-07 16:00:00+00:00,1.610959473501905,1.611051071022806,1.610567867036011,1.6106094182825486
2026-09-07 17:00:00+00:00,1.6105124653739613,1.610559272959007,1.610398426244043,1.610559272959007
2026-09-07 18:00:00+00:00,1.6104615725605365,1.6105745916062795,1.6102883110045858,1.610371437675778
2026-09-07 19:00:00+00:00,1.6102883110045858,1.610489122904254,1.6102174003408571,1.6103028791531577
2026-09-07 20:00:00+00:00,1.6102474575331838,1.6103082784897818,1.609940572663425,1.6103082784897818
2026-09-07 21:00:00+00:00,1.6106498870424526,1.6106498870424526,1.6106498870424526,1.6106498870424526
2026-09-07 22:00:00+00:00,1.610211516352001,1.610609293175584,1.6100838008172313,1.610464633031336
2026-09-07 23:00:00+00:00,1.6105616047433022,1.6107871518207129,1.6098895012323797,1.6102309865396331
2026-09-08 00:00:00+00:00,1.6102333310254104,1.6113297489052716,1.6102333310254104,1.6109517673303682
2026-09-08 01:00:00+00:00,1.6109009795364175,1.6122884586064947,1.6109009795364175,1.6121982316583054
2026-09-08 02:00:00+00:00,1.612225101506312,1.6132286217757492,1.6121628738531475,1.6122893404535683
2026-09-08 03:00:00+00:00,1.6126141124892477,1.612732721067673,1.6109732943442774,1.6111072611606216
2026-09-08 04:00:00+00:00,1.611215056892991,1.6116187175043328,1.6107693160403505,1.6108416705928
2026-09-08 05:00:00+00:00,1.6108162784575095,1.6114607302264978,1.6107770326442388,1.6114220793615608
2026-09-08 06:00:00+00:00,1.6115421920465567,1.6120079886826997,1.6110418743768693,1.6115017126374616
2026-09-08 07:00:00+00:00,1.6113822942090081,1.6113822942090081,1.60985446985447,1.6101020464755145
2026-09-08 08:00:00+00:00,1.610090534751203,1.6110949269632526,1.610090534751203,1.6104083444296495
2026-09-08 09:00:00+00:00,1.610577856687103,1.6115736885928393,1.6100813774555334,1.6100813774555334
2026-09-08 10:00:00+00:00,1.6100851288023734,1.6106203281234832,1.609723646644677,1.6101274247445265
2026-09-08 11:00:00+00:00,1.6099742117960236,1.6103609848064768,1.6096397570648104,1.609886606226954
2026-09-08 12:00:00+00:00,1.6098734282505924,1.6101645571375098,1.6085000346092615,1.6086438894733928
2026-09-08 13:00:00+00:00,1.6087191272566177,1.6091783761334535,1.6082534147050276,1.6086481099561227
2026-09-08 14:00:00+00:00,1.6085139361731573,1.6104802525895974,1.6084044775912882,1.61022815372688
2026-09-08 15:00:00+00:00,1.610257262330038,1.6109371536244734,1.6099644226642857,1.6108932703365526
2026-09-08 16:00:00+00:00,1.6109409857418007,1.6113182958783325,1.610202130754631,1.610304508049098
2026-09-08 17:00:00+00:00,1.6102807751444046,1.6102807751444046,1.6097733220709807,1.609808781379377
2026-09-08 18:00:00+00:00,1.6097949349912073,1.6101549410836185,1.6094812189347474,1.6101549410836185
2026-09-08 19:00:00+00:00,1.6100725600974852,1.6108401008897142,1.610017864314301,1.6105614676865092
2026-09-08 20:00:00+00:00,1.6105807202538487,1.6109317183364056,1.6104475543854788,1.6109317183364056
2026-09-08 21:00:00+00:00,1.6108230988883037,1.6108230988883037,1.6108230988883037,1.6108230988883037
2026-09-08 22:00:00+00:00,1.610278431915778,1.6108624870107375,1.610278431915778,1.6104784861330452
2026-09-08 23:00:00+00:00,1.6105115879590508,1.6108063175394844,1.6101148024539196,1.6103063372479507
2026-09-09 00:00:00+00:00,1.6102218283530423,1.6102403633141338,1.6094850610979643,1.6097756742918035
2026-09-09 01:00:00+00:00,1.6100467871875088,1.6108148538027895,1.6097631866686968,1.6102781354266174
2026-09-09 02:00:00+00:00,1.6104318688470112,1.6106610162449626,1.6098543581792004,1.610013704129234
2026-09-09 03:00:00+00:00,1.6099914177348358,1.6104471617897549,1.6096855450368157,1.6101258462433028
2026-09-09 04:00:00+00:00,1.6100843128296713,1.6102565522588508,1.6089987413380544,1.6089987413380544
2026-09-09 05:00:00+00:00,1.6089043179995022,1.609524600143893,1.6087533706699857,1.6091562932226833
2026-09-09 06:00:00+00:00,1.6091586794462196,1.6098293081030237,1.6084390634933798,1.6092950579385494
2026-09-09 07:00:00+00:00,1.6093551241634867,1.610116290324811,1.6085466305489524,1.6098643547517317
2026-09-09 08:00:00+00:00,1.6099264299148135,1.6109342119836085,1.6098134395441783,1.6103658789816855
2026-09-09 09:00:00+00:00,1.6104020156154826,1.611444322856787,1.6104020156154826,1.6108624249899526
2026-09-09 10:00:00+00:00,1.6110117934006847,1.6124757416135291,1.6109448186025885,1.612117599767129
2026-09-09 11:00:00+00:00,1.6121945472438217,1.6132003601357434,1.6119109312862865,1.6125981417117856
2026-09-09 12:00:00+00:00,1.6127125214598217,1.6133449641383513,1.6120375880537525,1.612351695208561
2026-09-09 13:00:00+00:00,1.6121869852299942,1.6122338805680905,1.6104558715761237,1.6116730548367906
2026-09-09 14:00:00+00:00,1.611248668612452,1.612113580383583,1.6108598536713554,1.6108644843657083
2026-09-09 15:00:00+00:00,1.610982051494787,1.6117798617556205,1.6108225647844212,1.610959473501905
2026-09-09 16:00:00+00:00,1.6108894430590193,1.6118617058130673,1.6108894430590193,1.6115981773105634
2026-09-09 17:00:00+00:00,1.6115396867166185,1.6120874707438337,1.6112956810631227,1.6114703479597348
2026-09-09 18:00:00+00:00,1.6114141721817625,1.6115258368765841,1.6111950121233112,1.6113674467583934
2026-09-09 19:00:00+00:00,1.611302769580337,1.6117115619110964,1.6111665419472851,1.6116784679978382
2026-09-09 20:00:00+00:00,1.6116015132408574,1.6119833164742885,1.6115776927767613,1.6119833164742885
2026-09-09 21:00:00+00:00,1.6125263332963744,1.612856271487191,1.6125263332963744,1.6127753365031399
2026-09-09 22:00:00+00:00,1.6121657198281834,1.6123981599512276,1.6118745497866682,1.6123333979883068
2026-09-09 23:00:00+00:00,1.6123579939041286,1.6123579939041286,1.6108934332036497,1.6110034065416678
2026-09-10 00:00:00+00:00,1.6110180171446773,1.6122593254875868,1.6107480129607574,1.6122593254875868
2026-09-10 01:00:00+00:00,1.6123894541321284,1.6138970965638744,1.612211243989302,1.612534981020199
2026-09-10 02:00:00+00:00,1.6125072732814274,1.612651562391741,1.6117365236295158,1.6117365236295158
2026-09-10 03:00:00+00:00,1.6117365236295158,1.6124844118054593,1.6114626749934227,1.612195426022634
2026-09-10 04:00:00+00:00,1.6121623493558666,1.6122154958649064,1.6115842091416386,1.6120354080374584
2026-09-10 05:00:00+00:00,1.6120037676261185,1.6126775199168688,1.6118720828774429,1.61214907967813
2026-09-10 06:00:00+00:00,1.6126636647038448,1.6135950865809867,1.6125488348895844,1.6131884580203455
2026-09-10 07:00:00+00:00,1.6131115731115728,1.6136625126491912,1.6130601721580748,1.6133002536417693
2026-09-10 08:00:00+00:00,1.6131647885566969,1.6137728287548707,1.6131647885566969,1.613685524126456
2026-09-10 09:00:00+00:00,1.6137271214642266,1.614067702552719,1.613320024399712,1.6134207898824051
2026-09-10 10:00:00+00:00,1.613667887261429,1.6150309730825858,1.613667887261429,1.6149668745399242
2026-09-10 11:00:00+00:00,1.6152285956406374,1.6159653000792427,1.6150361311839911,1.615505492977333
2026-09-10 12:00:00+00:00,1.6156349073919571,1.6198178567437702,1.6156349073919571,1.6196544216167932
2026-09-10 13:00:00+00:00,1.6197562575907751,1.622081657730116,1.619088144200452,1.6207026506427702
2026-09-10 14:00:00+00:00,1.6210458720719212,1.6225090706112195,1.62082769586989,1.622210132797679
2026-09-10 15:00:00+00:00,1.6226854758815075,1.6227078623461442,1.6210555671756257,1.6218112333849395
2026-09-10 16:00:00+00:00,1.6217938883387493,1.6225364301267378,1.6212867488035274,1.621394582978664
2026-09-10 17:00:00+00:00,1.621239604844561,1.6220007537372807,1.6211284111836601,1.6217653462859056
2026-09-10 18:00:00+00:00,1.6217027215631543,1.6225218302479916,1.6217027215631543,1.6219798329655597
2026-09-10 19:00:00+00:00,1.6220629732070515,1.6226976718186645,1.621785469834751,1.621785469834751
2026-09-10 20:00:00+00:00,1.6217835889699104,1.62245168862744,1.6217311130978989,1.62245168862744
2026-09-10 21:00:00+00:00,1.6221700486332384,1.6221787436237858,1.6221700486332384,1.6221787436237858
2026-09-10 22:00:00+00:00,1.6218195028573823,1.622217564451897,1.621532918074914,1.6215449936451627
2026-09-10 23:00:00+00:00,1.6215695311517995,1.6225054502767065,1.6211109869854217,1.6223957969455196
2026-09-11 00:00:00+00:00,1.622087500698441,1.6222740671407219,1.6207156413977895,1.6210207527947191
2026-09-11 01:00:00+00:00,1.6212556880042435,1.6223004498086218,1.621027952607561,1.6217756239263716
2026-09-11 02:00:00+00:00,1.6218364154422034,1.6224387107595113,1.6215793370304665,1.6222414781065255
2026-09-11 03:00:00+00:00,1.6223688256506306,1.6225621094132288,1.6216801789208835,1.6216801789208835
2026-09-11 04:00:00+00:00,1.6214709006541064,1.6218368801263152,1.620347359897244,1.6205678215816888
2026-09-11 05:00:00+00:00,1.6206949526549537,1.6209554664916421,1.6189327495572876,1.619196384987657
2026-09-11 06:00:00+00:00,1.6192488459339218,1.6192853755822711,1.6183234834968778,1.6185331307245123
2026-09-11 07:00:00+00:00,1.6181840990187333,1.6190037801118689,1.617843804002453,1.6183032601723513
2026-09-11 08:00:00+00:00,1.6181764943738757,1.6193287279324542,1.618047712664352,1.6183221017677507
2026-09-11 09:00:00+00:00,1.6181303353233274,1.618518725233019,1.6173307856455459,1.617443579657991
2026-09-11 10:00:00+00:00,1.6173672905799328,1.6175531098743217,1.6164649113020195,1.6169758683219417
2026-09-11 11:00:00+00:00,1.6168770486086894,1.6170904171489937,1.6156215590895786,1.6159089958596462
2026-09-11 12:00:00+00:00,1.615831730367149,1.617797095777837,1.614745427720402,1.614765847888108
2026-09-11 13:00:00+00:00,1.6149253315889827,1.61763107661869,1.6149157354189572,1.6168562636628192
2026-09-11 14:00:00+00:00,1.6172758678330643,1.6192647120331258,1.616675253066737,1.6191498557068968
2026-09-11 15:00:00+00:00,1.6191903420971925,1.6193359375000003,1.6171182471985281,1.6176044164389674
2026-09-11 16:00:00+00:00,1.6175056107726837,1.6175056107726837,1.6165112811293672,1.6165788666833907
2026-09-11 17:00:00+00:00,1.6165521470682518,1.616945939164134,1.6163139047194393,1.616563989630084
2026-09-11 18:00:00+00:00,1.616572583455293,1.616816565572056,1.61650059229322,1.6165846449832006
2026-09-11 19:00:00+00:00,1.6166276281300542,1.616792850071806,1.6163957735091583,1.61673916680609
2026-09-11 20:00:00+00:00,1.6168002788428024,1.618222408260081,1.6167101172468599,1.618222408260081
