datetime,open,high,low,close
2026-03-12 02:00:00+00:00,1.16213,1.1621800000000002,1.1611600000000002,1.1618100000000002
2026-03-12 03:00:00+00:00,1.1618100000000002,1.1619500000000005,1.1612400000000005,1.1617500000000005
2026-03-12 04:00:00+00:00,1.1617500000000005,1.1619100000000002,1.1611200000000002,1.1612400000000005
2026-03-12 05:00:00+00:00,1.1612400000000005,1.1624300000000003,1.1611900000000002,1.1618700000000002
2026-03-12 06:00:00+00:00,1.1618700000000002,1.16308,1.16186,1.16271
2026-03-12 07:00:00+00:00,1.16271,1.1632000000000002,1.1620700000000002,1.1630300000000002
2026-03-12 08:00:00+00:00,1.1630300000000002,1.1635100000000005,1.1622600000000003,1.1626600000000002
2026-03-12 09:00:00+00:00,1.1626600000000002,1.1640500000000005,1.1623800000000002,1.1638800000000002
2026-03-12 10:00:00+00:00,1.1638800000000002,1.1642100000000002,1.1628600000000002,1.1637000000000002
2026-03-12 11:00:00+00:00,1.1637000000000002,1.1645500000000002,1.1631700000000005,1.1635500000000003
2026-03-12 12:00:00+00:00,1.1635500000000003,1.1636700000000002,1.1611900000000002,1.1618500000000005
2026-03-12 13:00:00+00:00,1.1618500000000005,1.1629600000000002,1.1599400000000002,1.16054
2026-03-12 14:00:00+00:00,1.16054,1.1612300000000002,1.1594800000000005,1.1599800000000002
2026-03-12 15:00:00+00:00,1.1599800000000002,1.1607600000000002,1.1590200000000002,1.1601200000000005
2026-03-12 16:00:00+00:00,1.1601200000000005,1.1611600000000002,1.1592900000000002,1.1601200000000005
2026-03-12 17:00:00+00:00,1.1601200000000005,1.1611100000000003,1.1598500000000005,1.1601200000000005
2026-03-12 18:00:00+00:00,1.1601200000000005,1.1603600000000005,1.15905,1.15915
2026-03-12 19:00:00+00:00,1.15915,1.1597700000000002,1.1590100000000003,1.1594400000000002
2026-03-12 20:00:00+00:00,1.1594400000000002,1.15956,1.15888,1.15905
2026-03-12 21:00:00+00:00,1.15905,1.1591100000000003,1.1589000000000005,1.1590400000000003
2026-03-12 22:00:00+00:00,1.1590400000000003,1.1600600000000003,1.1589700000000005,1.1598100000000002
2026-03-12 23:00:00+00:00,1.1598100000000002,1.1601900000000005,1.1594300000000002,1.1600200000000005
2026-03-13 00:00:00+00:00,1.1600200000000005,1.1607600000000002,1.1599700000000002,1.1602600000000003
2026-03-13 01:00:00+00:00,1.1602600000000003,1.1608900000000002,1.1593600000000002,1.15956
2026-03-13 02:00:00+00:00,1.15956,1.1601400000000002,1.1590300000000002,1.1592900000000002
2026-03-13 03:00:00+00:00,1.1592900000000002,1.15949,1.1584000000000003,1.1588500000000002
2026-03-13 04:00:00+00:00,1.1588500000000002,1.1588500000000002,1.15793,1.1582500000000002
2026-03-13 05:00:00+00:00,1.1582500000000002,1.1585600000000005,1.1579200000000005,1.158
2026-03-13 06:00:00+00:00,1.158,1.1582500000000002,1.1561400000000002,1.1561900000000005
2026-03-13 07:00:00+00:00,1.1561900000000005,1.1562900000000005,1.1533400000000005,1.1537100000000002
2026-03-13 08:00:00+00:00,1.1537100000000002,1.1538400000000002,1.1512300000000002,1.15244
2026-03-13 09:00:00+00:00,1.15244,1.1540900000000005,1.15244,1.15322
2026-03-13 10:00:00+00:00,1.15322,1.15512,1.15312,1.15376
2026-03-13 11:00:00+00:00,1.15376,1.1550000000000002,1.1534700000000002,1.1547700000000003
2026-03-13 12:00:00+00:00,1.1547700000000003,1.1567700000000003,1.15403,1.1557200000000003
2026-03-13 13:00:00+00:00,1.1557200000000003,1.1569400000000003,1.1553000000000002,1.1558000000000002
2026-03-13 14:00:00+00:00,1.1558000000000002,1.1564000000000003,1.1534800000000005,1.1536400000000002
2026-03-13 15:00:00+00:00,1.1536400000000002,1.1540400000000002,1.1513700000000002,1.1522400000000002
2026-03-13 16:00:00+00:00,1.1522400000000002,1.1529700000000005,1.1515400000000002,1.1521300000000003
2026-03-13 17:00:00+00:00,1.1521300000000003,1.15254,1.1513100000000005,1.1521600000000003
2026-03-13 18:00:00+00:00,1.1521600000000003,1.1522100000000002,1.1511100000000003,1.1515200000000003
2026-03-13 19:00:00+00:00,1.1515200000000003,1.1516200000000003,1.1499400000000002,1.1501600000000003
2026-03-13 20:00:00+00:00,1.1501600000000003,1.1502,1.1490300000000002,1.1493400000000005
2026-03-15 21:00:00+00:00,1.1493400000000005,1.1494100000000005,1.14847,1.1488600000000002
2026-03-15 22:00:00+00:00,1.1488600000000002,1.1505600000000002,1.1485300000000005,1.1496200000000003
2026-03-15 23:00:00+00:00,1.1496200000000003,1.1502,1.1492300000000002,1.1501900000000005
2026-03-16 00:00:00+00:00,1.1501900000000005,1.1521800000000002,1.1501500000000002,1.1521100000000002
2026-03-16 01:00:00+00:00,1.1521100000000002,1.1522800000000002,1.15061,1.1515700000000002
2026-03-16 02:00:00+00:00,1.1515700000000002,1.1517800000000002,1.1511300000000002,1.15142
2026-03-16 03:00:00+00:00,1.15142,1.1520200000000005,1.1512100000000005,1.1517000000000002
2026-03-16 04:00:00+00:00,1.1517000000000002,1.1517800000000002,1.1507700000000003,1.15078
2026-03-16 05:00:00+00:00,1.15078,1.1509600000000002,1.1499500000000002,1.1501
2026-03-16 06:00:00+00:00,1.1501,1.1502900000000005,1.14905,1.1498000000000002
2026-03-16 07:00:00+00:00,1.1498000000000002,1.1501100000000002,1.1480600000000003,1.1492300000000002
2026-03-16 08:00:00+00:00,1.1492300000000002,1.1511700000000002,1.1492300000000002,1.15112
2026-03-16 09:00:00+00:00,1.15112,1.1518900000000003,1.15074,1.1516300000000002
2026-03-16 10:00:00+00:00,1.1516300000000002,1.1544200000000002,1.1514100000000005,1.1541600000000003
2026-03-16 11:00:00+00:00,1.1541600000000003,1.1553400000000005,1.1537200000000003,1.1545600000000005
2026-03-16 12:00:00+00:00,1.1545600000000005,1.15542,1.15386,1.1540100000000002
2026-03-16 13:00:00+00:00,1.1540100000000002,1.1567200000000002,1.1540100000000002,1.1566500000000002
2026-03-16 14:00:00+00:00,1.1566500000000002,1.1568500000000002,1.1546700000000003,1.1555100000000005
2026-03-16 15:00:00+00:00,1.1555100000000005,1.1566600000000002,1.1546900000000002,1.15532
2026-03-16 16:00:00+00:00,1.15532,1.1565600000000005,1.1544100000000002,1.1559900000000003
2026-03-16 17:00:00+00:00,1.1559900000000003,1.15701,1.1557000000000002,1.1558500000000005
2026-03-16 18:00:00+00:00,1.1558500000000005,1.15901,1.1558400000000002,1.1585000000000003
2026-03-16 19:00:00+00:00,1.1585000000000003,1.1591300000000002,1.15725,1.15742
2026-03-16 20:00:00+00:00,1.15742,1.1576800000000005,1.15695,1.1571000000000002
2026-03-16 21:00:00+00:00,1.1571000000000002,1.1573700000000002,1.1568400000000003,1.1571400000000005
2026-03-16 22:00:00+00:00,1.1571400000000005,1.1572500000000003,1.1564400000000004,1.1565300000000005
2026-03-16 23:00:00+00:00,1.1565300000000005,1.1566200000000002,1.1561300000000003,1.1564600000000005
2026-03-17 00:00:00+00:00,1.1564600000000005,1.1564800000000002,1.1555600000000004,1.1559000000000004
2026-03-17 01:00:00+00:00,1.1559000000000004,1.1562000000000003,1.1553000000000002,1.1559400000000002
2026-03-17 02:00:00+00:00,1.1559400000000002,1.1565100000000004,1.1557500000000005,1.1561500000000002
2026-03-17 03:00:00+00:00,1.1561500000000002,1.1569400000000003,1.1558200000000003,1.1558200000000003
2026-03-17 04:00:00+00:00,1.1558200000000003,1.1566400000000003,1.1555800000000005,1.1563600000000005
2026-03-17 05:00:00+00:00,1.1563600000000005,1.1565600000000005,1.1544600000000005,1.1545800000000002
2026-03-17 06:00:00+00:00,1.1545800000000002,1.1548100000000003,1.1532400000000005,1.1548100000000003
2026-03-17 07:00:00+00:00,1.1548100000000003,1.1566700000000003,1.1546200000000002,1.1561400000000002
2026-03-17 08:00:00+00:00,1.1561400000000002,1.1584400000000004,1.1554100000000005,1.1576900000000003
2026-03-17 09:00:00+00:00,1.1576900000000003,1.1591200000000004,1.1574500000000003,1.1582800000000002
2026-03-17 10:00:00+00:00,1.1582800000000002,1.1582800000000002,1.1570400000000003,1.1572700000000002
2026-03-17 11:00:00+00:00,1.1572700000000002,1.1585000000000003,1.1571200000000004,1.1574000000000002
2026-03-17 12:00:00+00:00,1.1574000000000002,1.1591100000000003,1.1570900000000002,1.1590600000000002
2026-03-17 13:00:00+00:00,1.1590600000000002,1.1610000000000005,1.1590600000000002,1.1596200000000003
2026-03-17 14:00:00+00:00,1.1596200000000003,1.1604500000000004,1.1586500000000004,1.1599100000000002
2026-03-17 15:00:00+00:00,1.1599100000000002,1.1604600000000005,1.1586500000000004,1.1590800000000003
2026-03-17 16:00:00+00:00,1.1590800000000003,1.1598800000000002,1.1584100000000004,1.1593900000000004
2026-03-17 17:00:00+00:00,1.1593900000000004,1.1606000000000003,1.1592400000000005,1.1605600000000005
2026-03-17 18:00:00+00:00,1.1605600000000005,1.1613100000000005,1.1604300000000003,1.1605000000000003
2026-03-17 19:00:00+00:00,1.1605000000000003,1.1607000000000005,1.1599800000000002,1.1601400000000004
2026-03-17 20:00:00+00:00,1.1601400000000004,1.1607700000000003,1.1600900000000005,1.1605500000000004
2026-03-17 21:00:00+00:00,1.1605500000000004,1.1605500000000004,1.1599600000000003,1.1600600000000003
2026-03-17 22:00:00+00:00,1.1600600000000003,1.1610500000000004,1.1600600000000003,1.1605100000000004
2026-03-17 23:00:00+00:00,1.1605100000000004,1.1606900000000002,1.1602700000000004,1.1604700000000003
2026-03-18 00:00:00+00:00,1.1604700000000003,1.1609600000000002,1.1597100000000002,1.1597700000000004
2026-03-18 01:00:00+00:00,1.1597700000000004,1.1605200000000002,1.1597200000000003,1.1599100000000002
2026-03-18 02:00:00+00:00,1.1599100000000002,1.1603300000000003,1.1597200000000003,1.1597700000000004
2026-03-18 03:00:00+00:00,1.1597700000000004,1.1601900000000005,1.1597300000000004,1.1601200000000005
2026-03-18 04:00:00+00:00,1.1601200000000005,1.1607700000000003,1.1601200000000005,1.1606900000000002
2026-03-18 05:00:00+00:00,1.1606900000000002,1.1612000000000002,1.1605300000000005,1.1610700000000005
2026-03-18 06:00:00+00:00,1.1610700000000005,1.1614400000000002,1.1604500000000002,1.1607400000000003
2026-03-18 07:00:00+00:00,1.1607400000000003,1.1610800000000003,1.1588500000000004,1.1591600000000004
2026-03-18 08:00:00+00:00,1.1591600000000004,1.1599400000000002,1.1583100000000004,1.1597500000000005
2026-03-18 09:00:00+00:00,1.1597500000000005,1.1604500000000002,1.1590500000000004,1.1603600000000005
2026-03-18 10:00:00+00:00,1.1603600000000005,1.1608900000000002,1.1598900000000003,1.1604900000000002
2026-03-18 11:00:00+00:00,1.1604900000000002,1.1620400000000004,1.1595300000000004,1.1611800000000003
2026-03-18 12:00:00+00:00,1.1611800000000003,1.1613100000000005,1.1570700000000005,1.1572500000000003
2026-03-18 13:00:00+00:00,1.1572500000000003,1.1580800000000002,1.1555900000000003,1.1580100000000002
2026-03-18 14:00:00+00:00,1.1580100000000002,1.1592500000000003,1.1569400000000003,1.1581700000000004
2026-03-18 15:00:00+00:00,1.1581700000000004,1.1594800000000005,1.1576700000000002,1.1578000000000004
2026-03-18 16:00:00+00:00,1.1578000000000004,1.1587400000000003,1.1572100000000003,1.1575900000000003
2026-03-18 17:00:00+00:00,1.1575900000000003,1.1581800000000002,1.1567800000000004,1.1581100000000002
2026-03-18 18:00:00+00:00,1.1581100000000002,1.1590100000000003,1.1542300000000003,1.1542500000000002
2026-03-18 19:00:00+00:00,1.1542500000000002,1.1547600000000002,1.1533700000000002,1.1534600000000004
2026-03-18 20:00:00+00:00,1.1534600000000004,1.1535600000000004,1.1515100000000005,1.1516900000000003
2026-03-18 21:00:00+00:00,1.1516900000000003,1.1535400000000002,1.1514900000000003,1.1529000000000005
2026-03-18 22:00:00+00:00,1.1529000000000005,1.1529900000000004,1.1516100000000002,1.1522000000000003
2026-03-18 23:00:00+00:00,1.1522000000000003,1.1531000000000002,1.1520500000000002,1.1528600000000002
2026-03-19 00:00:00+00:00,1.1528600000000002,1.1539400000000004,1.1527400000000003,1.1539100000000002
2026-03-19 01:00:00+00:00,1.1539100000000002,1.1548700000000005,1.1538400000000002,1.1541400000000004
2026-03-19 02:00:00+00:00,1.1541400000000004,1.1556500000000005,1.1537000000000004,1.1547200000000004
2026-03-19 03:00:00+00:00,1.1547200000000004,1.1548600000000002,1.1539800000000002,1.1539900000000003
2026-03-19 04:00:00+00:00,1.1539900000000003,1.1540100000000002,1.1532100000000003,1.1534100000000005
2026-03-19 05:00:00+00:00,1.1534100000000005,1.1536100000000002,1.1528600000000002,1.1530900000000004
2026-03-19 06:00:00+00:00,1.1530900000000004,1.1541900000000005,1.1526200000000002,1.1530500000000004
2026-03-19 07:00:00+00:00,1.1530500000000004,1.1540400000000004,1.1516000000000004,1.1517700000000004
2026-03-19 08:00:00+00:00,1.1517700000000004,1.1524100000000004,1.1508100000000003,1.1516100000000002
2026-03-19 09:00:00+00:00,1.1516100000000002,1.1553000000000002,1.1516100000000002,1.1545400000000003
2026-03-19 10:00:00+00:00,1.1545400000000003,1.1545400000000003,1.1531700000000005,1.1539000000000004
2026-03-19 11:00:00+00:00,1.1539000000000004,1.1546500000000004,1.1530900000000004,1.1544800000000004
2026-03-19 12:00:00+00:00,1.1544800000000004,1.1555000000000002,1.1527900000000002,1.1552300000000002
2026-03-19 13:00:00+00:00,1.1552300000000002,1.1592000000000002,1.1534600000000004,1.1582900000000005
2026-03-19 14:00:00+00:00,1.1582900000000005,1.1593000000000002,1.1565800000000004,1.1581500000000002
2026-03-19 15:00:00+00:00,1.1581500000000002,1.1603900000000005,1.1563700000000003,1.1579400000000004
2026-03-19 16:00:00+00:00,1.1579400000000004,1.1602700000000004,1.1577100000000002,1.1600900000000005
2026-03-19 17:00:00+00:00,1.1600900000000005,1.1632600000000004,1.1600900000000005,1.1625300000000005
2026-03-19 18:00:00+00:00,1.1625300000000005,1.1649300000000002,1.1616500000000003,1.1648900000000002
2026-03-19 19:00:00+00:00,1.1648900000000002,1.1681400000000004,1.1642400000000004,1.1649900000000004
2026-03-19 20:00:00+00:00,1.1649900000000004,1.1655300000000004,1.1645600000000005,1.1653500000000003
2026-03-19 21:00:00+00:00,1.1653500000000003,1.1653600000000004,1.1645200000000002,1.1646300000000005
2026-03-19 22:00:00+00:00,1.1646300000000005,1.1660100000000002,1.1642700000000004,1.1643400000000004
2026-03-19 23:00:00+00:00,1.1643400000000004,1.1646800000000004,1.1639600000000003,1.1641700000000004
2026-03-20 00:00:00+00:00,1.1641700000000004,1.1645100000000004,1.1636200000000003,1.1639000000000004
2026-03-20 01:00:00+00:00,1.1639000000000004,1.1642200000000005,1.1628700000000003,1.1630300000000002
2026-03-20 02:00:00+00:00,1.1630300000000002,1.1633000000000002,1.1626900000000002,1.1628700000000003
2026-03-20 03:00:00+00:00,1.1628700000000003,1.1628800000000004,1.1621400000000004,1.1621900000000005
2026-03-20 04:00:00+00:00,1.1621900000000005,1.1625000000000003,1.1620200000000005,1.1620700000000004
2026-03-20 05:00:00+00:00,1.1620700000000004,1.1626200000000002,1.1617700000000004,1.1617700000000004
2026-03-20 06:00:00+00:00,1.1617700000000004,1.1631300000000002,1.1617700000000004,1.1624400000000004
2026-03-20 07:00:00+00:00,1.1624400000000004,1.1640300000000003,1.1620900000000003,1.1638100000000002
2026-03-20 08:00:00+00:00,1.1638100000000002,1.1645900000000002,1.1632900000000004,1.1633000000000002
2026-03-20 09:00:00+00:00,1.1633000000000002,1.1637900000000003,1.1613100000000005,1.1613900000000004
2026-03-20 10:00:00+00:00,1.1613900000000004,1.1627700000000003,1.1600100000000002,1.1625000000000003
2026-03-20 11:00:00+00:00,1.1625000000000003,1.1645100000000004,1.1622500000000002,1.1636700000000002
2026-03-20 12:00:00+00:00,1.1636700000000002,1.1645000000000003,1.1627200000000002,1.1629600000000002
2026-03-20 13:00:00+00:00,1.1629600000000002,1.1631000000000002,1.1605200000000002,1.1606300000000005
2026-03-20 14:00:00+00:00,1.1606300000000005,1.1609000000000005,1.1589700000000005,1.1600000000000004
2026-03-20 15:00:00+00:00,1.1600000000000004,1.1622800000000002,1.1599800000000002,1.1607300000000005
2026-03-20 16:00:00+00:00,1.1607300000000005,1.1631700000000005,1.1606400000000003,1.1624400000000004
2026-03-20 17:00:00+00:00,1.1624400000000004,1.1635700000000002,1.1614800000000003,1.1623100000000004
2026-03-20 18:00:00+00:00,1.1623100000000004,1.1636700000000002,1.1612700000000002,1.1615600000000004
2026-03-20 19:00:00+00:00,1.1615600000000004,1.1627000000000005,1.1612100000000003,1.1623500000000002
2026-03-20 20:00:00+00:00,1.1623500000000002,1.1636500000000003,1.1622400000000004,1.1636100000000005
2026-03-22 21:00:00+00:00,1.1636100000000005,1.16398,1.1633500000000003,1.1638400000000002
2026-03-22 22:00:00+00:00,1.1638400000000002,1.1663,1.1638400000000002,1.16588
2026-03-22 23:00:00+00:00,1.16588,1.1665100000000002,1.1657700000000002,1.1662400000000002
2026-03-23 00:00:00+00:00,1.1662400000000002,1.16647,1.1639100000000002,1.16447
2026-03-23 01:00:00+00:00,1.16447,1.1662100000000002,1.16447,1.16548
2026-03-23 02:00:00+00:00,1.16548,1.16578,1.1643500000000002,1.16471
2026-03-23 03:00:00+00:00,1.16471,1.16508,1.1643,1.1647500000000002
2026-03-23 04:00:00+00:00,1.1647500000000002,1.1652,1.1646200000000002,1.1650900000000002
2026-03-23 05:00:00+00:00,1.1650900000000002,1.16528,1.16345,1.1634600000000002
2026-03-23 06:00:00+00:00,1.1634600000000002,1.16347,1.16209,1.1630900000000002
2026-03-23 07:00:00+00:00,1.1630900000000002,1.16405,1.16242,1.16277
2026-03-23 08:00:00+00:00,1.16277,1.16466,1.1626500000000002,1.1630200000000002
2026-03-23 09:00:00+00:00,1.1630200000000002,1.16342,1.15915,1.1595300000000002
2026-03-23 10:00:00+00:00,1.1595300000000002,1.1601800000000002,1.15849,1.1586200000000002
2026-03-23 11:00:00+00:00,1.1586200000000002,1.17193,1.1586200000000002,1.16568
2026-03-23 12:00:00+00:00,1.16568,1.17147,1.16466,1.17127
2026-03-23 13:00:00+00:00,1.17127,1.1715600000000002,1.1680400000000002,1.1700100000000002
2026-03-23 14:00:00+00:00,1.1700100000000002,1.1740000000000002,1.16932,1.1715600000000002
2026-03-23 15:00:00+00:00,1.1715600000000002,1.17315,1.16825,1.16866
2026-03-23 16:00:00+00:00,1.16866,1.1701,1.16769,1.16914
2026-03-23 17:00:00+00:00,1.16914,1.1709900000000002,1.1687,1.17023
2026-03-23 18:00:00+00:00,1.17023,1.1737700000000002,1.16924,1.17354
2026-03-23 19:00:00+00:00,1.17354,1.17358,1.17131,1.17138
2026-03-23 20:00:00+00:00,1.17138,1.1715600000000002,1.17098,1.17121
2026-03-23 21:00:00+00:00,1.17121,1.17148,1.17103,1.17143
2026-03-23 22:00:00+00:00,1.17143,1.17182,1.1708299999999998,1.1715099999999998
2026-03-23 23:00:00+00:00,1.1715099999999998,1.17162,1.1706299999999998,1.1708599999999998
2026-03-24 00:00:00+00:00,1.1708599999999998,1.17089,1.16817,1.16888
2026-03-24 01:00:00+00:00,1.16888,1.16963,1.16793,1.1685
2026-03-24 02:00:00+00:00,1.1685,1.16925,1.16833,1.1686299999999998
2026-03-24 03:00:00+00:00,1.1686299999999998,1.1689699999999998,1.16816,1.16835
2026-03-24 04:00:00+00:00,1.16835,1.1683899999999998,1.16762,1.1680799999999998
2026-03-24 05:00:00+00:00,1.1680799999999998,1.16896,1.16762,1.1684199999999998
2026-03-24 06:00:00+00:00,1.1684199999999998,1.16928,1.16794,1.16922
2026-03-24 07:00:00+00:00,1.16922,1.1718099999999998,1.16898,1.17091
2026-03-24 08:00:00+00:00,1.17091,1.1709699999999998,1.1682199999999998,1.16885
2026-03-24 09:00:00+00:00,1.16885,1.16973,1.1679099999999998,1.16952
2026-03-24 10:00:00+00:00,1.16952,1.1696799999999998,1.16837,1.16926
2026-03-24 11:00:00+00:00,1.16926,1.17009,1.16793,1.1689699999999998
2026-03-24 12:00:00+00:00,1.1689699999999998,1.16997,1.1681499999999998,1.1684899999999998
2026-03-24 13:00:00+00:00,1.1684899999999998,1.16912,1.16675,1.1678099999999998
2026-03-24 14:00:00+00:00,1.1678099999999998,1.17074,1.1677799999999998,1.1689699999999998
2026-03-24 15:00:00+00:00,1.1689699999999998,1.16976,1.16763,1.16782
2026-03-24 16:00:00+00:00,1.16782,1.1692699999999998,1.16745,1.16833
2026-03-24 17:00:00+00:00,1.16833,1.16837,1.16576,1.1676399999999998
2026-03-24 18:00:00+00:00,1.1676399999999998,1.16929,1.16681,1.16827
2026-03-24 19:00:00+00:00,1.16827,1.1693099999999998,1.16827,1.1686
2026-03-24 20:00:00+00:00,1.1686,1.1728599999999998,1.1683199999999998,1.17075
2026-03-24 21:00:00+00:00,1.17075,1.17131,1.17003,1.17098
2026-03-24 22:00:00+00:00,1.17098,1.17197,1.1705299999999998,1.17148
2026-03-24 23:00:00+00:00,1.17148,1.1719,1.17094,1.17143
2026-03-25 00:00:00+00:00,1.17143,1.17312,1.17132,1.1724
2026-03-25 01:00:00+00:00,1.1724,1.17251,1.17126,1.17128
2026-03-25 02:00:00+00:00,1.17128,1.1713699999999998,1.1701799999999998,1.1704899999999998
2026-03-25 03:00:00+00:00,1.1704899999999998,1.17061,1.17013,1.17044
2026-03-25 04:00:00+00:00,1.17044,1.1704899999999998,1.16982,1.16986
2026-03-25 05:00:00+00:00,1.16986,1.16989,1.16898,1.1692999999999998
2026-03-25 06:00:00+00:00,1.1692999999999998,1.1700499999999998,1.16878,1.1697
2026-03-25 07:00:00+00:00,1.1697,1.1706,1.16891,1.16983
2026-03-25 08:00:00+00:00,1.16983,1.17172,1.1691399999999998,1.17034
2026-03-25 09:00:00+00:00,1.17034,1.17101,1.16921,1.16997
2026-03-25 10:00:00+00:00,1.16997,1.1706299999999998,1.16966,1.1705199999999998
2026-03-25 11:00:00+00:00,1.1705199999999998,1.17122,1.16948,1.1706199999999998
2026-03-25 12:00:00+00:00,1.1706199999999998,1.1714399999999998,1.1687199999999998,1.16921
2026-03-25 13:00:00+00:00,1.16921,1.16996,1.1672399999999998,1.1673699999999998
2026-03-25 14:00:00+00:00,1.1673699999999998,1.16885,1.1667199999999998,1.16867
2026-03-25 15:00:00+00:00,1.16867,1.16901,1.16638,1.1670599999999998
2026-03-25 16:00:00+00:00,1.1670599999999998,1.16772,1.1656099999999998,1.1668299999999998
2026-03-25 17:00:00+00:00,1.1668299999999998,1.16843,1.16655,1.1679099999999998
2026-03-25 18:00:00+00:00,1.1679099999999998,1.1681799999999998,1.16616,1.1667199999999998
2026-03-25 19:00:00+00:00,1.1667199999999998,1.1667299999999998,1.1659799999999998,1.1664
2026-03-25 20:00:00+00:00,1.1664,1.16643,1.1656799999999998,1.16594
2026-03-25 21:00:00+00:00,1.16594,1.1661799999999998,1.16576,1.1660099999999998
2026-03-25 22:00:00+00:00,1.1660099999999998,1.1663199999999998,1.1656799999999998,1.1661
2026-03-25 23:00:00+00:00,1.1661,1.1662799999999998,1.16596,1.16621
2026-03-26 00:00:00+00:00,1.16621,1.16654,1.1654799999999998,1.16589
2026-03-26 01:00:00+00:00,1.16589,1.1667599999999998,1.1658799999999998,1.16651
2026-03-26 02:00:00+00:00,1.16651,1.16664,1.16555,1.1659499999999998
2026-03-26 03:00:00+00:00,1.1659499999999998,1.1670299999999998,1.1658499999999998,1.1669299999999998
2026-03-26 04:00:00+00:00,1.1669299999999998,1.1673099999999998,1.16681,1.16701
2026-03-26 05:00:00+00:00,1.16701,1.1670599999999998,1.1658499999999998,1.16587
2026-03-26 06:00:00+00:00,1.16587,1.16678,1.1652699999999998,1.1667299999999998
2026-03-26 07:00:00+00:00,1.1667299999999998,1.1667299999999998,1.1651399999999998,1.1654399999999998
2026-03-26 08:00:00+00:00,1.1654399999999998,1.1661799999999998,1.16481,1.1660499999999998
2026-03-26 09:00:00+00:00,1.1660499999999998,1.16657,1.1653399999999998,1.16604
2026-03-26 10:00:00+00:00,1.16604,1.16658,1.16555,1.16579
2026-03-26 11:00:00+00:00,1.16579,1.16594,1.16241,1.1625
2026-03-26 12:00:00+00:00,1.1625,1.16362,1.1623199999999998,1.1635799999999998
2026-03-26 13:00:00+00:00,1.1635799999999998,1.16532,1.1635699999999998,1.1643
2026-03-26 14:00:00+00:00,1.1643,1.16556,1.16376,1.1648299999999998
2026-03-26 15:00:00+00:00,1.1648299999999998,1.16521,1.1631999999999998,1.1642
2026-03-26 16:00:00+00:00,1.1642,1.16438,1.16316,1.1636399999999998
2026-03-26 17:00:00+00:00,1.1636399999999998,1.1638399999999998,1.1626299999999998,1.1626599999999998
2026-03-26 18:00:00+00:00,1.1626599999999998,1.16346,1.1625899999999998,1.16345
2026-03-26 19:00:00+00:00,1.16345,1.16352,1.16224,1.16227
2026-03-26 20:00:00+00:00,1.16227,1.16593,1.1620199999999998,1.1626299999999998
2026-03-26 21:00:00+00:00,1.1626299999999998,1.1636,1.1624599999999998,1.1633699999999998
2026-03-26 22:00:00+00:00,1.1633699999999998,1.1641299999999997,1.1631899999999995,1.1639099999999998
2026-03-26 23:00:00+00:00,1.1639099999999998,1.1640699999999995,1.1634899999999997,1.1635399999999998
2026-03-27 00:00:00+00:00,1.1635399999999998,1.16389,1.1625299999999998,1.1631399999999998
2026-03-27 01:00:00+00:00,1.1631399999999998,1.1641799999999998,1.1630599999999998,1.1641199999999998
2026-03-27 02:00:00+00:00,1.1641199999999998,1.1643499999999998,1.1636999999999995,1.1639399999999998
2026-03-27 03:00:00+00:00,1.1639399999999998,1.1641199999999998,1.1634799999999998,1.16399
2026-03-27 04:00:00+00:00,1.16399,1.1644699999999997,1.16379,1.1643699999999997
2026-03-27 05:00:00+00:00,1.1643699999999997,1.1646999999999998,1.1638099999999998,1.1641999999999997
2026-03-27 06:00:00+00:00,1.1641999999999997,1.1644599999999998,1.1634899999999997,1.1635299999999995
2026-03-27 07:00:00+00:00,1.1635299999999995,1.1635799999999998,1.16179,1.1619799999999998
2026-03-27 08:00:00+00:00,1.1619799999999998,1.1626199999999998,1.1616899999999997,1.1621499999999998
2026-03-27 09:00:00+00:00,1.1621499999999998,1.1627099999999997,1.1615299999999995,1.1620099999999998
2026-03-27 10:00:00+00:00,1.1620099999999998,1.1626899999999998,1.16111,1.1611999999999998
2026-03-27 11:00:00+00:00,1.1611999999999998,1.1614899999999997,1.1605599999999998,1.1608599999999998
2026-03-27 12:00:00+00:00,1.1608599999999998,1.1618999999999997,1.1602699999999997,1.1615999999999995
2026-03-27 13:00:00+00:00,1.1615999999999995,1.16338,1.16152,1.1625
2026-03-27 14:00:00+00:00,1.1625,1.1636599999999997,1.1624099999999995,1.1629699999999998
2026-03-27 15:00:00+00:00,1.1629699999999998,1.16487,1.1618999999999997,1.1620299999999997
2026-03-27 16:00:00+00:00,1.1620299999999997,1.1628199999999995,1.1615699999999998,1.1620099999999998
2026-03-27 17:00:00+00:00,1.1620099999999998,1.1629799999999997,1.1607199999999998,1.16135
2026-03-27 18:00:00+00:00,1.16135,1.1620499999999998,1.1607899999999998,1.16145
2026-03-27 19:00:00+00:00,1.16145,1.1618799999999998,1.1610999999999998,1.1618099999999998
2026-03-27 20:00:00+00:00,1.1618099999999998,1.1621499999999998,1.1607799999999997,1.1609199999999995
2026-03-29 21:00:00+00:00,1.1609199999999995,1.16111,1.1606,1.16072
2026-03-29 22:00:00+00:00,1.16072,1.16098,1.15956,1.15963
2026-03-29 23:00:00+00:00,1.15963,1.16024,1.15951,1.15996
2026-03-30 00:00:00+00:00,1.15996,1.16203,1.15973,1.16145
2026-03-30 01:00:00+00:00,1.16145,1.16187,1.16105,1.16127
2026-03-30 02:00:00+00:00,1.16127,1.1623,1.1609,1.16191
2026-03-30 03:00:00+00:00,1.16191,1.16265,1.1618,1.16234
2026-03-30 04:00:00+00:00,1.16234,1.1629,1.16213,1.16213
2026-03-30 05:00:00+00:00,1.16213,1.16259,1.16174,1.16235
2026-03-30 06:00:00+00:00,1.16235,1.16277,1.16192,1.16204
2026-03-30 07:00:00+00:00,1.16204,1.16205,1.16015,1.16054
2026-03-30 08:00:00+00:00,1.16054,1.16065,1.15983,1.16037
2026-03-30 09:00:00+00:00,1.16037,1.16059,1.15915,1.16021
2026-03-30 10:00:00+00:00,1.16021,1.16051,1.15958,1.1597
2026-03-30 11:00:00+00:00,1.1597,1.16081,1.15916,1.15925
2026-03-30 12:00:00+00:00,1.15925,1.15966,1.15808,1.15905
2026-03-30 13:00:00+00:00,1.15905,1.15956,1.15699,1.15718
2026-03-30 14:00:00+00:00,1.15718,1.15781,1.15625,1.15726
2026-03-30 15:00:00+00:00,1.15726,1.15736,1.15508,1.15614
2026-03-30 16:00:00+00:00,1.15614,1.15689,1.15552,1.15677
2026-03-30 17:00:00+00:00,1.15677,1.1573,1.15634,1.15654
2026-03-30 18:00:00+00:00,1.15654,1.15739,1.15647,1.15689
2026-03-30 19:00:00+00:00,1.15689,1.1570200000000002,1.15616,1.15676
2026-03-30 20:00:00+00:00,1.15676,1.15728,1.1565,1.15718
2026-03-30 21:00:00+00:00,1.15718,1.15761,1.15638,1.1568500000000002
2026-03-30 22:00:00+00:00,1.1568500000000002,1.15727,1.15664,1.15666
2026-03-30 23:00:00+00:00,1.15666,1.15666,1.15595,1.1563800000000002
2026-03-31 00:00:00+00:00,1.1563800000000002,1.15834,1.1554300000000002,1.15819
2026-03-31 01:00:00+00:00,1.15819,1.15979,1.15806,1.15832
2026-03-31 02:00:00+00:00,1.15832,1.1586900000000002,1.1580400000000002,1.1583100000000002
2026-03-31 03:00:00+00:00,1.1583100000000002,1.15836,1.1573600000000002,1.15769
2026-03-31 04:00:00+00:00,1.15769,1.158,1.15761,1.15762
2026-03-31 05:00:00+00:00,1.15762,1.15786,1.15695,1.15717
2026-03-31 06:00:00+00:00,1.15717,1.15816,1.15681,1.15793
2026-03-31 07:00:00+00:00,1.15793,1.15815,1.1570200000000002,1.15796
2026-03-31 08:00:00+00:00,1.15796,1.1583,1.1571300000000002,1.15744
2026-03-31 09:00:00+00:00,1.15744,1.15805,1.15694,1.15754
2026-03-31 10:00:00+00:00,1.15754,1.15771,1.15653,1.1566200000000002
2026-03-31 11:00:00+00:00,1.1566200000000002,1.1598400000000002,1.1564800000000002,1.15983
2026-03-31 12:00:00+00:00,1.15983,1.16172,1.15941,1.1610200000000002
2026-03-31 13:00:00+00:00,1.1610200000000002,1.16398,1.1607900000000002,1.1639400000000002
2026-03-31 14:00:00+00:00,1.1639400000000002,1.1648,1.16183,1.16273
2026-03-31 15:00:00+00:00,1.16273,1.16402,1.16189,1.16246
2026-03-31 16:00:00+00:00,1.16246,1.16671,1.1621100000000002,1.16476
2026-03-31 17:00:00+00:00,1.16476,1.1663800000000002,1.16461,1.1647200000000002
2026-03-31 18:00:00+00:00,1.1647200000000002,1.16581,1.16457,1.1651900000000002
2026-03-31 19:00:00+00:00,1.1651900000000002,1.1667,1.16459,1.16664
2026-03-31 20:00:00+00:00,1.16664,1.16707,1.16588,1.166
2026-03-31 21:00:00+00:00,1.166,1.16616,1.1657000000000002,1.16592
2026-03-31 22:00:00+00:00,1.16592,1.16668,1.16591,1.16652
2026-03-31 23:00:00+00:00,1.16652,1.16812,1.16637,1.16805
2026-04-01 00:00:00+00:00,1.16805,1.16855,1.1676,1.16813
2026-04-01 01:00:00+00:00,1.16813,1.16824,1.16616,1.16685
2026-04-01 02:00:00+00:00,1.16685,1.16778,1.16673,1.16755
2026-04-01 03:00:00+00:00,1.16755,1.16755,1.16658,1.16675
2026-04-01 04:00:00+00:00,1.16675,1.16732,1.16662,1.16721
2026-04-01 05:00:00+00:00,1.16721,1.16831,1.16715,1.16745
2026-04-01 06:00:00+00:00,1.16745,1.16996,1.16687,1.1698
2026-04-01 07:00:00+00:00,1.1698,1.17054,1.16837,1.16889
2026-04-01 08:00:00+00:00,1.16889,1.17174,1.16843,1.17031
2026-04-01 09:00:00+00:00,1.17031,1.17094,1.16875,1.17021
2026-04-01 10:00:00+00:00,1.17021,1.17104,1.17001,1.17065
2026-04-01 11:00:00+00:00,1.17065,1.17168,1.17047,1.17143
2026-04-01 12:00:00+00:00,1.17143,1.17302,1.17005,1.17113
2026-04-01 13:00:00+00:00,1.17113,1.17305,1.17053,1.17184
2026-04-01 14:00:00+00:00,1.17184,1.17337,1.17113,1.17293
2026-04-01 15:00:00+00:00,1.17293,1.17339,1.1712,1.17205
2026-04-01 16:00:00+00:00,1.17205,1.17259,1.17113,1.17258
2026-04-01 17:00:00+00:00,1.17258,1.17304,1.17006,1.17007
2026-04-01 18:00:00+00:00,1.17007,1.17011,1.16835,1.16856
2026-04-01 19:00:00+00:00,1.16856,1.1694,1.16831,1.16904
2026-04-01 20:00:00+00:00,1.16904,1.16987,1.16903,1.16943
2026-04-01 21:00:00+00:00,1.16943,1.16977,1.16909,1.16969
2026-04-01 22:00:00+00:00,1.16969,1.17014,1.16965,1.1697799999999998
2026-04-01 23:00:00+00:00,1.1697799999999998,1.1701499999999998,1.16959,1.16966
2026-04-02 00:00:00+00:00,1.16966,1.17047,1.1693699999999998,1.17024
2026-04-02 01:00:00+00:00,1.17024,1.17122,1.1652399999999998,1.1659399999999998
2026-04-02 02:00:00+00:00,1.1659399999999998,1.1667199999999998,1.1650999999999998,1.16536
2026-04-02 03:00:00+00:00,1.16536,1.1655799999999998,1.1644599999999998,1.1646899999999998
2026-04-02 04:00:00+00:00,1.1646899999999998,1.16488,1.1639,1.16437
2026-04-02 05:00:00+00:00,1.16437,1.16458,1.1631699999999998,1.16322
2026-04-02 06:00:00+00:00,1.16322,1.16424,1.1622199999999998,1.1641099999999998
2026-04-02 07:00:00+00:00,1.1641099999999998,1.16447,1.1625499999999998,1.16393
2026-04-02 08:00:00+00:00,1.16393,1.16426,1.16311,1.16321
2026-04-02 09:00:00+00:00,1.16321,1.1638799999999998,1.16285,1.1632999999999998
2026-04-02 10:00:00+00:00,1.1632999999999998,1.1633699999999998,1.1618,1.1619
2026-04-02 11:00:00+00:00,1.1619,1.1626299999999998,1.1616,1.16244
2026-04-02 12:00:00+00:00,1.16244,1.1638099999999998,1.16237,1.1631399999999998
2026-04-02 13:00:00+00:00,1.1631399999999998,1.1639399999999998,1.1627199999999998,1.1638
2026-04-02 14:00:00+00:00,1.1638,1.16708,1.16335,1.1658099999999998
2026-04-02 15:00:00+00:00,1.1658099999999998,1.1665499999999998,1.16484,1.16519
2026-04-02 16:00:00+00:00,1.16519,1.1654799999999998,1.1645899999999998,1.1646
2026-04-02 17:00:00+00:00,1.1646,1.1656099999999998,1.1643199999999998,1.1644499999999998
2026-04-02 18:00:00+00:00,1.1644499999999998,1.1646899999999998,1.16399,1.16431
2026-04-02 19:00:00+00:00,1.16431,1.16506,1.16403,1.16416
2026-04-02 20:00:00+00:00,1.16416,1.16468,1.1639,1.1645299999999998
2026-04-02 21:00:00+00:00,1.1645299999999998,1.16526,1.16404,1.16514
2026-04-02 22:00:00+00:00,1.16514,1.16527,1.16488,1.1651
2026-04-02 23:00:00+00:00,1.1651,1.16541,1.16505,1.16525
2026-04-03 00:00:00+00:00,1.16525,1.16562,1.1649,1.16492
2026-04-03 01:00:00+00:00,1.16492,1.16508,1.16447,1.16461
2026-04-03 02:00:00+00:00,1.16461,1.16494,1.16431,1.16472
2026-04-03 03:00:00+00:00,1.16472,1.16486,1.1645299999999998,1.16473
2026-04-03 04:00:00+00:00,1.16473,1.16474,1.16449,1.16449
2026-04-03 05:00:00+00:00,1.16449,1.16493,1.16404,1.16491
2026-04-03 06:00:00+00:00,1.16491,1.16517,1.16461,1.16507
2026-04-03 07:00:00+00:00,1.16507,1.16573,1.16506,1.16539
2026-04-03 08:00:00+00:00,1.16539,1.16564,1.16512,1.1654099999999998
2026-04-03 09:00:00+00:00,1.1654099999999998,1.16568,1.16517,1.16542
2026-04-03 10:00:00+00:00,1.16542,1.1660199999999998,1.1653,1.16559
2026-04-03 11:00:00+00:00,1.16559,1.16579,1.16519,1.16554
2026-04-03 12:00:00+00:00,1.16554,1.16571,1.16271,1.16422
2026-04-03 13:00:00+00:00,1.16422,1.1649699999999998,1.16389,1.16458
2026-04-03 14:00:00+00:00,1.16458,1.16476,1.16319,1.16323
2026-04-03 15:00:00+00:00,1.16323,1.1639,1.16307,1.16333
2026-04-03 16:00:00+00:00,1.16333,1.16333,1.16296,1.16299
2026-04-03 17:00:00+00:00,1.16299,1.16328,1.16293,1.16312
2026-04-03 18:00:00+00:00,1.16312,1.16324,1.1625,1.16256
2026-04-03 19:00:00+00:00,1.16256,1.16269,1.16249,1.16254
2026-04-03 20:00:00+00:00,1.16254,1.16385,1.16205,1.16262
2026-04-05 21:00:00+00:00,1.1520100000000002,1.1523200000000002,1.15173,1.15196
2026-04-05 22:00:00+00:00,1.15196,1.152,1.15053,1.1515
2026-04-05 23:00:00+00:00,1.1515,1.15169,1.1508500000000002,1.1509900000000002
2026-04-06 00:00:00+00:00,1.1509900000000002,1.15185,1.15095,1.1511900000000002
2026-04-06 01:00:00+00:00,1.1511900000000002,1.15145,1.15064,1.1507
2026-04-06 02:00:00+00:00,1.1507,1.15288,1.1507,1.15207
2026-04-06 03:00:00+00:00,1.15207,1.15234,1.15172,1.15192
2026-04-06 04:00:00+00:00,1.15192,1.15251,1.15186,1.15244
2026-04-06 05:00:00+00:00,1.15244,1.15298,1.1523100000000002,1.1525500000000002
2026-04-06 06:00:00+00:00,1.1525500000000002,1.1537700000000002,1.15222,1.15332
2026-04-06 07:00:00+00:00,1.15332,1.1568900000000002,1.1525500000000002,1.15646
2026-04-06 08:00:00+00:00,1.15646,1.1568900000000002,1.1554000000000002,1.1555300000000002
2026-04-06 09:00:00+00:00,1.1555300000000002,1.1560700000000002,1.15477,1.1550600000000002
2026-04-06 10:00:00+00:00,1.1550600000000002,1.1554300000000002,1.1537400000000002,1.15481
2026-04-06 11:00:00+00:00,1.15481,1.15501,1.1540400000000002,1.1545900000000002
2026-04-06 12:00:00+00:00,1.1545900000000002,1.1554700000000002,1.1542800000000002,1.15535
2026-04-06 13:00:00+00:00,1.15535,1.15615,1.15494,1.15596
2026-04-06 14:00:00+00:00,1.15596,1.15718,1.1542800000000002,1.15432
2026-04-06 15:00:00+00:00,1.15432,1.15446,1.1535700000000002,1.15444
2026-04-06 16:00:00+00:00,1.15444,1.15483,1.1542400000000002,1.15453
2026-04-06 17:00:00+00:00,1.15453,1.1549,1.15342,1.15417
2026-04-06 18:00:00+00:00,1.15417,1.15528,1.1539800000000002,1.1545800000000002
2026-04-06 19:00:00+00:00,1.1545800000000002,1.1547,1.1540800000000002,1.15429
2026-04-06 20:00:00+00:00,1.15429,1.15447,1.15396,1.1540400000000002
2026-04-06 21:00:00+00:00,1.1540400000000002,1.15439,1.15371,1.1542100000000002
2026-04-06 22:00:00+00:00,1.1542100000000002,1.1548,1.1542100000000002,1.15426
2026-04-06 23:00:00+00:00,1.15426,1.15436,1.1539,1.15409
2026-04-07 00:00:00+00:00,1.15409,1.1544100000000002,1.15366,1.15376
2026-04-07 01:00:00+00:00,1.15376,1.15405,1.15274,1.1530300000000002
2026-04-07 02:00:00+00:00,1.1530300000000002,1.15321,1.1524200000000002,1.1529900000000002
2026-04-07 03:00:00+00:00,1.1529900000000002,1.15349,1.1529,1.1534600000000002
2026-04-07 04:00:00+00:00,1.1534600000000002,1.1539,1.15331,1.1538400000000002
2026-04-07 05:00:00+00:00,1.1538400000000002,1.15399,1.15304,1.15355
2026-04-07 06:00:00+00:00,1.15355,1.15457,1.15328,1.1544800000000002
2026-04-07 07:00:00+00:00,1.1544800000000002,1.1546200000000002,1.15369,1.15429
2026-04-07 08:00:00+00:00,1.15429,1.15758,1.1542,1.15737
2026-04-07 09:00:00+00:00,1.15737,1.15756,1.1562400000000002,1.1563
2026-04-07 10:00:00+00:00,1.1563,1.1564,1.1545900000000002,1.15544
2026-04-07 11:00:00+00:00,1.15544,1.15623,1.15481,1.1560100000000002
2026-04-07 12:00:00+00:00,1.1560100000000002,1.1569900000000002,1.15539,1.15606
2026-04-07 13:00:00+00:00,1.15606,1.1565200000000002,1.15561,1.1563800000000002
2026-04-07 14:00:00+00:00,1.1563800000000002,1.1583800000000002,1.15585,1.15721
2026-04-07 15:00:00+00:00,1.15721,1.1578700000000002,1.1566,1.15711
2026-04-07 16:00:00+00:00,1.15711,1.15798,1.15698,1.15717
2026-04-07 17:00:00+00:00,1.15717,1.1579700000000002,1.15664,1.15778
2026-04-07 18:00:00+00:00,1.15778,1.15832,1.15715,1.15748
2026-04-07 19:00:00+00:00,1.15748,1.1601800000000002,1.15731,1.1595300000000002
2026-04-07 20:00:00+00:00,1.1595300000000002,1.1605200000000002,1.15927,1.15935
2026-04-07 21:00:00+00:00,1.15935,1.16006,1.1590900000000002,1.1595300000000002
2026-04-07 22:00:00+00:00,1.1595300000000002,1.1669300000000002,1.15881,1.16677
2026-04-07 23:00:00+00:00,1.16677,1.1690200000000002,1.1661,1.1686
2026-04-08 00:00:00+00:00,1.1686,1.16966,1.16657,1.1671600000000002
2026-04-08 01:00:00+00:00,1.1671600000000002,1.16881,1.1670900000000002,1.16752
2026-04-08 02:00:00+00:00,1.16752,1.1682,1.1668600000000002,1.16735
2026-04-08 03:00:00+00:00,1.16735,1.16758,1.1666,1.16704
2026-04-08 04:00:00+00:00,1.16704,1.1680800000000002,1.16704,1.16761
2026-04-08 05:00:00+00:00,1.16761,1.17083,1.1671900000000002,1.1691200000000002
2026-04-08 06:00:00+00:00,1.1691200000000002,1.17088,1.16843,1.16961
2026-04-08 07:00:00+00:00,1.16961,1.1700100000000002,1.1678700000000002,1.16952
2026-04-08 08:00:00+00:00,1.16952,1.1699000000000002,1.1668600000000002,1.1681
2026-04-08 09:00:00+00:00,1.1681,1.1689200000000002,1.16779,1.16793
2026-04-08 10:00:00+00:00,1.16793,1.16924,1.1677300000000002,1.169
2026-04-08 11:00:00+00:00,1.169,1.171,1.16853,1.1700100000000002
2026-04-08 12:00:00+00:00,1.1700100000000002,1.1718000000000002,1.1687900000000002,1.1713900000000002
2026-04-08 13:00:00+00:00,1.1713900000000002,1.17216,1.16867,1.16941
2026-04-08 14:00:00+00:00,1.16941,1.1703400000000002,1.1689300000000002,1.16941
2026-04-08 15:00:00+00:00,1.16941,1.1696400000000002,1.1684100000000002,1.16861
2026-04-08 16:00:00+00:00,1.16861,1.1688500000000002,1.1677000000000002,1.1681700000000002
2026-04-08 17:00:00+00:00,1.1681700000000002,1.1685100000000002,1.1668600000000002,1.1674700000000002
2026-04-08 18:00:00+00:00,1.1674700000000002,1.168,1.1649500000000002,1.16501
2026-04-08 19:00:00+00:00,1.16501,1.16704,1.1643200000000002,1.16677
2026-04-08 20:00:00+00:00,1.16677,1.1669300000000002,1.16603,1.1662400000000002
2026-04-08 21:00:00+00:00,1.1662400000000002,1.16653,1.1658700000000002,1.16638
2026-04-08 22:00:00+00:00,1.16638,1.16675,1.16598,1.16622
2026-04-08 23:00:00+00:00,1.16622,1.16631,1.16574,1.16591
2026-04-09 00:00:00+00:00,1.16591,1.1661,1.16528,1.16571
2026-04-09 01:00:00+00:00,1.16571,1.16635,1.16504,1.16617
2026-04-09 02:00:00+00:00,1.16617,1.16674,1.16591,1.16652
2026-04-09 03:00:00+00:00,1.16652,1.16668,1.16605,1.16623
2026-04-09 04:00:00+00:00,1.16623,1.1671,1.16618,1.16664
2026-04-09 05:00:00+00:00,1.16664,1.16678,1.16592,1.16609
2026-04-09 06:00:00+00:00,1.16609,1.16643,1.16543,1.16643
2026-04-09 07:00:00+00:00,1.16643,1.16692,1.16553,1.16629
2026-04-09 08:00:00+00:00,1.16629,1.16748,1.16596,1.1672
2026-04-09 09:00:00+00:00,1.1672,1.16791,1.16684,1.16745
2026-04-09 10:00:00+00:00,1.16745,1.16796,1.16711,1.16711
2026-04-09 11:00:00+00:00,1.16711,1.16894,1.16696,1.16883
2026-04-09 12:00:00+00:00,1.16883,1.169,1.16789,1.1686
2026-04-09 13:00:00+00:00,1.1686,1.16952,1.16811,1.16818
2026-04-09 14:00:00+00:00,1.16818,1.16881,1.16743,1.16846
2026-04-09 15:00:00+00:00,1.16846,1.17071,1.16776,1.17054
2026-04-09 16:00:00+00:00,1.17054,1.1714,1.17023,1.17105
2026-04-09 17:00:00+00:00,1.17105,1.17233,1.171,1.17141
2026-04-09 18:00:00+00:00,1.17141,1.17148,1.16974,1.16991
2026-04-09 19:00:00+00:00,1.16991,1.17085,1.16979,1.17007
2026-04-09 20:00:00+00:00,1.17007,1.17008,1.16953,1.16975
2026-04-09 21:00:00+00:00,1.16975,1.1701100000000002,1.16943,1.1701
2026-04-09 22:00:00+00:00,1.1701,1.17028,1.16931,1.1694600000000002
2026-04-09 23:00:00+00:00,1.1694600000000002,1.16966,1.16906,1.1692
2026-04-10 00:00:00+00:00,1.1692,1.16921,1.16859,1.16883
2026-04-10 01:00:00+00:00,1.16883,1.16951,1.16866,1.16928
2026-04-10 02:00:00+00:00,1.16928,1.16947,1.16871,1.16914
2026-04-10 03:00:00+00:00,1.16914,1.16972,1.16901,1.16961
2026-04-10 04:00:00+00:00,1.16961,1.1697000000000002,1.16917,1.16924
2026-04-10 05:00:00+00:00,1.16924,1.1693300000000002,1.16879,1.16903
2026-04-10 06:00:00+00:00,1.16903,1.16941,1.16836,1.16846
2026-04-10 07:00:00+00:00,1.16846,1.16901,1.16795,1.16802
2026-04-10 08:00:00+00:00,1.16802,1.16903,1.16779,1.16864
2026-04-10 09:00:00+00:00,1.16864,1.17115,1.1685,1.17108
2026-04-10 10:00:00+00:00,1.17108,1.17162,1.17063,1.17134
2026-04-10 11:00:00+00:00,1.17134,1.17193,1.1711200000000002,1.17145
2026-04-10 12:00:00+00:00,1.17145,1.1726,1.17098,1.17213
2026-04-10 13:00:00+00:00,1.17213,1.17352,1.1719000000000002,1.17281
2026-04-10 14:00:00+00:00,1.17281,1.1738700000000002,1.17205,1.17283
2026-04-10 15:00:00+00:00,1.17283,1.1740000000000002,1.1722100000000002,1.17228
2026-04-10 16:00:00+00:00,1.17228,1.1725800000000002,1.17141,1.17209
2026-04-10 17:00:00+00:00,1.17209,1.17266,1.1719400000000002,1.1723800000000002
2026-04-10 18:00:00+00:00,1.1723800000000002,1.17359,1.1719400000000002,1.17321
2026-04-10 19:00:00+00:00,1.17321,1.1733,1.17276,1.17277
2026-04-10 20:00:00+00:00,1.17277,1.17313,1.17209,1.1722800000000002
2026-04-12 21:00:00+00:00,1.1722800000000002,1.1732100000000003,1.1718000000000002,1.1721900000000005
2026-04-12 22:00:00+00:00,1.1721900000000005,1.1730700000000005,1.1719000000000002,1.17257
2026-04-12 23:00:00+00:00,1.17257,1.1728900000000002,1.1717300000000002,1.1728300000000005
2026-04-13 00:00:00+00:00,1.1728300000000005,1.1741,1.17243,1.1741
2026-04-13 01:00:00+00:00,1.1741,1.1743100000000002,1.17338,1.1739700000000002
2026-04-13 02:00:00+00:00,1.1739700000000002,1.1743500000000002,1.17386,1.1741800000000002
2026-04-13 03:00:00+00:00,1.1741800000000002,1.17427,1.17393,1.1741500000000002
2026-04-13 04:00:00+00:00,1.1741500000000002,1.17437,1.17393,1.1739700000000002
2026-04-13 05:00:00+00:00,1.1739700000000002,1.17426,1.17366,1.1741400000000002
2026-04-13 06:00:00+00:00,1.1741400000000002,1.1748300000000005,1.17315,1.17389
2026-04-13 07:00:00+00:00,1.17389,1.1753600000000002,1.17389,1.1750600000000002
2026-04-13 08:00:00+00:00,1.1750600000000002,1.1750600000000002,1.17369,1.1739500000000005
2026-04-13 09:00:00+00:00,1.1739500000000005,1.1746200000000002,1.1737100000000005,1.1739700000000002
2026-04-13 10:00:00+00:00,1.1739700000000002,1.1748500000000002,1.17359,1.1746900000000002
2026-04-13 11:00:00+00:00,1.1746900000000002,1.17531,1.1734400000000005,1.17352
2026-04-13 12:00:00+00:00,1.17352,1.1752600000000002,1.1734000000000002,1.17518
2026-04-13 13:00:00+00:00,1.17518,1.1765800000000002,1.17498,1.1758800000000005
2026-04-13 14:00:00+00:00,1.1758800000000005,1.17742,1.1753900000000002,1.1763800000000002
2026-04-13 15:00:00+00:00,1.1763800000000002,1.17657,1.1756000000000002,1.1763100000000002
2026-04-13 16:00:00+00:00,1.1763100000000002,1.1784900000000005,1.1760400000000002,1.1778500000000005
2026-04-13 17:00:00+00:00,1.1778500000000005,1.1791300000000002,1.1778300000000002,1.1787
2026-04-13 18:00:00+00:00,1.1787,1.18196,1.1787,1.1817800000000005
2026-04-13 19:00:00+00:00,1.1817800000000005,1.18185,1.1807300000000005,1.1813600000000002
2026-04-13 20:00:00+00:00,1.1813600000000002,1.1816600000000002,1.1810000000000005,1.18118
2026-04-13 21:00:00+00:00,1.18118,1.1812200000000004,1.1806200000000002,1.1808200000000002
2026-04-13 22:00:00+00:00,1.1808200000000002,1.1818100000000002,1.1807200000000002,1.1815100000000005
2026-04-13 23:00:00+00:00,1.1815100000000005,1.1820400000000002,1.1814500000000003,1.1820400000000002
2026-04-14 00:00:00+00:00,1.1820400000000002,1.1821600000000003,1.1814700000000002,1.1820000000000004
2026-04-14 01:00:00+00:00,1.1820000000000004,1.1821300000000003,1.1813200000000004,1.1813800000000003
2026-04-14 02:00:00+00:00,1.1813800000000003,1.1815800000000003,1.1809800000000004,1.1814200000000004
2026-04-14 03:00:00+00:00,1.1814200000000004,1.1822000000000004,1.1812600000000002,1.1820500000000005
2026-04-14 04:00:00+00:00,1.1820500000000005,1.1823500000000002,1.1818200000000003,1.1820400000000002
2026-04-14 05:00:00+00:00,1.1820400000000002,1.1823200000000005,1.1813100000000003,1.1817900000000003
2026-04-14 06:00:00+00:00,1.1817900000000003,1.1832000000000005,1.1811800000000003,1.1831700000000005
2026-04-14 07:00:00+00:00,1.1831700000000005,1.1850300000000002,1.1831000000000005,1.1833600000000004
2026-04-14 08:00:00+00:00,1.1833600000000004,1.1838200000000003,1.1828700000000003,1.1836300000000004
2026-04-14 09:00:00+00:00,1.1836300000000004,1.1846200000000002,1.1835500000000003,1.1842400000000004
2026-04-14 10:00:00+00:00,1.1842400000000004,1.1852500000000004,1.1841800000000002,1.1850100000000003
2026-04-14 11:00:00+00:00,1.1850100000000003,1.1859700000000004,1.1849000000000005,1.1853100000000003
2026-04-14 12:00:00+00:00,1.1853100000000003,1.1859200000000003,1.1846300000000003,1.1858300000000004
2026-04-14 13:00:00+00:00,1.1858300000000004,1.1861300000000004,1.1847100000000004,1.1853000000000002
2026-04-14 14:00:00+00:00,1.1853000000000002,1.1864700000000004,1.1846800000000004,1.1862400000000004
2026-04-14 15:00:00+00:00,1.1862400000000004,1.1862400000000004,1.1841100000000002,1.1844000000000003
2026-04-14 16:00:00+00:00,1.1844000000000003,1.1850700000000003,1.1841900000000003,1.1847700000000003
2026-04-14 17:00:00+00:00,1.1847700000000003,1.1853200000000004,1.1845400000000004,1.1849300000000005
2026-04-14 18:00:00+00:00,1.1849300000000005,1.1850600000000002,1.1844100000000004,1.1846600000000005
2026-04-14 19:00:00+00:00,1.1846600000000005,1.1849100000000004,1.1844200000000005,1.1845500000000002
2026-04-14 20:00:00+00:00,1.1845500000000002,1.1849900000000002,1.1845000000000003,1.1849000000000005
2026-04-14 21:00:00+00:00,1.1849000000000005,1.1849000000000005,1.1841600000000003,1.18437
2026-04-14 22:00:00+00:00,1.18437,1.1853300000000002,1.1843500000000002,1.1849000000000005
2026-04-14 23:00:00+00:00,1.1849000000000005,1.1855700000000002,1.1848200000000002,1.1852100000000003
2026-04-15 00:00:00+00:00,1.1852100000000003,1.18525,1.1843200000000005,1.1847800000000002
2026-04-15 01:00:00+00:00,1.1847800000000002,1.1850600000000002,1.1843500000000002,1.1844500000000002
2026-04-15 02:00:00+00:00,1.1844500000000002,1.1844600000000003,1.1832700000000005,1.1837400000000002
2026-04-15 03:00:00+00:00,1.1837400000000002,1.1843100000000002,1.1834000000000002,1.1841000000000002
2026-04-15 04:00:00+00:00,1.1841000000000002,1.1843400000000002,1.1840200000000003,1.1842400000000002
2026-04-15 05:00:00+00:00,1.1842400000000002,1.1852200000000002,1.1842200000000005,1.1845900000000005
2026-04-15 06:00:00+00:00,1.1845900000000005,1.1853200000000002,1.18376,1.1838100000000005
2026-04-15 07:00:00+00:00,1.1838100000000005,1.1844400000000002,1.1836600000000002,1.1839500000000005
2026-04-15 08:00:00+00:00,1.1839500000000005,1.1849200000000002,1.1839200000000003,1.1843100000000002
2026-04-15 09:00:00+00:00,1.1843100000000002,1.1845300000000003,1.1829200000000002,1.1835500000000003
2026-04-15 10:00:00+00:00,1.1835500000000003,1.1840400000000002,1.1825800000000002,1.18308
2026-04-15 11:00:00+00:00,1.18308,1.1838400000000002,1.1826800000000002,1.1836800000000005
2026-04-15 12:00:00+00:00,1.1836800000000005,1.18467,1.18311,1.1841900000000003
2026-04-15 13:00:00+00:00,1.1841900000000003,1.1851200000000002,1.1837800000000005,1.1841800000000002
2026-04-15 14:00:00+00:00,1.1841800000000002,1.1854100000000003,1.1838200000000003,1.1850500000000002
2026-04-15 15:00:00+00:00,1.1850500000000002,1.1861900000000003,1.1848500000000002,1.1851900000000002
2026-04-15 16:00:00+00:00,1.1851900000000002,1.1856600000000002,1.1851300000000002,1.1854700000000002
2026-04-15 17:00:00+00:00,1.1854700000000002,1.1855800000000003,1.1846500000000002,1.1848700000000003
2026-04-15 18:00:00+00:00,1.1848700000000003,1.1855700000000002,1.1847500000000002,1.1854300000000002
2026-04-15 19:00:00+00:00,1.1854300000000002,1.18586,1.18525,1.1853600000000002
2026-04-15 20:00:00+00:00,1.1853600000000002,1.1854900000000002,1.1849300000000005,1.1852700000000005
2026-04-15 21:00:00+00:00,1.1852700000000005,1.1856500000000008,1.1848800000000006,1.1849900000000009
2026-04-15 22:00:00+00:00,1.1849900000000009,1.1856000000000009,1.1849800000000006,1.1855200000000006
2026-04-15 23:00:00+00:00,1.1855200000000006,1.1860800000000005,1.1855200000000006,1.1859600000000006
2026-04-16 00:00:00+00:00,1.1859600000000006,1.1861400000000004,1.1855700000000005,1.1860200000000003
2026-04-16 01:00:00+00:00,1.1860200000000003,1.1862200000000005,1.1849800000000006,1.1855500000000003
2026-04-16 02:00:00+00:00,1.1855500000000003,1.1870500000000006,1.1854900000000006,1.1870000000000005
2026-04-16 03:00:00+00:00,1.1870000000000005,1.1876800000000003,1.1865100000000006,1.1865900000000005
2026-04-16 04:00:00+00:00,1.1865900000000005,1.1866000000000003,1.1861200000000005,1.1862300000000006
2026-04-16 05:00:00+00:00,1.1862300000000006,1.1863000000000006,1.1855900000000006,1.1857200000000006
2026-04-16 06:00:00+00:00,1.1857200000000006,1.1859800000000005,1.1846500000000004,1.1856100000000005
2026-04-16 07:00:00+00:00,1.1856100000000005,1.1857700000000004,1.1843800000000004,1.1844500000000004
2026-04-16 08:00:00+00:00,1.1844500000000004,1.1846900000000005,1.1829400000000003,1.1839000000000006
2026-04-16 09:00:00+00:00,1.1839000000000006,1.1840600000000006,1.1829800000000006,1.1832500000000006
2026-04-16 10:00:00+00:00,1.1832500000000006,1.1833400000000005,1.1825500000000004,1.1832700000000005
2026-04-16 11:00:00+00:00,1.1832700000000005,1.1841600000000003,1.1832700000000005,1.1836900000000006
2026-04-16 12:00:00+00:00,1.1836900000000006,1.1837600000000006,1.1828900000000004,1.1834400000000005
2026-04-16 13:00:00+00:00,1.1834400000000005,1.1836600000000006,1.1819800000000005,1.1825400000000006
2026-04-16 14:00:00+00:00,1.1825400000000006,1.1835100000000005,1.1821900000000003,1.1824600000000005
2026-04-16 15:00:00+00:00,1.1824600000000005,1.1835100000000005,1.1822900000000005,1.1835000000000004
2026-04-16 16:00:00+00:00,1.1835000000000004,1.1840200000000003,1.1821700000000006,1.1827900000000005
2026-04-16 17:00:00+00:00,1.1827900000000005,1.1828500000000006,1.1821100000000004,1.1826500000000004
2026-04-16 18:00:00+00:00,1.1826500000000004,1.1834000000000005,1.1826100000000006,1.1832600000000004
2026-04-16 19:00:00+00:00,1.1832600000000004,1.1838700000000004,1.1832600000000004,1.1834100000000003
2026-04-16 20:00:00+00:00,1.1834100000000003,1.1836400000000005,1.1831500000000006,1.1834100000000003
2026-04-16 21:00:00+00:00,1.1834100000000003,1.1834100000000003,1.1827600000000005,1.1830800000000006
2026-04-16 22:00:00+00:00,1.1830800000000006,1.1840000000000006,1.1830800000000006,1.1838200000000003
2026-04-16 23:00:00+00:00,1.1838200000000003,1.1839400000000004,1.1833700000000005,1.1834200000000006
2026-04-17 00:00:00+00:00,1.1834200000000006,1.1836100000000005,1.1830100000000006,1.1832000000000005
2026-04-17 01:00:00+00:00,1.1832000000000005,1.1832800000000006,1.1827500000000004,1.1829000000000005
2026-04-17 02:00:00+00:00,1.1829000000000005,1.1830700000000005,1.1825900000000005,1.1830100000000006
2026-04-17 03:00:00+00:00,1.1830100000000006,1.1838200000000003,1.1828400000000006,1.1836300000000006
2026-04-17 04:00:00+00:00,1.1836300000000006,1.1837300000000006,1.1834500000000006,1.1835700000000005
2026-04-17 05:00:00+00:00,1.1835700000000005,1.1837400000000005,1.1832800000000006,1.1833600000000004
2026-04-17 06:00:00+00:00,1.1833600000000004,1.1836000000000004,1.1825200000000005,1.1827900000000005
2026-04-17 07:00:00+00:00,1.1827900000000005,1.1836200000000006,1.1827900000000005,1.1835100000000005
2026-04-17 08:00:00+00:00,1.1835100000000005,1.1848500000000006,1.1833800000000003,1.1846800000000006
2026-04-17 09:00:00+00:00,1.1846800000000006,1.1852200000000006,1.1843900000000005,1.1846300000000003
2026-04-17 10:00:00+00:00,1.1846300000000003,1.1848900000000004,1.1844200000000005,1.1847400000000006
2026-04-17 11:00:00+00:00,1.1847400000000006,1.1852300000000004,1.1845000000000006,1.1846600000000005
2026-04-17 12:00:00+00:00,1.1846600000000005,1.1890300000000005,1.1846300000000003,1.1888100000000006
2026-04-17 13:00:00+00:00,1.1888100000000006,1.1902100000000004,1.1876900000000006,1.1886600000000005
2026-04-17 14:00:00+00:00,1.1886600000000005,1.1888800000000006,1.1866100000000006,1.1866600000000005
2026-04-17 15:00:00+00:00,1.1866600000000005,1.1869500000000006,1.1852700000000005,1.1853600000000004
2026-04-17 16:00:00+00:00,1.1853600000000004,1.1857700000000004,1.1844800000000004,1.1851800000000006
2026-04-17 17:00:00+00:00,1.1851800000000006,1.1851800000000006,1.1837700000000004,1.1848300000000005
2026-04-17 18:00:00+00:00,1.1848300000000005,1.1850700000000003,1.1827100000000006,1.1832800000000006
2026-04-17 19:00:00+00:00,1.1832800000000006,1.1836700000000004,1.1819900000000003,1.1821900000000003
2026-04-17 20:00:00+00:00,1.1821900000000003,1.1824800000000004,1.1812200000000006,1.1815600000000004
2026-04-19 21:00:00+00:00,1.1815600000000004,1.1821600000000003,1.1809600000000005,1.1810200000000004
2026-04-19 22:00:00+00:00,1.1810200000000004,1.1820900000000003,1.1808600000000005,1.1820700000000004
2026-04-19 23:00:00+00:00,1.1820700000000004,1.1826400000000004,1.1817300000000004,1.1819700000000004
2026-04-20 00:00:00+00:00,1.1819700000000004,1.1837900000000003,1.1817800000000005,1.1835200000000003
2026-04-20 01:00:00+00:00,1.1835200000000003,1.1840600000000003,1.1831500000000004,1.1837600000000004
2026-04-20 02:00:00+00:00,1.1837600000000004,1.1842400000000004,1.1835500000000003,1.1837800000000005
2026-04-20 03:00:00+00:00,1.1837800000000005,1.1843400000000004,1.1835500000000003,1.1841000000000004
2026-04-20 04:00:00+00:00,1.1841000000000004,1.1843000000000004,1.1837100000000005,1.1839900000000003
2026-04-20 05:00:00+00:00,1.1839900000000003,1.1841700000000004,1.1827900000000005,1.1834000000000005
2026-04-20 06:00:00+00:00,1.1834000000000005,1.1846500000000004,1.1828400000000003,1.1845800000000004
2026-04-20 07:00:00+00:00,1.1845800000000004,1.1852700000000005,1.1834500000000003,1.1840200000000003
2026-04-20 08:00:00+00:00,1.1840200000000003,1.1845600000000005,1.1837500000000003,1.1841900000000003
2026-04-20 09:00:00+00:00,1.1841900000000003,1.1846600000000005,1.1836000000000004,1.1846300000000003
2026-04-20 10:00:00+00:00,1.1846300000000003,1.1852200000000004,1.1843200000000005,1.1851500000000004
2026-04-20 11:00:00+00:00,1.1851500000000004,1.1856400000000005,1.1846200000000005,1.1847800000000004
2026-04-20 12:00:00+00:00,1.1847800000000004,1.1849100000000004,1.1836700000000004,1.1845900000000005
2026-04-20 13:00:00+00:00,1.1845900000000005,1.1862500000000005,1.1842000000000004,1.1856000000000004
2026-04-20 14:00:00+00:00,1.1856000000000004,1.1858900000000003,1.1843000000000004,1.1852700000000005
2026-04-20 15:00:00+00:00,1.1852700000000005,1.1870400000000003,1.1849300000000005,1.1864900000000005
2026-04-20 16:00:00+00:00,1.1864900000000005,1.1869000000000005,1.1862600000000003,1.1866600000000005
2026-04-20 17:00:00+00:00,1.1866600000000005,1.1871100000000003,1.1862300000000003,1.1864700000000004
2026-04-20 18:00:00+00:00,1.1864700000000004,1.1870500000000004,1.1859600000000003,1.1860900000000003
2026-04-20 19:00:00+00:00,1.1860900000000003,1.1869700000000003,1.1860500000000005,1.1866900000000005
2026-04-20 20:00:00+00:00,1.1866900000000005,1.1869600000000005,1.1864500000000002,1.18691
2026-04-20 21:00:00+00:00,1.18691,1.18691,1.1863200000000005,1.18664
2026-04-20 22:00:00+00:00,1.18664,1.18715,1.1866300000000003,1.18715
2026-04-20 23:00:00+00:00,1.18715,1.1872000000000005,1.1864200000000005,1.1865100000000002
2026-04-21 00:00:00+00:00,1.1865100000000002,1.18664,1.1861700000000002,1.18637
2026-04-21 01:00:00+00:00,1.18637,1.1867100000000002,1.1860400000000002,1.18613
2026-04-21 02:00:00+00:00,1.18613,1.1863200000000005,1.1857800000000005,1.1860200000000003
2026-04-21 03:00:00+00:00,1.1860200000000003,1.18606,1.1854300000000002,1.1856500000000003
2026-04-21 04:00:00+00:00,1.1856500000000003,1.18576,1.1855000000000002,1.1856500000000003
2026-04-21 05:00:00+00:00,1.1856500000000003,1.1863100000000002,1.1856100000000005,1.1859100000000002
2026-04-21 06:00:00+00:00,1.1859100000000002,1.1861100000000002,1.1852900000000002,1.1855600000000002
2026-04-21 07:00:00+00:00,1.1855600000000002,1.1858000000000002,1.1844400000000002,1.1845100000000002
2026-04-21 08:00:00+00:00,1.1845100000000002,1.1847900000000002,1.18379,1.1846100000000002
2026-04-21 09:00:00+00:00,1.1846100000000002,1.1846200000000002,1.1837500000000003,1.1840400000000002
2026-04-21 10:00:00+00:00,1.1840400000000002,1.1842400000000002,1.1837400000000002,1.1841900000000003
2026-04-21 11:00:00+00:00,1.1841900000000003,1.18494,1.1837100000000005,1.18481
2026-04-21 12:00:00+00:00,1.18481,1.1849300000000005,1.1835000000000002,1.1840100000000002
2026-04-21 13:00:00+00:00,1.1840100000000002,1.18525,1.1838800000000005,1.1846600000000005
2026-04-21 14:00:00+00:00,1.1846600000000005,1.18569,1.18328,1.1833300000000002
2026-04-21 15:00:00+00:00,1.1833300000000002,1.18406,1.1822100000000002,1.1832300000000002
2026-04-21 16:00:00+00:00,1.1832300000000002,1.1836600000000002,1.18213,1.1822500000000002
2026-04-21 17:00:00+00:00,1.1822500000000002,1.1844500000000002,1.1801100000000002,1.1823800000000002
2026-04-21 18:00:00+00:00,1.1823800000000002,1.18281,1.1810300000000002,1.18216
2026-04-21 19:00:00+00:00,1.18216,1.18332,1.1799700000000002,1.1806600000000005
2026-04-21 20:00:00+00:00,1.1806600000000005,1.18342,1.1804300000000003,1.1823400000000002
2026-04-21 21:00:00+00:00,1.1823400000000002,1.1831000000000005,1.18128,1.1820700000000002
2026-04-21 22:00:00+00:00,1.1820700000000002,1.1824200000000002,1.18196,1.1819700000000002
2026-04-21 23:00:00+00:00,1.1819700000000002,1.1825100000000002,1.1818200000000003,1.1825
2026-04-22 00:00:00+00:00,1.1825,1.1832200000000002,1.1824,1.1824800000000002
2026-04-22 01:00:00+00:00,1.1824800000000002,1.1827900000000002,1.18196,1.1825500000000002
2026-04-22 02:00:00+00:00,1.1825500000000002,1.1829300000000005,1.18206,1.1821500000000005
2026-04-22 03:00:00+00:00,1.1821500000000005,1.1823400000000002,1.18186,1.1819400000000002
2026-04-22 04:00:00+00:00,1.1819400000000002,1.1823400000000002,1.1819200000000003,1.1820400000000002
2026-04-22 05:00:00+00:00,1.1820400000000002,1.1843400000000002,1.1820000000000002,1.1831300000000002
2026-04-22 06:00:00+00:00,1.1831300000000002,1.1836100000000005,1.1825800000000002,1.1830300000000002
2026-04-22 07:00:00+00:00,1.1830300000000002,1.1837300000000002,1.1826900000000002,1.1836300000000002
2026-04-22 08:00:00+00:00,1.1836300000000002,1.1840100000000002,1.18284,1.1834600000000002
2026-04-22 09:00:00+00:00,1.1834600000000002,1.1838300000000002,1.18274,1.1828500000000002
2026-04-22 10:00:00+00:00,1.1828500000000002,1.18342,1.18247,1.18325
2026-04-22 11:00:00+00:00,1.18325,1.18325,1.1812900000000002,1.1815600000000002
2026-04-22 12:00:00+00:00,1.1815600000000002,1.18186,1.1805900000000005,1.1808600000000002
2026-04-22 13:00:00+00:00,1.1808600000000002,1.1824100000000002,1.18047,1.1821700000000002
2026-04-22 14:00:00+00:00,1.1821700000000002,1.1824100000000002,1.17993,1.1799500000000005
2026-04-22 15:00:00+00:00,1.1799500000000005,1.1804900000000005,1.1793400000000005,1.17942
2026-04-22 16:00:00+00:00,1.17942,1.1796600000000002,1.1790900000000002,1.1793700000000005
2026-04-22 17:00:00+00:00,1.1793700000000005,1.1797800000000005,1.1790900000000002,1.1791300000000002
2026-04-22 18:00:00+00:00,1.1791300000000002,1.1793800000000003,1.1788500000000002,1.17898
2026-04-22 19:00:00+00:00,1.17898,1.1792200000000002,1.1785900000000002,1.1786600000000005
2026-04-22 20:00:00+00:00,1.1786600000000005,1.1788700000000003,1.1784,1.1785500000000002
2026-04-22 21:00:00+00:00,1.1785500000000002,1.1789000000000005,1.1784200000000002,1.1788400000000003
2026-04-22 22:00:00+00:00,1.1788400000000003,1.1790000000000005,1.1786000000000003,1.1787100000000004
2026-04-22 23:00:00+00:00,1.1787100000000004,1.1788200000000006,1.1785700000000008,1.1786700000000008
2026-04-23 00:00:00+00:00,1.1786700000000008,1.179470000000001,1.1773200000000008,1.1792700000000007
2026-04-23 01:00:00+00:00,1.1792700000000007,1.1794100000000007,1.1788700000000008,1.1790200000000006
2026-04-23 02:00:00+00:00,1.1790200000000006,1.1791500000000008,1.1776900000000008,1.1778500000000007
2026-04-23 03:00:00+00:00,1.1778500000000007,1.1782800000000009,1.1775900000000008,1.1776600000000008
2026-04-23 04:00:00+00:00,1.1776600000000008,1.1781700000000008,1.1776200000000008,1.1781200000000007
2026-04-23 05:00:00+00:00,1.1781200000000007,1.1788100000000008,1.1780500000000007,1.1788100000000008
2026-04-23 06:00:00+00:00,1.1788100000000008,1.1790100000000008,1.1783100000000006,1.1784600000000007
2026-04-23 07:00:00+00:00,1.1784600000000007,1.1793100000000007,1.1775600000000006,1.178350000000001
2026-04-23 08:00:00+00:00,1.178350000000001,1.178620000000001,1.1777500000000007,1.1782700000000008
2026-04-23 09:00:00+00:00,1.1782700000000008,1.1783400000000006,1.1771400000000007,1.1774800000000007
2026-04-23 10:00:00+00:00,1.1774800000000007,1.1777200000000008,1.1760700000000006,1.1763200000000007
2026-04-23 11:00:00+00:00,1.1763200000000007,1.1778800000000007,1.1760000000000008,1.1771700000000007
2026-04-23 12:00:00+00:00,1.1771700000000007,1.1779200000000007,1.1767100000000008,1.177300000000001
2026-04-23 13:00:00+00:00,1.177300000000001,1.1777800000000007,1.176350000000001,1.1772100000000008
2026-04-23 14:00:00+00:00,1.1772100000000008,1.1797600000000008,1.1768300000000007,1.1791900000000006
2026-04-23 15:00:00+00:00,1.1791900000000006,1.1796600000000008,1.178180000000001,1.1784400000000008
2026-04-23 16:00:00+00:00,1.1784400000000008,1.1786600000000007,1.1779400000000009,1.1783200000000007
2026-04-23 17:00:00+00:00,1.1783200000000007,1.1783800000000006,1.1750200000000006,1.1773900000000008
2026-04-23 18:00:00+00:00,1.1773900000000008,1.1781100000000009,1.1769300000000007,1.1770200000000006
2026-04-23 19:00:00+00:00,1.1770200000000006,1.177130000000001,1.1761400000000006,1.1767500000000006
2026-04-23 20:00:00+00:00,1.1767500000000006,1.1767800000000008,1.1761700000000008,1.1764300000000008
2026-04-23 21:00:00+00:00,1.1764300000000008,1.1769100000000008,1.1757500000000007,1.1764100000000006
2026-04-23 22:00:00+00:00,1.1764100000000006,1.1767800000000008,1.1764100000000006,1.1767200000000009
2026-04-23 23:00:00+00:00,1.1767200000000009,1.1767300000000007,1.1763100000000006,1.1764600000000007
2026-04-24 00:00:00+00:00,1.1764600000000007,1.1769500000000006,1.1762900000000007,1.1766300000000007
2026-04-24 01:00:00+00:00,1.1766300000000007,1.1769800000000008,1.1763300000000008,1.176960000000001
2026-04-24 02:00:00+00:00,1.176960000000001,1.1770400000000008,1.1759200000000007,1.1760200000000007
2026-04-24 03:00:00+00:00,1.1760200000000007,1.1761200000000007,1.1754000000000009,1.1759000000000006
2026-04-24 04:00:00+00:00,1.1759000000000006,1.1762800000000009,1.1757500000000007,1.1760200000000007
2026-04-24 05:00:00+00:00,1.1760200000000007,1.176420000000001,1.1757600000000008,1.1763100000000006
2026-04-24 06:00:00+00:00,1.1763100000000006,1.1764800000000006,1.1758300000000008,1.1759600000000008
2026-04-24 07:00:00+00:00,1.1759600000000008,1.1775000000000009,1.1757100000000007,1.1771600000000009
2026-04-24 08:00:00+00:00,1.1771600000000009,1.1777000000000006,1.1764900000000007,1.1770800000000008
2026-04-24 09:00:00+00:00,1.1770800000000008,1.1772000000000007,1.1765100000000006,1.1767500000000006
2026-04-24 10:00:00+00:00,1.1767500000000006,1.1784600000000007,1.1766600000000007,1.1784300000000008
2026-04-24 11:00:00+00:00,1.1784300000000008,1.1799600000000008,1.1783800000000006,1.179570000000001
2026-04-24 12:00:00+00:00,1.179570000000001,1.1798500000000007,1.1783700000000008,1.1789800000000008
2026-04-24 13:00:00+00:00,1.1789800000000008,1.1793700000000007,1.1779700000000006,1.1787500000000006
2026-04-24 14:00:00+00:00,1.1787500000000006,1.1798000000000006,1.1781200000000007,1.1787200000000009
2026-04-24 15:00:00+00:00,1.1787200000000009,1.180080000000001,1.1781600000000008,1.1798600000000008
2026-04-24 16:00:00+00:00,1.1798600000000008,1.180080000000001,1.179400000000001,1.1800200000000007
2026-04-24 17:00:00+00:00,1.1800200000000007,1.1802200000000007,1.1793100000000007,1.1794600000000006
2026-04-24 18:00:00+00:00,1.1794600000000006,1.1800700000000006,1.1792200000000008,1.1798800000000007
2026-04-24 19:00:00+00:00,1.1798800000000007,1.1802000000000008,1.1796500000000008,1.1799700000000006
2026-04-24 20:00:00+00:00,1.1799700000000006,1.1804100000000006,1.1796700000000009,1.1798200000000008
2026-04-26 21:00:00+00:00,1.1798200000000008,1.1820400000000006,1.1798200000000008,1.1815700000000005
2026-04-26 22:00:00+00:00,1.1815700000000005,1.1823600000000003,1.1815700000000005,1.1819400000000004
2026-04-26 23:00:00+00:00,1.1819400000000004,1.1821100000000004,1.1816700000000004,1.1816900000000006
2026-04-27 00:00:00+00:00,1.1816900000000006,1.1828700000000003,1.1816900000000006,1.1827500000000004
2026-04-27 01:00:00+00:00,1.1827500000000004,1.1838400000000004,1.1827500000000004,1.1836000000000004
2026-04-27 02:00:00+00:00,1.1836000000000004,1.1839800000000005,1.1831100000000006,1.1838000000000004
2026-04-27 03:00:00+00:00,1.1838000000000004,1.1844000000000006,1.1837900000000006,1.1840900000000003
2026-04-27 04:00:00+00:00,1.1840900000000003,1.1843100000000004,1.1836700000000004,1.1838200000000003
2026-04-27 05:00:00+00:00,1.1838200000000003,1.1839500000000005,1.1833600000000004,1.1834000000000005
2026-04-27 06:00:00+00:00,1.1834000000000005,1.1841300000000006,1.1828200000000004,1.1841200000000005
2026-04-27 07:00:00+00:00,1.1841200000000005,1.1856800000000003,1.1840700000000004,1.1855600000000004
2026-04-27 08:00:00+00:00,1.1855600000000004,1.1862400000000004,1.1850700000000003,1.1860000000000004
2026-04-27 09:00:00+00:00,1.1860000000000004,1.1862500000000005,1.1852600000000004,1.1853800000000003
2026-04-27 10:00:00+00:00,1.1853800000000003,1.1859500000000005,1.1850400000000003,1.1857600000000006
2026-04-27 11:00:00+00:00,1.1857600000000006,1.1858700000000004,1.1849300000000005,1.1852800000000006
2026-04-27 12:00:00+00:00,1.1852800000000006,1.1866500000000004,1.1852300000000004,1.1855900000000006
2026-04-27 13:00:00+00:00,1.1855900000000006,1.1865600000000005,1.1847200000000004,1.1851500000000006
2026-04-27 14:00:00+00:00,1.1851500000000006,1.1859700000000004,1.1844700000000006,1.1847600000000005
2026-04-27 15:00:00+00:00,1.1847600000000005,1.1848400000000006,1.1840800000000005,1.1842300000000006
2026-04-27 16:00:00+00:00,1.1842300000000006,1.1845400000000006,1.1836700000000004,1.1837500000000003
2026-04-27 17:00:00+00:00,1.1837500000000003,1.1841500000000005,1.1831600000000004,1.1834700000000005
2026-04-27 18:00:00+00:00,1.1834700000000005,1.1836400000000005,1.1830400000000003,1.1831600000000004
2026-04-27 19:00:00+00:00,1.1831600000000004,1.1837400000000005,1.1830700000000005,1.1832300000000004
2026-04-27 20:00:00+00:00,1.1832300000000004,1.1834800000000003,1.1830900000000004,1.1830900000000004
2026-04-27 21:00:00+00:00,1.1830900000000004,1.1833900000000004,1.1829500000000004,1.1832300000000004
2026-04-27 22:00:00+00:00,1.1832300000000004,1.1835800000000003,1.1831700000000005,1.1835000000000004
2026-04-27 23:00:00+00:00,1.1835000000000004,1.1836000000000004,1.1834100000000003,1.1835800000000003
2026-04-28 00:00:00+00:00,1.1835800000000003,1.1839700000000004,1.1829800000000004,1.1831600000000004
2026-04-28 01:00:00+00:00,1.1831600000000004,1.1831600000000004,1.1825000000000003,1.1825500000000004
2026-04-28 02:00:00+00:00,1.1825500000000004,1.1826500000000004,1.1820600000000003,1.1821200000000005
2026-04-28 03:00:00+00:00,1.1821200000000005,1.1830600000000004,1.1820900000000003,1.1826000000000003
2026-04-28 04:00:00+00:00,1.1826000000000003,1.1829100000000004,1.1824400000000004,1.1825200000000005
2026-04-28 05:00:00+00:00,1.1825200000000005,1.1826200000000004,1.1818100000000005,1.1818800000000005
2026-04-28 06:00:00+00:00,1.1818800000000005,1.1820900000000003,1.1799800000000005,1.1800100000000004
2026-04-28 07:00:00+00:00,1.1800100000000004,1.1813600000000004,1.1798700000000004,1.1809300000000005
2026-04-28 08:00:00+00:00,1.1809300000000005,1.1820500000000005,1.1807600000000005,1.1815000000000004
2026-04-28 09:00:00+00:00,1.1815000000000004,1.1815000000000004,1.1799100000000005,1.1805000000000003
2026-04-28 10:00:00+00:00,1.1805000000000003,1.1808500000000004,1.1803100000000004,1.1806000000000003
2026-04-28 11:00:00+00:00,1.1806000000000003,1.1812200000000004,1.1794800000000003,1.1795700000000005
2026-04-28 12:00:00+00:00,1.1795700000000005,1.1812700000000005,1.1790100000000003,1.1809700000000003
2026-04-28 13:00:00+00:00,1.1809700000000003,1.1816500000000003,1.1801200000000005,1.1810000000000005
2026-04-28 14:00:00+00:00,1.1810000000000005,1.1816000000000004,1.1803300000000003,1.1813600000000004
2026-04-28 15:00:00+00:00,1.1813600000000004,1.1828500000000004,1.1813600000000004,1.1826400000000004
2026-04-28 16:00:00+00:00,1.1826400000000004,1.1829800000000004,1.1818200000000003,1.1823200000000005
2026-04-28 17:00:00+00:00,1.1823200000000005,1.1830400000000003,1.1819300000000004,1.1826400000000004
2026-04-28 18:00:00+00:00,1.1826400000000004,1.1828900000000004,1.1824000000000003,1.1824500000000004
2026-04-28 19:00:00+00:00,1.1824500000000004,1.1828000000000003,1.1819800000000005,1.1822500000000005
2026-04-28 20:00:00+00:00,1.1822500000000005,1.1827900000000005,1.1822100000000004,1.1824700000000004
2026-04-28 21:00:00+00:00,1.1824700000000004,1.1827000000000003,1.1820700000000004,1.1823600000000003
2026-04-28 22:00:00+00:00,1.1823600000000003,1.1830400000000003,1.1823600000000003,1.1827800000000002
2026-04-28 23:00:00+00:00,1.1827800000000002,1.1829700000000003,1.1827300000000005,1.1829700000000003
2026-04-29 00:00:00+00:00,1.1829700000000003,1.1832700000000005,1.1826600000000005,1.1827700000000003
2026-04-29 01:00:00+00:00,1.1827700000000003,1.1828300000000005,1.1819200000000003,1.1824100000000002
2026-04-29 02:00:00+00:00,1.1824100000000002,1.1829000000000005,1.18193,1.1819700000000002
2026-04-29 03:00:00+00:00,1.1819700000000002,1.1822800000000002,1.1817200000000003,1.1818100000000002
2026-04-29 04:00:00+00:00,1.1818100000000002,1.1819800000000005,1.1816700000000002,1.1817700000000002
2026-04-29 05:00:00+00:00,1.1817700000000002,1.18179,1.1810200000000002,1.1812700000000005
2026-04-29 06:00:00+00:00,1.1812700000000005,1.1816300000000002,1.1808500000000002,1.1812100000000003
2026-04-29 07:00:00+00:00,1.1812100000000003,1.1820400000000002,1.1810300000000002,1.1817400000000002
2026-04-29 08:00:00+00:00,1.1817400000000002,1.1817800000000005,1.18057,1.1812200000000002
2026-04-29 09:00:00+00:00,1.1812200000000002,1.1816700000000002,1.1808200000000002,1.1809700000000003
2026-04-29 10:00:00+00:00,1.1809700000000003,1.1821500000000005,1.1808600000000002,1.18213
2026-04-29 11:00:00+00:00,1.18213,1.1821800000000002,1.18118,1.1813100000000003
2026-04-29 12:00:00+00:00,1.1813100000000003,1.18203,1.1805500000000002,1.1811300000000002
2026-04-29 13:00:00+00:00,1.1811300000000002,1.1815400000000005,1.1794600000000002,1.1801
2026-04-29 14:00:00+00:00,1.1801,1.18152,1.17959,1.1813300000000002
2026-04-29 15:00:00+00:00,1.1813300000000002,1.1816300000000002,1.17993,1.1806800000000002
2026-04-29 16:00:00+00:00,1.1806800000000002,1.1810900000000002,1.1795800000000003,1.1796800000000005
2026-04-29 17:00:00+00:00,1.1796800000000005,1.1801200000000005,1.1791900000000002,1.1799000000000002
2026-04-29 18:00:00+00:00,1.1799000000000002,1.1802600000000003,1.1773400000000005,1.1784400000000006
2026-04-29 19:00:00+00:00,1.1784400000000006,1.1792600000000004,1.1779300000000006,1.1788500000000004
2026-04-29 20:00:00+00:00,1.1788500000000004,1.1789800000000006,1.1783100000000004,1.1789200000000004
2026-04-29 21:00:00+00:00,1.1789200000000004,1.17935,1.1783600000000003,1.17894
2026-04-29 22:00:00+00:00,1.17894,1.17966,1.17889,1.17956
2026-04-29 23:00:00+00:00,1.17956,1.18043,1.1794,1.18025
2026-04-30 00:00:00+00:00,1.18025,1.18075,1.1797,1.17971
2026-04-30 01:00:00+00:00,1.17971,1.17997,1.17913,1.17925
2026-04-30 02:00:00+00:00,1.17925,1.17946,1.17804,1.17849
2026-04-30 03:00:00+00:00,1.17849,1.17889,1.17827,1.17839
2026-04-30 04:00:00+00:00,1.17839,1.17841,1.1773,1.17781
2026-04-30 05:00:00+00:00,1.17781,1.17825,1.17768,1.17773
2026-04-30 06:00:00+00:00,1.17773,1.17884,1.17756,1.17883
2026-04-30 07:00:00+00:00,1.17883,1.18019,1.17878,1.17975
2026-04-30 08:00:00+00:00,1.17975,1.18155,1.17921,1.17975
2026-04-30 09:00:00+00:00,1.17975,1.18153,1.17911,1.18125
2026-04-30 10:00:00+00:00,1.18125,1.18333,1.1807,1.18326
2026-04-30 11:00:00+00:00,1.18326,1.18375,1.18211,1.18228
2026-04-30 12:00:00+00:00,1.18228,1.18235,1.18073,1.18105
2026-04-30 13:00:00+00:00,1.18105,1.18188,1.17997,1.1808
2026-04-30 14:00:00+00:00,1.1808,1.18514,1.18055,1.18458
2026-04-30 15:00:00+00:00,1.18458,1.18537,1.18407,1.18464
2026-04-30 16:00:00+00:00,1.18464,1.18535,1.18409,1.18434
2026-04-30 17:00:00+00:00,1.18434,1.18503,1.184,1.1843
2026-04-30 18:00:00+00:00,1.1843,1.18581,1.1843,1.18543
2026-04-30 19:00:00+00:00,1.18543,1.18595,1.18501,1.18514
2026-04-30 20:00:00+00:00,1.18514,1.18545,1.18474,1.18494
2026-04-30 21:00:00+00:00,1.18494,1.18519,1.18449,1.18488
2026-04-30 22:00:00+00:00,1.18488,1.18545,1.18471,1.18492
2026-04-30 23:00:00+00:00,1.18492,1.18512,1.18461,1.18466
2026-05-01 00:00:00+00:00,1.18466,1.18478,1.18421,1.18456
2026-05-01 01:00:00+00:00,1.18456,1.1851,1.18431,1.1849
2026-05-01 02:00:00+00:00,1.1849,1.1852,1.18475,1.18516
2026-05-01 03:00:00+00:00,1.18516,1.18544,1.18485,1.1849
2026-05-01 04:00:00+00:00,1.1849,1.18502,1.18439,1.18447
2026-05-01 05:00:00+00:00,1.18447,1.18451,1.18397,1.18405
2026-05-01 06:00:00+00:00,1.18405,1.18629,1.18368,1.18534
2026-05-01 07:00:00+00:00,1.18534,1.18599,1.18494,1.18525
2026-05-01 08:00:00+00:00,1.18525,1.18659,1.18498,1.18614
2026-05-01 09:00:00+00:00,1.18614,1.18618,1.18488,1.18492
2026-05-01 10:00:00+00:00,1.18492,1.18638,1.18488,1.18626
2026-05-01 11:00:00+00:00,1.18626,1.18763,1.1862,1.18692
2026-05-01 12:00:00+00:00,1.18692,1.18868,1.18662,1.18756
2026-05-01 13:00:00+00:00,1.18756,1.18815,1.18619,1.18794
2026-05-01 14:00:00+00:00,1.18794,1.19032,1.1878,1.18853
2026-05-01 15:00:00+00:00,1.18853,1.18887,1.1871,1.1873
2026-05-01 16:00:00+00:00,1.1873,1.18751,1.18557,1.18562
2026-05-01 17:00:00+00:00,1.18562,1.18584,1.18472,1.1851
2026-05-01 18:00:00+00:00,1.1851,1.18521,1.18373,1.18453
2026-05-01 19:00:00+00:00,1.18453,1.18463,1.18357,1.18375
2026-05-01 20:00:00+00:00,1.18375,1.18404,1.18319,1.1837400000000002
2026-05-03 21:00:00+00:00,1.1837400000000002,1.1840400000000002,1.18279,1.1830900000000002
2026-05-03 22:00:00+00:00,1.1830900000000002,1.18347,1.18194,1.1825800000000002
2026-05-03 23:00:00+00:00,1.1825800000000002,1.1826,1.1817700000000002,1.18186
2026-05-04 00:00:00+00:00,1.18186,1.1821400000000002,1.18141,1.18196
2026-05-04 01:00:00+00:00,1.18196,1.1822,1.18127,1.1817700000000002
2026-05-04 02:00:00+00:00,1.1817700000000002,1.1821400000000002,1.18151,1.18202
2026-05-04 03:00:00+00:00,1.18202,1.18315,1.18172,1.183
2026-05-04 04:00:00+00:00,1.183,1.18308,1.18201,1.1821700000000002
2026-05-04 05:00:00+00:00,1.1821700000000002,1.18249,1.18182,1.18233
2026-05-04 06:00:00+00:00,1.18233,1.18298,1.1814,1.1821400000000002
2026-05-04 07:00:00+00:00,1.1821400000000002,1.18216,1.18079,1.18103
2026-05-04 08:00:00+00:00,1.18103,1.18158,1.18039,1.1811900000000002
2026-05-04 09:00:00+00:00,1.1811900000000002,1.18164,1.18084,1.181
2026-05-04 10:00:00+00:00,1.181,1.181,1.17813,1.1797700000000002
2026-05-04 11:00:00+00:00,1.1797700000000002,1.18013,1.17854,1.1785800000000002
2026-05-04 12:00:00+00:00,1.1785800000000002,1.1805,1.17847,1.18018
2026-05-04 13:00:00+00:00,1.18018,1.18104,1.17947,1.18077
2026-05-04 14:00:00+00:00,1.18077,1.1809,1.1797000000000002,1.17999
2026-05-04 15:00:00+00:00,1.17999,1.18083,1.17867,1.179
2026-05-04 16:00:00+00:00,1.179,1.17935,1.17735,1.17749
2026-05-04 17:00:00+00:00,1.17749,1.17898,1.1774300000000002,1.1786100000000002
2026-05-04 18:00:00+00:00,1.1786100000000002,1.17906,1.17808,1.17898
2026-05-04 19:00:00+00:00,1.17898,1.17951,1.1786100000000002,1.17876
2026-05-04 20:00:00+00:00,1.17876,1.1787800000000002,1.17796,1.17796
2026-05-04 21:00:00+00:00,1.17796,1.1782100000000002,1.1776900000000003,1.1780400000000002
2026-05-04 22:00:00+00:00,1.1780400000000002,1.1782200000000005,1.1779300000000004,1.1780600000000003
2026-05-04 23:00:00+00:00,1.1780600000000003,1.1783400000000004,1.1780400000000002,1.1782100000000002
2026-05-05 00:00:00+00:00,1.1782100000000002,1.1784300000000003,1.1775600000000004,1.1776900000000003
2026-05-05 01:00:00+00:00,1.1776900000000003,1.1778800000000005,1.1770100000000003,1.1777400000000002
2026-05-05 02:00:00+00:00,1.1777400000000002,1.1782100000000002,1.1776700000000002,1.1778100000000002
2026-05-05 03:00:00+00:00,1.1778100000000002,1.1778700000000002,1.1774100000000003,1.1774500000000003
2026-05-05 04:00:00+00:00,1.1774500000000003,1.1777900000000003,1.1767400000000003,1.1768300000000005
2026-05-05 05:00:00+00:00,1.1768300000000005,1.1775000000000002,1.1767000000000003,1.1773800000000003
2026-05-05 06:00:00+00:00,1.1773800000000003,1.1780100000000002,1.1770000000000005,1.1776400000000002
2026-05-05 07:00:00+00:00,1.1776400000000002,1.1787100000000004,1.1776200000000003,1.1779600000000003
2026-05-05 08:00:00+00:00,1.1779600000000003,1.1787300000000005,1.1775600000000004,1.1779300000000004
2026-05-05 09:00:00+00:00,1.1779300000000004,1.1783400000000004,1.1771600000000002,1.1780700000000002
2026-05-05 10:00:00+00:00,1.1780700000000002,1.1788300000000005,1.1777500000000003,1.1780100000000002
2026-05-05 11:00:00+00:00,1.1780100000000002,1.1785200000000002,1.1773800000000003,1.1779600000000003
2026-05-05 12:00:00+00:00,1.1779600000000003,1.1788500000000002,1.1775800000000003,1.1783000000000003
2026-05-05 13:00:00+00:00,1.1783000000000003,1.1795100000000005,1.1782600000000003,1.1787800000000004
2026-05-05 14:00:00+00:00,1.1787800000000004,1.1796400000000002,1.1782000000000004,1.1796300000000002
2026-05-05 15:00:00+00:00,1.1796300000000002,1.1804200000000002,1.1791700000000005,1.1797100000000005
2026-05-05 16:00:00+00:00,1.1797100000000005,1.1799400000000002,1.1788500000000002,1.1789900000000002
2026-05-05 17:00:00+00:00,1.1789900000000002,1.1794700000000002,1.1786700000000003,1.1789300000000005
2026-05-05 18:00:00+00:00,1.1789300000000005,1.1791500000000004,1.1787600000000005,1.1790400000000003
2026-05-05 19:00:00+00:00,1.1790400000000003,1.1791800000000003,1.1784600000000005,1.1785800000000002
2026-05-05 20:00:00+00:00,1.1785800000000002,1.1787500000000002,1.1782800000000002,1.1782900000000005
2026-05-05 21:00:00+00:00,1.1782900000000005,1.1783400000000004,1.1779900000000003,1.1782500000000002
2026-05-05 22:00:00+00:00,1.1782500000000002,1.17996,1.17819,1.17958
2026-05-05 23:00:00+00:00,1.17958,1.1816000000000002,1.1795300000000002,1.1805100000000002
2026-05-06 00:00:00+00:00,1.1805100000000002,1.18118,1.1801400000000002,1.1810500000000002
2026-05-06 01:00:00+00:00,1.1810500000000002,1.1816400000000002,1.1808,1.18117
2026-05-06 02:00:00+00:00,1.18117,1.18152,1.1806,1.18077
2026-05-06 03:00:00+00:00,1.18077,1.18135,1.18066,1.18081
2026-05-06 04:00:00+00:00,1.18081,1.18332,1.18067,1.18273
2026-05-06 05:00:00+00:00,1.18273,1.1828500000000002,1.1820400000000002,1.1823400000000002
2026-05-06 06:00:00+00:00,1.1823400000000002,1.1825900000000005,1.18186,1.18237
2026-05-06 07:00:00+00:00,1.18237,1.1828600000000002,1.18148,1.18277
2026-05-06 08:00:00+00:00,1.18277,1.1861100000000002,1.1823100000000002,1.1852600000000002
2026-05-06 09:00:00+00:00,1.1852600000000002,1.18677,1.18464,1.1865500000000002
2026-05-06 10:00:00+00:00,1.1865500000000002,1.1887,1.18569,1.1879400000000002
2026-05-06 11:00:00+00:00,1.1879400000000002,1.1882,1.18585,1.18602
2026-05-06 12:00:00+00:00,1.18602,1.1860400000000002,1.1842,1.1844
2026-05-06 13:00:00+00:00,1.1844,1.1849500000000002,1.1836700000000002,1.1842
2026-05-06 14:00:00+00:00,1.1842,1.18534,1.18352,1.1845500000000002
2026-05-06 15:00:00+00:00,1.1845500000000002,1.1849,1.1839000000000002,1.1843
2026-05-06 16:00:00+00:00,1.1843,1.18439,1.18321,1.1834600000000002
2026-05-06 17:00:00+00:00,1.1834600000000002,1.1846,1.18331,1.18385
2026-05-06 18:00:00+00:00,1.18385,1.1842,1.18351,1.1839800000000005
2026-05-06 19:00:00+00:00,1.1839800000000005,1.1845800000000002,1.18379,1.1838000000000002
2026-05-06 20:00:00+00:00,1.1838000000000002,1.1841000000000002,1.18352,1.1838100000000005
2026-05-06 21:00:00+00:00,1.1838100000000005,1.1841299999999997,1.1831900000000002,1.1840699999999995
2026-05-06 22:00:00+00:00,1.1840699999999995,1.1843499999999998,1.1840599999999997,1.1842799999999998
2026-05-06 23:00:00+00:00,1.1842799999999998,1.1844099999999995,1.1838399999999998,1.1839999999999995
2026-05-07 00:00:00+00:00,1.1839999999999995,1.1846199999999998,1.1838799999999996,1.1840599999999997
2026-05-07 01:00:00+00:00,1.1840599999999997,1.1855499999999997,1.1838599999999997,1.1851099999999997
2026-05-07 02:00:00+00:00,1.1851099999999997,1.1852999999999998,1.1846699999999997,1.1848499999999995
2026-05-07 03:00:00+00:00,1.1848499999999995,1.1848699999999996,1.1840799999999998,1.1840899999999996
2026-05-07 04:00:00+00:00,1.1840899999999996,1.1845499999999998,1.1839799999999998,1.1842799999999998
2026-05-07 05:00:00+00:00,1.1842799999999998,1.1845699999999997,1.1842099999999998,1.1843799999999998
2026-05-07 06:00:00+00:00,1.1843799999999998,1.1848899999999998,1.1837099999999998,1.1840099999999998
2026-05-07 07:00:00+00:00,1.1840099999999998,1.1860599999999997,1.1839999999999995,1.1858899999999997
2026-05-07 08:00:00+00:00,1.1858899999999997,1.1866199999999998,1.1854999999999998,1.1863799999999998
2026-05-07 09:00:00+00:00,1.1863799999999998,1.1870299999999998,1.1857699999999998,1.1862299999999997
2026-05-07 10:00:00+00:00,1.1862299999999997,1.1868299999999996,1.1857099999999996,1.1859099999999998
2026-05-07 11:00:00+00:00,1.1859099999999998,1.1862399999999995,1.1854399999999996,1.1861999999999997
2026-05-07 12:00:00+00:00,1.1861999999999997,1.1869999999999996,1.1859299999999997,1.1864999999999997
2026-05-07 13:00:00+00:00,1.1864999999999997,1.1869199999999998,1.1858599999999997,1.1860599999999997
2026-05-07 14:00:00+00:00,1.1860599999999997,1.1869399999999997,1.1855999999999998,1.1867899999999998
2026-05-07 15:00:00+00:00,1.1867899999999998,1.1869899999999998,1.1855099999999996,1.1855799999999996
2026-05-07 16:00:00+00:00,1.1855799999999996,1.1858099999999998,1.1848599999999998,1.1852399999999996
2026-05-07 17:00:00+00:00,1.1852399999999996,1.1852999999999998,1.1827699999999997,1.1840899999999996
2026-05-07 18:00:00+00:00,1.1840899999999996,1.1844099999999995,1.1831699999999996,1.1842199999999996
2026-05-07 19:00:00+00:00,1.1842199999999996,1.1846199999999998,1.1825499999999998,1.1825599999999996
2026-05-07 20:00:00+00:00,1.1825599999999996,1.1836899999999997,1.1814299999999998,1.1816199999999997
2026-05-07 21:00:00+00:00,1.1816199999999997,1.1820799999999998,1.1813399999999996,1.1818099999999998
2026-05-07 22:00:00+00:00,1.1818099999999998,1.1823899999999996,1.1814999999999998,1.1817199999999997
2026-05-07 23:00:00+00:00,1.1817199999999997,1.1823499999999998,1.1816699999999998,1.1822499999999998
2026-05-08 00:00:00+00:00,1.1822499999999998,1.1826799999999995,1.1818499999999996,1.1818999999999995
2026-05-08 01:00:00+00:00,1.1818999999999995,1.1825699999999997,1.1818999999999995,1.1824499999999998
2026-05-08 02:00:00+00:00,1.1824499999999998,1.1824699999999997,1.1816499999999996,1.1819499999999996
2026-05-08 03:00:00+00:00,1.1819499999999996,1.1825799999999995,1.1818899999999997,1.1820399999999998
2026-05-08 04:00:00+00:00,1.1820399999999998,1.1827899999999998,1.1818999999999995,1.1827299999999996
2026-05-08 05:00:00+00:00,1.1827299999999996,1.1830799999999997,1.1824999999999997,1.1829099999999997
2026-05-08 06:00:00+00:00,1.1829099999999997,1.1840399999999998,1.1829099999999997,1.1836499999999996
2026-05-08 07:00:00+00:00,1.1836499999999996,1.1839999999999995,1.1833799999999997,1.1835099999999996
2026-05-08 08:00:00+00:00,1.1835099999999996,1.1857799999999996,1.1833999999999998,1.1855899999999997
2026-05-08 09:00:00+00:00,1.1855899999999997,1.1865599999999996,1.1855399999999998,1.1861099999999998
2026-05-08 10:00:00+00:00,1.1861099999999998,1.1864599999999996,1.1853399999999996,1.1856099999999996
2026-05-08 11:00:00+00:00,1.1856099999999996,1.1860999999999997,1.1853999999999998,1.1857399999999998
2026-05-08 12:00:00+00:00,1.1857399999999998,1.1870799999999997,1.1847799999999995,1.1866099999999995
2026-05-08 13:00:00+00:00,1.1866099999999995,1.1878999999999995,1.1858399999999998,1.1870899999999998
2026-05-08 14:00:00+00:00,1.1870899999999998,1.1871699999999996,1.1859199999999996,1.1866399999999997
2026-05-08 15:00:00+00:00,1.1866399999999997,1.1870599999999998,1.1858899999999997,1.1864799999999998
2026-05-08 16:00:00+00:00,1.1864799999999998,1.1870499999999995,1.1862799999999998,1.1863099999999998
2026-05-08 17:00:00+00:00,1.1863099999999998,1.1868399999999997,1.1862599999999996,1.1864499999999998
2026-05-08 18:00:00+00:00,1.1864499999999998,1.1873799999999997,1.1862899999999996,1.1870599999999998
2026-05-08 19:00:00+00:00,1.1870599999999998,1.1875199999999997,1.1868899999999998,1.1872299999999998
2026-05-08 20:00:00+00:00,1.1872299999999998,1.1879999999999995,1.1870899999999998,1.1876499999999997
2026-05-10 21:00:00+00:00,1.1876499999999997,1.1901999999999997,1.1873799999999997,1.1893599999999993
2026-05-10 22:00:00+00:00,1.1893599999999993,1.1899599999999997,1.1892699999999994,1.1898799999999994
2026-05-10 23:00:00+00:00,1.1898799999999994,1.1904999999999994,1.1898599999999997,1.1902199999999994
2026-05-11 00:00:00+00:00,1.1902199999999994,1.1906899999999994,1.1900499999999994,1.1904899999999994
2026-05-11 01:00:00+00:00,1.1904899999999994,1.1906199999999991,1.1896699999999991,1.1897799999999994
2026-05-11 02:00:00+00:00,1.1897799999999994,1.1901199999999994,1.1893999999999991,1.189429999999999
2026-05-11 03:00:00+00:00,1.189429999999999,1.189429999999999,1.1891099999999994,1.189159999999999
2026-05-11 04:00:00+00:00,1.189159999999999,1.1892299999999991,1.1885099999999993,1.188549999999999
2026-05-11 05:00:00+00:00,1.188549999999999,1.1889699999999994,1.1883699999999997,1.1884899999999994
2026-05-11 06:00:00+00:00,1.1884899999999994,1.1902999999999997,1.1884899999999994,1.1902399999999993
2026-05-11 07:00:00+00:00,1.1902399999999993,1.1909599999999994,1.1899499999999994,1.1906999999999994
2026-05-11 08:00:00+00:00,1.1906999999999994,1.1917099999999994,1.1906199999999991,1.1906399999999997
2026-05-11 09:00:00+00:00,1.1906399999999997,1.1909399999999994,1.1902299999999997,1.1902399999999993
2026-05-11 10:00:00+00:00,1.1902399999999993,1.1908999999999994,1.1899699999999993,1.1904099999999993
2026-05-11 11:00:00+00:00,1.1904099999999993,1.1909599999999994,1.1898299999999995,1.1903299999999994
2026-05-11 12:00:00+00:00,1.1903299999999994,1.1909499999999993,1.189939999999999,1.1909399999999994
2026-05-11 13:00:00+00:00,1.1909399999999994,1.1922699999999995,1.190919999999999,1.1920299999999997
2026-05-11 14:00:00+00:00,1.1920299999999997,1.1922699999999995,1.1913899999999993,1.191429999999999
2026-05-11 15:00:00+00:00,1.191429999999999,1.1920299999999997,1.1911699999999994,1.1914899999999995
2026-05-11 16:00:00+00:00,1.1914899999999995,1.1915399999999994,1.1907199999999991,1.190819999999999
2026-05-11 17:00:00+00:00,1.190819999999999,1.1913599999999993,1.1905799999999993,1.1912999999999994
2026-05-11 18:00:00+00:00,1.1912999999999994,1.1915399999999994,1.1909399999999994,1.1909999999999994
2026-05-11 19:00:00+00:00,1.1909999999999994,1.1912899999999993,1.1909399999999994,1.1912299999999991
2026-05-11 20:00:00+00:00,1.1912299999999991,1.1918199999999994,1.1908799999999995,1.1918199999999994
2026-05-11 21:00:00+00:00,1.1918199999999994,1.1919499999999994,1.1912499999999997,1.1919499999999994
2026-05-11 22:00:00+00:00,1.1919499999999994,1.1922799999999996,1.1919499999999994,1.1920099999999991
2026-05-11 23:00:00+00:00,1.1920099999999991,1.1920499999999994,1.1912399999999994,1.1913499999999997
2026-05-12 00:00:00+00:00,1.1913499999999997,1.1913499999999997,1.1901299999999997,1.1902199999999994
2026-05-12 01:00:00+00:00,1.1902199999999994,1.1904199999999994,1.1892699999999994,1.1896499999999994
2026-05-12 02:00:00+00:00,1.1896499999999994,1.1899699999999995,1.1894399999999994,1.1897499999999994
2026-05-12 03:00:00+00:00,1.1897499999999994,1.1898099999999994,1.1889699999999994,1.1891399999999994
2026-05-12 04:00:00+00:00,1.1891399999999994,1.1894799999999994,1.1890599999999996,1.1892199999999995
2026-05-12 05:00:00+00:00,1.1892199999999995,1.1902899999999994,1.1887399999999997,1.1897299999999995
2026-05-12 06:00:00+00:00,1.1897299999999995,1.1900999999999995,1.1884699999999997,1.1885299999999994
2026-05-12 07:00:00+00:00,1.1885299999999994,1.1888399999999997,1.1878399999999996,1.1882799999999996
2026-05-12 08:00:00+00:00,1.1882799999999996,1.1885499999999996,1.1874399999999994,1.1879499999999994
2026-05-12 09:00:00+00:00,1.1879499999999994,1.1886699999999994,1.1878799999999994,1.1882599999999994
2026-05-12 10:00:00+00:00,1.1882599999999994,1.1884199999999994,1.1875499999999994,1.1875799999999994
2026-05-12 11:00:00+00:00,1.1875799999999994,1.1883499999999994,1.1869799999999997,1.1878899999999994
2026-05-12 12:00:00+00:00,1.1878899999999994,1.1884899999999994,1.1870599999999996,1.1882799999999996
2026-05-12 13:00:00+00:00,1.1882799999999996,1.1884999999999994,1.1862099999999995,1.1864999999999994
2026-05-12 14:00:00+00:00,1.1864999999999994,1.1871199999999995,1.1862999999999997,1.1870999999999994
2026-05-12 15:00:00+00:00,1.1870999999999994,1.1871799999999997,1.1856799999999994,1.1867699999999994
2026-05-12 16:00:00+00:00,1.1867699999999994,1.1873699999999994,1.1862799999999996,1.1863299999999994
2026-05-12 17:00:00+00:00,1.1863299999999994,1.1868799999999995,1.1862399999999995,1.1868399999999997
2026-05-12 18:00:00+00:00,1.1868399999999997,1.1876299999999995,1.1863999999999997,1.1875499999999994
2026-05-12 19:00:00+00:00,1.1875499999999994,1.1881799999999991,1.1874799999999994,1.1875299999999995
2026-05-12 20:00:00+00:00,1.1875299999999995,1.1875999999999995,1.1872799999999994,1.1873399999999994
2026-05-12 21:00:00+00:00,1.1873399999999994,1.1874999999999991,1.1866499999999995,1.1871699999999994
2026-05-12 22:00:00+00:00,1.1871699999999994,1.1875299999999995,1.1871699999999994,1.1874399999999994
2026-05-12 23:00:00+00:00,1.1874399999999994,1.1876299999999995,1.1869599999999991,1.1869999999999994
2026-05-13 00:00:00+00:00,1.1869999999999994,1.1873799999999994,1.1867999999999994,1.1873199999999997
2026-05-13 01:00:00+00:00,1.1873199999999997,1.1876799999999994,1.1867099999999997,1.1873799999999994
2026-05-13 02:00:00+00:00,1.1873799999999994,1.1876699999999996,1.1871299999999994,1.1872099999999994
2026-05-13 03:00:00+00:00,1.1872099999999994,1.1872799999999994,1.1867599999999994,1.1869499999999995
2026-05-13 04:00:00+00:00,1.1869499999999995,1.1870199999999995,1.1867299999999994,1.1869699999999994
2026-05-13 05:00:00+00:00,1.1869699999999994,1.1871999999999994,1.1867499999999995,1.1869099999999997
2026-05-13 06:00:00+00:00,1.1869099999999997,1.1869399999999994,1.1852999999999994,1.1854999999999996
2026-05-13 07:00:00+00:00,1.1854999999999996,1.1858299999999995,1.1841999999999997,1.1842099999999995
2026-05-13 08:00:00+00:00,1.1842099999999995,1.1846699999999994,1.1835299999999995,1.1837799999999994
2026-05-13 09:00:00+00:00,1.1837799999999994,1.1841799999999996,1.1830299999999994,1.1841199999999994
2026-05-13 10:00:00+00:00,1.1841199999999994,1.1849599999999991,1.1836899999999997,1.1847799999999995
2026-05-13 11:00:00+00:00,1.1847799999999995,1.1852299999999996,1.1846399999999997,1.1847199999999996
2026-05-13 12:00:00+00:00,1.1847199999999996,1.1851199999999995,1.1831999999999994,1.1836799999999994
2026-05-13 13:00:00+00:00,1.1836799999999994,1.1847399999999997,1.1835999999999995,1.1845299999999994
2026-05-13 14:00:00+00:00,1.1845299999999994,1.1847599999999994,1.1837999999999995,1.1842799999999996
2026-05-13 15:00:00+00:00,1.1842799999999996,1.1851299999999994,1.1842299999999994,1.1846099999999995
2026-05-13 16:00:00+00:00,1.1846099999999995,1.1852899999999995,1.1843099999999995,1.1843699999999997
2026-05-13 17:00:00+00:00,1.1843699999999997,1.1845899999999994,1.1839099999999994,1.1839299999999997
2026-05-13 18:00:00+00:00,1.1839299999999997,1.1845799999999995,1.1839099999999994,1.1842899999999996
2026-05-13 19:00:00+00:00,1.1842899999999996,1.1848299999999996,1.1842599999999994,1.1844799999999995
2026-05-13 20:00:00+00:00,1.1844799999999995,1.1849399999999994,1.1844099999999995,1.1844499999999996
2026-05-13 21:00:00+00:00,1.1844499999999996,1.1850899999999995,1.1841999999999997,1.1849199999999995
2026-05-13 22:00:00+00:00,1.1849199999999995,1.1853499999999997,1.1848599999999996,1.1852699999999998
2026-05-13 23:00:00+00:00,1.1852699999999998,1.1853399999999998,1.1850499999999995,1.1850999999999998
2026-05-14 00:00:00+00:00,1.1850999999999998,1.1853599999999995,1.1849299999999998,1.1852299999999998
2026-05-14 01:00:00+00:00,1.1852299999999998,1.1852799999999997,1.1847799999999995,1.1848999999999998
2026-05-14 02:00:00+00:00,1.1848999999999998,1.1850499999999995,1.1846799999999995,1.1847499999999995
2026-05-14 03:00:00+00:00,1.1847499999999995,1.1850299999999998,1.1844799999999998,1.1847499999999995
2026-05-14 04:00:00+00:00,1.1847499999999995,1.1852499999999997,1.1846799999999995,1.1849599999999998
2026-05-14 05:00:00+00:00,1.1849599999999998,1.1851399999999996,1.1845299999999996,1.1845399999999997
2026-05-14 06:00:00+00:00,1.1845399999999997,1.1856599999999995,1.18419,1.1853499999999997
2026-05-14 07:00:00+00:00,1.1853499999999997,1.1853699999999998,1.1841099999999998,1.1842599999999996
2026-05-14 08:00:00+00:00,1.1842599999999996,1.1848999999999998,1.1839899999999997,1.1846199999999998
2026-05-14 09:00:00+00:00,1.1846199999999998,1.1848399999999997,1.1840899999999996,1.1842499999999998
2026-05-14 10:00:00+00:00,1.1842499999999998,1.1847899999999998,1.1839799999999998,1.1843899999999998
2026-05-14 11:00:00+00:00,1.1843899999999998,1.1843999999999997,1.1834599999999995,1.1834699999999998
2026-05-14 12:00:00+00:00,1.1834699999999998,1.1840599999999997,1.1831399999999996,1.1832199999999995
2026-05-14 13:00:00+00:00,1.1832199999999995,1.1834799999999996,1.1820699999999995,1.1824899999999998
2026-05-14 14:00:00+00:00,1.1824899999999998,1.1835299999999995,1.1813699999999998,1.1813799999999997
2026-05-14 15:00:00+00:00,1.1813799999999997,1.1815999999999998,1.1806599999999998,1.1812499999999997
2026-05-14 16:00:00+00:00,1.1812499999999997,1.1816699999999998,1.1805999999999996,1.1811599999999998
2026-05-14 17:00:00+00:00,1.1811599999999998,1.1815899999999997,1.1811099999999997,1.1813099999999996
2026-05-14 18:00:00+00:00,1.1813099999999996,1.1813699999999998,1.1808999999999998,1.1812499999999997
2026-05-14 19:00:00+00:00,1.1812499999999997,1.1814199999999997,1.1803699999999997,1.1805999999999996
2026-05-14 20:00:00+00:00,1.1805999999999996,1.1807199999999998,1.1800899999999996,1.1804099999999995
2026-05-14 21:00:00+00:00,1.1804099999999995,1.1808699999999996,1.1800699999999995,1.1804899999999996
2026-05-14 22:00:00+00:00,1.1804899999999996,1.1807099999999997,1.1804799999999998,1.1805499999999998
2026-05-14 23:00:00+00:00,1.1805499999999998,1.1805699999999997,1.1797399999999996,1.1797999999999995
2026-05-15 00:00:00+00:00,1.1797999999999995,1.1799599999999997,1.1788299999999996,1.1791399999999996
2026-05-15 01:00:00+00:00,1.1791399999999996,1.1792499999999997,1.1782099999999998,1.1782999999999997
2026-05-15 02:00:00+00:00,1.1782999999999997,1.1793499999999997,1.1781699999999995,1.1789599999999996
2026-05-15 03:00:00+00:00,1.1789599999999996,1.1790999999999996,1.1786099999999995,1.1788099999999997
2026-05-15 04:00:00+00:00,1.1788099999999997,1.1788699999999996,1.1782499999999996,1.1783399999999995
2026-05-15 05:00:00+00:00,1.1783399999999995,1.1784099999999995,1.1768599999999996,1.1768699999999996
2026-05-15 06:00:00+00:00,1.1768699999999996,1.1779499999999996,1.1768499999999995,1.1770999999999996
2026-05-15 07:00:00+00:00,1.1770999999999996,1.1785099999999995,1.1767899999999996,1.1772599999999998
2026-05-15 08:00:00+00:00,1.1772599999999998,1.1774299999999998,1.1766499999999998,1.1769099999999997
2026-05-15 09:00:00+00:00,1.1769099999999997,1.1769599999999996,1.1753299999999998,1.1763999999999997
2026-05-15 10:00:00+00:00,1.1763999999999997,1.1791499999999997,1.1763299999999997,1.1785299999999996
2026-05-15 11:00:00+00:00,1.1785299999999996,1.1786199999999996,1.1765199999999996,1.1767699999999996
2026-05-15 12:00:00+00:00,1.1767699999999996,1.1768199999999998,1.1754899999999997,1.1762299999999997
2026-05-15 13:00:00+00:00,1.1762299999999997,1.1768299999999996,1.1754999999999998,1.1759599999999997
2026-05-15 14:00:00+00:00,1.1759599999999997,1.1773899999999995,1.1757399999999996,1.1765499999999998
2026-05-15 15:00:00+00:00,1.1765499999999998,1.1767099999999997,1.1756699999999998,1.1762399999999995
2026-05-15 16:00:00+00:00,1.1762399999999995,1.1767499999999995,1.1759099999999996,1.1765999999999996
2026-05-15 17:00:00+00:00,1.1765999999999996,1.1771699999999996,1.1762699999999997,1.1762999999999997
2026-05-15 18:00:00+00:00,1.1762999999999997,1.1763399999999995,1.1752899999999995,1.1757999999999995
2026-05-15 19:00:00+00:00,1.1757999999999995,1.1759199999999996,1.1755299999999995,1.1757399999999996
2026-05-15 20:00:00+00:00,1.1757399999999996,1.1761799999999996,1.1755299999999995,1.1760999999999997
2026-05-17 21:00:00+00:00,1.1760999999999997,1.1763999999999994,1.1757899999999997,1.1763199999999994
2026-05-17 22:00:00+00:00,1.1763199999999994,1.1767399999999997,1.1762599999999994,1.1765999999999994
2026-05-17 23:00:00+00:00,1.1765999999999994,1.1766599999999994,1.1754899999999997,1.1756799999999994
2026-05-18 00:00:00+00:00,1.1756799999999994,1.1764199999999994,1.1751499999999997,1.1754799999999994
2026-05-18 01:00:00+00:00,1.1754799999999994,1.1761999999999997,1.1751599999999995,1.1760699999999995
2026-05-18 02:00:00+00:00,1.1760699999999995,1.1762699999999997,1.1756199999999994,1.1758699999999995
2026-05-18 03:00:00+00:00,1.1758699999999995,1.1765799999999995,1.1758499999999994,1.1765099999999995
2026-05-18 04:00:00+00:00,1.1765099999999995,1.1769299999999994,1.1762199999999994,1.1763899999999994
2026-05-18 05:00:00+00:00,1.1763899999999994,1.1766399999999997,1.1760099999999991,1.1766299999999994
2026-05-18 06:00:00+00:00,1.1766299999999994,1.1779699999999995,1.1765099999999995,1.1778899999999994
2026-05-18 07:00:00+00:00,1.1778899999999994,1.1783199999999994,1.1774699999999994,1.1775199999999997
2026-05-18 08:00:00+00:00,1.1775199999999997,1.1788299999999994,1.1772199999999995,1.1784599999999994
2026-05-18 09:00:00+00:00,1.1784599999999994,1.1785899999999994,1.1778299999999997,1.1778299999999997
2026-05-18 10:00:00+00:00,1.1778299999999997,1.1779999999999995,1.1769599999999991,1.1770199999999995
2026-05-18 11:00:00+00:00,1.1770199999999995,1.1792899999999995,1.1769799999999997,1.1784899999999994
2026-05-18 12:00:00+00:00,1.1784899999999994,1.1800399999999995,1.1784099999999995,1.1794499999999994
2026-05-18 13:00:00+00:00,1.1794499999999994,1.1799199999999994,1.1787099999999997,1.1794299999999995
2026-05-18 14:00:00+00:00,1.1794299999999995,1.1796399999999994,1.1784499999999996,1.1785099999999995
2026-05-18 15:00:00+00:00,1.1785099999999995,1.1796199999999994,1.1776499999999994,1.1791599999999995
2026-05-18 16:00:00+00:00,1.1791599999999995,1.1799399999999995,1.1787199999999995,1.1794699999999994
2026-05-18 17:00:00+00:00,1.1794699999999994,1.1796699999999996,1.1791199999999995,1.1791199999999995
2026-05-18 18:00:00+00:00,1.1791199999999995,1.1792099999999994,1.1771899999999995,1.1772399999999994
2026-05-18 19:00:00+00:00,1.1772399999999994,1.1799199999999994,1.1772399999999994,1.1794199999999997
2026-05-18 20:00:00+00:00,1.1794199999999997,1.1803999999999994,1.1794199999999997,1.1798799999999994
2026-05-18 21:00:00+00:00,1.1798799999999994,1.1803299999999997,1.1792599999999995,1.1802299999999997
2026-05-18 22:00:00+00:00,1.1802299999999997,1.1804899999999996,1.1800899999999996,1.1801099999999998
2026-05-18 23:00:00+00:00,1.1801099999999998,1.1801599999999997,1.1797899999999997,1.1797999999999995
2026-05-19 00:00:00+00:00,1.1797999999999995,1.1799199999999996,1.1786899999999996,1.1787699999999997
2026-05-19 01:00:00+00:00,1.1787699999999997,1.1795899999999997,1.1786199999999996,1.1789499999999995
2026-05-19 02:00:00+00:00,1.1789499999999995,1.1790199999999995,1.1783999999999997,1.1786499999999998
2026-05-19 03:00:00+00:00,1.1786499999999998,1.1788899999999998,1.1783899999999998,1.1784199999999996
2026-05-19 04:00:00+00:00,1.1784199999999996,1.1786299999999996,1.1778499999999996,1.1779699999999995
2026-05-19 05:00:00+00:00,1.1779699999999995,1.1786099999999995,1.1776699999999998,1.1785
2026-05-19 06:00:00+00:00,1.1785,1.1788899999999998,1.17789,1.1779699999999995
2026-05-19 07:00:00+00:00,1.1779699999999995,1.1780799999999998,1.1773199999999997,1.1778099999999998
2026-05-19 08:00:00+00:00,1.1778099999999998,1.1779199999999996,1.1765599999999996,1.1766699999999997
2026-05-19 09:00:00+00:00,1.1766699999999997,1.1766799999999995,1.1758299999999997,1.1762899999999996
2026-05-19 10:00:00+00:00,1.1762899999999996,1.1770099999999997,1.1754499999999997,1.1765499999999995
2026-05-19 11:00:00+00:00,1.1765499999999995,1.1765899999999996,1.1759799999999996,1.1759899999999996
2026-05-19 12:00:00+00:00,1.1759899999999996,1.1767299999999996,1.1758599999999997,1.1759999999999995
2026-05-19 13:00:00+00:00,1.1759999999999995,1.1761399999999995,1.1745099999999995,1.1757099999999996
2026-05-19 14:00:00+00:00,1.1757099999999996,1.1760299999999997,1.1738299999999997,1.1738999999999995
2026-05-19 15:00:00+00:00,1.1738999999999995,1.1746399999999997,1.1735599999999995,1.1745399999999997
2026-05-19 16:00:00+00:00,1.1745399999999997,1.1752799999999997,1.1739199999999996,1.1750399999999996
2026-05-19 17:00:00+00:00,1.1750399999999996,1.1755699999999996,1.1750199999999995,1.1754099999999996
2026-05-19 18:00:00+00:00,1.1754099999999996,1.1758199999999996,1.1746099999999997,1.1746799999999995
2026-05-19 19:00:00+00:00,1.1746799999999995,1.1751499999999997,1.1745999999999996,1.1749699999999996
2026-05-19 20:00:00+00:00,1.1749699999999996,1.1750299999999996,1.1746899999999996,1.1748199999999995
2026-05-19 21:00:00+00:00,1.1748199999999995,1.1749599999999998,1.1742899999999998,1.1748099999999997
2026-05-19 22:00:00+00:00,1.1748099999999997,1.1750799999999997,1.1747,1.1750699999999998
2026-05-19 23:00:00+00:00,1.1750699999999998,1.1754699999999998,1.1748099999999997,1.1748599999999998
2026-05-20 00:00:00+00:00,1.1748599999999998,1.1752499999999997,1.1742599999999996,1.1743099999999995
2026-05-20 01:00:00+00:00,1.1743099999999995,1.1744599999999996,1.1735499999999996,1.1738999999999995
2026-05-20 02:00:00+00:00,1.1738999999999995,1.1744699999999997,1.1736299999999995,1.1739599999999997
2026-05-20 03:00:00+00:00,1.1739599999999997,1.1747299999999996,1.1737099999999998,1.1744099999999995
2026-05-20 04:00:00+00:00,1.1744099999999995,1.1748499999999995,1.1738799999999998,1.1739099999999998
2026-05-20 05:00:00+00:00,1.1739099999999998,1.1743299999999997,1.1733599999999995,1.1737099999999998
2026-05-20 06:00:00+00:00,1.1737099999999998,1.1747799999999995,1.1734999999999998,1.1738299999999997
2026-05-20 07:00:00+00:00,1.1738299999999997,1.1743299999999997,1.1733899999999997,1.1735099999999996
2026-05-20 08:00:00+00:00,1.1735099999999996,1.1736899999999997,1.1725499999999998,1.1732299999999998
2026-05-20 09:00:00+00:00,1.1732299999999998,1.1736299999999995,1.1729999999999996,1.1729999999999996
2026-05-20 10:00:00+00:00,1.1729999999999996,1.1744699999999997,1.1729299999999998,1.1742899999999996
2026-05-20 11:00:00+00:00,1.1742899999999996,1.1747399999999997,1.1738099999999998,1.1742799999999998
2026-05-20 12:00:00+00:00,1.1742799999999998,1.1746099999999997,1.1735699999999998,1.1737199999999997
2026-05-20 13:00:00+00:00,1.1737199999999997,1.1738699999999995,1.1730899999999995,1.1732799999999997
2026-05-20 14:00:00+00:00,1.1732799999999997,1.1765799999999995,1.1724599999999996,1.1759799999999998
2026-05-20 15:00:00+00:00,1.1759799999999998,1.1786699999999997,1.1754799999999996,1.1760999999999997
2026-05-20 16:00:00+00:00,1.1760999999999997,1.1772599999999998,1.1760699999999995,1.1767299999999996
2026-05-20 17:00:00+00:00,1.1767299999999996,1.1768799999999997,1.1759299999999997,1.1759699999999995
2026-05-20 18:00:00+00:00,1.1759699999999995,1.1777599999999997,1.1757699999999998,1.1772699999999996
2026-05-20 19:00:00+00:00,1.1772699999999996,1.1777099999999998,1.1769499999999995,1.1769799999999997
2026-05-20 20:00:00+00:00,1.1769799999999997,1.1770299999999998,1.1765099999999995,1.1765399999999997
2026-05-20 21:00:00+00:00,1.1765399999999997,1.1766999999999996,1.1760299999999997,1.1765699999999997
2026-05-20 22:00:00+00:00,1.1765699999999997,1.1769599999999996,1.1765399999999997,1.1767999999999996
2026-05-20 23:00:00+00:00,1.1767999999999996,1.1769199999999995,1.1764699999999997,1.1766499999999995
2026-05-21 00:00:00+00:00,1.1766499999999995,1.1770799999999997,1.1764099999999995,1.1770199999999995
2026-05-21 01:00:00+00:00,1.1770199999999995,1.1776999999999995,1.1764499999999996,1.1767799999999995
2026-05-21 02:00:00+00:00,1.1767799999999995,1.1770199999999995,1.1757399999999996,1.1759299999999997
2026-05-21 03:00:00+00:00,1.1759299999999997,1.1764299999999996,1.1759199999999996,1.1760699999999995
2026-05-21 04:00:00+00:00,1.1760699999999995,1.1765199999999996,1.1760099999999996,1.1763899999999996
2026-05-21 05:00:00+00:00,1.1763899999999996,1.1765199999999996,1.1759599999999997,1.1763599999999996
2026-05-21 06:00:00+00:00,1.1763599999999996,1.1768299999999996,1.1757399999999996,1.1761899999999996
2026-05-21 07:00:00+00:00,1.1761899999999996,1.1762799999999995,1.1735799999999996,1.1749199999999995
2026-05-21 08:00:00+00:00,1.1749199999999995,1.1777099999999996,1.1747899999999996,1.1765399999999997
2026-05-21 09:00:00+00:00,1.1765399999999997,1.1775199999999997,1.1762399999999995,1.1769099999999997
2026-05-21 10:00:00+00:00,1.1769099999999997,1.1771999999999996,1.1741699999999995,1.1749099999999997
2026-05-21 11:00:00+00:00,1.1749099999999997,1.1757699999999995,1.1737799999999996,1.1740699999999995
2026-05-21 12:00:00+00:00,1.1740699999999995,1.1750799999999997,1.1735199999999997,1.1738999999999995
2026-05-21 13:00:00+00:00,1.1738999999999995,1.1742599999999996,1.1717999999999995,1.1736299999999995
2026-05-21 14:00:00+00:00,1.1736299999999995,1.1738299999999997,1.1725999999999996,1.1734599999999995
2026-05-21 15:00:00+00:00,1.1734599999999995,1.1735699999999996,1.1723999999999997,1.1730099999999997
2026-05-21 16:00:00+00:00,1.1730099999999997,1.1738099999999996,1.1726299999999996,1.1736999999999995
2026-05-21 17:00:00+00:00,1.1736999999999995,1.1771799999999997,1.1734599999999995,1.1766499999999995
2026-05-21 18:00:00+00:00,1.1766499999999995,1.1771799999999997,1.1748999999999996,1.1753099999999996
2026-05-21 19:00:00+00:00,1.1753099999999996,1.1765899999999996,1.1751499999999997,1.1762999999999997
2026-05-21 20:00:00+00:00,1.1762999999999997,1.1764599999999996,1.1757799999999996,1.1758599999999997
2026-05-21 21:00:00+00:00,1.1758599999999997,1.1762299999999997,1.1754899999999997,1.1759299999999997
2026-05-21 22:00:00+00:00,1.1759299999999997,1.1761199999999996,1.1757099999999996,1.1759199999999996
2026-05-21 23:00:00+00:00,1.1759199999999996,1.1760799999999996,1.1757699999999995,1.1759599999999997
2026-05-22 00:00:00+00:00,1.1759599999999997,1.1759699999999995,1.1753999999999996,1.1756099999999996
2026-05-22 01:00:00+00:00,1.1756099999999996,1.1757499999999996,1.1751599999999995,1.1751699999999996
2026-05-22 02:00:00+00:00,1.1751699999999996,1.1756099999999996,1.1751399999999996,1.1753499999999997
2026-05-22 03:00:00+00:00,1.1753499999999997,1.1754699999999996,1.1750499999999997,1.1753799999999996
2026-05-22 04:00:00+00:00,1.1753799999999996,1.1757299999999995,1.1753099999999996,1.1756799999999996
2026-05-22 05:00:00+00:00,1.1756799999999996,1.1758699999999995,1.1748799999999997,1.1750899999999995
2026-05-22 06:00:00+00:00,1.1750899999999995,1.1756199999999997,1.1746999999999996,1.1751599999999995
2026-05-22 07:00:00+00:00,1.1751599999999995,1.1751699999999996,1.1742999999999997,1.1749999999999996
2026-05-22 08:00:00+00:00,1.1749999999999996,1.1757499999999996,1.1744999999999997,1.1749599999999996
2026-05-22 09:00:00+00:00,1.1749599999999996,1.1749799999999997,1.1737799999999996,1.1745999999999996
2026-05-22 10:00:00+00:00,1.1745999999999996,1.1749599999999996,1.1736899999999997,1.1739199999999996
2026-05-22 11:00:00+00:00,1.1739199999999996,1.1743899999999996,1.1734999999999995,1.1738299999999997
2026-05-22 12:00:00+00:00,1.1738299999999997,1.1748899999999995,1.1736199999999997,1.1745999999999996
2026-05-22 13:00:00+00:00,1.1745999999999996,1.1760099999999996,1.1740999999999997,1.1745199999999996
2026-05-22 14:00:00+00:00,1.1745199999999996,1.1745499999999995,1.1729999999999996,1.1739499999999996
2026-05-22 15:00:00+00:00,1.1739499999999996,1.1747299999999996,1.1737499999999996,1.1744499999999995
2026-05-22 16:00:00+00:00,1.1744499999999995,1.1752899999999995,1.1741299999999997,1.1752899999999995
2026-05-22 17:00:00+00:00,1.1752899999999995,1.1760799999999996,1.1750399999999996,1.1755099999999996
2026-05-22 18:00:00+00:00,1.1755099999999996,1.1757199999999997,1.1750999999999996,1.1753699999999996
2026-05-22 19:00:00+00:00,1.1753699999999996,1.1755699999999996,1.1746899999999996,1.1747599999999996
2026-05-22 20:00:00+00:00,1.1747599999999996,1.1748399999999997,1.1739999999999997,1.1743499999999996
2026-05-24 21:00:00+00:00,1.1743499999999996,1.1746299999999996,1.17338,1.17346
2026-05-24 22:00:00+00:00,1.17346,1.17502,1.1734099999999998,1.1748599999999998
2026-05-24 23:00:00+00:00,1.1748599999999998,1.1751899999999995,1.1746899999999998,1.1747599999999998
2026-05-25 00:00:00+00:00,1.1747599999999998,1.1754599999999995,1.1740899999999996,1.1742299999999997
2026-05-25 01:00:00+00:00,1.1742299999999997,1.1752599999999995,1.1741199999999998,1.1744599999999998
2026-05-25 02:00:00+00:00,1.1744599999999998,1.1748099999999997,1.1742399999999995,1.1743299999999997
2026-05-25 03:00:00+00:00,1.1743299999999997,1.1745299999999996,1.1741599999999996,1.1742899999999998
2026-05-25 04:00:00+00:00,1.1742899999999998,1.1749299999999998,1.1741299999999997,1.1747699999999996
2026-05-25 05:00:00+00:00,1.1747699999999996,1.1750899999999995,1.1743699999999997,1.1744799999999995
2026-05-25 06:00:00+00:00,1.1744799999999995,1.1750399999999996,1.1743099999999995,1.1746599999999998
2026-05-25 07:00:00+00:00,1.1746599999999998,1.1747599999999998,1.1735199999999997,1.1742999999999997
2026-05-25 08:00:00+00:00,1.1742999999999997,1.1749999999999998,1.1738599999999997,1.1749299999999998
2026-05-25 09:00:00+00:00,1.1749299999999998,1.1750899999999995,1.1745999999999996,1.1747099999999997
2026-05-25 10:00:00+00:00,1.1747099999999997,1.1749999999999998,1.1746999999999996,1.1748499999999995
2026-05-25 11:00:00+00:00,1.1748499999999995,1.1756499999999996,1.1745999999999996,1.1749599999999998
2026-05-25 12:00:00+00:00,1.1749599999999998,1.1758499999999998,1.1748199999999998,1.1753899999999995
2026-05-25 13:00:00+00:00,1.1753899999999995,1.1755399999999998,1.1744399999999997,1.1744399999999997
2026-05-25 14:00:00+00:00,1.1744399999999997,1.1751999999999998,1.1743899999999998,1.1747799999999995
2026-05-25 15:00:00+00:00,1.1747799999999995,1.1754199999999997,1.1745199999999998,1.1747899999999998
2026-05-25 16:00:00+00:00,1.1747899999999998,1.1748299999999998,1.1742299999999997,1.1746699999999997
2026-05-25 17:00:00+00:00,1.1746699999999997,1.1749699999999996,1.1745799999999995,1.1748999999999998
2026-05-25 18:00:00+00:00,1.1748999999999998,1.1749499999999995,1.1747099999999997,1.1749099999999997
2026-05-25 19:00:00+00:00,1.1749099999999997,1.1749299999999998,1.1747499999999995,1.1747799999999995
2026-05-25 20:00:00+00:00,1.1747799999999995,1.1749299999999998,1.1745799999999995,1.1745799999999995
2026-05-25 21:00:00+00:00,1.1745799999999995,1.17499,1.1742199999999998,1.1746
2026-05-25 22:00:00+00:00,1.1746,1.175,1.17459,1.17484
2026-05-25 23:00:00+00:00,1.17484,1.17508,1.17432,1.17435
2026-05-26 00:00:00+00:00,1.17435,1.17474,1.17416,1.17464
2026-05-26 01:00:00+00:00,1.17464,1.17474,1.17379,1.17415
2026-05-26 02:00:00+00:00,1.17415,1.17428,1.17389,1.17416
2026-05-26 03:00:00+00:00,1.17416,1.17449,1.17414,1.17435
2026-05-26 04:00:00+00:00,1.17435,1.1743599999999998,1.17371,1.17374
2026-05-26 05:00:00+00:00,1.17374,1.17385,1.17351,1.17358
2026-05-26 06:00:00+00:00,1.17358,1.17453,1.17349,1.17429
2026-05-26 07:00:00+00:00,1.17429,1.17481,1.17317,1.17448
2026-05-26 08:00:00+00:00,1.17448,1.17498,1.17421,1.17441
2026-05-26 09:00:00+00:00,1.17441,1.17518,1.17403,1.17504
2026-05-26 10:00:00+00:00,1.17504,1.17529,1.17454,1.17493
2026-05-26 11:00:00+00:00,1.17493,1.17526,1.17412,1.17425
2026-05-26 12:00:00+00:00,1.17425,1.17443,1.17389,1.17397
2026-05-26 13:00:00+00:00,1.17397,1.17408,1.17249,1.17335
2026-05-26 14:00:00+00:00,1.17335,1.17375,1.17291,1.17327
2026-05-26 15:00:00+00:00,1.17327,1.17336,1.17241,1.17271
2026-05-26 16:00:00+00:00,1.17271,1.17374,1.17271,1.17317
2026-05-26 17:00:00+00:00,1.17317,1.17355,1.1729,1.17318
2026-05-26 18:00:00+00:00,1.17318,1.17388,1.17311,1.17373
2026-05-26 19:00:00+00:00,1.17373,1.17404,1.17351,1.17397
2026-05-26 20:00:00+00:00,1.17397,1.17407,1.1735,1.1735
2026-05-26 21:00:00+00:00,1.1735,1.17392,1.17313,1.17362
2026-05-26 22:00:00+00:00,1.17362,1.17414,1.17362,1.1741
2026-05-26 23:00:00+00:00,1.1741,1.17476,1.17407,1.17442
2026-05-27 00:00:00+00:00,1.17442,1.17484,1.17436,1.17458
2026-05-27 01:00:00+00:00,1.17458,1.17471,1.17405,1.17416
2026-05-27 02:00:00+00:00,1.17416,1.17462,1.17415,1.17461
2026-05-27 03:00:00+00:00,1.17461,1.17503,1.17445,1.17465
2026-05-27 04:00:00+00:00,1.17465,1.17501,1.1746,1.17491
2026-05-27 05:00:00+00:00,1.17491,1.17522,1.17464,1.17474
2026-05-27 06:00:00+00:00,1.17474,1.1757,1.17451,1.17532
2026-05-27 07:00:00+00:00,1.17532,1.17566,1.17479,1.17484
2026-05-27 08:00:00+00:00,1.17484,1.1755,1.1746,1.17527
2026-05-27 09:00:00+00:00,1.17527,1.17563,1.17502,1.17523
2026-05-27 10:00:00+00:00,1.17523,1.17524,1.17437,1.17468
2026-05-27 11:00:00+00:00,1.17468,1.17497,1.17407,1.17455
2026-05-27 12:00:00+00:00,1.17455,1.17691,1.17422,1.17515
2026-05-27 13:00:00+00:00,1.17515,1.17557,1.17454,1.1749
2026-05-27 14:00:00+00:00,1.1749,1.176,1.17325,1.17333
2026-05-27 15:00:00+00:00,1.17333,1.17441,1.17302,1.17379
2026-05-27 16:00:00+00:00,1.17379,1.17406,1.17317,1.174
2026-05-27 17:00:00+00:00,1.174,1.17407,1.17299,1.17351
2026-05-27 18:00:00+00:00,1.17351,1.17381,1.17303,1.17372
2026-05-27 19:00:00+00:00,1.17372,1.17398,1.17345,1.17365
2026-05-27 20:00:00+00:00,1.17365,1.17385,1.17332,1.17332
2026-05-27 21:00:00+00:00,1.17332,1.17377,1.17301,1.17352
2026-05-27 22:00:00+00:00,1.17352,1.17381,1.17336,1.17337
2026-05-27 23:00:00+00:00,1.17337,1.17364,1.17237,1.17252
2026-05-28 00:00:00+00:00,1.17252,1.17312,1.17243,1.17283
2026-05-28 01:00:00+00:00,1.17283,1.1729,1.1717,1.17178
2026-05-28 02:00:00+00:00,1.17178,1.17229,1.17172,1.17204
2026-05-28 03:00:00+00:00,1.17204,1.17215,1.16947,1.16948
2026-05-28 04:00:00+00:00,1.16948,1.17004,1.1694,1.16995
2026-05-28 05:00:00+00:00,1.16995,1.17099,1.16968,1.17071
2026-05-28 06:00:00+00:00,1.17071,1.17199,1.17064,1.17179
2026-05-28 07:00:00+00:00,1.17179,1.17254,1.17177,1.17196
2026-05-28 08:00:00+00:00,1.17196,1.17246,1.17144,1.17234
2026-05-28 09:00:00+00:00,1.17234,1.17269,1.17207,1.17208
2026-05-28 10:00:00+00:00,1.17208,1.17233,1.17113,1.17113
2026-05-28 11:00:00+00:00,1.17113,1.17306,1.1711,1.17247
2026-05-28 12:00:00+00:00,1.17247,1.17458,1.17233,1.17443
2026-05-28 13:00:00+00:00,1.17443,1.17509,1.17369,1.17384
2026-05-28 14:00:00+00:00,1.17384,1.17656,1.17347,1.17556
2026-05-28 15:00:00+00:00,1.17556,1.17646,1.17553,1.17558
2026-05-28 16:00:00+00:00,1.17558,1.17691,1.1753,1.17645
2026-05-28 17:00:00+00:00,1.17645,1.17651,1.17585,1.17612
2026-05-28 18:00:00+00:00,1.17612,1.17631,1.17543,1.17557
2026-05-28 19:00:00+00:00,1.17557,1.17593,1.17541,1.17554
2026-05-28 20:00:00+00:00,1.17554,1.17581,1.17527,1.1758
2026-05-28 21:00:00+00:00,1.1758,1.17603,1.17539,1.17577
2026-05-28 22:00:00+00:00,1.17577,1.17596,1.17576,1.17579
2026-05-28 23:00:00+00:00,1.17579,1.17609,1.17579,1.17603
2026-05-29 00:00:00+00:00,1.17603,1.17633,1.17551,1.17565
2026-05-29 01:00:00+00:00,1.17565,1.17642,1.17511,1.17523
2026-05-29 02:00:00+00:00,1.17523,1.1757,1.17513,1.17526
2026-05-29 03:00:00+00:00,1.17526,1.17528,1.17437,1.1745
2026-05-29 04:00:00+00:00,1.1745,1.1747,1.1742,1.17468
2026-05-29 05:00:00+00:00,1.17468,1.17513,1.17458,1.17498
2026-05-29 06:00:00+00:00,1.17498,1.17622,1.17498,1.17611
2026-05-29 07:00:00+00:00,1.17611,1.17611,1.17455,1.17496
2026-05-29 08:00:00+00:00,1.17496,1.17496,1.17326,1.17359
2026-05-29 09:00:00+00:00,1.17359,1.17505,1.17344,1.17493
2026-05-29 10:00:00+00:00,1.17493,1.17529,1.17456,1.17508
2026-05-29 11:00:00+00:00,1.17508,1.1756,1.17476,1.17554
2026-05-29 12:00:00+00:00,1.17554,1.17568,1.1749,1.17567
2026-05-29 13:00:00+00:00,1.17567,1.17608,1.17527,1.1755
2026-05-29 14:00:00+00:00,1.1755,1.17822,1.17481,1.17763
2026-05-29 15:00:00+00:00,1.17763,1.17935,1.17749,1.17858
2026-05-29 16:00:00+00:00,1.17858,1.1787,1.17743,1.17798
2026-05-29 17:00:00+00:00,1.17798,1.1781,1.17698,1.177
2026-05-29 18:00:00+00:00,1.177,1.17764,1.17681,1.1772
2026-05-29 19:00:00+00:00,1.1772,1.17773,1.17714,1.17723
2026-05-29 20:00:00+00:00,1.17723,1.17726,1.17653,1.17657
2026-05-31 21:00:00+00:00,1.17657,1.1776100000000005,1.17653,1.1773500000000003
2026-05-31 22:00:00+00:00,1.1773500000000003,1.1774700000000002,1.1767800000000004,1.1771000000000005
2026-05-31 23:00:00+00:00,1.1771000000000005,1.1772300000000002,1.1765100000000004,1.1765200000000002
2026-06-01 00:00:00+00:00,1.1765200000000002,1.1770500000000004,1.1761600000000003,1.1764300000000003
2026-06-01 01:00:00+00:00,1.1764300000000003,1.1764900000000005,1.1758600000000003,1.1761500000000005
2026-06-01 02:00:00+00:00,1.1761500000000005,1.1763700000000004,1.1760300000000004,1.1763200000000005
2026-06-01 03:00:00+00:00,1.1763200000000005,1.1765700000000003,1.1758300000000004,1.1760400000000002
2026-06-01 04:00:00+00:00,1.1760400000000002,1.1765200000000002,1.1759900000000003,1.1764800000000002
2026-06-01 05:00:00+00:00,1.1764800000000002,1.1770100000000003,1.1764400000000004,1.1767900000000002
2026-06-01 06:00:00+00:00,1.1767900000000002,1.1781400000000002,1.1766800000000002,1.1781300000000003
2026-06-01 07:00:00+00:00,1.1781300000000003,1.1781300000000003,1.1768400000000003,1.1773200000000004
2026-06-01 08:00:00+00:00,1.1773200000000004,1.1776800000000005,1.1770000000000005,1.1774400000000005
2026-06-01 09:00:00+00:00,1.1774400000000005,1.1777300000000004,1.1764900000000005,1.1767500000000002
2026-06-01 10:00:00+00:00,1.1767500000000002,1.1767800000000004,1.1762700000000004,1.1764100000000002
2026-06-01 11:00:00+00:00,1.1764100000000002,1.1764800000000002,1.1758300000000004,1.1762900000000005
2026-06-01 12:00:00+00:00,1.1762900000000005,1.1767100000000004,1.1761800000000002,1.1764000000000003
2026-06-01 13:00:00+00:00,1.1764000000000003,1.1764900000000005,1.1726700000000003,1.1726900000000002
2026-06-01 14:00:00+00:00,1.1726900000000002,1.1735000000000002,1.1723100000000002,1.1734100000000005
2026-06-01 15:00:00+00:00,1.1734100000000005,1.1745400000000004,1.1731700000000005,1.1739700000000002
2026-06-01 16:00:00+00:00,1.1739700000000002,1.1747100000000004,1.1733000000000002,1.1746400000000004
2026-06-01 17:00:00+00:00,1.1746400000000004,1.1754600000000002,1.1741800000000002,1.1751500000000004
2026-06-01 18:00:00+00:00,1.1751500000000004,1.1752000000000002,1.1747200000000002,1.1747400000000003
2026-06-01 19:00:00+00:00,1.1747400000000003,1.1750400000000003,1.1743200000000005,1.1748300000000005
2026-06-01 20:00:00+00:00,1.1748300000000005,1.1750500000000004,1.1747200000000002,1.1748300000000005
2026-06-01 21:00:00+00:00,1.1748300000000005,1.1751300000000002,1.1743400000000004,1.1749500000000004
2026-06-01 22:00:00+00:00,1.1749500000000004,1.1751300000000002,1.1749000000000005,1.1750600000000002
2026-06-01 23:00:00+00:00,1.1750600000000002,1.1752800000000003,1.1749500000000004,1.1752000000000002
2026-06-02 00:00:00+00:00,1.1752000000000002,1.1752200000000004,1.1745900000000002,1.1748000000000005
2026-06-02 01:00:00+00:00,1.1748000000000005,1.1753600000000002,1.1745200000000002,1.1747200000000002
2026-06-02 02:00:00+00:00,1.1747200000000002,1.1751200000000004,1.1746900000000002,1.1747500000000002
2026-06-02 03:00:00+00:00,1.1747500000000002,1.1751900000000002,1.1747500000000002,1.1750800000000003
2026-06-02 04:00:00+00:00,1.1750800000000003,1.1755400000000005,1.1750800000000003,1.1754400000000005
2026-06-02 05:00:00+00:00,1.1754400000000005,1.1756300000000002,1.1752900000000004,1.1753800000000003
2026-06-02 06:00:00+00:00,1.1753800000000003,1.1768900000000002,1.1753800000000003,1.1767000000000003
2026-06-02 07:00:00+00:00,1.1767000000000003,1.1767400000000003,1.1761500000000005,1.1765200000000002
2026-06-02 08:00:00+00:00,1.1765200000000002,1.1769200000000002,1.1758700000000002,1.1760200000000005
2026-06-02 09:00:00+00:00,1.1760200000000005,1.1761500000000005,1.1756800000000005,1.1759800000000002
2026-06-02 10:00:00+00:00,1.1759800000000002,1.1762800000000002,1.1755000000000002,1.1760400000000002
2026-06-02 11:00:00+00:00,1.1760400000000002,1.1769400000000003,1.1760300000000004,1.1766200000000002
2026-06-02 12:00:00+00:00,1.1766200000000002,1.1772300000000002,1.1764000000000003,1.1767200000000002
2026-06-02 13:00:00+00:00,1.1767200000000002,1.1769000000000005,1.1756200000000003,1.1759600000000003
2026-06-02 14:00:00+00:00,1.1759600000000003,1.1766500000000002,1.1752800000000003,1.1760300000000004
2026-06-02 15:00:00+00:00,1.1760300000000004,1.1761800000000002,1.1752100000000003,1.1757200000000003
2026-06-02 16:00:00+00:00,1.1757200000000003,1.1757800000000005,1.1743500000000002,1.1745000000000003
2026-06-02 17:00:00+00:00,1.1745000000000003,1.1746400000000004,1.1736800000000005,1.1738100000000002
2026-06-02 18:00:00+00:00,1.1738100000000002,1.1746700000000003,1.1730100000000003,1.1745100000000004
2026-06-02 19:00:00+00:00,1.1745100000000004,1.1749700000000003,1.1745100000000004,1.1749000000000005
2026-06-02 20:00:00+00:00,1.1749000000000005,1.1751400000000003,1.1746500000000002,1.1748300000000005
2026-06-02 21:00:00+00:00,1.1748300000000005,1.17505,1.1743100000000002,1.17471
2026-06-02 22:00:00+00:00,1.17471,1.1748600000000002,1.17447,1.1745100000000002
2026-06-02 23:00:00+00:00,1.1745100000000002,1.1745900000000002,1.17382,1.1739700000000002
2026-06-03 00:00:00+00:00,1.1739700000000002,1.1749300000000005,1.17389,1.1747500000000002
2026-06-03 01:00:00+00:00,1.1747500000000002,1.17521,1.1744800000000002,1.17481
2026-06-03 02:00:00+00:00,1.17481,1.17505,1.17433,1.17467
2026-06-03 03:00:00+00:00,1.17467,1.17481,1.1744800000000002,1.1745900000000002
2026-06-03 04:00:00+00:00,1.1745900000000002,1.1746600000000005,1.1742900000000005,1.1744100000000002
2026-06-03 05:00:00+00:00,1.1744100000000002,1.17457,1.17372,1.17372
2026-06-03 06:00:00+00:00,1.17372,1.1740900000000003,1.1730900000000002,1.17349
2026-06-03 07:00:00+00:00,1.17349,1.1742900000000005,1.1731400000000003,1.1734600000000002
2026-06-03 08:00:00+00:00,1.1734600000000002,1.1735400000000002,1.1723600000000003,1.1726600000000005
2026-06-03 09:00:00+00:00,1.1726600000000005,1.17345,1.17264,1.17321
2026-06-03 10:00:00+00:00,1.17321,1.1741500000000002,1.1731300000000002,1.1734800000000003
2026-06-03 11:00:00+00:00,1.1734800000000003,1.1741200000000005,1.1733900000000002,1.1736400000000002
2026-06-03 12:00:00+00:00,1.1736400000000002,1.1737100000000005,1.1715100000000005,1.1719100000000002
2026-06-03 13:00:00+00:00,1.1719100000000002,1.1724900000000005,1.17159,1.1721200000000005
2026-06-03 14:00:00+00:00,1.1721200000000005,1.1730900000000002,1.1713300000000002,1.1730900000000002
2026-06-03 15:00:00+00:00,1.1730900000000002,1.17315,1.1720900000000003,1.17233
2026-06-03 16:00:00+00:00,1.17233,1.1723600000000003,1.1713700000000002,1.1718800000000005
2026-06-03 17:00:00+00:00,1.1718800000000005,1.1722200000000005,1.1715400000000002,1.17169
2026-06-03 18:00:00+00:00,1.17169,1.17185,1.1713600000000002,1.1717
2026-06-03 19:00:00+00:00,1.1717,1.17197,1.17158,1.17167
2026-06-03 20:00:00+00:00,1.17167,1.17193,1.17157,1.17161
2026-06-03 21:00:00+00:00,1.17161,1.17189,1.1714,1.1716899999999997
2026-06-03 22:00:00+00:00,1.1716899999999997,1.173159999999999,1.1713799999999996,1.1725099999999993
2026-06-03 23:00:00+00:00,1.1725099999999993,1.1730199999999993,1.1720699999999993,1.1728299999999994
2026-06-04 00:00:00+00:00,1.1728299999999994,1.1731899999999993,1.1724799999999993,1.1725899999999994
2026-06-04 01:00:00+00:00,1.1725899999999994,1.1729499999999995,1.1723199999999994,1.172889999999999
2026-06-04 02:00:00+00:00,1.172889999999999,1.173059999999999,1.1725599999999994,1.1729399999999994
2026-06-04 03:00:00+00:00,1.1729399999999994,1.1729399999999994,1.1721899999999994,1.1725299999999994
2026-06-04 04:00:00+00:00,1.1725299999999994,1.173229999999999,1.1723299999999994,1.1729099999999997
2026-06-04 05:00:00+00:00,1.1729099999999997,1.1729799999999997,1.1724599999999994,1.1729099999999997
2026-06-04 06:00:00+00:00,1.1729099999999997,1.1734299999999993,1.1726499999999993,1.1730099999999994
2026-06-04 07:00:00+00:00,1.1730099999999994,1.1732099999999994,1.1717799999999994,1.1723299999999994
2026-06-04 08:00:00+00:00,1.1723299999999994,1.1733399999999994,1.1722899999999994,1.1732499999999997
2026-06-04 09:00:00+00:00,1.1732499999999997,1.1747799999999995,1.1732399999999994,1.1745099999999993
2026-06-04 10:00:00+00:00,1.1745099999999993,1.1753499999999997,1.174449999999999,1.1749799999999997
2026-06-04 11:00:00+00:00,1.1749799999999997,1.1764799999999993,1.1749699999999994,1.176109999999999
2026-06-04 12:00:00+00:00,1.176109999999999,1.1764599999999994,1.1753699999999994,1.1756199999999994
2026-06-04 13:00:00+00:00,1.1756199999999994,1.1759299999999997,1.175329999999999,1.1755399999999994
2026-06-04 14:00:00+00:00,1.1755399999999994,1.1759199999999994,1.1748399999999994,1.174989999999999
2026-06-04 15:00:00+00:00,1.174989999999999,1.1750899999999993,1.1741699999999995,1.1747599999999994
2026-06-04 16:00:00+00:00,1.1747599999999994,1.1749099999999997,1.1742499999999991,1.1742699999999997
2026-06-04 17:00:00+00:00,1.1742699999999997,1.1743299999999994,1.1738799999999994,1.1739999999999997
2026-06-04 18:00:00+00:00,1.1739999999999997,1.1741899999999994,1.1732699999999994,1.1734299999999993
2026-06-04 19:00:00+00:00,1.1734299999999993,1.1735499999999994,1.1729899999999993,1.1731799999999994
2026-06-04 20:00:00+00:00,1.1731799999999994,1.1732899999999993,1.1727299999999994,1.1729599999999991
2026-06-04 21:00:00+00:00,1.1729599999999991,1.1734299999999993,1.1727499999999993,1.1730699999999992
2026-06-04 22:00:00+00:00,1.1730699999999992,1.1732399999999992,1.1729799999999992,1.1730999999999994
2026-06-04 23:00:00+00:00,1.1730999999999994,1.1732499999999992,1.1730699999999992,1.1731099999999992
2026-06-05 00:00:00+00:00,1.1731099999999992,1.1732899999999993,1.1729699999999992,1.173159999999999
2026-06-05 01:00:00+00:00,1.173159999999999,1.1733799999999992,1.1728599999999991,1.1732399999999992
2026-06-05 02:00:00+00:00,1.1732399999999992,1.1735399999999994,1.1731299999999991,1.1732899999999993
2026-06-05 03:00:00+00:00,1.1732899999999993,1.1734499999999992,1.1732399999999992,1.1733599999999993
2026-06-05 04:00:00+00:00,1.1733599999999993,1.1735799999999992,1.1732599999999993,1.1734799999999992
2026-06-05 05:00:00+00:00,1.1734799999999992,1.1738099999999994,1.1733799999999992,1.1734399999999994
2026-06-05 06:00:00+00:00,1.1734399999999994,1.1741599999999992,1.1731799999999992,1.174109999999999
2026-06-05 07:00:00+00:00,1.174109999999999,1.175599999999999,1.1740499999999994,1.1750899999999993
2026-06-05 08:00:00+00:00,1.1750899999999993,1.1758799999999994,1.1750699999999992,1.1755499999999992
2026-06-05 09:00:00+00:00,1.1755499999999992,1.1763199999999994,1.1753499999999992,1.1757499999999992
2026-06-05 10:00:00+00:00,1.1757499999999992,1.1763199999999994,1.1757299999999993,1.1758999999999993
2026-06-05 11:00:00+00:00,1.1758999999999993,1.1760799999999991,1.175329999999999,1.1760399999999993
2026-06-05 12:00:00+00:00,1.1760399999999993,1.1761799999999991,1.1705099999999993,1.1705399999999992
2026-06-05 13:00:00+00:00,1.1705399999999992,1.171839999999999,1.169059999999999,1.1690699999999994
2026-06-05 14:00:00+00:00,1.1690699999999994,1.169939999999999,1.1668199999999993,1.1677799999999994
2026-06-05 15:00:00+00:00,1.1677799999999994,1.1678899999999992,1.1650299999999991,1.1651399999999992
2026-06-05 16:00:00+00:00,1.1651399999999992,1.1651899999999993,1.1641399999999993,1.1650999999999994
2026-06-05 17:00:00+00:00,1.1650999999999994,1.1651799999999992,1.1638099999999991,1.1643099999999993
2026-06-05 18:00:00+00:00,1.1643099999999993,1.164789999999999,1.1638299999999993,1.1641899999999992
2026-06-05 19:00:00+00:00,1.1641899999999992,1.1646299999999994,1.1637199999999992,1.1644199999999991
2026-06-05 20:00:00+00:00,1.1644199999999991,1.1644799999999993,1.1636899999999992,1.1639399999999993
2026-06-07 21:00:00+00:00,1.1639399999999993,1.16457,1.1639299999999997,1.16443
2026-06-07 22:00:00+00:00,1.16443,1.16538,1.16437,1.16481
2026-06-07 23:00:00+00:00,1.16481,1.1657699999999998,1.16481,1.16569
2026-06-08 00:00:00+00:00,1.16569,1.16685,1.1655699999999998,1.1668299999999998
2026-06-08 01:00:00+00:00,1.1668299999999998,1.1669699999999998,1.1646599999999998,1.16613
2026-06-08 02:00:00+00:00,1.16613,1.1666599999999998,1.1655399999999998,1.1663499999999998
2026-06-08 03:00:00+00:00,1.1663499999999998,1.16674,1.1661,1.1667299999999998
2026-06-08 04:00:00+00:00,1.1667299999999998,1.1668899999999998,1.1664799999999995,1.1666299999999998
2026-06-08 05:00:00+00:00,1.1666299999999998,1.16748,1.1652699999999998,1.16542
2026-06-08 06:00:00+00:00,1.16542,1.1659799999999998,1.16485,1.16502
2026-06-08 07:00:00+00:00,1.16502,1.1661799999999998,1.1649199999999995,1.16515
2026-06-08 08:00:00+00:00,1.16515,1.16583,1.1642799999999998,1.1643199999999998
2026-06-08 09:00:00+00:00,1.1643199999999998,1.16495,1.1634699999999998,1.16474
2026-06-08 10:00:00+00:00,1.16474,1.16671,1.16451,1.1659399999999998
2026-06-08 11:00:00+00:00,1.1659399999999998,1.1678799999999998,1.16583,1.1671599999999998
2026-06-08 12:00:00+00:00,1.1671599999999998,1.16786,1.16701,1.1676999999999995
2026-06-08 13:00:00+00:00,1.1676999999999995,1.1689599999999998,1.1676299999999995,1.1676399999999998
2026-06-08 14:00:00+00:00,1.1676399999999998,1.1679499999999998,1.16667,1.1677699999999998
2026-06-08 15:00:00+00:00,1.1677699999999998,1.1682799999999998,1.16715,1.1679199999999998
2026-06-08 16:00:00+00:00,1.1679199999999998,1.1681099999999998,1.16739,1.16739
2026-06-08 17:00:00+00:00,1.16739,1.16766,1.1670599999999998,1.16729
2026-06-08 18:00:00+00:00,1.16729,1.1676999999999995,1.16626,1.16633
2026-06-08 19:00:00+00:00,1.16633,1.1669299999999998,1.1663099999999995,1.16657
2026-06-08 20:00:00+00:00,1.16657,1.1668899999999998,1.1665299999999998,1.16684
2026-06-08 21:00:00+00:00,1.16684,1.16755,1.1666,1.1671899999999995
2026-06-08 22:00:00+00:00,1.1671899999999995,1.1671899999999995,1.16677,1.16687
2026-06-08 23:00:00+00:00,1.16687,1.1669299999999998,1.1663099999999995,1.1663399999999997
2026-06-09 00:00:00+00:00,1.1663399999999997,1.1666799999999995,1.1662199999999998,1.1666499999999995
2026-06-09 01:00:00+00:00,1.1666499999999995,1.16748,1.1665599999999998,1.16748
2026-06-09 02:00:00+00:00,1.16748,1.1675599999999997,1.16718,1.16728
2026-06-09 03:00:00+00:00,1.16728,1.16752,1.16701,1.1673299999999998
2026-06-09 04:00:00+00:00,1.1673299999999998,1.1683499999999998,1.1672199999999997,1.1680799999999998
2026-06-09 05:00:00+00:00,1.1680799999999998,1.1682799999999998,1.16748,1.1679999999999997
2026-06-09 06:00:00+00:00,1.1679999999999997,1.16887,1.1678699999999995,1.1679199999999998
2026-06-09 07:00:00+00:00,1.1679199999999998,1.1682099999999995,1.1672599999999995,1.16745
2026-06-09 08:00:00+00:00,1.16745,1.1687899999999998,1.1671599999999998,1.1685899999999998
2026-06-09 09:00:00+00:00,1.1685899999999998,1.1699099999999998,1.1685499999999998,1.1696699999999998
2026-06-09 10:00:00+00:00,1.1696699999999998,1.1705,1.1695299999999995,1.17006
2026-06-09 11:00:00+00:00,1.17006,1.1709499999999995,1.17006,1.1707899999999998
2026-06-09 12:00:00+00:00,1.1707899999999998,1.1710199999999995,1.1704399999999997,1.1708899999999998
2026-06-09 13:00:00+00:00,1.1708899999999998,1.1713299999999998,1.16989,1.17016
2026-06-09 14:00:00+00:00,1.17016,1.1708599999999998,1.1693399999999998,1.16976
2026-06-09 15:00:00+00:00,1.16976,1.1702499999999998,1.1681,1.16904
2026-06-09 16:00:00+00:00,1.16904,1.1692599999999995,1.16637,1.16762
2026-06-09 17:00:00+00:00,1.16762,1.1688299999999998,1.16752,1.16833
2026-06-09 18:00:00+00:00,1.16833,1.1688299999999998,1.1681499999999998,1.1685099999999995
2026-06-09 19:00:00+00:00,1.1685099999999995,1.16857,1.16749,1.1676799999999998
2026-06-09 20:00:00+00:00,1.1676799999999998,1.1680799999999998,1.16759,1.1678099999999998
2026-06-09 21:00:00+00:00,1.1678099999999998,1.1678099999999998,1.1670199999999995,1.1672299999999998
2026-06-09 22:00:00+00:00,1.1672299999999998,1.1675699999999998,1.1671299999999998,1.16718
2026-06-09 23:00:00+00:00,1.16718,1.16742,1.16684,1.16704
2026-06-10 00:00:00+00:00,1.16704,1.1678699999999995,1.1668499999999995,1.1677399999999998
2026-06-10 01:00:00+00:00,1.1677399999999998,1.1678099999999998,1.1670599999999998,1.1672899999999995
2026-06-10 02:00:00+00:00,1.1672899999999995,1.16803,1.1672199999999997,1.1677699999999998
2026-06-10 03:00:00+00:00,1.1677699999999998,1.16874,1.16776,1.1685499999999998
2026-06-10 04:00:00+00:00,1.1685499999999998,1.1685799999999995,1.1679799999999998,1.1681699999999997
2026-06-10 05:00:00+00:00,1.1681699999999997,1.16908,1.16806,1.1689499999999995
2026-06-10 06:00:00+00:00,1.1689499999999995,1.16935,1.1683499999999998,1.1684099999999995
2026-06-10 07:00:00+00:00,1.1684099999999995,1.1693899999999997,1.1681899999999998,1.16891
2026-06-10 08:00:00+00:00,1.16891,1.1689499999999995,1.1683399999999995,1.1688899999999998
2026-06-10 09:00:00+00:00,1.1688899999999998,1.1694999999999998,1.1685899999999998,1.16932
2026-06-10 10:00:00+00:00,1.16932,1.16945,1.1685599999999998,1.16874
2026-06-10 11:00:00+00:00,1.16874,1.1687799999999997,1.1670699999999998,1.1671899999999995
2026-06-10 12:00:00+00:00,1.1671899999999995,1.1699999999999997,1.1671299999999998,1.16837
2026-06-10 13:00:00+00:00,1.16837,1.17084,1.16827,1.1697699999999998
2026-06-10 14:00:00+00:00,1.1697699999999998,1.1702399999999995,1.1685299999999998,1.16874
2026-06-10 15:00:00+00:00,1.16874,1.16921,1.1669499999999997,1.1684599999999998
2026-06-10 16:00:00+00:00,1.1684599999999998,1.16948,1.16837,1.16891
2026-06-10 17:00:00+00:00,1.16891,1.1691999999999998,1.16799,1.1687799999999997
2026-06-10 18:00:00+00:00,1.1687799999999997,1.1692899999999995,1.1683399999999995,1.1683499999999998
2026-06-10 19:00:00+00:00,1.1683499999999998,1.1684099999999995,1.1676299999999995,1.1676699999999998
2026-06-10 20:00:00+00:00,1.1676699999999998,1.1676799999999998,1.16701,1.1670699999999998
2026-06-10 21:00:00+00:00,1.1670699999999998,1.16749,1.16691,1.1670399999999996
2026-06-10 22:00:00+00:00,1.1670399999999996,1.1672299999999998,1.1663899999999996,1.1665399999999997
2026-06-10 23:00:00+00:00,1.1665399999999997,1.1673299999999998,1.1661099999999998,1.1670799999999997
2026-06-11 00:00:00+00:00,1.1670799999999997,1.1678499999999998,1.1670799999999997,1.16779
2026-06-11 01:00:00+00:00,1.16779,1.1691499999999997,1.1677099999999998,1.1689499999999995
2026-06-11 02:00:00+00:00,1.1689499999999995,1.1689699999999998,1.16816,1.1683499999999998
2026-06-11 03:00:00+00:00,1.1683499999999998,1.1684599999999998,1.16799,1.16809
2026-06-11 04:00:00+00:00,1.16809,1.1685899999999998,1.1677999999999995,1.1683799999999998
2026-06-11 05:00:00+00:00,1.1683799999999998,1.1686899999999998,1.1680999999999997,1.1682799999999998
2026-06-11 06:00:00+00:00,1.1682799999999998,1.1683,1.1675899999999997,1.1677099999999998
2026-06-11 07:00:00+00:00,1.1677099999999998,1.1690999999999998,1.1676799999999998,1.1680499999999998
2026-06-11 08:00:00+00:00,1.1680499999999998,1.16809,1.1666099999999997,1.16677
2026-06-11 09:00:00+00:00,1.16677,1.16728,1.1665399999999997,1.1669499999999997
2026-06-11 10:00:00+00:00,1.1669499999999997,1.1669999999999998,1.1658699999999995,1.1666799999999995
2026-06-11 11:00:00+00:00,1.1666799999999995,1.16772,1.1666799999999995,1.16738
2026-06-11 12:00:00+00:00,1.16738,1.1679099999999998,1.1651699999999998,1.1675299999999995
2026-06-11 13:00:00+00:00,1.1675299999999995,1.1676099999999998,1.1653099999999998,1.1665099999999995
2026-06-11 14:00:00+00:00,1.1665099999999995,1.1666,1.1650199999999995,1.1654899999999997
2026-06-11 15:00:00+00:00,1.1654899999999997,1.16599,1.1649499999999997,1.1649999999999998
2026-06-11 16:00:00+00:00,1.1649999999999998,1.1651699999999998,1.16426,1.1644599999999998
2026-06-11 17:00:00+00:00,1.1644599999999998,1.1701799999999998,1.1638299999999997,1.1686599999999998
2026-06-11 18:00:00+00:00,1.1686599999999998,1.1702099999999998,1.1676699999999998,1.1693399999999998
2026-06-11 19:00:00+00:00,1.1693399999999998,1.1725199999999998,1.1693299999999998,1.1714399999999998
2026-06-11 20:00:00+00:00,1.1714399999999998,1.1718999999999995,1.1711899999999995,1.1714099999999998
2026-06-11 21:00:00+00:00,1.1714099999999998,1.1715799999999998,1.1710499999999997,1.1711999999999998
2026-06-11 22:00:00+00:00,1.1711999999999998,1.17206,1.17087,1.1720499999999998
2026-06-11 23:00:00+00:00,1.1720499999999998,1.1722199999999998,1.1709999999999998,1.17112
2026-06-12 00:00:00+00:00,1.17112,1.1712299999999998,1.1701799999999998,1.1705299999999998
2026-06-12 01:00:00+00:00,1.1705299999999998,1.17057,1.16972,1.16989
2026-06-12 02:00:00+00:00,1.16989,1.1706,1.16983,1.17023
2026-06-12 03:00:00+00:00,1.17023,1.1710899999999995,1.17007,1.1707599999999998
2026-06-12 04:00:00+00:00,1.1707599999999998,1.1710699999999998,1.17043,1.17071
2026-06-12 05:00:00+00:00,1.17071,1.17094,1.16929,1.16932
2026-06-12 06:00:00+00:00,1.16932,1.1709899999999998,1.1693099999999998,1.1708599999999998
2026-06-12 07:00:00+00:00,1.1708599999999998,1.1709199999999995,1.1692699999999998,1.1702099999999998
2026-06-12 08:00:00+00:00,1.1702099999999998,1.1721199999999998,1.1701,1.1712399999999998
2026-06-12 09:00:00+00:00,1.1712399999999998,1.17251,1.1709199999999995,1.17197
2026-06-12 10:00:00+00:00,1.17197,1.1721199999999998,1.1704499999999998,1.1709599999999998
2026-06-12 11:00:00+00:00,1.1709599999999998,1.1714999999999998,1.1706199999999998,1.1707
2026-06-12 12:00:00+00:00,1.1707,1.17081,1.1695699999999998,1.1699099999999998
2026-06-12 13:00:00+00:00,1.1699099999999998,1.1714699999999998,1.1697399999999998,1.1705
2026-06-12 14:00:00+00:00,1.1705,1.1714699999999998,1.1701799999999998,1.1708899999999998
2026-06-12 15:00:00+00:00,1.1708899999999998,1.17192,1.1707199999999998,1.1708599999999998
2026-06-12 16:00:00+00:00,1.1708599999999998,1.1713399999999998,1.1705,1.17102
2026-06-12 17:00:00+00:00,1.17102,1.17132,1.17074,1.17102
2026-06-12 18:00:00+00:00,1.17102,1.17142,1.1707999999999998,1.17104
2026-06-12 19:00:00+00:00,1.17104,1.1713299999999998,1.17043,1.17071
2026-06-12 20:00:00+00:00,1.17071,1.17074,1.1700499999999998,1.1702199999999998
2026-06-14 21:00:00+00:00,1.1702199999999998,1.1738099999999996,1.1702199999999998,1.1737199999999997
2026-06-14 22:00:00+00:00,1.1737199999999997,1.1749999999999996,1.1732799999999997,1.1741099999999995
2026-06-14 23:00:00+00:00,1.1741099999999995,1.1741899999999996,1.1734699999999996,1.1735399999999996
2026-06-15 00:00:00+00:00,1.1735399999999996,1.1744299999999996,1.1730499999999997,1.1731399999999996
2026-06-15 01:00:00+00:00,1.1731399999999996,1.1734199999999997,1.1726699999999997,1.1730599999999995
2026-06-15 02:00:00+00:00,1.1730599999999995,1.1733999999999996,1.1726899999999996,1.1732099999999996
2026-06-15 03:00:00+00:00,1.1732099999999996,1.1737799999999996,1.1730999999999996,1.1736799999999996
2026-06-15 04:00:00+00:00,1.1736799999999996,1.1745899999999996,1.1735699999999996,1.1745099999999995
2026-06-15 05:00:00+00:00,1.1745099999999995,1.1754599999999995,1.1745099999999995,1.1749399999999997
2026-06-15 06:00:00+00:00,1.1749399999999997,1.1750499999999997,1.1733199999999997,1.1738899999999997
2026-06-15 07:00:00+00:00,1.1738899999999997,1.1743099999999995,1.1733999999999996,1.1738699999999995
2026-06-15 08:00:00+00:00,1.1738699999999995,1.1742799999999995,1.1729599999999996,1.1733899999999997
2026-06-15 09:00:00+00:00,1.1733899999999997,1.1743299999999997,1.1733199999999997,1.1739399999999995
2026-06-15 10:00:00+00:00,1.1739399999999995,1.1746999999999996,1.1735799999999996,1.1743099999999995
2026-06-15 11:00:00+00:00,1.1743099999999995,1.1746699999999997,1.1738199999999996,1.1741499999999996
2026-06-15 12:00:00+00:00,1.1741499999999996,1.1752199999999997,1.1736799999999996,1.1747999999999996
2026-06-15 13:00:00+00:00,1.1747999999999996,1.1753099999999996,1.1744599999999996,1.1749399999999997
2026-06-15 14:00:00+00:00,1.1749399999999997,1.1751199999999995,1.1738199999999996,1.1740299999999997
2026-06-15 15:00:00+00:00,1.1740299999999997,1.1740299999999997,1.1729099999999997,1.1730999999999996
2026-06-15 16:00:00+00:00,1.1730999999999996,1.1737699999999995,1.1729899999999995,1.1735999999999995
2026-06-15 17:00:00+00:00,1.1735999999999995,1.1736599999999997,1.1730599999999995,1.1731899999999995
2026-06-15 18:00:00+00:00,1.1731899999999995,1.1735599999999995,1.1726499999999995,1.1727299999999996
2026-06-15 19:00:00+00:00,1.1727299999999996,1.1728799999999997,1.1716999999999995,1.1717799999999996
2026-06-15 20:00:00+00:00,1.1717799999999996,1.1722599999999996,1.1716199999999997,1.1722499999999996
2026-06-15 21:00:00+00:00,1.1722499999999996,1.1722699999999997,1.1715299999999995,1.1718599999999997
2026-06-15 22:00:00+00:00,1.1718599999999997,1.1720399999999995,1.1714999999999995,1.1718099999999996
2026-06-15 23:00:00+00:00,1.1718099999999996,1.1723199999999996,1.1717999999999995,1.1720799999999996
2026-06-16 00:00:00+00:00,1.1720799999999996,1.1723099999999995,1.1717399999999996,1.1722499999999996
2026-06-16 01:00:00+00:00,1.1722499999999996,1.1724699999999997,1.1716499999999996,1.1717299999999995
2026-06-16 02:00:00+00:00,1.1717299999999995,1.1718899999999997,1.1712299999999995,1.1717299999999995
2026-06-16 03:00:00+00:00,1.1717299999999995,1.1718199999999996,1.1713499999999997,1.1715899999999997
2026-06-16 04:00:00+00:00,1.1715899999999997,1.1716399999999996,1.1705299999999996,1.1708399999999997
2026-06-16 05:00:00+00:00,1.1708399999999997,1.1710399999999996,1.1704799999999995,1.1704899999999996
2026-06-16 06:00:00+00:00,1.1704899999999996,1.1717099999999996,1.1704299999999996,1.1716799999999996
2026-06-16 07:00:00+00:00,1.1716799999999996,1.1725099999999995,1.1714499999999997,1.1725099999999995
2026-06-16 08:00:00+00:00,1.1725099999999995,1.1736099999999996,1.1722699999999997,1.1735299999999995
2026-06-16 09:00:00+00:00,1.1735299999999995,1.1738799999999996,1.1729299999999996,1.1730499999999997
2026-06-16 10:00:00+00:00,1.1730499999999997,1.1742499999999996,1.1729999999999996,1.1741399999999995
2026-06-16 11:00:00+00:00,1.1741399999999995,1.1741399999999995,1.1726699999999997,1.1728599999999996
2026-06-16 12:00:00+00:00,1.1728599999999996,1.1731399999999996,1.1720899999999996,1.1729099999999997
2026-06-16 13:00:00+00:00,1.1729099999999997,1.1733099999999996,1.1720699999999995,1.1722199999999996
2026-06-16 14:00:00+00:00,1.1722199999999996,1.1737999999999995,1.1717499999999996,1.1736499999999996
2026-06-16 15:00:00+00:00,1.1736499999999996,1.1748199999999995,1.1729299999999996,1.1743599999999996
2026-06-16 16:00:00+00:00,1.1743599999999996,1.1749299999999996,1.1741199999999996,1.1742799999999995
2026-06-16 17:00:00+00:00,1.1742799999999995,1.1743399999999995,1.1740299999999997,1.1740899999999996
2026-06-16 18:00:00+00:00,1.1740899999999996,1.1743699999999997,1.1735899999999997,1.1740099999999996
2026-06-16 19:00:00+00:00,1.1740099999999996,1.1743399999999995,1.1735299999999995,1.1737699999999995
2026-06-16 20:00:00+00:00,1.1737699999999995,1.1739199999999996,1.1735999999999995,1.1737899999999997
2026-06-16 21:00:00+00:00,1.1737899999999997,1.1740499999999996,1.1734199999999997,1.1736299999999995
2026-06-16 22:00:00+00:00,1.1736299999999995,1.1742199999999996,1.1736299999999995,1.1741499999999996
2026-06-16 23:00:00+00:00,1.1741499999999996,1.1743999999999997,1.1738099999999996,1.1738799999999996
2026-06-17 00:00:00+00:00,1.1738799999999996,1.1745799999999995,1.1737699999999995,1.1743699999999997
2026-06-17 01:00:00+00:00,1.1743699999999997,1.1745199999999996,1.1739399999999995,1.1741499999999996
2026-06-17 02:00:00+00:00,1.1741499999999996,1.1744199999999996,1.1738299999999997,1.1738299999999997
2026-06-17 03:00:00+00:00,1.1738299999999997,1.1741399999999995,1.1737499999999996,1.1739499999999996
2026-06-17 04:00:00+00:00,1.1739499999999996,1.1742599999999996,1.1739099999999996,1.1741499999999996
2026-06-17 05:00:00+00:00,1.1741499999999996,1.1744099999999995,1.1739599999999997,1.1741199999999996
2026-06-17 06:00:00+00:00,1.1741199999999996,1.1743899999999996,1.1732899999999995,1.1737099999999996
2026-06-17 07:00:00+00:00,1.1737099999999996,1.1743999999999997,1.1733599999999995,1.1737499999999996
2026-06-17 08:00:00+00:00,1.1737499999999996,1.1737599999999997,1.1727199999999995,1.1730899999999995
2026-06-17 09:00:00+00:00,1.1730899999999995,1.1735099999999996,1.1729999999999996,1.1733099999999996
2026-06-17 10:00:00+00:00,1.1733099999999996,1.1733799999999996,1.1724699999999997,1.1726199999999996
2026-06-17 11:00:00+00:00,1.1726199999999996,1.1726399999999997,1.1714499999999997,1.1720699999999995
2026-06-17 12:00:00+00:00,1.1720699999999995,1.1731899999999995,1.1719799999999996,1.1731299999999996
2026-06-17 13:00:00+00:00,1.1731299999999996,1.1731999999999996,1.1724699999999997,1.1725999999999996
2026-06-17 14:00:00+00:00,1.1725999999999996,1.1727599999999996,1.1709999999999996,1.1718499999999996
2026-06-17 15:00:00+00:00,1.1718499999999996,1.1723099999999995,1.1716099999999996,1.1721599999999996
2026-06-17 16:00:00+00:00,1.1721599999999996,1.1722399999999995,1.1717999999999995,1.1720899999999996
2026-06-17 17:00:00+00:00,1.1720899999999996,1.1725399999999997,1.1716699999999995,1.1723999999999997
2026-06-17 18:00:00+00:00,1.1723999999999997,1.1723999999999997,1.1664499999999995,1.1667799999999997
2026-06-17 19:00:00+00:00,1.1667799999999997,1.1671099999999996,1.1606999999999996,1.1623299999999996
2026-06-17 20:00:00+00:00,1.1623299999999996,1.1634599999999995,1.1616099999999996,1.1630199999999995
2026-06-17 21:00:00+00:00,1.1630199999999995,1.1630599999999995,1.1627199999999995,1.1630199999999995
2026-06-17 22:00:00+00:00,1.1630199999999995,1.1633199999999997,1.1627999999999994,1.1632099999999994
2026-06-17 23:00:00+00:00,1.1632099999999994,1.1635999999999995,1.1631199999999997,1.1634399999999994
2026-06-18 00:00:00+00:00,1.1634399999999994,1.1648199999999995,1.1634199999999997,1.1642999999999994
2026-06-18 01:00:00+00:00,1.1642999999999994,1.1649899999999995,1.1642799999999995,1.1644099999999995
2026-06-18 02:00:00+00:00,1.1644099999999995,1.1648399999999994,1.1640599999999994,1.1645399999999997
2026-06-18 03:00:00+00:00,1.1645399999999997,1.1651899999999995,1.1645299999999994,1.1650999999999994
2026-06-18 04:00:00+00:00,1.1650999999999994,1.165399999999999,1.1648199999999995,1.165059999999999
2026-06-18 05:00:00+00:00,1.165059999999999,1.1652399999999994,1.1637799999999994,1.1638199999999994
2026-06-18 06:00:00+00:00,1.1638199999999994,1.1655799999999994,1.1637999999999995,1.1647099999999997
2026-06-18 07:00:00+00:00,1.1647099999999997,1.165059999999999,1.163399999999999,1.1640399999999995
2026-06-18 08:00:00+00:00,1.1640399999999995,1.1641599999999994,1.160959999999999,1.1610199999999995
2026-06-18 09:00:00+00:00,1.1610199999999995,1.1613399999999994,1.1602099999999995,1.1604199999999991
2026-06-18 10:00:00+00:00,1.1604199999999991,1.1604899999999994,1.1587099999999997,1.1588399999999994
2026-06-18 11:00:00+00:00,1.1588399999999994,1.1594399999999994,1.158179999999999,1.1584799999999995
2026-06-18 12:00:00+00:00,1.1584799999999995,1.1608999999999994,1.158079999999999,1.1596899999999994
2026-06-18 13:00:00+00:00,1.1596899999999994,1.1611599999999995,1.1590399999999994,1.1599699999999995
2026-06-18 14:00:00+00:00,1.1599699999999995,1.1615099999999994,1.1595299999999995,1.1613899999999997
2026-06-18 15:00:00+00:00,1.1613899999999997,1.1615099999999994,1.1596599999999997,1.1596799999999994
2026-06-18 16:00:00+00:00,1.1596799999999994,1.1599799999999991,1.1588999999999994,1.1592799999999994
2026-06-18 17:00:00+00:00,1.1592799999999994,1.1601099999999995,1.1589899999999995,1.1589999999999994
2026-06-18 18:00:00+00:00,1.1589999999999994,1.1593199999999997,1.1586499999999995,1.1587099999999997
2026-06-18 19:00:00+00:00,1.1587099999999997,1.1590399999999994,1.1578799999999994,1.1585299999999994
2026-06-18 20:00:00+00:00,1.1585299999999994,1.1590699999999994,1.1583199999999994,1.1585399999999997
2026-06-18 21:00:00+00:00,1.1585399999999997,1.1593799999999994,1.1583699999999997,1.1588199999999995
2026-06-18 22:00:00+00:00,1.1588199999999995,1.1590899999999995,1.158619999999999,1.1590599999999995
2026-06-18 23:00:00+00:00,1.1590599999999995,1.1590799999999994,1.1584499999999995,1.1585699999999994
2026-06-19 00:00:00+00:00,1.1585699999999994,1.1593199999999997,1.1585699999999994,1.1589399999999994
2026-06-19 01:00:00+00:00,1.1589399999999994,1.1590899999999995,1.1580199999999994,1.1580699999999997
2026-06-19 02:00:00+00:00,1.1580699999999997,1.1585399999999997,1.1579299999999997,1.1581999999999997
2026-06-19 03:00:00+00:00,1.1581999999999997,1.1582299999999994,1.1569399999999994,1.1569999999999994
2026-06-19 04:00:00+00:00,1.1569999999999994,1.1570999999999994,1.1554799999999994,1.1556199999999994
2026-06-19 05:00:00+00:00,1.1556199999999994,1.1561299999999994,1.1545399999999997,1.1558299999999997
2026-06-19 06:00:00+00:00,1.1558299999999997,1.1569799999999997,1.1556499999999994,1.156959999999999
2026-06-19 07:00:00+00:00,1.156959999999999,1.1576799999999994,1.1569299999999991,1.157399999999999
2026-06-19 08:00:00+00:00,1.157399999999999,1.1593399999999994,1.1573899999999997,1.1591899999999995
2026-06-19 09:00:00+00:00,1.1591899999999995,1.1592199999999997,1.1585999999999994,1.1586999999999994
2026-06-19 10:00:00+00:00,1.1586999999999994,1.1590999999999994,1.1579999999999997,1.1589999999999994
2026-06-19 11:00:00+00:00,1.1589999999999994,1.1595499999999994,1.1586599999999994,1.1588699999999994
2026-06-19 12:00:00+00:00,1.1588699999999994,1.1602399999999995,1.1588699999999994,1.1598499999999994
2026-06-19 13:00:00+00:00,1.1598499999999994,1.160009999999999,1.1584299999999994,1.1590599999999995
2026-06-19 14:00:00+00:00,1.1590599999999995,1.1597699999999995,1.1585499999999995,1.1596099999999994
2026-06-19 15:00:00+00:00,1.1596099999999994,1.1603699999999997,1.1590099999999994,1.1592399999999994
2026-06-19 16:00:00+00:00,1.1592399999999994,1.1596899999999994,1.1589499999999997,1.1596499999999994
2026-06-19 17:00:00+00:00,1.1596499999999994,1.1603899999999994,1.1595399999999991,1.1602399999999995
2026-06-19 18:00:00+00:00,1.1602399999999995,1.1608299999999994,1.1601399999999995,1.1604199999999991
2026-06-19 19:00:00+00:00,1.1604199999999991,1.160619999999999,1.1602499999999996,1.1603099999999995
2026-06-19 20:00:00+00:00,1.1603099999999995,1.1604899999999996,1.1591699999999996,1.1593599999999995
2026-06-21 21:00:00+00:00,1.1593599999999995,1.1605799999999995,1.1593599999999995,1.15999
2026-06-21 22:00:00+00:00,1.15999,1.1607999999999998,1.1595199999999997,1.1602999999999997
2026-06-21 23:00:00+00:00,1.1602999999999997,1.1607199999999998,1.1598999999999997,1.1603499999999998
2026-06-22 00:00:00+00:00,1.1603499999999998,1.1607599999999998,1.1598599999999997,1.1607399999999997
2026-06-22 01:00:00+00:00,1.1607399999999997,1.1614599999999995,1.1604399999999997,1.1604499999999998
2026-06-22 02:00:00+00:00,1.1604499999999998,1.1608699999999998,1.1601099999999998,1.1606299999999998
2026-06-22 03:00:00+00:00,1.1606299999999998,1.1607799999999997,1.1595199999999997,1.15972
2026-06-22 04:00:00+00:00,1.15972,1.15979,1.1593899999999997,1.1596999999999995
2026-06-22 05:00:00+00:00,1.1596999999999995,1.1603799999999995,1.1594999999999998,1.1595299999999995
2026-06-22 06:00:00+00:00,1.1595299999999995,1.16043,1.1593299999999995,1.1600999999999997
2026-06-22 07:00:00+00:00,1.1600999999999997,1.1603599999999998,1.1585199999999998,1.1586799999999997
2026-06-22 08:00:00+00:00,1.1586799999999997,1.1593999999999998,1.1582499999999998,1.1591899999999995
2026-06-22 09:00:00+00:00,1.1591899999999995,1.1604,1.1591299999999998,1.15989
2026-06-22 10:00:00+00:00,1.15989,1.1604499999999998,1.15955,1.1597299999999997
2026-06-22 11:00:00+00:00,1.1597299999999997,1.1601099999999998,1.1588499999999995,1.1589599999999998
2026-06-22 12:00:00+00:00,1.1589599999999998,1.1602799999999998,1.1588599999999998,1.1595899999999997
2026-06-22 13:00:00+00:00,1.1595899999999997,1.1595999999999995,1.1569299999999998,1.1569599999999998
2026-06-22 14:00:00+00:00,1.1569599999999998,1.1591399999999998,1.1566599999999998,1.15857
2026-06-22 15:00:00+00:00,1.15857,1.1591199999999997,1.1571299999999998,1.15728
2026-06-22 16:00:00+00:00,1.15728,1.1573299999999995,1.1566299999999998,1.1571999999999998
2026-06-22 17:00:00+00:00,1.1571999999999998,1.1574399999999998,1.1568099999999997,1.1569999999999998
2026-06-22 18:00:00+00:00,1.1569999999999998,1.1572499999999997,1.1563199999999998,1.1565299999999998
2026-06-22 19:00:00+00:00,1.1565299999999998,1.1566499999999995,1.15599,1.1565899999999998
2026-06-22 20:00:00+00:00,1.1565899999999998,1.1570299999999998,1.1565499999999995,1.1568599999999998
2026-06-22 21:00:00+00:00,1.1568599999999998,1.1569599999999998,1.1562199999999998,1.15684
2026-06-22 22:00:00+00:00,1.15684,1.1569899999999995,1.1566299999999998,1.15684
2026-06-22 23:00:00+00:00,1.15684,1.15701,1.1566499999999995,1.15677
2026-06-23 00:00:00+00:00,1.15677,1.1568699999999998,1.1563399999999997,1.1567799999999997
2026-06-23 01:00:00+00:00,1.1567799999999997,1.1569199999999995,1.15633,1.1567599999999998
2026-06-23 02:00:00+00:00,1.1567599999999998,1.15728,1.1566499999999995,1.1566799999999997
2026-06-23 03:00:00+00:00,1.1566799999999997,1.1570799999999997,1.15596,1.1570499999999997
2026-06-23 04:00:00+00:00,1.1570499999999997,1.15711,1.1560499999999998,1.1561899999999998
2026-06-23 05:00:00+00:00,1.1561899999999998,1.1566499999999995,1.15599,1.1563899999999998
2026-06-23 06:00:00+00:00,1.1563899999999998,1.1570999999999998,1.1560299999999997,1.1563899999999998
2026-06-23 07:00:00+00:00,1.1563899999999998,1.1579999999999997,1.1550699999999998,1.1552599999999995
2026-06-23 08:00:00+00:00,1.1552599999999995,1.1558499999999998,1.1545499999999995,1.1549199999999995
2026-06-23 09:00:00+00:00,1.1549199999999995,1.1552299999999998,1.1546899999999998,1.1551899999999995
2026-06-23 10:00:00+00:00,1.1551899999999995,1.1553699999999998,1.1536499999999998,1.15416
2026-06-23 11:00:00+00:00,1.15416,1.1543699999999997,1.1525199999999998,1.1526599999999998
2026-06-23 12:00:00+00:00,1.1526599999999998,1.15355,1.1523599999999998,1.1529799999999997
2026-06-23 13:00:00+00:00,1.1529799999999997,1.1540999999999997,1.1525999999999998,1.1530699999999998
2026-06-23 14:00:00+00:00,1.1530699999999998,1.1532199999999997,1.1516699999999995,1.1522899999999998
2026-06-23 15:00:00+00:00,1.1522899999999998,1.1526499999999995,1.1516599999999997,1.1523899999999998
2026-06-23 16:00:00+00:00,1.1523899999999998,1.1524799999999995,1.1519499999999998,1.1520499999999998
2026-06-23 17:00:00+00:00,1.1520499999999998,1.1522599999999998,1.1517499999999998,1.1520499999999998
2026-06-23 18:00:00+00:00,1.1520499999999998,1.15216,1.1516999999999995,1.1519699999999995
2026-06-23 19:00:00+00:00,1.1519699999999995,1.1523799999999995,1.1519499999999998,1.1519899999999998
2026-06-23 20:00:00+00:00,1.1519899999999998,1.1523099999999995,1.1518799999999998,1.1521699999999997
2026-06-23 21:00:00+00:00,1.1521699999999997,1.1524599999999998,1.1519699999999995,1.1523799999999995
2026-06-23 22:00:00+00:00,1.1523799999999995,1.1524099999999995,1.15196,1.1522099999999995
2026-06-23 23:00:00+00:00,1.1522099999999995,1.1524299999999996,1.1519699999999995,1.1519799999999998
2026-06-24 00:00:00+00:00,1.1519799999999998,1.1522999999999997,1.1514099999999996,1.1517099999999998
2026-06-24 01:00:00+00:00,1.1517099999999998,1.1517699999999995,1.1511799999999996,1.1517299999999997
2026-06-24 02:00:00+00:00,1.1517299999999997,1.1517699999999995,1.1507499999999995,1.1508299999999998
2026-06-24 03:00:00+00:00,1.1508299999999998,1.1509599999999998,1.1502099999999995,1.1508099999999997
2026-06-24 04:00:00+00:00,1.1508099999999997,1.1508399999999996,1.1501999999999997,1.1503799999999995
2026-06-24 05:00:00+00:00,1.1503799999999995,1.1509199999999995,1.1503599999999996,1.1508799999999997
2026-06-24 06:00:00+00:00,1.1508799999999997,1.1515999999999995,1.1498299999999997,1.1500099999999998
2026-06-24 07:00:00+00:00,1.1500099999999998,1.1501699999999997,1.1492099999999996,1.1492299999999998
2026-06-24 08:00:00+00:00,1.1492299999999998,1.1496699999999995,1.1478699999999995,1.1493599999999995
2026-06-24 09:00:00+00:00,1.1493599999999995,1.1494599999999997,1.1485199999999998,1.1486799999999997
2026-06-24 10:00:00+00:00,1.1486799999999997,1.1487299999999998,1.1479199999999996,1.1480499999999998
2026-06-24 11:00:00+00:00,1.1480499999999998,1.1489799999999997,1.1477899999999996,1.1481099999999995
2026-06-24 12:00:00+00:00,1.1481099999999995,1.1486899999999998,1.1465999999999996,1.1469899999999995
2026-06-24 13:00:00+00:00,1.1469899999999995,1.1488599999999998,1.1465399999999997,1.1484999999999996
2026-06-24 14:00:00+00:00,1.1484999999999996,1.1493099999999996,1.1476699999999995,1.1482599999999996
2026-06-24 15:00:00+00:00,1.1482599999999996,1.1502799999999995,1.1480899999999996,1.1488899999999995
2026-06-24 16:00:00+00:00,1.1488899999999995,1.1508699999999996,1.1487699999999996,1.1500399999999995
2026-06-24 17:00:00+00:00,1.1500399999999995,1.1502099999999995,1.1489899999999995,1.1490499999999997
2026-06-24 18:00:00+00:00,1.1490499999999997,1.1501699999999997,1.1490499999999997,1.1495899999999997
2026-06-24 19:00:00+00:00,1.1495899999999997,1.1499499999999998,1.1491799999999996,1.1494199999999997
2026-06-24 20:00:00+00:00,1.1494199999999997,1.1501299999999997,1.1493099999999996,1.1498499999999996
2026-06-24 21:00:00+00:00,1.1498499999999996,1.1504099999999997,1.1494399999999998,1.15011
2026-06-24 22:00:00+00:00,1.15011,1.1503,1.14987,1.1499
2026-06-24 23:00:00+00:00,1.1499,1.15003,1.14966,1.14978
2026-06-25 00:00:00+00:00,1.14978,1.1499,1.14915,1.14974
2026-06-25 01:00:00+00:00,1.14974,1.15111,1.1493099999999992,1.1494099999999992
2026-06-25 02:00:00+00:00,1.1494099999999992,1.1501599999999992,1.1492599999999993,1.1499599999999992
2026-06-25 03:00:00+00:00,1.1499599999999992,1.1506999999999992,1.1498899999999992,1.1505999999999992
2026-06-25 04:00:00+00:00,1.1505999999999992,1.1506799999999993,1.1502099999999993,1.1503199999999991
2026-06-25 05:00:00+00:00,1.1503199999999991,1.150419999999999,1.1495799999999992,1.1497199999999992
2026-06-25 06:00:00+00:00,1.1497199999999992,1.1500999999999992,1.1488299999999991,1.1488799999999992
2026-06-25 07:00:00+00:00,1.1488799999999992,1.1496499999999992,1.148079999999999,1.1495399999999991
2026-06-25 08:00:00+00:00,1.1495399999999991,1.1508399999999992,1.1494799999999992,1.1503699999999992
2026-06-25 09:00:00+00:00,1.1503699999999992,1.1509999999999991,1.1497699999999993,1.1497899999999992
2026-06-25 10:00:00+00:00,1.1497899999999992,1.1497999999999993,1.1478899999999992,1.148179999999999
2026-06-25 11:00:00+00:00,1.148179999999999,1.1481899999999992,1.1469399999999992,1.1473599999999993
2026-06-25 12:00:00+00:00,1.1473599999999993,1.1500599999999992,1.1472299999999993,1.1489499999999992
2026-06-25 13:00:00+00:00,1.1489499999999992,1.1505799999999993,1.1485299999999992,1.1499599999999992
2026-06-25 14:00:00+00:00,1.1499599999999992,1.1519499999999991,1.1498899999999992,1.1510899999999993
2026-06-25 15:00:00+00:00,1.1510899999999993,1.1524099999999993,1.150959999999999,1.1520299999999992
2026-06-25 16:00:00+00:00,1.1520299999999992,1.152249999999999,1.1509299999999991,1.1509999999999991
2026-06-25 17:00:00+00:00,1.1509999999999991,1.1513699999999991,1.1507599999999991,1.151029999999999
2026-06-25 18:00:00+00:00,1.151029999999999,1.1516599999999992,1.1505899999999991,1.1508999999999991
2026-06-25 19:00:00+00:00,1.1508999999999991,1.151639999999999,1.1504499999999993,1.1508699999999992
2026-06-25 20:00:00+00:00,1.1508699999999992,1.1510499999999992,1.150519999999999,1.1505499999999993
2026-06-25 21:00:00+00:00,1.1505499999999993,1.1508699999999992,1.150079999999999,1.1507399999999992
2026-06-25 22:00:00+00:00,1.1507399999999992,1.1509199999999993,1.1502999999999992,1.1505899999999991
2026-06-25 23:00:00+00:00,1.1505899999999991,1.1506699999999992,1.1496299999999993,1.149739999999999
2026-06-26 00:00:00+00:00,1.149739999999999,1.1502999999999992,1.1496999999999993,1.1500899999999992
2026-06-26 01:00:00+00:00,1.1500899999999992,1.1505099999999993,1.1492399999999992,1.149569999999999
2026-06-26 02:00:00+00:00,1.149569999999999,1.1498899999999992,1.1490199999999993,1.1495199999999992
2026-06-26 03:00:00+00:00,1.1495199999999992,1.1507599999999991,1.1494499999999992,1.1507499999999993
2026-06-26 04:00:00+00:00,1.1507499999999993,1.1513199999999992,1.1504599999999991,1.151299999999999
2026-06-26 05:00:00+00:00,1.151299999999999,1.1518199999999992,1.1511099999999992,1.1514199999999992
2026-06-26 06:00:00+00:00,1.1514199999999992,1.1518399999999993,1.1507599999999991,1.151129999999999
2026-06-26 07:00:00+00:00,1.151129999999999,1.1524699999999992,1.1509099999999992,1.1522599999999992
2026-06-26 08:00:00+00:00,1.1522599999999992,1.1543599999999992,1.151909999999999,1.1537299999999993
2026-06-26 09:00:00+00:00,1.1537299999999993,1.1548099999999992,1.1531399999999992,1.1542899999999992
2026-06-26 10:00:00+00:00,1.1542899999999992,1.1544299999999992,1.1536199999999992,1.154079999999999
2026-06-26 11:00:00+00:00,1.154079999999999,1.1542399999999993,1.1529799999999992,1.1534299999999993
2026-06-26 12:00:00+00:00,1.1534299999999993,1.1569999999999991,1.1533599999999993,1.1563199999999991
2026-06-26 13:00:00+00:00,1.1563199999999991,1.1565799999999993,1.1547699999999992,1.1560899999999992
2026-06-26 14:00:00+00:00,1.1560899999999992,1.1564699999999992,1.152959999999999,1.1530099999999992
2026-06-26 15:00:00+00:00,1.1530099999999992,1.1544099999999993,1.1528199999999993,1.1538899999999992
2026-06-26 16:00:00+00:00,1.1538899999999992,1.1539399999999993,1.1518999999999993,1.1525899999999991
2026-06-26 17:00:00+00:00,1.1525899999999991,1.1529199999999993,1.152079999999999,1.152249999999999
2026-06-26 18:00:00+00:00,1.152249999999999,1.1527299999999991,1.1521399999999993,1.1521899999999992
2026-06-26 19:00:00+00:00,1.1521899999999992,1.1525299999999992,1.1516899999999992,1.1522899999999991
2026-06-26 20:00:00+00:00,1.1522899999999991,1.1527999999999992,1.1516699999999993,1.1518399999999993
2026-06-28 21:00:00+00:00,1.1518399999999993,1.1518399999999993,1.1503299999999992,1.1503899999999994
2026-06-28 22:00:00+00:00,1.1503899999999994,1.1511099999999992,1.1503899999999994,1.1509699999999992
2026-06-28 23:00:00+00:00,1.1509699999999992,1.151129999999999,1.1506499999999993,1.1509499999999993
2026-06-29 00:00:00+00:00,1.1509499999999993,1.1513499999999992,1.1507499999999993,1.1511799999999992
2026-06-29 01:00:00+00:00,1.1511799999999992,1.1515199999999992,1.1508799999999992,1.1509399999999992
2026-06-29 02:00:00+00:00,1.1509399999999992,1.1517799999999994,1.1508899999999993,1.1511799999999992
2026-06-29 03:00:00+00:00,1.1511799999999992,1.1514299999999993,1.1507399999999992,1.1507399999999992
2026-06-29 04:00:00+00:00,1.1507399999999992,1.1509499999999993,1.150519999999999,1.1506999999999992
2026-06-29 05:00:00+00:00,1.1506999999999992,1.1519399999999993,1.1506699999999992,1.1518699999999993
2026-06-29 06:00:00+00:00,1.1518699999999993,1.1539299999999992,1.1516999999999993,1.1536599999999992
2026-06-29 07:00:00+00:00,1.1536599999999992,1.153739999999999,1.1524399999999992,1.1526699999999992
2026-06-29 08:00:00+00:00,1.1526699999999992,1.1531699999999994,1.1516799999999994,1.1520199999999992
2026-06-29 09:00:00+00:00,1.1520199999999992,1.1528299999999994,1.1518699999999993,1.1527599999999991
2026-06-29 10:00:00+00:00,1.1527599999999991,1.1529899999999993,1.1523899999999994,1.1528799999999992
2026-06-29 11:00:00+00:00,1.1528799999999992,1.1535899999999992,1.1523099999999993,1.1533199999999992
2026-06-29 12:00:00+00:00,1.1533199999999992,1.1533299999999993,1.1524699999999992,1.152689999999999
2026-06-29 13:00:00+00:00,1.152689999999999,1.153639999999999,1.1524899999999991,1.1534299999999993
2026-06-29 14:00:00+00:00,1.1534299999999993,1.1547599999999991,1.152859999999999,1.154619999999999
2026-06-29 15:00:00+00:00,1.154619999999999,1.1549299999999991,1.1540699999999993,1.1547999999999992
2026-06-29 16:00:00+00:00,1.1547999999999992,1.1554799999999992,1.1547499999999993,1.1550099999999992
2026-06-29 17:00:00+00:00,1.1550099999999992,1.1552399999999992,1.1545599999999994,1.1550999999999991
2026-06-29 18:00:00+00:00,1.1550999999999991,1.1553299999999993,1.1549099999999992,1.1549799999999992
2026-06-29 19:00:00+00:00,1.1549799999999992,1.1551199999999993,1.1546399999999992,1.1549899999999993
2026-06-29 20:00:00+00:00,1.1549899999999993,1.1551699999999994,1.154619999999999,1.1546599999999994
2026-06-29 21:00:00+00:00,1.1546599999999994,1.1551399999999994,1.1543699999999992,1.1549499999999993
2026-06-29 22:00:00+00:00,1.1549499999999993,1.1551499999999997,1.1548299999999994,1.1550799999999994
2026-06-29 23:00:00+00:00,1.1550799999999994,1.1550999999999991,1.1544799999999993,1.1544799999999993
2026-06-30 00:00:00+00:00,1.1544799999999993,1.1546299999999994,1.1538099999999991,1.1542099999999993
2026-06-30 01:00:00+00:00,1.1542099999999993,1.1543099999999993,1.1527699999999994,1.1529899999999993
2026-06-30 02:00:00+00:00,1.1529899999999993,1.1532099999999994,1.1527299999999994,1.1529299999999991
2026-06-30 03:00:00+00:00,1.1529299999999991,1.1530899999999993,1.1522799999999993,1.1524199999999991
2026-06-30 04:00:00+00:00,1.1524199999999991,1.1524899999999991,1.1514499999999994,1.151469999999999
2026-06-30 05:00:00+00:00,1.151469999999999,1.1518499999999994,1.1508399999999994,1.1510599999999993
2026-06-30 06:00:00+00:00,1.1510599999999993,1.1529499999999993,1.1509199999999993,1.1528799999999997
2026-06-30 07:00:00+00:00,1.1528799999999997,1.1535299999999993,1.1522799999999993,1.1524399999999997
2026-06-30 08:00:00+00:00,1.1524399999999997,1.1525299999999994,1.1509199999999993,1.1519199999999994
2026-06-30 09:00:00+00:00,1.1519199999999994,1.1524299999999994,1.1514899999999997,1.1522899999999994
2026-06-30 10:00:00+00:00,1.1522899999999994,1.1527999999999994,1.1518299999999997,1.1527499999999993
2026-06-30 11:00:00+00:00,1.1527499999999993,1.1528499999999993,1.1511999999999991,1.1518799999999991
2026-06-30 12:00:00+00:00,1.1518799999999991,1.1528499999999993,1.1514399999999994,1.1521899999999994
2026-06-30 13:00:00+00:00,1.1521899999999994,1.1532699999999994,1.152009999999999,1.1522399999999993
2026-06-30 14:00:00+00:00,1.1522399999999993,1.1560599999999994,1.1516799999999994,1.1558699999999993
2026-06-30 15:00:00+00:00,1.1558699999999993,1.1562399999999993,1.154079999999999,1.1542799999999993
2026-06-30 16:00:00+00:00,1.1542799999999993,1.1543999999999994,1.1537999999999993,1.1539799999999991
2026-06-30 17:00:00+00:00,1.1539799999999991,1.1547999999999994,1.1539799999999991,1.1547199999999993
2026-06-30 18:00:00+00:00,1.1547199999999993,1.1552699999999994,1.1544899999999994,1.154619999999999
2026-06-30 19:00:00+00:00,1.154619999999999,1.1552399999999994,1.1541199999999994,1.155229999999999
2026-06-30 20:00:00+00:00,1.155229999999999,1.1553099999999994,1.154619999999999,1.1547199999999993
2026-06-30 21:00:00+00:00,1.1547199999999993,1.1548099999999994,1.1542199999999994,1.1546999999999994
2026-06-30 22:00:00+00:00,1.1546999999999994,1.154859999999999,1.1544299999999994,1.1545799999999993
2026-06-30 23:00:00+00:00,1.1545799999999993,1.1545999999999994,1.1538199999999994,1.1538799999999994
2026-07-01 00:00:00+00:00,1.1538799999999994,1.1539799999999991,1.1534199999999994,1.1535199999999994
2026-07-01 01:00:00+00:00,1.1535199999999994,1.1535299999999993,1.1528399999999994,1.1530099999999994
2026-07-01 02:00:00+00:00,1.1530099999999994,1.1533799999999994,1.1528499999999993,1.1531199999999993
2026-07-01 03:00:00+00:00,1.1531199999999993,1.153399999999999,1.1527599999999991,1.1529799999999994
2026-07-01 04:00:00+00:00,1.1529799999999994,1.1536599999999997,1.1528399999999994,1.1534399999999994
2026-07-01 05:00:00+00:00,1.1534399999999994,1.1536299999999993,1.152859999999999,1.1531399999999994
2026-07-01 06:00:00+00:00,1.1531399999999994,1.1535299999999993,1.1526099999999997,1.1528799999999997
2026-07-01 07:00:00+00:00,1.1528799999999997,1.1529999999999994,1.1518799999999991,1.1527699999999994
2026-07-01 08:00:00+00:00,1.1527699999999994,1.152959999999999,1.1519899999999994,1.1522299999999994
2026-07-01 09:00:00+00:00,1.1522299999999994,1.1525399999999997,1.1510899999999993,1.1513599999999993
2026-07-01 10:00:00+00:00,1.1513599999999993,1.152619999999999,1.1511899999999993,1.1523799999999993
2026-07-01 11:00:00+00:00,1.1523799999999993,1.1524699999999994,1.1510599999999993,1.151129999999999
2026-07-01 12:00:00+00:00,1.151129999999999,1.1513699999999991,1.149469999999999,1.1496799999999994
2026-07-01 13:00:00+00:00,1.1496799999999994,1.153739999999999,1.1487499999999993,1.1520899999999994
2026-07-01 14:00:00+00:00,1.1520899999999994,1.1531199999999993,1.1510499999999997,1.1521099999999993
2026-07-01 15:00:00+00:00,1.1521099999999993,1.1521899999999994,1.1504599999999994,1.1509499999999993
2026-07-01 16:00:00+00:00,1.1509499999999993,1.1519699999999993,1.1505599999999994,1.1508099999999994
2026-07-01 17:00:00+00:00,1.1508099999999994,1.1511699999999994,1.1504699999999994,1.1506699999999994
2026-07-01 18:00:00+00:00,1.1506699999999994,1.1508699999999994,1.1500999999999997,1.1505599999999994
2026-07-01 19:00:00+00:00,1.1505599999999994,1.1507399999999994,1.1503299999999994,1.1504599999999994
2026-07-01 20:00:00+00:00,1.1504599999999994,1.150519999999999,1.1499599999999994,1.1502899999999994
2026-07-01 21:00:00+00:00,1.1502899999999994,1.1504999999999994,1.1497899999999994,1.1504099999999993
2026-07-01 22:00:00+00:00,1.1504099999999993,1.1505199999999995,1.1502799999999995,1.150419999999999
2026-07-01 23:00:00+00:00,1.150419999999999,1.1504299999999994,1.1502299999999992,1.1502699999999992
2026-07-02 00:00:00+00:00,1.1502699999999992,1.1508499999999993,1.1500099999999993,1.150179999999999
2026-07-02 01:00:00+00:00,1.150179999999999,1.1510999999999991,1.1501499999999991,1.1506999999999992
2026-07-02 02:00:00+00:00,1.1506999999999992,1.1513699999999991,1.1506299999999992,1.1507299999999991
2026-07-02 03:00:00+00:00,1.1507299999999991,1.1508699999999992,1.1503299999999992,1.1507599999999991
2026-07-02 04:00:00+00:00,1.1507599999999991,1.1513499999999992,1.1507499999999993,1.1511999999999991
2026-07-02 05:00:00+00:00,1.1511999999999991,1.1513899999999992,1.1506799999999993,1.1510999999999991
2026-07-02 06:00:00+00:00,1.1510999999999991,1.152959999999999,1.1510699999999991,1.1519899999999992
2026-07-02 07:00:00+00:00,1.1519899999999992,1.1534599999999993,1.1515799999999992,1.1533099999999992
2026-07-02 08:00:00+00:00,1.1533099999999992,1.154619999999999,1.1532199999999992,1.1545399999999992
2026-07-02 09:00:00+00:00,1.1545399999999992,1.1546299999999992,1.1534299999999993,1.1534999999999993
2026-07-02 10:00:00+00:00,1.1534999999999993,1.1536499999999992,1.1528299999999994,1.1535599999999993
2026-07-02 11:00:00+00:00,1.1535599999999993,1.1539999999999992,1.1525699999999992,1.1529099999999992
2026-07-02 12:00:00+00:00,1.1529099999999992,1.1598099999999991,1.1520599999999992,1.1576799999999992
2026-07-02 13:00:00+00:00,1.1576799999999992,1.1580499999999994,1.1563699999999992,1.1575799999999992
2026-07-02 14:00:00+00:00,1.1575799999999992,1.1583599999999992,1.1558799999999994,1.1569199999999993
2026-07-02 15:00:00+00:00,1.1569199999999993,1.1574999999999993,1.1564999999999992,1.1572699999999994
2026-07-02 16:00:00+00:00,1.1572699999999994,1.1573399999999991,1.1560599999999992,1.1562999999999992
2026-07-02 17:00:00+00:00,1.1562999999999992,1.1562999999999992,1.1554099999999992,1.1555799999999992
2026-07-02 18:00:00+00:00,1.1555799999999992,1.1562199999999994,1.155469999999999,1.1558299999999992
2026-07-02 19:00:00+00:00,1.1558299999999992,1.1559299999999992,1.1551399999999992,1.1556099999999994
2026-07-02 20:00:00+00:00,1.1556099999999994,1.156079999999999,1.155469999999999,1.1556899999999992
2026-07-02 21:00:00+00:00,1.1556899999999992,1.1559599999999992,1.1553399999999991,1.1558599999999992
2026-07-02 22:00:00+00:00,1.1558599999999992,1.1560699999999993,1.155299999999999,1.1554199999999992
2026-07-02 23:00:00+00:00,1.1554199999999992,1.155569999999999,1.1547099999999992,1.1547699999999992
2026-07-03 00:00:00+00:00,1.1547699999999992,1.1556099999999994,1.1545899999999991,1.1555799999999992
2026-07-03 01:00:00+00:00,1.1555799999999992,1.1569799999999992,1.1555299999999993,1.1562299999999992
2026-07-03 02:00:00+00:00,1.1562299999999992,1.1569899999999993,1.1561199999999991,1.156519999999999
2026-07-03 03:00:00+00:00,1.156519999999999,1.1566699999999992,1.1562099999999993,1.1566299999999992
2026-07-03 04:00:00+00:00,1.1566299999999992,1.157129999999999,1.1564399999999992,1.157129999999999
2026-07-03 05:00:00+00:00,1.157129999999999,1.158009999999999,1.1570699999999992,1.157399999999999
2026-07-03 06:00:00+00:00,1.157399999999999,1.1587599999999991,1.1573499999999992,1.1579399999999993
2026-07-03 07:00:00+00:00,1.1579399999999993,1.1583199999999994,1.1572699999999994,1.1579699999999993
2026-07-03 08:00:00+00:00,1.1579699999999993,1.1582899999999992,1.157569999999999,1.1577999999999993
2026-07-03 09:00:00+00:00,1.1577999999999993,1.1577999999999993,1.1565599999999991,1.1566099999999992
2026-07-03 10:00:00+00:00,1.1566099999999992,1.1575399999999991,1.1565699999999992,1.1571899999999993
2026-07-03 11:00:00+00:00,1.1571899999999993,1.1582399999999993,1.157129999999999,1.1575599999999993
2026-07-03 12:00:00+00:00,1.1575599999999993,1.1577999999999993,1.1571599999999993,1.1572199999999992
2026-07-03 13:00:00+00:00,1.1572199999999992,1.1573199999999992,1.1563199999999991,1.1565599999999991
2026-07-03 14:00:00+00:00,1.1565599999999991,1.1573099999999992,1.1563999999999992,1.1566799999999993
2026-07-03 15:00:00+00:00,1.1566799999999993,1.1569699999999992,1.1559999999999993,1.1562199999999994
2026-07-03 16:00:00+00:00,1.1562199999999994,1.1564799999999993,1.1560599999999992,1.1562799999999993
2026-07-03 17:00:00+00:00,1.1562799999999993,1.1567399999999992,1.1562799999999993,1.1565599999999991
2026-07-03 18:00:00+00:00,1.1565599999999991,1.1566599999999994,1.1562999999999992,1.1564099999999993
2026-07-03 19:00:00+00:00,1.1564099999999993,1.1565599999999991,1.1560499999999994,1.1561599999999992
2026-07-03 20:00:00+00:00,1.1561599999999992,1.1562499999999991,1.1557699999999993,1.1558199999999992
2026-07-05 21:00:00+00:00,1.1558199999999992,1.1558199999999992,1.154689999999999,1.1548899999999993
2026-07-05 22:00:00+00:00,1.1548899999999993,1.1552599999999993,1.1547999999999994,1.1551399999999994
2026-07-05 23:00:00+00:00,1.1551399999999994,1.155299999999999,1.1547799999999993,1.1551599999999993
2026-07-06 00:00:00+00:00,1.1551599999999993,1.1555899999999992,1.1547599999999991,1.155299999999999
2026-07-06 01:00:00+00:00,1.155299999999999,1.1553599999999993,1.1543199999999991,1.154349999999999
2026-07-06 02:00:00+00:00,1.154349999999999,1.1549999999999994,1.154249999999999,1.154859999999999
2026-07-06 03:00:00+00:00,1.154859999999999,1.1550599999999993,1.1542899999999994,1.1546599999999994
2026-07-06 04:00:00+00:00,1.1546599999999994,1.1548999999999994,1.1546399999999992,1.1547599999999991
2026-07-06 05:00:00+00:00,1.1547599999999991,1.1547999999999994,1.1537699999999993,1.1538399999999993
2026-07-06 06:00:00+00:00,1.1538399999999993,1.1543699999999992,1.153469999999999,1.1537899999999994
2026-07-06 07:00:00+00:00,1.1537899999999994,1.1543099999999993,1.1531499999999992,1.1541399999999993
2026-07-06 08:00:00+00:00,1.1541399999999993,1.1541899999999994,1.1529999999999994,1.1535399999999991
2026-07-06 09:00:00+00:00,1.1535399999999991,1.1536199999999994,1.1525999999999994,1.1528099999999992
2026-07-06 10:00:00+00:00,1.1528099999999992,1.1536099999999994,1.1524499999999993,1.1534399999999994
2026-07-06 11:00:00+00:00,1.1534399999999994,1.1535099999999994,1.1526699999999994,1.1529999999999994
2026-07-06 12:00:00+00:00,1.1529999999999994,1.153469999999999,1.1525499999999993,1.1528099999999992
2026-07-06 13:00:00+00:00,1.1528099999999992,1.1537499999999994,1.1523199999999991,1.1527299999999994
2026-07-06 14:00:00+00:00,1.1527299999999994,1.1534899999999992,1.1525399999999992,1.1531999999999991
2026-07-06 15:00:00+00:00,1.1531999999999991,1.1541099999999993,1.1530199999999993,1.154009999999999
2026-07-06 16:00:00+00:00,1.154009999999999,1.154689999999999,1.1539799999999991,1.1545499999999993
2026-07-06 17:00:00+00:00,1.1545499999999993,1.1554299999999993,1.1544999999999994,1.1550999999999991
2026-07-06 18:00:00+00:00,1.1550999999999991,1.1559799999999991,1.1549999999999994,1.1557799999999994
2026-07-06 19:00:00+00:00,1.1557799999999994,1.1557799999999994,1.1552799999999994,1.1555899999999992
2026-07-06 20:00:00+00:00,1.1555899999999992,1.1556799999999994,1.1554499999999994,1.1556199999999994
2026-07-06 21:00:00+00:00,1.1556199999999994,1.1561599999999994,1.155229999999999,1.1559599999999994
2026-07-06 22:00:00+00:00,1.1559599999999994,1.1560199999999994,1.1557199999999994,1.1559999999999993
2026-07-06 23:00:00+00:00,1.1559999999999993,1.1562899999999994,1.1556099999999994,1.1556299999999993
2026-07-07 00:00:00+00:00,1.1556299999999993,1.1557199999999994,1.1552799999999994,1.1553399999999994
2026-07-07 01:00:00+00:00,1.1553399999999994,1.1562199999999994,1.1551999999999991,1.1558699999999993
2026-07-07 02:00:00+00:00,1.1558699999999993,1.1560899999999994,1.1554299999999993,1.1554299999999993
2026-07-07 03:00:00+00:00,1.1554299999999993,1.1557699999999993,1.1550999999999991,1.1551599999999993
2026-07-07 04:00:00+00:00,1.1551599999999993,1.1554099999999994,1.1550299999999991,1.1550299999999991
2026-07-07 05:00:00+00:00,1.1550299999999991,1.1552199999999992,1.1543099999999993,1.1546599999999994
2026-07-07 06:00:00+00:00,1.1546599999999994,1.1547099999999992,1.1540199999999994,1.1544799999999993
2026-07-07 07:00:00+00:00,1.1544799999999993,1.154689999999999,1.1539699999999993,1.1539999999999992
2026-07-07 08:00:00+00:00,1.1539999999999992,1.1550599999999993,1.1539799999999991,1.1542799999999993
2026-07-07 09:00:00+00:00,1.1542799999999993,1.1544999999999994,1.1539499999999994,1.1539899999999994
2026-07-07 10:00:00+00:00,1.1539899999999994,1.1549099999999992,1.1538299999999992,1.154859999999999
2026-07-07 11:00:00+00:00,1.154859999999999,1.155399999999999,1.1540199999999994,1.1547299999999994
2026-07-07 12:00:00+00:00,1.1547299999999994,1.1556999999999993,1.1545799999999993,1.1551399999999994
2026-07-07 13:00:00+00:00,1.1551399999999994,1.1556699999999993,1.1545299999999994,1.1551099999999994
2026-07-07 14:00:00+00:00,1.1551099999999994,1.1552699999999994,1.1538499999999994,1.154789999999999
2026-07-07 15:00:00+00:00,1.154789999999999,1.1549699999999994,1.1536999999999993,1.1537699999999993
2026-07-07 16:00:00+00:00,1.1537699999999993,1.1540599999999994,1.1532899999999993,1.1538299999999992
2026-07-07 17:00:00+00:00,1.1538299999999992,1.1544199999999991,1.1537099999999991,1.1542999999999992
2026-07-07 18:00:00+00:00,1.1542999999999992,1.1544699999999992,1.1532199999999992,1.1533399999999994
2026-07-07 19:00:00+00:00,1.1533399999999994,1.1534299999999993,1.1522899999999994,1.1531399999999994
2026-07-07 20:00:00+00:00,1.1531399999999994,1.1532099999999994,1.152519999999999,1.1527099999999992
2026-07-07 21:00:00+00:00,1.1527099999999992,1.1527999999999994,1.1516499999999994,1.1520299999999992
2026-07-07 22:00:00+00:00,1.1520299999999992,1.1523799999999993,1.1518099999999991,1.1521899999999994
2026-07-07 23:00:00+00:00,1.1521899999999994,1.1523299999999994,1.1515199999999994,1.1516499999999994
2026-07-08 00:00:00+00:00,1.1516499999999994,1.1526499999999995,1.1515199999999994,1.1523099999999995
2026-07-08 01:00:00+00:00,1.1523099999999995,1.1524499999999995,1.1513399999999994,1.1520499999999994
2026-07-08 02:00:00+00:00,1.1520499999999994,1.1527599999999996,1.1519599999999994,1.1526299999999994
2026-07-08 03:00:00+00:00,1.1526299999999994,1.1531599999999995,1.1526299999999994,1.1529499999999997
2026-07-08 04:00:00+00:00,1.1529499999999997,1.1530899999999995,1.1525999999999994,1.1529399999999994
2026-07-08 05:00:00+00:00,1.1529399999999994,1.1535699999999995,1.1527499999999995,1.1534599999999997
2026-07-08 06:00:00+00:00,1.1534599999999997,1.1539099999999995,1.1532299999999995,1.1537499999999994
2026-07-08 07:00:00+00:00,1.1537499999999994,1.1546599999999994,1.1531899999999995,1.1540699999999997
2026-07-08 08:00:00+00:00,1.1540699999999997,1.1542599999999994,1.1515499999999994,1.1525299999999994
2026-07-08 09:00:00+00:00,1.1525299999999994,1.1526599999999994,1.1511199999999997,1.1519399999999995
2026-07-08 10:00:00+00:00,1.1519399999999995,1.1529699999999994,1.1516099999999994,1.1523499999999995
2026-07-08 11:00:00+00:00,1.1523499999999995,1.1524699999999994,1.1507999999999994,1.1513299999999995
2026-07-08 12:00:00+00:00,1.1513299999999995,1.1522099999999995,1.1510699999999994,1.1511199999999997
2026-07-08 13:00:00+00:00,1.1511199999999997,1.1528899999999995,1.1510899999999995,1.1524899999999991
2026-07-08 14:00:00+00:00,1.1524899999999991,1.1528299999999994,1.1518299999999997,1.1522399999999997
2026-07-08 15:00:00+00:00,1.1522399999999997,1.1526899999999995,1.1506199999999995,1.1510099999999994
2026-07-08 16:00:00+00:00,1.1510099999999994,1.1529799999999994,1.1509799999999994,1.1529199999999995
2026-07-08 17:00:00+00:00,1.1529199999999995,1.1542099999999995,1.1529199999999995,1.1533499999999994
2026-07-08 18:00:00+00:00,1.1533499999999994,1.1543999999999994,1.1531399999999994,1.1540399999999995
2026-07-08 19:00:00+00:00,1.1540399999999995,1.1545399999999997,1.1537699999999995,1.1542599999999994
2026-07-08 20:00:00+00:00,1.1542599999999994,1.1542899999999994,1.1530099999999994,1.1531099999999994
2026-07-08 21:00:00+00:00,1.1531099999999994,1.1533799999999994,1.1529199999999995,1.153199999999999
2026-07-08 22:00:00+00:00,1.153199999999999,1.153409999999999,1.153099999999999,1.153389999999999
2026-07-08 23:00:00+00:00,1.153389999999999,1.1537399999999989,1.153239999999999,1.1536399999999989
2026-07-09 00:00:00+00:00,1.1536399999999989,1.154529999999999,1.1536299999999988,1.1540799999999989
2026-07-09 01:00:00+00:00,1.1540799999999989,1.1542399999999988,1.153509999999999,1.1540799999999989
2026-07-09 02:00:00+00:00,1.1540799999999989,1.1543399999999988,1.1538299999999988,1.1539599999999988
2026-07-09 03:00:00+00:00,1.1539599999999988,1.1545399999999988,1.1537999999999988,1.1541999999999988
2026-07-09 04:00:00+00:00,1.1541999999999988,1.1542499999999989,1.1538299999999988,1.1541799999999989
2026-07-09 05:00:00+00:00,1.1541799999999989,1.1549099999999988,1.154149999999999,1.154589999999999
2026-07-09 06:00:00+00:00,1.154589999999999,1.156459999999999,1.154589999999999,1.155709999999999
2026-07-09 07:00:00+00:00,1.155709999999999,1.1557399999999989,1.154769999999999,1.155069999999999
2026-07-09 08:00:00+00:00,1.155069999999999,1.1553299999999989,1.1540699999999988,1.1541699999999988
2026-07-09 09:00:00+00:00,1.1541699999999988,1.154659999999999,1.1538899999999988,1.154589999999999
2026-07-09 10:00:00+00:00,1.154589999999999,1.1546799999999988,1.153609999999999,1.1538399999999989
2026-07-09 11:00:00+00:00,1.1538399999999989,1.1545099999999988,1.153709999999999,1.154459999999999
2026-07-09 12:00:00+00:00,1.154459999999999,1.1551099999999987,1.1537899999999988,1.1539999999999988
2026-07-09 13:00:00+00:00,1.1539999999999988,1.155439999999999,1.1539099999999989,1.1554299999999988
2026-07-09 14:00:00+00:00,1.1554299999999988,1.156119999999999,1.1546399999999988,1.1548099999999988
2026-07-09 15:00:00+00:00,1.1548099999999988,1.1555599999999988,1.154429999999999,1.1553899999999988
2026-07-09 16:00:00+00:00,1.1553899999999988,1.155649999999999,1.1550199999999988,1.155199999999999
2026-07-09 17:00:00+00:00,1.155199999999999,1.155579999999999,1.154929999999999,1.155269999999999
2026-07-09 18:00:00+00:00,1.155269999999999,1.1553199999999988,1.154659999999999,1.154869999999999
2026-07-09 19:00:00+00:00,1.154869999999999,1.1549499999999988,1.1540699999999988,1.1542799999999989
2026-07-09 20:00:00+00:00,1.1542799999999989,1.154559999999999,1.1542399999999988,1.1545099999999988
2026-07-09 21:00:00+00:00,1.1545099999999988,1.154629999999999,1.154289999999999,1.1542999999999988
2026-07-09 22:00:00+00:00,1.1542999999999988,1.1548799999999988,1.1542999999999988,1.1548599999999989
2026-07-09 23:00:00+00:00,1.1548599999999989,1.1549199999999988,1.1546699999999988,1.1548199999999988
2026-07-10 00:00:00+00:00,1.1548199999999988,1.1557299999999988,1.154559999999999,1.1555299999999988
2026-07-10 01:00:00+00:00,1.1555299999999988,1.156489999999999,1.1553199999999988,1.1562299999999988
2026-07-10 02:00:00+00:00,1.1562299999999988,1.1575999999999989,1.1562099999999988,1.157339999999999
2026-07-10 03:00:00+00:00,1.157339999999999,1.1574499999999988,1.1562399999999988,1.1564499999999989
2026-07-10 04:00:00+00:00,1.1564499999999989,1.1564499999999989,1.1554699999999989,1.155779999999999
2026-07-10 05:00:00+00:00,1.155779999999999,1.1559599999999988,1.155069999999999,1.1554599999999988
2026-07-10 06:00:00+00:00,1.1554599999999988,1.156259999999999,1.1554199999999988,1.1557199999999987
2026-07-10 07:00:00+00:00,1.1557199999999987,1.155749999999999,1.155169999999999,1.155239999999999
2026-07-10 08:00:00+00:00,1.155239999999999,1.1557399999999989,1.1545499999999989,1.154559999999999
2026-07-10 09:00:00+00:00,1.154559999999999,1.1549399999999987,1.1541799999999989,1.1542399999999988
2026-07-10 10:00:00+00:00,1.1542399999999988,1.1550499999999988,1.1541799999999989,1.1548499999999988
2026-07-10 11:00:00+00:00,1.1548499999999988,1.155039999999999,1.1541699999999988,1.1546099999999988
2026-07-10 12:00:00+00:00,1.1546099999999988,1.1556899999999988,1.1538399999999989,1.154429999999999
2026-07-10 13:00:00+00:00,1.154429999999999,1.154459999999999,1.1534699999999989,1.1535899999999988
2026-07-10 14:00:00+00:00,1.1535899999999988,1.154359999999999,1.1526899999999989,1.1537599999999988
2026-07-10 15:00:00+00:00,1.1537599999999988,1.1554199999999988,1.153649999999999,1.1552799999999988
2026-07-10 16:00:00+00:00,1.1552799999999988,1.155639999999999,1.1544699999999988,1.1544799999999988
2026-07-10 17:00:00+00:00,1.1544799999999988,1.1546399999999988,1.1531799999999988,1.1532799999999988
2026-07-10 18:00:00+00:00,1.1532799999999988,1.1533299999999989,1.1526899999999989,1.1531599999999989
2026-07-10 19:00:00+00:00,1.1531599999999989,1.153239999999999,1.152899999999999,1.1530899999999988
2026-07-10 20:00:00+00:00,1.1530899999999988,1.153339999999999,1.152659999999999,1.1529799999999988
2026-07-12 21:00:00+00:00,1.1529799999999988,1.1534999999999984,1.1529799999999988,1.1532399999999985
2026-07-12 22:00:00+00:00,1.1532399999999985,1.1532799999999983,1.1518199999999983,1.1524499999999984
2026-07-12 23:00:00+00:00,1.1524499999999984,1.1533999999999984,1.1522799999999984,1.1533999999999984
2026-07-13 00:00:00+00:00,1.1533999999999984,1.1535199999999983,1.1524399999999986,1.1525199999999984
2026-07-13 01:00:00+00:00,1.1525199999999984,1.1527399999999983,1.1514099999999985,1.1527199999999984
2026-07-13 02:00:00+00:00,1.1527199999999984,1.1529599999999984,1.1523299999999983,1.1523999999999983
2026-07-13 03:00:00+00:00,1.1523999999999983,1.1528799999999986,1.1520499999999985,1.1528799999999986
2026-07-13 04:00:00+00:00,1.1528799999999986,1.1534899999999986,1.1526699999999983,1.1533599999999984
2026-07-13 05:00:00+00:00,1.1533599999999984,1.1538999999999986,1.1526599999999985,1.1528299999999985
2026-07-13 06:00:00+00:00,1.1528299999999985,1.1537399999999984,1.1525599999999985,1.1530699999999985
2026-07-13 07:00:00+00:00,1.1530699999999985,1.1555999999999984,1.1530699999999985,1.1554599999999986
2026-07-13 08:00:00+00:00,1.1554599999999986,1.1575699999999984,1.1553999999999984,1.1565799999999984
2026-07-13 09:00:00+00:00,1.1565799999999984,1.1567199999999984,1.1557199999999983,1.1561299999999983
2026-07-13 10:00:00+00:00,1.1561299999999983,1.1565399999999986,1.1555799999999985,1.1565399999999986
2026-07-13 11:00:00+00:00,1.1565399999999986,1.1567099999999986,1.1554999999999984,1.1557299999999986
2026-07-13 12:00:00+00:00,1.1557299999999986,1.1560699999999986,1.1550399999999983,1.1560599999999983
2026-07-13 13:00:00+00:00,1.1560599999999983,1.1563099999999984,1.1544099999999984,1.1544299999999983
2026-07-13 14:00:00+00:00,1.1544299999999983,1.1545899999999985,1.1527999999999985,1.1535999999999984
2026-07-13 15:00:00+00:00,1.1535999999999984,1.1536399999999984,1.1526299999999985,1.1531399999999985
2026-07-13 16:00:00+00:00,1.1531399999999985,1.1532499999999986,1.1512499999999986,1.1518599999999986
2026-07-13 17:00:00+00:00,1.1518599999999986,1.1520599999999983,1.1515199999999983,1.1516099999999985
2026-07-13 18:00:00+00:00,1.1516099999999985,1.1518699999999984,1.1514599999999986,1.1517299999999986
2026-07-13 19:00:00+00:00,1.1517299999999986,1.1517699999999984,1.1511499999999986,1.1513399999999985
2026-07-13 20:00:00+00:00,1.1513399999999985,1.1514199999999986,1.1507399999999983,1.1511399999999985
2026-07-13 21:00:00+00:00,1.1511399999999985,1.1516899999999983,1.1510399999999985,1.1512499999999983
2026-07-13 22:00:00+00:00,1.1512499999999983,1.1517899999999983,1.1512399999999985,1.1512399999999985
2026-07-13 23:00:00+00:00,1.1512399999999985,1.1515499999999983,1.1511699999999985,1.1514999999999984
2026-07-14 00:00:00+00:00,1.1514999999999984,1.1520999999999983,1.1509799999999983,1.1516399999999984
2026-07-14 01:00:00+00:00,1.1516399999999984,1.1522099999999984,1.1516099999999982,1.1520399999999984
2026-07-14 02:00:00+00:00,1.1520399999999984,1.1525899999999984,1.1520399999999984,1.1522299999999983
2026-07-14 03:00:00+00:00,1.1522299999999983,1.1528299999999982,1.1519899999999983,1.1525199999999984
2026-07-14 04:00:00+00:00,1.1525199999999984,1.1526199999999984,1.1519099999999984,1.1522199999999982
2026-07-14 05:00:00+00:00,1.1522199999999982,1.1527499999999984,1.1522099999999984,1.1523399999999984
2026-07-14 06:00:00+00:00,1.1523399999999984,1.1525399999999983,1.1516199999999983,1.1517799999999982
2026-07-14 07:00:00+00:00,1.1517799999999982,1.1529199999999984,1.1515799999999985,1.1527499999999984
2026-07-14 08:00:00+00:00,1.1527499999999984,1.1537599999999983,1.1524799999999984,1.1531099999999983
2026-07-14 09:00:00+00:00,1.1531099999999983,1.1535299999999984,1.1526499999999984,1.1532599999999984
2026-07-14 10:00:00+00:00,1.1532599999999984,1.1533299999999984,1.1522599999999985,1.1523499999999984
2026-07-14 11:00:00+00:00,1.1523499999999984,1.1540999999999983,1.1521499999999982,1.1538199999999983
2026-07-14 12:00:00+00:00,1.1538199999999983,1.1593899999999984,1.1535599999999984,1.1577599999999983
2026-07-14 13:00:00+00:00,1.1577599999999983,1.1586699999999983,1.1573199999999984,1.1583099999999984
2026-07-14 14:00:00+00:00,1.1583099999999984,1.1590599999999984,1.1571799999999983,1.1576799999999985
2026-07-14 15:00:00+00:00,1.1576799999999985,1.1585299999999985,1.1557399999999984,1.1558699999999984
2026-07-14 16:00:00+00:00,1.1558699999999984,1.1565999999999983,1.1555799999999985,1.1563599999999985
2026-07-14 17:00:00+00:00,1.1563599999999985,1.1564899999999982,1.1550899999999984,1.1554999999999984
2026-07-14 18:00:00+00:00,1.1554999999999984,1.1557999999999984,1.1547799999999984,1.1554999999999984
2026-07-14 19:00:00+00:00,1.1554999999999984,1.1557699999999984,1.1551999999999982,1.1551999999999982
2026-07-14 20:00:00+00:00,1.1551999999999982,1.1554099999999985,1.1549999999999985,1.1551499999999983
2026-07-14 21:00:00+00:00,1.1551499999999983,1.1553599999999984,1.1548399999999983,1.1549699999999985
2026-07-14 22:00:00+00:00,1.1549699999999985,1.1554499999999983,1.1548999999999985,1.1552199999999984
2026-07-14 23:00:00+00:00,1.1552199999999984,1.1556499999999983,1.1551599999999984,1.1555999999999984
2026-07-15 00:00:00+00:00,1.1555999999999984,1.1565799999999984,1.1555499999999983,1.1564699999999983
2026-07-15 01:00:00+00:00,1.1564699999999983,1.1568999999999985,1.1564099999999984,1.1567099999999984
2026-07-15 02:00:00+00:00,1.1567099999999984,1.1573799999999983,1.1564899999999982,1.1571899999999984
2026-07-15 03:00:00+00:00,1.1571899999999984,1.1573899999999984,1.1564999999999983,1.1569599999999984
2026-07-15 04:00:00+00:00,1.1569599999999984,1.1572399999999985,1.1568099999999983,1.1568499999999984
2026-07-15 05:00:00+00:00,1.1568499999999984,1.1574899999999984,1.1566899999999984,1.1571999999999982
2026-07-15 06:00:00+00:00,1.1571999999999982,1.1575399999999982,1.1559599999999983,1.1560299999999983
2026-07-15 07:00:00+00:00,1.1560299999999983,1.1563599999999985,1.1551499999999983,1.1554999999999984
2026-07-15 08:00:00+00:00,1.1554999999999984,1.1559099999999984,1.1552599999999984,1.1555899999999983
2026-07-15 09:00:00+00:00,1.1555899999999983,1.1557599999999983,1.1548199999999984,1.1548599999999984
2026-07-15 10:00:00+00:00,1.1548599999999984,1.1549899999999984,1.1542299999999983,1.1547499999999984
2026-07-15 11:00:00+00:00,1.1547499999999984,1.1550999999999982,1.1541699999999984,1.1543399999999984
2026-07-15 12:00:00+00:00,1.1543399999999984,1.1561799999999984,1.1537499999999985,1.1560099999999984
2026-07-15 13:00:00+00:00,1.1560099999999984,1.1567099999999984,1.1555299999999984,1.1561699999999984
2026-07-15 14:00:00+00:00,1.1561699999999984,1.1573099999999985,1.1561699999999984,1.1568599999999984
2026-07-15 15:00:00+00:00,1.1568599999999984,1.1573199999999984,1.1563399999999984,1.1566899999999984
2026-07-15 16:00:00+00:00,1.1566899999999984,1.1573899999999984,1.1561899999999985,1.1573799999999983
2026-07-15 17:00:00+00:00,1.1573799999999983,1.1606399999999983,1.1573599999999984,1.1604899999999982
2026-07-15 18:00:00+00:00,1.1604899999999982,1.1614199999999983,1.1597599999999983,1.1598299999999984
2026-07-15 19:00:00+00:00,1.1598299999999984,1.1606399999999983,1.1593099999999985,1.1595599999999984
2026-07-15 20:00:00+00:00,1.1595599999999984,1.1596199999999983,1.1591499999999983,1.1591799999999983
2026-07-15 21:00:00+00:00,1.1591799999999983,1.1597399999999984,1.1591399999999985,1.1593899999999984
2026-07-15 22:00:00+00:00,1.1593899999999984,1.1600299999999983,1.1593899999999984,1.1599399999999984
2026-07-15 23:00:00+00:00,1.1599399999999984,1.1602999999999986,1.1598899999999983,1.1601999999999986
2026-07-16 00:00:00+00:00,1.1601999999999986,1.1606799999999986,1.1599499999999985,1.1606099999999986
2026-07-16 01:00:00+00:00,1.1606099999999986,1.1606299999999985,1.1597299999999986,1.1598099999999985
2026-07-16 02:00:00+00:00,1.1598099999999985,1.1598199999999983,1.1592499999999986,1.1596899999999986
2026-07-16 03:00:00+00:00,1.1596899999999986,1.1601099999999984,1.1595599999999986,1.1598899999999983
2026-07-16 04:00:00+00:00,1.1598899999999983,1.1599299999999986,1.1595299999999986,1.1598499999999985
2026-07-16 05:00:00+00:00,1.1598499999999985,1.1601099999999984,1.1594499999999983,1.1595599999999986
2026-07-16 06:00:00+00:00,1.1595599999999986,1.1603199999999985,1.1595499999999983,1.1600599999999983
2026-07-16 07:00:00+00:00,1.1600599999999983,1.1608499999999986,1.1598899999999983,1.1601499999999985
2026-07-16 08:00:00+00:00,1.1601499999999985,1.1604099999999986,1.1594699999999984,1.1598099999999985
2026-07-16 09:00:00+00:00,1.1598099999999985,1.1600399999999986,1.1592799999999983,1.1598499999999985
2026-07-16 10:00:00+00:00,1.1598499999999985,1.1600599999999983,1.1591499999999986,1.1591999999999985
2026-07-16 11:00:00+00:00,1.1591999999999985,1.1601099999999984,1.1589099999999986,1.1600799999999984
2026-07-16 12:00:00+00:00,1.1600799999999984,1.1602999999999986,1.1579199999999985,1.1579699999999986
2026-07-16 13:00:00+00:00,1.1579699999999986,1.1591299999999984,1.1576799999999985,1.1581899999999985
2026-07-16 14:00:00+00:00,1.1581899999999985,1.1586099999999986,1.1572299999999984,1.1575199999999986
2026-07-16 15:00:00+00:00,1.1575199999999986,1.1581799999999984,1.1568699999999985,1.1579199999999985
2026-07-16 16:00:00+00:00,1.1579199999999985,1.1579399999999984,1.1566299999999985,1.1566999999999985
2026-07-16 17:00:00+00:00,1.1566999999999985,1.1570599999999984,1.1563399999999986,1.1568699999999985
2026-07-16 18:00:00+00:00,1.1568699999999985,1.1571399999999985,1.1567299999999985,1.1570699999999985
2026-07-16 19:00:00+00:00,1.1570699999999985,1.1573899999999986,1.1566599999999985,1.1572699999999985
2026-07-16 20:00:00+00:00,1.1572699999999985,1.1576499999999983,1.1570899999999986,1.1573999999999984
2026-07-16 21:00:00+00:00,1.1573999999999984,1.1575299999999984,1.1570899999999986,1.1575099999999985
2026-07-16 22:00:00+00:00,1.1575099999999985,1.1578099999999985,1.1574999999999984,1.1576599999999984
2026-07-16 23:00:00+00:00,1.1576599999999984,1.1579699999999984,1.1575899999999983,1.1578399999999982
2026-07-17 00:00:00+00:00,1.1578399999999982,1.1580099999999982,1.1574399999999982,1.1580099999999982
2026-07-17 01:00:00+00:00,1.1580099999999982,1.1581299999999983,1.1570599999999982,1.1572399999999985
2026-07-17 02:00:00+00:00,1.1572399999999985,1.1574599999999984,1.1569899999999982,1.1570199999999984
2026-07-17 03:00:00+00:00,1.1570199999999984,1.1573299999999982,1.1569099999999983,1.1572499999999983
2026-07-17 04:00:00+00:00,1.1572499999999983,1.1572599999999982,1.1567899999999982,1.1569299999999982
2026-07-17 05:00:00+00:00,1.1569299999999982,1.1576799999999985,1.1568899999999982,1.1572899999999984
2026-07-17 06:00:00+00:00,1.1572899999999984,1.1585299999999985,1.1572899999999984,1.1582999999999983
2026-07-17 07:00:00+00:00,1.1582999999999983,1.1585399999999983,1.1577499999999985,1.1577999999999984
2026-07-17 08:00:00+00:00,1.1577999999999984,1.1581099999999982,1.1568999999999985,1.1574399999999982
2026-07-17 09:00:00+00:00,1.1574399999999982,1.1575599999999984,1.1569599999999982,1.1573599999999984
2026-07-17 10:00:00+00:00,1.1573599999999984,1.1573599999999984,1.1559299999999983,1.1559999999999984
2026-07-17 11:00:00+00:00,1.1559999999999984,1.1569299999999982,1.1557799999999985,1.1563299999999983
2026-07-17 12:00:00+00:00,1.1563299999999983,1.1568599999999982,1.1558299999999984,1.1562299999999983
2026-07-17 13:00:00+00:00,1.1562299999999983,1.1569899999999982,1.1557699999999982,1.1568999999999985
2026-07-17 14:00:00+00:00,1.1568999999999985,1.1577399999999982,1.1566199999999982,1.1572999999999982
2026-07-17 15:00:00+00:00,1.1572999999999982,1.1577699999999982,1.1570499999999984,1.1573199999999984
2026-07-17 16:00:00+00:00,1.1573199999999984,1.1574799999999985,1.1567499999999984,1.1571499999999983
2026-07-17 17:00:00+00:00,1.1571499999999983,1.1571999999999982,1.1566499999999982,1.1567499999999984
2026-07-17 18:00:00+00:00,1.1567499999999984,1.1570599999999982,1.1566899999999982,1.1568599999999982
2026-07-17 19:00:00+00:00,1.1568599999999982,1.1574599999999984,1.1566999999999985,1.1574199999999983
2026-07-17 20:00:00+00:00,1.1574199999999983,1.1575599999999984,1.1569499999999984,1.1571099999999983
2026-07-19 21:00:00+00:00,1.1571099999999983,1.1571099999999983,1.1566499999999982,1.1567699999999983
2026-07-19 22:00:00+00:00,1.1567699999999983,1.1573099999999985,1.1566499999999984,1.1568199999999984
2026-07-19 23:00:00+00:00,1.1568199999999984,1.1569199999999984,1.1565399999999983,1.1569099999999983
2026-07-20 00:00:00+00:00,1.1569099999999983,1.1575199999999983,1.1568099999999983,1.1575099999999985
2026-07-20 01:00:00+00:00,1.1575099999999985,1.1578099999999982,1.1573199999999984,1.1577699999999984
2026-07-20 02:00:00+00:00,1.1577699999999984,1.1584599999999985,1.1576399999999982,1.1582599999999983
2026-07-20 03:00:00+00:00,1.1582599999999983,1.1584299999999983,1.1581399999999984,1.1583599999999985
2026-07-20 04:00:00+00:00,1.1583599999999985,1.1586799999999984,1.1582999999999983,1.1586099999999984
2026-07-20 05:00:00+00:00,1.1586099999999984,1.1586599999999982,1.1581799999999982,1.1581899999999985
2026-07-20 06:00:00+00:00,1.1581899999999985,1.1583999999999983,1.1575799999999985,1.1576799999999985
2026-07-20 07:00:00+00:00,1.1576799999999985,1.1591299999999982,1.1575999999999984,1.1585899999999982
2026-07-20 08:00:00+00:00,1.1585899999999982,1.1587099999999984,1.1579199999999985,1.1580699999999984
2026-07-20 09:00:00+00:00,1.1580699999999984,1.1581399999999984,1.1569099999999983,1.1571699999999985
2026-07-20 10:00:00+00:00,1.1571699999999985,1.1577699999999984,1.1570099999999983,1.1572799999999983
2026-07-20 11:00:00+00:00,1.1572799999999983,1.1582099999999984,1.1569799999999983,1.1571199999999984
2026-07-20 12:00:00+00:00,1.1571199999999984,1.1571799999999983,1.1558699999999984,1.1565399999999983
2026-07-20 13:00:00+00:00,1.1565399999999983,1.1566299999999985,1.1556199999999983,1.1556899999999983
2026-07-20 14:00:00+00:00,1.1556899999999983,1.1559399999999984,1.1544199999999982,1.1548299999999982
2026-07-20 15:00:00+00:00,1.1548299999999982,1.1554099999999985,1.1546499999999984,1.1553099999999985
2026-07-20 16:00:00+00:00,1.1553099999999985,1.1558899999999983,1.1549299999999982,1.1553299999999984
2026-07-20 17:00:00+00:00,1.1553299999999984,1.1557099999999982,1.1552899999999984,1.1555699999999982
2026-07-20 18:00:00+00:00,1.1555699999999982,1.1560599999999983,1.1554999999999982,1.1556999999999984
2026-07-20 19:00:00+00:00,1.1556999999999984,1.1559899999999983,1.1555199999999983,1.1557499999999985
2026-07-20 20:00:00+00:00,1.1557499999999985,1.1558699999999984,1.1554399999999982,1.1555499999999983
2026-07-20 21:00:00+00:00,1.1555499999999983,1.1556899999999983,1.1550999999999982,1.1551599999999982
2026-07-20 22:00:00+00:00,1.1551599999999982,1.155549999999998,1.1551599999999982,1.155489999999998
2026-07-20 23:00:00+00:00,1.155489999999998,1.155789999999998,1.1554299999999982,1.1557799999999985
2026-07-21 00:00:00+00:00,1.1557799999999985,1.156019999999998,1.1553299999999982,1.155509999999998
2026-07-21 01:00:00+00:00,1.155509999999998,1.155849999999998,1.1553999999999982,1.1556399999999982
2026-07-21 02:00:00+00:00,1.1556399999999982,1.1557999999999982,1.1552299999999982,1.1552899999999982
2026-07-21 03:00:00+00:00,1.1552899999999982,1.155719999999998,1.155079999999998,1.1554299999999982
2026-07-21 04:00:00+00:00,1.1554299999999982,1.155989999999998,1.155409999999998,1.1559799999999982
2026-07-21 05:00:00+00:00,1.1559799999999982,1.156359999999998,1.1557699999999982,1.1559499999999985
2026-07-21 06:00:00+00:00,1.1559499999999985,1.156539999999998,1.1559099999999982,1.1563099999999982
2026-07-21 07:00:00+00:00,1.1563099999999982,1.156939999999998,1.1562399999999982,1.156459999999998
2026-07-21 08:00:00+00:00,1.156459999999998,1.156799999999998,1.1560099999999982,1.156289999999998
2026-07-21 09:00:00+00:00,1.156289999999998,1.157039999999998,1.156199999999998,1.156429999999998
2026-07-21 10:00:00+00:00,1.156429999999998,1.157039999999998,1.1561799999999982,1.156199999999998
2026-07-21 11:00:00+00:00,1.156199999999998,1.1564799999999982,1.1558399999999982,1.156099999999998
2026-07-21 12:00:00+00:00,1.156099999999998,1.156229999999998,1.1555299999999982,1.1558999999999982
2026-07-21 13:00:00+00:00,1.1558999999999982,1.155959999999998,1.1547299999999985,1.155319999999998
2026-07-21 14:00:00+00:00,1.155319999999998,1.1561499999999982,1.154439999999998,1.154769999999998
2026-07-21 15:00:00+00:00,1.154769999999998,1.1553299999999982,1.154459999999998,1.1549199999999982
2026-07-21 16:00:00+00:00,1.1549199999999982,1.1552699999999982,1.154869999999998,1.1549899999999982
2026-07-21 17:00:00+00:00,1.1549899999999982,1.155239999999998,1.1548199999999982,1.1548599999999982
2026-07-21 18:00:00+00:00,1.1548599999999982,1.154869999999998,1.1540399999999982,1.1544799999999982
2026-07-21 19:00:00+00:00,1.1544799999999982,1.1545899999999982,1.154229999999998,1.1543499999999982
2026-07-21 20:00:00+00:00,1.1543499999999982,1.1544899999999982,1.153899999999998,1.154019999999998
2026-07-21 21:00:00+00:00,1.154019999999998,1.154259999999998,1.1537399999999982,1.154149999999998
2026-07-21 22:00:00+00:00,1.154149999999998,1.154259999999998,1.1540699999999982,1.1541399999999982
2026-07-21 23:00:00+00:00,1.1541399999999982,1.154439999999998,1.154019999999998,1.154419999999998
2026-07-22 00:00:00+00:00,1.154419999999998,1.154919999999998,1.154299999999998,1.154599999999998
2026-07-22 01:00:00+00:00,1.154599999999998,1.154869999999998,1.154079999999998,1.154489999999998
2026-07-22 02:00:00+00:00,1.154489999999998,1.155199999999998,1.154309999999998,1.154779999999998
2026-07-22 03:00:00+00:00,1.154779999999998,1.154999999999998,1.154629999999998,1.154929999999998
2026-07-22 04:00:00+00:00,1.154929999999998,1.155049999999998,1.154689999999998,1.155039999999998
2026-07-22 05:00:00+00:00,1.155039999999998,1.155169999999998,1.154759999999998,1.155149999999998
2026-07-22 06:00:00+00:00,1.155149999999998,1.155579999999998,1.154929999999998,1.155399999999998
2026-07-22 07:00:00+00:00,1.155399999999998,1.156029999999998,1.154549999999998,1.155129999999998
2026-07-22 08:00:00+00:00,1.155129999999998,1.155449999999998,1.154609999999998,1.155199999999998
2026-07-22 09:00:00+00:00,1.155199999999998,1.155529999999998,1.154629999999998,1.1546799999999982
2026-07-22 10:00:00+00:00,1.1546799999999982,1.154959999999998,1.1542399999999982,1.1545799999999982
2026-07-22 11:00:00+00:00,1.1545799999999982,1.154939999999998,1.154439999999998,1.154889999999998
2026-07-22 12:00:00+00:00,1.154889999999998,1.155569999999998,1.154599999999998,1.154989999999998
2026-07-22 13:00:00+00:00,1.154989999999998,1.156359999999998,1.154939999999998,1.155559999999998
2026-07-22 14:00:00+00:00,1.155559999999998,1.156049999999998,1.154989999999998,1.155129999999998
2026-07-22 15:00:00+00:00,1.155129999999998,1.155589999999998,1.154949999999998,1.155569999999998
2026-07-22 16:00:00+00:00,1.155569999999998,1.155609999999998,1.154829999999998,1.155119999999998
2026-07-22 17:00:00+00:00,1.155119999999998,1.155469999999998,1.155009999999998,1.155209999999998
2026-07-22 18:00:00+00:00,1.155209999999998,1.155319999999998,1.155009999999998,1.155299999999998
2026-07-22 19:00:00+00:00,1.155299999999998,1.155429999999998,1.155129999999998,1.155329999999998
2026-07-22 20:00:00+00:00,1.155329999999998,1.155469999999998,1.155259999999998,1.155299999999998
2026-07-22 21:00:00+00:00,1.155299999999998,1.155299999999998,1.154739999999998,1.154939999999998
2026-07-22 22:00:00+00:00,1.154939999999998,1.155109999999998,1.154799999999998,1.154999999999998
2026-07-22 23:00:00+00:00,1.154999999999998,1.1553599999999982,1.154999999999998,1.155349999999998
2026-07-23 00:00:00+00:00,1.155349999999998,1.155959999999998,1.155249999999998,1.155919999999998
2026-07-23 01:00:00+00:00,1.155919999999998,1.156229999999998,1.155809999999998,1.155839999999998
2026-07-23 02:00:00+00:00,1.155839999999998,1.1570199999999982,1.155819999999998,1.156949999999998
2026-07-23 03:00:00+00:00,1.156949999999998,1.157259999999998,1.156539999999998,1.1571199999999982
2026-07-23 04:00:00+00:00,1.1571199999999982,1.157779999999998,1.157039999999998,1.1574599999999982
2026-07-23 05:00:00+00:00,1.1574599999999982,1.157699999999998,1.157079999999998,1.157179999999998
2026-07-23 06:00:00+00:00,1.157179999999998,1.157509999999998,1.1565799999999982,1.156739999999998
2026-07-23 07:00:00+00:00,1.156739999999998,1.156959999999998,1.156169999999998,1.156649999999998
2026-07-23 08:00:00+00:00,1.156649999999998,1.156719999999998,1.154899999999998,1.155259999999998
2026-07-23 09:00:00+00:00,1.155259999999998,1.155719999999998,1.155169999999998,1.155509999999998
2026-07-23 10:00:00+00:00,1.155509999999998,1.155529999999998,1.154519999999998,1.154649999999998
2026-07-23 11:00:00+00:00,1.154649999999998,1.154869999999998,1.152549999999998,1.153659999999998
2026-07-23 12:00:00+00:00,1.153659999999998,1.153719999999998,1.151769999999998,1.152699999999998
2026-07-23 13:00:00+00:00,1.152699999999998,1.152819999999998,1.151009999999998,1.151449999999998
2026-07-23 14:00:00+00:00,1.151449999999998,1.151809999999998,1.150589999999998,1.1513599999999982
2026-07-23 15:00:00+00:00,1.1513599999999982,1.1517999999999982,1.150789999999998,1.151479999999998
2026-07-23 16:00:00+00:00,1.151479999999998,1.152229999999998,1.1514599999999982,1.152209999999998
2026-07-23 17:00:00+00:00,1.152209999999998,1.152289999999998,1.151339999999998,1.151349999999998
2026-07-23 18:00:00+00:00,1.151349999999998,1.151839999999998,1.151319999999998,1.151819999999998
2026-07-23 19:00:00+00:00,1.151819999999998,1.152199999999998,1.151589999999998,1.151949999999998
2026-07-23 20:00:00+00:00,1.151949999999998,1.152189999999998,1.151539999999998,1.151549999999998
2026-07-23 21:00:00+00:00,1.151549999999998,1.1521399999999982,1.151339999999998,1.151589999999998
2026-07-23 22:00:00+00:00,1.151589999999998,1.152189999999998,1.151589999999998,1.1521499999999982
2026-07-23 23:00:00+00:00,1.1521499999999982,1.152199999999998,1.151789999999998,1.151859999999998
2026-07-24 00:00:00+00:00,1.151859999999998,1.1526199999999982,1.1517399999999982,1.1526199999999982
2026-07-24 01:00:00+00:00,1.1526199999999982,1.1529199999999982,1.152389999999998,1.152609999999998
2026-07-24 02:00:00+00:00,1.152609999999998,1.152969999999998,1.152299999999998,1.152299999999998
2026-07-24 03:00:00+00:00,1.152299999999998,1.152459999999998,1.151989999999998,1.152439999999998
2026-07-24 04:00:00+00:00,1.152439999999998,1.152599999999998,1.151879999999998,1.152129999999998
2026-07-24 05:00:00+00:00,1.152129999999998,1.1525499999999982,1.151849999999998,1.151989999999998
2026-07-24 06:00:00+00:00,1.151989999999998,1.152909999999998,1.1519399999999982,1.152899999999998
2026-07-24 07:00:00+00:00,1.152899999999998,1.154329999999998,1.1528499999999982,1.1531899999999982
2026-07-24 08:00:00+00:00,1.1531899999999982,1.1532599999999982,1.152339999999998,1.152559999999998
2026-07-24 09:00:00+00:00,1.152559999999998,1.1531299999999982,1.1524499999999982,1.1531299999999982
2026-07-24 10:00:00+00:00,1.1531299999999982,1.153509999999998,1.152299999999998,1.152509999999998
2026-07-24 11:00:00+00:00,1.152509999999998,1.1530299999999982,1.1513299999999982,1.151679999999998
2026-07-24 12:00:00+00:00,1.151679999999998,1.1520399999999982,1.150949999999998,1.151209999999998
2026-07-24 13:00:00+00:00,1.151209999999998,1.151879999999998,1.150709999999998,1.1518699999999982
2026-07-24 14:00:00+00:00,1.1518699999999982,1.152299999999998,1.151249999999998,1.152029999999998
2026-07-24 15:00:00+00:00,1.152029999999998,1.153289999999998,1.151919999999998,1.152669999999998
2026-07-24 16:00:00+00:00,1.152669999999998,1.1528599999999982,1.1519799999999982,1.1519799999999982
2026-07-24 17:00:00+00:00,1.1519799999999982,1.151999999999998,1.150969999999998,1.1511599999999982
2026-07-24 18:00:00+00:00,1.1511599999999982,1.1513299999999982,1.150949999999998,1.1511999999999982
2026-07-24 19:00:00+00:00,1.1511999999999982,1.151439999999998,1.1510299999999982,1.151209999999998
2026-07-24 20:00:00+00:00,1.151209999999998,1.1512999999999982,1.150949999999998,1.151129999999998
2026-07-26 21:00:00+00:00,1.151129999999998,1.151769999999998,1.150909999999998,1.150999999999998
2026-07-26 22:00:00+00:00,1.150999999999998,1.152239999999998,1.150979999999998,1.151159999999998
2026-07-26 23:00:00+00:00,1.151159999999998,1.151739999999998,1.151059999999998,1.151679999999998
2026-07-27 00:00:00+00:00,1.151679999999998,1.153519999999998,1.151679999999998,1.152379999999998
2026-07-27 01:00:00+00:00,1.152379999999998,1.153649999999998,1.152379999999998,1.153649999999998
2026-07-27 02:00:00+00:00,1.153649999999998,1.153659999999998,1.152779999999998,1.152779999999998
2026-07-27 03:00:00+00:00,1.152779999999998,1.152939999999998,1.152359999999998,1.152589999999998
2026-07-27 04:00:00+00:00,1.152589999999998,1.152739999999998,1.152429999999998,1.152589999999998
2026-07-27 05:00:00+00:00,1.152589999999998,1.152979999999998,1.152469999999998,1.152839999999998
2026-07-27 06:00:00+00:00,1.152839999999998,1.154049999999998,1.152779999999998,1.153039999999998
2026-07-27 07:00:00+00:00,1.153039999999998,1.153209999999998,1.151829999999998,1.151839999999998
2026-07-27 08:00:00+00:00,1.151839999999998,1.152549999999998,1.151699999999998,1.152439999999998
2026-07-27 09:00:00+00:00,1.152439999999998,1.152549999999998,1.151689999999998,1.151869999999998
2026-07-27 10:00:00+00:00,1.151869999999998,1.152369999999998,1.151579999999998,1.151759999999998
2026-07-27 11:00:00+00:00,1.151759999999998,1.151829999999998,1.150739999999998,1.150879999999998
2026-07-27 12:00:00+00:00,1.150879999999998,1.151259999999998,1.149859999999998,1.150559999999998
2026-07-27 13:00:00+00:00,1.150559999999998,1.150879999999998,1.149469999999998,1.149639999999998
2026-07-27 14:00:00+00:00,1.149639999999998,1.149909999999998,1.149099999999998,1.149449999999998
2026-07-27 15:00:00+00:00,1.149449999999998,1.150039999999998,1.149059999999998,1.149729999999998
2026-07-27 16:00:00+00:00,1.149729999999998,1.150739999999998,1.149579999999998,1.150179999999998
2026-07-27 17:00:00+00:00,1.150179999999998,1.150189999999998,1.149099999999998,1.149449999999998
2026-07-27 18:00:00+00:00,1.149449999999998,1.149599999999998,1.148969999999998,1.149059999999998
2026-07-27 19:00:00+00:00,1.149059999999998,1.149549999999998,1.148959999999998,1.149209999999998
2026-07-27 20:00:00+00:00,1.149209999999998,1.149449999999998,1.148919999999998,1.148919999999998
2026-07-27 21:00:00+00:00,1.148919999999998,1.149349999999998,1.148649999999998,1.149119999999998
2026-07-27 22:00:00+00:00,1.149119999999998,1.149329999999998,1.148879999999998,1.1491399999999978
2026-07-27 23:00:00+00:00,1.1491399999999978,1.1492599999999975,1.1489899999999975,1.1491399999999978
2026-07-28 00:00:00+00:00,1.1491399999999978,1.1496699999999975,1.1488899999999975,1.1496499999999978
2026-07-28 01:00:00+00:00,1.1496499999999978,1.1499599999999977,1.1492799999999976,1.1495299999999975
2026-07-28 02:00:00+00:00,1.1495299999999975,1.1500899999999978,1.1493499999999977,1.1499299999999977
2026-07-28 03:00:00+00:00,1.1499299999999977,1.1502299999999976,1.1496099999999978,1.1496799999999978
2026-07-28 04:00:00+00:00,1.1496799999999978,1.1496799999999978,1.1490299999999978,1.1490899999999975
2026-07-28 05:00:00+00:00,1.1490899999999975,1.1491099999999976,1.1483899999999978,1.1488099999999977
2026-07-28 06:00:00+00:00,1.1488099999999977,1.1495199999999977,1.1487199999999975,1.1490799999999977
2026-07-28 07:00:00+00:00,1.1490799999999977,1.1495699999999978,1.1485499999999975,1.1486999999999978
2026-07-28 08:00:00+00:00,1.1486999999999978,1.1494799999999978,1.1486899999999978,1.1494699999999978
2026-07-28 09:00:00+00:00,1.1494699999999978,1.1495299999999975,1.1478099999999978,1.1478599999999977
2026-07-28 10:00:00+00:00,1.1478599999999977,1.1485299999999978,1.1475499999999978,1.1482999999999977
2026-07-28 11:00:00+00:00,1.1482999999999977,1.1489999999999978,1.1478999999999977,1.1487399999999977
2026-07-28 12:00:00+00:00,1.1487399999999977,1.1490699999999978,1.1483099999999975,1.1488099999999977
2026-07-28 13:00:00+00:00,1.1488099999999977,1.1496199999999976,1.1488099999999977,1.1494499999999976
2026-07-28 14:00:00+00:00,1.1494499999999976,1.1508599999999978,1.1493599999999975,1.1507999999999978
2026-07-28 15:00:00+00:00,1.1507999999999978,1.1524299999999978,1.1506199999999978,1.1522599999999978
2026-07-28 16:00:00+00:00,1.1522599999999978,1.1527499999999975,1.1517999999999975,1.1517999999999975
2026-07-28 17:00:00+00:00,1.1517999999999975,1.1520099999999978,1.1510499999999977,1.1511399999999978
2026-07-28 18:00:00+00:00,1.1511399999999978,1.1513799999999978,1.1508399999999976,1.1508999999999978
2026-07-28 19:00:00+00:00,1.1508999999999978,1.1514199999999977,1.1508499999999977,1.1509499999999977
2026-07-28 20:00:00+00:00,1.1509499999999977,1.1511299999999978,1.1507599999999978,1.1508399999999976
2026-07-28 21:00:00+00:00,1.1508399999999976,1.1514399999999978,1.1507599999999978,1.1511699999999978
2026-07-28 22:00:00+00:00,1.1511699999999978,1.1513399999999978,1.1506399999999977,1.1507599999999978
2026-07-28 23:00:00+00:00,1.1507599999999978,1.1508599999999978,1.1504499999999978,1.1508199999999975
2026-07-29 00:00:00+00:00,1.1508199999999975,1.1513699999999978,1.1504999999999976,1.1513199999999977
2026-07-29 01:00:00+00:00,1.1513199999999977,1.1514699999999978,1.1507599999999978,1.1513699999999978
2026-07-29 02:00:00+00:00,1.1513699999999978,1.1518099999999978,1.1512599999999975,1.1516899999999977
2026-07-29 03:00:00+00:00,1.1516899999999977,1.1522999999999977,1.1516599999999977,1.1519199999999978
2026-07-29 04:00:00+00:00,1.1519199999999978,1.1525899999999978,1.1518599999999977,1.1523299999999976
2026-07-29 05:00:00+00:00,1.1523299999999976,1.1525099999999977,1.1519899999999978,1.1520599999999976
2026-07-29 06:00:00+00:00,1.1520599999999976,1.1523099999999975,1.1512099999999978,1.1514199999999977
2026-07-29 07:00:00+00:00,1.1514199999999977,1.1523299999999976,1.1512499999999977,1.1519999999999977
2026-07-29 08:00:00+00:00,1.1519999999999977,1.1522699999999977,1.151549999999998,1.1518699999999975
2026-07-29 09:00:00+00:00,1.1518699999999975,1.1519099999999978,1.1514099999999978,1.1514399999999978
2026-07-29 10:00:00+00:00,1.1514399999999978,1.1515399999999978,1.1505799999999975,1.1507899999999978
2026-07-29 11:00:00+00:00,1.1507899999999978,1.1510999999999978,1.1502799999999975,1.1504699999999977
2026-07-29 12:00:00+00:00,1.1504699999999977,1.1505499999999975,1.1497199999999976,1.1500899999999976
2026-07-29 13:00:00+00:00,1.1500899999999976,1.1514899999999977,1.1499099999999978,1.1514299999999975
2026-07-29 14:00:00+00:00,1.1514299999999975,1.1519599999999977,1.1503299999999976,1.1503299999999976
2026-07-29 15:00:00+00:00,1.1503299999999976,1.1507999999999978,1.1500399999999975,1.1505399999999977
2026-07-29 16:00:00+00:00,1.1505399999999977,1.1508399999999976,1.1499199999999976,1.1507699999999976
2026-07-29 17:00:00+00:00,1.1507699999999976,1.1522299999999976,1.1507099999999977,1.1517999999999975
2026-07-29 18:00:00+00:00,1.1517999999999975,1.1574699999999978,1.1512699999999978,1.1574399999999978
2026-07-29 19:00:00+00:00,1.1574399999999978,1.1589099999999977,1.1562499999999978,1.1570499999999977
2026-07-29 20:00:00+00:00,1.1570499999999977,1.1593599999999975,1.1569399999999976,1.1585499999999975
2026-07-29 21:00:00+00:00,1.1585499999999975,1.1586699999999976,1.1573599999999975,1.1582299999999977
2026-07-29 22:00:00+00:00,1.1582299999999977,1.1593699999999978,1.1582299999999977,1.159359999999998
2026-07-29 23:00:00+00:00,1.159359999999998,1.159729999999998,1.158669999999998,1.1589299999999978
2026-07-30 00:00:00+00:00,1.1589299999999978,1.159049999999998,1.157829999999998,1.158029999999998
2026-07-30 01:00:00+00:00,1.158029999999998,1.1583499999999978,1.1574799999999978,1.157559999999998
2026-07-30 02:00:00+00:00,1.157559999999998,1.157769999999998,1.157379999999998,1.1575099999999978
2026-07-30 03:00:00+00:00,1.1575099999999978,1.157659999999998,1.157019999999998,1.157219999999998
2026-07-30 04:00:00+00:00,1.157219999999998,1.157629999999998,1.157149999999998,1.157329999999998
2026-07-30 05:00:00+00:00,1.157329999999998,1.1579199999999978,1.1571299999999978,1.1572399999999978
2026-07-30 06:00:00+00:00,1.1572399999999978,1.157379999999998,1.1565599999999978,1.156919999999998
2026-07-30 07:00:00+00:00,1.156919999999998,1.157349999999998,1.155669999999998,1.155989999999998
2026-07-30 08:00:00+00:00,1.155989999999998,1.1577099999999978,1.155939999999998,1.1569699999999978
2026-07-30 09:00:00+00:00,1.1569699999999978,1.1589099999999977,1.1569699999999978,1.1586299999999978
2026-07-30 10:00:00+00:00,1.1586299999999978,1.1605599999999978,1.1582899999999978,1.1594399999999978
2026-07-30 11:00:00+00:00,1.1594399999999978,1.1599499999999978,1.1586499999999975,1.1597299999999977
2026-07-30 12:00:00+00:00,1.1597299999999977,1.1604899999999978,1.1590799999999977,1.1593999999999978
2026-07-30 13:00:00+00:00,1.1593999999999978,1.1645399999999977,1.1591099999999976,1.1645299999999976
2026-07-30 14:00:00+00:00,1.1645299999999976,1.1658399999999978,1.1624099999999975,1.1624499999999978
2026-07-30 15:00:00+00:00,1.1624499999999978,1.1646399999999977,1.1620199999999978,1.1642599999999976
2026-07-30 16:00:00+00:00,1.1642599999999976,1.1651999999999978,1.1642599999999976,1.1649999999999978
2026-07-30 17:00:00+00:00,1.1649999999999978,1.1652299999999978,1.1635299999999975,1.1651099999999976
2026-07-30 18:00:00+00:00,1.1651099999999976,1.1656999999999975,1.1648999999999978,1.1656899999999977
2026-07-30 19:00:00+00:00,1.1656899999999977,1.1657199999999976,1.1649699999999976,1.1652699999999978
2026-07-30 20:00:00+00:00,1.1652699999999978,1.1654199999999977,1.1646899999999978,1.1648499999999975
2026-07-30 21:00:00+00:00,1.1648499999999975,1.1648499999999975,1.1643399999999977,1.1646499999999975
2026-07-30 22:00:00+00:00,1.1646499999999975,1.1652599999999975,1.1646499999999975,1.1649999999999978
2026-07-30 23:00:00+00:00,1.1649999999999978,1.1652399999999978,1.1643799999999978,1.1644499999999978
2026-07-31 00:00:00+00:00,1.1644499999999978,1.1647999999999978,1.1636699999999978,1.1639499999999978
2026-07-31 01:00:00+00:00,1.1639499999999978,1.1642799999999978,1.1631499999999977,1.1631599999999978
2026-07-31 02:00:00+00:00,1.1631599999999978,1.1637799999999978,1.1631599999999978,1.1633399999999978
2026-07-31 03:00:00+00:00,1.1633399999999978,1.1635099999999978,1.1627799999999977,1.1634799999999976
2026-07-31 04:00:00+00:00,1.1634799999999976,1.1635599999999977,1.1625899999999978,1.1629699999999978
2026-07-31 05:00:00+00:00,1.1629699999999978,1.1631199999999975,1.1626299999999978,1.1627799999999977
2026-07-31 06:00:00+00:00,1.1627799999999977,1.1643699999999977,1.1626899999999978,1.1638499999999978
2026-07-31 07:00:00+00:00,1.1638499999999978,1.1646399999999977,1.1632999999999978,1.1635899999999977
2026-07-31 08:00:00+00:00,1.1635899999999977,1.1647699999999976,1.1625899999999978,1.1643199999999978
2026-07-31 09:00:00+00:00,1.1643199999999978,1.1646399999999977,1.1624699999999977,1.1626899999999978
2026-07-31 10:00:00+00:00,1.1626899999999978,1.1629699999999978,1.1622599999999976,1.1623499999999978
2026-07-31 11:00:00+00:00,1.1623499999999978,1.1623499999999978,1.1606299999999978,1.1606799999999975
2026-07-31 12:00:00+00:00,1.1606799999999975,1.1612299999999978,1.1602999999999977,1.1609799999999977
2026-07-31 13:00:00+00:00,1.1609799999999977,1.1625099999999975,1.1576799999999978,1.1588199999999975
2026-07-31 14:00:00+00:00,1.1588199999999975,1.1627799999999977,1.1584099999999975,1.1626199999999978
2026-07-31 15:00:00+00:00,1.1626199999999978,1.1640099999999978,1.1618699999999975,1.1639599999999977
2026-07-31 16:00:00+00:00,1.1639599999999977,1.1640599999999977,1.1633799999999976,1.1638599999999977
2026-07-31 17:00:00+00:00,1.1638599999999977,1.1659099999999978,1.1638499999999978,1.1654899999999977
2026-07-31 18:00:00+00:00,1.1654899999999977,1.1657799999999978,1.1645799999999975,1.1652299999999978
2026-07-31 19:00:00+00:00,1.1652299999999978,1.1657599999999977,1.1648599999999978,1.1652899999999975
2026-07-31 20:00:00+00:00,1.1652899999999975,1.1668799999999977,1.1645499999999978,1.1650599999999978
2026-08-02 21:00:00+00:00,1.1650599999999978,1.1655299999999975,1.1648499999999975,1.1652399999999978
2026-08-02 22:00:00+00:00,1.1652399999999978,1.166599999999998,1.1652399999999978,1.1655399999999978
2026-08-02 23:00:00+00:00,1.1655399999999978,1.165829999999998,1.1649199999999975,1.165079999999998
2026-08-03 00:00:00+00:00,1.165079999999998,1.166299999999998,1.1642199999999978,1.164949999999998
2026-08-03 01:00:00+00:00,1.164949999999998,1.165289999999998,1.1637099999999978,1.163929999999998
2026-08-03 02:00:00+00:00,1.163929999999998,1.1642499999999978,1.163559999999998,1.163799999999998
2026-08-03 03:00:00+00:00,1.163799999999998,1.163819999999998,1.1634099999999978,1.163689999999998
2026-08-03 04:00:00+00:00,1.163689999999998,1.1643099999999975,1.1636099999999978,1.1641199999999978
2026-08-03 05:00:00+00:00,1.1641199999999978,1.1644599999999978,1.1638799999999978,1.164429999999998
2026-08-03 06:00:00+00:00,1.164429999999998,1.1645899999999978,1.1630899999999975,1.1634099999999978
2026-08-03 07:00:00+00:00,1.1634099999999978,1.163929999999998,1.162779999999998,1.1632999999999978
2026-08-03 08:00:00+00:00,1.1632999999999978,1.1634799999999978,1.162809999999998,1.162979999999998
2026-08-03 09:00:00+00:00,1.162979999999998,1.163729999999998,1.162709999999998,1.1629299999999978
2026-08-03 10:00:00+00:00,1.1629299999999978,1.163179999999998,1.1623899999999978,1.1629199999999975
2026-08-03 11:00:00+00:00,1.1629199999999975,1.163959999999998,1.1627899999999978,1.163959999999998
2026-08-03 12:00:00+00:00,1.163959999999998,1.1642199999999978,1.1629899999999975,1.1635099999999978
2026-08-03 13:00:00+00:00,1.1635099999999978,1.1642199999999978,1.1628899999999978,1.163359999999998
2026-08-03 14:00:00+00:00,1.163359999999998,1.163449999999998,1.161729999999998,1.1621099999999978
2026-08-03 15:00:00+00:00,1.1621099999999978,1.162139999999998,1.160749999999998,1.1616699999999978
2026-08-03 16:00:00+00:00,1.1616699999999978,1.161759999999998,1.161149999999998,1.161389999999998
2026-08-03 17:00:00+00:00,1.161389999999998,1.1613999999999978,1.160849999999998,1.160909999999998
2026-08-03 18:00:00+00:00,1.160909999999998,1.1621799999999978,1.1608599999999978,1.162069999999998
2026-08-03 19:00:00+00:00,1.162069999999998,1.1621899999999978,1.161659999999998,1.1617499999999978
2026-08-03 20:00:00+00:00,1.1617499999999978,1.161799999999998,1.161279999999998,1.1613099999999978
2026-08-03 21:00:00+00:00,1.1613099999999978,1.1616799999999978,1.1611999999999978,1.1616399999999978
2026-08-03 22:00:00+00:00,1.1616399999999978,1.1617099999999978,1.161379999999998,1.161599999999998
2026-08-03 23:00:00+00:00,1.161599999999998,1.161759999999998,1.161369999999998,1.161419999999998
2026-08-04 00:00:00+00:00,1.161419999999998,1.1622199999999978,1.161209999999998,1.1612699999999978
2026-08-04 01:00:00+00:00,1.1612699999999978,1.162169999999998,1.160939999999998,1.1619499999999978
2026-08-04 02:00:00+00:00,1.1619499999999978,1.162109999999998,1.161489999999998,1.161519999999998
2026-08-04 03:00:00+00:00,1.161519999999998,1.162129999999998,1.1614799999999978,1.161529999999998
2026-08-04 04:00:00+00:00,1.161529999999998,1.161819999999998,1.1613099999999978,1.1617499999999978
2026-08-04 05:00:00+00:00,1.1617499999999978,1.161769999999998,1.1610999999999978,1.161449999999998
2026-08-04 06:00:00+00:00,1.161449999999998,1.161759999999998,1.1610999999999978,1.161449999999998
2026-08-04 07:00:00+00:00,1.161449999999998,1.162439999999998,1.161349999999998,1.161799999999998
2026-08-04 08:00:00+00:00,1.161799999999998,1.162159999999998,1.1613399999999978,1.1615099999999978
2026-08-04 09:00:00+00:00,1.1615099999999978,1.161839999999998,1.161049999999998,1.161529999999998
2026-08-04 10:00:00+00:00,1.161529999999998,1.162599999999998,1.161489999999998,1.162109999999998
2026-08-04 11:00:00+00:00,1.162109999999998,1.163059999999998,1.161869999999998,1.162349999999998
2026-08-04 12:00:00+00:00,1.162349999999998,1.163039999999998,1.162059999999998,1.162209999999998
2026-08-04 13:00:00+00:00,1.162209999999998,1.163319999999998,1.161649999999998,1.163119999999998
2026-08-04 14:00:00+00:00,1.163119999999998,1.163799999999998,1.162619999999998,1.163029999999998
2026-08-04 15:00:00+00:00,1.163029999999998,1.163369999999998,1.162069999999998,1.163349999999998
2026-08-04 16:00:00+00:00,1.163349999999998,1.163389999999998,1.162379999999998,1.162589999999998
2026-08-04 17:00:00+00:00,1.162589999999998,1.163359999999998,1.162589999999998,1.1631399999999978
2026-08-04 18:00:00+00:00,1.1631399999999978,1.164099999999998,1.1629999999999978,1.164009999999998
2026-08-04 19:00:00+00:00,1.164009999999998,1.164069999999998,1.1636799999999978,1.163799999999998
2026-08-04 20:00:00+00:00,1.163799999999998,1.164129999999998,1.163759999999998,1.163759999999998
2026-08-04 21:00:00+00:00,1.163759999999998,1.163839999999998,1.1632399999999978,1.163669999999998
2026-08-04 22:00:00+00:00,1.163669999999998,1.164009999999998,1.163629999999998,1.163979999999998
2026-08-04 23:00:00+00:00,1.163979999999998,1.164049999999998,1.163719999999998,1.163929999999998
2026-08-05 00:00:00+00:00,1.163929999999998,1.164279999999998,1.163699999999998,1.163869999999998
2026-08-05 01:00:00+00:00,1.163869999999998,1.163899999999998,1.163409999999998,1.163439999999998
2026-08-05 02:00:00+00:00,1.163439999999998,1.164779999999998,1.163399999999998,1.164209999999998
2026-08-05 03:00:00+00:00,1.164209999999998,1.164769999999998,1.164199999999998,1.164459999999998
2026-08-05 04:00:00+00:00,1.164459999999998,1.164749999999998,1.164199999999998,1.164349999999998
2026-08-05 05:00:00+00:00,1.164349999999998,1.164539999999998,1.163909999999998,1.164299999999998
2026-08-05 06:00:00+00:00,1.164299999999998,1.165309999999998,1.163969999999998,1.165219999999998
2026-08-05 07:00:00+00:00,1.165219999999998,1.165419999999998,1.164119999999998,1.164539999999998
2026-08-05 08:00:00+00:00,1.164539999999998,1.165169999999998,1.163849999999998,1.164289999999998
2026-08-05 09:00:00+00:00,1.164289999999998,1.164999999999998,1.164079999999998,1.164709999999998
2026-08-05 10:00:00+00:00,1.164709999999998,1.164819999999998,1.164239999999998,1.164689999999998
2026-08-05 11:00:00+00:00,1.164689999999998,1.166259999999998,1.164689999999998,1.165999999999998
2026-08-05 12:00:00+00:00,1.165999999999998,1.166449999999998,1.165209999999998,1.165289999999998
2026-08-05 13:00:00+00:00,1.165289999999998,1.166129999999998,1.164739999999998,1.165069999999998
2026-08-05 14:00:00+00:00,1.165069999999998,1.166429999999998,1.164909999999998,1.166069999999998
2026-08-05 15:00:00+00:00,1.166069999999998,1.166399999999998,1.165009999999998,1.165329999999998
2026-08-05 16:00:00+00:00,1.165329999999998,1.165649999999998,1.165009999999998,1.165329999999998
2026-08-05 17:00:00+00:00,1.165329999999998,1.166459999999998,1.164999999999998,1.166359999999998
2026-08-05 18:00:00+00:00,1.166359999999998,1.166669999999998,1.166059999999998,1.166099999999998
2026-08-05 19:00:00+00:00,1.166099999999998,1.166209999999998,1.165489999999998,1.165839999999998
2026-08-05 20:00:00+00:00,1.165839999999998,1.166149999999998,1.165659999999998,1.166039999999998
2026-08-05 21:00:00+00:00,1.166039999999998,1.166279999999998,1.165619999999998,1.165689999999998
2026-08-05 22:00:00+00:00,1.165689999999998,1.166249999999998,1.165689999999998,1.166219999999998
2026-08-05 23:00:00+00:00,1.166219999999998,1.166499999999998,1.166139999999998,1.166429999999998
2026-08-06 00:00:00+00:00,1.166429999999998,1.166699999999998,1.166199999999998,1.166359999999998
2026-08-06 01:00:00+00:00,1.166359999999998,1.166479999999998,1.166089999999998,1.166219999999998
2026-08-06 02:00:00+00:00,1.166219999999998,1.166519999999998,1.165979999999998,1.166099999999998
2026-08-06 03:00:00+00:00,1.166099999999998,1.166119999999998,1.165419999999998,1.165609999999998
2026-08-06 04:00:00+00:00,1.165609999999998,1.165689999999998,1.165439999999998,1.165619999999998
2026-08-06 05:00:00+00:00,1.165619999999998,1.165769999999998,1.165199999999998,1.165659999999998
2026-08-06 06:00:00+00:00,1.165659999999998,1.165889999999998,1.165029999999998,1.165219999999998
2026-08-06 07:00:00+00:00,1.165219999999998,1.165399999999998,1.164849999999998,1.165159999999998
2026-08-06 08:00:00+00:00,1.165159999999998,1.165249999999998,1.164629999999998,1.165049999999998
2026-08-06 09:00:00+00:00,1.165049999999998,1.165129999999998,1.164379999999998,1.164579999999998
2026-08-06 10:00:00+00:00,1.164579999999998,1.164999999999998,1.164379999999998,1.164829999999998
2026-08-06 11:00:00+00:00,1.164829999999998,1.165419999999998,1.164489999999998,1.165239999999998
2026-08-06 12:00:00+00:00,1.165239999999998,1.165289999999998,1.164409999999998,1.164589999999998
2026-08-06 13:00:00+00:00,1.164589999999998,1.165199999999998,1.164299999999998,1.165019999999998
2026-08-06 14:00:00+00:00,1.165019999999998,1.165129999999998,1.163789999999998,1.164239999999998
2026-08-06 15:00:00+00:00,1.164239999999998,1.164299999999998,1.162659999999998,1.162799999999998
2026-08-06 16:00:00+00:00,1.162799999999998,1.163009999999998,1.162209999999998,1.162789999999998
2026-08-06 17:00:00+00:00,1.162789999999998,1.163019999999998,1.162479999999998,1.163019999999998
2026-08-06 18:00:00+00:00,1.163019999999998,1.163209999999998,1.162899999999998,1.163109999999998
2026-08-06 19:00:00+00:00,1.163109999999998,1.163309999999998,1.162459999999998,1.163059999999998
2026-08-06 20:00:00+00:00,1.163059999999998,1.163169999999998,1.162609999999998,1.163139999999998
2026-08-06 21:00:00+00:00,1.163139999999998,1.163139999999998,1.162599999999998,1.162729999999998
2026-08-06 22:00:00+00:00,1.162729999999998,1.163049999999998,1.162729999999998,1.162879999999998
2026-08-06 23:00:00+00:00,1.162879999999998,1.163149999999998,1.162879999999998,1.1631299999999978
2026-08-07 00:00:00+00:00,1.1631299999999978,1.1631399999999978,1.162539999999998,1.1626499999999975
2026-08-07 01:00:00+00:00,1.1626499999999975,1.1633099999999978,1.1625899999999978,1.1628999999999978
2026-08-07 02:00:00+00:00,1.1628999999999978,1.163079999999998,1.1627999999999978,1.1628899999999978
2026-08-07 03:00:00+00:00,1.1628899999999978,1.1630699999999978,1.1627199999999978,1.1630699999999978
2026-08-07 04:00:00+00:00,1.1630699999999978,1.1631699999999978,1.1628899999999978,1.1630999999999978
2026-08-07 05:00:00+00:00,1.1630999999999978,1.163279999999998,1.162809999999998,1.162979999999998
2026-08-07 06:00:00+00:00,1.162979999999998,1.1632399999999978,1.1628499999999975,1.1629499999999977
2026-08-07 07:00:00+00:00,1.1629499999999977,1.1631699999999978,1.1625199999999978,1.1629899999999975
2026-08-07 08:00:00+00:00,1.1629899999999975,1.1632699999999978,1.1625499999999978,1.1630899999999975
2026-08-07 09:00:00+00:00,1.1630899999999975,1.1638699999999975,1.1630299999999978,1.1636399999999978
2026-08-07 10:00:00+00:00,1.1636399999999978,1.1636699999999978,1.1632999999999978,1.1634399999999978
2026-08-07 11:00:00+00:00,1.1634399999999978,1.1640799999999978,1.163389999999998,1.1640399999999975
2026-08-07 12:00:00+00:00,1.1640399999999975,1.1688299999999978,1.1633599999999975,1.1680099999999978
2026-08-07 13:00:00+00:00,1.1680099999999978,1.1682799999999978,1.166399999999998,1.1665199999999978
2026-08-07 14:00:00+00:00,1.1665199999999978,1.1671599999999978,1.165789999999998,1.1660499999999978
2026-08-07 15:00:00+00:00,1.1660499999999978,1.1671199999999975,1.1657499999999978,1.166599999999998
2026-08-07 16:00:00+00:00,1.166599999999998,1.1674699999999978,1.1664799999999975,1.166639999999998
2026-08-07 17:00:00+00:00,1.166639999999998,1.1670899999999975,1.1664899999999978,1.1668499999999975
2026-08-07 18:00:00+00:00,1.1668499999999975,1.1674099999999976,1.166639999999998,1.1672899999999975
2026-08-07 19:00:00+00:00,1.1672899999999975,1.1678099999999978,1.1668899999999978,1.1669699999999976
2026-08-07 20:00:00+00:00,1.1669699999999976,1.1669799999999977,1.1661699999999977,1.1661699999999977
2026-08-09 21:00:00+00:00,1.1661699999999977,1.1663599999999978,1.165649999999998,1.1657699999999978
2026-08-09 22:00:00+00:00,1.1657699999999978,1.166089999999998,1.1653599999999975,1.165379999999998
2026-08-09 23:00:00+00:00,1.165379999999998,1.1656799999999978,1.165279999999998,1.1653899999999977
2026-08-10 00:00:00+00:00,1.1653899999999977,1.165759999999998,1.1652699999999978,1.165659999999998
2026-08-10 01:00:00+00:00,1.165659999999998,1.165759999999998,1.165049999999998,1.165249999999998
2026-08-10 02:00:00+00:00,1.165249999999998,1.165379999999998,1.164939999999998,1.165009999999998
2026-08-10 03:00:00+00:00,1.165009999999998,1.1651399999999978,1.1647499999999975,1.1647499999999975
2026-08-10 04:00:00+00:00,1.1647499999999975,1.1651199999999975,1.1646599999999978,1.1649999999999978
2026-08-10 05:00:00+00:00,1.1649999999999978,1.165489999999998,1.1648599999999978,1.165349999999998
2026-08-10 06:00:00+00:00,1.165349999999998,1.165619999999998,1.1650899999999975,1.1653599999999975
2026-08-10 07:00:00+00:00,1.1653599999999975,1.166429999999998,1.165049999999998,1.165959999999998
2026-08-10 08:00:00+00:00,1.165959999999998,1.1664199999999978,1.1658099999999978,1.165959999999998
2026-08-10 09:00:00+00:00,1.165959999999998,1.166229999999998,1.1655399999999978,1.165549999999998
2026-08-10 10:00:00+00:00,1.165549999999998,1.165659999999998,1.1652999999999978,1.1653899999999977
2026-08-10 11:00:00+00:00,1.1653899999999977,1.1654999999999978,1.1647599999999978,1.1650899999999975
2026-08-10 12:00:00+00:00,1.1650899999999975,1.1653699999999978,1.1643799999999978,1.164569999999998
2026-08-10 13:00:00+00:00,1.164569999999998,1.1652399999999978,1.1642499999999978,1.1643599999999978
2026-08-10 14:00:00+00:00,1.1643599999999978,1.1654399999999978,1.1642899999999978,1.165049999999998
2026-08-10 15:00:00+00:00,1.165049999999998,1.165209999999998,1.1644899999999978,1.1650199999999975
2026-08-10 16:00:00+00:00,1.1650199999999975,1.1652899999999975,1.164369999999998,1.164569999999998
2026-08-10 17:00:00+00:00,1.164569999999998,1.1646299999999978,1.163959999999998,1.1641499999999978
2026-08-10 18:00:00+00:00,1.1641499999999978,1.1643399999999977,1.163859999999998,1.1640799999999978
2026-08-10 19:00:00+00:00,1.1640799999999978,1.1641799999999978,1.1638799999999978,1.1640099999999978
2026-08-10 20:00:00+00:00,1.1640099999999978,1.1641799999999978,1.163819999999998,1.1639699999999975
2026-08-10 21:00:00+00:00,1.1639699999999975,1.1640499999999978,1.1637499999999978,1.163929999999998
2026-08-10 22:00:00+00:00,1.163929999999998,1.1642799999999978,1.163929999999998,1.164229999999998
2026-08-10 23:00:00+00:00,1.164229999999998,1.1645199999999978,1.1640799999999978,1.1644599999999978
2026-08-11 00:00:00+00:00,1.1644599999999978,1.164839999999998,1.1643799999999978,1.164469999999998
2026-08-11 01:00:00+00:00,1.164469999999998,1.1648299999999978,1.164159999999998,1.164469999999998
2026-08-11 02:00:00+00:00,1.164469999999998,1.1644899999999978,1.1637299999999977,1.1638399999999978
2026-08-11 03:00:00+00:00,1.1638399999999978,1.1643499999999978,1.1638099999999978,1.1641499999999978
2026-08-11 04:00:00+00:00,1.1641499999999978,1.1643799999999978,1.163789999999998,1.1641399999999975
2026-08-11 05:00:00+00:00,1.1641399999999975,1.1641499999999978,1.1637399999999978,1.1639699999999975
2026-08-11 06:00:00+00:00,1.1639699999999975,1.1642099999999975,1.163149999999998,1.1635599999999977
2026-08-11 07:00:00+00:00,1.1635599999999977,1.1638699999999975,1.163039999999998,1.163049999999998
2026-08-11 08:00:00+00:00,1.163049999999998,1.1637299999999977,1.1629999999999978,1.1634799999999978
2026-08-11 09:00:00+00:00,1.1634799999999978,1.1635999999999975,1.1631399999999978,1.1635799999999978
2026-08-11 10:00:00+00:00,1.1635799999999978,1.1637099999999978,1.1631999999999978,1.1635099999999978
2026-08-11 11:00:00+00:00,1.1635099999999978,1.1642199999999978,1.1633099999999978,1.163519999999998
2026-08-11 12:00:00+00:00,1.163519999999998,1.1642799999999978,1.1632299999999978,1.1639999999999977
2026-08-11 13:00:00+00:00,1.1639999999999977,1.164709999999998,1.1637699999999978,1.1642799999999978
2026-08-11 14:00:00+00:00,1.1642799999999978,1.1642899999999978,1.1636399999999978,1.164129999999998
2026-08-11 15:00:00+00:00,1.164129999999998,1.164329999999998,1.1635099999999978,1.164159999999998
2026-08-11 16:00:00+00:00,1.164159999999998,1.1642399999999975,1.1637699999999978,1.1638099999999978
2026-08-11 17:00:00+00:00,1.1638099999999978,1.1638799999999978,1.1632899999999975,1.163659999999998
2026-08-11 18:00:00+00:00,1.163659999999998,1.1640799999999978,1.1633999999999978,1.1639099999999978
2026-08-11 19:00:00+00:00,1.1639099999999978,1.164159999999998,1.163859999999998,1.1641499999999978
2026-08-11 20:00:00+00:00,1.1641499999999978,1.1642399999999975,1.1637999999999975,1.1639799999999978
2026-08-11 21:00:00+00:00,1.1639799999999978,1.1639799999999978,1.163719999999998,1.1638999999999975
2026-08-11 22:00:00+00:00,1.1638999999999975,1.1642199999999978,1.163889999999998,1.1641799999999978
2026-08-11 23:00:00+00:00,1.1641799999999978,1.1642399999999975,1.163959999999998,1.164199999999998
2026-08-12 00:00:00+00:00,1.164199999999998,1.164329999999998,1.1638099999999978,1.1639399999999978
2026-08-12 01:00:00+00:00,1.1639399999999978,1.1639499999999978,1.163519999999998,1.1636799999999978
2026-08-12 02:00:00+00:00,1.1636799999999978,1.1638699999999975,1.163379999999998,1.1636999999999975
2026-08-12 03:00:00+00:00,1.1636999999999975,1.163719999999998,1.1633599999999975,1.1633999999999978
2026-08-12 04:00:00+00:00,1.1633999999999978,1.1635099999999978,1.1631399999999978,1.1634399999999978
2026-08-12 05:00:00+00:00,1.1634399999999978,1.163449999999998,1.163079999999998,1.1632399999999978
2026-08-12 06:00:00+00:00,1.1632399999999978,1.163589999999998,1.1631999999999978,1.1635799999999978
2026-08-12 07:00:00+00:00,1.1635799999999978,1.1638099999999978,1.163449999999998,1.1636099999999978
2026-08-12 08:00:00+00:00,1.1636099999999978,1.1638799999999978,1.163319999999998,1.1635799999999978
2026-08-12 09:00:00+00:00,1.1635799999999978,1.1648599999999978,1.163319999999998,1.1634699999999978
2026-08-12 10:00:00+00:00,1.1634699999999978,1.1637699999999978,1.1630999999999978,1.163349999999998
2026-08-12 11:00:00+00:00,1.163349999999998,1.1644199999999978,1.1632599999999975,1.1642099999999975
2026-08-12 12:00:00+00:00,1.1642099999999975,1.166159999999998,1.163149999999998,1.1657999999999975
2026-08-12 13:00:00+00:00,1.1657999999999975,1.1661399999999975,1.1644599999999978,1.165079999999998
2026-08-12 14:00:00+00:00,1.165079999999998,1.1653099999999978,1.163759999999998,1.1641699999999977
2026-08-12 15:00:00+00:00,1.1641699999999977,1.1642499999999978,1.163379999999998,1.1638099999999978
2026-08-12 16:00:00+00:00,1.1638099999999978,1.1638799999999978,1.1623199999999978,1.162669999999998
2026-08-12 17:00:00+00:00,1.162669999999998,1.1629299999999978,1.161999999999998,1.1620099999999978
2026-08-12 18:00:00+00:00,1.1620099999999978,1.162569999999998,1.1618399999999978,1.1619699999999975
2026-08-12 19:00:00+00:00,1.1619699999999975,1.1623399999999977,1.1618499999999978,1.162099999999998
2026-08-12 20:00:00+00:00,1.162099999999998,1.1624799999999975,1.1620099999999978,1.1620199999999978
2026-08-12 21:00:00+00:00,1.1620199999999978,1.1621899999999978,1.1619199999999978,1.162129999999998
2026-08-12 22:00:00+00:00,1.162129999999998,1.1625499999999982,1.162109999999998,1.162539999999998
2026-08-12 23:00:00+00:00,1.162539999999998,1.1626799999999982,1.162499999999998,1.1626499999999982
2026-08-13 00:00:00+00:00,1.1626499999999982,1.163009999999998,1.162539999999998,1.162769999999998
2026-08-13 01:00:00+00:00,1.162769999999998,1.162969999999998,1.162229999999998,1.162369999999998
2026-08-13 02:00:00+00:00,1.162369999999998,1.162429999999998,1.1618499999999985,1.162059999999998
2026-08-13 03:00:00+00:00,1.162059999999998,1.162299999999998,1.1618799999999982,1.1621399999999982
2026-08-13 04:00:00+00:00,1.1621399999999982,1.1625799999999982,1.1618699999999982,1.162469999999998
2026-08-13 05:00:00+00:00,1.162469999999998,1.162599999999998,1.162199999999998,1.1623799999999982
2026-08-13 06:00:00+00:00,1.1623799999999982,1.162499999999998,1.1610599999999982,1.161689999999998
2026-08-13 07:00:00+00:00,1.161689999999998,1.1626599999999985,1.161579999999998,1.1624499999999982
2026-08-13 08:00:00+00:00,1.1624499999999982,1.162739999999998,1.1621499999999982,1.1622899999999985
2026-08-13 09:00:00+00:00,1.1622899999999985,1.1633599999999982,1.162199999999998,1.1633299999999982
2026-08-13 10:00:00+00:00,1.1633299999999982,1.1637399999999982,1.1632599999999982,1.1634699999999982
2026-08-13 11:00:00+00:00,1.1634699999999982,1.1637399999999982,1.163139999999998,1.1632899999999982
2026-08-13 12:00:00+00:00,1.1632899999999982,1.1643199999999982,1.162439999999998,1.1642799999999982
2026-08-13 13:00:00+00:00,1.1642799999999982,1.164399999999998,1.162939999999998,1.163319999999998
2026-08-13 14:00:00+00:00,1.163319999999998,1.1644199999999982,1.1630199999999982,1.164269999999998
2026-08-13 15:00:00+00:00,1.164269999999998,1.164439999999998,1.1628999999999985,1.1629599999999982
2026-08-13 16:00:00+00:00,1.1629599999999982,1.1631699999999985,1.1623099999999982,1.162839999999998
2026-08-13 17:00:00+00:00,1.162839999999998,1.163039999999998,1.1624599999999985,1.1626599999999985
2026-08-13 18:00:00+00:00,1.1626599999999985,1.163109999999998,1.1625199999999982,1.1627899999999982
2026-08-13 19:00:00+00:00,1.1627899999999982,1.163039999999998,1.162639999999998,1.1627599999999982
2026-08-13 20:00:00+00:00,1.1627599999999982,1.162879999999998,1.1625099999999982,1.1627299999999985
2026-08-13 21:00:00+00:00,1.1627299999999985,1.1632999999999982,1.162429999999998,1.1630599999999982
2026-08-13 22:00:00+00:00,1.1630599999999982,1.1634299999999982,1.1630599999999982,1.1633999999999982
2026-08-13 23:00:00+00:00,1.1633999999999982,1.1636999999999982,1.1633999999999982,1.1636399999999982
2026-08-14 00:00:00+00:00,1.1636399999999982,1.1641899999999985,1.1636199999999983,1.164099999999998
2026-08-14 01:00:00+00:00,1.164099999999998,1.164099999999998,1.1634699999999982,1.1636699999999982
2026-08-14 02:00:00+00:00,1.1636699999999982,1.163999999999998,1.1636199999999983,1.163689999999998
2026-08-14 03:00:00+00:00,1.163689999999998,1.164199999999998,1.1636499999999983,1.1639799999999982
2026-08-14 04:00:00+00:00,1.1639799999999982,1.164299999999998,1.163929999999998,1.1641399999999982
2026-08-14 05:00:00+00:00,1.1641399999999982,1.1645499999999982,1.1640799999999982,1.1644499999999982
2026-08-14 06:00:00+00:00,1.1644499999999982,1.164709999999998,1.1641399999999982,1.1646999999999983
2026-08-14 07:00:00+00:00,1.1646999999999983,1.1653999999999982,1.1645799999999982,1.1653399999999985
2026-08-14 08:00:00+00:00,1.1653399999999985,1.166029999999998,1.1652999999999982,1.165829999999998
2026-08-14 09:00:00+00:00,1.165829999999998,1.1659499999999985,1.1653599999999982,1.1657299999999982
2026-08-14 10:00:00+00:00,1.1657299999999982,1.1658699999999982,1.1654699999999982,1.1658199999999983
2026-08-14 11:00:00+00:00,1.1658199999999983,1.1674499999999983,1.1658199999999983,1.1667999999999985
2026-08-14 12:00:00+00:00,1.1667999999999985,1.168099999999998,1.1665199999999982,1.1668599999999982
2026-08-14 13:00:00+00:00,1.1668599999999982,1.168739999999998,1.1664599999999985,1.168269999999998
2026-08-14 14:00:00+00:00,1.168269999999998,1.168809999999998,1.167959999999998,1.1683399999999982
2026-08-14 15:00:00+00:00,1.1683399999999982,1.1687799999999982,1.167959999999998,1.1682799999999982
2026-08-14 16:00:00+00:00,1.1682799999999982,1.1684599999999985,1.1672699999999985,1.1673699999999982
2026-08-14 17:00:00+00:00,1.1673699999999982,1.1674099999999985,1.1665499999999982,1.166739999999998
2026-08-14 18:00:00+00:00,1.166739999999998,1.1669599999999982,1.166569999999998,1.166809999999998
2026-08-14 19:00:00+00:00,1.166809999999998,1.167179999999998,1.166709999999998,1.1670999999999982
2026-08-14 20:00:00+00:00,1.1670999999999982,1.1672899999999982,1.1669199999999982,1.1669699999999985
2026-08-16 21:00:00+00:00,1.1669699999999985,1.167179999999998,1.1667899999999982,1.167049999999998
2026-08-16 22:00:00+00:00,1.167049999999998,1.168349999999998,1.167049999999998,1.168289999999998
2026-08-16 23:00:00+00:00,1.168289999999998,1.168399999999998,1.168059999999998,1.168189999999998
2026-08-17 00:00:00+00:00,1.168189999999998,1.168909999999998,1.168189999999998,1.168829999999998
2026-08-17 01:00:00+00:00,1.168829999999998,1.169179999999998,1.168639999999998,1.1691599999999982
2026-08-17 02:00:00+00:00,1.1691599999999982,1.1692599999999982,1.1687199999999982,1.1687899999999982
2026-08-17 03:00:00+00:00,1.1687899999999982,1.169179999999998,1.168669999999998,1.169169999999998
2026-08-17 04:00:00+00:00,1.169169999999998,1.169619999999998,1.169079999999998,1.1692999999999982
2026-08-17 05:00:00+00:00,1.1692999999999982,1.169749999999998,1.169099999999998,1.169549999999998
2026-08-17 06:00:00+00:00,1.169549999999998,1.170499999999998,1.1691899999999982,1.170389999999998
2026-08-17 07:00:00+00:00,1.170389999999998,1.1720099999999982,1.1701099999999982,1.171479999999998
2026-08-17 08:00:00+00:00,1.171479999999998,1.172229999999998,1.170359999999998,1.170699999999998
2026-08-17 09:00:00+00:00,1.170699999999998,1.1710599999999982,1.170419999999998,1.170499999999998
2026-08-17 10:00:00+00:00,1.170499999999998,1.170659999999998,1.169779999999998,1.169859999999998
2026-08-17 11:00:00+00:00,1.169859999999998,1.170359999999998,1.169589999999998,1.170049999999998
2026-08-17 12:00:00+00:00,1.170049999999998,1.170599999999998,1.169519999999998,1.1705799999999982
2026-08-17 13:00:00+00:00,1.1705799999999982,1.170799999999998,1.169589999999998,1.170289999999998
2026-08-17 14:00:00+00:00,1.170289999999998,1.1707499999999982,1.1694299999999982,1.1694999999999982
2026-08-17 15:00:00+00:00,1.1694999999999982,1.169829999999998,1.1689899999999982,1.169829999999998
2026-08-17 16:00:00+00:00,1.169829999999998,1.1700099999999982,1.1693299999999982,1.169649999999998
2026-08-17 17:00:00+00:00,1.169649999999998,1.1697999999999982,1.168439999999998,1.168529999999998
2026-08-17 18:00:00+00:00,1.168529999999998,1.168669999999998,1.167919999999998,1.1680699999999982
2026-08-17 19:00:00+00:00,1.1680699999999982,1.168869999999998,1.1680399999999982,1.168699999999998
2026-08-17 20:00:00+00:00,1.168699999999998,1.168869999999998,1.1685499999999982,1.168639999999998
2026-08-17 21:00:00+00:00,1.168639999999998,1.168739999999998,1.1684799999999982,1.168569999999998
2026-08-17 22:00:00+00:00,1.168569999999998,1.168859999999998,1.168569999999998,1.1686799999999982
2026-08-17 23:00:00+00:00,1.1686799999999982,1.169179999999998,1.168629999999998,1.1690899999999982
2026-08-18 00:00:00+00:00,1.1690899999999982,1.169319999999998,1.168589999999998,1.169069999999998
2026-08-18 01:00:00+00:00,1.169069999999998,1.1693999999999982,1.168699999999998,1.1687899999999982
2026-08-18 02:00:00+00:00,1.1687899999999982,1.168859999999998,1.1683399999999982,1.168839999999998
2026-08-18 03:00:00+00:00,1.168839999999998,1.168839999999998,1.1679699999999982,1.1681399999999982
2026-08-18 04:00:00+00:00,1.1681399999999982,1.168289999999998,1.1677999999999982,1.167959999999998
2026-08-18 05:00:00+00:00,1.167959999999998,1.168249999999998,1.167749999999998,1.168119999999998
2026-08-18 06:00:00+00:00,1.168119999999998,1.168299999999998,1.167489999999998,1.168029999999998
2026-08-18 07:00:00+00:00,1.168029999999998,1.168569999999998,1.167779999999998,1.1682099999999982
2026-08-18 08:00:00+00:00,1.1682099999999982,1.1685799999999982,1.1677399999999982,1.168439999999998
2026-08-18 09:00:00+00:00,1.168439999999998,1.1688199999999982,1.168089999999998,1.168739999999998
2026-08-18 10:00:00+00:00,1.168739999999998,1.168739999999998,1.168219999999998,1.168439999999998
2026-08-18 11:00:00+00:00,1.168439999999998,1.1685099999999982,1.168079999999998,1.168489999999998
2026-08-18 12:00:00+00:00,1.168489999999998,1.1687499999999982,1.167989999999998,1.168269999999998
2026-08-18 13:00:00+00:00,1.168269999999998,1.169309999999998,1.167859999999998,1.168879999999998
2026-08-18 14:00:00+00:00,1.168879999999998,1.169649999999998,1.168869999999998,1.1689199999999982
2026-08-18 15:00:00+00:00,1.1689199999999982,1.169439999999998,1.168489999999998,1.168739999999998
2026-08-18 16:00:00+00:00,1.168739999999998,1.1693899999999982,1.1686799999999982,1.1687899999999982
2026-08-18 17:00:00+00:00,1.1687899999999982,1.168859999999998,1.168249999999998,1.168489999999998
2026-08-18 18:00:00+00:00,1.168489999999998,1.168699999999998,1.168229999999998,1.168389999999998
2026-08-18 19:00:00+00:00,1.168389999999998,1.168899999999998,1.168219999999998,1.168299999999998
2026-08-18 20:00:00+00:00,1.168299999999998,1.168469999999998,1.167989999999998,1.1682799999999982
2026-08-18 21:00:00+00:00,1.1682799999999982,1.1685899999999982,1.1680399999999982,1.1682199999999985
2026-08-18 22:00:00+00:00,1.1682199999999985,1.1684599999999985,1.1682199999999985,1.1683899999999985
2026-08-18 23:00:00+00:00,1.1683899999999985,1.1686199999999984,1.1681299999999983,1.1683899999999985
2026-08-19 00:00:00+00:00,1.1683899999999985,1.1689499999999984,1.1681199999999985,1.1682099999999984
2026-08-19 01:00:00+00:00,1.1682099999999984,1.1685799999999984,1.1677999999999984,1.1684999999999983
2026-08-19 02:00:00+00:00,1.1684999999999983,1.1695099999999985,1.1684499999999984,1.1690199999999984
2026-08-19 03:00:00+00:00,1.1690199999999984,1.1692699999999985,1.1688899999999984,1.1689199999999984
2026-08-19 04:00:00+00:00,1.1689199999999984,1.1694599999999984,1.1688399999999983,1.1693599999999984
2026-08-19 05:00:00+00:00,1.1693599999999984,1.1697399999999984,1.1692499999999983,1.1696399999999985
2026-08-19 06:00:00+00:00,1.1696399999999985,1.1706599999999985,1.1695599999999984,1.1702599999999983
2026-08-19 07:00:00+00:00,1.1702599999999983,1.1705599999999985,1.1699499999999985,1.1704399999999984
2026-08-19 08:00:00+00:00,1.1704399999999984,1.1713099999999983,1.1703399999999984,1.1705999999999983
2026-08-19 09:00:00+00:00,1.1705999999999983,1.1716099999999985,1.1704399999999984,1.1714399999999985
2026-08-19 10:00:00+00:00,1.1714399999999985,1.1719799999999985,1.1713199999999984,1.1714499999999983
2026-08-19 11:00:00+00:00,1.1714499999999983,1.1716599999999984,1.1707299999999985,1.1710699999999985
2026-08-19 12:00:00+00:00,1.1710699999999985,1.1751399999999983,1.1710399999999983,1.1743499999999985
2026-08-19 13:00:00+00:00,1.1743499999999985,1.1767499999999984,1.1743499999999985,1.1764299999999983
2026-08-19 14:00:00+00:00,1.1764299999999983,1.1785099999999984,1.1761699999999984,1.1771299999999985
2026-08-19 15:00:00+00:00,1.1771299999999985,1.1775999999999984,1.1764699999999984,1.1771799999999983
2026-08-19 16:00:00+00:00,1.1771799999999983,1.1779999999999984,1.1771699999999985,1.1776399999999985
2026-08-19 17:00:00+00:00,1.1776399999999985,1.1780099999999984,1.1766299999999985,1.1766899999999985
2026-08-19 18:00:00+00:00,1.1766899999999985,1.1782999999999983,1.1766399999999984,1.1781399999999984
2026-08-19 19:00:00+00:00,1.1781399999999984,1.1787099999999984,1.1777799999999985,1.1785199999999985
2026-08-19 20:00:00+00:00,1.1785199999999985,1.1786999999999983,1.1782899999999985,1.1784499999999984
2026-08-19 21:00:00+00:00,1.1784499999999984,1.1785899999999985,1.1782199999999985,1.1783499999999985
2026-08-19 22:00:00+00:00,1.1783499999999985,1.1788499999999984,1.1782899999999985,1.1783099999999984
2026-08-19 23:00:00+00:00,1.1783099999999984,1.1785399999999984,1.1780499999999985,1.1782199999999985
2026-08-20 00:00:00+00:00,1.1782199999999985,1.1787699999999983,1.1780299999999984,1.1782099999999984
2026-08-20 01:00:00+00:00,1.1782099999999984,1.1790599999999984,1.1777899999999983,1.1784399999999984
2026-08-20 02:00:00+00:00,1.1784399999999984,1.1791499999999984,1.1780699999999984,1.1782799999999984
2026-08-20 03:00:00+00:00,1.1782799999999984,1.1787899999999985,1.1782099999999984,1.1787299999999985
2026-08-20 04:00:00+00:00,1.1787299999999985,1.1788299999999985,1.1779899999999983,1.1780899999999983
2026-08-20 05:00:00+00:00,1.1780899999999983,1.1785299999999983,1.1778099999999985,1.1783899999999985
2026-08-20 06:00:00+00:00,1.1783899999999985,1.1796199999999983,1.1781299999999983,1.1795899999999984
2026-08-20 07:00:00+00:00,1.1795899999999984,1.1801399999999984,1.1786199999999984,1.1800599999999983
2026-08-20 08:00:00+00:00,1.1800599999999983,1.1807699999999983,1.1796699999999984,1.1806499999999984
2026-08-20 09:00:00+00:00,1.1806499999999984,1.1817599999999984,1.1803499999999985,1.1814899999999984
2026-08-20 10:00:00+00:00,1.1814899999999984,1.1818399999999984,1.1802199999999985,1.1804999999999983
2026-08-20 11:00:00+00:00,1.1804999999999983,1.1805999999999983,1.1790599999999984,1.1792499999999984
2026-08-20 12:00:00+00:00,1.1792499999999984,1.1798199999999983,1.1785699999999983,1.1796499999999983
2026-08-20 13:00:00+00:00,1.1796499999999983,1.1802499999999985,1.1782699999999984,1.1783299999999983
2026-08-20 14:00:00+00:00,1.1783299999999983,1.1792999999999985,1.1778699999999984,1.1790699999999985
2026-08-20 15:00:00+00:00,1.1790699999999985,1.1801599999999983,1.1780099999999984,1.1786799999999984
2026-08-20 16:00:00+00:00,1.1786799999999984,1.1787899999999985,1.1777199999999983,1.1781099999999984
2026-08-20 17:00:00+00:00,1.1781099999999984,1.1782999999999983,1.1778099999999985,1.1782499999999985
2026-08-20 18:00:00+00:00,1.1782499999999985,1.1784399999999984,1.1778799999999985,1.1783999999999983
2026-08-20 19:00:00+00:00,1.1783999999999983,1.1786399999999984,1.1781199999999985,1.1785799999999984
2026-08-20 20:00:00+00:00,1.1785799999999984,1.1787699999999983,1.1783899999999985,1.1786099999999984
2026-08-20 21:00:00+00:00,1.1786099999999984,1.1786099999999984,1.1784299999999983,1.1784799999999984
2026-08-20 22:00:00+00:00,1.1784799999999984,1.1791999999999985,1.1784799999999984,1.1791099999999983
2026-08-20 23:00:00+00:00,1.1791099999999983,1.1795899999999984,1.1790999999999985,1.1795499999999983
2026-08-21 00:00:00+00:00,1.1795499999999983,1.1797599999999984,1.1790899999999984,1.1791099999999983
2026-08-21 01:00:00+00:00,1.1791099999999983,1.1800899999999983,1.1790899999999984,1.1798299999999984
2026-08-21 02:00:00+00:00,1.1798299999999984,1.1808699999999983,1.1795999999999984,1.1803799999999984
2026-08-21 03:00:00+00:00,1.1803799999999984,1.1806399999999984,1.1799499999999985,1.1802099999999984
2026-08-21 04:00:00+00:00,1.1802099999999984,1.1803199999999985,1.1798899999999983,1.1800999999999984
2026-08-21 05:00:00+00:00,1.1800999999999984,1.1807099999999984,1.1798099999999985,1.1805899999999985
2026-08-21 06:00:00+00:00,1.1805899999999985,1.1806199999999984,1.1798199999999983,1.1805899999999985
2026-08-21 07:00:00+00:00,1.1805899999999985,1.1808199999999984,1.1794699999999985,1.1798599999999984
2026-08-21 08:00:00+00:00,1.1798599999999984,1.1814299999999984,1.1797199999999983,1.1813099999999983
2026-08-21 09:00:00+00:00,1.1813099999999983,1.1819399999999984,1.1807899999999985,1.1807999999999983
2026-08-21 10:00:00+00:00,1.1807999999999983,1.1818599999999984,1.1806999999999983,1.1809899999999984
2026-08-21 11:00:00+00:00,1.1809899999999984,1.1817699999999984,1.1804099999999984,1.1808699999999983
2026-08-21 12:00:00+00:00,1.1808699999999983,1.1810999999999985,1.1792999999999985,1.1798399999999984
2026-08-21 13:00:00+00:00,1.1798399999999984,1.1799199999999983,1.1786699999999983,1.1791299999999985
2026-08-21 14:00:00+00:00,1.1791299999999985,1.1791299999999985,1.1776799999999985,1.1780999999999984
2026-08-21 15:00:00+00:00,1.1780999999999984,1.1791799999999983,1.1778699999999984,1.1791099999999983
2026-08-21 16:00:00+00:00,1.1791099999999983,1.1795099999999985,1.1787599999999985,1.1789599999999985
2026-08-21 17:00:00+00:00,1.1789599999999985,1.1790899999999984,1.1785099999999984,1.1788299999999985
2026-08-21 18:00:00+00:00,1.1788299999999985,1.1791899999999984,1.1788099999999984,1.1790799999999984
2026-08-21 19:00:00+00:00,1.1790799999999984,1.1791099999999983,1.1785699999999983,1.1786899999999985
2026-08-21 20:00:00+00:00,1.1786899999999985,1.1787299999999985,1.1781899999999983,1.1784099999999984
2026-08-23 21:00:00+00:00,1.16721,1.16773,1.16721,1.16756
2026-08-23 22:00:00+00:00,1.16756,1.16796,1.16724,1.16755
2026-08-23 23:00:00+00:00,1.16755,1.16823,1.16745,1.16823
2026-08-24 00:00:00+00:00,1.16823,1.16871,1.1682,1.16851
2026-08-24 01:00:00+00:00,1.16851,1.16863,1.16766,1.16817
2026-08-24 02:00:00+00:00,1.16817,1.16847,1.16794,1.16819
2026-08-24 03:00:00+00:00,1.16819,1.16821,1.1678,1.16798
2026-08-24 04:00:00+00:00,1.16798,1.16827,1.16753,1.16826
2026-08-24 05:00:00+00:00,1.16826,1.16829,1.1676,1.16804
2026-08-24 06:00:00+00:00,1.16804,1.16806,1.1674,1.16775
2026-08-24 07:00:00+00:00,1.16775,1.16804,1.16646,1.16672
2026-08-24 08:00:00+00:00,1.16672,1.16684,1.16605,1.16631
2026-08-24 09:00:00+00:00,1.16631,1.16669,1.16603,1.16642
2026-08-24 10:00:00+00:00,1.16642,1.16669,1.16619,1.16641
2026-08-24 11:00:00+00:00,1.16641,1.16735,1.16629,1.16668
2026-08-24 12:00:00+00:00,1.16668,1.16737,1.16619,1.16693
2026-08-24 13:00:00+00:00,1.16693,1.16747,1.16636,1.16651
2026-08-24 14:00:00+00:00,1.16651,1.16718,1.1663,1.16655
2026-08-24 15:00:00+00:00,1.16655,1.16723,1.16636,1.16644
2026-08-24 16:00:00+00:00,1.16644,1.16695,1.16627,1.16647
2026-08-24 17:00:00+00:00,1.16647,1.16665,1.16552,1.16593
2026-08-24 18:00:00+00:00,1.16593,1.16653,1.16572,1.16639
2026-08-24 19:00:00+00:00,1.16639,1.16639,1.16592,1.16613
2026-08-24 20:00:00+00:00,1.16613,1.16643,1.16604,1.16637
2026-08-24 21:00:00+00:00,1.16637,1.1665,1.16586,1.16635
2026-08-24 22:00:00+00:00,1.16635,1.16652,1.16635,1.16644
2026-08-24 23:00:00+00:00,1.16644,1.16684,1.1664,1.16678
2026-08-25 00:00:00+00:00,1.16678,1.16707,1.16671,1.16686
2026-08-25 01:00:00+00:00,1.16686,1.16687,1.16618,1.16629
2026-08-25 02:00:00+00:00,1.16629,1.16647,1.16587,1.16604
2026-08-25 03:00:00+00:00,1.16604,1.16622,1.16586,1.16602
2026-08-25 04:00:00+00:00,1.16602,1.16604,1.16547,1.16556
2026-08-25 05:00:00+00:00,1.16556,1.16567,1.1653,1.16536
2026-08-25 06:00:00+00:00,1.16536,1.1659,1.1651,1.16527
2026-08-25 07:00:00+00:00,1.16527,1.16629,1.16526,1.16585
2026-08-25 08:00:00+00:00,1.16585,1.16677,1.16575,1.16673
2026-08-25 09:00:00+00:00,1.16673,1.16737,1.16658,1.1668
2026-08-25 10:00:00+00:00,1.1668,1.16683,1.16592,1.16622
2026-08-25 11:00:00+00:00,1.16622,1.16645,1.16583,1.1659400000000002
2026-08-25 12:00:00+00:00,1.1659400000000002,1.16665,1.1659400000000002,1.16664
2026-08-25 13:00:00+00:00,1.16664,1.16754,1.16643,1.1674
2026-08-25 14:00:00+00:00,1.1674,1.16747,1.16657,1.16696
2026-08-25 15:00:00+00:00,1.16696,1.16758,1.16672,1.16731
2026-08-25 16:00:00+00:00,1.16731,1.16738,1.1668,1.16714
2026-08-25 17:00:00+00:00,1.16714,1.16747,1.16692,1.16742
2026-08-25 18:00:00+00:00,1.16742,1.16752,1.16717,1.16742
2026-08-25 19:00:00+00:00,1.16742,1.16789,1.16686,1.16764
2026-08-25 20:00:00+00:00,1.16764,1.16798,1.16735,1.16742
2026-08-25 21:00:00+00:00,1.16742,1.16755,1.16683,1.167
2026-08-25 22:00:00+00:00,1.167,1.16766,1.167,1.16762
2026-08-25 23:00:00+00:00,1.16766,1.16768,1.16724,1.16743
2026-08-26 00:00:00+00:00,1.16743,1.16757,1.16711,1.16724
2026-08-26 01:00:00+00:00,1.16724,1.1674,1.16688,1.16701
2026-08-26 02:00:00+00:00,1.16701,1.16727,1.16667,1.16676
2026-08-26 03:00:00+00:00,1.16676,1.16685,1.16638,1.16645
2026-08-26 04:00:00+00:00,1.16645,1.16649,1.16604,1.16619
2026-08-26 05:00:00+00:00,1.16619,1.16668,1.16605,1.16642
2026-08-26 06:00:00+00:00,1.16642,1.16675,1.16598,1.16668
2026-08-26 07:00:00+00:00,1.16668,1.1673,1.16668,1.1671
2026-08-26 08:00:00+00:00,1.1671,1.16768,1.16695,1.16711
2026-08-26 09:00:00+00:00,1.16711,1.16712,1.16635,1.16661
2026-08-26 10:00:00+00:00,1.16661,1.16663,1.16609,1.16618
2026-08-26 11:00:00+00:00,1.16618,1.16692,1.16603,1.1669
2026-08-26 12:00:00+00:00,1.1669,1.16748,1.16555,1.16558
2026-08-26 13:00:00+00:00,1.16558,1.16588,1.16514,1.16526
2026-08-26 14:00:00+00:00,1.16526,1.16532,1.1642,1.16451
2026-08-26 15:00:00+00:00,1.16451,1.16543,1.16448,1.16503
2026-08-26 16:00:00+00:00,1.16503,1.16538,1.1648500000000002,1.1649
2026-08-26 17:00:00+00:00,1.1649,1.16538,1.1648,1.16522
2026-08-26 18:00:00+00:00,1.16522,1.16539,1.16498,1.1651
2026-08-26 19:00:00+00:00,1.1651,1.16535,1.1649900000000002,1.16531
2026-08-26 20:00:00+00:00,1.16531,1.16547,1.16513,1.16514
2026-08-26 21:00:00+00:00,1.16514,1.16529,1.16459,1.16523
2026-08-26 22:00:00+00:00,1.16523,1.16556,1.16523,1.16539
2026-08-26 23:00:00+00:00,1.16539,1.16561,1.16535,1.16553
2026-08-27 00:00:00+00:00,1.16553,1.16582,1.16539,1.16564
2026-08-27 01:00:00+00:00,1.16564,1.1659099999999998,1.16553,1.16579
2026-08-27 02:00:00+00:00,1.16579,1.1659499999999998,1.16546,1.1655699999999998
2026-08-27 03:00:00+00:00,1.1655699999999998,1.16563,1.16535,1.1654299999999995
2026-08-27 04:00:00+00:00,1.1654299999999995,1.16559,1.1654099999999998,1.16556
2026-08-27 05:00:00+00:00,1.16556,1.1657699999999998,1.1651699999999998,1.1654399999999998
2026-08-27 06:00:00+00:00,1.1654399999999998,1.1655799999999998,1.16519,1.1653399999999998
2026-08-27 07:00:00+00:00,1.1653399999999998,1.16563,1.1651699999999998,1.16549
2026-08-27 08:00:00+00:00,1.16549,1.1658,1.16477,1.1648299999999998
2026-08-27 09:00:00+00:00,1.1648299999999998,1.16485,1.1640499999999998,1.1640799999999998
2026-08-27 10:00:00+00:00,1.1640799999999998,1.1648199999999995,1.1638499999999998,1.16397
2026-08-27 11:00:00+00:00,1.16397,1.16443,1.16366,1.1641099999999998
2026-08-27 12:00:00+00:00,1.1641099999999998,1.16458,1.16397,1.1641099999999998
2026-08-27 13:00:00+00:00,1.1641099999999998,1.166,1.164,1.1653999999999998
2026-08-27 14:00:00+00:00,1.1653999999999998,1.16579,1.1644599999999998,1.1644799999999995
2026-08-27 15:00:00+00:00,1.1644799999999995,1.1654399999999998,1.1644499999999998,1.1653399999999998
2026-08-27 16:00:00+00:00,1.1653399999999998,1.16545,1.16494,1.16522
2026-08-27 17:00:00+00:00,1.16522,1.1653999999999998,1.1646899999999998,1.1648999999999998
2026-08-27 18:00:00+00:00,1.1648999999999998,1.16501,1.1646,1.1648999999999998
2026-08-27 19:00:00+00:00,1.1648999999999998,1.16505,1.16474,1.16494
2026-08-27 20:00:00+00:00,1.16494,1.16525,1.1649199999999995,1.16516
2026-08-27 21:00:00+00:00,1.16516,1.16543,1.16468,1.16488
2026-08-27 22:00:00+00:00,1.16488,1.16542,1.16488,1.16531
2026-08-27 23:00:00+00:00,1.16531,1.16547,1.16521,1.16534
2026-08-28 00:00:00+00:00,1.16534,1.16542,1.16505,1.16531
2026-08-28 01:00:00+00:00,1.16531,1.16553,1.16494,1.16496
2026-08-28 02:00:00+00:00,1.16496,1.16506,1.16462,1.16506
2026-08-28 03:00:00+00:00,1.16506,1.16513,1.16456,1.16464
2026-08-28 04:00:00+00:00,1.16464,1.16466,1.16448,1.16455
2026-08-28 05:00:00+00:00,1.16455,1.16457,1.16426,1.16443
2026-08-28 06:00:00+00:00,1.16443,1.16492,1.1643,1.16482
2026-08-28 07:00:00+00:00,1.16482,1.16487,1.16416,1.16463
2026-08-28 08:00:00+00:00,1.16463,1.16488,1.16417,1.16443
2026-08-28 09:00:00+00:00,1.16443,1.1645,1.16395,1.16397
2026-08-28 10:00:00+00:00,1.16397,1.16492,1.16392,1.1649
2026-08-28 11:00:00+00:00,1.1649,1.16494,1.16446,1.16451
2026-08-28 12:00:00+00:00,1.16451,1.16502,1.16393,1.16489
2026-08-28 13:00:00+00:00,1.16489,1.16498,1.1637,1.16381
2026-08-28 14:00:00+00:00,1.16381,1.16581,1.15945,1.16174
2026-08-28 15:00:00+00:00,1.16174,1.16205,1.15962,1.15976
2026-08-28 16:00:00+00:00,1.15976,1.15981,1.15847,1.15869
2026-08-28 17:00:00+00:00,1.15869,1.1589,1.15777,1.15807
2026-08-28 18:00:00+00:00,1.15807,1.15846,1.15777,1.15803
2026-08-28 19:00:00+00:00,1.15803,1.15876,1.15796,1.15857
2026-08-28 20:00:00+00:00,1.15857,1.15865,1.15779,1.15781
2026-08-30 21:00:00+00:00,1.15778,1.15801,1.15744,1.15762
2026-08-30 22:00:00+00:00,1.15762,1.1585,1.15762,1.15841
2026-08-30 23:00:00+00:00,1.15841,1.15893,1.15834,1.15886
2026-08-31 00:00:00+00:00,1.15886,1.15937,1.15855,1.15923
2026-08-31 01:00:00+00:00,1.15923,1.15944,1.15871,1.15905
2026-08-31 02:00:00+00:00,1.15905,1.15927,1.15881,1.15924
2026-08-31 03:00:00+00:00,1.15924,1.15936,1.15893,1.15913
2026-08-31 04:00:00+00:00,1.15913,1.15927,1.15885,1.15909
2026-08-31 05:00:00+00:00,1.15909,1.15913,1.15872,1.15903
2026-08-31 06:00:00+00:00,1.15903,1.15913,1.15846,1.15887
2026-08-31 07:00:00+00:00,1.15887,1.16032,1.15846,1.16025
2026-08-31 08:00:00+00:00,1.16025,1.16059,1.15931,1.15941
2026-08-31 09:00:00+00:00,1.15941,1.16009,1.15941,1.15991
2026-08-31 10:00:00+00:00,1.15991,1.16021,1.15966,1.15972
2026-08-31 11:00:00+00:00,1.15972,1.16029,1.15955,1.15963
2026-08-31 12:00:00+00:00,1.15963,1.16,1.15915,1.15951
2026-08-31 13:00:00+00:00,1.15951,1.1601,1.15936,1.15996
2026-08-31 14:00:00+00:00,1.15996,1.16181,1.15951,1.1614
2026-08-31 15:00:00+00:00,1.1614,1.16207,1.16122,1.16164
2026-08-31 16:00:00+00:00,1.16164,1.16177,1.16137,1.16165
2026-08-31 17:00:00+00:00,1.16165,1.16178,1.16145,1.16153
2026-08-31 18:00:00+00:00,1.16153,1.16175,1.16145,1.16155
2026-08-31 19:00:00+00:00,1.16155,1.16183,1.16145,1.16163
2026-08-31 20:00:00+00:00,1.16163,1.16178,1.16142,1.1617
2026-08-31 21:00:00+00:00,1.1617,1.16182,1.1614,1.16174
2026-08-31 22:00:00+00:00,1.16174,1.16193,1.16141,1.16147
2026-08-31 23:00:00+00:00,1.16147,1.16182,1.16124,1.16182
2026-09-01 00:00:00+00:00,1.16182,1.16244,1.16156,1.1618
2026-09-01 01:00:00+00:00,1.1618,1.16188,1.16073,1.161
2026-09-01 02:00:00+00:00,1.161,1.16105,1.1606,1.161
2026-09-01 03:00:00+00:00,1.161,1.161,1.16055,1.16055
2026-09-01 04:00:00+00:00,1.16055,1.16068,1.16027,1.16058
2026-09-01 05:00:00+00:00,1.16058,1.16099,1.16055,1.16083
2026-09-01 06:00:00+00:00,1.16083,1.16087,1.16003,1.1605
2026-09-01 07:00:00+00:00,1.1605,1.16069,1.15918,1.15952
2026-09-01 08:00:00+00:00,1.15952,1.15975,1.15878,1.1594
2026-09-01 09:00:00+00:00,1.1594,1.16012,1.15925,1.15931
2026-09-01 10:00:00+00:00,1.15931,1.15957,1.15899,1.15921
2026-09-01 11:00:00+00:00,1.15921,1.1596,1.15897,1.15926
2026-09-01 12:00:00+00:00,1.15926,1.15945,1.15881,1.1593
2026-09-01 13:00:00+00:00,1.1593,1.16019,1.15891,1.16008
2026-09-01 14:00:00+00:00,1.16008,1.16081,1.15945,1.15963
2026-09-01 15:00:00+00:00,1.15963,1.15987,1.1589,1.15921
2026-09-01 16:00:00+00:00,1.15921,1.15932,1.15847,1.15856
2026-09-01 17:00:00+00:00,1.15856,1.15955,1.15849,1.15874
2026-09-01 18:00:00+00:00,1.15874,1.15908,1.15853,1.15902
2026-09-01 19:00:00+00:00,1.15902,1.15929,1.15881,1.15898
2026-09-01 20:00:00+00:00,1.15898,1.1593,1.15873,1.15925
2026-09-01 21:00:00+00:00,1.15925,1.15925,1.15868,1.15911
2026-09-01 22:00:00+00:00,1.15911,1.1596,1.15911,1.15925
2026-09-01 23:00:00+00:00,1.15925,1.15931,1.15903,1.15903
2026-09-02 00:00:00+00:00,1.15903,1.15917,1.15832,1.15832
2026-09-02 01:00:00+00:00,1.15832,1.15843,1.15768,1.15789
2026-09-02 02:00:00+00:00,1.15789,1.1583,1.1576,1.15816
2026-09-02 03:00:00+00:00,1.15816,1.15825,1.15779,1.15798
2026-09-02 04:00:00+00:00,1.15798,1.15798,1.1574,1.15757
2026-09-02 05:00:00+00:00,1.15757,1.15818,1.15736,1.158
2026-09-02 06:00:00+00:00,1.158,1.15849,1.15673,1.15676
2026-09-02 07:00:00+00:00,1.15676,1.15789,1.15662,1.15777
2026-09-02 08:00:00+00:00,1.15777,1.15821,1.15726,1.15733
2026-09-02 09:00:00+00:00,1.15733,1.15778,1.15706,1.15713
2026-09-02 10:00:00+00:00,1.15713,1.15727,1.15668,1.15725
2026-09-02 11:00:00+00:00,1.15725,1.15792,1.15709,1.15772
2026-09-02 12:00:00+00:00,1.15772,1.15853,1.15756,1.15782
2026-09-02 13:00:00+00:00,1.15782,1.16091,1.15779,1.16043
2026-09-02 14:00:00+00:00,1.16043,1.16043,1.15885,1.15933
2026-09-02 15:00:00+00:00,1.15933,1.1597,1.1589,1.15919
2026-09-02 16:00:00+00:00,1.15919,1.1594,1.15871,1.15871
2026-09-02 17:00:00+00:00,1.15871,1.15898,1.15834,1.15866
2026-09-02 18:00:00+00:00,1.15866,1.15896,1.15843,1.15857
2026-09-02 19:00:00+00:00,1.15857,1.15876,1.15826,1.15872
2026-09-02 20:00:00+00:00,1.15872,1.159,1.15871,1.15881
2026-09-02 21:00:00+00:00,1.15881,1.15881,1.15852,1.15859
2026-09-02 22:00:00+00:00,1.15859,1.15897,1.15856,1.15868
2026-09-02 23:00:00+00:00,1.15868,1.15874,1.15843,1.1585
2026-09-03 00:00:00+00:00,1.1585,1.15908,1.15834,1.15894
2026-09-03 01:00:00+00:00,1.15894,1.15934,1.15849,1.15861
2026-09-03 02:00:00+00:00,1.15861,1.15948,1.15852,1.1591
2026-09-03 03:00:00+00:00,1.1591,1.15978,1.1591,1.15966
2026-09-03 04:00:00+00:00,1.15966,1.16002,1.15945,1.15955
2026-09-03 05:00:00+00:00,1.15955,1.16004,1.15935,1.16
2026-09-03 06:00:00+00:00,1.16,1.16082,1.15961,1.16044
2026-09-03 07:00:00+00:00,1.16044,1.16146,1.16018,1.16039
2026-09-03 08:00:00+00:00,1.16039,1.16115,1.15996,1.16089
2026-09-03 09:00:00+00:00,1.16089,1.16123,1.16012,1.16057
2026-09-03 10:00:00+00:00,1.16057,1.1607,1.15978,1.16039
2026-09-03 11:00:00+00:00,1.16039,1.16145,1.16018,1.16125
2026-09-03 12:00:00+00:00,1.16125,1.16301,1.16083,1.16256
2026-09-03 13:00:00+00:00,1.16256,1.16286,1.16172,1.16268
2026-09-03 14:00:00+00:00,1.16268,1.16275,1.16133,1.16183
2026-09-03 15:00:00+00:00,1.16183,1.16275,1.16173,1.16228
2026-09-03 16:00:00+00:00,1.16228,1.16412,1.16212,1.16367
2026-09-03 17:00:00+00:00,1.16367,1.16385,1.16326,1.16326
2026-09-03 18:00:00+00:00,1.16326,1.16365,1.16316,1.16346
2026-09-03 19:00:00+00:00,1.16346,1.16348,1.16252,1.16286
2026-09-03 20:00:00+00:00,1.16286,1.163,1.16248,1.16257
2026-09-03 21:00:00+00:00,1.16257,1.16257,1.16217,1.16228
2026-09-03 22:00:00+00:00,1.16228,1.16272,1.16226,1.16229
2026-09-03 23:00:00+00:00,1.16229,1.16283,1.16227,1.16278
2026-09-04 00:00:00+00:00,1.16278,1.16312,1.1625,1.16277
2026-09-04 01:00:00+00:00,1.16277,1.16315,1.1627,1.16299
2026-09-04 02:00:00+00:00,1.16299,1.16331,1.1626,1.16274
2026-09-04 03:00:00+00:00,1.16274,1.16285,1.16222,1.16227
2026-09-04 04:00:00+00:00,1.16227,1.16276,1.16226,1.16265
2026-09-04 05:00:00+00:00,1.16265,1.16287,1.16246,1.16279
2026-09-04 06:00:00+00:00,1.16279,1.16302,1.16269,1.16271
2026-09-04 07:00:00+00:00,1.16271,1.16298,1.1621,1.16225
2026-09-04 08:00:00+00:00,1.16225,1.16254,1.16187,1.16251
2026-09-04 09:00:00+00:00,1.16251,1.16251,1.16161,1.16171
2026-09-04 10:00:00+00:00,1.16171,1.16232,1.16167,1.16207
2026-09-04 11:00:00+00:00,1.16207,1.16237,1.16194,1.16205
2026-09-04 12:00:00+00:00,1.16205,1.16266,1.15845,1.16016
2026-09-04 13:00:00+00:00,1.16016,1.1623,1.15963,1.16102
2026-09-04 14:00:00+00:00,1.16102,1.16216,1.16086,1.16154
2026-09-04 15:00:00+00:00,1.16154,1.16231,1.16124,1.16176
2026-09-04 16:00:00+00:00,1.16176,1.16246,1.16175,1.16206
2026-09-04 17:00:00+00:00,1.16206,1.16206,1.1612,1.16125
2026-09-04 18:00:00+00:00,1.16125,1.16134,1.16085,1.16106
2026-09-04 19:00:00+00:00,1.16106,1.16157,1.16101,1.16146
2026-09-04 20:00:00+00:00,1.16146,1.16153,1.16116,1.1613
2026-09-06 21:00:00+00:00,1.16125,1.16125,1.16038,1.16063
2026-09-06 22:00:00+00:00,1.16063,1.16135,1.16061,1.16127
2026-09-06 23:00:00+00:00,1.16127,1.16159,1.16127,1.1613
2026-09-07 00:00:00+00:00,1.1613,1.16201,1.16125,1.16184
2026-09-07 01:00:00+00:00,1.16184,1.16186,1.16131,1.16135
2026-09-07 02:00:00+00:00,1.16135,1.16138,1.16073,1.16091
2026-09-07 03:00:00+00:00,1.16091,1.1612,1.16083,1.16115
2026-09-07 04:00:00+00:00,1.16115,1.16119,1.16083,1.16113
2026-09-07 05:00:00+00:00,1.16113,1.16143,1.1609,1.16142
2026-09-07 06:00:00+00:00,1.16142,1.16193,1.16103,1.16146
2026-09-07 07:00:00+00:00,1.16146,1.16238,1.16113,1.16235
2026-09-07 08:00:00+00:00,1.16235,1.16358,1.16209,1.1621
2026-09-07 09:00:00+00:00,1.1621,1.16259,1.16195,1.16203
2026-09-07 10:00:00+00:00,1.16203,1.16267,1.16197,1.16244
2026-09-07 11:00:00+00:00,1.16244,1.16256,1.16218,1.1623
2026-09-07 12:00:00+00:00,1.1623,1.16283,1.16208,1.16249
2026-09-07 13:00:00+00:00,1.16249,1.16295,1.16239,1.1629
2026-09-07 14:00:00+00:00,1.1629,1.16329,1.1627,1.16311
2026-09-07 15:00:00+00:00,1.16311,1.16319,1.16263,1.16277
2026-09-07 16:00:00+00:00,1.16277,1.16298,1.16258,1.16286
2026-09-07 17:00:00+00:00,1.16286,1.16286,1.16244,1.16255
2026-09-07 18:00:00+00:00,1.16255,1.16257,1.16227,1.16235
2026-09-07 19:00:00+00:00,1.16235,1.16235,1.1621,1.16222
2026-09-07 20:00:00+00:00,1.16222,1.1623,1.16214,1.16224
2026-09-07 21:00:00+00:00,1.16224,1.1623,1.16199,1.16224
2026-09-07 22:00:00+00:00,1.16224,1.16262,1.16224,1.16253
2026-09-07 23:00:00+00:00,1.16253,1.163,1.16251,1.16278
2026-09-08 00:00:00+00:00,1.16278,1.16312,1.1624,1.16264
2026-09-08 01:00:00+00:00,1.16264,1.16333,1.16257,1.16333
2026-09-08 02:00:00+00:00,1.16333,1.16347,1.16235,1.16238
2026-09-08 03:00:00+00:00,1.16238,1.16273,1.16228,1.16243
2026-09-08 04:00:00+00:00,1.16243,1.16256,1.16223,1.16248
2026-09-08 05:00:00+00:00,1.16248,1.16309,1.16233,1.16306
2026-09-08 06:00:00+00:00,1.16306,1.16358,1.16207,1.16207
2026-09-08 07:00:00+00:00,1.16207,1.16232,1.16097,1.16127
2026-09-08 08:00:00+00:00,1.16127,1.16163,1.16084,1.16104
2026-09-08 09:00:00+00:00,1.16104,1.16163,1.1609,1.1614
2026-09-08 10:00:00+00:00,1.1614,1.16163,1.16088,1.16124
2026-09-08 11:00:00+00:00,1.16124,1.16189,1.16078,1.16134
2026-09-08 12:00:00+00:00,1.16134,1.16202,1.16107,1.16202
2026-09-08 13:00:00+00:00,1.16202,1.16275,1.16188,1.1622
2026-09-08 14:00:00+00:00,1.1622,1.16312,1.16189,1.1631
2026-09-08 15:00:00+00:00,1.1631,1.16338,1.16263,1.16263
2026-09-08 16:00:00+00:00,1.16263,1.16266,1.16206,1.16235
2026-09-08 17:00:00+00:00,1.16235,1.16273,1.16234,1.16262
2026-09-08 18:00:00+00:00,1.16262,1.16305,1.1622,1.16287
2026-09-08 19:00:00+00:00,1.16287,1.16304,1.16224,1.16231
2026-09-08 20:00:00+00:00,1.16231,1.16253,1.16217,1.1624
2026-09-08 21:00:00+00:00,1.1624,1.16263,1.16208,1.16247
2026-09-08 22:00:00+00:00,1.16247,1.16276,1.16245,1.16254
2026-09-08 23:00:00+00:00,1.16254,1.16289,1.1625,1.16277
2026-09-09 00:00:00+00:00,1.16277,1.16324,1.16277,1.16324
2026-09-09 01:00:00+00:00,1.16324,1.16324,1.16275,1.16312
2026-09-09 02:00:00+00:00,1.16312,1.16318,1.1628,1.16309
2026-09-09 03:00:00+00:00,1.16309,1.16321,1.1629,1.16301
2026-09-09 04:00:00+00:00,1.16301,1.16333,1.16297,1.16329
2026-09-09 05:00:00+00:00,1.16329,1.16368,1.16319,1.16342
2026-09-09 06:00:00+00:00,1.16342,1.16448,1.16342,1.16381
2026-09-09 07:00:00+00:00,1.16381,1.16491,1.16372,1.16427
2026-09-09 08:00:00+00:00,1.16427,1.16431,1.16325,1.16328
2026-09-09 09:00:00+00:00,1.16328,1.16346,1.16223,1.16235
2026-09-09 10:00:00+00:00,1.16235,1.16333,1.16218,1.16303
2026-09-09 11:00:00+00:00,1.16303,1.16486,1.16301,1.16457
2026-09-09 12:00:00+00:00,1.16457,1.16541,1.16426,1.16465
2026-09-09 13:00:00+00:00,1.16465,1.16498,1.16448,1.16474
2026-09-09 14:00:00+00:00,1.16474,1.16529,1.16444,1.1648
2026-09-09 15:00:00+00:00,1.1648,1.16514,1.16201,1.16271
2026-09-09 16:00:00+00:00,1.16271,1.16396,1.16269,1.16359
2026-09-09 17:00:00+00:00,1.16359,1.16411,1.16351,1.16382
2026-09-09 18:00:00+00:00,1.16382,1.16396,1.1628,1.16294
2026-09-09 19:00:00+00:00,1.16294,1.16316,1.16257,1.1631
2026-09-09 20:00:00+00:00,1.1631,1.16336,1.16277,1.16332
2026-09-09 21:00:00+00:00,1.16332,1.16358,1.16286,1.16338
2026-09-09 22:00:00+00:00,1.16338,1.16385,1.16333,1.16374
2026-09-09 23:00:00+00:00,1.16374,1.1638,1.16326,1.16337
2026-09-10 00:00:00+00:00,1.16337,1.16345,1.16294,1.1631
2026-09-10 01:00:00+00:00,1.1631,1.164,1.16306,1.16396
2026-09-10 02:00:00+00:00,1.16396,1.1641,1.16341,1.16398
2026-09-10 03:00:00+00:00,1.16398,1.16401,1.16362,1.16386
2026-09-10 04:00:00+00:00,1.16386,1.16403,1.16363,1.16368
2026-09-10 05:00:00+00:00,1.16368,1.16402,1.16368,1.16402
2026-09-10 06:00:00+00:00,1.16402,1.16402,1.16365,1.16398
2026-09-10 07:00:00+00:00,1.16398,1.16417,1.16356,1.16398
2026-09-10 08:00:00+00:00,1.16398,1.16399,1.16343,1.16379
2026-09-10 09:00:00+00:00,1.16379,1.16403,1.16312,1.16347
2026-09-10 10:00:00+00:00,1.16347,1.1638,1.16233,1.16276
2026-09-10 11:00:00+00:00,1.16276,1.16285,1.16151,1.16171
2026-09-10 12:00:00+00:00,1.16171,1.16274,1.15923,1.16045
2026-09-10 13:00:00+00:00,1.16045,1.16189,1.15975,1.16112
2026-09-10 14:00:00+00:00,1.16112,1.16295,1.16111,1.16293
2026-09-10 15:00:00+00:00,1.16293,1.16312,1.16242,1.16279
2026-09-10 16:00:00+00:00,1.16279,1.16287,1.16185,1.16194
2026-09-10 17:00:00+00:00,1.16194,1.1623,1.16165,1.16193
2026-09-10 18:00:00+00:00,1.16193,1.16195,1.16126,1.16137
2026-09-10 19:00:00+00:00,1.16137,1.16137,1.16089,1.16102
2026-09-10 20:00:00+00:00,1.16102,1.16118,1.16053,1.16114
2026-09-10 21:00:00+00:00,1.16114,1.16114,1.16054,1.16083
2026-09-10 22:00:00+00:00,1.16083,1.16114,1.16067,1.16101
2026-09-10 23:00:00+00:00,1.16101,1.16111,1.16081,1.1611
2026-09-11 00:00:00+00:00,1.1611,1.16153,1.16108,1.16151
2026-09-11 01:00:00+00:00,1.16151,1.16174,1.16109,1.16124
2026-09-11 02:00:00+00:00,1.16124,1.16126,1.16054,1.16073
2026-09-11 03:00:00+00:00,1.16073,1.16077,1.15996,1.16015
2026-09-11 04:00:00+00:00,1.16015,1.1608,1.16002,1.16044
2026-09-11 05:00:00+00:00,1.16044,1.16137,1.16043,1.16098
2026-09-11 06:00:00+00:00,1.16098,1.16137,1.16089,1.16099
2026-09-11 07:00:00+00:00,1.16099,1.16111,1.16014,1.16055
2026-09-11 08:00:00+00:00,1.16055,1.16079,1.15982,1.1599
2026-09-11 09:00:00+00:00,1.1599,1.16022,1.1595,1.15961
2026-09-11 10:00:00+00:00,1.15961,1.15993,1.159,1.15921
2026-09-11 11:00:00+00:00,1.15921,1.15956,1.15906,1.15914
2026-09-11 12:00:00+00:00,1.15914,1.16037,1.15691,1.16029
2026-09-11 13:00:00+00:00,1.16029,1.16134,1.15984,1.16121
2026-09-11 14:00:00+00:00,1.16121,1.16151,1.16057,1.1614
2026-09-11 15:00:00+00:00,1.1614,1.16153,1.16002,1.16034
2026-09-11 16:00:00+00:00,1.16034,1.16073,1.15984,1.15996
2026-09-11 17:00:00+00:00,1.15996,1.16007,1.1596,1.15982
2026-09-11 18:00:00+00:00,1.15982,1.15996,1.15916,1.15956
2026-09-11 19:00:00+00:00,1.15956,1.15976,1.15932,1.15959
2026-09-11 20:00:00+00:00,1.15959,1.15978,1.15916,1.15978
