datetime,open,high,low,close
2026-03-12 02:00:00+00:00,1.8337201569010642,1.8350167892440046,1.8337201569010642,1.8345788043478222
2026-03-12 03:00:00+00:00,1.8348712373445637,1.8357902466886027,1.8342819109197315,1.8342819109197315
2026-03-12 04:00:00+00:00,1.8344903476477021,1.8364056866879768,1.8344903476477021,1.836315639075232
2026-03-12 05:00:00+00:00,1.8361815609012697,1.8381502103271263,1.8348782211590697,1.8372868438601468
2026-03-12 06:00:00+00:00,1.8376274277625755,1.8399095318545933,1.8369506092254095,1.838439770346381
2026-03-12 07:00:00+00:00,1.8385736248486377,1.838985702430991,1.8363174482421307,1.8376020761715792
2026-03-12 08:00:00+00:00,1.8371903520208568,1.8371903520208568,1.8353824024317391,1.8357813497832751
2026-03-12 09:00:00+00:00,1.836224004349595,1.8382932999646324,1.8358993871366607,1.837075370468464
2026-03-12 10:00:00+00:00,1.8369278826565223,1.8381083175829067,1.836301155888781,1.837715543597893
2026-03-12 11:00:00+00:00,1.8375224172599276,1.8381331629948725,1.8362968086693483,1.8377864410002813
2026-03-12 12:00:00+00:00,1.8379483695652137,1.8384622706936606,1.8358541590226494,1.8366209437322385
2026-03-12 13:00:00+00:00,1.836922533104926,1.8438908465131485,1.8365358482361216,1.8438908465131485
2026-03-12 14:00:00+00:00,1.8434415823743768,1.844623803009572,1.8418244828903525,1.8438636301500906
2026-03-12 15:00:00+00:00,1.8446593971898007,1.8465206785978532,1.8424949456313822,1.8431321611200702
2026-03-12 16:00:00+00:00,1.8435230893352803,1.8452389099519542,1.84225987156715,1.8433431790832475
2026-03-12 17:00:00+00:00,1.8430493273542563,1.8455854179210647,1.8429299345655192,1.8452972159518395
2026-03-12 18:00:00+00:00,1.8450238004048767,1.8457104520934267,1.8444070302233861,1.8444070302233861
2026-03-12 19:00:00+00:00,1.8443659658344245,1.8458262584214236,1.8441981390257214,1.8458030946186461
2026-03-12 20:00:00+00:00,1.8455460458746966,1.846360336917068,1.8449383121773504,1.8454016298020914
2026-03-12 21:00:00+00:00,1.8444563162653038,1.8464805908387074,1.8441540653079076,1.8458365876049887
2026-03-12 22:00:00+00:00,1.8463045682497015,1.8469761131439335,1.8455756513643355,1.8456409835167802
2026-03-12 23:00:00+00:00,1.8458315648233046,1.8468271035077828,1.8455030800821315,1.846751218977698
2026-03-13 00:00:00+00:00,1.8470228965819415,1.8480089890103824,1.8454247025030734,1.846254873794373
2026-03-13 01:00:00+00:00,1.8458740187631588,1.8467888777843147,1.8449932350248006,1.845873819625013
2026-03-13 02:00:00+00:00,1.8456433692737084,1.847099284755141,1.8447750174325557,1.8465046217048915
2026-03-13 03:00:00+00:00,1.8462802448342401,1.8489905713462211,1.8458336756209055,1.8473293951563121
2026-03-13 04:00:00+00:00,1.847311503721264,1.8480513953903346,1.8470131863914205,1.8473771594011952
2026-03-13 05:00:00+00:00,1.8473190274957425,1.8480925775941315,1.8469599089275635,1.847486930391467
2026-03-13 06:00:00+00:00,1.8473515975470856,1.8516305769310146,1.8469748936753971,1.8514449354976348
2026-03-13 07:00:00+00:00,1.8504013990443495,1.8510482758620648,1.8492994034251347,1.8494932083017266
2026-03-13 08:00:00+00:00,1.849335852908312,1.8503700022089644,1.844075731497414,1.844075731497414
2026-03-13 09:00:00+00:00,1.844070923157398,1.8459620999283823,1.843088726642738,1.844677041729785
2026-03-13 10:00:00+00:00,1.8446179479764768,1.8450050926308212,1.84285223131403,1.8436123348017581
2026-03-13 11:00:00+00:00,1.8427910944767,1.8439364501949718,1.8402248920902828,1.8402248920902828
2026-03-13 12:00:00+00:00,1.8400522300872753,1.8426153782702497,1.8400522300872753,1.8407080861349114
2026-03-13 13:00:00+00:00,1.8418601456243948,1.844753320030272,1.8418601456243948,1.8438135826230369
2026-03-13 14:00:00+00:00,1.8434410790150235,1.847335302072692,1.843158025064997,1.8466748513649551
2026-03-13 15:00:00+00:00,1.846511499565399,1.849948114839152,1.8461336864465185,1.849948114839152
2026-03-13 16:00:00+00:00,1.849527525283965,1.85021520406327,1.8479772221531106,1.849773893321897
2026-03-13 17:00:00+00:00,1.8496964332637185,1.8508654205348827,1.8485970462677659,1.8507318152892636
2026-03-13 18:00:00+00:00,1.8507532891551222,1.8511235955056138,1.8495673090215337,1.850188820185081
2026-03-13 19:00:00+00:00,1.8501971090670128,1.8512991062149202,1.8501377868250828,1.8512908634858123
2026-03-13 20:00:00+00:00,1.8514365705256988,1.8533583125173425,1.8514365705256988,1.852437399367049
2026-03-15 21:00:00+00:00,1.8497466860989615,1.8513487235047321,1.8470834720834683,1.8490979739106264
2026-03-15 22:00:00+00:00,1.8486358211440748,1.8498888888888854,1.8485340212476733,1.849008184214173
2026-03-15 23:00:00+00:00,1.8482772963604814,1.8494990702966685,1.8472641640116323,1.8477459754509398
2026-03-16 00:00:00+00:00,1.8469983939746322,1.8479792875240524,1.8458698087374978,1.8473350025591686
2026-03-16 01:00:00+00:00,1.8472977272412847,1.8500062410717961,1.8469485126332785,1.8475249442991344
2026-03-16 02:00:00+00:00,1.8476955017301,1.8481801562240283,1.8471013189033552,1.8481801562240283
2026-03-16 03:00:00+00:00,1.8481117835232823,1.8489008325137446,1.8475725334477044,1.8483665559246916
2026-03-16 04:00:00+00:00,1.848364456872323,1.8486317977138862,1.847628015176268,1.8485390082713293
2026-03-16 05:00:00+00:00,1.8484084549962563,1.848439512945182,1.8451198937964948,1.8458356391809592
2026-03-16 06:00:00+00:00,1.8456015604465497,1.8457685975567537,1.8445123637771714,1.8449794642733635
2026-03-16 07:00:00+00:00,1.845026206972849,1.8458097928436874,1.8439355151179648,1.8452894940772684
2026-03-16 08:00:00+00:00,1.8446048737310836,1.8458026672569272,1.8437988085529822,1.84410199709764
2026-03-16 09:00:00+00:00,1.84426716807919,1.8449410853570798,1.8428650366072625,1.8428847747996648
2026-03-16 10:00:00+00:00,1.8432594516913519,1.8434447407325496,1.8398386408381828,1.8398386408381828
2026-03-16 11:00:00+00:00,1.8400033051477638,1.8410449199922847,1.8387389742813465,1.8407908142192326
2026-03-16 12:00:00+00:00,1.8406365726400382,1.8407242807413384,1.8399185560202473,1.8404713721279167
2026-03-16 13:00:00+00:00,1.840013759889917,1.8407057722480629,1.8387641838613034,1.839091345823893
2026-03-16 14:00:00+00:00,1.8388686081299885,1.8417772029280606,1.8383404471405205,1.8400632215502988
2026-03-16 15:00:00+00:00,1.8399906563886905,1.843203656286993,1.8399136971429317,1.8426751417093132
2026-03-16 16:00:00+00:00,1.8424781926749363,1.8435696478009906,1.8420415795842005,1.84316990271222
2026-03-16 17:00:00+00:00,1.842538626491446,1.8433322330417523,1.8422630507728661,1.8426751417093132
2026-03-16 18:00:00+00:00,1.8426620080608516,1.8428545931326072,1.841378269755699,1.8417369829182924
2026-03-16 19:00:00+00:00,1.8416504348303167,1.842426156571409,1.8411835748792231,1.8413800675211998
2026-03-16 20:00:00+00:00,1.8414552141514187,1.8418046516736652,1.8408488791884547,1.8410279642518805
2026-03-16 21:00:00+00:00,1.8410124009503241,1.84101331868735,1.8393739025460891,1.8399418070023705
2026-03-16 22:00:00+00:00,1.8395691843314772,1.840661906069757,1.8395691843314772,1.8404069807356922
2026-03-16 23:00:00+00:00,1.8404822056238979,1.8404873425545611,1.8395959706859126,1.8398446079507977
2026-03-17 00:00:00+00:00,1.840303242552837,1.8404027361885624,1.8392960105433638,1.8397895546580911
2026-03-17 01:00:00+00:00,1.8394044283281101,1.8394714067887374,1.8355072066641056,1.8355072066641056
2026-03-17 02:00:00+00:00,1.8354387022524212,1.8367861794748708,1.8347324742197413,1.8367861794748708
2026-03-17 03:00:00+00:00,1.83661465902547,1.8433905673875917,1.8352275839404024,1.8386853196776414
2026-03-17 04:00:00+00:00,1.8388390037619757,1.840047263134751,1.8367089648367874,1.8382437659451858
2026-03-17 05:00:00+00:00,1.8382946034184713,1.8382946034184713,1.8338352039419614,1.8363349347975253
2026-03-17 06:00:00+00:00,1.8366792079751697,1.8379552610231904,1.8353478672465557,1.8357135997585394
2026-03-17 07:00:00+00:00,1.8362381292199557,1.8400642654106492,1.835898702225145,1.8388699758401015
2026-03-17 08:00:00+00:00,1.8386167146974022,1.8399967049261317,1.8376971241453919,1.8380840193406072
2026-03-17 09:00:00+00:00,1.8380832386091255,1.8388400317799474,1.8367690538764747,1.8374002655024664
2026-03-17 10:00:00+00:00,1.8377390518692895,1.8382092988201726,1.8367302243453703,1.8369392561757094
2026-03-17 11:00:00+00:00,1.8368685554657829,1.8382300594178649,1.8366346127503315,1.8373919120770656
2026-03-17 12:00:00+00:00,1.837433360286153,1.8376511226252121,1.834921329268789,1.834921329268789
2026-03-17 13:00:00+00:00,1.835187665728106,1.835187665728106,1.8323381049761378,1.833328785067129
2026-03-17 14:00:00+00:00,1.8336291159285716,1.836452555941091,1.8330946242719337,1.8356738886915624
2026-03-17 15:00:00+00:00,1.8360380296696959,1.8382534162171007,1.8356520075436589,1.8356520075436589
2026-03-17 16:00:00+00:00,1.8356570709970166,1.835915810779389,1.8346306158678098,1.8355646020600493
2026-03-17 17:00:00+00:00,1.8354871318507153,1.8354871318507153,1.8342316771966178,1.83482045404933
2026-03-17 18:00:00+00:00,1.834920461676986,1.8366499583430043,1.8346698306194216,1.8362285589424197
2026-03-17 19:00:00+00:00,1.8365913965274605,1.8371117970008979,1.836001092597647,1.836001092597647
2026-03-17 20:00:00+00:00,1.836001092597647,1.8364152850236233,1.8356183089359812,1.8362220856381855
2026-03-17 21:00:00+00:00,1.836259547199712,1.8378655510438415,1.8353675185670557,1.836692033391167
2026-03-17 22:00:00+00:00,1.836039160533606,1.836039160533606,1.8351436914931323,1.8352438658260286
2026-03-17 23:00:00+00:00,1.8351232958965011,1.8357019016805192,1.834718299289092,1.8347478441218166
2026-03-18 00:00:00+00:00,1.8351828344457597,1.8356819050740034,1.8341042118619741,1.8344002074603807
2026-03-18 01:00:00+00:00,1.8334129008497773,1.8335265950916022,1.8319501791968122,1.8331196814313733
2026-03-18 02:00:00+00:00,1.8332696923412573,1.8359856297894965,1.8332492397485332,1.835917118544517
2026-03-18 03:00:00+00:00,1.8357073597093774,1.8360837135597345,1.834067627842261,1.834140353270132
2026-03-18 04:00:00+00:00,1.834012900410464,1.8349662945880263,1.8331039182282758,1.8340968586387394
2026-03-18 05:00:00+00:00,1.8342241614398647,1.835072214721161,1.8337126115691176,1.834328154810571
2026-03-18 06:00:00+00:00,1.8341282603363187,1.8344305867920627,1.8332197754278818,1.8332197754278818
2026-03-18 07:00:00+00:00,1.833176608474041,1.834621834989974,1.832699308708631,1.83339697779717
2026-03-18 08:00:00+00:00,1.8332242225859208,1.8348562453049193,1.8332242225859208,1.8338564410480311
2026-03-18 09:00:00+00:00,1.8338223853912143,1.83439603500771,1.833290136003379,1.834181203202353
2026-03-18 10:00:00+00:00,1.834197244577816,1.8356796613640982,1.8341335661283242,1.835654596100275
2026-03-18 11:00:00+00:00,1.836014530358065,1.8377040662856479,1.8360004369316434,1.8372474281732818
2026-03-18 12:00:00+00:00,1.8372769747807272,1.8416648345608402,1.8372769747807272,1.8416648345608402
2026-03-18 13:00:00+00:00,1.8416286483812419,1.8431496669785838,1.8408781974708532,1.8410787812242622
2026-03-18 14:00:00+00:00,1.841210141247199,1.841210141247199,1.8381333955351837,1.8384201077199243
2026-03-18 15:00:00+00:00,1.8382232084155121,1.8385894731073749,1.836917979820102,1.8379634071129958
2026-03-18 16:00:00+00:00,1.8380667799769683,1.8387490235311814,1.8376302422060011,1.8387370728032286
2026-03-18 17:00:00+00:00,1.8388400317799471,1.8398997232800858,1.838327373367856,1.8393189787420512
2026-03-18 18:00:00+00:00,1.8384558541792066,1.8404487893412491,1.8384200585771726,1.839769507935194
2026-03-18 19:00:00+00:00,1.8400280531910462,1.8422844696865226,1.8393384930508743,1.842016042338539
2026-03-18 20:00:00+00:00,1.842171282065415,1.8436446532191175,1.8417285040412632,1.8425427332725777
2026-03-18 21:00:00+00:00,1.8420071526214727,1.8423341940650892,1.8392128761988713,1.8408987524984455
2026-03-18 22:00:00+00:00,1.8409567135373546,1.8420072040740245,1.8408168897474777,1.8420072040740245
2026-03-18 23:00:00+00:00,1.8423842522293659,1.842433611218458,1.8413939569456472,1.8413939569456472
2026-03-19 00:00:00+00:00,1.8412882234538241,1.842627201633032,1.8397411181492667,1.8404734053533303
2026-03-19 01:00:00+00:00,1.8401799471714688,1.8420943908115588,1.8401799471714688,1.8407692413584198
2026-03-19 02:00:00+00:00,1.8410057973808467,1.8418463658284494,1.8390864618259726,1.8405162923822065
2026-03-19 03:00:00+00:00,1.8405591711498466,1.8406532926057368,1.8389810703435339,1.8395085508303142
2026-03-19 04:00:00+00:00,1.839780906376006,1.8403950522052914,1.8390355343921128,1.8403950522052914
2026-03-19 05:00:00+00:00,1.8401713286231696,1.840863031639894,1.8391723910080768,1.8403997243280459
2026-03-19 06:00:00+00:00,1.840341809661632,1.840974883515753,1.839306867957791,1.8394534585824047
2026-03-19 07:00:00+00:00,1.8395427312168544,1.8424720868929116,1.8379684445301059,1.8420871100809806
2026-03-19 08:00:00+00:00,1.8411746044882102,1.8414139463009425,1.8375425398531215,1.8379506536803056
2026-03-19 09:00:00+00:00,1.8380477593852382,1.838527614118162,1.8366741721126878,1.8370169919916441
2026-03-19 10:00:00+00:00,1.8374694258938593,1.838306063522614,1.8367790179798718,1.8379485769283614
2026-03-19 11:00:00+00:00,1.8381618931070953,1.8423059976868386,1.8380533406653796,1.8416336306574126
2026-03-19 12:00:00+00:00,1.8438829604130766,1.8492953854655942,1.843195592286498,1.8488723777430942
2026-03-19 13:00:00+00:00,1.849528914430964,1.8533231791747402,1.8486335549688244,1.850591491881615
2026-03-19 14:00:00+00:00,1.8503274988991594,1.8515113506360998,1.848869823461471,1.8511159424278245
2026-03-19 15:00:00+00:00,1.8510500674355195,1.853440313219457,1.850443669129965,1.8528949761622577
2026-03-19 16:00:00+00:00,1.8526105524176846,1.8526105524176846,1.8499807544264784,1.8513413124226126
2026-03-19 17:00:00+00:00,1.8511422559038293,1.8545624759072599,1.8511422559038293,1.8538706752040417
2026-03-19 18:00:00+00:00,1.854095950087261,1.8542989908988379,1.8510874480943924,1.8510874480943924
2026-03-19 19:00:00+00:00,1.8507258285401222,1.8511675015740017,1.8486581670261233,1.8503072690691558
2026-03-19 20:00:00+00:00,1.8500814254238873,1.8506947771921378,1.8492713963193503,1.8497188128566109
2026-03-19 21:00:00+00:00,1.8498158971761736,1.8506931614457134,1.848323525386612,1.8484811165845614
2026-03-19 22:00:00+00:00,1.8486473178871317,1.8502947330990023,1.8486473178871317,1.8499904164727112
2026-03-19 23:00:00+00:00,1.849842616668944,1.8504437383587125,1.8485718975705807,1.850264303908408
2026-03-20 00:00:00+00:00,1.8499739847194423,1.8512422743281542,1.8495065226616259,1.8496796451453883
2026-03-20 01:00:00+00:00,1.8486738616001168,1.8489610425164913,1.8470638111648991,1.8481542820382935
2026-03-20 02:00:00+00:00,1.8481206712474985,1.8486001779724792,1.8463400623666468,1.8465431862329313
2026-03-20 03:00:00+00:00,1.8466632008099124,1.8475843558282175,1.8460885982433544,1.8470016429353744
2026-03-20 04:00:00+00:00,1.8469531645742883,1.8477835143314902,1.8454319095958591,1.8454519337318869
2026-03-20 05:00:00+00:00,1.8457412601765035,1.8461506888672992,1.8442552377307917,1.846065400988266
2026-03-20 06:00:00+00:00,1.8458338464906845,1.847877600778004,1.8456299659477828,1.8475128738906506
2026-03-20 07:00:00+00:00,1.8477197693055845,1.848189243545714,1.8461485895473397,1.8479631326322665
2026-03-20 08:00:00+00:00,1.8480100624803433,1.8491882206507877,1.8475858295718746,1.8478147833939924
2026-03-20 09:00:00+00:00,1.847988832167733,1.848831304300083,1.8471640237723514,1.8484499155996506
2026-03-20 10:00:00+00:00,1.8481874459528054,1.8496296398092504,1.8475060034305282,1.8478332464253338
2026-03-20 11:00:00+00:00,1.8477607433535974,1.8477607433535974,1.8459527166696295,1.8463213542237285
2026-03-20 12:00:00+00:00,1.846339225808215,1.846884711745133,1.8453548996264177,1.8458396721625996
2026-03-20 13:00:00+00:00,1.8459735453361625,1.8500454157606416,1.8453370647789906,1.849676531314518
2026-03-20 14:00:00+00:00,1.8494391301355688,1.8495517948859141,1.8458527981038175,1.8458527981038175
2026-03-20 15:00:00+00:00,1.845695163600305,1.8475479597317253,1.8452107068564072,1.8456575682382097
2026-03-20 16:00:00+00:00,1.8456756086129382,1.8475513101489993,1.845472820399842,1.8469547971242013
2026-03-20 17:00:00+00:00,1.8467173386208382,1.850552844183414,1.8464153956279905,1.8499352278051837
2026-03-20 18:00:00+00:00,1.850175704540753,1.8547958845004942,1.850175704540753,1.8546500373330348
2026-03-20 19:00:00+00:00,1.8542403803626677,1.8552738939827649,1.8536646031395057,1.8539418972495787
2026-03-20 20:00:00+00:00,1.8537238817306727,1.8548529736900254,1.8530000414084358,1.8543844868306527
2026-03-22 21:00:00+00:00,1.8541318490076069,1.8545738318531477,1.8520676561960616,1.853037880253084
2026-03-22 22:00:00+00:00,1.8534189805221681,1.8536043188313716,1.8514664534979843,1.853049461535276
2026-03-22 23:00:00+00:00,1.8531415489849923,1.8539029972150955,1.8527514336127004,1.8537187120961482
2026-03-23 00:00:00+00:00,1.85393692104102,1.8559975672462852,1.8531380868415217,1.8557398787242532
2026-03-23 01:00:00+00:00,1.8558189000303826,1.858554176914358,1.8542396249827624,1.857480282332137
2026-03-23 02:00:00+00:00,1.8574013203325657,1.859417620913581,1.8566004914818972,1.8589654886115152
2026-03-23 03:00:00+00:00,1.858797321230902,1.860030458258338,1.8582373359516495,1.8584594946168076
2026-03-23 04:00:00+00:00,1.8579806362378941,1.8604599642773043,1.8579806362378941,1.8602217515883854
2026-03-23 05:00:00+00:00,1.8598458110146818,1.862204342096133,1.8596534927488064,1.8614737835250335
2026-03-23 06:00:00+00:00,1.8615794513134305,1.8621087131627883,1.8604986949519595,1.8614675331889095
2026-03-23 07:00:00+00:00,1.8622399377795027,1.863585227982941,1.8608664289974859,1.8621139928042527
2026-03-23 08:00:00+00:00,1.8618918018218138,1.8643719924003903,1.8600894873180087,1.861300610094284
2026-03-23 09:00:00+00:00,1.8617016850426427,1.8629522672368277,1.861356604742147,1.8621394882924962
2026-03-23 10:00:00+00:00,1.8621668638229731,1.8691503925348496,1.8618842193153315,1.866360668545436
2026-03-23 11:00:00+00:00,1.8659024669148887,1.8665163690681974,1.853212144546501,1.8631095621386848
2026-03-23 12:00:00+00:00,1.8637860879674446,1.8645289860086598,1.8595866882849177,1.861655189476719
2026-03-23 13:00:00+00:00,1.8618741235667704,1.8646622768873944,1.8597723586176524,1.8597723586176524
2026-03-23 14:00:00+00:00,1.8594265449747052,1.8614417400594412,1.857743450693614,1.859344999725708
2026-03-23 15:00:00+00:00,1.8593017196456454,1.865912851627134,1.858535783736405,1.8650631372440627
2026-03-23 16:00:00+00:00,1.8646849186396628,1.868049023405076,1.8639412592817477,1.8645430967884307
2026-03-23 17:00:00+00:00,1.8641251895767232,1.8657173184819587,1.8622335304634816,1.8651448566587188
2026-03-23 18:00:00+00:00,1.8654791916353233,1.867287993051435,1.8650893115368161,1.866056080421356
2026-03-23 19:00:00+00:00,1.8662915474356117,1.8674532723162562,1.8658779833551102,1.866832958946016
2026-03-23 20:00:00+00:00,1.8671611133321349,1.8672760360658416,1.866066628992016,1.866066628992016
2026-03-23 21:00:00+00:00,1.8677814692785917,1.8677814692785917,1.864223366467491,1.8674386545354253
2026-03-23 22:00:00+00:00,1.8674926269948424,1.8677078738420785,1.8639895482362616,1.8643235435724566
2026-03-23 23:00:00+00:00,1.8648522208156715,1.8664865907775388,1.8645168390931068,1.86591547743677
2026-03-24 00:00:00+00:00,1.8664379314621107,1.870539235356789,1.8664379314621107,1.8679680592396073
2026-03-24 01:00:00+00:00,1.8678843815629456,1.871555186262287,1.866311415436859,1.871555186262287
2026-03-24 02:00:00+00:00,1.8719127893286018,1.8729292481577893,1.8705135475304595,1.872885933928939
2026-03-24 03:00:00+00:00,1.873064029036098,1.8732628545300838,1.87170934256055,1.8726157000180044
2026-03-24 04:00:00+00:00,1.8726416401163561,1.87318634719585,1.8718506309126381,1.872500796696822
2026-03-24 05:00:00+00:00,1.8725544532505645,1.8739317425083206,1.8719898079293171,1.8730325870095286
2026-03-24 06:00:00+00:00,1.8732991547734479,1.8738108755556135,1.86958504331965,1.869603061661528
2026-03-24 07:00:00+00:00,1.8692871842326941,1.8720669927866642,1.866614363971698,1.8714903255210096
2026-03-24 08:00:00+00:00,1.8713539940338049,1.8737409424054718,1.8703424837323643,1.8727250045049382
2026-03-24 09:00:00+00:00,1.8726589683518826,1.8747675483638144,1.8709436260936947,1.8718750865147664
2026-03-24 10:00:00+00:00,1.8724682624285263,1.8730726071235575,1.871015956931505,1.8714613830699802
2026-03-24 11:00:00+00:00,1.8709338349192262,1.8740325667840962,1.8709338349192262,1.8720587216951698
2026-03-24 12:00:00+00:00,1.8724515235457027,1.8763602043082352,1.8721957569379017,1.8748126977079715
2026-03-24 13:00:00+00:00,1.8743981462209791,1.8743981462209791,1.8709212386681786,1.8709212386681786
2026-03-24 14:00:00+00:00,1.8705543317123148,1.8736081645104448,1.8705543317123148,1.873217774452339
2026-03-24 15:00:00+00:00,1.8724759715259083,1.8735393188339466,1.8696073679108058,1.8711921722981366
2026-03-24 16:00:00+00:00,1.8711032255381637,1.871835399162573,1.8701527045174473,1.8712100216174234
2026-03-24 17:00:00+00:00,1.871068310932517,1.8752520406602389,1.871068310932517,1.8737731998833895
2026-03-24 18:00:00+00:00,1.873520145452523,1.873520145452523,1.8702890621753727,1.870954333850584
2026-03-24 19:00:00+00:00,1.8705255140898673,1.8705255140898673,1.8690214308443636,1.8703390769571688
2026-03-24 20:00:00+00:00,1.8701800554016585,1.8705848131423628,1.865376136676767,1.8675849504513176
2026-03-24 21:00:00+00:00,1.8667135936400112,1.8692082273581743,1.8662387853692168,1.867685426761085
2026-03-24 22:00:00+00:00,1.8674615660622085,1.8684831670048414,1.8666583888635921,1.8671843749568924
2026-03-24 23:00:00+00:00,1.867291060319734,1.8685565942639328,1.8668036743813927,1.8677633485599112
2026-03-25 00:00:00+00:00,1.8681685785673823,1.8700550929953152,1.867540811824395,1.869576617354821
2026-03-25 01:00:00+00:00,1.868604779513215,1.8714269917620352,1.868604779513215,1.8710787905600603
2026-03-25 02:00:00+00:00,1.871297397461069,1.8721110465277166,1.8699680555363454,1.8717867080109047
2026-03-25 03:00:00+00:00,1.8714758273241856,1.8722287613376687,1.8700078850170805,1.8700680648552894
2026-03-25 04:00:00+00:00,1.869657232965388,1.8703596046839928,1.8692260883996201,1.8698913569995121
2026-03-25 05:00:00+00:00,1.8700353014466637,1.8703121755381706,1.8682228498643147,1.8683022734195405
2026-03-25 06:00:00+00:00,1.86859959569106,1.8697590695098276,1.86859959569106,1.8691438697530147
2026-03-25 07:00:00+00:00,1.8700094135887888,1.8719742840120228,1.8692307692307657,1.8715625562805611
2026-03-25 08:00:00+00:00,1.8720101992738525,1.8728888642781958,1.8698433312149392,1.8703798448540458
2026-03-25 09:00:00+00:00,1.8703780524903861,1.872932695640116,1.8694991154356444,1.8718975069252044
2026-03-25 10:00:00+00:00,1.8720057600177196,1.8749514670808107,1.8716063739945414,1.8742640233850043
2026-03-25 11:00:00+00:00,1.8745410969341776,1.8758200757313028,1.8738333287174198,1.8750883220881385
2026-03-25 12:00:00+00:00,1.8750779031922962,1.8763517734434616,1.873314018769317,1.8740170584564142
2026-03-25 13:00:00+00:00,1.873490886409311,1.8740085290808282,1.8721068825013134,1.8740085290808282
2026-03-25 14:00:00+00:00,1.8737978764800676,1.8737978764800676,1.8695176198328747,1.870995898913763
2026-03-25 15:00:00+00:00,1.8709744442135847,1.8727929429742272,1.8704882343968792,1.8704972130556523
2026-03-25 16:00:00+00:00,1.8703603566130045,1.8720285151590763,1.8703554791481773,1.871872746435898
2026-03-25 17:00:00+00:00,1.8717934496242237,1.8719743810131109,1.8709177031107136,1.8719743810131109
2026-03-25 18:00:00+00:00,1.8719274653061755,1.8726641194859293,1.8711443061829636,1.8721626011745234
2026-03-25 19:00:00+00:00,1.8724080941071868,1.8733918697379721,1.8719675614125193,1.8729323203844357
2026-03-25 20:00:00+00:00,1.8728350995125034,1.8733762174027777,1.8723489951528411,1.8731799488718428
2026-03-25 21:00:00+00:00,1.8724766945914744,1.8732893365751961,1.8723262403466825,1.872950364070921
2026-03-25 22:00:00+00:00,1.873370758413692,1.874586311427535,1.871903465896464,1.8728535704362286
2026-03-25 23:00:00+00:00,1.8731365057311533,1.874718397997493,1.8731347431016723,1.8741016694699641
2026-03-26 00:00:00+00:00,1.8736501230003715,1.8747826570780732,1.8732114577834542,1.8746887735940876
2026-03-26 01:00:00+00:00,1.8744716351501636,1.874730562238381,1.8736845032044562,1.8739348614798617
2026-03-26 02:00:00+00:00,1.873865358150652,1.874846881959907,1.8734244062426137,1.8741165340308277
2026-03-26 03:00:00+00:00,1.8738384063212918,1.8738610914048008,1.8717998556117028,1.872281929517617
2026-03-26 04:00:00+00:00,1.8724326125900892,1.8725679447831423,1.8709834064043478,1.8714418553009557
2026-03-26 05:00:00+00:00,1.8714105286533114,1.872076226457022,1.8706450404451007,1.8717268395682516
2026-03-26 06:00:00+00:00,1.8718433115710478,1.8728627429175084,1.8715769593956528,1.8718123134587321
2026-03-26 07:00:00+00:00,1.8720721971537628,1.8733001473900799,1.871803775052428,1.8732041778507118
2026-03-26 08:00:00+00:00,1.8724777148896488,1.8737687127831228,1.8718155523417475,1.872656000222407
2026-03-26 09:00:00+00:00,1.8728797063567062,1.8750661357244263,1.8728597855265137,1.874424363843785
2026-03-26 10:00:00+00:00,1.874097466646259,1.875337508698674,1.874097466646259,1.87513918271907
2026-03-26 11:00:00+00:00,1.8749008530119775,1.877583488005355,1.8749008530119775,1.8774803457472768
2026-03-26 12:00:00+00:00,1.8774404379521235,1.8796310530361227,1.8755962176787222,1.8795751519809898
2026-03-26 13:00:00+00:00,1.8793958615679063,1.8800837404047415,1.877820360950453,1.877820360950453
2026-03-26 14:00:00+00:00,1.8780837956122953,1.882074615824804,1.8774452432703526,1.8808706571787324
2026-03-26 15:00:00+00:00,1.8805066540189124,1.8810461899572437,1.8797543443366562,1.8806126438065418
2026-03-26 16:00:00+00:00,1.8805076227173696,1.8822040062667824,1.8799653611933589,1.8818684008111286
2026-03-26 17:00:00+00:00,1.8817031392015626,1.8831066982228597,1.8817031392015626,1.8829925871950415
2026-03-26 18:00:00+00:00,1.882524339847303,1.882935646130778,1.8815684518395126,1.8818606734025545
2026-03-26 19:00:00+00:00,1.8821471061655783,1.8843920094270765,1.8821471061655783,1.8843887657473095
2026-03-26 20:00:00+00:00,1.8842171717171683,1.8844227450650244,1.8802550614631117,1.884329142664925
2026-03-26 21:00:00+00:00,1.882964415802742,1.8847986991140482,1.8815264697238936,1.882801780864107
2026-03-26 22:00:00+00:00,1.882863462023009,1.8838381716590307,1.882653346765163,1.882751287217368
2026-03-26 23:00:00+00:00,1.8828179655799595,1.8842049242318104,1.882131617595632,1.8840853709772247
2026-03-27 00:00:00+00:00,1.8835034370756116,1.8869734756567924,1.8831392419237403,1.8869734756567924
2026-03-27 01:00:00+00:00,1.8868194440548611,1.887557526097201,1.8846670773366148,1.8846670773366148
2026-03-27 02:00:00+00:00,1.8844399037115784,1.8847532125759359,1.8827585242370803,1.8833792727120047
2026-03-27 03:00:00+00:00,1.883500986331263,1.883500986331263,1.8799374266718771,1.8799374266718771
2026-03-27 04:00:00+00:00,1.8796960978743569,1.8804448045598015,1.878940977795142,1.8789587549724296
2026-03-27 05:00:00+00:00,1.878927459765779,1.8819581358278412,1.878927459765779,1.8817583155068958
2026-03-27 06:00:00+00:00,1.8822772595689894,1.8824023049595753,1.880173774568004,1.8805596712420631
2026-03-27 07:00:00+00:00,1.880560293007517,1.8819548556136205,1.880223347980628,1.8803018001623746
2026-03-27 08:00:00+00:00,1.879667469070141,1.881366616238019,1.878010932323045,1.878543359391384
2026-03-27 09:00:00+00:00,1.878280321565882,1.8798375805096572,1.8771770428559407,1.878217683268043
2026-03-27 10:00:00+00:00,1.8781876425084243,1.879083960917155,1.8775567268304236,1.8776529512990152
2026-03-27 11:00:00+00:00,1.8779142993086808,1.8783433874060451,1.8755612751612096,1.8764018200910004
2026-03-27 12:00:00+00:00,1.8762495449836154,1.877548732465417,1.875915270135939,1.8765753654847883
2026-03-27 13:00:00+00:00,1.8764844275151202,1.8798322980495494,1.8764140905017883,1.8788969496652717
2026-03-27 14:00:00+00:00,1.878864247311824,1.8810637463589475,1.878584724768712,1.8800621526659813
2026-03-27 15:00:00+00:00,1.880124284454642,1.8811227991539747,1.8772030517253406,1.8774553040166841
2026-03-27 16:00:00+00:00,1.877178980971979,1.8780282873547083,1.8763182588479115,1.8766478474664086
2026-03-27 17:00:00+00:00,1.8769582153966833,1.8799674106954685,1.8762528697015473,1.8793468952252554
2026-03-27 18:00:00+00:00,1.8793166376551143,1.8798449612403059,1.8785493827160455,1.8787921308899012
2026-03-27 19:00:00+00:00,1.878758963276872,1.8792643549066363,1.8782431768750398,1.8786862706585443
2026-03-27 20:00:00+00:00,1.8792476665029083,1.879841042491641,1.8606953298323408,1.8606953298323408
2026-03-29 21:00:00+00:00,1.8606953298323408,1.8647302904564262,1.8602251670503627,1.862052499262646
2026-03-29 22:00:00+00:00,1.8622065496845932,1.8635845311334123,1.8618809376580983,1.8630900441917366
2026-03-29 23:00:00+00:00,1.8625297120915858,1.8637815776511104,1.8624171929281659,1.8629065169361485
2026-03-30 00:00:00+00:00,1.8633727477477429,1.8655762625978218,1.8633727477477429,1.864327617011095
2026-03-30 01:00:00+00:00,1.8640601926728029,1.864999155452954,1.862344195719681,1.8641249296567197
2026-03-30 02:00:00+00:00,1.8639785021877635,1.8642423219709703,1.8629283927015052,1.8640965075080094
2026-03-30 03:00:00+00:00,1.8641629875425278,1.8641629875425278,1.8619494605098799,1.8627189535144797
2026-03-30 04:00:00+00:00,1.8627247336879433,1.8634761483478628,1.8622600740823838,1.8629758076971632
2026-03-30 05:00:00+00:00,1.863086211738271,1.8640557201634482,1.8624922835175888,1.8630442716375124
2026-03-30 06:00:00+00:00,1.863047536174926,1.863912890762201,1.8617521217647424,1.863912890762201
2026-03-30 07:00:00+00:00,1.8644606258258547,1.8647004997536378,1.861851440774403,1.8639517048252907
2026-03-30 08:00:00+00:00,1.863938302184188,1.863938302184188,1.860582464228483,1.8616983865749483
2026-03-30 09:00:00+00:00,1.8616925500787707,1.8626007908475526,1.8609209138840022,1.8609209138840022
2026-03-30 10:00:00+00:00,1.860925196850389,1.861450016867194,1.8597992916174686,1.8601479231699383
2026-03-30 11:00:00+00:00,1.8599890330835267,1.8617227706065924,1.8595793703198928,1.8596466570155539
2026-03-30 12:00:00+00:00,1.8595847566032646,1.85979364052967,1.8582966948069228,1.8585579003568673
2026-03-30 13:00:00+00:00,1.858499178382321,1.8600649487579557,1.856784980437409,1.8573582034882032
2026-03-30 14:00:00+00:00,1.8574649475093306,1.859296340689553,1.856116220853369,1.856116220853369
2026-03-30 15:00:00+00:00,1.8556485061511376,1.8564549512129824,1.8543496900608585,1.8544795005905133
2026-03-30 16:00:00+00:00,1.8546400449943707,1.8555811924927494,1.8539524941285617,1.8548788547804151
2026-03-30 17:00:00+00:00,1.8544396333576962,1.8558164399364072,1.85382246657011,1.8545549163841917
2026-03-30 18:00:00+00:00,1.8547797220502957,1.8556960600902994,1.8545899357451125,1.855072667670268
2026-03-30 19:00:00+00:00,1.8550363710551072,1.856685968694079,1.8550363710551072,1.8557253842256325
2026-03-30 20:00:00+00:00,1.8559625021113626,1.8559967345559931,1.8546948422859344,1.8554503369964352
2026-03-30 21:00:00+00:00,1.8556480347007993,1.8581400918542674,1.8556480347007993,1.85655864632017
2026-03-30 22:00:00+00:00,1.856114753637049,1.856474247990648,1.8552927769492615,1.855405158222054
2026-03-30 23:00:00+00:00,1.855553522672891,1.8568660880347123,1.855507234138372,1.8564758081554982
2026-03-31 00:00:00+00:00,1.8563551085946028,1.857986120906085,1.8556123810995684,1.857449232153901
2026-03-31 01:00:00+00:00,1.8576742419980818,1.8579859596797965,1.8559565925426718,1.8562049740903481
2026-03-31 02:00:00+00:00,1.856391420986834,1.8583450506186674,1.855964564994589,1.8583450506186674
2026-03-31 03:00:00+00:00,1.8589099859352969,1.8600630923711692,1.8583026400877163,1.8594849918342005
2026-03-31 04:00:00+00:00,1.8592190645102207,1.860396151191125,1.8586653722775563,1.8603338968723528
2026-03-31 05:00:00+00:00,1.8602270966287646,1.8612364302833724,1.8586941222835212,1.8592410657733556
2026-03-31 06:00:00+00:00,1.8591570115298466,1.860655622235365,1.8588125193503844,1.8590272110757748
2026-03-31 07:00:00+00:00,1.859771716489326,1.8607476372241025,1.8551731404087886,1.8556852335608496
2026-03-31 08:00:00+00:00,1.85513605346662,1.8593293025871709,1.85513605346662,1.8579429663672977
2026-03-31 09:00:00+00:00,1.8575634089791273,1.8600247507347818,1.8566883007417343,1.8597822570435851
2026-03-31 10:00:00+00:00,1.8598784793035004,1.8600455753892844,1.858458702168676,1.8587966220971093
2026-03-31 11:00:00+00:00,1.8587703003180445,1.858863022182181,1.8543525456964716,1.8554904790595301
2026-03-31 12:00:00+00:00,1.8557429640110334,1.8575165507181275,1.8550392807629235,1.85747444006563
2026-03-31 13:00:00+00:00,1.8577329854682096,1.859558916370875,1.8577031559154065,1.858806965438977
2026-03-31 14:00:00+00:00,1.8588827723382446,1.8600974773863646,1.8576915487399166,1.857755283053395
2026-03-31 15:00:00+00:00,1.8572624912033724,1.858744867540351,1.8550831611061849,1.8560364112159997
2026-03-31 16:00:00+00:00,1.8558939372626195,1.8565048598314826,1.8510511729466381,1.852271294701007
2026-03-31 17:00:00+00:00,1.8523104273695645,1.8550804836020736,1.8517138182275805,1.8548280886597308
2026-03-31 18:00:00+00:00,1.8543186879368003,1.8548059693134675,1.8522854503722723,1.8526546380929665
2026-03-31 19:00:00+00:00,1.8526871938418419,1.8530774831284422,1.851227251125208,1.8513224480666481
2026-03-31 20:00:00+00:00,1.8511790771467256,1.8520095058362986,1.8486629670529307,1.8486629670529307
2026-03-31 21:00:00+00:00,1.8511601545006666,1.8511601545006666,1.8491767304036624,1.8495568416932227
2026-03-31 22:00:00+00:00,1.8497792617843418,1.851177325987858,1.8497624703087834,1.850259197674901
2026-03-31 23:00:00+00:00,1.850259197674901,1.850320696449277,1.847497909116248,1.847497909116248
2026-04-01 00:00:00+00:00,1.8478942964718956,1.8479103624269586,1.8459991090569874,1.8460676191271848
2026-04-01 01:00:00+00:00,1.8461929570401685,1.8476219052669722,1.8447012440617936,1.8472435343023688
2026-04-01 02:00:00+00:00,1.8473702566964234,1.8492847672876929,1.8470669417570418,1.8492847672876929
2026-04-01 03:00:00+00:00,1.84961886413134,1.8509985605075907,1.8487476452940714,1.8502486658657153
2026-04-01 04:00:00+00:00,1.8501969713902497,1.8518960988151076,1.8501969713902497,1.8518960988151076
2026-04-01 05:00:00+00:00,1.8518060504436475,1.8537459146903492,1.8506861554354908,1.8530853678976427
2026-04-01 06:00:00+00:00,1.8535697822230242,1.8538071703802932,1.8474045366781908,1.8474045366781908
2026-04-01 07:00:00+00:00,1.8479091414281694,1.8496356151428281,1.8462291802686546,1.8483905549522406
2026-04-01 08:00:00+00:00,1.848593510653107,1.848593510653107,1.8465581647248286,1.8484100953386835
2026-04-01 09:00:00+00:00,1.8487701500833746,1.84915723305426,1.847926427449285,1.8488097388790787
2026-04-01 10:00:00+00:00,1.8490433646885498,1.851341587116312,1.8490433646885498,1.8493762502778344
2026-04-01 11:00:00+00:00,1.84930184091698,1.850545101034645,1.8480174684597204,1.8495574607402423
2026-04-01 12:00:00+00:00,1.8494576675543668,1.851444893874312,1.8479514731369098,1.8508457379532672
2026-04-01 13:00:00+00:00,1.8507847580387253,1.8517975513834215,1.849318203886857,1.8517975513834215
2026-04-01 14:00:00+00:00,1.8519278096800604,1.8546443758859283,1.850103453543105,1.8541209325589743
2026-04-01 15:00:00+00:00,1.853831835419295,1.8546189039228997,1.8528325208671808,1.8534184531169628
2026-04-01 16:00:00+00:00,1.8533812130136365,1.854208089431454,1.852841019653624,1.854015054719177
2026-04-01 17:00:00+00:00,1.8540807399075063,1.8548575643291485,1.8533952545573136,1.8548575643291485
2026-04-01 18:00:00+00:00,1.8548651996603842,1.8568129813595216,1.8548651996603842,1.8564445498159048
2026-04-01 19:00:00+00:00,1.8559585564480092,1.8559585564480092,1.8543230334340526,1.854639821652496
2026-04-01 20:00:00+00:00,1.8545683794025805,1.8547811790277355,1.8531655968476255,1.8531655968476255
2026-04-01 21:00:00+00:00,1.8550252972249657,1.856083955093782,1.852512324875353,1.8535575048732889
2026-04-01 22:00:00+00:00,1.8539874140283408,1.8554800150461779,1.8539874140283408,1.8549568875454405
2026-04-01 23:00:00+00:00,1.8551022398038723,1.8553306211162763,1.8542470370318735,1.854882755353679
2026-04-02 00:00:00+00:00,1.855109122836352,1.855495317203696,1.853543011350985,1.8542429261367537
2026-04-02 01:00:00+00:00,1.8548061389337591,1.8588100878976013,1.853807721212453,1.8582744999159464
2026-04-02 02:00:00+00:00,1.8579181021202644,1.8579181021202644,1.8559339828657762,1.856281681463013
2026-04-02 03:00:00+00:00,1.8562396728932649,1.8565075496540266,1.8555362716419108,1.8558788914730797
2026-04-02 04:00:00+00:00,1.8560969116080879,1.8577991947589132,1.8560969116080879,1.8570777664063651
2026-04-02 05:00:00+00:00,1.8571078122152547,1.8573404479393334,1.8556599144879735,1.8572903062729016
2026-04-02 06:00:00+00:00,1.856716732172931,1.8568029979788852,1.8546757238494844,1.856426477395458
2026-04-02 07:00:00+00:00,1.8560378681626872,1.8561040600238357,1.8524901529274838,1.8529214002549428
2026-04-02 08:00:00+00:00,1.8530071027304131,1.8545876512739914,1.8526747528570373,1.8532963950063073
2026-04-02 09:00:00+00:00,1.8534708877449344,1.854582344599048,1.8529415890472392,1.8530026365982213
2026-04-02 10:00:00+00:00,1.8529118859932054,1.85448122814163,1.8527860759316082,1.854153202011965
2026-04-02 11:00:00+00:00,1.8542415982915532,1.8556551172034046,1.8538272471910058,1.8556551172034046
2026-04-02 12:00:00+00:00,1.8555229455709656,1.8556412200876249,1.8524579831932715,1.8534020040641805
2026-04-02 13:00:00+00:00,1.853403691712562,1.8535872490747953,1.8503755822574046,1.8507392745737052
2026-04-02 14:00:00+00:00,1.850590226300031,1.8513659137347052,1.8480494102868252,1.849522759621551
2026-04-02 15:00:00+00:00,1.8499057854700198,1.8500614302069025,1.848564533229167,1.849436775031052
2026-04-02 16:00:00+00:00,1.8494758002596514,1.849512597061611,1.8480186968047942,1.8486898130697547
2026-04-02 17:00:00+00:00,1.8488019771565747,1.848840944002229,1.847898268670037,1.848542618119853
2026-04-02 18:00:00+00:00,1.8484617855297463,1.848959206482252,1.847930480910164,1.8484643211307683
2026-04-02 19:00:00+00:00,1.8486433269561031,1.848905435799997,1.8479845296770445,1.8481900958020225
2026-04-02 20:00:00+00:00,1.8481473204932972,1.848470670391056,1.8472030362649423,1.8483610564098214
2026-04-02 21:00:00+00:00,1.8497757847533578,1.8499091417388822,1.8463638013598176,1.8475640416794648
2026-04-02 22:00:00+00:00,1.8466116832733204,1.8471088221747627,1.8466116832733204,1.8468596067705734
2026-04-02 23:00:00+00:00,1.8468413781554762,1.8475133264491586,1.846683502623055,1.8473877368758838
2026-04-03 00:00:00+00:00,1.84740241622722,1.847651399952562,1.8468851132686028,1.847585899027658
2026-04-03 01:00:00+00:00,1.8475558717669651,1.8476619207146785,1.8471867632081862,1.8476264254707313
2026-04-03 02:00:00+00:00,1.8476060859854773,1.8480847379519276,1.8472216406348085,1.8478543109224872
2026-04-03 03:00:00+00:00,1.8478263904400212,1.8484969072452784,1.8476952928695012,1.8484173636223955
2026-04-03 04:00:00+00:00,1.8484173636223955,1.848586631658328,1.8481296340254352,1.8481296340254352
2026-04-03 05:00:00+00:00,1.8482963273285797,1.8487113977773997,1.8480225120799874,1.8486326898111256
2026-04-03 06:00:00+00:00,1.8485726251134165,1.8489813871008223,1.8481835057013998,1.848271482603168
2026-04-03 07:00:00+00:00,1.848429235342548,1.8492295022472796,1.8480796328073714,1.8492295022472796
2026-04-03 08:00:00+00:00,1.84933830304045,1.8494842050895433,1.8486821900214925,1.849105983836517
2026-04-03 09:00:00+00:00,1.8491233702783383,1.8496690498799027,1.848952444760822,1.8493025398997387
2026-04-03 10:00:00+00:00,1.849296226994716,1.8495893510629324,1.848988509919438,1.8490393476500262
2026-04-03 11:00:00+00:00,1.8492640898173434,1.8495154443389317,1.8486885268785627,1.849080705281227
2026-04-03 12:00:00+00:00,1.8492321652938655,1.8492956566657768,1.846937350777001,1.8479196656929964
2026-04-03 13:00:00+00:00,1.8478938394454323,1.8481116125696821,1.8468818976837693,1.8476329501166355
2026-04-03 14:00:00+00:00,1.847809382771237,1.8487677632315038,1.847640144791821,1.8482430126178493
2026-04-03 15:00:00+00:00,1.8483773954399159,1.8491900285378486,1.8474070032596017,1.8483154713602092
2026-04-03 16:00:00+00:00,1.8479881921710126,1.848622890251065,1.846500797180493,1.8480122580915939
2026-04-03 17:00:00+00:00,1.8477622172167216,1.8483650158179064,1.8471528681129568,1.8473069390039116
2026-04-03 18:00:00+00:00,1.8478239574587128,1.8480910795756655,1.847071583514094,1.8475388727939372
2026-04-03 19:00:00+00:00,1.84804978439827,1.8487354358055066,1.8468680903467714,1.848600918716033
2026-04-03 20:00:00+00:00,1.8479776555084162,1.851098585229737,1.846220027419485,1.8498976845882102
2026-04-05 21:00:00+00:00,1.911282839413095,1.914235536590322,1.911282839413095,1.912860603071924
2026-04-05 22:00:00+00:00,1.9134187203550852,1.913748548199767,1.911738273322896,1.9118341908833965
2026-04-05 23:00:00+00:00,1.911742967697056,1.912419874118977,1.9113210554533193,1.9121071941298446
2026-04-06 00:00:00+00:00,1.911805636089527,1.911805636089527,1.9107473928157581,1.910891662564072
2026-04-06 01:00:00+00:00,1.910890372279578,1.9111107892411747,1.9099383377239951,1.9105482665739848
2026-04-06 02:00:00+00:00,1.9100949568641064,1.9103739480001152,1.9083138410003169,1.9103739480001152
2026-04-06 03:00:00+00:00,1.9105619342337383,1.9105809848967066,1.9098664044878828,1.910152012612273
2026-04-06 04:00:00+00:00,1.9102571519481637,1.9102571519481637,1.909205202312138,1.909251177711626
2026-04-06 05:00:00+00:00,1.90933394991257,1.9102695671026948,1.9090909090909083,1.9102695671026948
2026-04-06 06:00:00+00:00,1.9101670906567985,1.9103761311399572,1.9088848791050155,1.909088283292173
2026-04-06 07:00:00+00:00,1.90845172095172,1.9101212706744144,1.90845172095172,1.9097380327963336
2026-04-06 08:00:00+00:00,1.9095465806302925,1.9099726185329289,1.9084560782111635,1.9086521839345387
2026-04-06 09:00:00+00:00,1.908662710301912,1.9095653427521075,1.9079877355367134,1.9095653427521075
2026-04-06 10:00:00+00:00,1.9092966272701057,1.9095441903362005,1.9085263946519124,1.9088406549060293
2026-04-06 11:00:00+00:00,1.9088799527248086,1.909104014993151,1.9074703864887443,1.9074703864887443
2026-04-06 12:00:00+00:00,1.907684990343316,1.9091970592475125,1.9075047904450424,1.908779109983859
2026-04-06 13:00:00+00:00,1.9090044388078622,1.9104677637836114,1.908958621484554,1.9097339268478895
2026-04-06 14:00:00+00:00,1.909657814390229,1.9112976504694723,1.909169475412669,1.9096141363144596
2026-04-06 15:00:00+00:00,1.9095433888768658,1.9105721590662865,1.9093296774659059,1.909913550491419
2026-04-06 16:00:00+00:00,1.9099646439137015,1.9109058101768306,1.909933182283924,1.910651383034012
2026-04-06 17:00:00+00:00,1.9107568340337038,1.911325064330528,1.909879859065441,1.909879859065441
2026-04-06 18:00:00+00:00,1.9098207968115977,1.9102715807093993,1.9094881668325177,1.9099645052376408
2026-04-06 19:00:00+00:00,1.9100012986825576,1.9104212668311893,1.9094974323466611,1.909696969696969
2026-04-06 20:00:00+00:00,1.909586748239639,1.9103176550390384,1.909586748239639,1.9102064385736965
2026-04-06 21:00:00+00:00,1.9111274807175658,1.9111274807175658,1.9092850443690923,1.909510751912252
2026-04-06 22:00:00+00:00,1.909350566919592,1.9105583067438594,1.9092587251225837,1.9103809675044383
2026-04-06 23:00:00+00:00,1.9102193995381052,1.910382466323038,1.9098783075657173,1.9101196576261883
2026-04-07 00:00:00+00:00,1.9104309535840605,1.9111656796186616,1.9089414479376974,1.9111656796186616
2026-04-07 01:00:00+00:00,1.9111040489982225,1.9122845076940869,1.9097783421842522,1.9119901648828457
2026-04-07 02:00:00+00:00,1.9119033844373727,1.9120208303196868,1.9097595514710124,1.9100959593040052
2026-04-07 03:00:00+00:00,1.9100013005592398,1.9102667861375255,1.9094848756247642,1.9102162263660385
2026-04-07 04:00:00+00:00,1.9102425214138168,1.9108629060224245,1.9092653785659652,1.9096865439011712
2026-04-07 05:00:00+00:00,1.909912380732421,1.9103141603141593,1.9095121247113156,1.90983890524857
2026-04-07 06:00:00+00:00,1.9093651664309008,1.9113763294993713,1.9087262653661907,1.9112223697120094
2026-04-07 07:00:00+00:00,1.9112451653870568,1.9123098481674627,1.9101555167285162,1.9103126714207344
2026-04-07 08:00:00+00:00,1.9102573354308878,1.9109645388023717,1.908439146583743,1.9091484010061077
2026-04-07 09:00:00+00:00,1.9092516459189826,1.9093927893738132,1.9079934465810116,1.9081428633074888
2026-04-07 10:00:00+00:00,1.9078553759420116,1.908941590064259,1.9075307487592599,1.90795009220839
2026-04-07 11:00:00+00:00,1.9075874785715305,1.9085995935838116,1.906433506044904,1.906433506044904
2026-04-07 12:00:00+00:00,1.9063251061380144,1.9080625197892969,1.9058332733942307,1.9067113707658203
2026-04-07 13:00:00+00:00,1.9067320976283668,1.9081426842620866,1.9058210801945148,1.9078452561054673
2026-04-07 14:00:00+00:00,1.9077993746668005,1.9083989274284223,1.904552635358322,1.9061227426433547
2026-04-07 15:00:00+00:00,1.9062936257789667,1.9078204241585976,1.9036348996376593,1.9036348996376593
2026-04-07 16:00:00+00:00,1.903821820900672,1.905218654280331,1.9032832818449592,1.9043793207525466
2026-04-07 17:00:00+00:00,1.904497046522657,1.9045949596252756,1.9034956806245147,1.9039852991845634
2026-04-07 18:00:00+00:00,1.9042690629306378,1.9053888944788617,1.9040360546561024,1.9053558854383712
2026-04-07 19:00:00+00:00,1.9052669397140178,1.9055887764489412,1.9029740681873495,1.9030664126838621
2026-04-07 20:00:00+00:00,1.9029190180182756,1.9033532265682012,1.9019708875434749,1.9019708875434749
2026-04-07 21:00:00+00:00,1.903029088410444,1.905547118993725,1.9015424679487176,1.9050988255514176
2026-04-07 22:00:00+00:00,1.9024982849302534,1.90330974336979,1.8947927585913813,1.8948300283286115
2026-04-07 23:00:00+00:00,1.8950835930858596,1.895135809116284,1.8907444298450105,1.8913626230988456
2026-04-08 00:00:00+00:00,1.8910360392129202,1.8958542695786327,1.8895453776298714,1.8957761232058428
2026-04-08 01:00:00+00:00,1.8951583236650722,1.8963410322051395,1.894135750183522,1.8951043021086547
2026-04-08 02:00:00+00:00,1.895148758229028,1.89802738717306,1.8946149392009264,1.8976671102177172
2026-04-08 03:00:00+00:00,1.8977251815466496,1.8993083115999543,1.8972159710132614,1.8973966959697621
2026-04-08 04:00:00+00:00,1.8973110670817999,1.8973963492288095,1.8955675186865042,1.8958877791747302
2026-04-08 05:00:00+00:00,1.8961488471971062,1.89728493371172,1.895603077140235,1.89728493371172
2026-04-08 06:00:00+00:00,1.898097538239905,1.8982832921229242,1.8950531929903771,1.8967401279100953
2026-04-08 07:00:00+00:00,1.8975144753565878,1.8993907179914897,1.8966228336558422,1.8988716382455244
2026-04-08 08:00:00+00:00,1.8989633275347555,1.9043137588894092,1.8986876343477763,1.9037799226157575
2026-04-08 09:00:00+00:00,1.90348453286854,1.9059932162979147,1.9025001770663639,1.9058681614986157
2026-04-08 10:00:00+00:00,1.9059444578467126,1.9073128528068528,1.9054584626723927,1.9072353583637107
2026-04-08 11:00:00+00:00,1.907414238288454,1.9083090896189594,1.9062637129308508,1.9065741985705182
2026-04-08 12:00:00+00:00,1.9066028924801173,1.907058407079646,1.9030605042491313,1.9031092033548893
2026-04-08 13:00:00+00:00,1.903135190073545,1.9050416124101224,1.9018072544123246,1.9037147102526
2026-04-08 14:00:00+00:00,1.9036976263897922,1.9051327433628316,1.902630573518799,1.9028316030663908
2026-04-08 15:00:00+00:00,1.9026846586890716,1.903184262666289,1.8999024610904565,1.9009346587293725
2026-04-08 16:00:00+00:00,1.9008075122682464,1.9011835324763573,1.8986876343477763,1.8989126284978999
2026-04-08 17:00:00+00:00,1.8990328874812652,1.9006445215666832,1.898764419814521,1.9001755279995465
2026-04-08 18:00:00+00:00,1.9004162301441228,1.9012860914743202,1.8996420334762365,1.9011996876552846
2026-04-08 19:00:00+00:00,1.9012796296033287,1.901555066392104,1.898465588993007,1.8986126840317097
2026-04-08 20:00:00+00:00,1.8985462112311193,1.8994459323498984,1.8984329657573993,1.8991635951233339
2026-04-08 21:00:00+00:00,1.8991295225133262,1.899287202233338,1.8961197072438731,1.8976617711623158
2026-04-08 22:00:00+00:00,1.89808547395848,1.8982986017651469,1.897727755362072,1.8977557522123887
2026-04-08 23:00:00+00:00,1.8979198821880172,1.899077237097619,1.8975691249132838,1.899077237097619
2026-04-09 00:00:00+00:00,1.8990998653341828,1.9006939221501642,1.8990998653341828,1.8998184706149295
2026-04-09 01:00:00+00:00,1.8997603550715383,1.9013946486394355,1.8995901348725721,1.9001985815602824
2026-04-09 02:00:00+00:00,1.9001886712155804,1.9008515469770073,1.899331046798378,1.8997731783385305
2026-04-09 03:00:00+00:00,1.900072308630247,1.9002126754572508,1.8987571390105282,1.8990816586831427
2026-04-09 04:00:00+00:00,1.898976873370365,1.8997477395765414,1.8984579657608915,1.8995125131082946
2026-04-09 05:00:00+00:00,1.899315641072869,1.8999943267239654,1.8984448032633623,1.8998312320063522
2026-04-09 06:00:00+00:00,1.8998340731496308,1.900317712470213,1.8988009184454446,1.8988904162002056
2026-04-09 07:00:00+00:00,1.899168119269304,1.901876454891272,1.899168119269304,1.9018026969481887
2026-04-09 08:00:00+00:00,1.901341281669149,1.903833593639073,1.901341281669149,1.903833593639073
2026-04-09 09:00:00+00:00,1.9040335179661967,1.9044210586113346,1.9021691327724877,1.9021691327724877
2026-04-09 10:00:00+00:00,1.9022231049697091,1.9031420299727506,1.9019991770598323,1.9021430598921358
2026-04-09 11:00:00+00:00,1.9018094089264157,1.9028950201121735,1.9017467248908284,1.902320905138842
2026-04-09 12:00:00+00:00,1.9023067446437913,1.9027108945668787,1.9013944787710433,1.901707403471483
2026-04-09 13:00:00+00:00,1.9017471270882618,1.9019624512929492,1.8986457832687782,1.8998033139477284
2026-04-09 14:00:00+00:00,1.8993180339002222,1.899540278661856,1.896190153185234,1.8964035893450137
2026-04-09 15:00:00+00:00,1.896419184354067,1.8971900499200984,1.893491790813595,1.893491790813595
2026-04-09 16:00:00+00:00,1.8934088060941425,1.8942143872938977,1.8925465139189899,1.893804562095183
2026-04-09 17:00:00+00:00,1.8941476328611246,1.8942257624160872,1.8930857424210437,1.8935607339862646
2026-04-09 18:00:00+00:00,1.8938227470408566,1.8949906921644935,1.8937062740184953,1.8941292550567328
2026-04-09 19:00:00+00:00,1.893874041497518,1.8941672186130396,1.8926831329033698,1.8926831329033698
2026-04-09 20:00:00+00:00,1.8928244489824648,1.893744451177406,1.8924145118584854,1.893744451177406
2026-04-09 21:00:00+00:00,1.8948985776913194,1.8952750352609296,1.893208806998266,1.8938749048679413
2026-04-09 22:00:00+00:00,1.8941436682022446,1.894695293006469,1.893696739206985,1.8940795038060319
2026-04-09 23:00:00+00:00,1.894258285520954,1.8956722902443137,1.8941863087853827,1.8956722902443137
2026-04-10 00:00:00+00:00,1.8955329175720277,1.8959127219352456,1.8948801128349777,1.8948801128349777
2026-04-10 01:00:00+00:00,1.8949164974046475,1.895414603873114,1.8936859755667956,1.8953076738642922
2026-04-10 02:00:00+00:00,1.8953299764453644,1.8965862886830798,1.8944941839971787,1.896573630934732
2026-04-10 03:00:00+00:00,1.896349726158883,1.8969032859341668,1.8959394803325178,1.8964285714285698
2026-04-10 04:00:00+00:00,1.8962752819296818,1.8972033898305072,1.8961808789905992,1.896616488265031
2026-04-10 05:00:00+00:00,1.896777200316347,1.896902848588415,1.8952999294283681,1.8954113678386415
2026-04-10 06:00:00+00:00,1.895626032095523,1.8978732424221,1.8954773160234233,1.8972558218403783
2026-04-10 07:00:00+00:00,1.8974956895333375,1.8991402958061128,1.8971080626704138,1.8986179678327402
2026-04-10 08:00:00+00:00,1.8986985429339356,1.899045059064864,1.8976829612884982,1.898973474350997
2026-04-10 09:00:00+00:00,1.8988490795464172,1.899561961283028,1.8979793558225886,1.8988138943801174
2026-04-10 10:00:00+00:00,1.8991118453566018,1.8999773992146212,1.8985795775443337,1.8985795775443337
2026-04-10 11:00:00+00:00,1.8985709847778798,1.8994055267654146,1.8983134570601918,1.8987002356793057
2026-04-10 12:00:00+00:00,1.8986071715846056,1.8994118725582827,1.898301501162871,1.8994020252164825
2026-04-10 13:00:00+00:00,1.8993216657970062,1.900012697696072,1.8982938615646867,1.8994825373997135
2026-04-10 14:00:00+00:00,1.8996489051197798,1.9000521663118404,1.897211783417077,1.89791059075475
2026-04-10 15:00:00+00:00,1.8980624251391518,1.8999450014807278,1.8980624251391518,1.8992525736849513
2026-04-10 16:00:00+00:00,1.8994527657893978,1.9010701982266884,1.8993778128923926,1.9004177486733642
2026-04-10 17:00:00+00:00,1.9004262406142365,1.9010362255414055,1.8996233229406192,1.8999068901303522
2026-04-10 18:00:00+00:00,1.8999421549401077,1.9004418220572237,1.8996672963599952,1.9002171032227129
2026-04-10 19:00:00+00:00,1.900143779425445,1.9006642128865745,1.900143779425445,1.9006642128865745
2026-04-10 20:00:00+00:00,1.9006628120152294,1.9046157328165434,1.9002086917284737,1.9046157328165434
2026-04-12 21:00:00+00:00,1.9079279177173927,1.9087186897880528,1.9028609353818329,1.904436281435432
2026-04-12 22:00:00+00:00,1.904220893919481,1.9044664310954045,1.8991596638655441,1.9000634562504388
2026-04-12 23:00:00+00:00,1.899966157143661,1.900736539112765,1.8995062076749418,1.9001805155976739
2026-04-13 00:00:00+00:00,1.8998363754337444,1.900253914515445,1.897405212102438,1.8975636532533868
2026-04-13 01:00:00+00:00,1.8970606857930785,1.898529494619413,1.8961982959817767,1.8977015215280006
2026-04-13 02:00:00+00:00,1.897927869590921,1.8980669322933517,1.8967544982625932,1.896987858579888
2026-04-13 03:00:00+00:00,1.8967981542963233,1.8976040992145031,1.896493522933455,1.8966172023349024
2026-04-13 04:00:00+00:00,1.8965706408597294,1.897155237907649,1.8959941508134006,1.89710040940362
2026-04-13 05:00:00+00:00,1.8970931704983525,1.897354348437938,1.8957829631712095,1.8965488144460365
2026-04-13 06:00:00+00:00,1.8965318487902922,1.896958533121474,1.8957114735658025,1.895990556094268
2026-04-13 07:00:00+00:00,1.8954968115290596,1.896255018107294,1.8943736060261736,1.8957123214636458
2026-04-13 08:00:00+00:00,1.8958608110004191,1.8962293286913532,1.8951259891127432,1.8962293286913532
2026-04-13 09:00:00+00:00,1.8963436030598624,1.8980905143949063,1.8963436030598624,1.8978897974093105
2026-04-13 10:00:00+00:00,1.8978533899019394,1.8980099153125551,1.8971174917120843,1.897770038757511
2026-04-13 11:00:00+00:00,1.8976018645923995,1.900406361169306,1.8972394144807918,1.8995257729057298
2026-04-13 12:00:00+00:00,1.9000506785291946,1.9014990498979503,1.8995053261755512,1.899633164204695
2026-04-13 13:00:00+00:00,1.8994771462303912,1.9011273228191485,1.8982644199065553,1.8984035240313109
2026-04-13 14:00:00+00:00,1.8980673753891881,1.8982470901696795,1.8966391972194179,1.8973978111906715
2026-04-13 15:00:00+00:00,1.8975749929913077,1.8982865475756452,1.8970171848280093,1.8978830786485335
2026-04-13 16:00:00+00:00,1.8979251366886285,1.8984881209503226,1.8949583356635518,1.8949583356635518
2026-04-13 17:00:00+00:00,1.8951165294224543,1.8955257239442902,1.8941702157369253,1.8950948350512569
2026-04-13 18:00:00+00:00,1.894994832835235,1.8953511098701639,1.8941327420052136,1.8949152069619528
2026-04-13 19:00:00+00:00,1.8943955599559323,1.895612370213239,1.8943955599559323,1.8952662639340356
2026-04-13 20:00:00+00:00,1.895298549107141,1.8961532019429386,1.8950290113813861,1.8961532019429386
2026-04-13 21:00:00+00:00,1.8962310259596966,1.8965661700018133,1.8945172408981157,1.8952313147388093
2026-04-13 22:00:00+00:00,1.8955531997991388,1.8958676302352169,1.895010597947343,1.8952139231327032
2026-04-13 23:00:00+00:00,1.8953086213148116,1.8964285714285696,1.8951955930548758,1.8962953664183877
2026-04-14 00:00:00+00:00,1.8964641531549111,1.8988194201886113,1.8964530892448492,1.8985015431452212
2026-04-14 01:00:00+00:00,1.8988195851086103,1.900200019582335,1.89808774846,1.9001090939606684
2026-04-14 02:00:00+00:00,1.9000825186366226,1.9003818555662773,1.8989169170568079,1.8997595347276572
2026-04-14 03:00:00+00:00,1.8997119847883208,1.9002250143254442,1.8984881511289942,1.9002250143254442
2026-04-14 04:00:00+00:00,1.900145344774574,1.900198401609566,1.8988869181458858,1.8996465838769592
2026-04-14 05:00:00+00:00,1.9000488997554992,1.90118433379476,1.8996172970556997,1.90118433379476
2026-04-14 06:00:00+00:00,1.9012844344435262,1.9013781343471317,1.8988301317846754,1.8989278534733063
2026-04-14 07:00:00+00:00,1.8987968959356836,1.8996958365889036,1.8981238849241728,1.8992451408558775
2026-04-14 08:00:00+00:00,1.8992898103835565,1.8995869037318203,1.8968971618853867,1.8979623125383271
2026-04-14 09:00:00+00:00,1.8978886488746411,1.8981763976539736,1.8962805200590198,1.8962805200590198
2026-04-14 10:00:00+00:00,1.8959316324968318,1.897065776665274,1.8950171749621019,1.8970610734801154
2026-04-14 11:00:00+00:00,1.897097478547486,1.8981155691537426,1.8966733800958382,1.8968986216096024
2026-04-14 12:00:00+00:00,1.8969043516923232,1.89920088944479,1.8964158352644047,1.8964158352644047
2026-04-14 13:00:00+00:00,1.8963273347855627,1.8963273347855627,1.894755099209101,1.8954246552537373
2026-04-14 14:00:00+00:00,1.8950434083155336,1.8950470880317325,1.8931694405565314,1.8947871897961994
2026-04-14 15:00:00+00:00,1.8949755224874127,1.895077917932918,1.8935140233583914,1.8943355876185566
2026-04-14 16:00:00+00:00,1.8943669796122422,1.895551203522367,1.894196719945562,1.895551203522367
2026-04-14 17:00:00+00:00,1.8955563889930669,1.8959074238719698,1.8943789035392073,1.895004997778763
2026-04-14 18:00:00+00:00,1.8950056911246198,1.8962546035716747,1.894918030511249,1.895559507599965
2026-04-14 19:00:00+00:00,1.895580041406715,1.895982434441833,1.895235449367966,1.8956619608714966
2026-04-14 20:00:00+00:00,1.8957548808448532,1.8964151729887437,1.8957548808448532,1.896249357290753
2026-04-14 21:00:00+00:00,1.8985495141846915,1.9011693542767127,1.89849665924276,1.8986524111816436
2026-04-14 22:00:00+00:00,1.899441807374822,1.8998023605389136,1.8990203990760561,1.8990621434336104
2026-04-14 23:00:00+00:00,1.8991595469345706,1.9001266333616265,1.8987410447242101,1.899848339385842
2026-04-15 00:00:00+00:00,1.8997912898288558,1.9007531567150655,1.8995686056220407,1.9004732739420913
2026-04-15 01:00:00+00:00,1.9005484867889837,1.900694898968094,1.8994823123382205,1.8995337833136157
2026-04-15 02:00:00+00:00,1.8995490981963905,1.8995490981963905,1.8975721739130413,1.8975778739270142
2026-04-15 03:00:00+00:00,1.8977584215725813,1.8983300862788737,1.8975746112980816,1.8981457008916751
2026-04-15 04:00:00+00:00,1.898046907603704,1.89818460040342,1.8974761871654013,1.8977375439767474
2026-04-15 05:00:00+00:00,1.8975556853257676,1.8975988209613037,1.8959250871806252,1.896179875210181
2026-04-15 06:00:00+00:00,1.8961632494304583,1.8963548467757598,1.8947872961182561,1.8956109628641296
2026-04-15 07:00:00+00:00,1.8956385210709847,1.895816254220565,1.8931277581947854,1.8941148697439296
2026-04-15 08:00:00+00:00,1.893811699040582,1.8945497465805716,1.8937862675958554,1.8944613376654011
2026-04-15 09:00:00+00:00,1.8945855893377739,1.8953819642286345,1.893540503762946,1.893540503762946
2026-04-15 10:00:00+00:00,1.8935401880581655,1.8955371302968735,1.8927451361327727,1.893758946066508
2026-04-15 11:00:00+00:00,1.8941011314041065,1.8942723317905716,1.8931553283414118,1.8939282390365175
2026-04-15 12:00:00+00:00,1.8938383754201717,1.894844386372164,1.8938383754201717,1.8944852787928452
2026-04-15 13:00:00+00:00,1.8943376305845723,1.8944364994515623,1.8930038867295926,1.8930038867295926
2026-04-15 14:00:00+00:00,1.8928189680303158,1.8928189680303158,1.8912432312656646,1.891879903523604
2026-04-15 15:00:00+00:00,1.8920342695538839,1.8920342695538839,1.8902293755886732,1.890625216463708
2026-04-15 16:00:00+00:00,1.8905587721971338,1.890703117426286,1.8892809697774806,1.8898485729313714
2026-04-15 17:00:00+00:00,1.8897132100542555,1.8903908478989482,1.889124205805405,1.8896626195783068
2026-04-15 18:00:00+00:00,1.889627291355151,1.889627291355151,1.8877044533853173,1.887724488808393
2026-04-15 19:00:00+00:00,1.8875601393574055,1.8877672373261036,1.8871625450976577,1.887394051684801
2026-04-15 20:00:00+00:00,1.887653501493526,1.887906706507302,1.8868365709225727,1.8868365709225727
2026-04-15 21:00:00+00:00,1.888127094933376,1.8887672978626127,1.8859015849307093,1.8863831317966722
2026-04-15 22:00:00+00:00,1.8865490445507573,1.8874536704099114,1.8864893264019444,1.887200475643984
2026-04-15 23:00:00+00:00,1.8874400210185691,1.8880190323383754,1.8871335572417778,1.887291626351144
2026-04-16 00:00:00+00:00,1.8875326578288918,1.8881834654273324,1.8866795633549798,1.887274888394398
2026-04-16 01:00:00+00:00,1.8872887095213724,1.888865813811816,1.8860379965457668,1.8864135767492625
2026-04-16 02:00:00+00:00,1.8860797966401401,1.8866604928886355,1.8843803875594771,1.8855089258615438
2026-04-16 03:00:00+00:00,1.8857635535935973,1.8858841871438605,1.8837590813217697,1.884131121316176
2026-04-16 04:00:00+00:00,1.8840499765562495,1.8844827110411995,1.8833519429855377,1.8843113177610051
2026-04-16 05:00:00+00:00,1.8843171344206175,1.8847491786532655,1.8829233973872603,1.8836930124737812
2026-04-16 06:00:00+00:00,1.8846228133105218,1.8856838935167899,1.884148360746217,1.8843861246791935
2026-04-16 07:00:00+00:00,1.8843776729299428,1.884842044246931,1.8830227743271197,1.8832723507076268
2026-04-16 08:00:00+00:00,1.8833966171901948,1.8856842629206623,1.8833966171901948,1.8845095735121293
2026-04-16 09:00:00+00:00,1.884327223466311,1.8850417237513988,1.8840625821355927,1.8842067400807903
2026-04-16 10:00:00+00:00,1.883830628985626,1.8855415017574917,1.883732189791117,1.8854339643529263
2026-04-16 11:00:00+00:00,1.8856648678566466,1.8856648678566466,1.8839948571191554,1.8841389226855412
2026-04-16 12:00:00+00:00,1.8842755817329608,1.8853244021257731,1.8835801086640933,1.8845451779738338
2026-04-16 13:00:00+00:00,1.884419122426118,1.8849999308561374,1.8838260917664613,1.8838260917664613
2026-04-16 14:00:00+00:00,1.8835675167339696,1.8846446507380898,1.8814255486868838,1.8835901909469788
2026-04-16 15:00:00+00:00,1.8836375218101729,1.8841442314346992,1.8828355214919117,1.8840301026478137
2026-04-16 16:00:00+00:00,1.8839120210264193,1.8861036782342238,1.883453137959633,1.8855638681075069
2026-04-16 17:00:00+00:00,1.8859359844810843,1.886355129822419,1.8855305644479534,1.8856228172293341
2026-04-16 18:00:00+00:00,1.885523471706477,1.8865267884364847,1.8854843401532033,1.8861960979935681
2026-04-16 19:00:00+00:00,1.8863381315895187,1.8863381315895187,1.8846393508453665,1.8850202204863977
2026-04-16 20:00:00+00:00,1.8852125257953252,1.8852125257953252,1.884205862398403,1.8843618435630383
2026-04-16 21:00:00+00:00,1.8844171677149408,1.8866472545757045,1.8842541283386873,1.8859107863392426
2026-04-16 22:00:00+00:00,1.8858465205221273,1.8867704927118527,1.8857111185012727,1.8859549472167554
2026-04-16 23:00:00+00:00,1.8859794957051792,1.8861582390773983,1.8853142398138636,1.886130516744287
2026-04-17 00:00:00+00:00,1.8859206476834758,1.886383179384758,1.8845967395670276,1.8848365596463732
2026-04-17 01:00:00+00:00,1.884834963833382,1.884834963833382,1.8835350821306867,1.8839919086676984
2026-04-17 02:00:00+00:00,1.8840489352563812,1.884462979383726,1.8837447704541022,1.8844075592994878
2026-04-17 03:00:00+00:00,1.8842067350981428,1.88467454719308,1.8836619952362463,1.8844156383730084
2026-04-17 04:00:00+00:00,1.884352799434987,1.8844401357246705,1.883010824128669,1.883115085407378
2026-04-17 05:00:00+00:00,1.8832177416005622,1.8833261799604004,1.8823635231439817,1.8826167603333215
2026-04-17 06:00:00+00:00,1.882682801877516,1.8827847960992885,1.8815734817645569,1.8825721886604199
2026-04-17 07:00:00+00:00,1.882526490754205,1.8838066214157063,1.882269857095378,1.8825490820039545
2026-04-17 08:00:00+00:00,1.8823423622831503,1.882615916955015,1.8810237841871753,1.8814529170294787
2026-04-17 09:00:00+00:00,1.8816260522205457,1.8834931307848728,1.8812116522027504,1.883331949863034
2026-04-17 10:00:00+00:00,1.8836707301885984,1.8836855288468168,1.8818305065987855,1.882600392992553
2026-04-17 11:00:00+00:00,1.8827835279791862,1.8835268555295657,1.8822789012144154,1.8829616512644543
2026-04-17 12:00:00+00:00,1.8832058217235486,1.8832058217235486,1.880418329434427,1.880418329434427
2026-04-17 13:00:00+00:00,1.880524272379324,1.8810234952445162,1.8781185531563724,1.8791594418297393
2026-04-17 14:00:00+00:00,1.8796535962110341,1.8816387840035256,1.8796535962110341,1.8809904373467055
2026-04-17 15:00:00+00:00,1.8807656794785197,1.8834817422516712,1.8807481172933138,1.8818001159228261
2026-04-17 16:00:00+00:00,1.8820500786792898,1.8824633819732983,1.8810453548217936,1.8822766113112717
2026-04-17 17:00:00+00:00,1.8823635007870947,1.8835264191113423,1.8822059290556845,1.882595006628367
2026-04-17 18:00:00+00:00,1.8827997679750272,1.8840916638990342,1.8827030909040663,1.8835539693737784
2026-04-17 19:00:00+00:00,1.883857668575853,1.883857668575853,1.88177012703069,1.8821111772276244
2026-04-17 20:00:00+00:00,1.881794531163509,1.8832952578746947,1.8817659677530942,1.8828630400753557
2026-04-19 21:00:00+00:00,1.8828630400753557,1.8832790971404814,1.8794192879363967,1.8831426117314547
2026-04-19 22:00:00+00:00,1.881787588804717,1.881787588804717,1.8771430937853706,1.8774693190132365
2026-04-19 23:00:00+00:00,1.8775296098948102,1.8788816871432692,1.8769956809118362,1.8784525043177869
2026-04-20 00:00:00+00:00,1.8786069651741268,1.8786069651741268,1.8763753688332432,1.876411621140877
2026-04-20 01:00:00+00:00,1.8759735873505996,1.8769892710373146,1.8754945342762204,1.8769892710373146
2026-04-20 02:00:00+00:00,1.877192982456138,1.8774122353265716,1.8756217534480597,1.8760920490560815
2026-04-20 03:00:00+00:00,1.8763368246968,1.8768743109151025,1.8758076292551191,1.8767208235148183
2026-04-20 04:00:00+00:00,1.8767744425149513,1.876879401347792,1.875974652155942,1.8762244602730644
2026-04-20 05:00:00+00:00,1.8762193441719464,1.8769491899649464,1.8755786399206409,1.8764430835436732
2026-04-20 06:00:00+00:00,1.8763533549410358,1.877028145695362,1.8759251857262944,1.8761899513687
2026-04-20 07:00:00+00:00,1.8762297114828166,1.8782847521254256,1.8753698173962083,1.8778842838424918
2026-04-20 08:00:00+00:00,1.877799536628418,1.877799536628418,1.8764373362746432,1.8767788196359603
2026-04-20 09:00:00+00:00,1.8766248983361566,1.8774343718149988,1.875738748295194,1.8774343718149988
2026-04-20 10:00:00+00:00,1.8769834710743776,1.8780430679360158,1.8764044943820202,1.8776052787458823
2026-04-20 11:00:00+00:00,1.8778811049114803,1.8786801680788014,1.8766812130890245,1.8767053511199199
2026-04-20 12:00:00+00:00,1.8765987911830684,1.87698833510074,1.8761001005412674,1.87698833510074
2026-04-20 13:00:00+00:00,1.8774624603939916,1.8776935794984821,1.8758338949945643,1.8765505101900468
2026-04-20 14:00:00+00:00,1.8765992571192718,1.8773110863310325,1.8753283908504446,1.876858070909489
2026-04-20 15:00:00+00:00,1.87715603276206,1.8772671560188925,1.8755100638867874,1.876314162028445
2026-04-20 16:00:00+00:00,1.8763053753984804,1.876924557351807,1.8759034820128047,1.8763624867703028
2026-04-20 17:00:00+00:00,1.8763589384131154,1.8764963784548974,1.8754071325499877,1.8754706609866685
2026-04-20 18:00:00+00:00,1.8756630479593215,1.8756716643533446,1.8748540100853248,1.8748540100853248
2026-04-20 19:00:00+00:00,1.8747887730288897,1.8754876105708453,1.8737864077669881,1.8738001400694828
2026-04-20 20:00:00+00:00,1.8738841431592799,1.8747253350911863,1.8736524067843143,1.8745037706561876
2026-04-20 21:00:00+00:00,1.875933387422817,1.875933387422817,1.8728678550828113,1.8741809190191607
2026-04-20 22:00:00+00:00,1.8739033130586384,1.8745313465632054,1.8737081920865157,1.8737081920865157
2026-04-20 23:00:00+00:00,1.874021909233174,1.875096185555675,1.8737918725974712,1.8748643115269907
2026-04-21 00:00:00+00:00,1.8743525985355305,1.8751151503485421,1.8737978787712233,1.873998653420721
2026-04-21 01:00:00+00:00,1.8740432315070537,1.8740775351464236,1.8724505201899557,1.873677702981176
2026-04-21 02:00:00+00:00,1.8735403214727269,1.8743539696503162,1.873411809952884,1.873663671091321
2026-04-21 03:00:00+00:00,1.8736894177785688,1.875049861762559,1.8736118746564019,1.874867619348891
2026-04-21 04:00:00+00:00,1.8748968476646284,1.874920905664527,1.8745392529020164,1.874628631161969
2026-04-21 05:00:00+00:00,1.8745512811696232,1.87502750577621,1.8740721394402569,1.8750085968556114
2026-04-21 06:00:00+00:00,1.875304345433784,1.8774844464020235,1.875304345433784,1.8760974267235424
2026-04-21 07:00:00+00:00,1.8761180064397145,1.877175349708115,1.8757703312424314,1.8770532466100733
2026-04-21 08:00:00+00:00,1.8772343269800555,1.8774671392907853,1.8748570562543887,1.875843733641896
2026-04-21 09:00:00+00:00,1.875850668136104,1.8771419512262342,1.8757301884712858,1.8766245400294905
2026-04-21 10:00:00+00:00,1.8764300482425886,1.876857134981667,1.8756041474463985,1.8761256919390792
2026-04-21 11:00:00+00:00,1.8762066069043362,1.8765884215598512,1.8752940529088855,1.8754574219287357
2026-04-21 12:00:00+00:00,1.8757652885739806,1.8773234200743465,1.8756827405929668,1.8761580925372694
2026-04-21 13:00:00+00:00,1.8761338453703291,1.8765675113906948,1.8737378594095557,1.873825355827881
2026-04-21 14:00:00+00:00,1.8739694404748792,1.8746099602743653,1.8721563997309107,1.8738153858850364
2026-04-21 15:00:00+00:00,1.8738495824792587,1.8755248991505211,1.8736357388316125,1.8749483940219607
2026-04-21 16:00:00+00:00,1.8749071194650055,1.8763388241780938,1.8743861676226605,1.8763388241780938
2026-04-21 17:00:00+00:00,1.8763250396305715,1.8786916042765949,1.876249155743012,1.8768518390915452
2026-04-21 18:00:00+00:00,1.8767049681739247,1.876776401114818,1.876038867066361,1.8765950996334344
2026-04-21 19:00:00+00:00,1.876557160180793,1.8788218057168107,1.875500681339552,1.8780026244906387
2026-04-21 20:00:00+00:00,1.8776744892744146,1.8778095514387918,1.8750671053174914,1.8771516379322197
2026-04-21 21:00:00+00:00,1.8772261384171802,1.8793417637638712,1.8772261384171802,1.8778919776505456
2026-04-21 22:00:00+00:00,1.878344458542502,1.8789768494246815,1.8780911661264708,1.878754017850981
2026-04-21 23:00:00+00:00,1.8788384604773045,1.8789333554056442,1.8783705541770026,1.8786053052445781
2026-04-22 00:00:00+00:00,1.8785769421624272,1.8791052798412298,1.8773986472524864,1.8774368653816977
2026-04-22 01:00:00+00:00,1.8776395718831325,1.8781684608068772,1.8771272271292907,1.8781163434903017
2026-04-22 02:00:00+00:00,1.8780729798258156,1.878338319844473,1.8771417552751883,1.878284847649245
2026-04-22 03:00:00+00:00,1.8783437206993514,1.8785885662281756,1.877710727177534,1.8785885662281756
2026-04-22 04:00:00+00:00,1.8785175584938407,1.8786053052445781,1.8776505600793587,1.8781119902952739
2026-04-22 05:00:00+00:00,1.8777872715746498,1.8778907908156197,1.8767394532753943,1.8770503082342547
2026-04-22 06:00:00+00:00,1.87719153386728,1.877420953377287,1.8756551524906078,1.8765002202158085
2026-04-22 07:00:00+00:00,1.8764861294583848,1.8787653402751923,1.8764295446100459,1.877678534564619
2026-04-22 08:00:00+00:00,1.8775007567627036,1.8790987839643007,1.876941276806468,1.8788984509466402
2026-04-22 09:00:00+00:00,1.8794326241134722,1.8795714915179527,1.8782196891476994,1.8785833344812828
2026-04-22 10:00:00+00:00,1.878502355566572,1.8792977524218966,1.8780622151227608,1.878722759456701
2026-04-22 11:00:00+00:00,1.8784785363971972,1.8788025108643132,1.8777793084446863,1.878515371777716
2026-04-22 12:00:00+00:00,1.8783888138117402,1.8789116960920969,1.8780528166586195,1.8785193772772408
2026-04-22 13:00:00+00:00,1.8785854291472237,1.8793205663785113,1.8772478175859852,1.877468124363173
2026-04-22 14:00:00+00:00,1.8770408303736097,1.8780413876718713,1.8761677735828222,1.8761677735828222
2026-04-22 15:00:00+00:00,1.8762230245569518,1.8771276962304422,1.8761448305306472,1.876555116211782
2026-04-22 16:00:00+00:00,1.8765636193310156,1.877581405608092,1.876090101260588,1.8774430079664768
2026-04-22 17:00:00+00:00,1.8776103767212946,1.877827680268919,1.8768968081297648,1.8775625482199902
2026-04-22 18:00:00+00:00,1.877548771079022,1.8778921548362166,1.8769716088328041,1.8772031364118646
2026-04-22 19:00:00+00:00,1.8773172715118567,1.87750826901874,1.8769635672160028,1.8770464693236286
2026-04-22 20:00:00+00:00,1.8770189074472163,1.8771482517675244,1.8762383740957596,1.8762383740957596
2026-04-22 21:00:00+00:00,1.877011763732396,1.8784702588644135,1.8766175599134514,1.8767436731543221
2026-04-22 22:00:00+00:00,1.876741206134002,1.8771209218342932,1.8766034252331905,1.8769088703897647
2026-04-22 23:00:00+00:00,1.8770140449051007,1.8770140449051007,1.876510547999942,1.8767108182983439
2026-04-23 00:00:00+00:00,1.876800705807747,1.8790320351585146,1.8757417631589786,1.8767389328117656
2026-04-23 01:00:00+00:00,1.8771008982200887,1.8782650668873229,1.8768219766897172,1.8770626266525106
2026-04-23 02:00:00+00:00,1.877091891593832,1.8784246575342436,1.8768783258430033,1.878120167881596
2026-04-23 03:00:00+00:00,1.8782414183535359,1.879882785502996,1.8777307039454583,1.8792224478799655
2026-04-23 04:00:00+00:00,1.8789749965464808,1.879361569819661,1.8777572260718294,1.8778757642252828
2026-04-23 05:00:00+00:00,1.877856906260348,1.8782278655717308,1.8765028678579279,1.8766460295354541
2026-04-23 06:00:00+00:00,1.8760512891217396,1.877523998675932,1.8760512891217396,1.8770845690166453
2026-04-23 07:00:00+00:00,1.8771624865491239,1.8777754778168736,1.8753824948311475,1.8753824948311475
2026-04-23 08:00:00+00:00,1.8755788951372776,1.8789379310344796,1.8754290440416261,1.878478638607714
2026-04-23 09:00:00+00:00,1.8784685827770702,1.879831051236746,1.8782692705817368,1.8794236183956239
2026-04-23 10:00:00+00:00,1.8793591212066818,1.8816380704834816,1.8793591212066818,1.8802792562383324
2026-04-23 11:00:00+00:00,1.8802338922602644,1.8808832877318047,1.8790892039499056,1.8794183383460694
2026-04-23 12:00:00+00:00,1.879231384666314,1.8797820238670035,1.878047433667409,1.878047433667409
2026-04-23 13:00:00+00:00,1.878002319032629,1.879406973854943,1.878002319032629,1.879406973854943
2026-04-23 14:00:00+00:00,1.8795503507705877,1.879628223010949,1.8773730471440744,1.8773730471440744
2026-04-23 15:00:00+00:00,1.8771059773250096,1.877506580851442,1.87620268519284,1.8764511236729604
2026-04-23 16:00:00+00:00,1.876311544347775,1.8765358891263846,1.8756858095999525,1.876359875904857
2026-04-23 17:00:00+00:00,1.8762269769493738,1.8814407966823363,1.8762269769493738,1.8778334921884683
2026-04-23 18:00:00+00:00,1.8773720409910752,1.878734257710436,1.8766493678573368,1.878734257710436
2026-04-23 19:00:00+00:00,1.878791230058887,1.8792535826924113,1.8784234028728215,1.8786319821875528
2026-04-23 20:00:00+00:00,1.878955958835894,1.8799634490779167,1.878701539397792,1.879923602845514
2026-04-23 21:00:00+00:00,1.8812073192691783,1.8812073192691783,1.8785836838609657,1.8788532846311325
2026-04-23 22:00:00+00:00,1.8792523829946144,1.8796617909580247,1.8786805891708696,1.8787962604414412
2026-04-23 23:00:00+00:00,1.8787304660489519,1.8795544177679335,1.8786269465881078,1.8794537227933712
2026-04-24 00:00:00+00:00,1.879167243048827,1.8797193312666036,1.878715814506536,1.8789919918120042
2026-04-24 01:00:00+00:00,1.8789986861212877,1.8799142046633877,1.8784392887758168,1.8794739171322639
2026-04-24 02:00:00+00:00,1.8796475600309799,1.8808478215695745,1.8796475600309799,1.8807518630357054
2026-04-24 03:00:00+00:00,1.8805085449962566,1.8816214492673218,1.880482061227313,1.8813340908146117
2026-04-24 04:00:00+00:00,1.8815116617469716,1.8817170023146506,1.879929679821704,1.880289100575982
2026-04-24 05:00:00+00:00,1.8803965550663195,1.8810124127230372,1.8797796814237635,1.8801699795138658
2026-04-24 06:00:00+00:00,1.8800033217073535,1.8815723862817844,1.8795400772072521,1.88061313504756
2026-04-24 07:00:00+00:00,1.8809101736697742,1.8809101736697742,1.8795480632268908,1.8798694563909628
2026-04-24 08:00:00+00:00,1.8799374861695026,1.8810330755716598,1.879701847549504,1.8802351313969534
2026-04-24 09:00:00+00:00,1.8802401006873812,1.8818375595172148,1.8800431529301076,1.8816652370015736
2026-04-24 10:00:00+00:00,1.881248529961118,1.882159306233658,1.881012623225071,1.881860040652089
2026-04-24 11:00:00+00:00,1.8817088345084987,1.8818429458371897,1.879033704454834,1.879726034963679
2026-04-24 12:00:00+00:00,1.8795747911920992,1.8828595918818742,1.8791622949914368,1.8828595918818742
2026-04-24 13:00:00+00:00,1.8825651801266239,1.8835686600221444,1.8815700366249701,1.8823155304234775
2026-04-24 14:00:00+00:00,1.882333420903443,1.883089221747365,1.8807297636968763,1.8816685780608753
2026-04-24 15:00:00+00:00,1.8818294873566357,1.881870940997647,1.8800899359964647,1.8802703261843972
2026-04-24 16:00:00+00:00,1.8806985116625479,1.8815785842417514,1.8806005160684924,1.8813938089720208
2026-04-24 17:00:00+00:00,1.8812177559522127,1.8818618386553656,1.880738626177371,1.8818618386553656
2026-04-24 18:00:00+00:00,1.881815547244797,1.8825964563669442,1.881815547244797,1.882492516105888
2026-04-24 19:00:00+00:00,1.8825614920884508,1.883062958671298,1.882222314174973,1.883019961098615
2026-04-24 20:00:00+00:00,1.8831871103018225,1.8837504483871819,1.8826377871283675,1.8834299917149921
2026-04-26 21:00:00+00:00,1.8834893805065283,1.8845149434181216,1.8809520526221395,1.8814426591269529
2026-04-26 22:00:00+00:00,1.8827357072942044,1.8834332988624574,1.881708426362354,1.881708426362354
2026-04-26 23:00:00+00:00,1.881824321530463,1.882189929961944,1.8814986289666917,1.882189929961944
2026-04-27 00:00:00+00:00,1.8817829724477237,1.881783720449372,1.8793561257480869,1.8793561257480869
2026-04-27 01:00:00+00:00,1.8789066259676293,1.8794473467143211,1.8781442760780827,1.878389888720974
2026-04-27 02:00:00+00:00,1.8786221678734796,1.8787608065203307,1.8772921928187067,1.8779727577305387
2026-04-27 03:00:00+00:00,1.8778384908976042,1.8784700293802645,1.8776406638206709,1.878280803865579
2026-04-27 04:00:00+00:00,1.8782121678014456,1.8794207358962338,1.8782121678014456,1.87927078897116
2026-04-27 05:00:00+00:00,1.8792125183750248,1.8793138993114213,1.8788673957245656,1.879168155702775
2026-04-27 06:00:00+00:00,1.8792427929228315,1.8800395881730292,1.8784651118043965,1.8794634267022143
2026-04-27 07:00:00+00:00,1.8791568185565835,1.8794500604329154,1.8773099559616373,1.8775779030996544
2026-04-27 08:00:00+00:00,1.8775709013075712,1.8779540526445764,1.8757807363576553,1.8760087136417776
2026-04-27 09:00:00+00:00,1.8759076088445583,1.8765833196249342,1.8756968509868877,1.8762609649122768
2026-04-27 10:00:00+00:00,1.876279758233621,1.8773242350748784,1.8759747289945004,1.8770879294043452
2026-04-27 11:00:00+00:00,1.8771376891032625,1.8776030599234979,1.8767025678971705,1.8773283625049646
2026-04-27 12:00:00+00:00,1.8771944250298032,1.8775476660092005,1.8753219707349111,1.8753219707349111
2026-04-27 13:00:00+00:00,1.8740426114955087,1.8758989110334867,1.8740426114955087,1.874594150284262
2026-04-27 14:00:00+00:00,1.8748064405618323,1.87568826188193,1.8739465907847175,1.8749264071634886
2026-04-27 15:00:00+00:00,1.8747039415138986,1.875715890718764,1.8741699185322067,1.8745601183059208
2026-04-27 16:00:00+00:00,1.8746645122418755,1.8749161131274357,1.8740788428348314,1.8740788428348314
2026-04-27 17:00:00+00:00,1.873882017778139,1.8740184456838975,1.8730936670043492,1.8735496774016756
2026-04-27 18:00:00+00:00,1.873717377902592,1.8738183312782535,1.872899116498866,1.8734976908634897
2026-04-27 19:00:00+00:00,1.873422404933192,1.873742771794235,1.8732446466002617,1.8733384493107093
2026-04-27 20:00:00+00:00,1.8735421092304487,1.8738316476166943,1.8733471272557818,1.8736945974837553
2026-04-27 21:00:00+00:00,1.8737318343844216,1.875829995061182,1.8732934919677577,1.873377646816963
2026-04-27 22:00:00+00:00,1.8737580682736936,1.873941287723045,1.8735203857956995,1.8738249883526505
2026-04-27 23:00:00+00:00,1.8738352335014212,1.873912268921378,1.8730960990576335,1.8731458781312877
2026-04-28 00:00:00+00:00,1.8732587286150604,1.8732587286150604,1.8717362432739528,1.872278068421481
2026-04-28 01:00:00+00:00,1.8721748897350863,1.874386061188088,1.8721748897350863,1.874151199637841
2026-04-28 02:00:00+00:00,1.8746483704974233,1.8750257332253641,1.8738684369342142,1.8743979912459996
2026-04-28 03:00:00+00:00,1.8742694070191765,1.874898824304113,1.8737989171406992,1.873812624220406
2026-04-28 04:00:00+00:00,1.8739563768970255,1.8743161906851078,1.8733021751346572,1.874093370809621
2026-04-28 05:00:00+00:00,1.874076206929644,1.8751029145397622,1.8739298649983498,1.8739468123061684
2026-04-28 06:00:00+00:00,1.8743306697421493,1.8759090971582513,1.8736963442748888,1.8754312892627834
2026-04-28 07:00:00+00:00,1.8749037932930142,1.8750566924588685,1.8723903322268214,1.87243617006681
2026-04-28 08:00:00+00:00,1.8725299154682142,1.8733883480481637,1.8716562868665767,1.8718754287282169
2026-04-28 09:00:00+00:00,1.8722463937193716,1.8728136412312215,1.8703187825060685,1.8706781778003447
2026-04-28 10:00:00+00:00,1.8705569126890416,1.873309324829554,1.8705569126890416,1.872486357950871
2026-04-28 11:00:00+00:00,1.8725468638337597,1.8737388336017362,1.8725158271401008,1.8730814233601722
2026-04-28 12:00:00+00:00,1.8732617375740015,1.8745410289203313,1.872249119718306,1.8734589535315178
2026-04-28 13:00:00+00:00,1.8733660467609543,1.8739018656254687,1.8716973881057895,1.8724833136484704
2026-04-28 14:00:00+00:00,1.872366143787255,1.873893562042989,1.8721300670108718,1.8735556379923843
2026-04-28 15:00:00+00:00,1.8734872731768255,1.8736434321509976,1.8721848854752394,1.8721848854752394
2026-04-28 16:00:00+00:00,1.8721588960673732,1.8729949642558175,1.871881728540666,1.872416583238473
2026-04-28 17:00:00+00:00,1.872274784039486,1.872650440413793,1.8716331985470458,1.8718029551248627
2026-04-28 18:00:00+00:00,1.8718356382176742,1.872150562691044,1.8717295067362871,1.8720679964356668
2026-04-28 19:00:00+00:00,1.8720887195163702,1.8728980935399768,1.8720047156878832,1.8728980935399768
2026-04-28 20:00:00+00:00,1.872954698193684,1.8732687930230605,1.8725744298624498,1.8725744298624498
2026-04-28 21:00:00+00:00,1.8721486866470023,1.873245812584876,1.8718659132056796,1.8718901719834284
2026-04-28 22:00:00+00:00,1.872830230071019,1.8731214348398375,1.872628317613508,1.8730648456675816
2026-04-28 23:00:00+00:00,1.8730648456675816,1.873157353445316,1.8721754025351112,1.8721754025351112
2026-04-29 00:00:00+00:00,1.8719381883938802,1.8725862376142595,1.8717123287671193,1.8725040086614457
2026-04-29 01:00:00+00:00,1.872864624749783,1.876088568995353,1.872849971195782,1.8756524366792993
2026-04-29 02:00:00+00:00,1.8752196836555317,1.87756673864308,1.8747289545192507,1.8774258324507918
2026-04-29 03:00:00+00:00,1.8770658600302448,1.8772996012649485,1.8763519920838847,1.8769990236926377
2026-04-29 04:00:00+00:00,1.876902768037618,1.8774701926647104,1.8766597938144294,1.8768181693200212
2026-04-29 05:00:00+00:00,1.8767855915308953,1.8768737794647483,1.8758386493620725,1.8762927714820077
2026-04-29 06:00:00+00:00,1.8761274887251083,1.876827153357003,1.875453695556529,1.875818341860589
2026-04-29 07:00:00+00:00,1.8767439940559691,1.8767439940559691,1.874927842986334,1.8756925445771835
2026-04-29 08:00:00+00:00,1.8754450355341072,1.8769921004101136,1.8751546306732239,1.8768836959663062
2026-04-29 09:00:00+00:00,1.8768853902895477,1.878883869546052,1.8765843253285586,1.878883869546052
2026-04-29 10:00:00+00:00,1.8784686359567548,1.8787870441775874,1.876657131855434,1.8775670210863633
2026-04-29 11:00:00+00:00,1.8774314248768769,1.877855137872196,1.8768657229719468,1.8768657229719468
2026-04-29 12:00:00+00:00,1.8771495391388047,1.8772007042253485,1.8757868117973628,1.8770988164051707
2026-04-29 13:00:00+00:00,1.8769124931205243,1.8814858816378366,1.8768485782283868,1.8809536965410498
2026-04-29 14:00:00+00:00,1.881031338086549,1.8816007741221963,1.8795039452629216,1.8808620951172728
2026-04-29 15:00:00+00:00,1.8803490680489645,1.8838260917664587,1.880243236535116,1.882421195126664
2026-04-29 16:00:00+00:00,1.8821969644657388,1.8830923079048016,1.8815101111187758,1.881771833593541
2026-04-29 17:00:00+00:00,1.881699481865281,1.8822196429558349,1.8812499136990612,1.8812499136990612
2026-04-29 18:00:00+00:00,1.8824951978220874,1.8854429502287495,1.8824456394022717,1.8839781299743883
2026-04-29 19:00:00+00:00,1.8837659821774466,1.8850517391846366,1.883654325087162,1.8836974417864563
2026-04-29 20:00:00+00:00,1.8835410815821108,1.8842054263565846,1.8832228878159414,1.883884091663895
2026-04-29 21:00:00+00:00,1.8838007696780048,1.8851548761406236,1.8835722588144082,1.8841979956812973
2026-04-29 22:00:00+00:00,1.8839735429235576,1.8843439515124631,1.8834411813505845,1.8839573449883082
2026-04-29 23:00:00+00:00,1.8838962188476704,1.8838962188476704,1.882488638404261,1.8826974611155571
2026-04-30 00:00:00+00:00,1.8827542396287862,1.8837460080461155,1.8827542396287862,1.8837460080461155
2026-04-30 01:00:00+00:00,1.883756618877102,1.8843430152143794,1.8822838670461095,1.8823196175422066
2026-04-30 02:00:00+00:00,1.8823651337607739,1.8829142809725288,1.8809974442218647,1.8812086378645687
2026-04-30 03:00:00+00:00,1.8810276952828182,1.8815425855303107,1.880286649268874,1.8815425855303107
2026-04-30 04:00:00+00:00,1.881609131864786,1.8821260713298267,1.8811782602682845,1.882058306698209
2026-04-30 05:00:00+00:00,1.8815955077935862,1.8828333725549866,1.8810307169122682,1.8826338519461776
2026-04-30 06:00:00+00:00,1.8826037600022103,1.8845371382703358,1.8821332226602985,1.8830322812646905
2026-04-30 07:00:00+00:00,1.8828141203799678,1.8833577489703923,1.8821384169084083,1.8823968175037247
2026-04-30 08:00:00+00:00,1.8824626092720675,1.8826331924765882,1.8814496992439662,1.8817063234502047
2026-04-30 09:00:00+00:00,1.8813856519578016,1.8821393062306624,1.8791791846972195,1.88024529731964
2026-04-30 10:00:00+00:00,1.8800225982472532,1.8805844879538745,1.878927962137467,1.8805062594579678
2026-04-30 11:00:00+00:00,1.8795994442839605,1.8809350191929293,1.8790518722088585,1.880003303419034
2026-04-30 12:00:00+00:00,1.8795601855037318,1.8808923428823345,1.879480440854736,1.8803690697514237
2026-04-30 13:00:00+00:00,1.8798540347011796,1.8800583804920985,1.8766349747197142,1.8775347475219575
2026-04-30 14:00:00+00:00,1.877071937106568,1.880428976455598,1.875869926287898,1.880051508260496
2026-04-30 15:00:00+00:00,1.8803286545703484,1.8812212234159134,1.8796438356164338,1.8808538056591313
2026-04-30 16:00:00+00:00,1.8805845339767184,1.8818502311417118,1.880111753266313,1.8809262661438433
2026-04-30 17:00:00+00:00,1.8808469814294477,1.8813366424878941,1.880591492160943,1.8808903752844057
2026-04-30 18:00:00+00:00,1.8808111255737434,1.8808111255737434,1.879928879162958,1.8800290009712541
2026-04-30 19:00:00+00:00,1.8802122509265415,1.8807501333661572,1.8800404742045267,1.880638673398181
2026-04-30 20:00:00+00:00,1.8804918750341912,1.8807956986305072,1.8791363561778656,1.8796203864509644
2026-04-30 21:00:00+00:00,1.8807812863575968,1.8819058314388186,1.879497140981091,1.8796202566277214
2026-04-30 22:00:00+00:00,1.8798172916495681,1.87995787515728,1.8793589147498797,1.8795152708820548
2026-04-30 23:00:00+00:00,1.8795355389307504,1.8795371864657087,1.8782974768322311,1.8790667778947758
2026-05-01 00:00:00+00:00,1.879395472885177,1.8802167428368095,1.8788264085421666,1.879261538461534
2026-05-01 01:00:00+00:00,1.8793593916682583,1.8799326802035972,1.8789631270251383,1.8793327408217637
2026-05-01 02:00:00+00:00,1.8793671630361912,1.880201420341808,1.8788678110649424,1.8798588505621316
2026-05-01 03:00:00+00:00,1.8799463814304627,1.8805375740738164,1.8796422906525143,1.8803147451248672
2026-05-01 04:00:00+00:00,1.8804176759589943,1.8811679152001493,1.8804176759589943,1.8809054309424
2026-05-01 05:00:00+00:00,1.8808418573443382,1.8808418573443382,1.8795772816251617,1.8801687416964528
2026-05-01 06:00:00+00:00,1.8800766808160987,1.8820551412738546,1.8794130128266513,1.881570484310206
2026-05-01 07:00:00+00:00,1.8812084393727897,1.8815946134581394,1.8796177298952679,1.8807220177083148
2026-05-01 08:00:00+00:00,1.880674821443227,1.881701591820529,1.880609884620118,1.8813434061422196
2026-05-01 09:00:00+00:00,1.8813095368444064,1.8819933664099078,1.8810260341098808,1.8817596272440686
2026-05-01 10:00:00+00:00,1.881824909549387,1.8827550307529992,1.8816548586463446,1.8822393558017516
2026-05-01 11:00:00+00:00,1.8822659491434865,1.8828773313614287,1.8815499719604396,1.882532428438505
2026-05-01 12:00:00+00:00,1.8824302134646922,1.8833604439766487,1.8820962490766286,1.8823915450978204
2026-05-01 13:00:00+00:00,1.8824462339864054,1.8826432272087228,1.8805330274978798,1.880765134758741
2026-05-01 14:00:00+00:00,1.88028390090766,1.8802875499597551,1.877435463624948,1.8778707203580596
2026-05-01 15:00:00+00:00,1.8780294759825287,1.8780913905115422,1.876416599615417,1.8770790410828024
2026-05-01 16:00:00+00:00,1.8768384860970846,1.877385906269182,1.8756669714379248,1.875846624426476
2026-05-01 17:00:00+00:00,1.8757253450935907,1.8757850472393598,1.87483281015422,1.875402895383771
2026-05-01 18:00:00+00:00,1.8753533725741869,1.8756987248698178,1.874108874382012,1.8741189968857521
2026-05-01 19:00:00+00:00,1.8739517604960485,1.8744364600125647,1.8738490122680906,1.8740142413929735
2026-05-01 20:00:00+00:00,1.8739493501346158,1.875258169085359,1.8738092309374403,1.8739676201936184
2026-05-03 21:00:00+00:00,1.8740396445659562,1.8758739584330957,1.8737085223856078,1.8752359071141331
2026-05-03 22:00:00+00:00,1.875222279977015,1.875222279977015,1.8735849056603724,1.8742783660291615
2026-05-03 23:00:00+00:00,1.874563840122599,1.8746630174478227,1.8740233974139648,1.8744780757594377
2026-05-04 00:00:00+00:00,1.874674808993067,1.8752875766871118,1.8740556224679683,1.8752293075596151
2026-05-04 01:00:00+00:00,1.8753080672544997,1.8760861818480807,1.8749452234881634,1.8750051339621814
2026-05-04 02:00:00+00:00,1.875313223151807,1.8762676094940476,1.8750855765807657,1.8753097744978526
2026-05-04 03:00:00+00:00,1.8752652547129725,1.8757893294979748,1.8750034196919494,1.8756071198916373
2026-05-04 04:00:00+00:00,1.8755780544534089,1.8760253618722822,1.875203569131388,1.8758061645054795
2026-05-04 05:00:00+00:00,1.875833641455427,1.876762251846164,1.8756486616005978,1.8763949555668094
2026-05-04 06:00:00+00:00,1.8764652716914938,1.8779574538122819,1.8763984936665474,1.8772759679719155
2026-05-04 07:00:00+00:00,1.8774253705760506,1.8778753774361743,1.8766431570569946,1.8771135265700436
2026-05-04 08:00:00+00:00,1.8772974976321481,1.8772974976321481,1.8750222831676329,1.8754732510288017
2026-05-04 09:00:00+00:00,1.8753891944532024,1.8754526003949916,1.874425811405609,1.874646882970841
2026-05-04 10:00:00+00:00,1.8747222907923922,1.877604955264964,1.8747222907923922,1.8759082979629356
2026-05-04 11:00:00+00:00,1.8754514370459834,1.8772535375898955,1.8754514370459834,1.8769160972793089
2026-05-04 12:00:00+00:00,1.8767820073960988,1.877050868401176,1.8763105890102603,1.8767420466559517
2026-05-04 13:00:00+00:00,1.8777809841832547,1.8780072503570204,1.8766133904542164,1.877630060978955
2026-05-04 14:00:00+00:00,1.8774481527262692,1.8780347138306004,1.8763626877557138,1.877098271930543
2026-05-04 15:00:00+00:00,1.8767202307375312,1.879157198925837,1.8767044284243,1.879093788734329
2026-05-04 16:00:00+00:00,1.8790069398545886,1.8796659914844314,1.8786526756451518,1.8792499655314991
2026-05-04 17:00:00+00:00,1.8793255576695018,1.8793255576695018,1.8780608663335623,1.8782297474017435
2026-05-04 18:00:00+00:00,1.8782885226944155,1.8782885226944155,1.8776984356296647,1.8779272957428608
2026-05-04 19:00:00+00:00,1.878013872068695,1.8785851913019493,1.877864905764199,1.87815987560032
2026-05-04 20:00:00+00:00,1.8782394472811303,1.878870523415973,1.8781806922177064,1.8787010769273094
2026-05-04 21:00:00+00:00,1.8785261707988934,1.878795807913179,1.8759174343509402,1.877263775461013
2026-05-04 22:00:00+00:00,1.8769497638944286,1.877397854496876,1.8768222678028115,1.8769362100538305
2026-05-04 23:00:00+00:00,1.8768845258911435,1.8774268168424482,1.8768601753830434,1.8774043426179574
2026-05-05 00:00:00+00:00,1.8772149633076733,1.8787427626137252,1.876785665134453,1.8783714872445063
2026-05-05 01:00:00+00:00,1.87863455254849,1.879407587186448,1.8782582325940376,1.8793122466425782
2026-05-05 02:00:00+00:00,1.8793139106815344,1.8793139106815344,1.8775690120667754,1.8785093099218493
2026-05-05 03:00:00+00:00,1.87856985334656,1.8797422950638694,1.8783398327155425,1.8796507056242966
2026-05-05 04:00:00+00:00,1.8797092052806506,1.8797583581595447,1.8760994948173995,1.8793327078043884
2026-05-05 05:00:00+00:00,1.8794733428102135,1.88427980807787,1.8791474098089211,1.8829057938965008
2026-05-05 06:00:00+00:00,1.8826374112250204,1.8838089449984756,1.8817550304520105,1.8834986324833498
2026-05-05 07:00:00+00:00,1.8834534559412317,1.8835510508437079,1.8811500275785937,1.8822539253290604
2026-05-05 08:00:00+00:00,1.882055951001485,1.8821566004165295,1.8805367648071813,1.8814178569458946
2026-05-05 09:00:00+00:00,1.8812264762246098,1.881570055305,1.8798110036642095,1.8798110036642095
2026-05-05 10:00:00+00:00,1.879770203620528,1.8800848859001165,1.878262903691875,1.8792196706867066
2026-05-05 11:00:00+00:00,1.8793158061450697,1.8794837181111856,1.876743802107691,1.8774474057155384
2026-05-05 12:00:00+00:00,1.8775835970826977,1.8775996146170206,1.8756097225848065,1.8770457983771096
2026-05-05 13:00:00+00:00,1.876770343481006,1.8772279404691505,1.8760838199931247,1.8768898784979884
2026-05-05 14:00:00+00:00,1.8768945379594593,1.8780021721497357,1.8762291929901616,1.8764981260553761
2026-05-05 15:00:00+00:00,1.876635591009565,1.8767112002087032,1.8755385417524166,1.8762173877259831
2026-05-05 16:00:00+00:00,1.876459531029179,1.8768491834774206,1.875643542607664,1.875679683638156
2026-05-05 17:00:00+00:00,1.8756023558807733,1.875744762636935,1.87451281769775,1.874823225735582
2026-05-05 18:00:00+00:00,1.8747254255903298,1.874728865215118,1.8740991887551255,1.8744851447086557
2026-05-05 19:00:00+00:00,1.8745572366072605,1.8751322605911487,1.8743991870141947,1.8749106995658578
2026-05-05 20:00:00+00:00,1.8748849414059767,1.8749553510097492,1.874314762657136,1.8743885682879864
2026-05-05 21:00:00+00:00,1.8751615120274865,1.875702952054884,1.873835499738927,1.8743285017517297
2026-05-05 22:00:00+00:00,1.8748385501112923,1.8749982825659783,1.8729523365638956,1.8733081933493265
2026-05-05 23:00:00+00:00,1.8736868091175858,1.8738442572426495,1.8728171695451445,1.8730956817185396
2026-05-06 00:00:00+00:00,1.8729075915728284,1.8729075915728284,1.868802513832907,1.868802513832907
2026-05-06 01:00:00+00:00,1.8688363323359378,1.8692158416923992,1.8666539332587468,1.8672901023890736
2026-05-06 02:00:00+00:00,1.867400147424167,1.8677578769180314,1.865306957708044,1.865306957708044
2026-05-06 03:00:00+00:00,1.865246098439371,1.865246098439371,1.863731141910948,1.8652211290476595
2026-05-06 04:00:00+00:00,1.8653746417360397,1.8659517060939663,1.864117334640678,1.86550958407694
2026-05-06 05:00:00+00:00,1.8654616285722019,1.8655795324505426,1.8637985023825683,1.864147603485834
2026-05-06 06:00:00+00:00,1.8644949543096003,1.8655154084149932,1.8642267788579316,1.8643103190055363
2026-05-06 07:00:00+00:00,1.8653534404075858,1.8680076367107548,1.8642261037670298,1.867412575976446
2026-05-06 08:00:00+00:00,1.8677244349935884,1.8690235782119806,1.8657328786664262,1.8664020444782723
2026-05-06 09:00:00+00:00,1.8667790893760488,1.8677108991195193,1.865885646719847,1.8660605072168264
2026-05-06 10:00:00+00:00,1.8659173077445785,1.867270846940992,1.864012051626557,1.8658428949691037
2026-05-06 11:00:00+00:00,1.866682967913707,1.8693065802727893,1.8661313551262144,1.8685768733410415
2026-05-06 12:00:00+00:00,1.8690294646261048,1.8710557548804225,1.868964765809074,1.8702292158119318
2026-05-06 13:00:00+00:00,1.8703145666016667,1.8711768639707338,1.8698036006546594,1.8705408907987124
2026-05-06 14:00:00+00:00,1.8704150809564681,1.87094484857583,1.8685530476501966,1.8686714468769547
2026-05-06 15:00:00+00:00,1.8685979142526021,1.8695142081497294,1.8682126157076007,1.8690123743127227
2026-05-06 16:00:00+00:00,1.8691873157952137,1.8692958515283793,1.8687079563906237,1.8691757251324579
2026-05-06 17:00:00+00:00,1.869272476475323,1.8696607440159343,1.868726026836288,1.8690247130907007
2026-05-06 18:00:00+00:00,1.8688652085522046,1.8688652085522046,1.8676456552269483,1.8679566901216336
2026-05-06 19:00:00+00:00,1.8679301881647075,1.8679301881647075,1.8672910191395335,1.8677220540511008
2026-05-06 20:00:00+00:00,1.8678221264642059,1.8679957998663543,1.867540366572109,1.8677858389701019
2026-05-06 21:00:00+00:00,1.867798136349368,1.867835459444705,1.8657526031728682,1.8662241546157052
2026-05-06 22:00:00+00:00,1.8668193405035467,1.8672138075827145,1.8663595726122941,1.8668765674408416
2026-05-06 23:00:00+00:00,1.8669983642311845,1.8672039052060279,1.866690288642368,1.8670629780619785
2026-05-07 00:00:00+00:00,1.8669229510878411,1.8677078360499173,1.8665376385121737,1.867136585498864
2026-05-07 01:00:00+00:00,1.8677232800480068,1.8677232800480068,1.8658908397985532,1.866450620225755
2026-05-07 02:00:00+00:00,1.8664080049009553,1.8673424896446433,1.8664080049009553,1.8667819833562562
2026-05-07 03:00:00+00:00,1.8669709147878166,1.8671026636691825,1.8655451883130105,1.8655923499203075
2026-05-07 04:00:00+00:00,1.8654071430517296,1.8658230951537724,1.8644658238872138,1.864872590656644
2026-05-07 05:00:00+00:00,1.8648273421443013,1.8651301459376994,1.864004354037685,1.8646282859359855
2026-05-07 06:00:00+00:00,1.8650562379149715,1.8656431772670885,1.864039917880106,1.8644007837161165
2026-05-07 07:00:00+00:00,1.864474346589745,1.8659802227995437,1.8634757555990389,1.8643508266652136
2026-05-07 08:00:00+00:00,1.8641889780892955,1.8654233048773814,1.8636641449468223,1.8652351182386473
2026-05-07 09:00:00+00:00,1.8654233048773814,1.8661671109176914,1.864523317751925,1.864523317751925
2026-05-07 10:00:00+00:00,1.864493157386892,1.8661446225376195,1.8641970277392843,1.8657493643693275
2026-05-07 11:00:00+00:00,1.8657394189066046,1.8660666947620232,1.8644692129944227,1.8648046211348919
2026-05-07 12:00:00+00:00,1.86493612394672,1.8675898468318917,1.86493612394672,1.867012160287272
2026-05-07 13:00:00+00:00,1.86724724452306,1.8690064530182111,1.8670610635114875,1.8675449818983545
2026-05-07 14:00:00+00:00,1.867596814809769,1.8682945430279545,1.8661071360557127,1.8665778635603658
2026-05-07 15:00:00+00:00,1.866871465854715,1.8683536718239224,1.8664917551419868,1.868232793274009
2026-05-07 16:00:00+00:00,1.86843934417292,1.86843934417292,1.8665231138246792,1.866632141299603
2026-05-07 17:00:00+00:00,1.8665848838001728,1.866752169404569,1.8657635803646826,1.8661857553897927
2026-05-07 18:00:00+00:00,1.8662211918723537,1.8679675551671355,1.8659193497797555,1.8669259107654477
2026-05-07 19:00:00+00:00,1.8670815251507913,1.8683073557560799,1.8670815251507913,1.8683073557560799
2026-05-07 20:00:00+00:00,1.8680228027724188,1.8692521458199247,1.8671791790698262,1.8687333196468854
2026-05-07 21:00:00+00:00,1.8688600873171155,1.8707856702513828,1.8688600873171155,1.8699219285029405
2026-05-07 22:00:00+00:00,1.8706070944140691,1.8711679982458742,1.8696604600219016,1.8703485504466444
2026-05-07 23:00:00+00:00,1.8702478319838844,1.870607575861356,1.8697450223208127,1.8700628396971601
2026-05-08 00:00:00+00:00,1.8698550446911275,1.8711781715522988,1.8696039102397306,1.8696771366760643
2026-05-08 01:00:00+00:00,1.869898552907187,1.870275302202687,1.8685920676398518,1.8699752268590077
2026-05-08 02:00:00+00:00,1.870184804928127,1.8704441796441589,1.8693207469731128,1.8696348406876118
2026-05-08 03:00:00+00:00,1.869650311366587,1.86972351491924,1.8674484719260793,1.86822596088086
2026-05-08 04:00:00+00:00,1.8682367744406108,1.8690813131520254,1.8677536727491546,1.868335087407565
2026-05-08 05:00:00+00:00,1.8683832875476607,1.869311966746878,1.8683832875476607,1.868785266350603
2026-05-08 06:00:00+00:00,1.8690869838493658,1.8696685377145854,1.8685363955377703,1.8696685377145854
2026-05-08 07:00:00+00:00,1.8696459790209747,1.8703837798696552,1.8694702050070295,1.869774304606805
2026-05-08 08:00:00+00:00,1.8696834310229355,1.8718848096082936,1.8696311475409793,1.8713695210291486
2026-05-08 09:00:00+00:00,1.8715416098226423,1.8721612621465182,1.8708199850044263,1.8716881770307467
2026-05-08 10:00:00+00:00,1.8717105711908064,1.8717105711908064,1.8694543322013513,1.8694543322013513
2026-05-08 11:00:00+00:00,1.8692201753548643,1.8712353816132379,1.8687726665394115,1.87095586229472
2026-05-08 12:00:00+00:00,1.8708190102035205,1.8719016160733741,1.8690341644085524,1.8704817223653845
2026-05-08 13:00:00+00:00,1.8704610224034208,1.8717140283351033,1.8698997657569276,1.870707979071284
2026-05-08 14:00:00+00:00,1.8707848322111016,1.870803357314144,1.8691676659762304,1.8706178895020054
2026-05-08 15:00:00+00:00,1.870440765719731,1.871432076551889,1.8701196087513239,1.8709097103918182
2026-05-08 16:00:00+00:00,1.8707453331516513,1.871103599612911,1.8700344775895625,1.870278743269947
2026-05-08 17:00:00+00:00,1.8701442084889415,1.8703892953984886,1.8698690789204757,1.8701369489677684
2026-05-08 18:00:00+00:00,1.8702654095590998,1.8705505587353457,1.8699596774193505,1.8705505587353457
2026-05-08 19:00:00+00:00,1.8704834050901913,1.8705124187637052,1.8698766306271914,1.8703385906131633
2026-05-08 20:00:00+00:00,1.870491446006316,1.8711816857100012,1.870213519254857,1.870995871540878
2026-05-10 21:00:00+00:00,1.8719342707652016,1.8774035183417386,1.871845877159514,1.875891797509101
2026-05-10 22:00:00+00:00,1.8765506147932018,1.876780675327503,1.8748536897405836,1.875425366836355
2026-05-10 23:00:00+00:00,1.8754542855976106,1.8760038110793478,1.8749370739737914,1.8760038110793478
2026-05-11 00:00:00+00:00,1.875920456246848,1.8763356700469567,1.8752601014565637,1.8757244306587175
2026-05-11 01:00:00+00:00,1.8757584002176535,1.8770859158958666,1.8757584002176535,1.8759936839812654
2026-05-11 02:00:00+00:00,1.8758284679976542,1.8768434670116387,1.8756241241854033,1.876559350656421
2026-05-11 03:00:00+00:00,1.8765253867945046,1.8768558119262262,1.8762339165361785,1.87657482191743
2026-05-11 04:00:00+00:00,1.8766923642703375,1.8774083662624288,1.8759945504087152,1.8759945504087152
2026-05-11 05:00:00+00:00,1.8761171662125298,1.8762924516735415,1.875439217715791,1.8757626933972498
2026-05-11 06:00:00+00:00,1.8758085381629968,1.8758085381629968,1.8737890497441991,1.8748300244764704
2026-05-11 07:00:00+00:00,1.8751019853141098,1.876090180551583,1.8749813049803488,1.875159790029098
2026-05-11 08:00:00+00:00,1.8751291954523157,1.8769433751819213,1.8746907706945726,1.8768075526111692
2026-05-11 09:00:00+00:00,1.8767546245919435,1.8770438283864257,1.875758235182108,1.8760851225950375
2026-05-11 10:00:00+00:00,1.8757228973043538,1.8758487433835387,1.8725752735675885,1.8731000353481753
2026-05-11 11:00:00+00:00,1.8731647634583963,1.875873317928499,1.873144472839972,1.875448613376831
2026-05-11 12:00:00+00:00,1.8753330433364102,1.8763942543119825,1.8751087665869,1.8759668846263602
2026-05-11 13:00:00+00:00,1.8759497111790646,1.8759497111790646,1.8748286392941935,1.8749151622098503
2026-05-11 14:00:00+00:00,1.8748269403045805,1.8765470632938834,1.8741315675206207,1.8765470632938834
2026-05-11 15:00:00+00:00,1.87699344453643,1.8776996961146042,1.8765351680712141,1.8775897860331285
2026-05-11 16:00:00+00:00,1.877637417061285,1.8784594910236516,1.8770946688557466,1.8782067822851123
2026-05-11 17:00:00+00:00,1.8781759665394653,1.8785166066698324,1.877416377063419,1.8779140021451903
2026-05-11 18:00:00+00:00,1.8777898452348585,1.8777898452348585,1.876549916477662,1.8769441840879104
2026-05-11 19:00:00+00:00,1.8769441840879104,1.8769458556331287,1.8754261807413806,1.8754261807413806
2026-05-11 20:00:00+00:00,1.875612969830334,1.8757217188115543,1.8740933909216813,1.874303800907432
2026-05-11 21:00:00+00:00,1.874318796461135,1.8749269512509978,1.8737045136577835,1.8738775454755359
2026-05-11 22:00:00+00:00,1.8734637895680233,1.8737861440464993,1.8732568402471268,1.8737436844678612
2026-05-11 23:00:00+00:00,1.873680922437556,1.8743663962384611,1.8735045288501968,1.874289985052312
2026-05-12 00:00:00+00:00,1.8750203970628185,1.8760559931436922,1.8747264398439476,1.8757468120143126
2026-05-12 01:00:00+00:00,1.8752976069003944,1.8769696308816266,1.8751598944016503,1.875546297430866
2026-05-12 02:00:00+00:00,1.8756024506466937,1.8761336710515526,1.8749795918367302,1.8751684062980511
2026-05-12 03:00:00+00:00,1.8751445873307433,1.8761134264934176,1.8751445873307433,1.8756792830584381
2026-05-12 04:00:00+00:00,1.875526018330628,1.875526018330628,1.8742241942508666,1.8751293361651105
2026-05-12 05:00:00+00:00,1.8750969955211845,1.8751089087344766,1.873640657112132,1.8742101536115003
2026-05-12 06:00:00+00:00,1.874925088531731,1.8753751705320556,1.8743331195677344,1.8748208313425658
2026-05-12 07:00:00+00:00,1.874808889374245,1.8751381969562506,1.8696197869060407,1.8698843173633048
2026-05-12 08:00:00+00:00,1.8695509847782155,1.8714038222816327,1.8681672464361183,1.8714038222816327
2026-05-12 09:00:00+00:00,1.8716290870401395,1.8721653704461683,1.8708855238588458,1.8711409761882003
2026-05-12 10:00:00+00:00,1.8713705390005135,1.872254618780311,1.8700160793611822,1.8700682775256507
2026-05-12 11:00:00+00:00,1.8698318388705633,1.8705172225855635,1.8686253677672393,1.8688759040575282
2026-05-12 12:00:00+00:00,1.8688533522216426,1.8697009776517226,1.8686943013653783,1.8690477811517
2026-05-12 13:00:00+00:00,1.8689678649237431,1.8698874628736435,1.8680836569248545,1.8687692685455448
2026-05-12 14:00:00+00:00,1.8690006955715235,1.8692288835017528,1.8667937891582636,1.8674301744447277
2026-05-12 15:00:00+00:00,1.8675511121402355,1.8697673150584055,1.866747467044336,1.8697039097006336
2026-05-12 16:00:00+00:00,1.8697649689169986,1.8708022324413531,1.8691190099765533,1.8702925444820395
2026-05-12 17:00:00+00:00,1.8701869286396462,1.8703900709219814,1.8684027635828413,1.868462649551681
2026-05-12 18:00:00+00:00,1.868559826672295,1.868559826672295,1.8668734862709833,1.867268199077283
2026-05-12 19:00:00+00:00,1.867328888284116,1.8677681451338468,1.8671281123787982,1.8673150163220844
2026-05-12 20:00:00+00:00,1.867572641201432,1.8676198509005775,1.8668416543132602,1.8669794641642823
2026-05-12 21:00:00+00:00,1.8651220971338403,1.8673561028711347,1.8651220971338403,1.8670358226418646
2026-05-12 22:00:00+00:00,1.8670012376405907,1.867293227969475,1.866717430618818,1.867293227969475
2026-05-12 23:00:00+00:00,1.8672424345460688,1.8674574242341762,1.8668344100645995,1.8673379141438156
2026-05-13 00:00:00+00:00,1.8671809104018677,1.8678207850182336,1.867088349316462,1.8676282487413212
2026-05-13 01:00:00+00:00,1.8675874268607933,1.8679157929137462,1.8659981520734779,1.8664799760745996
2026-05-13 02:00:00+00:00,1.8663920832993461,1.867375809347621,1.866057714526495,1.8673141799978197
2026-05-13 03:00:00+00:00,1.8674720102300357,1.8682039693991408,1.867449390509356,1.8682018618324312
2026-05-13 04:00:00+00:00,1.8681474222875458,1.868329679606755,1.8677291161980416,1.867747335755988
2026-05-13 05:00:00+00:00,1.8677427257138153,1.868878335533205,1.8677427257138153,1.8684729533058544
2026-05-13 06:00:00+00:00,1.8686247568258763,1.8686247568258763,1.866690254888882,1.866690254888882
2026-05-13 07:00:00+00:00,1.8668726015839712,1.8672163040964271,1.865823301367064,1.8661521289338954
2026-05-13 08:00:00+00:00,1.86595258186569,1.8662910184693657,1.8648262732032324,1.8648262732032324
2026-05-13 09:00:00+00:00,1.864319421212241,1.8651104581564875,1.8627882941688387,1.8630321317892637
2026-05-13 10:00:00+00:00,1.8629444384038234,1.8631717726370687,1.8608189994837057,1.8608189994837057
2026-05-13 11:00:00+00:00,1.8606809042495338,1.8610484550370916,1.8593701193758194,1.8597758913412523
2026-05-13 12:00:00+00:00,1.8599019381476865,1.8609192276312168,1.859558733568055,1.8600625509926532
2026-05-13 13:00:00+00:00,1.8602482361097856,1.8628920381905678,1.859507276705028,1.8620347596852833
2026-05-13 14:00:00+00:00,1.8621692510498309,1.862246491978751,1.8589597415641839,1.8593255987516077
2026-05-13 15:00:00+00:00,1.8594417834705992,1.860130559287756,1.8576460387991722,1.85883788731439
2026-05-13 16:00:00+00:00,1.8586750189825318,1.8587879445514432,1.8581830508474535,1.8587879445514432
2026-05-13 17:00:00+00:00,1.8586076412906336,1.859302483376302,1.8580628541988626,1.859302483376302
2026-05-13 18:00:00+00:00,1.859488654869174,1.8604303849025823,1.8585706536479483,1.8599381241858406
2026-05-13 19:00:00+00:00,1.859896893230223,1.8615572601995751,1.8597340930674224,1.8615572601995751
2026-05-13 20:00:00+00:00,1.8616270229173417,1.8619214471968673,1.8601234484161937,1.8606090213320265
2026-05-13 21:00:00+00:00,1.8597095942461626,1.8608120766191947,1.8596298407012364,1.86004912937855
2026-05-13 22:00:00+00:00,1.8603310269976894,1.8609011844836671,1.8601869057468734,1.8601869057468734
2026-05-13 23:00:00+00:00,1.8602392643029562,1.8617838718436017,1.8601556990180617,1.8614862572107187
2026-05-14 00:00:00+00:00,1.8616963509991271,1.8631072840126544,1.8615837607533408,1.8625605930995113
2026-05-14 01:00:00+00:00,1.8627498913515823,1.8633615477629946,1.8625823541397772,1.8629859629574228
2026-05-14 02:00:00+00:00,1.8631983800165763,1.8632799228061552,1.8614735070118473,1.8615670780552007
2026-05-14 03:00:00+00:00,1.8616368425340064,1.862723790377349,1.8616368425340064,1.8622192651332008
2026-05-14 04:00:00+00:00,1.8621340502960144,1.862230489328188,1.860830405707848,1.8610817118510639
2026-05-14 05:00:00+00:00,1.8610176390773365,1.8612747360134598,1.858541214750538,1.8595874609852043
2026-05-14 06:00:00+00:00,1.8596217506919155,1.860072147332443,1.8590724165988566,1.8598511045116106
2026-05-14 07:00:00+00:00,1.8597019378110422,1.8617206406177733,1.85900496432737,1.8617206406177733
2026-05-14 08:00:00+00:00,1.861418029110772,1.8614699210844394,1.860118401042794,1.8609519671997568
2026-05-14 09:00:00+00:00,1.8608565804656172,1.8627653502215173,1.860756571800995,1.8614289208359334
2026-05-14 10:00:00+00:00,1.8612420689374032,1.8632871459457947,1.8610824322121353,1.8623183480376788
2026-05-14 11:00:00+00:00,1.8628970844212316,1.8633013299970043,1.861625297517847,1.861625297517847
2026-05-14 12:00:00+00:00,1.8622772411916706,1.8637990392858559,1.8622772411916706,1.8637879179651842
2026-05-14 13:00:00+00:00,1.863930209453294,1.866373962012022,1.863930209453294,1.866373962012022
2026-05-14 14:00:00+00:00,1.865854157294176,1.8665376121274875,1.862111699737157,1.8622606042444179
2026-05-14 15:00:00+00:00,1.8626107099059777,1.8634188896310087,1.8618786788750774,1.8624580914220255
2026-05-14 16:00:00+00:00,1.8625126066454016,1.8625126066454016,1.8578345130450158,1.8584497920785286
2026-05-14 17:00:00+00:00,1.8581807772522145,1.8583073211291754,1.8532846416940287,1.853421838156115
2026-05-14 18:00:00+00:00,1.8536761598342177,1.8537027694069803,1.8511310983919282,1.8524393567729585
2026-05-14 19:00:00+00:00,1.8522999781992546,1.8533082368345635,1.8522999781992546,1.852849331133319
2026-05-14 20:00:00+00:00,1.8530462528635279,1.853057885048063,1.8522053309700688,1.853057885048063
2026-05-14 21:00:00+00:00,1.8528296740760903,1.85372507297378,1.852046799574545,1.8527911860154316
2026-05-14 22:00:00+00:00,1.852690561561844,1.8528906463048775,1.8520835889256904,1.8521477159643893
2026-05-14 23:00:00+00:00,1.85206390751949,1.853124616161474,1.8509477703531938,1.853124616161474
2026-05-15 00:00:00+00:00,1.8528673199224788,1.8540675742168238,1.8520721359779515,1.8537155192436394
2026-05-15 01:00:00+00:00,1.8540448209893372,1.8566126116254822,1.853600896125891,1.8565128064648637
2026-05-15 02:00:00+00:00,1.8563112912945776,1.8566398597087272,1.8555309371409774,1.856329469088317
2026-05-15 03:00:00+00:00,1.856054075503191,1.8570255062225285,1.8560071154898699,1.8563002093911194
2026-05-15 04:00:00+00:00,1.8562961949082906,1.857624609310738,1.8558896385608084,1.857624609310738
2026-05-15 05:00:00+00:00,1.8578421290773683,1.8608277189605351,1.8578421290773683,1.8605473047304688
2026-05-15 06:00:00+00:00,1.8604504083372249,1.8618270844221894,1.8588705798276557,1.8612928948526133
2026-05-15 07:00:00+00:00,1.861160002200095,1.8618298176224966,1.8602946223863548,1.8614243527230232
2026-05-15 08:00:00+00:00,1.861337728334016,1.8618514191464464,1.860936254432498,1.861479423415489
2026-05-15 09:00:00+00:00,1.8615177195685628,1.8648693328190182,1.8609815495108721,1.8641903896211172
2026-05-15 10:00:00+00:00,1.8642854192198022,1.8649437552492765,1.8617723325147106,1.8625171561899494
2026-05-15 11:00:00+00:00,1.8625446060938746,1.865307077295679,1.8624902200321152,1.8645948029068447
2026-05-15 12:00:00+00:00,1.8647432103183847,1.865173026342964,1.8634437013183567,1.8634437013183567
2026-05-15 13:00:00+00:00,1.8636926719154283,1.8649363531162135,1.8625869071384278,1.8632914181828155
2026-05-15 14:00:00+00:00,1.863351470486944,1.863351470486944,1.8605712400692704,1.8619233044842207
2026-05-15 15:00:00+00:00,1.8615585666139307,1.8623324064642197,1.859278017093072,1.861036922822761
2026-05-15 16:00:00+00:00,1.860917213938564,1.860917213938564,1.858852826658224,1.859449793672623
2026-05-15 17:00:00+00:00,1.859393055631977,1.859484358886211,1.8585236412632464,1.858622112211217
2026-05-15 18:00:00+00:00,1.85854141458585,1.859835602858358,1.8584943279477442,1.859108799163291
2026-05-15 19:00:00+00:00,1.8592033912301424,1.8601737502237234,1.859179741260662,1.8595778662003786
2026-05-15 20:00:00+00:00,1.8597612195155495,1.8614422136173807,1.8350004133256161,1.8350004133256161
2026-05-17 21:00:00+00:00,1.8347683533317702,1.8347683533317702,1.8306764148091113,1.831896255346065
2026-05-17 22:00:00+00:00,1.8322263019651501,1.8322263019651501,1.8297506803375552,1.8308544564799005
2026-05-17 23:00:00+00:00,1.8307032495738687,1.8353072564077788,1.8307032495738687,1.834975946627701
2026-05-18 00:00:00+00:00,1.8352978479948134,1.8370648483008005,1.8352978479948134,1.8362093937512902
2026-05-18 01:00:00+00:00,1.836207372254715,1.8365352765816472,1.8350612109848874,1.8355920753312258
2026-05-18 02:00:00+00:00,1.835688972849241,1.8362991778403102,1.8350031006683636,1.8360368561891334
2026-05-18 03:00:00+00:00,1.8355671382477012,1.8362001186255952,1.8342654837998646,1.8343205862904974
2026-05-18 04:00:00+00:00,1.834511262657571,1.8353591312496524,1.8341687782306908,1.8353591312496524
2026-05-18 05:00:00+00:00,1.835522416858467,1.8367124722616537,1.8353036816578456,1.8363305634792648
2026-05-18 06:00:00+00:00,1.8364908993207187,1.8374922579313162,1.836301869146022,1.8365206153676923
2026-05-18 07:00:00+00:00,1.8365531370742612,1.83706281203152,1.8345762432532622,1.8353122251539111
2026-05-18 08:00:00+00:00,1.8350688243536528,1.8374905621525128,1.8350688243536528,1.8370381557810305
2026-05-18 09:00:00+00:00,1.8366764144596808,1.8371521195637215,1.8351551771491321,1.8356614061834682
2026-05-18 10:00:00+00:00,1.8359385731161204,1.8363743782803412,1.834899310420613,1.8353932661506496
2026-05-18 11:00:00+00:00,1.8355328274496838,1.8368924838979879,1.8347505280193077,1.8364881744931412
2026-05-18 12:00:00+00:00,1.8363321941779525,1.8370810410349954,1.8340996168582346,1.834513165281446
2026-05-18 13:00:00+00:00,1.8344238508500534,1.835890621146941,1.8341347141741642,1.8352196431996906
2026-05-18 14:00:00+00:00,1.835623758306499,1.8394271827330988,1.835623758306499,1.83925972706554
2026-05-18 15:00:00+00:00,1.8391861837950605,1.8431399467340241,1.8391726524838259,1.8425937366997516
2026-05-18 16:00:00+00:00,1.842406601403207,1.8454372075792682,1.842406601403207,1.843321577076669
2026-05-18 17:00:00+00:00,1.843744423855601,1.843744423855601,1.8420807091205942,1.8420807091205942
2026-05-18 18:00:00+00:00,1.84197381782254,1.8433827672938659,1.84197381782254,1.8428490905841406
2026-05-18 19:00:00+00:00,1.8429814552602974,1.8429814552602974,1.84060175099675,1.8418620595091153
2026-05-18 20:00:00+00:00,1.8420922739425487,1.842595258662057,1.8418881320157316,1.8422142387011824
2026-05-18 21:00:00+00:00,1.8426792131903076,1.8426792131903076,1.8405697755720345,1.8406015656060175
2026-05-18 22:00:00+00:00,1.8412996409680127,1.841603968808669,1.8408823126455651,1.8408823126455651
2026-05-18 23:00:00+00:00,1.8408592722490105,1.8413357450190437,1.840024647405173,1.841158895924126
2026-05-19 00:00:00+00:00,1.8412317728319232,1.8444160448530291,1.8412317728319232,1.8443674938851755
2026-05-19 01:00:00+00:00,1.844706496790772,1.84658997082622,1.8441024936456656,1.845455670613471
2026-05-19 02:00:00+00:00,1.8455719531819463,1.8465783208796016,1.8452757529913322,1.8462713263621322
2026-05-19 03:00:00+00:00,1.8464714301442222,1.8470964011344515,1.8458057683579265,1.8470964011344515
2026-05-19 04:00:00+00:00,1.847048780823612,1.8485587858235772,1.8469151777110886,1.848117316279836
2026-05-19 05:00:00+00:00,1.8479599851184294,1.8492519820751434,1.8475517345898402,1.8486209461879672
2026-05-19 06:00:00+00:00,1.8481211503217505,1.8484305674208363,1.8459027232530245,1.845986447027709
2026-05-19 07:00:00+00:00,1.8460118473618927,1.8485299795907082,1.8452649845746998,1.8485299795907082
2026-05-19 08:00:00+00:00,1.8485793103448245,1.8496493843520483,1.8484936268829637,1.849326982812174
2026-05-19 09:00:00+00:00,1.8497825036249367,1.8522934512296185,1.8493572483879406,1.851865661336203
2026-05-19 10:00:00+00:00,1.8513567631015646,1.852025804312688,1.8508825235477695,1.8515056539688208
2026-05-19 11:00:00+00:00,1.8508185859032027,1.85149034279955,1.850318075813816,1.8507841837861692
2026-05-19 12:00:00+00:00,1.8513506048721182,1.8520645526457447,1.8510033398658507,1.8520446918115627
2026-05-19 13:00:00+00:00,1.8519695044472655,1.8536008301625706,1.850850781724764,1.8525879344896665
2026-05-19 14:00:00+00:00,1.8526126624274233,1.8576083640699936,1.852036586713825,1.8576064346137815
2026-05-19 15:00:00+00:00,1.8574340344698466,1.8582525349201697,1.8543102255430997,1.854608358704675
2026-05-19 16:00:00+00:00,1.854274485926989,1.8545122255143551,1.851465996075936,1.8517955591173476
2026-05-19 17:00:00+00:00,1.851839571158174,1.8530732354282056,1.851839571158174,1.8526551362104189
2026-05-19 18:00:00+00:00,1.852529215128323,1.8528805873162884,1.8522372384821573,1.8527106059977574
2026-05-19 19:00:00+00:00,1.852404643449417,1.8530757850199768,1.8523534451784058,1.8524830340976601
2026-05-19 20:00:00+00:00,1.852567558227933,1.8531493668086019,1.8522031273762918,1.8522169530893529
2026-05-19 21:00:00+00:00,1.8521576763485452,1.8532446337685304,1.8516454646017673,1.8525471763323398
2026-05-19 22:00:00+00:00,1.8526158610773116,1.8528130746788685,1.8520678978215164,1.852503663560702
2026-05-19 23:00:00+00:00,1.8524012275705688,1.8531022654974942,1.8520687987842759,1.8531022654974942
2026-05-20 00:00:00+00:00,1.8535015982398577,1.8551955338218766,1.853328906779541,1.8551955338218766
2026-05-20 01:00:00+00:00,1.8549050567166632,1.8553704114450456,1.8525256997385036,1.8525256997385036
2026-05-20 02:00:00+00:00,1.8525651668603658,1.8545001384657962,1.8521443290414457,1.8545001384657962
2026-05-20 03:00:00+00:00,1.8545472171058983,1.8545472171058983,1.8535384274885163,1.8538586031842612
2026-05-20 04:00:00+00:00,1.8533945283879592,1.8539593339515799,1.8530159783269724,1.8534874065873208
2026-05-20 05:00:00+00:00,1.8534290734514838,1.8539475141180353,1.8529411764705856,1.8529411764705856
2026-05-20 06:00:00+00:00,1.8518585123601075,1.8530598706396126,1.8515582852637231,1.8515599070693636
2026-05-20 07:00:00+00:00,1.851373405991533,1.852166219690893,1.8505000828866638,1.8509138164625185
2026-05-20 08:00:00+00:00,1.85050862450243,1.850947909896702,1.8488322307086698,1.8492242224954725
2026-05-20 09:00:00+00:00,1.8493154469972206,1.850463545048839,1.8489017820140878,1.8491027394421626
2026-05-20 10:00:00+00:00,1.84867903161209,1.84867903161209,1.8476051248810466,1.847887246248894
2026-05-20 11:00:00+00:00,1.8480614595258102,1.848530831838872,1.846563834182617,1.8475992224872113
2026-05-20 12:00:00+00:00,1.8474239876505747,1.8483439780392563,1.8468479638507718,1.8481367059277825
2026-05-20 13:00:00+00:00,1.847746045754786,1.8494086474103286,1.847746045754786,1.8483063125215566
2026-05-20 14:00:00+00:00,1.8480885173075041,1.8487408880052991,1.8456350024040087,1.8456350024040087
2026-05-20 15:00:00+00:00,1.845742854395866,1.8474233887591016,1.8443557895314058,1.8474233887591016
2026-05-20 16:00:00+00:00,1.8475593839728504,1.847683029029109,1.845880447908659,1.8465806859230545
2026-05-20 17:00:00+00:00,1.8466388286036073,1.8470520358261417,1.8462679189322762,1.8463747406603344
2026-05-20 18:00:00+00:00,1.8463144878752464,1.8463493022744726,1.8457041702688215,1.845826468973089
2026-05-20 19:00:00+00:00,1.8456091234715277,1.8461633493479725,1.8448635589963187,1.8448635589963187
2026-05-20 20:00:00+00:00,1.845100973352917,1.846283806985973,1.845100973352917,1.846261662979399
2026-05-20 21:00:00+00:00,1.8471830695397453,1.8477477725222722,1.845705888008348,1.846188716567988
2026-05-20 22:00:00+00:00,1.8462943632567823,1.8470819419823803,1.8462785394400612,1.8467129216184628
2026-05-20 23:00:00+00:00,1.8468270432906948,1.8472363466454087,1.8466717968449378,1.8471899611033964
2026-05-21 00:00:00+00:00,1.8473467143249906,1.848283164422929,1.8470038482682767,1.8479324755306252
2026-05-21 01:00:00+00:00,1.8480266142446669,1.8560814263420269,1.8469513869815959,1.8547986419718985
2026-05-21 02:00:00+00:00,1.8544132660099855,1.8575500546553916,1.8538052023280804,1.8566728413835027
2026-05-21 03:00:00+00:00,1.8564261329868812,1.8564261329868812,1.8539466964790943,1.8539466964790943
2026-05-21 04:00:00+00:00,1.853897537816051,1.853897537816051,1.8519963064540554,1.8524181096283199
2026-05-21 05:00:00+00:00,1.8522276135862346,1.8544586031228834,1.8522102303270866,1.8533147609262273
2026-05-21 06:00:00+00:00,1.8530790656628306,1.8568625825527068,1.8527449196238979,1.8563752641684022
2026-05-21 07:00:00+00:00,1.856493757595843,1.8567462674198556,1.8540166128542623,1.8543783127208455
2026-05-21 08:00:00+00:00,1.8547917213193947,1.8547917213193947,1.8504571239742222,1.85176969813868
2026-05-21 09:00:00+00:00,1.8516196591206555,1.8518018700340104,1.8504946816561836,1.8516978326127043
2026-05-21 10:00:00+00:00,1.8516881471689774,1.8530183002566978,1.8510488932936875,1.852144531788716
2026-05-21 11:00:00+00:00,1.8518794296902983,1.852465570244969,1.8506098400374411,1.8515030336458882
2026-05-21 12:00:00+00:00,1.85124422692493,1.8513291671839838,1.8498904762560764,1.8504902298771295
2026-05-21 13:00:00+00:00,1.8506921464813564,1.8509362159777158,1.8480130077715897,1.8480130077715897
2026-05-21 14:00:00+00:00,1.8486218302094795,1.8492221118834797,1.8468879096667559,1.8474195858118503
2026-05-21 15:00:00+00:00,1.847384801828846,1.8485241379310315,1.8469889643580426,1.8474191015415107
2026-05-21 16:00:00+00:00,1.8472841954497854,1.8472841954497854,1.8457896330553005,1.8467755259389773
2026-05-21 17:00:00+00:00,1.8466854822055456,1.8469567612228008,1.8440972317484676,1.844978255799594
2026-05-21 18:00:00+00:00,1.8447235629662107,1.8468489533188432,1.8447235629662107,1.846545134592645
2026-05-21 19:00:00+00:00,1.8464668123651233,1.8466730822106103,1.8458285274894244,1.8461158114492886
2026-05-21 20:00:00+00:00,1.8462489185514743,1.8471306068601558,1.8461379992308933,1.846697270403252
2026-05-21 21:00:00+00:00,1.8460946094609432,1.8479687435512908,1.8457720335487393,1.8471652958490328
2026-05-21 22:00:00+00:00,1.8472017926123447,1.8473635014020975,1.846682519827903,1.8470673942626188
2026-05-21 23:00:00+00:00,1.8470641596569324,1.8481238996478846,1.8470641596569324,1.8479056079650127
2026-05-22 00:00:00+00:00,1.8482184619617523,1.8489449269776566,1.8476669968086248,1.8486600322087758
2026-05-22 01:00:00+00:00,1.8488148005395997,1.8500075760706336,1.8486061806874126,1.849715599994488
2026-05-22 02:00:00+00:00,1.8494554066893378,1.849596518769448,1.8487725671510318,1.8492620739027448
2026-05-22 03:00:00+00:00,1.8493371329451092,1.850046150243147,1.849140245329512,1.849140245329512
2026-05-22 04:00:00+00:00,1.8492475457461863,1.8498210352422877,1.849088806915154,1.849500998003989
2026-05-22 05:00:00+00:00,1.8494604415570084,1.849500998003989,1.8482914213393467,1.849057383257361
2026-05-22 06:00:00+00:00,1.8485666290309228,1.8508591822954676,1.8485666290309228,1.8498326423228941
2026-05-22 07:00:00+00:00,1.849906992766101,1.851264164989382,1.849906992766101,1.8503623487917085
2026-05-22 08:00:00+00:00,1.8507468856796354,1.8513980954480902,1.849797041623664,1.8507316669881748
2026-05-22 09:00:00+00:00,1.8507041089095237,1.8521471630961055,1.8507041089095237,1.8519805324619785
2026-05-22 10:00:00+00:00,1.851545056096146,1.8526259156561657,1.851545056096146,1.8524762036142886
2026-05-22 11:00:00+00:00,1.8523464010814659,1.8533394062357635,1.8523464010814659,1.8530418460858975
2026-05-22 12:00:00+00:00,1.8526522051112186,1.8532296106260573,1.8510025494384317,1.8525986465813056
2026-05-22 13:00:00+00:00,1.8527579458058794,1.854512351553769,1.8522263859803783,1.8532943625660014
2026-05-22 14:00:00+00:00,1.854060843639573,1.8544992542672456,1.8527002427184434,1.8535216317974292
2026-05-22 15:00:00+00:00,1.853497386098732,1.8538357599823485,1.852869824116444,1.852869824116444
2026-05-22 16:00:00+00:00,1.852839812517229,1.8530996376062694,1.852412709785871,1.852740622374055
2026-05-22 17:00:00+00:00,1.8526138930204343,1.8530116830155376,1.8522384565597556,1.8528030626437306
2026-05-22 18:00:00+00:00,1.8528387105658115,1.85288730357659,1.8522777349344468,1.8525495380124177
2026-05-22 19:00:00+00:00,1.85246127366609,1.8530575118179657,1.8523063785243004,1.8530575118179657
2026-05-22 20:00:00+00:00,1.85302589688107,1.8537997986678953,1.8520168855534678,1.8520168855534678
2026-05-24 21:00:00+00:00,1.8519657883846017,1.8532700218093445,1.850580737716222,1.8512549501193516
2026-05-24 22:00:00+00:00,1.8526706292838295,1.8558008001103565,1.8526706292838295,1.8550446822594846
2026-05-24 23:00:00+00:00,1.8545807945741741,1.855078658191892,1.8542697635950063,1.854918349332447
2026-05-25 00:00:00+00:00,1.8548278097287125,1.8553532008829987,1.8536393822074615,1.8542057363485902
2026-05-25 01:00:00+00:00,1.8540701522170713,1.854157188745051,1.8520802080896182,1.8524237874175162
2026-05-25 02:00:00+00:00,1.8522670927221605,1.8525148132837224,1.8512533208528883,1.8524581128747764
2026-05-25 03:00:00+00:00,1.852366191361848,1.853204686423153,1.8522437619697123,1.8530153697704839
2026-05-25 04:00:00+00:00,1.8529346897141088,1.8530842925080948,1.8518380834365928,1.852075731497415
2026-05-25 05:00:00+00:00,1.8522170201046508,1.8532758430681031,1.8519395424386718,1.85298615416408
2026-05-25 06:00:00+00:00,1.8526365088985584,1.8532916396897738,1.8522926049887711,1.8532916396897738
2026-05-25 07:00:00+00:00,1.8532892470896156,1.8547138302717436,1.8532892470896156,1.854478280649027
2026-05-25 08:00:00+00:00,1.8543772320505185,1.8548351527180469,1.853588991280628,1.8540929188303157
2026-05-25 09:00:00+00:00,1.8540142969298758,1.854427241170309,1.853574919800082,1.8539847387124286
2026-05-25 10:00:00+00:00,1.8538200947449563,1.8539901640699226,1.8533149741824408,1.8538782594322043
2026-05-25 11:00:00+00:00,1.8538426570054929,1.8542148760330546,1.8535527999889865,1.854054798292713
2026-05-25 12:00:00+00:00,1.8542472770334433,1.8545129087779655,1.8538716646713145,1.8543852402588423
2026-05-25 13:00:00+00:00,1.8544736044942547,1.8544736044942547,1.8536786879828115,1.8536786879828115
2026-05-25 14:00:00+00:00,1.8534469702185041,1.8536024562514595,1.8521905338136984,1.8521920897739113
2026-05-25 15:00:00+00:00,1.8523250856176126,1.8538555758935296,1.8518304669993504,1.85370821463468
2026-05-25 16:00:00+00:00,1.8537609249191351,1.8541356902913122,1.8536353752356802,1.8538283701216458
2026-05-25 17:00:00+00:00,1.8538538814042103,1.8540153016292344,1.8534112792297077,1.853579683028832
2026-05-25 18:00:00+00:00,1.8536857166441922,1.8539525283797693,1.8535343807610785,1.8538467888393557
2026-05-25 19:00:00+00:00,1.8538192724671143,1.8539118711221743,1.853634712744879,1.8538313385610092
2026-05-25 20:00:00+00:00,1.8537665767897396,1.8540677429566286,1.8536095521074027,1.8540677429566286
2026-05-25 21:00:00+00:00,1.8543115677551718,1.8549730794122876,1.8527825177519641,1.8536994975566072
2026-05-25 22:00:00+00:00,1.8535098462851052,1.8535907420912818,1.8530362868269286,1.8530880673610024
2026-05-25 23:00:00+00:00,1.8529804239864596,1.8536991657259247,1.8527837774628861,1.8535786082119312
2026-05-26 00:00:00+00:00,1.853790539144801,1.8538731667010913,1.852747222489912,1.852771545375707
2026-05-26 01:00:00+00:00,1.8528812532694547,1.8535362578334786,1.8525876667630377,1.8530793283468974
2026-05-26 02:00:00+00:00,1.853130380880222,1.853428677716691,1.852664922187023,1.8529537346941547
2026-05-26 03:00:00+00:00,1.852904718618292,1.852904718618292,1.8516866922663986,1.8518202463698261
2026-05-26 04:00:00+00:00,1.8518457345775834,1.8534420988811071,1.8516673318561503,1.8533506078231352
2026-05-26 05:00:00+00:00,1.8536101232321525,1.8542310238305346,1.85279075858456,1.8528831970885395
2026-05-26 06:00:00+00:00,1.8528535980148844,1.852892926563638,1.8511414644892978,1.851772776109531
2026-05-26 07:00:00+00:00,1.8518962405807844,1.8525993630836641,1.851593076456641,1.851808988454434
2026-05-26 08:00:00+00:00,1.8522260509993067,1.852475506745115,1.851388200297468,1.8517972528002389
2026-05-26 09:00:00+00:00,1.8515727256444485,1.853169023791797,1.8515727256444485,1.8529586002617584
2026-05-26 10:00:00+00:00,1.8527203339624945,1.8531426130334687,1.852283369140083,1.8527017534193704
2026-05-26 11:00:00+00:00,1.8526211399134973,1.8529671056256503,1.8504827358243658,1.8508706673279294
2026-05-26 12:00:00+00:00,1.851018973998591,1.8511473513126324,1.849572508363963,1.849613086222561
2026-05-26 13:00:00+00:00,1.849465770777107,1.8496626738262387,1.8475420208522424,1.8489742530634683
2026-05-26 14:00:00+00:00,1.8487965410883418,1.8493527953731717,1.8472681207314352,1.8472681207314352
2026-05-26 15:00:00+00:00,1.8475246161261412,1.8480194129244816,1.8465776063903008,1.8472109274854895
2026-05-26 16:00:00+00:00,1.8472013562499099,1.8477820496920048,1.8469584631074079,1.847408815950832
2026-05-26 17:00:00+00:00,1.8473875661375625,1.848015982364284,1.8472233705387864,1.8475085437107228
2026-05-26 18:00:00+00:00,1.847543581616478,1.847543581616478,1.8464408646564743,1.8465425605155141
2026-05-26 19:00:00+00:00,1.8467015562594646,1.8469206515303767,1.8464748003304834,1.8469153139757373
2026-05-26 20:00:00+00:00,1.847096401134451,1.8476090817717405,1.846936387539057,1.8472069193477265
2026-05-26 21:00:00+00:00,1.8464134672342263,1.8478841809466047,1.8462746394479075,1.8474622959851212
2026-05-26 22:00:00+00:00,1.8472331226678744,1.8476084231982222,1.8472258562044659,1.8475722272714712
2026-05-26 23:00:00+00:00,1.8474142204108566,1.8477108433734903,1.846940179406743,1.8472602645451628
2026-05-27 00:00:00+00:00,1.847318368863623,1.8478260869565175,1.8453457995325133,1.8461644268992132
2026-05-27 01:00:00+00:00,1.8460173582933261,1.8504911428729058,1.8453764180130585,1.8498317519858742
2026-05-27 02:00:00+00:00,1.8499076142411919,1.8501682572957425,1.848512396694211,1.849236536023368
2026-05-27 03:00:00+00:00,1.8492289883831454,1.8504846871940501,1.848504461826591,1.8501006313583814
2026-05-27 04:00:00+00:00,1.850049625055135,1.8505067218200575,1.8491553914409282,1.8496864447660357
2026-05-27 05:00:00+00:00,1.8498001378359712,1.8506359146963847,1.8495500833689276,1.8506359146963847
2026-05-27 06:00:00+00:00,1.8505407791634438,1.8531930173461455,1.8503600297955651,1.8531930173461455
2026-05-27 07:00:00+00:00,1.8530439225108006,1.8542046773925984,1.8524746324290702,1.853958992935057
2026-05-27 08:00:00+00:00,1.8539687806766454,1.8553570440842926,1.8534444628738829,1.8536228078661114
2026-05-27 09:00:00+00:00,1.8539734321219707,1.8543313616009691,1.852998867309442,1.8532776917974756
2026-05-27 10:00:00+00:00,1.8531850214177106,1.8551464585668191,1.8524936777082166,1.8547831500311227
2026-05-27 11:00:00+00:00,1.8547159892648604,1.8553017718715357,1.854143615844209,1.854337899543375
2026-05-27 12:00:00+00:00,1.8545942729021596,1.8561473990441189,1.8529436129673562,1.8546981351336356
2026-05-27 13:00:00+00:00,1.8545841804627707,1.8558480017712788,1.854395642376228,1.8546776914355205
2026-05-27 14:00:00+00:00,1.8549203451709222,1.8563640640349746,1.853469404710798,1.853469404710798
2026-05-27 15:00:00+00:00,1.8532022433012492,1.8533025263565641,1.8520736243828873,1.8527682881287908
2026-05-27 16:00:00+00:00,1.8523277364388218,1.8525529265255252,1.8515272978576325,1.852079186020788
2026-05-27 17:00:00+00:00,1.852108879273397,1.8524519842807288,1.851588004205164,1.852448132780079
2026-05-27 18:00:00+00:00,1.8524399690162623,1.8525526647025423,1.8518810402754118,1.8519409422694055
2026-05-27 19:00:00+00:00,1.852106347384862,1.852106347384862,1.851356393637453,1.8514157787819705
2026-05-27 20:00:00+00:00,1.8512796418108415,1.8516578441806109,1.8509279860698407,1.8509867875504413
2026-05-27 21:00:00+00:00,1.8518718278499182,1.8520911442841093,1.849952319747912,1.8502799474666436
2026-05-27 22:00:00+00:00,1.8503199237158092,1.8503199237158092,1.8498024261515889,1.8500525064942202
2026-05-27 23:00:00+00:00,1.8499302225968206,1.8507373896682393,1.849470091611276,1.8507373896682393
2026-05-28 00:00:00+00:00,1.8512254868040423,1.8517149738393772,1.8505421253526533,1.8507264425072598
2026-05-28 01:00:00+00:00,1.8508379810952529,1.8525601053142058,1.850175710451308,1.8518164303435993
2026-05-28 02:00:00+00:00,1.8519591401128177,1.8520736305167396,1.850939763708634,1.850939763708634
2026-05-28 03:00:00+00:00,1.850752676259188,1.8529840692231792,1.8501592136231437,1.852136942144163
2026-05-28 04:00:00+00:00,1.8520679642673508,1.8534206028265265,1.8520679642673508,1.8527299748600592
2026-05-28 05:00:00+00:00,1.8532407085793634,1.8532546022924576,1.850872693496731,1.851647970715064
2026-05-28 06:00:00+00:00,1.8516972655166626,1.8524574263187747,1.8504847645429312,1.8522824911998623
2026-05-28 07:00:00+00:00,1.8519724084436764,1.8525882613755982,1.8509686621522394,1.8516778895447068
2026-05-28 08:00:00+00:00,1.851650711406044,1.8528967114661739,1.851491183111464,1.8527083419983597
2026-05-28 09:00:00+00:00,1.8529358752166332,1.853151991570653,1.851073264692428,1.851185609157804
2026-05-28 10:00:00+00:00,1.8512605158482625,1.852550673566499,1.8505181777876258,1.852334373916055
2026-05-28 11:00:00+00:00,1.8524262686235835,1.853473252283844,1.852114824573564,1.8532730751102067
2026-05-28 12:00:00+00:00,1.8532057946905063,1.8532057946905063,1.8515351514396754,1.851687352123195
2026-05-28 13:00:00+00:00,1.8515644451821682,1.8531712517479562,1.8513836834607946,1.8516641745583384
2026-05-28 14:00:00+00:00,1.851659535579275,1.851659535579275,1.8483644440765372,1.849126149258672
2026-05-28 15:00:00+00:00,1.8486002455951493,1.8486010705810894,1.8465779100857203,1.8470765031089253
2026-05-28 16:00:00+00:00,1.8470531467567335,1.8470531467567335,1.8456550470840865,1.845969573896877
2026-05-28 17:00:00+00:00,1.8460140437835555,1.8466104729636628,1.8459514922803542,1.8465712672331824
2026-05-28 18:00:00+00:00,1.8463964522304352,1.8467146243316195,1.8462100028925972,1.8464516484576232
2026-05-28 19:00:00+00:00,1.8461782210955537,1.846607507027499,1.845944084836795,1.846607507027499
2026-05-28 20:00:00+00:00,1.846732629606147,1.8470897866945883,1.8464918927110123,1.8470335363333195
2026-05-28 21:00:00+00:00,1.8466923925027519,1.8474221119382357,1.8462121212121163,1.8462121212121163
2026-05-28 22:00:00+00:00,1.846485488780832,1.8469570487919065,1.8464102705383167,1.8465491114478532
2026-05-28 23:00:00+00:00,1.8465829270308187,1.8470482882138137,1.8463455950200334,1.8467641953880436
2026-05-29 00:00:00+00:00,1.8466783289025968,1.847550134380809,1.8462830627727929,1.8471280524778075
2026-05-29 01:00:00+00:00,1.8467176413859565,1.8476004025753743,1.846635906617997,1.8468492055836465
2026-05-29 02:00:00+00:00,1.8469477745624863,1.8480290098859686,1.8468343093351658,1.847441270541519
2026-05-29 03:00:00+00:00,1.8475782100952671,1.8478842546618066,1.847044711916279,1.8474312116405716
2026-05-29 04:00:00+00:00,1.8471858368033482,1.8472676126256518,1.8458296025897052,1.845926027963353
2026-05-29 05:00:00+00:00,1.8459980713596866,1.8461972917498883,1.8451856340200459,1.8459440472746758
2026-05-29 06:00:00+00:00,1.845961021968179,1.847332873880078,1.8451074610014955,1.847060120433777
2026-05-29 07:00:00+00:00,1.8467634128526293,1.8467634128526293,1.8446557783750204,1.844867024941431
2026-05-29 08:00:00+00:00,1.8450034458993747,1.8459098244210537,1.8447731129537344,1.8449579252310613
2026-05-29 09:00:00+00:00,1.8446927374301625,1.8457526800126878,1.8446927374301625,1.8450708109822473
2026-05-29 10:00:00+00:00,1.845002827157254,1.8452264356558514,1.8439572561185746,1.8445547284256911
2026-05-29 11:00:00+00:00,1.8441617509234192,1.8444628213079683,1.8427493736405887,1.8429831684122109
2026-05-29 12:00:00+00:00,1.8429410874261993,1.843343474250783,1.84130958112662,1.841408601707141
2026-05-29 13:00:00+00:00,1.84116838487972,1.8418918547433765,1.8396129297920478,1.8398132894014225
2026-05-29 14:00:00+00:00,1.839902255535874,1.8436098270256873,1.8397924302952875,1.8436098270256873
2026-05-29 15:00:00+00:00,1.8441774009904337,1.8445236952198016,1.8425583244236041,1.8442102084791536
2026-05-29 16:00:00+00:00,1.844235520175674,1.8443626777966893,1.8430651425121056,1.8434728894989654
2026-05-29 17:00:00+00:00,1.84341583274993,1.843915634526126,1.8431596001757424,1.843615179577363
2026-05-29 18:00:00+00:00,1.843640510572809,1.8441479934603655,1.8432839919808808,1.8441479934603655
2026-05-29 19:00:00+00:00,1.8442853806311517,1.844335151323648,1.8436174447815237,1.843983413884002
2026-05-29 20:00:00+00:00,1.8438461115992921,1.8440805560897826,1.842851451415692,1.8429558979151444
2026-05-31 21:00:00+00:00,1.8428799164444887,1.8428799164444887,1.8402936938173282,1.8406791758747016
2026-05-31 22:00:00+00:00,1.8402678669447747,1.8410885175675809,1.8393349520556352,1.8397771862909151
2026-05-31 23:00:00+00:00,1.8398161487274425,1.8398743466988523,1.8388481316420933,1.8396411473408363
2026-06-01 00:00:00+00:00,1.8396553852907636,1.8399314128943705,1.838448247490533,1.8389250702680418
2026-06-01 01:00:00+00:00,1.838802122612399,1.8392063840289532,1.8382975807004265,1.8387981138282654
2026-06-01 02:00:00+00:00,1.83873620725104,1.8393802276155167,1.8383971275473094,1.8393150910287293
2026-06-01 03:00:00+00:00,1.839477400161765,1.840784959516943,1.83918854088136,1.8395999945129513
2026-06-01 04:00:00+00:00,1.8395056648286783,1.8395398579537612,1.8389914168974637,1.8392619703636637
2026-06-01 05:00:00+00:00,1.839374331697415,1.8397724936613393,1.83919515337591,1.8397724936613393
2026-06-01 06:00:00+00:00,1.8395851600175313,1.8426220515633518,1.839388459641619,1.8422727210389844
2026-06-01 07:00:00+00:00,1.8419421204224335,1.8422792554285898,1.8405675897998304,1.8411688044447438
2026-06-01 08:00:00+00:00,1.8411182901902634,1.8425536000877851,1.840913454944447,1.8414565595908856
2026-06-01 09:00:00+00:00,1.8418649923228723,1.8421124809720324,1.8411909989023,1.8412748501104397
2026-06-01 10:00:00+00:00,1.8412611302426996,1.842673804131489,1.8411563739143506,1.8424353889018463
2026-06-01 11:00:00+00:00,1.842573401232614,1.8435882296401007,1.842343640630785,1.8435882296401007
2026-06-01 12:00:00+00:00,1.843536761172508,1.8444542156754922,1.8432411653257865,1.8441629804654178
2026-06-01 13:00:00+00:00,1.8439431821303904,1.8468514409360863,1.8435726554448593,1.8455360838967798
2026-06-01 14:00:00+00:00,1.8450807230578121,1.8476782832949432,1.8443077432346644,1.8476782832949432
2026-06-01 15:00:00+00:00,1.8476644922839243,1.8476644922839243,1.8451991083468589,1.8465987331313634
2026-06-01 16:00:00+00:00,1.8461729040782848,1.8469450985252147,1.8458438772142096,1.8460956520542995
2026-06-01 17:00:00+00:00,1.8459602211768538,1.8461686640890467,1.8448590939694092,1.8449984196132811
2026-06-01 18:00:00+00:00,1.8449361000412206,1.8455119127816602,1.8449361000412206,1.8451573866527267
2026-06-01 19:00:00+00:00,1.8452619997249293,1.8455719531819443,1.8450729400118195,1.845506429209924
2026-06-01 20:00:00+00:00,1.84557731448374,1.845849095536139,1.8452703539153466,1.84548718583632
2026-06-01 21:00:00+00:00,1.844476844146729,1.8455117980309064,1.8435450833757145,1.8442376166843046
2026-06-01 22:00:00+00:00,1.8450423449186049,1.845681983852994,1.8450423449186049,1.8454091665406092
2026-06-01 23:00:00+00:00,1.8455234245011842,1.8455296852007155,1.8448301928283735,1.8449252254233508
2026-06-02 00:00:00+00:00,1.8455584122750281,1.8460448674745145,1.8449238299510478,1.8454332874828012
2026-06-02 01:00:00+00:00,1.8453540188149806,1.8467172377713785,1.844269165762022,1.8463656008698832
2026-06-02 02:00:00+00:00,1.8461189162412401,1.846465147010236,1.8452356395340792,1.8455834812155174
2026-06-02 03:00:00+00:00,1.84549468385073,1.8466608870357322,1.8454047808984075,1.8458607836934495
2026-06-02 04:00:00+00:00,1.8459443473954913,1.8466427303866897,1.8456249398369013,1.8460470232366233
2026-06-02 05:00:00+00:00,1.845945500041241,1.8461940380596142,1.845477162453777,1.8458396930819636
2026-06-02 06:00:00+00:00,1.845740366505817,1.8462003323764868,1.8436663968499998,1.8440694244357498
2026-06-02 07:00:00+00:00,1.8438511770839,1.8439270671843435,1.8419811320754667,1.8422719855189669
2026-06-02 08:00:00+00:00,1.8420670176593128,1.8421067065227774,1.8408009978206885,1.8415609354639546
2026-06-02 09:00:00+00:00,1.8418301550281195,1.8428383236819665,1.8414369943781659,1.8416737503084761
2026-06-02 10:00:00+00:00,1.8416318135070227,1.8424654716023594,1.8412228391253633,1.8413309934464837
2026-06-02 11:00:00+00:00,1.841353404074465,1.842697861952626,1.8412356715844844,1.842697861952626
2026-06-02 12:00:00+00:00,1.8427000191996439,1.8436732397458542,1.8423448748714382,1.8433589462129476
2026-06-02 13:00:00+00:00,1.843337952608971,1.844641533265598,1.843194008148255,1.8436084653179934
2026-06-02 14:00:00+00:00,1.8436877874648125,1.843926350043246,1.8414545554230521,1.8414545554230521
2026-06-02 15:00:00+00:00,1.841799391430681,1.8424082908373038,1.8414236377590125,1.8424003179955264
2026-06-02 16:00:00+00:00,1.8422510110357067,1.842983141983178,1.841799391430681,1.842071330589844
2026-06-02 17:00:00+00:00,1.841990481023765,1.842740440722175,1.841990481023765,1.842740440722175
2026-06-02 18:00:00+00:00,1.8427577117911071,1.8427577117911071,1.842054702403003,1.8425059672418944
2026-06-02 19:00:00+00:00,1.8425283256975067,1.8425283256975067,1.8417047184170419,1.8417047184170419
2026-06-02 20:00:00+00:00,1.841794196697927,1.8420244136606725,1.841521285933723,1.8416382065314247
2026-06-02 21:00:00+00:00,1.8421103196497393,1.8427177537773212,1.8406029682056293,1.8410266258796366
2026-06-02 22:00:00+00:00,1.841965926860712,1.8422157290423424,1.8418323249783874,1.8420604863055001
2026-06-02 23:00:00+00:00,1.8418972874332784,1.8425150358388438,1.841847445766265,1.8418501839749524
2026-06-03 00:00:00+00:00,1.8417945690672914,1.842186856907664,1.8415519536664648,1.8416100939449995
2026-06-03 01:00:00+00:00,1.8418864973867188,1.8433768016472152,1.8418605289147323,1.8428404802744374
2026-06-03 02:00:00+00:00,1.84293437988857,1.8438568779616733,1.842414266117965,1.8431399467340221
2026-06-03 03:00:00+00:00,1.8433402441201052,1.843891651328255,1.8427742015180373,1.8436440037901103
2026-06-03 04:00:00+00:00,1.843393014059749,1.844209022081147,1.8429485419298097,1.8438629026718818
2026-06-03 05:00:00+00:00,1.8439388943839932,1.844595059046724,1.8435392834090891,1.8439699736031627
2026-06-03 06:00:00+00:00,1.8437018913569339,1.8456667767866923,1.8435854064386543,1.8448460840141898
2026-06-03 07:00:00+00:00,1.844914636327362,1.8451029757728292,1.8434536408367415,1.8442550852116495
2026-06-03 08:00:00+00:00,1.8444132849444579,1.8444505532265774,1.8433065669343254,1.8436159093409565
2026-06-03 09:00:00+00:00,1.843527405736911,1.8437083178636693,1.8428481117035846,1.84360951870334
2026-06-03 10:00:00+00:00,1.8434806515911695,1.8434806515911695,1.8417040913023723,1.8427032671118024
2026-06-03 11:00:00+00:00,1.8426388965213998,1.8436009839354623,1.8425166563637563,1.8433660427145986
2026-06-03 12:00:00+00:00,1.8436391630694733,1.844504427581833,1.8431879434574505,1.84413420896837
2026-06-03 13:00:00+00:00,1.8442018010078982,1.8468615091789253,1.8440308882434673,1.8465634008744898
2026-06-03 14:00:00+00:00,1.846049929007618,1.8462938200465893,1.8451082835913433,1.8462831553565227
2026-06-03 15:00:00+00:00,1.846306504961406,1.848494461992574,1.8460658359064792,1.8482327621885555
2026-06-03 16:00:00+00:00,1.8483042194442094,1.8483121256451962,1.8470820505032324,1.8473025380570494
2026-06-03 17:00:00+00:00,1.847543721617177,1.8478702105626459,1.847062883964929,1.8470778279418414
2026-06-03 18:00:00+00:00,1.8472669032266922,1.8476994034467469,1.8470001932687212,1.8476474568780936
2026-06-03 19:00:00+00:00,1.8477654402828367,1.8482446206115464,1.847702697104026,1.8482404287055914
2026-06-03 20:00:00+00:00,1.8483923540135854,1.8487544729824898,1.8482416641343633,1.8484580523930536
2026-06-03 21:00:00+00:00,1.8482608034714783,1.8483303629405459,1.8464523970663338,1.846487472029609
2026-06-03 22:00:00+00:00,1.8477191722156165,1.8477510084544349,1.8464266493714327,1.846590125024144
2026-06-03 23:00:00+00:00,1.8465593133805196,1.8484245714364596,1.8465593133805196,1.8475989343934134
2026-06-04 00:00:00+00:00,1.8477657680043018,1.8484999102569364,1.8473556365242305,1.8482931948740557
2026-06-04 01:00:00+00:00,1.8486434965189473,1.8493063615762952,1.847073110148202,1.848412040872682
2026-06-04 02:00:00+00:00,1.8483986354910387,1.849729759617373,1.8482793857710953,1.849165561450039
2026-06-04 03:00:00+00:00,1.849290461648998,1.8493822724634423,1.8485669273928254,1.848660671114974
2026-06-04 04:00:00+00:00,1.8488884590408505,1.8494585037020612,1.8482877658105443,1.8493688019667915
2026-06-04 05:00:00+00:00,1.849285931327859,1.8497299089565178,1.848704563031704,1.8488426693183022
2026-06-04 06:00:00+00:00,1.8487447178722296,1.8491024578845572,1.8471442173679002,1.8474903741322866
2026-06-04 07:00:00+00:00,1.8473989236925574,1.8481278400066243,1.8467439293598185,1.8478311905320817
2026-06-04 08:00:00+00:00,1.8480458500207102,1.8497319849690488,1.8478074777710225,1.848875264095442
2026-06-04 09:00:00+00:00,1.8491866213715529,1.8497286248946903,1.8483953751483158,1.8490013940456258
2026-06-04 10:00:00+00:00,1.8492227836218507,1.8499454773834614,1.8482870900536654,1.8497646750307046
2026-06-04 11:00:00+00:00,1.8497509417300186,1.8500951907954588,1.8487537374099183,1.8487537374099183
2026-06-04 12:00:00+00:00,1.8488689278924257,1.8500848030225678,1.8488689278924257,1.8498090208353393
2026-06-04 13:00:00+00:00,1.8498421059889354,1.8498421059889354,1.8479360485149146,1.8487254780318958
2026-06-04 14:00:00+00:00,1.8485692231350226,1.8490472313827169,1.847745760375012,1.848405025583026
2026-06-04 15:00:00+00:00,1.8480548315474412,1.848257025009996,1.8469983036588509,1.8473905549810357
2026-06-04 16:00:00+00:00,1.847289825296797,1.8478000082732322,1.8469417295046888,1.8472720251558397
2026-06-04 17:00:00+00:00,1.8473697277316437,1.8474333158635097,1.84636285895561,1.8463702947626812
2026-06-04 18:00:00+00:00,1.8463405552260983,1.8468893580032235,1.8462418976692818,1.8468310587975496
2026-06-04 19:00:00+00:00,1.8467163355408338,1.8470573621156023,1.846674944812357,1.8467695194987943
2026-06-04 20:00:00+00:00,1.8468714636637082,1.8475523896297474,1.8468714636637082,1.8474260391788675
2026-06-04 21:00:00+00:00,1.8469387755101991,1.847749240541282,1.8461899373499246,1.846970617474865
2026-06-04 22:00:00+00:00,1.8473740888005248,1.8476961102442608,1.8472613328916074,1.8474047487575873
2026-06-04 23:00:00+00:00,1.8472517461281455,1.848171371747412,1.8469404653473493,1.8480458500207102
2026-06-05 00:00:00+00:00,1.8482927233548763,1.8500193541251884,1.8482927233548763,1.8500193541251884
2026-06-05 01:00:00+00:00,1.8503062734198867,1.8534933015613475,1.8503062734198867,1.851139758769498
2026-06-05 02:00:00+00:00,1.8513578948824674,1.8514014554107472,1.8491986736667538,1.849530127142062
2026-06-05 03:00:00+00:00,1.84957158651188,1.8507390456701136,1.8490977921467797,1.8507175842712114
2026-06-05 04:00:00+00:00,1.8506899316981393,1.8506899316981393,1.8493667214541185,1.8496566778574435
2026-06-05 05:00:00+00:00,1.849587598955522,1.8514988449141587,1.849587598955522,1.851270418677985
2026-06-05 06:00:00+00:00,1.850891992808735,1.852107608424893,1.8508297981123942,1.8512058599958485
2026-06-05 07:00:00+00:00,1.8513614374568022,1.8513614374568022,1.850185093099061,1.8512968538518857
2026-06-05 08:00:00+00:00,1.8509921429459069,1.8525085967601556,1.8502594821398943,1.8525085967601556
2026-06-05 09:00:00+00:00,1.852376151477062,1.8524135456627884,1.851412491723676,1.8519397384250265
2026-06-05 10:00:00+00:00,1.851668965517236,1.8534886927744016,1.851668965517236,1.8524208116717407
2026-06-05 11:00:00+00:00,1.85240905706169,1.8526141536763643,1.8513064460530797,1.8513774370570502
2026-06-05 12:00:00+00:00,1.8512967584485724,1.853161293899155,1.85070834829195,1.8526708350085213
2026-06-05 13:00:00+00:00,1.8526488000332693,1.8580085617390285,1.8518241502534645,1.857246145075842
2026-06-05 14:00:00+00:00,1.8576375368526397,1.8587466744668648,1.855630962645671,1.855770166729237
2026-06-05 15:00:00+00:00,1.8557879512710633,1.8577287374279803,1.8556983504408973,1.8577147878973823
2026-06-05 16:00:00+00:00,1.8578923134880165,1.8580881121223916,1.856808166452831,1.856808166452831
2026-06-05 17:00:00+00:00,1.8570053699700064,1.857589372924394,1.8562018532990905,1.8563433356594505
2026-06-05 18:00:00+00:00,1.856474890433515,1.8586005423387606,1.856460932920186,1.8585646789119017
2026-06-05 19:00:00+00:00,1.8587945810672837,1.8589266737513233,1.8580930024591944,1.8582508804293087
2026-06-05 20:00:00+00:00,1.8581810050869196,1.859536731382527,1.8581810050869196,1.8593264900847424
2026-06-07 21:00:00+00:00,1.8592744867707052,1.861003428731363,1.8584054707930633,1.8584735450845407
2026-06-07 22:00:00+00:00,1.8578534799558393,1.8586129753914928,1.8575577336572502,1.8584583997093367
2026-06-07 23:00:00+00:00,1.8581087688417584,1.8581087688417584,1.8570631321939248,1.857140863935701
2026-06-08 00:00:00+00:00,1.8575196416360757,1.8575196416360757,1.85479692461975,1.855056523918243
2026-06-08 01:00:00+00:00,1.854988932046939,1.8566640598815711,1.854452316986589,1.8553847440382383
2026-06-08 02:00:00+00:00,1.855629434477754,1.8563855757829333,1.8552895602251764,1.8556735513002696
2026-06-08 03:00:00+00:00,1.8553693098691575,1.856714502879929,1.8553693098691575,1.856101470485742
2026-06-08 04:00:00+00:00,1.8558805903585853,1.8573381505712272,1.8556046190920552,1.8572544424916946
2026-06-08 05:00:00+00:00,1.8571528174807854,1.858253864090135,1.8564859328623324,1.8576315679238111
2026-06-08 06:00:00+00:00,1.8566883424967144,1.857104969290893,1.8550645800206371,1.855426729730855
2026-06-08 07:00:00+00:00,1.8553631962947918,1.8554008427044613,1.8544459758593266,1.8547388673563223
2026-06-08 08:00:00+00:00,1.8547609089641652,1.8549142618151342,1.8537863374118504,1.853926161396458
2026-06-08 09:00:00+00:00,1.853884970308617,1.8542489773694952,1.852518637218694,1.8535419685653713
2026-06-08 10:00:00+00:00,1.8537523517524852,1.854650352573923,1.853025495435309,1.8540779105059386
2026-06-08 11:00:00+00:00,1.854220910318703,1.8544538189513486,1.852509094948479,1.8536202271242452
2026-06-08 12:00:00+00:00,1.8531932924880807,1.8535022996651183,1.851961941801508,1.8521849113248396
2026-06-08 13:00:00+00:00,1.8520145094714546,1.8558917308308094,1.8520145094714546,1.855702688778417
2026-06-08 14:00:00+00:00,1.855869904210286,1.8572882395583499,1.8541475231810147,1.854199440353045
2026-06-08 15:00:00+00:00,1.8542232246028703,1.8560682046138355,1.8540457802824681,1.8559268907680029
2026-06-08 16:00:00+00:00,1.8560082488016882,1.85641825985173,1.855562984010245,1.8561514019733483
2026-06-08 17:00:00+00:00,1.8564738675958126,1.8575891113962117,1.8564738675958126,1.8568799921937014
2026-06-08 18:00:00+00:00,1.856870069411529,1.8574594722682922,1.8563348889043612,1.8571049988841715
2026-06-08 19:00:00+00:00,1.8571408649085803,1.8578185826507914,1.8571408649085803,1.8573321431560093
2026-06-08 20:00:00+00:00,1.8574018801082257,1.8575992188044859,1.8569854377057353,1.8573421305918558
2026-06-08 21:00:00+00:00,1.8580181437543553,1.8583011205849866,1.8559597339765426,1.8563819403775839
2026-06-08 22:00:00+00:00,1.8567364810218308,1.8576231932585465,1.8567364810218308,1.856947620907006
2026-06-08 23:00:00+00:00,1.856947620907006,1.8578029034059125,1.8568977542195506,1.8575535953550633
2026-06-09 00:00:00+00:00,1.8575775764597435,1.8585254807759393,1.856830006555908,1.856830006555908
2026-06-09 01:00:00+00:00,1.8565412611205563,1.856857904060476,1.8549253814455895,1.8551820143384088
2026-06-09 02:00:00+00:00,1.8550865861128065,1.8576009368726238,1.854981277579025,1.8572145405887541
2026-06-09 03:00:00+00:00,1.8573220882414385,1.8588568478912872,1.857059233449471,1.8580711735832158
2026-06-09 04:00:00+00:00,1.858362274572152,1.8584441127648532,1.85638490460938,1.8569379656060652
2026-06-09 05:00:00+00:00,1.8568106821124681,1.85772204806687,1.8564629258516976,1.8567450925796962
2026-06-09 06:00:00+00:00,1.8566018295484548,1.8572999763326732,1.8549193996664755,1.856345594477608
2026-06-09 07:00:00+00:00,1.8562323438956787,1.8592424390175888,1.8560197038851105,1.8591194092239038
2026-06-09 08:00:00+00:00,1.858985969654321,1.8610967876802949,1.858985969654321,1.860613828557093
2026-06-09 09:00:00+00:00,1.8604683560174355,1.862217453106268,1.860374414976593,1.862217453106268
2026-06-09 10:00:00+00:00,1.8623966999735162,1.8626010593810927,1.861255742725875,1.861594152453875
2026-06-09 11:00:00+00:00,1.861842838048557,1.8620728057353602,1.8612622642822292,1.861585773127012
2026-06-09 12:00:00+00:00,1.8617071609473654,1.8622791998997728,1.8611717891280395,1.861868381135273
2026-06-09 13:00:00+00:00,1.8618424714723014,1.864348650457277,1.8614117581591993,1.8636528331335818
2026-06-09 14:00:00+00:00,1.8633165689129074,1.8681082289178443,1.862737727285378,1.8658015906236858
2026-06-09 15:00:00+00:00,1.8659057293556158,1.8681355553070065,1.8652370455116163,1.8681355553070065
2026-06-09 16:00:00+00:00,1.86766288773641,1.8698602290729078,1.8672946043014602,1.868818258190977
2026-06-09 17:00:00+00:00,1.8686789494315894,1.8691177911877064,1.8669694005868323,1.867080380728746
2026-06-09 18:00:00+00:00,1.8670374821812838,1.8674380581058927,1.8661862667057632,1.866759796046652
2026-06-09 19:00:00+00:00,1.8668529514495222,1.8682638918026766,1.8667747073122967,1.8669844687067447
2026-06-09 20:00:00+00:00,1.8670972793110137,1.8672175384142102,1.8666349863028955,1.866882889935826
2026-06-09 21:00:00+00:00,1.8666787821175883,1.8685242229067434,1.8648474851119683,1.8658025002097434
2026-06-09 22:00:00+00:00,1.8663515856591475,1.8677526344514825,1.866250943765549,1.8675369740726693
2026-06-09 23:00:00+00:00,1.8675491128896793,1.86795358147738,1.8661912751677798,1.8661912751677798
2026-06-10 00:00:00+00:00,1.8665128312705348,1.8675268696820366,1.865120046929335,1.8659438009138234
2026-06-10 01:00:00+00:00,1.8660285075461096,1.8664261946704637,1.8654708520179315,1.8660767951244686
2026-06-10 02:00:00+00:00,1.8661364494080426,1.868055167011688,1.8660469667318929,1.8680132042745985
2026-06-10 03:00:00+00:00,1.86799076858521,1.868395289642242,1.8674168297455913,1.8679013208470139
2026-06-10 04:00:00+00:00,1.8679255832156827,1.8695932136957867,1.8678939349463886,1.8693723322370668
2026-06-10 05:00:00+00:00,1.869511665990169,1.8712958681854426,1.869511665990169,1.8702392612284817
2026-06-10 06:00:00+00:00,1.8700250409188142,1.8708129285014634,1.8692539984341743,1.869697266581752
2026-06-10 07:00:00+00:00,1.8693175456275835,1.870605195386849,1.8693175456275835,1.870521719659645
2026-06-10 08:00:00+00:00,1.8705888940214674,1.8720340644872062,1.8705888940214674,1.8719493401328084
2026-06-10 09:00:00+00:00,1.8719141424047918,1.87377933450087,1.8719141424047918,1.8734274747135073
2026-06-10 10:00:00+00:00,1.8734484014682338,1.8742134839333453,1.8721443278752763,1.8721443278752763
2026-06-10 11:00:00+00:00,1.8721845584939432,1.8739738714339784,1.8721845584939432,1.8733639156601096
2026-06-10 12:00:00+00:00,1.8733113558252028,1.8734674410122547,1.870642522547712,1.8718975852988908
2026-06-10 13:00:00+00:00,1.872004593773191,1.8722796403663502,1.8700386714877995,1.8700803353126034
2026-06-10 14:00:00+00:00,1.8705398946206147,1.8713762032684074,1.8698683732498618,1.8711184468192188
2026-06-10 15:00:00+00:00,1.8708648641087633,1.8711099911805413,1.8686929411271211,1.8695846797319735
2026-06-10 16:00:00+00:00,1.8695536625963327,1.8704250584332827,1.8690308055877898,1.870341604041586
2026-06-10 17:00:00+00:00,1.870401723872551,1.871266461193606,1.869807837543,1.8708047585724228
2026-06-10 18:00:00+00:00,1.8706463484600366,1.8715649042167015,1.8702043442382141,1.8709722611375679
2026-06-10 19:00:00+00:00,1.8711535227845917,1.873043258710649,1.8707792753663741,1.8726902841108326
2026-06-10 20:00:00+00:00,1.8727604349351046,1.8733082495647724,1.8723535601543262,1.8728227153423949
2026-06-10 21:00:00+00:00,1.871117968859582,1.8727157894736783,1.871117968859582,1.872000336804283
2026-06-10 22:00:00+00:00,1.8721212546487909,1.872340425531909,1.8714821105231334,1.8719248483486801
2026-06-10 23:00:00+00:00,1.871891368149068,1.8723329590117854,1.87102520584068,1.8721224031442953
2026-06-11 00:00:00+00:00,1.8718394836537056,1.8730007161613693,1.8710808233776377,1.872360723354699
2026-06-11 01:00:00+00:00,1.8720016832655295,1.8729255438439054,1.8710477284507456,1.8719457520735203
2026-06-11 02:00:00+00:00,1.8720909052696415,1.8726614871118783,1.871955833309974,1.87216295403249
2026-06-11 03:00:00+00:00,1.8720913933277208,1.872876481728268,1.8720191781974123,1.872339530579619
2026-06-11 04:00:00+00:00,1.8722992583037672,1.872523589865816,1.8712360998291309,1.8712966983708919
2026-06-11 05:00:00+00:00,1.8715742868351677,1.8715742868351677,1.8708399255141845,1.8713659226878454
2026-06-11 06:00:00+00:00,1.8716924543110158,1.8721328024227413,1.870812726788736,1.8721328024227413
2026-06-11 07:00:00+00:00,1.8722536139425918,1.8734711624775526,1.8722536139425918,1.8731227125488983
2026-06-11 08:00:00+00:00,1.8728703041521126,1.8736373967087023,1.8722335274717508,1.8726011820364101
2026-06-11 09:00:00+00:00,1.872567738312503,1.8725736501564876,1.8709021280177254,1.8720147054696432
2026-06-11 10:00:00+00:00,1.8716801122413134,1.8716801122413134,1.8708043331836495,1.871409124717566
2026-06-11 11:00:00+00:00,1.8715987707160942,1.872224249740316,1.8712786554055894,1.8717765243987932
2026-06-11 12:00:00+00:00,1.8715628507295117,1.87358291774952,1.8714566376648836,1.873514455089478
2026-06-11 13:00:00+00:00,1.8734897443101939,1.8736948609491095,1.8714730902046606,1.8719313521712209
2026-06-11 14:00:00+00:00,1.8721697848193661,1.8725193738484633,1.8690166767354568,1.8695456653409914
2026-06-11 15:00:00+00:00,1.8693629758709311,1.86942778066564,1.867921350679966,1.8684868051656316
2026-06-11 16:00:00+00:00,1.8681813716547089,1.8695865934343732,1.8677415733490443,1.8695548344501047
2026-06-11 17:00:00+00:00,1.869551169487948,1.869700844492526,1.8666620004199566,1.8674091048822008
2026-06-11 18:00:00+00:00,1.8675208898080038,1.8687008590055623,1.8669702345201291,1.8679601072745502
2026-06-11 19:00:00+00:00,1.867492078558362,1.8677591357025152,1.8651569594161668,1.8656608294674022
2026-06-11 20:00:00+00:00,1.8658011673097492,1.8664204585046282,1.8645306821504601,1.8654751622879056
2026-06-11 21:00:00+00:00,1.866807964749841,1.867435800972559,1.8659199197525638,1.8659440481497933
2026-06-11 22:00:00+00:00,1.866602620330529,1.8671958777243864,1.866448422372356,1.8665116473356576
2026-06-11 23:00:00+00:00,1.8665506439262036,1.8673162164422459,1.866078890188863,1.8663638770079494
2026-06-12 00:00:00+00:00,1.8664817860029486,1.8673099447821906,1.865956972466832,1.8662838506459967
2026-06-12 01:00:00+00:00,1.866264321355889,1.8694170553895084,1.866264321355889,1.8681209786598498
2026-06-12 02:00:00+00:00,1.8681172973048363,1.8696216850307874,1.8676095234110157,1.8683905720146752
2026-06-12 03:00:00+00:00,1.8683318216702658,1.8687199955342133,1.8678916477296437,1.8685263965408965
2026-06-12 04:00:00+00:00,1.868685741389166,1.868685741389166,1.86743041908823,1.8676911491960726
2026-06-12 05:00:00+00:00,1.8677961374886647,1.8696442047010757,1.8675925151286927,1.8688879575300308
2026-06-12 06:00:00+00:00,1.8686970242832948,1.869276940256834,1.8677405857740528,1.8691190841825995
2026-06-12 07:00:00+00:00,1.8690243493800902,1.8702215388916006,1.867751979112849,1.868153195291878
2026-06-12 08:00:00+00:00,1.8681917211328918,1.8685367999218008,1.866350011143297,1.8679960953841805
2026-06-12 09:00:00+00:00,1.8679916317991574,1.8680771537356466,1.866363168079739,1.8677601873014045
2026-06-12 10:00:00+00:00,1.867763873017637,1.8682496058927691,1.8666815231621994,1.8670486387018468
2026-06-12 11:00:00+00:00,1.8671853215102279,1.8687664774233088,1.8669994005214012,1.8678150498640014
2026-06-12 12:00:00+00:00,1.8678839957035385,1.8682220299723662,1.866304787686806,1.8667048134760527
2026-06-12 13:00:00+00:00,1.8666406108234053,1.8680475107122363,1.8654532277845857,1.8671010590057289
2026-06-12 14:00:00+00:00,1.8665346700316454,1.866715953633048,1.8652028014870656,1.8652028014870656
2026-06-12 15:00:00+00:00,1.8650432312768834,1.8665867729438923,1.864331812618221,1.8665867729438923
2026-06-12 16:00:00+00:00,1.8662728324021514,1.8666471522957206,1.8652279846849926,1.8661150808574594
2026-06-12 17:00:00+00:00,1.8661541247092517,1.8666982459562196,1.865967609419164,1.8664781433705682
2026-06-12 18:00:00+00:00,1.8664382130469246,1.8666165015397849,1.8661421708556651,1.8664326312270083
2026-06-12 19:00:00+00:00,1.866412213740452,1.8666573757926215,1.865212668170797,1.8652563263373336
2026-06-12 20:00:00+00:00,1.8649777864434574,1.8663877266387665,1.8645404998536341,1.8645404998536341
2026-06-14 21:00:00+00:00,1.8644365461007675,1.8654706644921109,1.856849979221493,1.856849979221493
2026-06-14 22:00:00+00:00,1.859082533216947,1.8625681128072815,1.859082533216947,1.8625681128072815
2026-06-14 23:00:00+00:00,1.8626097084147855,1.863261144022525,1.8618233223383263,1.8626724915054373
2026-06-15 00:00:00+00:00,1.8626374388197882,1.8637707717296184,1.8611603433951753,1.8637707717296184
2026-06-15 01:00:00+00:00,1.8637935104063923,1.8637935104063923,1.8614887359893402,1.8614887359893402
2026-06-15 02:00:00+00:00,1.8612467402763073,1.8615732582180415,1.8602065571497828,1.8608291735995504
2026-06-15 03:00:00+00:00,1.860846898311189,1.860846898311189,1.859527140265095,1.8600426758299564
2026-06-15 04:00:00+00:00,1.8601039140976736,1.8614032899568949,1.8601025498891295,1.8610937911349377
2026-06-15 05:00:00+00:00,1.86104761508942,1.8618859557957401,1.860724966770043,1.8618859557957401
2026-06-15 06:00:00+00:00,1.8616218013549592,1.8623836669024478,1.861422389881277,1.8616462103876235
2026-06-15 07:00:00+00:00,1.861782980139792,1.862052207720072,1.8611030176899006,1.8611030176899006
2026-06-15 08:00:00+00:00,1.8611970746194033,1.861515185164616,1.8598043975861773,1.8599636449415071
2026-06-15 09:00:00+00:00,1.8598285143459623,1.8609056467616758,1.859658854527799,1.8605822602131383
2026-06-15 10:00:00+00:00,1.8605012628715698,1.8611338560821542,1.8595960716861728,1.859945337754403
2026-06-15 11:00:00+00:00,1.8598279927867887,1.8605864638698786,1.8595729329984818,1.8600191488475948
2026-06-15 12:00:00+00:00,1.860211472816579,1.8610729214403698,1.8600952129800494,1.8606648353172892
2026-06-15 13:00:00+00:00,1.8608559296161584,1.8614059183418596,1.860376102512892,1.860806724554049
2026-06-15 14:00:00+00:00,1.8610980109301687,1.8612667850405007,1.8584978814146003,1.8584978814146003
2026-06-15 15:00:00+00:00,1.8584110013987116,1.8589756023219994,1.857775808595475,1.8579110020925955
2026-06-15 16:00:00+00:00,1.8579110020925955,1.8587522864586163,1.857873366499904,1.858441540444279
2026-06-15 17:00:00+00:00,1.8584395787139634,1.859399048794348,1.858263460605635,1.8590619844449623
2026-06-15 18:00:00+00:00,1.8592523779151935,1.8593929814344883,1.8585018165682057,1.8586269070735033
2026-06-15 19:00:00+00:00,1.8585336088421638,1.8587681933595046,1.8581082956343093,1.8581082956343093
2026-06-15 20:00:00+00:00,1.858376127689099,1.858762629066276,1.8579119720264137,1.858572122389504
2026-06-15 21:00:00+00:00,1.857838783101088,1.8584736703272235,1.8571963757960843,1.8576503566373341
2026-06-15 22:00:00+00:00,1.8583659423306356,1.8592194593693974,1.8583265096526111,1.8588044247664723
2026-06-15 23:00:00+00:00,1.8586396880247522,1.8589272083824797,1.8581057653634327,1.8588058997377526
2026-06-16 00:00:00+00:00,1.8587148070545405,1.8593324818126227,1.858443180241426,1.858673179124975
2026-06-16 01:00:00+00:00,1.8584906969322708,1.860143649018485,1.8584906969322708,1.8600127816832863
2026-06-16 02:00:00+00:00,1.8599949983327717,1.8604589744658906,1.8595640637372652,1.8595640637372652
2026-06-16 03:00:00+00:00,1.8596793464669699,1.8601489964974642,1.8591844670981301,1.8596159724344843
2026-06-16 04:00:00+00:00,1.859778802867776,1.8626192299658784,1.859778802867776,1.861693245386986
2026-06-16 05:00:00+00:00,1.861484089106563,1.863238694937443,1.8608221616509923,1.8616211250156538
2026-06-16 06:00:00+00:00,1.8616052785433834,1.8622373730346398,1.8610326548216936,1.861710264647386
2026-06-16 07:00:00+00:00,1.8617528827563123,1.8620790344559022,1.8609581804026187,1.861579291083655
2026-06-16 08:00:00+00:00,1.8615198632706598,1.8623306233062273,1.8603417877917008,1.8609425973485054
2026-06-16 09:00:00+00:00,1.8609144665611668,1.8612240931743353,1.8598261883607223,1.8598261883607223
2026-06-16 10:00:00+00:00,1.8597467862398254,1.8597643074275025,1.8580717613132154,1.8593173815399058
2026-06-16 11:00:00+00:00,1.859119775922787,1.8600155430347713,1.8587889460474987,1.8595164066403802
2026-06-16 12:00:00+00:00,1.8594014602592874,1.8599444444444382,1.8591561029115642,1.859482567177431
2026-06-16 13:00:00+00:00,1.8595261558106226,1.8597146267662268,1.8572379460014088,1.8578583022349175
2026-06-16 14:00:00+00:00,1.8577094282584221,1.8590303484035486,1.8570279899629794,1.8588876258075187
2026-06-16 15:00:00+00:00,1.8587587851231588,1.8606624426359002,1.8587160034949946,1.8606608522026036
2026-06-16 16:00:00+00:00,1.86040901213171,1.860633120259565,1.859913494329991,1.8602322065167574
2026-06-16 17:00:00+00:00,1.8602563746843814,1.8607614262515726,1.8599209376517036,1.8606154785359432
2026-06-16 18:00:00+00:00,1.8605735214550239,1.8606028659018654,1.8601437411549182,1.8604170424117925
2026-06-16 19:00:00+00:00,1.8604960878974472,1.8612765721109064,1.8604205970480465,1.8612765721109064
2026-06-16 20:00:00+00:00,1.8614038741928705,1.8616337355420036,1.861292382883002,1.8616337355420036
2026-06-16 21:00:00+00:00,1.861723112827488,1.8626198083067032,1.8608526593528618,1.861737584712804
2026-06-16 22:00:00+00:00,1.8618582755891238,1.8622059272838314,1.8613050539261218,1.861662987490796
2026-06-16 23:00:00+00:00,1.86188175178427,1.8623256847602587,1.8614874243517794,1.8622069118790918
2026-06-17 00:00:00+00:00,1.8623266927843014,1.8623266927843014,1.8618319656766718,1.8619722611725773
2026-06-17 01:00:00+00:00,1.8620402382638337,1.8625833333333275,1.8615104918396743,1.8618084870028826
2026-06-17 02:00:00+00:00,1.8615264992155005,1.8632213776523987,1.8615264992155005,1.862937179540617
2026-06-17 03:00:00+00:00,1.8629605957872448,1.8636818548274943,1.8629347116279658,1.8635321260302091
2026-06-17 04:00:00+00:00,1.8633685380767036,1.8642510667278154,1.863289064236491,1.8640880599296685
2026-06-17 05:00:00+00:00,1.8637911148784736,1.8644560305874114,1.863715953307387,1.8641735020158428
2026-06-17 06:00:00+00:00,1.8635990710997952,1.863786220039779,1.8622622093669985,1.8626232289102962
2026-06-17 07:00:00+00:00,1.8628544410296288,1.863111790878748,1.8613009892186225,1.861750896007551
2026-06-17 08:00:00+00:00,1.861598955149219,1.8622526318717174,1.8614916497624083,1.8621183272413881
2026-06-17 09:00:00+00:00,1.8621327106440884,1.8621327106440884,1.8614749885395918,1.8619927737631958
2026-06-17 10:00:00+00:00,1.8621341412569081,1.8626788470362432,1.8618911254448338,1.8618911254448338
2026-06-17 11:00:00+00:00,1.8619371341980453,1.8620622541046221,1.86049163005394,1.8607967972420636
2026-06-17 12:00:00+00:00,1.860911871003608,1.8613616465388996,1.8606295493693334,1.8609351558593041
2026-06-17 13:00:00+00:00,1.8608278927628779,1.8609266924081165,1.8583481349911128,1.8587038014050425
2026-06-17 14:00:00+00:00,1.8584934473567243,1.8586820693676873,1.8566947058660168,1.8574067130497516
2026-06-17 15:00:00+00:00,1.8573809193167554,1.857396835979271,1.8561180029417421,1.8567621585609535
2026-06-17 16:00:00+00:00,1.8567006731903613,1.856966348289643,1.8559630225972963,1.8564410707594898
2026-06-17 17:00:00+00:00,1.856577796899499,1.856736427223265,1.8556882655679883,1.855741752906245
2026-06-17 18:00:00+00:00,1.857393459284107,1.8583693379790884,1.855204814922919,1.856069791100514
2026-06-17 19:00:00+00:00,1.8557298487085838,1.857846093432248,1.8537120344239792,1.857662955961627
2026-06-17 20:00:00+00:00,1.8568669437796474,1.8576984415657032,1.8565013010996334,1.8565013010996334
2026-06-17 21:00:00+00:00,1.8571328593023846,1.857770563376334,1.8551720278154715,1.8559396729017668
2026-06-17 22:00:00+00:00,1.8571108810609607,1.8574066561280245,1.8563376735989645,1.857350698767533
2026-06-17 23:00:00+00:00,1.857244765221764,1.8572727399885245,1.8565657412843464,1.856983068383591
2026-06-18 00:00:00+00:00,1.8562885128620672,1.8567116626142308,1.8557672179191904,1.85663783587407
2026-06-18 01:00:00+00:00,1.856462404492179,1.856462404492179,1.8547606089783788,1.8547844653148882
2026-06-18 02:00:00+00:00,1.8550277692500847,1.8550277692500847,1.853532396565178,1.85401470034449
2026-06-18 03:00:00+00:00,1.8539292936336322,1.8542021143064296,1.8535028295837808,1.8536520769445162
2026-06-18 04:00:00+00:00,1.853636439662136,1.854938616071423,1.8535609756097504,1.8547892078903996
2026-06-18 05:00:00+00:00,1.8547709737278975,1.8548486116924738,1.8536476496024497,1.8538444357585515
2026-06-18 06:00:00+00:00,1.8543612076546154,1.855603929448532,1.8535673949720382,1.8535673949720382
2026-06-18 07:00:00+00:00,1.853459935025998,1.8537936616475195,1.8520843797086834,1.8524889781795801
2026-06-18 08:00:00+00:00,1.8528443030201474,1.8528443030201474,1.8503063536916262,1.8508935193607465
2026-06-18 09:00:00+00:00,1.8510182657988605,1.8510182657988605,1.849027564012867,1.8492621861668592
2026-06-18 10:00:00+00:00,1.849187253448222,1.8502094042833275,1.849156929965712,1.850057427795047
2026-06-18 11:00:00+00:00,1.8498081286238424,1.8498081286238424,1.8478148163717067,1.8484334715838977
2026-06-18 12:00:00+00:00,1.8486856854612654,1.8503747285844312,1.8476649888143122,1.8476649888143122
2026-06-18 13:00:00+00:00,1.8477920407192943,1.8480146626745333,1.8463740991116766,1.8463740991116766
2026-06-18 14:00:00+00:00,1.8465460641195726,1.8478133214026007,1.8453793699711285,1.8457096630216414
2026-06-18 15:00:00+00:00,1.8459360310220192,1.846715124405921,1.8451357087009885,1.8464711145909014
2026-06-18 16:00:00+00:00,1.8463624292403327,1.8464130419585252,1.84494812494756,1.8456753016174752
2026-06-18 17:00:00+00:00,1.845555850729151,1.8456646025244916,1.8442350177577618,1.8442350177577618
2026-06-18 18:00:00+00:00,1.8444929238686525,1.8445594405594352,1.8440676070514825,1.8443664139223803
2026-06-18 19:00:00+00:00,1.8445137732760615,1.8448355525685667,1.8439781787662557,1.8441907320349173
2026-06-18 20:00:00+00:00,1.8440731567384465,1.8450859933668202,1.8435887756386002,1.8450859933668202
2026-06-18 21:00:00+00:00,1.8471115468104415,1.8471115468104415,1.8439086471896224,1.8459589951717803
2026-06-18 22:00:00+00:00,1.845575994963973,1.8458525119968596,1.8450383173910552,1.8450662862896399
2026-06-18 23:00:00+00:00,1.8450016782277856,1.845867554672518,1.8447704420546183,1.8457060494535418
2026-06-19 00:00:00+00:00,1.8458223739436954,1.8469386327058923,1.845805178998609,1.8469386327058923
2026-06-19 01:00:00+00:00,1.847040877730657,1.8477045712444429,1.8467009197944755,1.8469221932700062
2026-06-19 02:00:00+00:00,1.8467410945663838,1.8469642206718724,1.846140927856687,1.846157076270587
2026-06-19 03:00:00+00:00,1.8458115256514258,1.847639214146479,1.8456359870115273,1.847639214146479
2026-06-19 04:00:00+00:00,1.8478303553897446,1.8482161646487683,1.8464139401762103,1.8464517758661754
2026-06-19 05:00:00+00:00,1.84639889974177,1.8479169003027869,1.8461052720205378,1.8466474263778696
2026-06-19 06:00:00+00:00,1.8460902698007953,1.8466980471267203,1.8449033884066022,1.8456758156395585
2026-06-19 07:00:00+00:00,1.8455941002784673,1.8468368790353016,1.845406978370961,1.8458102905145197
2026-06-19 08:00:00+00:00,1.8457242045438578,1.8491062187036613,1.8451638174645304,1.8484026564138347
2026-06-19 09:00:00+00:00,1.8484488375019157,1.849692393736012,1.8481819579774315,1.8494601096564782
2026-06-19 10:00:00+00:00,1.8492238847713545,1.850186794274434,1.8485603156392474,1.850186794274434
2026-06-19 11:00:00+00:00,1.8505401320944752,1.8506549851648602,1.849407451973522,1.8498831366950719
2026-06-19 12:00:00+00:00,1.8497460082005004,1.850051778667183,1.8481122320654997,1.8481223183463484
2026-06-19 13:00:00+00:00,1.8482353763365653,1.8494071201579085,1.8482275258106877,1.8491810163796667
2026-06-19 14:00:00+00:00,1.8491012431403226,1.8511892262679654,1.8483075286278183,1.849660673056735
2026-06-19 15:00:00+00:00,1.8498251014411577,1.8501581259970277,1.849013816369662,1.849266353046589
2026-06-19 16:00:00+00:00,1.8492040156256502,1.8505999803973674,1.8492040156256502,1.8505999803973674
2026-06-19 17:00:00+00:00,1.8507784498207822,1.8514313711765882,1.8501133596439605,1.8501133596439605
2026-06-19 18:00:00+00:00,1.8501532475893185,1.850727051348433,1.849838377901845,1.8501980101034063
2026-06-19 19:00:00+00:00,1.8500146920956462,1.8505164739803426,1.8494557461454455,1.8505164739803426
2026-06-19 20:00:00+00:00,1.850171436568463,1.8509496862393482,1.848693972395638,1.8509021177722034
2026-06-21 21:00:00+00:00,1.850785743272548,1.8552945134430394,1.850785743272548,1.85326216394177
2026-06-21 22:00:00+00:00,1.8557592577018973,1.8567564158268683,1.8551258526746266,1.8566162557640766
2026-06-21 23:00:00+00:00,1.8566063120129994,1.8575255245147477,1.8564502115972026,1.8573471676948905
2026-06-22 00:00:00+00:00,1.8577197582624003,1.8581223184991946,1.8568048165779834,1.8568048165779834
2026-06-22 01:00:00+00:00,1.8567948933310876,1.8571588648906006,1.85637501224752,1.8571588648906006
2026-06-22 02:00:00+00:00,1.8574190294743855,1.8586300141510035,1.8573369565217335,1.8580674081752668
2026-06-22 03:00:00+00:00,1.8580233942704991,1.8580233942704991,1.8572389251590065,1.8574612430265423
2026-06-22 04:00:00+00:00,1.8575574060055455,1.85799638153742,1.856351887413963,1.8567463766084433
2026-06-22 05:00:00+00:00,1.856872529505755,1.8576936558009054,1.856558353300539,1.8576095796292602
2026-06-22 06:00:00+00:00,1.8571007991027564,1.8579185139457823,1.8570307243776571,1.857216950055363
2026-06-22 07:00:00+00:00,1.8575453844536283,1.8581621924721325,1.8560966370638434,1.8564714794758783
2026-06-22 08:00:00+00:00,1.8563293358580486,1.858929373456091,1.8558617979735548,1.8588430123221098
2026-06-22 09:00:00+00:00,1.8588228690111928,1.8613616913817472,1.8588228690111928,1.8613616913817472
2026-06-22 10:00:00+00:00,1.8611185142584559,1.862254125366265,1.8610363014082871,1.8618629568339211
2026-06-22 11:00:00+00:00,1.8618256795803232,1.862449517612738,1.8609141608048596,1.8613896094790663
2026-06-22 12:00:00+00:00,1.8614534696223948,1.864562317865943,1.8613854451215177,1.86366438740051
2026-06-22 13:00:00+00:00,1.8628970116423997,1.8635465841119476,1.861272324557709,1.8615671484851395
2026-06-22 14:00:00+00:00,1.861713612719593,1.8634497639163206,1.8614666423674815,1.8631499327655696
2026-06-22 15:00:00+00:00,1.862926036911524,1.863841665263979,1.8621978883692212,1.8637116005049736
2026-06-22 16:00:00+00:00,1.863737096050264,1.8638174879335443,1.8624088614694276,1.8625229595771169
2026-06-22 17:00:00+00:00,1.86250455654319,1.8626749698448706,1.8621526122437475,1.8625713364274943
2026-06-22 18:00:00+00:00,1.8625815045922958,1.8628880724682335,1.8623527762198484,1.862736298872491
2026-06-22 19:00:00+00:00,1.8626879066636692,1.8641511022550212,1.8626502306926327,1.8636650536503205
2026-06-22 20:00:00+00:00,1.8635483870967682,1.8638952004263731,1.863393495729726,1.863393495729726
2026-06-22 21:00:00+00:00,1.8634776389414724,1.8645059044627015,1.861997420512527,1.8634279062591974
2026-06-22 22:00:00+00:00,1.8645517783013512,1.8646866538531621,1.8639480585042918,1.8646866538531621
2026-06-22 23:00:00+00:00,1.8645672604853354,1.8656016620809641,1.8645672604853354,1.865537135557764
2026-06-23 00:00:00+00:00,1.8658195858195796,1.8675945451989253,1.8658195858195796,1.866725668689587
2026-06-23 01:00:00+00:00,1.866714434235291,1.868455847188223,1.8663173715778618,1.8679948260832826
2026-06-23 02:00:00+00:00,1.8678953509622755,1.8699330030401917,1.8677861308227293,1.8699275107326279
2026-06-23 03:00:00+00:00,1.8697591938412108,1.8709250232453234,1.8696453701097602,1.8703336288291266
2026-06-23 04:00:00+00:00,1.870247910628353,1.8712482033649855,1.8700136487075878,1.871237740953663
2026-06-23 05:00:00+00:00,1.871527435199926,1.8729892430671995,1.8710659040320017,1.8729787264037832
2026-06-23 06:00:00+00:00,1.873040045121257,1.874992939049872,1.8722390584255342,1.8743876787554465
2026-06-23 07:00:00+00:00,1.874512959512106,1.8753462995420298,1.8736246685098397,1.874964675295308
2026-06-23 08:00:00+00:00,1.8752349059669584,1.875630537069215,1.8736436080027064,1.8743675984285284
2026-06-23 09:00:00+00:00,1.8742352525609263,1.8742352525609263,1.8725994125621266,1.873026176532838
2026-06-23 10:00:00+00:00,1.8726105664103767,1.8748038730652277,1.871529982923346,1.874747331966917
2026-06-23 11:00:00+00:00,1.8751625671472936,1.8764620918179435,1.8743814505867318,1.8764620918179435
2026-06-23 12:00:00+00:00,1.8762583001798014,1.8774137833399338,1.8755926686009419,1.8757907249904415
2026-06-23 13:00:00+00:00,1.8760633554615007,1.8769801384504248,1.8748886217382017,1.8758737795386946
2026-06-23 14:00:00+00:00,1.876100433096492,1.8763172804532513,1.8752584326942077,1.87586753916319
2026-06-23 15:00:00+00:00,1.875913545974726,1.8767350526718685,1.8752372050868036,1.875930310032457
2026-06-23 16:00:00+00:00,1.875878884100697,1.877586060107267,1.8755988321002288,1.8772863366111783
2026-06-23 17:00:00+00:00,1.87731846112364,1.8786596620758134,1.877057788374199,1.8785869457183768
2026-06-23 18:00:00+00:00,1.8784604900763728,1.8798459527057692,1.878403702546914,1.879410260780631
2026-06-23 19:00:00+00:00,1.8793977700447346,1.8797081079546198,1.8789525972182735,1.8797069347418576
2026-06-23 20:00:00+00:00,1.8799948879611423,1.880467341463062,1.8798257068241109,1.8800170309395337
2026-06-23 21:00:00+00:00,1.8794248729667522,1.8798381945922866,1.8790781500560483,1.8793069194527947
2026-06-23 22:00:00+00:00,1.8793710263396848,1.8801016424626937,1.8790776871230868,1.8800397501419583
2026-06-23 23:00:00+00:00,1.8801215253130348,1.8807897166394367,1.879728597992868,1.879728597992868
2026-06-24 00:00:00+00:00,1.8791593943779825,1.879627001249,1.8780916723394536,1.8786993161762557
2026-06-24 01:00:00+00:00,1.8787513302589507,1.8803863087629535,1.8769601587976683,1.879448827836742
2026-06-24 02:00:00+00:00,1.879429504009076,1.8817299080168834,1.8790737929370973,1.8816470454416134
2026-06-24 03:00:00+00:00,1.881413765159156,1.8819942866076316,1.88102240597871,1.8819942866076316
2026-06-24 04:00:00+00:00,1.8819374369323851,1.8820903585340132,1.8800954464108106,1.8802488777771398
2026-06-24 05:00:00+00:00,1.8802437742389093,1.880252279894309,1.8791539498899785,1.8800789626915417
2026-06-24 06:00:00+00:00,1.8800062489348341,1.8812376526101784,1.8794691647150599,1.880303008769056
2026-06-24 07:00:00+00:00,1.8804213399292018,1.882389749278262,1.8799664520164263,1.8822023047375096
2026-06-24 08:00:00+00:00,1.8820073683162337,1.884087674352399,1.8819024299970042,1.8835633983207565
2026-06-24 09:00:00+00:00,1.883641175968346,1.8846898672893937,1.8826327181590274,1.8834097968255712
2026-06-24 10:00:00+00:00,1.8833729926903229,1.8833729926903229,1.8803584403003086,1.8803584403003086
2026-06-24 11:00:00+00:00,1.8803401757859735,1.8805925503881429,1.8793640853389442,1.8795900939367995
2026-06-24 12:00:00+00:00,1.879732422430964,1.880042719829114,1.8778259941666011,1.879374937678944
2026-06-24 13:00:00+00:00,1.8794176721129263,1.8800324582882462,1.8783743400737059,1.8786990666970114
2026-06-24 14:00:00+00:00,1.8786335244653694,1.880189849061438,1.8777538842763293,1.8781842258895833
2026-06-24 15:00:00+00:00,1.8784284127481352,1.8805706637810684,1.8784284127481352,1.8794971454604927
2026-06-24 16:00:00+00:00,1.87961842386274,1.880295916915629,1.878921471031593,1.879214961245816
2026-06-24 17:00:00+00:00,1.879357178411428,1.8817809840179003,1.8792218319373075,1.8817809840179003
2026-06-24 18:00:00+00:00,1.881837232177216,1.8825566975040202,1.881185016379427,1.8822087288691176
2026-06-24 19:00:00+00:00,1.8821902970184077,1.8824871323267256,1.880322406083557,1.880322406083557
2026-06-24 20:00:00+00:00,1.880497322547561,1.880497322547561,1.8789081391709987,1.8792164003926468
2026-06-24 21:00:00+00:00,1.8799322439218746,1.8799322439218746,1.874760138160414,1.876558479407452
2026-06-24 22:00:00+00:00,1.8767606134254262,1.8781608214580248,1.8767606134254262,1.878078957847425
2026-06-24 23:00:00+00:00,1.8781483325037265,1.8782250035556758,1.8771869981096878,1.877311951777762
2026-06-25 00:00:00+00:00,1.8778035356192952,1.8788875129880227,1.8778035356192952,1.8782895672707547
2026-06-25 01:00:00+00:00,1.8780099276052784,1.8805231027563862,1.8770731568783305,1.8797359397897127
2026-06-25 02:00:00+00:00,1.8798007826396235,1.8818964903538054,1.8795345264176109,1.880425041607982
2026-06-25 03:00:00+00:00,1.8805906452714167,1.8811150004268693,1.8800545981914283,1.8802752815379298
2026-06-25 04:00:00+00:00,1.8799903321201024,1.8803537910243944,1.8788933727407002,1.878978629078088
2026-06-25 05:00:00+00:00,1.8792508064630662,1.8808947832768808,1.8788016599397352,1.8808612372102218
2026-06-25 06:00:00+00:00,1.880674947002995,1.8810943928027377,1.879869667909273,1.8808801969910403
2026-06-25 07:00:00+00:00,1.8813262531497734,1.8816830837556158,1.8799073258094707,1.8799073258094707
2026-06-25 08:00:00+00:00,1.8797334356394777,1.8803041068637136,1.8790509341478943,1.880172217801516
2026-06-25 09:00:00+00:00,1.8798624726508042,1.8803990960644628,1.879630550621663,1.8798715142556572
2026-06-25 10:00:00+00:00,1.8798009950248689,1.8798009950248689,1.87905369862234,1.8795173866029184
2026-06-25 11:00:00+00:00,1.8795463600660185,1.8795463600660185,1.877702039248047,1.8781970082976265
2026-06-25 12:00:00+00:00,1.8782327739584601,1.8788758862219117,1.8761171163503207,1.8772458066440303
2026-06-25 13:00:00+00:00,1.8772565227889206,1.8823914404416298,1.8767887563884091,1.8823914404416298
2026-06-25 14:00:00+00:00,1.8824223973596543,1.8824257249726157,1.8805152018631266,1.8805152018631266
2026-06-25 15:00:00+00:00,1.8803963600743818,1.8806627010604853,1.8783910196445208,1.8785783118870742
2026-06-25 16:00:00+00:00,1.8785091759370727,1.8788570294672025,1.8772317320080918,1.87839428271627
2026-06-25 17:00:00+00:00,1.8783074785173355,1.8783074785173355,1.8772220804626962,1.8774561229408193
2026-06-25 18:00:00+00:00,1.8774598763681662,1.878185763519544,1.8773901827098824,1.877726718293472
2026-06-25 19:00:00+00:00,1.8779536493348015,1.8792701973590733,1.8779536493348015,1.8788631268269083
2026-06-25 20:00:00+00:00,1.8786709417472907,1.8788816349701891,1.8778455861481627,1.8781353357843416
2026-06-25 21:00:00+00:00,1.8783472951867033,1.8791346071945647,1.877628330637603,1.8789810725999905
2026-06-25 22:00:00+00:00,1.8785345219168683,1.8790400454416294,1.8784278657809506,1.878829609017853
2026-06-25 23:00:00+00:00,1.8787887391927702,1.8801364508563645,1.8779989210982018,1.8801165434906126
2026-06-26 00:00:00+00:00,1.8801386895542258,1.8818401592718932,1.8801386895542258,1.8814205086649256
2026-06-26 01:00:00+00:00,1.8811005940706562,1.8837474193777963,1.8809060293010036,1.8832495979277197
2026-06-26 02:00:00+00:00,1.8833425850804835,1.8859208762371933,1.8829974954462592,1.8848253352906739
2026-06-26 03:00:00+00:00,1.8850419066081239,1.8856046995750926,1.8838168959972612,1.8838168959972612
2026-06-26 04:00:00+00:00,1.8837298651033005,1.8859328044664023,1.8834850640113732,1.8858302477926452
2026-06-26 05:00:00+00:00,1.8857041150505414,1.8858367509683231,1.8839217136517439,1.8843713545964027
2026-06-26 06:00:00+00:00,1.8845792663839893,1.8851334035707101,1.8819649761200752,1.8822709758143568
2026-06-26 07:00:00+00:00,1.8824441378525543,1.8853450607005042,1.8821296019794311,1.8849344698532797
2026-06-26 08:00:00+00:00,1.8850023480525329,1.8860206795522683,1.8840175765418514,1.8855119252485248
2026-06-26 09:00:00+00:00,1.8858821688221081,1.8858821688221081,1.8840458188846505,1.884410970584049
2026-06-26 10:00:00+00:00,1.8844552443478073,1.8847476901208176,1.8839284445644229,1.8842591277169987
2026-06-26 11:00:00+00:00,1.8842323592504657,1.8844781254887395,1.8834441224930334,1.8843486170726786
2026-06-26 12:00:00+00:00,1.8844021831826643,1.8845224559408686,1.882653786049148,1.882653786049148
2026-06-26 13:00:00+00:00,1.882461573429547,1.883709038223882,1.8818287595425196,1.8828129435140437
2026-06-26 14:00:00+00:00,1.8824940047961563,1.883004244325515,1.8811585971886915,1.8816874182727774
2026-06-26 15:00:00+00:00,1.882102091003419,1.8837030825860113,1.8818699660496827,1.8835283758450199
2026-06-26 16:00:00+00:00,1.8831356955194143,1.8837450606930597,1.8825159520798034,1.8826388494116244
2026-06-26 17:00:00+00:00,1.8825535785344714,1.8829740368628167,1.8821874200608184,1.8826866478040112
2026-06-26 18:00:00+00:00,1.882679102037328,1.8835836604653742,1.8826397180055652,1.88349763154525
2026-06-26 19:00:00+00:00,1.883445705669818,1.883445705669818,1.8820552910240853,1.8825394568462894
2026-06-26 20:00:00+00:00,1.882305275578231,1.8836219777717629,1.882305275578231,1.882988414130769
2026-06-28 21:00:00+00:00,1.8833368923054958,1.8833368923054958,1.8798099492154652,1.8817467547255682
2026-06-28 22:00:00+00:00,1.8796251528682282,1.8796331840477647,1.8790113981978847,1.8793108350154883
2026-06-28 23:00:00+00:00,1.8792909837813188,1.8793000511741562,1.8787336232131118,1.8792052189485289
2026-06-29 00:00:00+00:00,1.8796883441863044,1.8824458772791257,1.8796883441863044,1.8823445684354294
2026-06-29 01:00:00+00:00,1.8825857331985643,1.883316245158344,1.8814562002275248,1.882459287097135
2026-06-29 02:00:00+00:00,1.8823696871352456,1.882632582766369,1.881243426102276,1.881503712343179
2026-06-29 03:00:00+00:00,1.8812604874719083,1.881641825008527,1.8806863414079313,1.8814557664399674
2026-06-29 04:00:00+00:00,1.881309395094741,1.8815151040851397,1.8809198737093542,1.8814465990410953
2026-06-29 05:00:00+00:00,1.8817536320560007,1.882253384912953,1.8811740459100215,1.8812484898446429
2026-06-29 06:00:00+00:00,1.881387976743849,1.8816857366214135,1.8805321671470494,1.881577826370936
2026-06-29 07:00:00+00:00,1.8814281453708768,1.8823253633380148,1.8805775209755893,1.8817676573848954
2026-06-29 08:00:00+00:00,1.8818613377298892,1.8820576272150575,1.881378349166613,1.8819028656758803
2026-06-29 09:00:00+00:00,1.8818837179541803,1.8820618556700963,1.8812405876168492,1.8815281013809106
2026-06-29 10:00:00+00:00,1.8814662214960511,1.8818942374614653,1.8805109188298241,1.8818892045454476
2026-06-29 11:00:00+00:00,1.88193941459673,1.8835431526897541,1.88193941459673,1.882841682171307
2026-06-29 12:00:00+00:00,1.8829202471415318,1.8844765342960224,1.8828700876308362,1.8842530091375398
2026-06-29 13:00:00+00:00,1.8845574441475688,1.887632136810499,1.884456319372391,1.886917549975095
2026-06-29 14:00:00+00:00,1.887279865714523,1.890273603851242,1.8872558086592708,1.8902357381952786
2026-06-29 15:00:00+00:00,1.890343442401099,1.891017605834419,1.8894963905856155,1.8904374813148574
2026-06-29 16:00:00+00:00,1.89027445621227,1.8903817141555825,1.8892477095544236,1.8899483399035046
2026-06-29 17:00:00+00:00,1.8897284836065509,1.8900478114861339,1.8895592901967972,1.8899291425969602
2026-06-29 18:00:00+00:00,1.8897234551041246,1.8898403937523052,1.8891954153749828,1.8894230769230702
2026-06-29 19:00:00+00:00,1.8892634153972998,1.8901691346960774,1.8892634153972998,1.8898893345850694
2026-06-29 20:00:00+00:00,1.8898704106743984,1.8906868186605117,1.889743845026946,1.8905843000498121
2026-06-29 21:00:00+00:00,1.8900007116931115,1.89052622586707,1.8886754599393796,1.8893790198645275
2026-06-29 22:00:00+00:00,1.890509598554162,1.8907341786563,1.8901377190985593,1.8906819216757678
2026-06-29 23:00:00+00:00,1.8905885366270068,1.8912767927081042,1.8903068846301527,1.89116905680798
2026-06-30 00:00:00+00:00,1.891795244404547,1.8932317308103879,1.891795244404547,1.8925220317713765
2026-06-30 01:00:00+00:00,1.8926905797618134,1.893139032014038,1.8899426146638691,1.8919528095978482
2026-06-30 02:00:00+00:00,1.8916463423330843,1.8932747077046002,1.8914605972447953,1.8925768429464247
2026-06-30 03:00:00+00:00,1.8923827595554283,1.8923827595554283,1.8917168373897844,1.8919439529707143
2026-06-30 04:00:00+00:00,1.891652042403224,1.89178854248412,1.890853606365678,1.89132730230301
2026-06-30 05:00:00+00:00,1.8912621636275366,1.8912621636275366,1.8898407765883076,1.8909451515324402
2026-06-30 06:00:00+00:00,1.8903632679850404,1.8915308842606386,1.890051013138014,1.8905544235619263
2026-06-30 07:00:00+00:00,1.890705397739414,1.8913972977595284,1.8894571147737085,1.8898073195758684
2026-06-30 08:00:00+00:00,1.889422460350251,1.889422460350251,1.8877920227920164,1.8881466499544146
2026-06-30 09:00:00+00:00,1.8881861949121093,1.888687924576663,1.887637730262215,1.8882070703475309
2026-06-30 10:00:00+00:00,1.8879888387454915,1.8884412237866708,1.8865275466222784,1.886620670033424
2026-06-30 11:00:00+00:00,1.886699297117321,1.886699297117321,1.8849701110162191,1.8858610581438304
2026-06-30 12:00:00+00:00,1.8854931421091505,1.8858431891607184,1.8849558781668025,1.8851114717690207
2026-06-30 13:00:00+00:00,1.8845086458407392,1.8855679635820406,1.8837295268425778,1.8838862896229973
2026-06-30 14:00:00+00:00,1.8836984352773762,1.883834003895414,1.8815832284166238,1.8824012343057672
2026-06-30 15:00:00+00:00,1.8818018426005794,1.8844780180844065,1.8813760715195,1.883141002013093
2026-06-30 16:00:00+00:00,1.8830934996810031,1.8834976242819592,1.8826240481018697,1.8828885044104655
2026-06-30 17:00:00+00:00,1.882962731862266,1.882962731862266,1.8817970587401824,1.881875371928923
2026-06-30 18:00:00+00:00,1.881882066249179,1.8822787858184895,1.880994193457011,1.8811722711691485
2026-06-30 19:00:00+00:00,1.8809591252867965,1.881730782845081,1.8809591252867965,1.881730782845081
2026-06-30 20:00:00+00:00,1.8816242159958028,1.882268800453187,1.8814893466411773,1.882067920037396
2026-06-30 21:00:00+00:00,1.881439281209693,1.8832090927127851,1.881439281209693,1.8820070282831654
2026-06-30 22:00:00+00:00,1.8824379462767704,1.8830565160705108,1.8823346083014532,1.8827655594603725
2026-06-30 23:00:00+00:00,1.8828722861515725,1.883077839386241,1.8825180376203037,1.8830494774309676
2026-07-01 00:00:00+00:00,1.8831404583616909,1.8853949181189311,1.88277495002197,1.8853949181189311
2026-07-01 01:00:00+00:00,1.8852216888686846,1.8871929100815052,1.8850200934380308,1.8867650823449036
2026-07-01 02:00:00+00:00,1.8871013626923783,1.888570899719499,1.8867650823449036,1.8872780559981726
2026-07-01 03:00:00+00:00,1.8874912847365437,1.8874912847365437,1.8865184679495324,1.8865184679495324
2026-07-01 04:00:00+00:00,1.8867583675907817,1.8878197372354144,1.8867583675907817,1.8872392166901255
2026-07-01 05:00:00+00:00,1.88714608722856,1.8876292619091581,1.886423403317738,1.8867041997213394
2026-07-01 06:00:00+00:00,1.8867801140160017,1.8882550431046683,1.8867801140160017,1.8876404494381955
2026-07-01 07:00:00+00:00,1.887584990469682,1.8882231551981719,1.8865395560614624,1.8873958422205097
2026-07-01 08:00:00+00:00,1.8874449026020124,1.8886455118266967,1.8873447790279156,1.8880987598133965
2026-07-01 09:00:00+00:00,1.888147695108589,1.8892571152232291,1.8877416051542368,1.8887039408166104
2026-07-01 10:00:00+00:00,1.8887355406001387,1.8888272605739904,1.8871144200849597,1.8871144200849597
2026-07-01 11:00:00+00:00,1.8868618842618183,1.8872568536002665,1.8860074176175459,1.8869772930855464
2026-07-01 12:00:00+00:00,1.8868796292347219,1.887580025608188,1.8857134736453103,1.8865582070024678
2026-07-01 13:00:00+00:00,1.8862728371365547,1.8875745526838903,1.8855955718086936,1.8873869396680185
2026-07-01 14:00:00+00:00,1.8872489888597115,1.8904496775842905,1.8871297242083698,1.8892974784188943
2026-07-01 15:00:00+00:00,1.8895436344531784,1.8901408050468105,1.8886316507115806,1.8896052257881217
2026-07-01 16:00:00+00:00,1.889570290873466,1.8910792654348105,1.8893839844470555,1.8904811953187077
2026-07-01 17:00:00+00:00,1.8904714569724443,1.8911823618825672,1.8902648583398356,1.89057172084564
2026-07-01 18:00:00+00:00,1.8905211115530993,1.8916786328674744,1.8905211115530993,1.8915707178393681
2026-07-01 19:00:00+00:00,1.8913886954420709,1.8920944120574372,1.8910235459622236,1.8920944120574372
2026-07-01 20:00:00+00:00,1.8922239126416454,1.892896765567655,1.8914375915470862,1.8916347917584933
2026-07-01 21:00:00+00:00,1.8909116768596153,1.8923934528803565,1.8903628504805714,1.8903628504805714
2026-07-01 22:00:00+00:00,1.8919303234980385,1.8926321477836652,1.8918496189284433,1.8926321477836652
2026-07-01 23:00:00+00:00,1.892739813695507,1.893367288868648,1.8925422378974845,1.8932819257910245
2026-07-02 00:00:00+00:00,1.893540720923276,1.8948245176906031,1.8932834440666324,1.8933851254250726
2026-07-02 01:00:00+00:00,1.8927530047649461,1.8930033547506615,1.8916905932853785,1.8928144904458533
2026-07-02 02:00:00+00:00,1.8926779342989883,1.893145075288992,1.892214378045136,1.893145075288992
2026-07-02 03:00:00+00:00,1.8929373631685127,1.8947525767325255,1.8929373631685127,1.893611877470911
2026-07-02 04:00:00+00:00,1.8937047623110435,1.894416388078804,1.8932643370958961,1.8934969290263808
2026-07-02 05:00:00+00:00,1.893553798908092,1.8942959939703283,1.8932272048894823,1.894037851749677
2026-07-02 06:00:00+00:00,1.8937531092317468,1.8958232703508953,1.893620045195485,1.8954371002132127
2026-07-02 07:00:00+00:00,1.8957136355879107,1.9014254822739365,1.895313788494889,1.9014254822739365
2026-07-02 08:00:00+00:00,1.9012075267746595,1.901881051568958,1.8984443750532194,1.8992636313332605
2026-07-02 09:00:00+00:00,1.8992110565598594,1.8995813524444694,1.8978719779673703,1.8982535851199704
2026-07-02 10:00:00+00:00,1.8986707188911227,1.898993198051711,1.897546282482979,1.8988446288743235
2026-07-02 11:00:00+00:00,1.8987863456783036,1.899037709834684,1.8979284047578329,1.898333546798724
2026-07-02 12:00:00+00:00,1.89824816063982,1.8983405442331711,1.8934002261164433,1.8961152953168292
2026-07-02 13:00:00+00:00,1.896752446641261,1.896752446641261,1.8931375317706796,1.8937471745027057
2026-07-02 14:00:00+00:00,1.89431365344939,1.895895569933875,1.893772066092353,1.8948573690311206
2026-07-02 15:00:00+00:00,1.8948812217194502,1.8952141129203324,1.8933546181448242,1.8941792205955092
2026-07-02 16:00:00+00:00,1.8942840973401178,1.8951259932860174,1.8937732565542738,1.894809130040773
2026-07-02 17:00:00+00:00,1.8950178439925158,1.8953750265599478,1.8943469454241495,1.8950941898538538
2026-07-02 18:00:00+00:00,1.8951724919919426,1.8953328514534282,1.8945966999504218,1.8950417906218942
2026-07-02 19:00:00+00:00,1.895266297340562,1.8959113077010252,1.8942836099937612,1.8942836099937612
2026-07-02 20:00:00+00:00,1.8944468054965224,1.8958268363904334,1.8942217816173281,1.8958268363904334
2026-07-02 21:00:00+00:00,1.8951180789839184,1.8959624466410383,1.893876914792608,1.894939704402777
2026-07-02 22:00:00+00:00,1.8941598084904394,1.8948501806332727,1.8941246475780222,1.8945518951470002
2026-07-02 23:00:00+00:00,1.8944065059080155,1.8949651916232972,1.8942134712090029,1.8945055568155982
2026-07-03 00:00:00+00:00,1.8944242870910986,1.8953983204720772,1.894393649443611,1.894937444209864
2026-07-03 01:00:00+00:00,1.894935955565625,1.894935955565625,1.8925819631572192,1.893121887731999
2026-07-03 02:00:00+00:00,1.893069839159151,1.893434271968297,1.8919361903550724,1.8920656905421387
2026-07-03 03:00:00+00:00,1.8920706713780855,1.8928712815292326,1.8916932817048633,1.8924259986994931
2026-07-03 04:00:00+00:00,1.8923835910774298,1.8925082354271754,1.8914723207096684,1.892121400514307
2026-07-03 05:00:00+00:00,1.8922783468738897,1.8927456382001773,1.8918594469395185,1.891976660403209
2026-07-03 06:00:00+00:00,1.891564733467041,1.8916400801829467,1.8907517958705502,1.8913301327308607
2026-07-03 07:00:00+00:00,1.8911815382877095,1.8914142127106859,1.890506311241628,1.8914142127106859
2026-07-03 08:00:00+00:00,1.8912779534673534,1.8916220681474722,1.8901702283826827,1.8907878753637044
2026-07-03 09:00:00+00:00,1.8909183370767406,1.8910776361529487,1.8899322225360005,1.890609983605624
2026-07-03 10:00:00+00:00,1.8904103781583794,1.8911225383550356,1.8900600494524837,1.8907665135994285
2026-07-03 11:00:00+00:00,1.8909111462807984,1.8910349699752673,1.8905263157894674,1.890879294755871
2026-07-03 12:00:00+00:00,1.8907804023508075,1.8914671716457925,1.8907128528239985,1.89123491336668
2026-07-03 13:00:00+00:00,1.8908798010343886,1.8912419594260204,1.8902376981995923,1.890638472302706
2026-07-03 14:00:00+00:00,1.8903776571686957,1.8918651494805223,1.8903414551416073,1.8918544488110998
2026-07-03 15:00:00+00:00,1.89175053714802,1.89175053714802,1.8909319614438695,1.8913261628482123
2026-07-03 16:00:00+00:00,1.8912398236092205,1.8915683087143906,1.8908201910575937,1.8908672121186365
2026-07-03 17:00:00+00:00,1.8909096047592744,1.8912300039568077,1.8907713829501556,1.8911074370822496
2026-07-03 18:00:00+00:00,1.891113591725418,1.8911906847921254,1.8908623345060906,1.8909440307470513
2026-07-03 19:00:00+00:00,1.8907726868138794,1.891261943800525,1.8906850553922614,1.8911049231769483
2026-07-03 20:00:00+00:00,1.891109540636036,1.8914555530422916,1.890458414637589,1.890579484713928
2026-07-05 21:00:00+00:00,1.889751091888218,1.8897840343735803,1.887231099316802,1.8884449213565564
2026-07-05 22:00:00+00:00,1.8899322225359991,1.89069872573672,1.8899322225359991,1.8899860151714125
2026-07-05 23:00:00+00:00,1.8899624261943029,1.890601163907558,1.889777237862493,1.890577765221069
2026-07-06 00:00:00+00:00,1.8910982038128272,1.8916366207140258,1.8901347191233298,1.8911842421330698
2026-07-06 01:00:00+00:00,1.8915729066545977,1.8915729066545977,1.889816738021554,1.8907743650658901
2026-07-06 02:00:00+00:00,1.890414057309256,1.8916935347021817,1.8902537281786624,1.8916935347021817
2026-07-06 03:00:00+00:00,1.8916839887441774,1.892781316348188,1.8916839887441774,1.8918502171483464
2026-07-06 04:00:00+00:00,1.8918865388696253,1.891955746703631,1.889915776383464,1.8901042991605115
2026-07-06 05:00:00+00:00,1.8902552794504208,1.8902649362399901,1.889582774065014,1.8902133797140723
2026-07-06 06:00:00+00:00,1.890082703046575,1.8906146120659095,1.8894668400520083,1.8901978531728563
2026-07-06 07:00:00+00:00,1.8902407968082324,1.890804191354264,1.88954966662899,1.889949855215756
2026-07-06 08:00:00+00:00,1.8898807842250902,1.8901546202334778,1.8891872791519357,1.8895421972834228
2026-07-06 09:00:00+00:00,1.8894355146528612,1.8902868290476182,1.8891009329940553,1.8898157704978222
2026-07-06 10:00:00+00:00,1.8896475677509574,1.8899861546720842,1.8891855619128268,1.8895404702690408
2026-07-06 11:00:00+00:00,1.8895106476182328,1.8902644111869455,1.8891950320037223,1.8902628603730849
2026-07-06 12:00:00+00:00,1.8903991522430164,1.8923756030616357,1.8902973263241118,1.8919178915500654
2026-07-06 13:00:00+00:00,1.892139663856028,1.8926303582287893,1.890464008593268,1.8911807951139437
2026-07-06 14:00:00+00:00,1.8910550945103342,1.8919190063726592,1.8902609604815048,1.890902413875895
2026-07-06 15:00:00+00:00,1.8907357717836388,1.890976381512028,1.8897514432101998,1.8909509159163325
2026-07-06 16:00:00+00:00,1.8907484759539326,1.8915604848382148,1.89040342039537,1.8911976301311817
2026-07-06 17:00:00+00:00,1.8910909244787921,1.8913166135356938,1.8900491833312119,1.8908860224148794
2026-07-06 18:00:00+00:00,1.8907653054032263,1.890885534024328,1.8903812275385736,1.8908763133432784
2026-07-06 19:00:00+00:00,1.891101939627843,1.8913962136578697,1.8904647887323869,1.8908312321280087
2026-07-06 20:00:00+00:00,1.8908061358161998,1.891559301964978,1.8904634455557043,1.891559301964978
2026-07-06 21:00:00+00:00,1.8914762555854625,1.8914762555854625,1.8895665769864565,1.8907441067478195
2026-07-06 22:00:00+00:00,1.890666591552462,1.891270970377354,1.8904304467857271,1.8911423782763546
2026-07-06 23:00:00+00:00,1.8911485106682557,1.891503120641309,1.890850722311389,1.8915000634008123
2026-07-07 00:00:00+00:00,1.891661500309974,1.8923328585731738,1.8913297729930738,1.8923328585731738
2026-07-07 01:00:00+00:00,1.8927357599176333,1.893015317780466,1.8911546423692698,1.8914400011268644
2026-07-07 02:00:00+00:00,1.8914522330671326,1.8924371880551487,1.8912189282444825,1.8923964075739772
2026-07-07 03:00:00+00:00,1.8923521533798475,1.894261439015433,1.8920537828390949,1.8932163462216565
2026-07-07 04:00:00+00:00,1.893164442689078,1.894263614036071,1.892774550172027,1.894263614036071
2026-07-07 05:00:00+00:00,1.8943297150035923,1.8951538863543194,1.8934671522543052,1.8937227390144329
2026-07-07 06:00:00+00:00,1.8938371633448066,1.8940243093298628,1.892275132275125,1.892275132275125
2026-07-07 07:00:00+00:00,1.8923728215621178,1.893749823481225,1.891698177098023,1.893656084058291
2026-07-07 08:00:00+00:00,1.89349655484016,1.89471157918513,1.8928964524595644,1.894682608020545
2026-07-07 09:00:00+00:00,1.8945622406053175,1.8946558635875936,1.8927034387390742,1.8927936319756047
2026-07-07 10:00:00+00:00,1.892218019645471,1.8929145856259981,1.8916240860457822,1.8925362185952612
2026-07-07 11:00:00+00:00,1.892859662241277,1.8931226634689917,1.8919688680841393,1.8924537082739774
2026-07-07 12:00:00+00:00,1.892602778365411,1.8929150739805558,1.890667944579902,1.8914735239384128
2026-07-07 13:00:00+00:00,1.8914174527304186,1.8920683722110891,1.891226190308338,1.8920544386717795
2026-07-07 14:00:00+00:00,1.891783567134261,1.8935653695784038,1.8917391795683054,1.8932953085513329
2026-07-07 15:00:00+00:00,1.8933694792725555,1.894299639754178,1.8930815833698083,1.8935782409042667
2026-07-07 16:00:00+00:00,1.8936987849674973,1.8936987849674973,1.8927733988756037,1.8929787143886139
2026-07-07 17:00:00+00:00,1.8929519774011225,1.8929519774011225,1.8921024772390354,1.8921604607176055
2026-07-07 18:00:00+00:00,1.8921356879684847,1.8929873653862388,1.891991079242293,1.8929873653862388
2026-07-07 19:00:00+00:00,1.8931126127399627,1.8942443802729105,1.8928132287470776,1.8928132287470776
2026-07-07 20:00:00+00:00,1.8929126735080355,1.8938249603982729,1.8928980284078791,1.8938249603982729
2026-07-07 21:00:00+00:00,1.8944359540385958,1.8959100436186411,1.8930633384275697,1.8949701209323324
2026-07-07 22:00:00+00:00,1.8949477499929124,1.8949559012981791,1.8937753816982845,1.8940180858440694
2026-07-07 23:00:00+00:00,1.8940114337465253,1.8943217218918078,1.8934746314270279,1.8943217218918078
2026-07-08 00:00:00+00:00,1.8944267403158341,1.8944312259234006,1.8915679678887334,1.8915679678887334
2026-07-08 01:00:00+00:00,1.8917673662638608,1.8922071861875798,1.8905119801084915,1.8909144867935652
2026-07-08 02:00:00+00:00,1.8910293556456899,1.8910334303557725,1.8897139791625415,1.8907018138667495
2026-07-08 03:00:00+00:00,1.8907031272069759,1.8907126209477991,1.8895207721833296,1.8905570306762256
2026-07-08 04:00:00+00:00,1.8906812820476526,1.8910665837666667,1.8900341701731025,1.8904252764791385
2026-07-08 05:00:00+00:00,1.8901534942174825,1.8906086710916463,1.8898301495192438,1.8904359122809422
2026-07-08 06:00:00+00:00,1.8906254411972252,1.892887927989027,1.8905252753459396,1.8928687493818188
2026-07-08 07:00:00+00:00,1.8930014980638157,1.893412140665424,1.8919495114926228,1.8924126629843547
2026-07-08 08:00:00+00:00,1.8927794263105764,1.8969664307696597,1.8926330959647264,1.8952642843980703
2026-07-08 09:00:00+00:00,1.8956912563269979,1.8962759168392014,1.8937668224960968,1.895079922911227
2026-07-08 10:00:00+00:00,1.894865837418177,1.8951379837932716,1.8938793420717304,1.89412947439963
2026-07-08 11:00:00+00:00,1.8944915794393775,1.8958726465288442,1.894148642332037,1.8942818677814703
2026-07-08 12:00:00+00:00,1.8946420978029692,1.8947010388174697,1.8932346573462124,1.8939183638784167
2026-07-08 13:00:00+00:00,1.8939535542339203,1.8980123449798894,1.8933616418966666,1.8976283185840634
2026-07-08 14:00:00+00:00,1.897750279622255,1.899509595487137,1.8969442949788944,1.8989402397211679
2026-07-08 15:00:00+00:00,1.8986016462887585,1.90012486165895,1.8975767961591226,1.8995716190530152
2026-07-08 16:00:00+00:00,1.8992157919366885,1.8997716279663468,1.8982736663364859,1.8985622098947055
2026-07-08 17:00:00+00:00,1.898668440193005,1.8996367645188117,1.8977860717618042,1.8994143111790094
2026-07-08 18:00:00+00:00,1.8992560534057408,1.899325442280761,1.8979707195749178,1.8980370543095695
2026-07-08 19:00:00+00:00,1.8979782138769898,1.8984061493245838,1.8977674155715623,1.89806991267979
2026-07-08 20:00:00+00:00,1.8981743160750542,1.8983889202939437,1.8977017184074596,1.8982473016366928
2026-07-08 21:00:00+00:00,1.898649605073174,1.9001500438807495,1.8971904472378072,1.8983729485002752
2026-07-08 22:00:00+00:00,1.897948217593567,1.8983650147092028,1.8977955628455403,1.8983650147092028
2026-07-08 23:00:00+00:00,1.8983933016519499,1.8983933016519499,1.8968884241464994,1.8971199231225724
2026-07-09 00:00:00+00:00,1.8969887945286703,1.8987372201875001,1.896864977889539,1.8983290452090738
2026-07-09 01:00:00+00:00,1.8986115824001735,1.899051797339364,1.8981548250265035,1.8987669334539927
2026-07-09 02:00:00+00:00,1.898662405972505,1.8988376368109883,1.8976290058215037,1.8983992759976167
2026-07-09 03:00:00+00:00,1.8985617920325746,1.8989616048439502,1.8975500169548922,1.8978487024368103
2026-07-09 04:00:00+00:00,1.8978302353523142,1.8985874068522708,1.897381547896611,1.897509077807755
2026-07-09 05:00:00+00:00,1.897489510193118,1.8989978940226915,1.897489510193118,1.8980433707706357
2026-07-09 06:00:00+00:00,1.897907016156359,1.9005663761811198,1.8978320740060652,1.9005663761811198
2026-07-09 07:00:00+00:00,1.9004533834267803,1.9015656794031124,1.8996213726653592,1.8996213726653592
2026-07-09 08:00:00+00:00,1.8998389284503143,1.900736177247735,1.8996270448958756,1.900019786867166
2026-07-09 09:00:00+00:00,1.9001130742049392,1.9002925919120168,1.899255470946406,1.899255470946406
2026-07-09 10:00:00+00:00,1.8989854744814256,1.8994257750622232,1.8983865042809835,1.898504001583658
2026-07-09 11:00:00+00:00,1.8979764985364533,1.8983695575321273,1.89669549977385,1.89669549977385
2026-07-09 12:00:00+00:00,1.8966058105358274,1.8978426216529456,1.8960558286715186,1.8967720955222116
2026-07-09 13:00:00+00:00,1.8967769296013497,1.897466691156724,1.8960705104663897,1.8967591611946546
2026-07-09 14:00:00+00:00,1.8973127921261765,1.8973913779960965,1.8954132068010996,1.8961644416189793
2026-07-09 15:00:00+00:00,1.896148847197099,1.8969508752117372,1.8953445696055935,1.8969508752117372
2026-07-09 16:00:00+00:00,1.8969143470159708,1.8979750338906387,1.8965585387199608,1.8979750338906387
2026-07-09 17:00:00+00:00,1.8979738792799077,1.8979738792799077,1.8974937909234513,1.897819490508778
2026-07-09 18:00:00+00:00,1.8978238166473715,1.898551747501545,1.8978238166473715,1.8983256628172835
2026-07-09 19:00:00+00:00,1.8983524628351118,1.8987277425549565,1.897848778903053,1.898120029943918
2026-07-09 20:00:00+00:00,1.8981427865263676,1.898196404107163,1.8977237425513211,1.8978943354658229
2026-07-09 21:00:00+00:00,1.8973250854447288,1.8990628577890143,1.8971917730816958,1.89822195838986
2026-07-09 22:00:00+00:00,1.8980335650110098,1.8986057943581904,1.8979150775489362,1.8984604519773924
2026-07-09 23:00:00+00:00,1.8983448197943646,1.8984661883509317,1.898030078373217,1.8981488018751944
2026-07-10 00:00:00+00:00,1.8979862739006323,1.8998671115132235,1.8979862739006323,1.8988312018294145
2026-07-10 01:00:00+00:00,1.8986519867315885,1.8998263619294913,1.8986519867315885,1.8993341609299086
2026-07-10 02:00:00+00:00,1.8995569727411163,1.899571081889488,1.8964546989307731,1.8966647903180325
2026-07-10 03:00:00+00:00,1.8967196273519098,1.897542426589668,1.8965526945265145,1.8971996844714811
2026-07-10 04:00:00+00:00,1.8972964596159447,1.8975761763088421,1.8971414885673539,1.897494819054592
2026-07-10 05:00:00+00:00,1.8974651779168694,1.898828676263045,1.8973654163318727,1.8985820105820017
2026-07-10 06:00:00+00:00,1.8986879232505556,1.8988163259547601,1.8979272419627662,1.89817740661324
2026-07-10 07:00:00+00:00,1.8986793464457965,1.899391578085509,1.898070304124575,1.8987055884138078
2026-07-10 08:00:00+00:00,1.8987463293426612,1.8990570565483664,1.897459792999243,1.8977222983181918
2026-07-10 09:00:00+00:00,1.8976136684552296,1.8984876939804205,1.8968398470028562,1.8969863787140853
2026-07-10 10:00:00+00:00,1.8967697322927897,1.899617658262664,1.8965152370203073,1.899520248342026
2026-07-10 11:00:00+00:00,1.8996599839162427,1.8997785082459742,1.8982249689581128,1.8983619972064982
2026-07-10 12:00:00+00:00,1.8982689784574494,1.8982689784574494,1.8972973735435914,1.8974015348154747
2026-07-10 13:00:00+00:00,1.8974322799096976,1.8974322799096976,1.8955436468763132,1.895699288858779
2026-07-10 14:00:00+00:00,1.8955887333483765,1.8971213169374903,1.8952121579860777,1.8969045972306429
2026-07-10 15:00:00+00:00,1.8967439628526577,1.8970471996386542,1.89501937301866,1.89501937301866
2026-07-10 16:00:00+00:00,1.894914060298667,1.8950401578131517,1.8931970490510694,1.8937609197993488
2026-07-10 17:00:00+00:00,1.8939159104999068,1.893972270754655,1.8928349963357487,1.8936251216176112
2026-07-10 18:00:00+00:00,1.8936362226264418,1.8938297722304407,1.8928969300410274,1.8935723149819408
2026-07-10 19:00:00+00:00,1.8934358034266285,1.8936716358969206,1.8932938438755993,1.8935033068689715
2026-07-10 20:00:00+00:00,1.893542019176528,1.8941212984777642,1.8929467836092297,1.8941212984777642
2026-07-12 21:00:00+00:00,1.8927861503108478,1.893361721327647,1.8920133556867254,1.8933461175110242
2026-07-12 22:00:00+00:00,1.892632113104878,1.8939383247477153,1.8922664786746473,1.892845051348597
2026-07-12 23:00:00+00:00,1.8929443135484323,1.8935044784540431,1.8922124442940056,1.8933032567319799
2026-07-13 00:00:00+00:00,1.8933410407884068,1.8941596567492711,1.8925364719148547,1.894028144363355
2026-07-13 01:00:00+00:00,1.8942018550675443,1.8947568978900482,1.8935854914967092,1.8946165243773279
2026-07-13 02:00:00+00:00,1.8945764003556367,1.8947687963289708,1.8935347807073137,1.8947687963289708
2026-07-13 03:00:00+00:00,1.8947308973852057,1.8958816213465908,1.8947308973852057,1.8953299535395949
2026-07-13 04:00:00+00:00,1.8954705309096982,1.8962934701202447,1.8953260209771363,1.8954233603433095
2026-07-13 05:00:00+00:00,1.8955036352085741,1.8963213064730224,1.8944576885641247,1.895792432310269
2026-07-13 06:00:00+00:00,1.8952808607980935,1.897115737732695,1.895259345035507,1.8956497175141152
2026-07-13 07:00:00+00:00,1.896008700073433,1.896211896593098,1.8951824570315716,1.8954800665857765
2026-07-13 08:00:00+00:00,1.8952394386063804,1.8955777420537467,1.8943257912173026,1.8943383990751874
2026-07-13 09:00:00+00:00,1.894337600812128,1.8945661675549075,1.8937214418683275,1.893939180330171
2026-07-13 10:00:00+00:00,1.8938953898209412,1.894275239706703,1.8932021038085618,1.893864036632608
2026-07-13 11:00:00+00:00,1.8939195378003153,1.8940316172119276,1.8920966651644795,1.8933966518234506
2026-07-13 12:00:00+00:00,1.8935168876551642,1.8945795446535472,1.8931929349741243,1.893972270754655
2026-07-13 13:00:00+00:00,1.8938343618789895,1.8950665180649715,1.893650010571561,1.8945905525142417
2026-07-13 14:00:00+00:00,1.8944331583996297,1.8944331583996297,1.8931827805222212,1.8937536156223012
2026-07-13 15:00:00+00:00,1.8935464755347275,1.894487255483097,1.8927573850971888,1.894487255483097
2026-07-13 16:00:00+00:00,1.8944686736954925,1.8956821813964577,1.8942081128747705,1.8953641260550445
2026-07-13 17:00:00+00:00,1.8951699564504179,1.8953708678562249,1.8941686801463744,1.8948335831235943
2026-07-13 18:00:00+00:00,1.8947800022621781,1.8952333804808963,1.894753212967797,1.8949005414728537
2026-07-13 19:00:00+00:00,1.8949355276552335,1.8955635746125994,1.8948343135037233,1.8950502892871701
2026-07-13 20:00:00+00:00,1.8951180523136466,1.8953267853604598,1.8939415376779105,1.8942819148936079
2026-07-13 21:00:00+00:00,1.8943087130589693,1.8959209389910567,1.8936654784133904,1.8936654784133904
2026-07-13 22:00:00+00:00,1.893817698464314,1.8946192146656022,1.8936687737756759,1.8944688074692233
2026-07-13 23:00:00+00:00,1.8944591402260396,1.89478748089874,1.8939293239249313,1.8939293239249313
2026-07-14 00:00:00+00:00,1.8941495905986083,1.8949937740547793,1.8938793981219508,1.894330443636766
2026-07-14 01:00:00+00:00,1.8944874985858042,1.8951530756606783,1.893953527815459,1.894409410966255
2026-07-14 02:00:00+00:00,1.8944012441679539,1.8944012441679539,1.8931436804339143,1.8937676653476458
2026-07-14 03:00:00+00:00,1.893600486074796,1.8942019562390366,1.892207370605081,1.8925661842569625
2026-07-14 04:00:00+00:00,1.892374149467791,1.8929605309609463,1.8916614915598622,1.8916614915598622
2026-07-14 05:00:00+00:00,1.891584458839626,1.8922050066322267,1.8915122281458827,1.8918224793621592
2026-07-14 06:00:00+00:00,1.8919006631861068,1.8923724385318164,1.8912153963371525,1.8923724385318164
2026-07-14 07:00:00+00:00,1.8924278591505443,1.8924278591505443,1.8890893712996812,1.8893149680675496
2026-07-14 08:00:00+00:00,1.8893963742986752,1.8913616439514505,1.8893525240706455,1.89106078329128
2026-07-14 09:00:00+00:00,1.8910822730410926,1.8910822730410926,1.8892751583391891,1.889553625473323
2026-07-14 10:00:00+00:00,1.8895082844151552,1.8917036723761103,1.8892767658568084,1.8914845622444576
2026-07-14 11:00:00+00:00,1.8915020515206546,1.8924514474166274,1.891077799557195,1.8920796404063658
2026-07-14 12:00:00+00:00,1.892178692220961,1.892686983733182,1.888299216578207,1.8890402302885545
2026-07-14 13:00:00+00:00,1.8889341155994641,1.8889341155994641,1.8861354201727725,1.8867347940059065
2026-07-14 14:00:00+00:00,1.8865356582193231,1.8866658260126297,1.8836684965269908,1.8838352710463566
2026-07-14 15:00:00+00:00,1.8837176721118467,1.8843682482673392,1.8822516036863695,1.8843276774311175
2026-07-14 16:00:00+00:00,1.8845262995353447,1.8848794597099086,1.883778666105609,1.8838618290955418
2026-07-14 17:00:00+00:00,1.883798224578224,1.8838227247856927,1.8824825302388148,1.8829727530375644
2026-07-14 18:00:00+00:00,1.8830899168034478,1.8838873531929137,1.8828876855307004,1.8837907616321408
2026-07-14 19:00:00+00:00,1.8839888310485537,1.8851897597125444,1.88378586964147,1.8851897597125444
2026-07-14 20:00:00+00:00,1.88520977499543,1.8856537181844897,1.8838354780314535,1.8838354780314535
2026-07-14 21:00:00+00:00,1.8846737054925222,1.8863093733322007,1.8835109594619175,1.8845813741315087
2026-07-14 22:00:00+00:00,1.884910665412839,1.8859400437882357,1.884910665412839,1.8857259162560798
2026-07-14 23:00:00+00:00,1.8858739138369018,1.8859176282321146,1.885233251490696,1.8855996408328102
2026-07-15 00:00:00+00:00,1.8851884066103557,1.8852882173870258,1.8842125923537323,1.8842553668516253
2026-07-15 01:00:00+00:00,1.884421899303552,1.885182224839782,1.8836121150990357,1.8836121150990357
2026-07-15 02:00:00+00:00,1.8837870784233965,1.8843647067068379,1.8829376189942797,1.8829590636725004
2026-07-15 03:00:00+00:00,1.8830463390732097,1.884117886121885,1.8830158041351033,1.8837834808920677
2026-07-15 04:00:00+00:00,1.883673698069857,1.8846784478046916,1.8834437457107154,1.8845005676164228
2026-07-15 05:00:00+00:00,1.8843124614608353,1.8851351351351264,1.8840650793873144,1.884681655810035
2026-07-15 06:00:00+00:00,1.884985010226659,1.8859885105786653,1.8846250805299485,1.8859088616108874
2026-07-15 07:00:00+00:00,1.8853504077114827,1.8860379686492157,1.8835271046364948,1.8836385032431513
2026-07-15 08:00:00+00:00,1.8838157415450052,1.8838157415450052,1.8824443728732776,1.8824707612577825
2026-07-15 09:00:00+00:00,1.8824773456210784,1.8826100355811977,1.8818505138760446,1.8821839885672567
2026-07-15 10:00:00+00:00,1.8822309417040268,1.8844185883507305,1.881592221039054,1.8840677205964707
2026-07-15 11:00:00+00:00,1.8836759574557442,1.8854640980735464,1.8834641255605291,1.8851025669767874
2026-07-15 12:00:00+00:00,1.885163911459784,1.885678251121067,1.8840549279805061,1.884800492472989
2026-07-15 13:00:00+00:00,1.8847972689369474,1.8877348190038825,1.884755816068147,1.887172166708643
2026-07-15 14:00:00+00:00,1.8869593204684987,1.8920650911583956,1.886686622279407,1.8910690311031462
2026-07-15 15:00:00+00:00,1.8908872230924054,1.8937533219570784,1.8908528996350018,1.8937533219570784
2026-07-15 16:00:00+00:00,1.8937637235842764,1.899700389214003,1.8937637235842764,1.8992414063374674
2026-07-15 17:00:00+00:00,1.9000321799840412,1.9001483015277767,1.8959257708943682,1.896620056378902
2026-07-15 18:00:00+00:00,1.896637365703912,1.8969669066354062,1.8959463416674713,1.8966730914271261
2026-07-15 19:00:00+00:00,1.896779509524599,1.8969164349684848,1.8963050918488422,1.8968079905007946
2026-07-15 20:00:00+00:00,1.8967954627999801,1.8979249633200497,1.8967954627999801,1.8979249633200497
2026-07-15 21:00:00+00:00,1.8990785923015527,1.9001412962885142,1.8980858768753144,1.9001412962885142
2026-07-15 22:00:00+00:00,1.8999832210072887,1.9002558975291104,1.8996994058021568,1.8997580994728425
2026-07-15 23:00:00+00:00,1.8996532535443538,1.8997539631503797,1.899129365400999,1.8993234175799496
2026-07-16 00:00:00+00:00,1.8989252421349703,1.901345354257945,1.8987757497833704,1.9011253569228945
2026-07-16 01:00:00+00:00,1.9011127440688542,1.9023833209566807,1.9011127440688542,1.901850632521249
2026-07-16 02:00:00+00:00,1.9018970493456901,1.90263700214492,1.9008991344780155,1.900984414602373
2026-07-16 03:00:00+00:00,1.9009788682098796,1.9016365901804486,1.9004281756359565,1.9004281756359565
2026-07-16 04:00:00+00:00,1.9005345498306692,1.9008495808081414,1.8997369967264386,1.9007837648705288
2026-07-16 05:00:00+00:00,1.901042760165152,1.9020376724318921,1.901042760165152,1.9014088451950715
2026-07-16 06:00:00+00:00,1.9019044951687336,1.9022016190022586,1.9013106306709882,1.9016597626511318
2026-07-16 07:00:00+00:00,1.9018279539792189,1.9021778686000514,1.9009725040229382,1.9013201181526644
2026-07-16 08:00:00+00:00,1.9009406231628354,1.9009406231628354,1.8993057499579988,1.8993057499579988
2026-07-16 09:00:00+00:00,1.8992148245601654,1.8992148245601654,1.8971506143812702,1.8971506143812702
2026-07-16 10:00:00+00:00,1.8972065944523648,1.8972065944523648,1.8954213632422352,1.8956372130757617
2026-07-16 11:00:00+00:00,1.8956468218442155,1.8956468218442155,1.8943276987822,1.8949700833193432
2026-07-16 12:00:00+00:00,1.8946441549728752,1.8965797247539344,1.8946022250796568,1.8962567892939035
2026-07-16 13:00:00+00:00,1.896294948420409,1.8970417511714004,1.8945830712238665,1.8962960890728933
2026-07-16 14:00:00+00:00,1.8958939360035705,1.8962508215748966,1.8930594207559999,1.8930594207559999
2026-07-16 15:00:00+00:00,1.8933286713286612,1.8939608018689658,1.8923616937964882,1.8931794333683007
2026-07-16 16:00:00+00:00,1.8931984496774725,1.8938101441358055,1.892839651288069,1.8928401355780171
2026-07-16 17:00:00+00:00,1.8928981650090946,1.893660245183878,1.8927965923580163,1.893583045006924
2026-07-16 18:00:00+00:00,1.8934820065277893,1.8934930307487465,1.8924735699782855,1.8931117054795379
2026-07-16 19:00:00+00:00,1.8931671800615972,1.894061444922308,1.8931656842016733,1.893634301397475
2026-07-16 20:00:00+00:00,1.8937373963701447,1.8939992159498105,1.8936101699661088,1.8936101699661088
2026-07-16 21:00:00+00:00,1.8921737426335654,1.8943152056693782,1.891446401835802,1.892256222178662
2026-07-16 22:00:00+00:00,1.8920964988385331,1.8921884183716209,1.8916559404555273,1.8919815281276136
2026-07-16 23:00:00+00:00,1.8919845512300142,1.8920980087597674,1.891510489510479,1.891510489510479
2026-07-17 00:00:00+00:00,1.8913736678694197,1.8926416019043515,1.8913736678694197,1.891781492620819
2026-07-17 01:00:00+00:00,1.8918964287212958,1.894714700396843,1.8914280919147881,1.894309626950404
2026-07-17 02:00:00+00:00,1.894624681041966,1.8953356246054465,1.8941260564268492,1.895034366671332
2026-07-17 03:00:00+00:00,1.8948276345684447,1.8949140180099204,1.893536228228723,1.8943693567382545
2026-07-17 04:00:00+00:00,1.8948305845394264,1.8951422798450814,1.8941890963154027,1.8944156882548397
2026-07-17 05:00:00+00:00,1.8945109206447075,1.8956289903879782,1.8942577423698281,1.8952300785634013
2026-07-17 06:00:00+00:00,1.8950136755733116,1.8950136755733116,1.8934659289866134,1.8947670833566799
2026-07-17 07:00:00+00:00,1.8948201700923215,1.8948865228355176,1.892969790425447,1.892969790425447
2026-07-17 08:00:00+00:00,1.8928226043812704,1.8944013926325143,1.892326663303616,1.8939136539136434
2026-07-17 09:00:00+00:00,1.8938996138996036,1.894862537403583,1.8930015159171194,1.8940717234406927
2026-07-17 10:00:00+00:00,1.893997696823291,1.8941344979146961,1.8924583163602038,1.8929228522071218
2026-07-17 11:00:00+00:00,1.893269473861615,1.89456456076761,1.8922718599169277,1.8927348267924213
2026-07-17 12:00:00+00:00,1.892450182430526,1.8934299598325783,1.8919366612386894,1.8931761995729754
2026-07-17 13:00:00+00:00,1.8933322096273408,1.8947878481439244,1.8929389125335252,1.8935000070148753
2026-07-17 14:00:00+00:00,1.8932493653309292,1.8935319614526682,1.8918839319523622,1.8920037022493865
2026-07-17 15:00:00+00:00,1.8923407060407476,1.8924684431977457,1.8910943829989943,1.8911644728541888
2026-07-17 16:00:00+00:00,1.891487213997298,1.8928641525304817,1.8911261507419292,1.8928140858496547
2026-07-17 17:00:00+00:00,1.8927374928159806,1.8931099740660162,1.892251408707343,1.8928726671060092
2026-07-17 18:00:00+00:00,1.8930119062644517,1.893195714365839,1.8925607088777867,1.8930394301418934
2026-07-17 19:00:00+00:00,1.8930394301418934,1.89327442317132,1.892603338799872,1.8929507576288425
2026-07-17 20:00:00+00:00,1.8932110966258642,1.8934176753579994,1.8924028442000935,1.8929803888561465
2026-07-19 21:00:00+00:00,1.8929122590420502,1.8964312278091873,1.8929122590420502,1.8939823257118715
2026-07-19 22:00:00+00:00,1.8929517455957077,1.8929517455957077,1.8917548871338057,1.8920512640941147
2026-07-19 23:00:00+00:00,1.8919187675069933,1.8921031618172302,1.8911427491495434,1.8911427491495434
2026-07-20 00:00:00+00:00,1.8914264110785852,1.891751855482416,1.889995384421715,1.8904073183013392
2026-07-20 01:00:00+00:00,1.890226678413102,1.8903759019969701,1.8892988929889205,1.8899700808097664
2026-07-20 02:00:00+00:00,1.88992352110509,1.8904827817625007,1.8893063664552803,1.8895999552866454
2026-07-20 03:00:00+00:00,1.8894819203040205,1.8901421443247004,1.8892489489195778,1.889385599731767
2026-07-20 04:00:00+00:00,1.8894895649987336,1.8894895649987336,1.8888780310750541,1.889363663022068
2026-07-20 05:00:00+00:00,1.8893512441701252,1.891153039832276,1.8893512441701252,1.8909759199474425
2026-07-20 06:00:00+00:00,1.8909898956018525,1.891878662433735,1.8898592848259486,1.8901220245167152
2026-07-20 07:00:00+00:00,1.8902756037566992,1.890805401023166,1.8890159863850589,1.889822465386324
2026-07-20 08:00:00+00:00,1.8896114770570414,1.8896114770570414,1.8888221908896647,1.8888888888888797
2026-07-20 09:00:00+00:00,1.8888702788711074,1.8888702788711074,1.8878387245389348,1.8884437123073392
2026-07-20 10:00:00+00:00,1.8883878083855654,1.8883878083855654,1.886777193691863,1.8869939899320813
2026-07-20 11:00:00+00:00,1.8871057694988893,1.8874105685954472,1.8852961672473776,1.8855434282607693
2026-07-20 12:00:00+00:00,1.8855151261675638,1.886324631291065,1.8854157949061197,1.8856266127344914
2026-07-20 13:00:00+00:00,1.885491924460924,1.8858509911141401,1.8837160664240509,1.8837539893802258
2026-07-20 14:00:00+00:00,1.8842288661230657,1.8847560294774361,1.8827129513453136,1.8846862438588565
2026-07-20 15:00:00+00:00,1.883586880669914,1.8836589450181322,1.881031451455353,1.8810693157718403
2026-07-20 16:00:00+00:00,1.8808298106837336,1.881262294395839,1.8803682265150896,1.881262294395839
2026-07-20 17:00:00+00:00,1.8811656065171205,1.8828108651069257,1.8811656065171205,1.8826500006975064
2026-07-20 18:00:00+00:00,1.8826196122192684,1.8837640951211254,1.8826196122192684,1.8837137913713142
2026-07-20 19:00:00+00:00,1.8835437739797607,1.884354501046746,1.8835372744903702,1.8841928955265455
2026-07-20 20:00:00+00:00,1.884205825296908,1.884445685562683,1.8838524143900066,1.8841482143355675
2026-07-20 21:00:00+00:00,1.8844117195031556,1.8863506168699522,1.8844117195031556,1.8856579940194973
2026-07-20 22:00:00+00:00,1.8855701932076858,1.886438593549099,1.8855701932076858,1.8861689790557534
2026-07-20 23:00:00+00:00,1.8862851952770117,1.8862851952770117,1.8852072162645128,1.8855379631956568
2026-07-21 00:00:00+00:00,1.8860354699064286,1.886245862025608,1.884633094729783,1.8851957841836997
2026-07-21 01:00:00+00:00,1.8851710708153517,1.8852049363412908,1.8842532535464611,1.8847388101350504
2026-07-21 02:00:00+00:00,1.8847575863271622,1.8850093499678942,1.883659948392487,1.8839334291254457
2026-07-21 03:00:00+00:00,1.8839489983817777,1.8853769832963443,1.8839489983817777,1.8853163638393389
2026-07-21 04:00:00+00:00,1.8852127318141767,1.8853984956110268,1.8846448948844123,1.8848718163305065
2026-07-21 05:00:00+00:00,1.884901318083539,1.88516953289537,1.884610557143844,1.8848862669623214
2026-07-21 06:00:00+00:00,1.8850819946452384,1.8854509453957184,1.8832311977715783,1.883373030796865
2026-07-21 07:00:00+00:00,1.8831590234935223,1.883204969290112,1.8817377985100516,1.882001504052577
2026-07-21 08:00:00+00:00,1.8821596178751876,1.8822211086054645,1.8795222650649275,1.8795222650649275
2026-07-21 09:00:00+00:00,1.8795606720770541,1.8795851604371037,1.878391540281054,1.8788410153640522
2026-07-21 10:00:00+00:00,1.878754140340125,1.8793655210797182,1.8781941485287679,1.8784899669976096
2026-07-21 11:00:00+00:00,1.878892540805517,1.8793960750449092,1.8772425897035794,1.8772946321624466
2026-07-21 12:00:00+00:00,1.8773312904798292,1.8776175548589251,1.8751602296159973,1.8754667038172104
2026-07-21 13:00:00+00:00,1.8753204413731517,1.8775006277726536,1.873946766363475,1.8773004422988284
2026-07-21 14:00:00+00:00,1.8770072127122217,1.8781984243184737,1.8757623546815814,1.8761145919093445
2026-07-21 15:00:00+00:00,1.876041361409963,1.8763885012559218,1.8751063088183946,1.8756172408983027
2026-07-21 16:00:00+00:00,1.8756084973428275,1.8773910010463808,1.875210980764125,1.8770331724464937
2026-07-21 17:00:00+00:00,1.8771166345858696,1.877914358666676,1.8768936751945897,1.8776298900608202
2026-07-21 18:00:00+00:00,1.8775339369672188,1.8775339369672188,1.876965798250134,1.877258584364657
2026-07-21 19:00:00+00:00,1.8772691121684317,1.8786068262720648,1.8771173433793686,1.877656976176178
2026-07-21 20:00:00+00:00,1.8777008542236522,1.8786799620132861,1.8777008542236522,1.8781666340809338
2026-07-21 21:00:00+00:00,1.8771804863060482,1.8784148233025357,1.876750191945269,1.877876773544846
2026-07-21 22:00:00+00:00,1.8780303876661735,1.8784446275681848,1.8778798626043636,1.8780865921787617
2026-07-21 23:00:00+00:00,1.8782054863400097,1.8784180096639853,1.8778975590683031,1.8780225610096517
2026-07-22 00:00:00+00:00,1.8783181824528974,1.878471398053634,1.8766767995091522,1.8766767995091522
2026-07-22 01:00:00+00:00,1.8762196821856612,1.8775293756454177,1.8761219824942763,1.8773158482142764
2026-07-22 02:00:00+00:00,1.877548172850177,1.8784368457780785,1.8775123087437315,1.8780280196472336
2026-07-22 03:00:00+00:00,1.87804537716629,1.8791492689466316,1.877933420766238,1.8789778677651239
2026-07-22 04:00:00+00:00,1.8789622140922073,1.8793792255685218,1.8787646081456462,1.879077301161742
2026-07-22 05:00:00+00:00,1.8790510632950184,1.8800262665213534,1.8789999301627118,1.8789999301627118
2026-07-22 06:00:00+00:00,1.8793363499245757,1.879932419224208,1.878578314262952,1.8793166070630214
2026-07-22 07:00:00+00:00,1.8794775076837014,1.8799016526270111,1.878742598592327,1.8796937863209562
2026-07-22 08:00:00+00:00,1.8796362264783446,1.8797730987942287,1.8779608938547394,1.878137352123683
2026-07-22 09:00:00+00:00,1.8780184634292723,1.878724772180904,1.8769847365554515,1.8784550459741107
2026-07-22 10:00:00+00:00,1.8784250164177136,1.8792088895100891,1.8779813052772678,1.8786985143048727
2026-07-22 11:00:00+00:00,1.8791127386576374,1.8791127386576374,1.8779850485572465,1.878070592180635
2026-07-22 12:00:00+00:00,1.878121026672805,1.8798202763041774,1.8777417642292233,1.8794056330539568
2026-07-22 13:00:00+00:00,1.8792681391542663,1.8805974319925018,1.8789564925623439,1.8805974319925018
2026-07-22 14:00:00+00:00,1.8804687936525581,1.880666657353199,1.87853600614653,1.87853600614653
2026-07-22 15:00:00+00:00,1.8786757002165166,1.8788077712753233,1.877699750094229,1.877699750094229
2026-07-22 16:00:00+00:00,1.8776125654450169,1.878547771768741,1.8775079934655945,1.878524127525208
2026-07-22 17:00:00+00:00,1.878308725957164,1.8791173470100664,1.8782620843811026,1.879116117850944
2026-07-22 18:00:00+00:00,1.8791440711130898,1.8793214275732837,1.8787798334357964,1.8788213267758247
2026-07-22 19:00:00+00:00,1.8788213267758247,1.8789212603926408,1.8785660398446358,1.878686692280815
2026-07-22 20:00:00+00:00,1.8785431888350168,1.8787404654801392,1.8781475636495586,1.8785448855857523
2026-07-22 21:00:00+00:00,1.8784873080845383,1.88059513654859,1.877766128468572,1.8793366241102922
2026-07-22 22:00:00+00:00,1.8789263996644903,1.879633515176938,1.8789263996644903,1.8794417485910768
2026-07-22 23:00:00+00:00,1.8795222845315747,1.8801549455313222,1.8793831441194468,1.8799412710620054
2026-07-23 00:00:00+00:00,1.8798165650690581,1.8799731502328283,1.8793346844643137,1.879534402772334
2026-07-23 01:00:00+00:00,1.8793500887131607,1.8796003912253643,1.873247281284366,1.8752265439843763
2026-07-23 02:00:00+00:00,1.875271845201574,1.87572677458484,1.874256418829486,1.875087074033817
2026-07-23 03:00:00+00:00,1.8753047718564864,1.8756411685994552,1.874232317183552,1.874232317183552
2026-07-23 04:00:00+00:00,1.87423056569088,1.8750627125257724,1.874065202556844,1.874869379850352
2026-07-23 05:00:00+00:00,1.8750156752915508,1.8755279260694326,1.8745472780966084,1.8754599687778675
2026-07-23 06:00:00+00:00,1.8753379602530775,1.8759617528991877,1.874451089456726,1.8759469300631888
2026-07-23 07:00:00+00:00,1.8759888936947904,1.8768500418877314,1.8748901750226525,1.8760344418549384
2026-07-23 08:00:00+00:00,1.8763276528632544,1.8767241860724762,1.8754101565227008,1.8760819791143035
2026-07-23 09:00:00+00:00,1.875973754013672,1.8772135634880636,1.875289489104039,1.8771104190813908
2026-07-23 10:00:00+00:00,1.877231207575621,1.87740817837633,1.8760020110046551,1.8767423671052168
2026-07-23 11:00:00+00:00,1.8767616945790695,1.8769469317054674,1.87592118695025,1.8762438506261085
2026-07-23 12:00:00+00:00,1.876167179200438,1.8785319044617121,1.8757930629698891,1.8781280194927858
2026-07-23 13:00:00+00:00,1.8778216546238633,1.8793589366087482,1.8770787838064744,1.8777575332866057
2026-07-23 14:00:00+00:00,1.8776694131494778,1.8779704740140386,1.876031090259776,1.876408430965852
2026-07-23 15:00:00+00:00,1.8764610253104146,1.8766082690959962,1.874527059219183,1.8748546206123353
2026-07-23 16:00:00+00:00,1.8750070063337163,1.8763571158398964,1.8745937009639,1.8757720480105227
2026-07-23 17:00:00+00:00,1.8757808341970266,1.8768575113553427,1.8757808341970266,1.876605530315768
2026-07-23 18:00:00+00:00,1.8765966993367729,1.8779149712361345,1.8765966993367729,1.8778407496773375
2026-07-23 19:00:00+00:00,1.8779020017674934,1.8785263157894643,1.8776758409785839,1.8779758982056833
2026-07-23 20:00:00+00:00,1.877752531627806,1.8779280163828556,1.8771336802389906,1.8771336802389906
2026-07-23 21:00:00+00:00,1.8780135275462284,1.878711307643705,1.8765395729876737,1.8770022722809676
2026-07-23 22:00:00+00:00,1.8773898528565924,1.8773898528565924,1.876954795999934,1.8771211398760177
2026-07-23 23:00:00+00:00,1.8771159698750308,1.877202087073599,1.8768141344738039,1.8770409022050065
2026-07-24 00:00:00+00:00,1.8768846687891738,1.8772264452609928,1.8758075591742833,1.8762659868043103
2026-07-24 01:00:00+00:00,1.8765620622022878,1.8770233340340454,1.8755023454456252,1.875852794082615
2026-07-24 02:00:00+00:00,1.876115617950756,1.876320730921209,1.8747164421541898,1.8757165080655238
2026-07-24 03:00:00+00:00,1.8753765746073021,1.8755675766578748,1.8744869514057085,1.8753082614056624
2026-07-24 04:00:00+00:00,1.875281985175627,1.8753416784647852,1.8747321090893714,1.875117370892009
2026-07-24 05:00:00+00:00,1.8751419001303282,1.8751419001303282,1.8741773782519717,1.8747792695574084
2026-07-24 06:00:00+00:00,1.8747338040797934,1.875047272217933,1.8744886522835433,1.8745959108274812
2026-07-24 07:00:00+00:00,1.8742986665920347,1.8759865659109896,1.873791569315994,1.8757573637444807
2026-07-24 08:00:00+00:00,1.875879825923895,1.875879825923895,1.8727010811037512,1.8728513685505992
2026-07-24 09:00:00+00:00,1.8727936445774611,1.8727936445774611,1.8714461435240741,1.8714461435240741
2026-07-24 10:00:00+00:00,1.8712905886135127,1.8724680226462478,1.8708780071850835,1.871943974615235
2026-07-24 11:00:00+00:00,1.8718758736371166,1.8729983357341555,1.8718045480593082,1.8729983357341555
2026-07-24 12:00:00+00:00,1.8730735882303489,1.8743993836240012,1.8729610251531756,1.8742470512425309
2026-07-24 13:00:00+00:00,1.87429083726728,1.8765969965258227,1.8741349844507231,1.8761783368117226
2026-07-24 14:00:00+00:00,1.8760588622393877,1.8760588622393877,1.8736468152955232,1.8736468152955232
2026-07-24 15:00:00+00:00,1.8734301138429599,1.8747308971957295,1.8733350087961704,1.873740831295834
2026-07-24 16:00:00+00:00,1.8739188150632196,1.874411390724766,1.8736150890674022,1.873698044095227
2026-07-24 17:00:00+00:00,1.8736159266301213,1.8738898756660651,1.8733389285214619,1.8738685804619315
2026-07-24 18:00:00+00:00,1.8738738738738645,1.8750227473158072,1.8738528259652953,1.8747113406390299
2026-07-24 19:00:00+00:00,1.8748617895281856,1.8753377668883349,1.8747322890857838,1.8747934925657228
2026-07-24 20:00:00+00:00,1.874870488084894,1.875470905398772,1.8657880731632137,1.8657880731632137
2026-07-26 21:00:00+00:00,1.8657600627433377,1.8670355066881406,1.8632433188750497,1.8651449376837952
2026-07-26 22:00:00+00:00,1.8666386672266526,1.869069650067292,1.8666386672266526,1.8688508502614545
2026-07-26 23:00:00+00:00,1.8687984523292138,1.8693135633601452,1.8686386055374928,1.8693135633601452
2026-07-27 00:00:00+00:00,1.868811811839854,1.869679733251139,1.8683399630231359,1.8696054383628817
2026-07-27 01:00:00+00:00,1.869793126646855,1.869793126646855,1.868161083592195,1.868161083592195
2026-07-27 02:00:00+00:00,1.8682619647355136,1.8690177733581677,1.8682619647355136,1.8687516631885575
2026-07-27 03:00:00+00:00,1.8687085118897546,1.8693415926226953,1.8684081518313578,1.8684538566046167
2026-07-27 04:00:00+00:00,1.8685061979130162,1.8691563901345265,1.8684545900147023,1.8687410686766202
2026-07-27 05:00:00+00:00,1.868576632109832,1.8686205012538322,1.867458917723465,1.86756635681487
2026-07-27 06:00:00+00:00,1.8674206371423745,1.8678294465130578,1.865889824581034,1.866125647124665
2026-07-27 07:00:00+00:00,1.8662571880290428,1.8663344159480315,1.8644482676625658,1.8654783241850539
2026-07-27 08:00:00+00:00,1.865299552071666,1.865824628224155,1.8647373431899616,1.8651932309673418
2026-07-27 09:00:00+00:00,1.865294694106115,1.8655588066471571,1.8644615836844363,1.8645145033038386
2026-07-27 10:00:00+00:00,1.8645602934176975,1.8648656215005572,1.8626805913316131,1.8627563519283237
2026-07-27 11:00:00+00:00,1.862974005795151,1.8631735226970294,1.8618328946631548,1.8631658565965825
2026-07-27 12:00:00+00:00,1.8631009901544726,1.863735709482176,1.8628406576478138,1.863553575431515
2026-07-27 13:00:00+00:00,1.8634879713048689,1.8639941731798164,1.8628752240143345,1.8631994844060835
2026-07-27 14:00:00+00:00,1.863377715487033,1.8654161814840249,1.8629781746309844,1.8629781746309844
2026-07-27 15:00:00+00:00,1.8630227244052517,1.8639295529754867,1.8626835556551928,1.8629462971529474
2026-07-27 16:00:00+00:00,1.8631367931140803,1.8632273797510905,1.8621747289991852,1.8624999999999974
2026-07-27 17:00:00+00:00,1.8625923175021346,1.862913062374694,1.8616129032258035,1.8622154907652797
2026-07-27 18:00:00+00:00,1.8622179212072734,1.8627456481182731,1.8620317255501453,1.8620317255501453
2026-07-27 19:00:00+00:00,1.8622536988990925,1.8622803203500822,1.8614903697888896,1.8614903697888896
2026-07-27 20:00:00+00:00,1.8616227885720666,1.862083958651834,1.8616047010644685,1.862083958651834
2026-07-27 21:00:00+00:00,1.8615613257809407,1.8626059143706832,1.8603434980722018,1.8604957658011299
2026-07-27 22:00:00+00:00,1.8609389460694923,1.8612073196382217,1.860842376826222,1.8611917483556983
2026-07-27 23:00:00+00:00,1.8613121283518428,1.8617656960107698,1.8613121283518428,1.8615045861266135
2026-07-28 00:00:00+00:00,1.8615514097348822,1.8627624340406392,1.8610585348755666,1.8612867497581531
2026-07-28 01:00:00+00:00,1.8612345609780003,1.8619253316877475,1.860367365810598,1.8610682742184186
2026-07-28 02:00:00+00:00,1.8610281644726665,1.8610745029862856,1.859854055492524,1.8609460822777681
2026-07-28 03:00:00+00:00,1.8611204528894094,1.864316389255337,1.8608518985568134,1.8640906156135049
2026-07-28 04:00:00+00:00,1.8645138645138615,1.8663021170120015,1.8645138645138615,1.8661625390042984
2026-07-28 05:00:00+00:00,1.8662412324473217,1.867259501062315,1.8660611343887936,1.8664050743287872
2026-07-28 06:00:00+00:00,1.8667838807229735,1.8670155889470392,1.8656783531230203,1.8667688026199243
2026-07-28 07:00:00+00:00,1.866657295473711,1.8674312700286695,1.8662843811049703,1.8664707619194885
2026-07-28 08:00:00+00:00,1.866659168236647,1.8679250590750505,1.8665814211643,1.8668343473801028
2026-07-28 09:00:00+00:00,1.8666807165437271,1.8666807165437271,1.865115298087736,1.8657944714074668
2026-07-28 10:00:00+00:00,1.865591851664272,1.8659978048574533,1.8651462498417177,1.8657138436000926
2026-07-28 11:00:00+00:00,1.8657419781394597,1.8663796136040607,1.865210112406969,1.8656959977491703
2026-07-28 12:00:00+00:00,1.8660308618531152,1.8672074909315834,1.8654219272839716,1.8672074909315834
2026-07-28 13:00:00+00:00,1.8673499514952097,1.8679757500738439,1.8661007897917274,1.867197053821174
2026-07-28 14:00:00+00:00,1.8669983276416906,1.8679216083512686,1.8659692342304308,1.8669657674889564
2026-07-28 15:00:00+00:00,1.8669938270736923,1.8671204748108323,1.865041608779239,1.8651932926401429
2026-07-28 16:00:00+00:00,1.8651727960263202,1.8652232481127011,1.8640221065772649,1.8643584921548233
2026-07-28 17:00:00+00:00,1.8641287570510447,1.8652141542697371,1.8641287570510447,1.8647786815008325
2026-07-28 18:00:00+00:00,1.8647638845970136,1.8648789121762066,1.8642230180464825,1.864488213312351
2026-07-28 19:00:00+00:00,1.864391066160975,1.864835257436586,1.864192329836679,1.8644141612812561
2026-07-28 20:00:00+00:00,1.8643477283582897,1.864916890306442,1.8642812991683488,1.864867143479418
2026-07-28 21:00:00+00:00,1.8653902922447576,1.8668288703870353,1.8645695643614444,1.8658951572079385
2026-07-28 22:00:00+00:00,1.8653773173851287,1.8657862537445646,1.86513805319687,1.8652972851378484
2026-07-28 23:00:00+00:00,1.8652961937035077,1.8652961937035077,1.8643746311855418,1.8652675672256473
2026-07-29 00:00:00+00:00,1.865457357800742,1.8672273871643732,1.8652851197840477,1.86722178462923
2026-07-29 01:00:00+00:00,1.8673868399583615,1.8728583928420186,1.8664454349874118,1.8728250285762638
2026-07-29 02:00:00+00:00,1.8732603110973063,1.8737069391326404,1.8716333347427134,1.8731659142212156
2026-07-29 03:00:00+00:00,1.8730304269935498,1.8746576696123516,1.8727539420608696,1.8736770806874914
2026-07-29 04:00:00+00:00,1.8739926326337593,1.8751641276878084,1.8724232255153515,1.8726170332769283
2026-07-29 05:00:00+00:00,1.872499118787448,1.8727952062037327,1.8713786495321802,1.87186064210615
2026-07-29 06:00:00+00:00,1.8718403922563158,1.8726398465812115,1.871570879066684,1.8725324309080622
2026-07-29 07:00:00+00:00,1.8721571281530638,1.8744126984126948,1.871769215592319,1.8744126984126948
2026-07-29 08:00:00+00:00,1.8744849579499883,1.8762845849802336,1.8744849579499883,1.87615417196103
2026-07-29 09:00:00+00:00,1.8761225642473844,1.8762020418825953,1.874730052084065,1.8753989549498626
2026-07-29 10:00:00+00:00,1.8752701233033395,1.8752701233033395,1.8740186388025948,1.8746204578513996
2026-07-29 11:00:00+00:00,1.8746151890869003,1.875331902152417,1.8740311992658962,1.8742640934054264
2026-07-29 12:00:00+00:00,1.8741634900465869,1.8744667024552844,1.8733126235526654,1.8733126235526654
2026-07-29 13:00:00+00:00,1.8733549844676611,1.8735664651714556,1.87240289069557,1.8729280988587758
2026-07-29 14:00:00+00:00,1.8729757941657699,1.8787690042750733,1.8728016359918167,1.878590540368359
2026-07-29 15:00:00+00:00,1.8786758980022338,1.8786758980022338,1.8769696455345237,1.8770989234838913
2026-07-29 16:00:00+00:00,1.877315109583029,1.8782300884955716,1.877315109583029,1.8777023203169179
2026-07-29 17:00:00+00:00,1.8774984793402425,1.8785427391525675,1.8774984793402425,1.8776736361451543
2026-07-29 18:00:00+00:00,1.8769040003381725,1.8776745038856963,1.8735272226825228,1.8737331199640606
2026-07-29 19:00:00+00:00,1.873701499241953,1.8810678927030118,1.872886706418797,1.8805835379102085
2026-07-29 20:00:00+00:00,1.8803887823044771,1.8822625008815823,1.8797467461962543,1.8817119415819636
2026-07-29 21:00:00+00:00,1.8820659607168504,1.88323784256724,1.8807693934821506,1.8822848920051316
2026-07-29 22:00:00+00:00,1.8820684890950325,1.8820884371960553,1.8809523809523774,1.881094940899674
2026-07-29 23:00:00+00:00,1.881136514107816,1.881136514107816,1.8801954957112037,1.8806384357478905
2026-07-30 00:00:00+00:00,1.8803149162711401,1.88097084914042,1.8788053651602337,1.8795868327602696
2026-07-30 01:00:00+00:00,1.8796060140628708,1.8798038303809208,1.8778685062649547,1.8786205342048876
2026-07-30 02:00:00+00:00,1.8784929577464755,1.8792940612621722,1.8773162489439559,1.8792940612621722
2026-07-30 03:00:00+00:00,1.8790381687996807,1.8797687046047495,1.8786038384578496,1.8797421938904995
2026-07-30 04:00:00+00:00,1.8795831453068559,1.8798166431593761,1.8793091293619983,1.8797461212975988
2026-07-30 05:00:00+00:00,1.8797500493694776,1.880621861068785,1.8793278448178605,1.8804761770430727
2026-07-30 06:00:00+00:00,1.8806172247454056,1.8806172247454056,1.8781929223261224,1.8786409135767623
2026-07-30 07:00:00+00:00,1.8786025339289956,1.8789417273086215,1.8771672840462506,1.8788045471213755
2026-07-30 08:00:00+00:00,1.8787921526592635,1.8792296413264118,1.8779794168578998,1.8785190192516195
2026-07-30 09:00:00+00:00,1.8786244384672766,1.8791219608229124,1.878014124532227,1.8786796749796126
2026-07-30 10:00:00+00:00,1.8783806578577422,1.8801376114582569,1.8774899558901998,1.8787214611872114
2026-07-30 11:00:00+00:00,1.8794127976399488,1.8795251808667524,1.8766153500393272,1.877090031025814
2026-07-30 12:00:00+00:00,1.8773516033020687,1.8784091228267248,1.876090529776201,1.8766318629586398
2026-07-30 13:00:00+00:00,1.8762523008613268,1.876877889736776,1.8731267053802527,1.8731894685383024
2026-07-30 14:00:00+00:00,1.8737396307571959,1.877295375657818,1.8737396307571959,1.876490511112352
2026-07-30 15:00:00+00:00,1.8764642492267614,1.877131148687391,1.8757485029940086,1.876876247923034
2026-07-30 16:00:00+00:00,1.8768077502931455,1.8768077502931455,1.875690684824465,1.8762574470163067
2026-07-30 17:00:00+00:00,1.8761317503941037,1.8766773608592517,1.8759226958766453,1.8763474598725371
2026-07-30 18:00:00+00:00,1.8763281925425965,1.8771393898815716,1.8755437207227272,1.877088505202083
2026-07-30 19:00:00+00:00,1.8769962480996383,1.8770099714106374,1.875582076234556,1.875582076234556
2026-07-30 20:00:00+00:00,1.8756274400446145,1.8768002679468538,1.8752963159215743,1.8768002679468538
2026-07-30 21:00:00+00:00,1.8759053799455694,1.8768659321631516,1.875863512664849,1.8762666443346423
2026-07-30 22:00:00+00:00,1.8759991630048096,1.8764350579602966,1.8757879176660874,1.875950179226464
2026-07-30 23:00:00+00:00,1.8758872665913595,1.8765650954062585,1.875604824653138,1.87614262786965
2026-07-31 00:00:00+00:00,1.8759488725161837,1.8763312535767596,1.8738497574033766,1.8745153822553176
2026-07-31 01:00:00+00:00,1.8743045969799612,1.8756994348705753,1.8743045969799612,1.8749598738293596
2026-07-31 02:00:00+00:00,1.875296613718207,1.8766231952860983,1.874722637006849,1.874722637006849
2026-07-31 03:00:00+00:00,1.8747400594548544,1.8753316390649843,1.8740423394130505,1.874701720601161
2026-07-31 04:00:00+00:00,1.8744296378985528,1.8747174234601294,1.872909372428124,1.87342354910714
2026-07-31 05:00:00+00:00,1.8734844785490032,1.873603147365334,1.8723333054463285,1.8723659437975007
2026-07-31 06:00:00+00:00,1.8727300622053584,1.8734494773519135,1.8719946478598377,1.8726773442618347
2026-07-31 07:00:00+00:00,1.8729123100515792,1.873718851533192,1.872406870399283,1.873429547514464
2026-07-31 08:00:00+00:00,1.8729937389315714,1.8730499818602933,1.8716253904506888,1.8717838048563125
2026-07-31 09:00:00+00:00,1.8715460961316248,1.8738913370893038,1.8715460961316248,1.8724442152503837
2026-07-31 10:00:00+00:00,1.8724142737663756,1.873004141624016,1.8718395450617427,1.8725893492114372
2026-07-31 11:00:00+00:00,1.8723973949544648,1.8726996218938758,1.871845717717044,1.87193776362468
2026-07-31 12:00:00+00:00,1.8721484151264935,1.8751712759710268,1.8721115426527675,1.874133206576443
2026-07-31 13:00:00+00:00,1.8744109956794672,1.8751364208758894,1.8713030358065885,1.8749160040318036
2026-07-31 14:00:00+00:00,1.8743735476103787,1.8778782145609951,1.8743735476103787,1.8763052096711124
2026-07-31 15:00:00+00:00,1.8764742829227414,1.878419877163593,1.8764742829227414,1.877555862607989
2026-07-31 16:00:00+00:00,1.877608273898416,1.877608273898416,1.8760915050913627,1.8767564852155199
2026-07-31 17:00:00+00:00,1.8767511302115276,1.8769438715790618,1.8759528952686197,1.8769179313516422
2026-07-31 18:00:00+00:00,1.8768934907119637,1.8769440882992332,1.875956246080956,1.8762695571004613
2026-07-31 19:00:00+00:00,1.876203078208786,1.8765481978906862,1.8752471387597087,1.8758256458850062
2026-07-31 20:00:00+00:00,1.875696767001112,1.878219977114786,1.8755452125806464,1.878219977114786
2026-08-02 21:00:00+00:00,1.8776435466770798,1.8803458197156313,1.8776435466770798,1.8797345441844189
2026-08-02 22:00:00+00:00,1.8807901717157585,1.8807901717157585,1.8790008786243222,1.8794792364367017
2026-08-02 23:00:00+00:00,1.8793798752494284,1.879709639142874,1.878915570190735,1.8789963577498958
2026-08-03 00:00:00+00:00,1.8791981909042657,1.879954794692559,1.8786990508096006,1.8793577661431033
2026-08-03 01:00:00+00:00,1.8795173993185468,1.8798288662388294,1.8790195228978268,1.8796896840928121
2026-08-03 02:00:00+00:00,1.8798227465891268,1.8806579757175594,1.8794754575067425,1.8798959629717644
2026-08-03 03:00:00+00:00,1.879880299809819,1.8801281244317594,1.8793981093024525,1.87997929954123
2026-08-03 04:00:00+00:00,1.8800648978278776,1.8802142327753741,1.8795832750664212,1.8802142327753741
2026-08-03 05:00:00+00:00,1.880022930007547,1.8802142327753741,1.879328172595922,1.879382379654856
2026-08-03 06:00:00+00:00,1.879357804574731,1.8797447987351834,1.8785227018564048,1.8795399854496584
2026-08-03 07:00:00+00:00,1.87963908512275,1.8825351007482525,1.8795040790339026,1.8821658727934965
2026-08-03 08:00:00+00:00,1.8821073280089642,1.8838422802317232,1.8820182997744026,1.8834312804185276
2026-08-03 09:00:00+00:00,1.8833602131687788,1.8842122984974083,1.8829239552793606,1.8842099352900685
2026-08-03 10:00:00+00:00,1.8842547098295725,1.8867413015690155,1.8841397509860864,1.88640480838096
2026-08-03 11:00:00+00:00,1.8866342751221672,1.887186473050021,1.8852645313354908,1.8855050710508194
2026-08-03 12:00:00+00:00,1.885638932143706,1.8879527039361865,1.8855359147025783,1.8876215092431279
2026-08-03 13:00:00+00:00,1.8877713001334517,1.889551986713018,1.8871597516784149,1.8879060610322005
2026-08-03 14:00:00+00:00,1.8874528885638717,1.887672195670506,1.883766662452766,1.883766662452766
2026-08-03 15:00:00+00:00,1.8836180255099144,1.8836180255099144,1.8822760984380236,1.883035350627095
2026-08-03 16:00:00+00:00,1.8831486241624849,1.8833906875482798,1.8821100530883932,1.882502528942337
2026-08-03 17:00:00+00:00,1.8828819966553745,1.8835071543024173,1.882848305918737,1.882848305918737
2026-08-03 18:00:00+00:00,1.8828764234500182,1.88307947392086,1.8827043362147697,1.8827214247591193
2026-08-03 19:00:00+00:00,1.8826891747654595,1.883195685150848,1.8825338426107927,1.8826685393258396
2026-08-03 20:00:00+00:00,1.8826544943820196,1.8828593497647605,1.8822017472400878,1.8822017472400878
2026-08-03 21:00:00+00:00,1.8830522765598616,1.8830522765598616,1.8811616998567509,1.8823876487363527
2026-08-03 22:00:00+00:00,1.8826065585281901,1.8829462918475406,1.8824281239905023,1.8825388353605408
2026-08-03 23:00:00+00:00,1.8825388353605408,1.8829331347561544,1.8824314452685966,1.882700872472846
2026-08-04 00:00:00+00:00,1.882609123221081,1.882609123221081,1.8810215393250511,1.8815953935819083
2026-08-04 01:00:00+00:00,1.881814989112872,1.88191244239631,1.8784391775407485,1.8785096511024795
2026-08-04 02:00:00+00:00,1.878755169271743,1.8792706872370235,1.8777388624264468,1.8780060541510144
2026-08-04 03:00:00+00:00,1.8779384158471293,1.8779384158471293,1.87659955758407,1.8768926925608924
2026-08-04 04:00:00+00:00,1.8768575710463993,1.8771226811634787,1.8764214889922102,1.876784088521602
2026-08-04 05:00:00+00:00,1.8769278180111753,1.8771651998430372,1.876267152058244,1.8767894663118054
2026-08-04 06:00:00+00:00,1.8768174814399745,1.8789446383760184,1.8764268407120515,1.8784234575168866
2026-08-04 07:00:00+00:00,1.8782230941704003,1.8786091536963587,1.8773981235121102,1.8786091536963587
2026-08-04 08:00:00+00:00,1.8784546638837887,1.8784546638837887,1.8772256438969737,1.8780815589433426
2026-08-04 09:00:00+00:00,1.8781850254802008,1.8783202878866345,1.8768154470407132,1.8768940188877197
2026-08-04 10:00:00+00:00,1.8767889869751924,1.8769288882049242,1.875550337540355,1.875879137012539
2026-08-04 11:00:00+00:00,1.876017340232132,1.8762356165149643,1.875660119030984,1.8762040570957204
2026-08-04 12:00:00+00:00,1.8763735495596223,1.8769422262002964,1.875199150292084,1.8753966367995047
2026-08-04 13:00:00+00:00,1.8757269880326557,1.8762300123001199,1.8749860257126856,1.8752724833715244
2026-08-04 14:00:00+00:00,1.875613130423843,1.8756847400782528,1.8743801422006143,1.874741576800578
2026-08-04 15:00:00+00:00,1.874738077277677,1.8762683438155108,1.874738077277677,1.8760705852765676
2026-08-04 16:00:00+00:00,1.8759238302806738,1.8760496863166984,1.874532044476725,1.8746402927946775
2026-08-04 17:00:00+00:00,1.8745076678119472,1.8745391061452483,1.873389089792097,1.8738687150837958
2026-08-04 18:00:00+00:00,1.8739786868531654,1.8739786868531654,1.873210348580835,1.8733899889758694
2026-08-04 19:00:00+00:00,1.8735155803016952,1.873595623229261,1.8726004464285684,1.8731197499511592
2026-08-04 20:00:00+00:00,1.873219194329326,1.8734634649997877,1.872865513392854,1.8732260720315892
2026-08-04 21:00:00+00:00,1.8725115175205889,1.8751972737810894,1.8725115175205889,1.872953393911475
2026-08-04 22:00:00+00:00,1.873344590351523,1.873400410276445,1.872499790777468,1.872499790777468
2026-08-04 23:00:00+00:00,1.8725728155339776,1.8730936135180736,1.8723828653526913,1.8730936135180736
2026-08-05 00:00:00+00:00,1.8729855307036487,1.873960020101622,1.8719331995093091,1.873960020101622
2026-08-05 01:00:00+00:00,1.8739965095986006,1.8742930555361577,1.873153912727879,1.873153912727879
2026-08-05 02:00:00+00:00,1.8733336125186675,1.8744276301094451,1.8728876236725664,1.8732333449598855
2026-08-05 03:00:00+00:00,1.8733276600493824,1.8733276600493824,1.872764029278491,1.8732197904897376
2026-08-05 04:00:00+00:00,1.8730143233706613,1.8732335421229551,1.871948160535114,1.8732005356544996
2026-08-05 05:00:00+00:00,1.8733449598883822,1.8738888346195144,1.8733152886681335,1.8734549817248372
2026-08-05 06:00:00+00:00,1.8734166620166255,1.8747767358785412,1.873026719473417,1.8746914010739908
2026-08-05 07:00:00+00:00,1.8747053490480476,1.8757279112960634,1.874361764459694,1.8753104333510031
2026-08-05 08:00:00+00:00,1.875404575892854,1.8755703143530826,1.8745341614906803,1.8748080520423231
2026-08-05 09:00:00+00:00,1.874778433753434,1.8757885334673114,1.8746563585871947,1.875406404800109
2026-08-05 10:00:00+00:00,1.87575351640991,1.87660061720637,1.8757186715043233,1.8764694384720604
2026-08-05 11:00:00+00:00,1.876373281217279,1.8770078850045326,1.8760669456066914,1.8763372620126895
2026-08-05 12:00:00+00:00,1.8762760082557006,1.8762760082557006,1.8752876208007334,1.8754882812499967
2026-08-05 13:00:00+00:00,1.8752389057072276,1.8759280969128538,1.873283804691744,1.8733305450996762
2026-08-05 14:00:00+00:00,1.873489525986422,1.8743589743589715,1.8726839929284322,1.874087489551404
2026-08-05 15:00:00+00:00,1.8741433108597505,1.8742807785006725,1.8728525211958917,1.8737831580709012
2026-08-05 16:00:00+00:00,1.8736177155527016,1.873854522630585,1.8729957335266694,1.8729957335266694
2026-08-05 17:00:00+00:00,1.8729052226528706,1.873394955874354,1.8719555499853753,1.872133019537938
2026-08-05 18:00:00+00:00,1.8719137736558438,1.8721694565913682,1.8717398872101898,1.8719780525846672
2026-08-05 19:00:00+00:00,1.8719366157959199,1.8726900242495161,1.8717516642063308,1.8726900242495161
2026-08-05 20:00:00+00:00,1.872775664339559,1.8728559684543435,1.8722660276949623,1.8728559684543435
2026-08-05 21:00:00+00:00,1.8722372418406281,1.873919469075899,1.8715643641634578,1.8732064421669081
2026-08-05 22:00:00+00:00,1.8731134244742642,1.8733220891819158,1.8726454525189455,1.872793390272105
2026-08-05 23:00:00+00:00,1.872836960459217,1.873458295589155,1.8728212559040285,1.8733487542500389
2026-08-06 00:00:00+00:00,1.8734216027874542,1.8736008697955115,1.8726335585428682,1.8729481927375053
2026-08-06 01:00:00+00:00,1.8728595115018574,1.8737960162250293,1.8725360451347746,1.8733155892476387
2026-08-06 02:00:00+00:00,1.8730129982306771,1.873756097560973,1.8729263298650254,1.8733711482446698
2026-08-06 03:00:00+00:00,1.8733415096443278,1.8748639218422858,1.8733415096443278,1.8746267407138644
2026-08-06 04:00:00+00:00,1.8748011498423127,1.8752687271407409,1.874584879859345,1.8746005832530985
2026-08-06 05:00:00+00:00,1.8745988334775179,1.8753839709578304,1.87445228991655,1.8749773256868547
2026-08-06 06:00:00+00:00,1.8749947681962114,1.8763914689162926,1.8749930241642918,1.8760892637694089
2026-08-06 07:00:00+00:00,1.8759425794559548,1.8772760938526225,1.8752984543207776,1.8770853709654858
2026-08-06 08:00:00+00:00,1.8771446934555382,1.8772995851317917,1.8758428142667662,1.8759719139550763
2026-08-06 09:00:00+00:00,1.876232094490825,1.876536141213269,1.8753316390649843,1.8755114294890565
2026-08-06 10:00:00+00:00,1.875506214215889,1.8762549745165087,1.8754835015988693,1.8760629459485845
2026-08-06 11:00:00+00:00,1.8762932659415505,1.8774207070001372,1.8762932659415505,1.8768865619546222
2026-08-06 12:00:00+00:00,1.876697985452816,1.8783530792444372,1.8765637216575421,1.8783094655955264
2026-08-06 13:00:00+00:00,1.8782181122270774,1.8794096271034801,1.878163231104405,1.8788094639515043
2026-08-06 14:00:00+00:00,1.8786270840897004,1.8789110515141327,1.8769026672252453,1.8769026672252453
2026-08-06 15:00:00+00:00,1.8767368141765899,1.8790143151001184,1.8765504525645296,1.8789248334919095
2026-08-06 16:00:00+00:00,1.8790444469323753,1.8795184096318047,1.8782356972044663,1.8782356972044663
2026-08-06 17:00:00+00:00,1.8780255890372617,1.8784598385991387,1.8776300521466789,1.8778295093885855
2026-08-06 18:00:00+00:00,1.877749038797621,1.8779273800036325,1.8773190543431129,1.877806671699799
2026-08-06 19:00:00+00:00,1.8777313332680912,1.8778021732138086,1.8772994129158487,1.8775812652918533
2026-08-06 20:00:00+00:00,1.8775410340295813,1.877875833904418,1.8773198327342882,1.8777759131845362
2026-08-06 21:00:00+00:00,1.8788523442967084,1.878890941663865,1.8764387508216414,1.8785805241873392
2026-08-06 22:00:00+00:00,1.877911287051152,1.8780689114894422,1.877648638442493,1.8780689114894422
2026-08-06 23:00:00+00:00,1.8779935094001763,1.8781419159917727,1.8774537218276357,1.8776112307391122
2026-08-07 00:00:00+00:00,1.8778407104398267,1.8786453960257465,1.8775290482249447,1.8781375045471058
2026-08-07 01:00:00+00:00,1.8779938444320063,1.8790622813156028,1.8777639473573773,1.878557237596886
2026-08-07 02:00:00+00:00,1.878551742469814,1.8797938923815765,1.8784326343326359,1.8796253517577362
2026-08-07 03:00:00+00:00,1.8796499824991226,1.8797395687482474,1.8793236187516598,1.8795039054844738
2026-08-07 04:00:00+00:00,1.8794792833146672,1.879688090604917,1.878740818467993,1.8792336113754662
2026-08-07 05:00:00+00:00,1.8791653254586906,1.8793180672974612,1.878236421367722,1.878594115095631
2026-08-07 06:00:00+00:00,1.8788773382955777,1.8789829417444455,1.8773698339019045,1.8775116405889483
2026-08-07 07:00:00+00:00,1.8774382996574122,1.8774382996574122,1.8760588185960672,1.8760588185960672
2026-08-07 08:00:00+00:00,1.8762317422601138,1.8762317422601138,1.8749545822968754,1.8749545822968754
2026-08-07 09:00:00+00:00,1.875013974287309,1.875013974287309,1.8733295164150734,1.8738319715063878
2026-08-07 10:00:00+00:00,1.873971646064667,1.8745300292115648,1.8734758865347259,1.874421724971695
2026-08-07 11:00:00+00:00,1.8742768508426235,1.8751310180979641,1.8741633947658878,1.8749580958766316
2026-08-07 12:00:00+00:00,1.8748760492171872,1.8753318244055077,1.872909280500519,1.8748225864803914
2026-08-07 13:00:00+00:00,1.8746087174278974,1.8761589219589583,1.8745250852411082,1.8755189034073472
2026-08-07 14:00:00+00:00,1.875264653443278,1.8759994428193316,1.8742921542164626,1.8753674063549084
2026-08-07 15:00:00+00:00,1.8753151245873756,1.875985183947417,1.8751340435902768,1.875586560285167
2026-08-07 16:00:00+00:00,1.8755186721991677,1.8758370108445954,1.8745947600562094,1.8749739006973707
2026-08-07 17:00:00+00:00,1.8750957107655442,1.8750957107655442,1.874326975249382,1.8744172453623142
2026-08-07 18:00:00+00:00,1.8744728527884846,1.8746660358454832,1.8742066585012778,1.8744504424286244
2026-08-07 19:00:00+00:00,1.8744400233729346,1.8744400233729346,1.8732519669715564,1.8739132249224453
2026-08-07 20:00:00+00:00,1.8739949364271182,1.877300698911256,1.8738922972051781,1.877300698911256
2026-08-09 21:00:00+00:00,1.877300698911256,1.8785338272567724,1.8758087181556335,1.876167151385273
2026-08-09 22:00:00+00:00,1.8758030871923217,1.8761060715676978,1.875530213476112,1.8760799699486599
2026-08-09 23:00:00+00:00,1.8762051838557514,1.8768477020293386,1.8760744387882815,1.8768477020293386
2026-08-10 00:00:00+00:00,1.8767220505969753,1.8773419448233604,1.8755439996662981,1.8771399938757878
2026-08-10 01:00:00+00:00,1.8774152235647843,1.8774944644821658,1.8762783320115184,1.8763688480109069
2026-08-10 02:00:00+00:00,1.8763532129240508,1.8768393356813697,1.8760660572923165,1.8767887967036005
2026-08-10 03:00:00+00:00,1.876844684524139,1.8773534982174667,1.8767298749756334,1.8771966468933612
2026-08-10 04:00:00+00:00,1.8771600038987963,1.877796038886875,1.8771402321890898,1.877185655418196
2026-08-10 05:00:00+00:00,1.877192738207939,1.877192738207939,1.8758552594982458,1.875931694293023
2026-08-10 06:00:00+00:00,1.8761333926684076,1.876700703931441,1.876009844682062,1.8765787570244232
2026-08-10 07:00:00+00:00,1.876575323410764,1.8770018505377672,1.8755369580025836,1.8756725194978499
2026-08-10 08:00:00+00:00,1.875618639826501,1.8769205100040303,1.8755317669956881,1.8769100287807774
2026-08-10 09:00:00+00:00,1.8771815160406593,1.8775030592946915,1.8765942059220297,1.8771688163515166
2026-08-10 10:00:00+00:00,1.8770506630303176,1.877715160370136,1.8769662999485366,1.8773193868751192
2026-08-10 11:00:00+00:00,1.8773835519270063,1.8783492240239381,1.8772251891410752,1.8782755117660956
2026-08-10 12:00:00+00:00,1.878288100208766,1.8793264342521254,1.878288100208766,1.879126389391869
2026-08-10 13:00:00+00:00,1.8790685366499051,1.8807685876713833,1.8790685366499051,1.8804496197453804
2026-08-10 14:00:00+00:00,1.880501392757658,1.8817490018224545,1.8799782917258054,1.8811740637134124
2026-08-10 15:00:00+00:00,1.8811797127268655,1.8819043377819815,1.8806566042985302,1.8812276527957463
2026-08-10 16:00:00+00:00,1.8811524442836849,1.8813094774333554,1.880653913043476,1.8806709821117815
2026-08-10 17:00:00+00:00,1.8807528468413268,1.8813571129998585,1.8806337979142569,1.881252264051047
2026-08-10 18:00:00+00:00,1.8811646698244613,1.8814751860004997,1.8809755961667018,1.8811689487540204
2026-08-10 19:00:00+00:00,1.8812114288898465,1.8815923309506868,1.8808101068349259,1.8815538309344981
2026-08-10 20:00:00+00:00,1.881657958899336,1.8818103280104763,1.8815080039566972,1.881720130431145
2026-08-10 21:00:00+00:00,1.880709528188834,1.882734294398124,1.880709528188834,1.8820642930827753
2026-08-10 22:00:00+00:00,1.8821463414634123,1.8822111029032544,1.88180868111196,1.8818226154810818
2026-08-10 23:00:00+00:00,1.8815743643329825,1.8825399038126414,1.881560431905257,1.8824037684310255
2026-08-11 00:00:00+00:00,1.8822308003177275,1.8825537964098535,1.8818874601206454,1.882311133408585
2026-08-11 01:00:00+00:00,1.8823709774079778,1.8827909311469897,1.880959010915569,1.8814949990248768
2026-08-11 02:00:00+00:00,1.8815686820841437,1.88197164643071,1.8811649511818018,1.88197164643071
2026-08-11 03:00:00+00:00,1.881848718413311,1.8819365088213138,1.8814017298772905,1.8816768369138148
2026-08-11 04:00:00+00:00,1.881741553465689,1.8851829617323048,1.8810259837914587,1.8838016874694907
2026-08-11 05:00:00+00:00,1.8840037940076975,1.8854235016543555,1.8821275291232347,1.8826374177723244
2026-08-11 06:00:00+00:00,1.882727576788001,1.882727576788001,1.8819241169747123,1.8823857457546749
2026-08-11 07:00:00+00:00,1.8826645846694339,1.8826645846694339,1.8811272630977407,1.8824448567880885
2026-08-11 08:00:00+00:00,1.8824062835698019,1.882419359335357,1.8816780057996851,1.8821905585143437
2026-08-11 09:00:00+00:00,1.8823012674819055,1.8823012674819055,1.8810243691741761,1.8810243691741761
2026-08-11 10:00:00+00:00,1.881007120065764,1.881007120065764,1.8789634188795876,1.8789963239389524
2026-08-11 11:00:00+00:00,1.8790752733096556,1.8790752733096556,1.878138046200944,1.8784726573923192
2026-08-11 12:00:00+00:00,1.87852159260239,1.8786705838125313,1.8778702440925135,1.8784677273423231
2026-08-11 13:00:00+00:00,1.8784652638610526,1.8785568186561636,1.8778414623967035,1.877843478260867
2026-08-11 14:00:00+00:00,1.8776137675816278,1.879790092008739,1.8775998553123974,1.879790092008739
2026-08-11 15:00:00+00:00,1.8797288645157677,1.881347907818698,1.8796943292224582,1.881347907818698
2026-08-11 16:00:00+00:00,1.8811914277359225,1.8811914277359225,1.879733793717975,1.8799760509057468
2026-08-11 17:00:00+00:00,1.8798869458676741,1.8802072452262542,1.8795293134660884,1.8801554469098631
2026-08-11 18:00:00+00:00,1.8801259193224849,1.880864464168766,1.879970462841695,1.8803733110461038
2026-08-11 19:00:00+00:00,1.880378309863076,1.8806034602847326,1.8799883037678553,1.880495174968318
2026-08-11 20:00:00+00:00,1.880590987578675,1.880590987578675,1.8797499199353886,1.8804278194022757
2026-08-11 21:00:00+00:00,1.880765264888663,1.8819454124731638,1.8801175291037677,1.881525237186361
2026-08-11 22:00:00+00:00,1.8805257368809405,1.8809397805136177,1.880329625969178,1.8804237370714225
2026-08-11 23:00:00+00:00,1.8804777548861265,1.8806209104830824,1.880005567541232,1.880310707723144
2026-08-12 00:00:00+00:00,1.88019767522795,1.8803335514317903,1.879371748142787,1.8798819697686688
2026-08-12 01:00:00+00:00,1.880013364331154,1.8814841649134024,1.8796770601336277,1.8811918426477932
2026-08-12 02:00:00+00:00,1.8813760049043484,1.8817626891880566,1.8811706039670126,1.8814187400741105
2026-08-12 03:00:00+00:00,1.881417088087374,1.8819249905924624,1.8812631461644516,1.8815923309506861
2026-08-12 04:00:00+00:00,1.8817496481473708,1.8821250383253865,1.8814858161957282,1.8819586695093542
2026-08-12 05:00:00+00:00,1.882034058920257,1.8821487810657458,1.8808568722491474,1.8808724598520803
2026-08-12 06:00:00+00:00,1.880708008968482,1.8815620820329888,1.880708008968482,1.8812796835610495
2026-08-12 07:00:00+00:00,1.881010402016345,1.882007913508691,1.8809251935609619,1.8817866447469218
2026-08-12 08:00:00+00:00,1.8817030525098541,1.882143951848856,1.8814295861944061,1.8816630684588032
2026-08-12 09:00:00+00:00,1.8816066181078759,1.8819262683076208,1.8804352363327692,1.880617997077038
2026-08-12 10:00:00+00:00,1.880502706990853,1.8813554602661888,1.880502706990853,1.8807287100051464
2026-08-12 11:00:00+00:00,1.880570013081352,1.8812639198218235,1.8804712165676825,1.8809679438147529
2026-08-12 12:00:00+00:00,1.8810692777368223,1.8812328748070126,1.8779310153453366,1.8779672303999748
2026-08-12 13:00:00+00:00,1.8779865138607514,1.8782748667850773,1.8767039617979373,1.8771045874106431
2026-08-12 14:00:00+00:00,1.8771844592812599,1.8785864289389844,1.8761642998931105,1.8779857075327393
2026-08-12 15:00:00+00:00,1.8781430796617686,1.8791925768262285,1.8770205845969923,1.8789311894064762
2026-08-12 16:00:00+00:00,1.8785304056403025,1.8791908961909771,1.8785304056403025,1.8787326159286093
2026-08-12 17:00:00+00:00,1.8788903735872138,1.8789654644413174,1.8783676538156273,1.8785490496414368
2026-08-12 18:00:00+00:00,1.8786241470547247,1.8786241470547247,1.87772658305377,1.8779642136043975
2026-08-12 19:00:00+00:00,1.8778419770274946,1.8786106236595053,1.8778419770274946,1.877998190297206
2026-08-12 20:00:00+00:00,1.8780138092321368,1.8788849281497133,1.8780138092321368,1.8788849281497133
2026-08-12 21:00:00+00:00,1.8790648424220444,1.879757592644188,1.8786586979841433,1.87919865141615
2026-08-12 22:00:00+00:00,1.8782335087572721,1.8787857689897633,1.8782335087572721,1.878622936214047
2026-08-12 23:00:00+00:00,1.8786351676805901,1.8787726918365055,1.8782901604888418,1.8784605748486303
2026-08-13 00:00:00+00:00,1.8785491593363746,1.8792836951526863,1.8780280788657122,1.8791735122942812
2026-08-13 01:00:00+00:00,1.8791751945755517,1.880007800746641,1.8791406173853695,1.8797040669889773
2026-08-13 02:00:00+00:00,1.8797876638847457,1.8804729767415898,1.8796516893068598,1.8800897723629348
2026-08-13 03:00:00+00:00,1.880178999609656,1.881641534963521,1.8800150556221578,1.881641534963521
2026-08-13 04:00:00+00:00,1.8816259346055109,1.8819977127555696,1.8812396267730351,1.8819977127555696
2026-08-13 05:00:00+00:00,1.882034616940262,1.8823857690966146,1.8814327342693398,1.881708133437463
2026-08-13 06:00:00+00:00,1.8819075507216043,1.8819075507216043,1.8801517454915668,1.8803436684937982
2026-08-13 07:00:00+00:00,1.8804446366058083,1.8810556710234465,1.8799598191863367,1.8804117384512362
2026-08-13 08:00:00+00:00,1.8801919160924971,1.8805803571428552,1.8799380649481066,1.8800111591574815
2026-08-13 09:00:00+00:00,1.8797316522078702,1.880230920474668,1.878848243390074,1.8792121136138833
2026-08-13 10:00:00+00:00,1.87940594611162,1.8810446222024007,1.87940594611162,1.8797853808096976
2026-08-13 11:00:00+00:00,1.8799475972795165,1.880880364634875,1.8799358840337284,1.8806334248714034
2026-08-13 12:00:00+00:00,1.8806284328212544,1.8814292089702087,1.879776781986694,1.879776781986694
2026-08-13 13:00:00+00:00,1.8801024670045088,1.8808482180176647,1.8792501148209468,1.880436902672126
2026-08-13 14:00:00+00:00,1.8804294845906366,1.8804294845906366,1.8787735389497398,1.879674344165331
2026-08-13 15:00:00+00:00,1.8795262879568015,1.8804574963082648,1.8794199913722307,1.8800083588743361
2026-08-13 16:00:00+00:00,1.8797955033014775,1.8797955033014775,1.8779139395627331,1.878015152359198
2026-08-13 17:00:00+00:00,1.8781629043713162,1.87825675035528,1.8774319337093497,1.87825675035528
2026-08-13 18:00:00+00:00,1.8782706829771207,1.8785683436198204,1.8781184271008882,1.8782580833902158
2026-08-13 19:00:00+00:00,1.8783572941045337,1.8784742055475814,1.877848030750374,1.8781038060356214
2026-08-13 20:00:00+00:00,1.8780287417144745,1.8782189663096591,1.877788608828852,1.8780100555702546
2026-08-13 21:00:00+00:00,1.8779488608653223,1.8791752634807317,1.8777119765902577,1.8789141431736767
2026-08-13 22:00:00+00:00,1.8780637254901942,1.8782536035095028,1.8775180632317503,1.8777061550670338
2026-08-13 23:00:00+00:00,1.877582270727767,1.8778820449988842,1.877427167573735,1.8775629515179337
2026-08-14 00:00:00+00:00,1.877461828608012,1.8792380846294137,1.8772437592185436,1.8791055789927997
2026-08-14 01:00:00+00:00,1.8791300594533615,1.8796845830198647,1.8784254205191024,1.8791674213188048
2026-08-14 02:00:00+00:00,1.8788250205440318,1.8795123650296046,1.8788250205440318,1.879340132642254
2026-08-14 03:00:00+00:00,1.879469386617616,1.8796293716037322,1.8787680483424047,1.8788482156532376
2026-08-14 04:00:00+00:00,1.8788849281497138,1.8791034386746464,1.8786005652313114,1.878800534580686
2026-08-14 05:00:00+00:00,1.8787672090983734,1.879089516914936,1.8778869163559442,1.8779317252316143
2026-08-14 06:00:00+00:00,1.878145824348574,1.878787878787877,1.8779507295970155,1.8783296935638656
2026-08-14 07:00:00+00:00,1.8785088329392108,1.8786563738785709,1.8780382668668982,1.8783539552342536
2026-08-14 08:00:00+00:00,1.8786661477301139,1.8800439389304464,1.8785200011119432,1.8796291147686812
2026-08-14 09:00:00+00:00,1.879614700322471,1.8797748123436173,1.8790199293993364,1.8793357420789307
2026-08-14 10:00:00+00:00,1.8793863001514775,1.8800378008783123,1.8791242376672246,1.879580351559784
2026-08-14 11:00:00+00:00,1.879630401556202,1.8799900026381906,1.8791930467621887,1.8792246382848712
2026-08-14 12:00:00+00:00,1.879245230623974,1.8799205489346311,1.8791099026109133,1.8797211730726484
2026-08-14 13:00:00+00:00,1.8795595606714877,1.8801338944678232,1.8790004991957383,1.8790004991957383
2026-08-14 14:00:00+00:00,1.87948917052608,1.8799900095741557,1.8780535144877284,1.8783588918776497
2026-08-14 15:00:00+00:00,1.8781366976292784,1.8795190747597432,1.8777529834093314,1.8794879973373624
2026-08-14 16:00:00+00:00,1.8794043013436479,1.8797413912705658,1.8789540161283587,1.8790633761763298
2026-08-14 17:00:00+00:00,1.8790793875539618,1.8790793875539618,1.8781378429412399,1.8788880248833575
2026-08-14 18:00:00+00:00,1.8790168032217727,1.8793122604299741,1.8787660011662437,1.8787660011662437
2026-08-14 19:00:00+00:00,1.8785834270403825,1.8790697674418586,1.8783554951003507,1.878388319060637
2026-08-14 20:00:00+00:00,1.8783260462211098,1.8787912438750134,1.877832074633494,1.877832074633494
2026-08-16 21:00:00+00:00,1.877832074633494,1.8802435159703093,1.8767889615347224,1.8795507304799883
2026-08-16 22:00:00+00:00,1.8784389972918532,1.879115233480052,1.8779925567960878,1.8790133396260444
2026-08-16 23:00:00+00:00,1.8789716966727261,1.880212745275026,1.8788757807078402,1.880212745275026
2026-08-17 00:00:00+00:00,1.8798256451545716,1.879933936601342,1.8787479544004644,1.8795693852919533
2026-08-17 01:00:00+00:00,1.8794512186663324,1.8800016654869451,1.8781623854609961,1.8784887348353536
2026-08-17 02:00:00+00:00,1.8783412821650383,1.8790304678395011,1.8783369620990429,1.8788984461709193
2026-08-17 03:00:00+00:00,1.8786394973020195,1.878795865991536,1.8769503644375451,1.8769746688099314
2026-08-17 04:00:00+00:00,1.8769019705662244,1.8769763735883032,1.8761563175095533,1.8766071824429158
2026-08-17 05:00:00+00:00,1.8766487475060947,1.876704167590333,1.8736221942550497,1.8740575760510174
2026-08-17 06:00:00+00:00,1.8738226629600416,1.8745363963465247,1.8722886905584246,1.8722886905584246
2026-08-17 07:00:00+00:00,1.8725488841290665,1.8739310039927588,1.8720793666146196,1.8732847845012215
2026-08-17 08:00:00+00:00,1.8736626765819795,1.874440081844825,1.8719834139599154,1.8721687096640438
2026-08-17 09:00:00+00:00,1.8718582896936686,1.8722833971179471,1.8711187198851307,1.8713717584026055
2026-08-17 10:00:00+00:00,1.8714265985361123,1.8717530898294534,1.8712261414799862,1.8713780625914964
2026-08-17 11:00:00+00:00,1.8712764635207344,1.871577755062573,1.8706764425665865,1.8712091918466534
2026-08-17 12:00:00+00:00,1.8713281498156293,1.873093779811692,1.8713169303841146,1.872656433495902
2026-08-17 13:00:00+00:00,1.8726237842617137,1.8750259497612607,1.8726237842617137,1.874204878588416
2026-08-17 14:00:00+00:00,1.874204878588416,1.8748012443829918,1.8726114649681513,1.874168153958963
2026-08-17 15:00:00+00:00,1.8741698948533463,1.875406433759943,1.8739623685666835,1.8752836035637193
2026-08-17 16:00:00+00:00,1.8753354915469949,1.8753354915469949,1.8746784321318894,1.8749446596568882
2026-08-17 17:00:00+00:00,1.874989623972772,1.8753235965944473,1.8747715061208647,1.874819964546863
2026-08-17 18:00:00+00:00,1.8748563118897565,1.8749861495844857,1.87434032827758,1.8746588342869794
2026-08-17 19:00:00+00:00,1.8747644646419845,1.8747644646419845,1.874312853958098,1.8746676268557483
2026-08-17 20:00:00+00:00,1.8748372801551016,1.8750571385037313,1.8745395119519137,1.8749203623168316
2026-08-17 21:00:00+00:00,1.875117761152672,1.8752736442486193,1.8731871511088316,1.8741132786521812
2026-08-17 22:00:00+00:00,1.874478842025069,1.8745653769964932,1.8739111769674957,1.8741033097908857
2026-08-17 23:00:00+00:00,1.8742694108196427,1.8746971270335737,1.8740134585029473,1.8742991624558711
2026-08-18 00:00:00+00:00,1.8742680749159046,1.8746469904202872,1.8735105661578466,1.8740674095093066
2026-08-18 01:00:00+00:00,1.873972261440078,1.874082791084035,1.8733397897066941,1.8740809459852377
2026-08-18 02:00:00+00:00,1.8740359185255937,1.8741932803368124,1.8728203708829207,1.8729917108340348
2026-08-18 03:00:00+00:00,1.873008843433852,1.8739295513122503,1.8726628561938616,1.8736890231230672
2026-08-18 04:00:00+00:00,1.8736665650716227,1.8746136253378594,1.8733182769179595,1.874326103527127
2026-08-18 05:00:00+00:00,1.8744126737723301,1.875492207864232,1.8743815397408337,1.8743815397408337
2026-08-18 06:00:00+00:00,1.8745131737605836,1.874618712217845,1.8730719660749158,1.8730719660749158
2026-08-18 07:00:00+00:00,1.8731238826447865,1.8731238826447865,1.8721420059307687,1.8728784205057132
2026-08-18 08:00:00+00:00,1.8726134064898696,1.8730844902596482,1.8723053477417548,1.873000041557576
2026-08-18 09:00:00+00:00,1.8728078681257772,1.8730119146577981,1.8715343622395992,1.871586174439044
2026-08-18 10:00:00+00:00,1.8713217993079567,1.8719070630426031,1.8711834835708039,1.871375557340273
2026-08-18 11:00:00+00:00,1.871359929102564,1.8714103735703782,1.8704775086505174,1.8705297829937981
2026-08-18 12:00:00+00:00,1.870574394463666,1.8710766675892592,1.8699676267950507,1.8710766675892592
2026-08-18 13:00:00+00:00,1.871102993067373,1.8715894626155274,1.8704402515723249,1.8713813469065943
2026-08-18 14:00:00+00:00,1.871471446551317,1.8758473460221505,1.871471446551317,1.8757156124811116
2026-08-18 15:00:00+00:00,1.8755717572699784,1.8765358480099825,1.8752355353580115,1.8764959576208882
2026-08-18 16:00:00+00:00,1.8762564991334472,1.8779367480329145,1.8762564991334472,1.8770897789863599
2026-08-18 17:00:00+00:00,1.8772061272061256,1.8777700638711448,1.8767902742311517,1.8777700638711448
2026-08-18 18:00:00+00:00,1.8778797683687196,1.8790320340066107,1.877850298569641,1.8782310374043345
2026-08-18 19:00:00+00:00,1.8783425245523602,1.8783597949743696,1.8778144867986324,1.8781165358705445
2026-08-18 20:00:00+00:00,1.8780298084535973,1.878131121577125,1.8774665685362346,1.8774665685362346
2026-08-18 21:00:00+00:00,1.8776961431091217,1.8786888891977909,1.8771288861723094,1.8782544666425833
2026-08-18 22:00:00+00:00,1.877739202888486,1.878335393718832,1.8775255155175987,1.8783059228803183
2026-08-18 23:00:00+00:00,1.8782727058071849,1.8793946805258315,1.8782727058071849,1.879319688190419
2026-08-19 00:00:00+00:00,1.8797670669335098,1.880320257985598,1.8784819618407516,1.8801635650504864
2026-08-19 01:00:00+00:00,1.8797730622688191,1.8807770989604338,1.879330478785518,1.8799799758040951
2026-08-19 02:00:00+00:00,1.879758627401906,1.8809560224128568,1.8794410955859868,1.880434782608694
2026-08-19 03:00:00+00:00,1.8805548991534713,1.8816876721475655,1.8805548991534713,1.8816827344434688
2026-08-19 04:00:00+00:00,1.8816247044095127,1.8835396160218285,1.8816247044095127,1.8823226632166143
2026-08-19 05:00:00+00:00,1.882357032564996,1.8837458585071118,1.8821426584320908,1.883554875078292
2026-08-19 06:00:00+00:00,1.8832616592209077,1.8840914467001528,1.882827271716159,1.8832635575893273
2026-08-19 07:00:00+00:00,1.8827831697210697,1.884936539746157,1.8826031949059445,1.8847946787637573
2026-08-19 08:00:00+00:00,1.884817701085442,1.8849162166675928,1.8826375276306442,1.8826514298424861
2026-08-19 09:00:00+00:00,1.8826122017685318,1.8828892687876118,1.8816475133054467,1.8828892687876118
2026-08-19 10:00:00+00:00,1.8827282330701638,1.883838594442821,1.8827282330701638,1.883448975902775
2026-08-19 11:00:00+00:00,1.8837164031757931,1.88416848726048,1.8831945274807764,1.8835262045176349
2026-08-19 12:00:00+00:00,1.8837856258606522,1.8838576399961164,1.8818372244648809,1.88280870999487
2026-08-19 13:00:00+00:00,1.8825778565887161,1.8825778565887161,1.8797977285915592,1.8809217711054875
2026-08-19 14:00:00+00:00,1.8810998368768819,1.8810998368768819,1.8789017700460113,1.8792255175654367
2026-08-19 15:00:00+00:00,1.879521236161595,1.879521236161595,1.8777745548971654,1.8785320492448825
2026-08-19 16:00:00+00:00,1.8783466416157804,1.8789414803253992,1.8776654513313427,1.8787439213085748
2026-08-19 17:00:00+00:00,1.8785874098831572,1.879011286931502,1.8779638052840397,1.8785413899955716
2026-08-19 18:00:00+00:00,1.878301756326924,1.878986789011109,1.8780565346603066,1.8784851750531912
2026-08-19 19:00:00+00:00,1.8782910185926995,1.878310240506153,1.8775600392205587,1.878114812973091
2026-08-19 20:00:00+00:00,1.878080450878548,1.8782094664585705,1.877467298368715,1.8775741336684926
2026-08-19 21:00:00+00:00,1.8782756523662079,1.8805656543315667,1.8782756523662079,1.879880045881067
2026-08-19 22:00:00+00:00,1.8793856014144412,1.8797259403533475,1.8787962489814505,1.8789147222567575
2026-08-19 23:00:00+00:00,1.8788854198325626,1.8790299177779295,1.8781774249223318,1.878874134667199
2026-08-20 00:00:00+00:00,1.8791797932902208,1.8805858678063136,1.8786329981213377,1.8803518088284086
2026-08-20 01:00:00+00:00,1.880159289832827,1.8837547425849492,1.8790921899604922,1.8820461744892156
2026-08-20 02:00:00+00:00,1.8820616389088678,1.8824799037038045,1.8816186025935226,1.8818809401934047
2026-08-20 03:00:00+00:00,1.8821234383430854,1.8823903809167999,1.8815382063474495,1.8817999585262994
2026-08-20 04:00:00+00:00,1.8816698921758346,1.8825311622373155,1.880942840957761,1.8822788838007207
2026-08-20 05:00:00+00:00,1.88233259546209,1.8824082784571947,1.8813317841037966,1.8816051568638283
2026-08-20 06:00:00+00:00,1.881554740991768,1.8819713400464737,1.881014897321797,1.8812873093079798
2026-08-20 07:00:00+00:00,1.8811725195903626,1.88297563604704,1.880849711142437,1.8821603249606216
2026-08-20 08:00:00+00:00,1.8823082344162374,1.883657313383345,1.8821660011330175,1.8834549071618016
2026-08-20 09:00:00+00:00,1.883588234481423,1.8841628459371358,1.8826687645784146,1.8839967416366357
2026-08-20 10:00:00+00:00,1.8838182295190604,1.8850129913206906,1.8838182295190604,1.8849204156073822
2026-08-20 11:00:00+00:00,1.884726981319773,1.8869755402056987,1.8843847577993296,1.8869214901776177
2026-08-20 12:00:00+00:00,1.886881523936095,1.8883056809683387,1.8858881283274547,1.8863105198379204
2026-08-20 13:00:00+00:00,1.8865292352786631,1.8865292352786631,1.8841052282524577,1.8852669865988063
2026-08-20 14:00:00+00:00,1.884473440502023,1.8855755798674965,1.883156003869005,1.8837244658208236
2026-08-20 15:00:00+00:00,1.8838244236828994,1.8853241470905602,1.8830050111127965,1.8848721954186636
2026-08-20 16:00:00+00:00,1.8848642371287934,1.8861736868323447,1.8848642371287934,1.8857755638577538
2026-08-20 17:00:00+00:00,1.8857510515829072,1.8858415896385659,1.8851773952510082,1.8854248827265536
2026-08-20 18:00:00+00:00,1.8854940705993035,1.8862219883105715,1.8854940705993035,1.8857902094030679
2026-08-20 19:00:00+00:00,1.8858776142954015,1.8861053826244603,1.8854988238549863,1.8854988238549863
2026-08-20 20:00:00+00:00,1.88563719385637,1.885857383989594,1.8854909015429304,1.885756984515752
2026-08-20 21:00:00+00:00,1.8855224913494792,1.8869348473308851,1.884890592778153,1.886446075038071
2026-08-20 22:00:00+00:00,1.885929349254886,1.886370554863704,1.885532503457813,1.8858672347253522
2026-08-20 23:00:00+00:00,1.8857000594735878,1.8860892533639402,1.8855724832029181,1.8859117931701903
2026-08-21 00:00:00+00:00,1.8853197694508546,1.8853197694508546,1.884070185134013,1.8845553175316132
2026-08-21 01:00:00+00:00,1.8845494748479803,1.8845707335950008,1.8822157836644575,1.8822157836644575
2026-08-21 02:00:00+00:00,1.882310738282811,1.882310738282811,1.881075419956728,1.88136761563383
2026-08-21 03:00:00+00:00,1.8812451748097478,1.881323922693059,1.8801317475848556,1.8804096146424814
2026-08-21 04:00:00+00:00,1.8805309734513258,1.8805309734513258,1.8799101358987773,1.88027402169568
2026-08-21 05:00:00+00:00,1.880506266286138,1.880673125956143,1.8799757498932153,1.8803295174332886
2026-08-21 06:00:00+00:00,1.8803268072911627,1.8803268072911627,1.879236967151021,1.8799487560955432
2026-08-21 07:00:00+00:00,1.8797035975979268,1.8800925543343507,1.8772197902040126,1.8773158981417737
2026-08-21 08:00:00+00:00,1.8773417390466471,1.8778660581734188,1.8754055986360871,1.8778382538897118
2026-08-21 09:00:00+00:00,1.8777678510068017,1.8783666735409346,1.8768346984772672,1.877189605389796
2026-08-21 10:00:00+00:00,1.876768259990925,1.8774211285999018,1.8759589737949223,1.8761153195760052
2026-08-21 11:00:00+00:00,1.8761153195760052,1.8767885860376872,1.8755374829997373,1.8762297334432518
2026-08-21 12:00:00+00:00,1.8758740057969405,1.8758740057969405,1.8735987471150657,1.8737912087912072
2026-08-21 13:00:00+00:00,1.8736438792606205,1.8741030927835034,1.8723509388382547,1.8726029841731737
2026-08-21 14:00:00+00:00,1.872790937178165,1.8730431200219704,1.8712941984208704,1.8716285843832854
2026-08-21 15:00:00+00:00,1.8717504809013448,1.8717504809013448,1.8702415737273124,1.8710801393728207
2026-08-21 16:00:00+00:00,1.8711128791100242,1.8721812766775077,1.8710487323016118,1.8718898815650413
2026-08-21 17:00:00+00:00,1.8716928312657792,1.8718247814571336,1.8711655600065833,1.8714720645108183
2026-08-21 18:00:00+00:00,1.8715083032787991,1.8718971995940625,1.871414861530023,1.8717175179979413
2026-08-21 19:00:00+00:00,1.8717175179979413,1.872603773584904,1.871582151770286,1.8724732746908905
2026-08-21 20:00:00+00:00,1.8725004460425714,1.872799912133774,1.8719092793695669,1.872799912133774
2026-08-23 21:00:00+00:00,1.90463550252871,1.9050777867776443,1.9018871611624466,1.9018871611624466
2026-08-23 22:00:00+00:00,1.9028891896039397,1.903427399668001,1.9028200050207804,1.9029850746268657
2026-08-23 23:00:00+00:00,1.9030309793145777,1.9041162767990405,1.9030309793145777,1.9038973715401242
2026-08-24 00:00:00+00:00,1.9039823749233085,1.9040658344375478,1.9028414554271937,1.9028414554271937
2026-08-24 01:00:00+00:00,1.902980810769381,1.904082259054635,1.9022592019623419,1.904082259054635
2026-08-24 02:00:00+00:00,1.9043538933854312,1.9049766175752076,1.903638315971496,1.9048509545606789
2026-08-24 03:00:00+00:00,1.904918078544115,1.9051588132635253,1.9044961067232284,1.9046914476347345
2026-08-24 04:00:00+00:00,1.904517984004913,1.904764563818352,1.9038045677134925,1.904213757499651
2026-08-24 05:00:00+00:00,1.9041652131444917,1.9041652131444917,1.9029067983373784,1.9031119666345844
2026-08-24 06:00:00+00:00,1.90327395483142,1.9041629439356713,1.9027363253465734,1.9032168066289095
2026-08-24 07:00:00+00:00,1.903510607138374,1.9045332737829388,1.9029313232830818,1.9029313232830818
2026-08-24 08:00:00+00:00,1.9030168502464018,1.903781412826351,1.902364426071533,1.902364426071533
2026-08-24 09:00:00+00:00,1.9025595911356874,1.9033519007133783,1.9024911330186833,1.9033001088868415
2026-08-24 10:00:00+00:00,1.903037154900483,1.9033798882681563,1.9026729011096377,1.9031104655222986
2026-08-24 11:00:00+00:00,1.9031438108406307,1.9038418552668344,1.902638445117272,1.9036233704603187
2026-08-24 12:00:00+00:00,1.9037940757698426,1.9049720054174055,1.903683431539557,1.9048855750568983
2026-08-24 13:00:00+00:00,1.9049493891797555,1.9050198224356467,1.9037154856082485,1.9040772741865692
2026-08-24 14:00:00+00:00,1.904305819278454,1.9060783518986988,1.9042134360864467,1.9059468224900047
2026-08-24 15:00:00+00:00,1.9058555473238372,1.9070138150903295,1.9058555473238372,1.9061451107630343
2026-08-24 16:00:00+00:00,1.90621110194263,1.907122475241985,1.9061586857742048,1.907122475241985
2026-08-24 17:00:00+00:00,1.9072431736794988,1.908204984598152,1.9066275167785236,1.9080065519606884
2026-08-24 18:00:00+00:00,1.9079378412431751,1.9079378412431751,1.9067172006768944,1.907155049388589
2026-08-24 19:00:00+00:00,1.9068817414905075,1.9069565704051936,1.9064939425309868,1.9064939425309868
2026-08-24 20:00:00+00:00,1.90652061386942,1.90675843930555,1.906418271584218,1.9065909472388518
2026-08-24 21:00:00+00:00,1.9063138451204835,1.907610292574403,1.9063068356697166,1.906721325237149
2026-08-24 22:00:00+00:00,1.9066332881137853,1.9070587247852726,1.9064960492273268,1.906863225030421
2026-08-24 23:00:00+00:00,1.9068417666638695,1.907220388295194,1.9061049924526192,1.9062762091137824
2026-08-25 00:00:00+00:00,1.9060303263224094,1.9062089402029578,1.9052494831536013,1.9054205085219333
2026-08-25 01:00:00+00:00,1.9056761968642575,1.906219854884033,1.9052062525318842,1.906027600285231
2026-08-25 02:00:00+00:00,1.9059716726555835,1.906116742397763,1.9052690426275332,1.9058663982328103
2026-08-25 03:00:00+00:00,1.9055187452822275,1.9059266096101133,1.9048783555288498,1.9059266096101133
2026-08-25 04:00:00+00:00,1.9059860139860143,1.9066243143400872,1.905840886203424,1.9060961280214863
2026-08-25 05:00:00+00:00,1.9060108830976261,1.9060108830976261,1.9048990548627034,1.9056865076589493
2026-08-25 06:00:00+00:00,1.9051395007342147,1.907523028249853,1.9051395007342147,1.907437993393427
2026-08-25 07:00:00+00:00,1.9075437368789363,1.9094268835568498,1.9075437368789363,1.9092436268951325
2026-08-25 08:00:00+00:00,1.9090820011758447,1.909430948978734,1.907663044238381,1.908288452122823
2026-08-25 09:00:00+00:00,1.908551683617084,1.908774334302976,1.9066836214244791,1.9069497637751254
2026-08-25 10:00:00+00:00,1.907066470958272,1.907310047820129,1.9058690303098087,1.9058690303098087
2026-08-25 11:00:00+00:00,1.9060188745193987,1.9060188745193987,1.9048317888940138,1.9054667952642539
2026-08-25 12:00:00+00:00,1.905675146771037,1.9061429390460471,1.905464152420358,1.905824143569961
2026-08-25 13:00:00+00:00,1.906030698688735,1.9066452379288656,1.9053737012624283,1.9058562208376404
2026-08-25 14:00:00+00:00,1.9057977088572227,1.906038674341921,1.9042871107387236,1.9048597138385868
2026-08-25 15:00:00+00:00,1.9051385608675595,1.905722352678072,1.9042152015419425,1.905039246906338
2026-08-25 16:00:00+00:00,1.9049634098653705,1.9057001914504113,1.9049448246961864,1.9054599829506544
2026-08-25 17:00:00+00:00,1.9053315631332537,1.9061037455119516,1.9053315631332537,1.9061037455119516
2026-08-25 18:00:00+00:00,1.9061303752549665,1.906422454140296,1.9056485180322364,1.9059025643890712
2026-08-25 19:00:00+00:00,1.9059012500872958,1.9060339891916036,1.9052709435226138,1.9053607067591511
2026-08-25 20:00:00+00:00,1.9051958745621245,1.9058205787062887,1.9045858504122657,1.9058205787062887
2026-08-25 21:00:00+00:00,1.9056851515574789,1.907129482127386,1.9046967305839142,1.9050791123772821
2026-08-25 22:00:00+00:00,1.905003210765838,1.9055191768007482,1.9048835294281847,1.9049646181975517
2026-08-25 23:00:00+00:00,1.9049759229534509,1.9050404098211917,1.9040860755254125,1.9045658212476095
2026-08-26 00:00:00+00:00,1.904466778336125,1.9049380820081814,1.9036731163595275,1.904934100301575
2026-08-26 01:00:00+00:00,1.9050118665363673,1.9055799986032542,1.9003551284729476,1.9011342734518701
2026-08-26 02:00:00+00:00,1.9013670378060508,1.9014227783893758,1.8986749805144194,1.899949849548646
2026-08-26 03:00:00+00:00,1.9001142347663758,1.9001142347663758,1.8976663929977875,1.8985937064884435
2026-08-26 04:00:00+00:00,1.8984865572309706,1.8997937339725721,1.8982819591791271,1.8993451302772746
2026-08-26 05:00:00+00:00,1.899081929758571,1.8990916436791216,1.8978199738285493,1.89812881129396
2026-08-26 06:00:00+00:00,1.8981203007518797,1.8993323204304373,1.8970518638122549,1.8989315018876336
2026-08-26 07:00:00+00:00,1.8991237235480143,1.8998146780553735,1.898274397292517,1.8984122562674095
2026-08-26 08:00:00+00:00,1.8983369547049973,1.8985014762408778,1.8975336822180158,1.8977022698788468
2026-08-26 09:00:00+00:00,1.897596568914139,1.8979401401094689,1.8969953496143244,1.8973987634378655
2026-08-26 10:00:00+00:00,1.8971773912801302,1.8972969961982482,1.8963677891980724,1.8967980947340566
2026-08-26 11:00:00+00:00,1.8969498607242339,1.8973098666072572,1.896725055000139,1.8968334609228201
2026-08-26 12:00:00+00:00,1.8966069142125477,1.8971361776738749,1.8950064733479042,1.895844944822205
2026-08-26 13:00:00+00:00,1.8956638055958086,1.89623785561952,1.8948614728865736,1.895409443112771
2026-08-26 14:00:00+00:00,1.8958859038882463,1.8962894740514367,1.8946964838412848,1.896206665550159
2026-08-26 15:00:00+00:00,1.896180201805926,1.896528630427503,1.8958507729225962,1.89627366453215
2026-08-26 16:00:00+00:00,1.8963544791216147,1.8964425223214283,1.8955488289695768,1.8958228695797754
2026-08-26 17:00:00+00:00,1.896032144650929,1.8960797991071427,1.8950589744304713,1.895186703477509
2026-08-26 18:00:00+00:00,1.8952285339803119,1.8953789949244242,1.8949378912294887,1.8951860322418697
2026-08-26 19:00:00+00:00,1.8950971916222774,1.8954936609994562,1.8948425147446355,1.8950200758420699
2026-08-26 20:00:00+00:00,1.8951008002676855,1.895779872810443,1.8948278265718665,1.895779872810443
2026-08-26 21:00:00+00:00,1.8958746197002263,1.8958746197002263,1.8940920684032279,1.8942314392830761
2026-08-26 22:00:00+00:00,1.8946004319654428,1.8947089725903319,1.8935316730737088,1.8935316730737088
2026-08-26 23:00:00+00:00,1.893624726644659,1.893624726644659,1.892582230202809,1.8933574711043033
2026-08-27 00:00:00+00:00,1.893108298171589,1.8943876911069921,1.8929073767181472,1.8929073767181472
2026-08-27 01:00:00+00:00,1.8925463330409236,1.8930257824578998,1.8916910229645094,1.8921492204899781
2026-08-27 02:00:00+00:00,1.8921785609888502,1.8925071002951495,1.8915935977731384,1.8922271569187075
2026-08-27 03:00:00+00:00,1.8923246133069738,1.8926502534395366,1.891764705882353,1.8918064740689176
2026-08-27 04:00:00+00:00,1.8916684067655045,1.8922001420434762,1.8910042306835895,1.8910692664189386
2026-08-27 05:00:00+00:00,1.891253514461487,1.8922584238373712,1.891253514461487,1.8920123080350308
2026-08-27 06:00:00+00:00,1.8921350192168442,1.8924154643195368,1.891231439346498,1.8917161987221425
2026-08-27 07:00:00+00:00,1.89165077730303,1.8926183844011142,1.89165077730303,1.8922140678745005
2026-08-27 08:00:00+00:00,1.892061989167212,1.892293342985216,1.8904370824053454,1.890601289172897
2026-08-27 09:00:00+00:00,1.8905625704779272,1.8921769418321142,1.8905579996658686,1.8918572404086014
2026-08-27 10:00:00+00:00,1.8916602800808193,1.8918049228969034,1.890883766278989,1.890883766278989
2026-08-27 11:00:00+00:00,1.8908143649179507,1.891568949669944,1.8894439496827344,1.8894439496827344
2026-08-27 12:00:00+00:00,1.8892166001196458,1.8895817384647506,1.8883110381844979,1.8887327471059663
2026-08-27 13:00:00+00:00,1.888944541837104,1.8908691236417772,1.8889244424658107,1.8900336475626371
2026-08-27 14:00:00+00:00,1.8900399071151466,1.8901097372703377,1.8883049716383051,1.8886988444370283
2026-08-27 15:00:00+00:00,1.8888456243307512,1.8895234125329996,1.888450202969471,1.8894570110598565
2026-08-27 16:00:00+00:00,1.8894307587567558,1.8901954243460368,1.888824044353662,1.888824044353662
2026-08-27 17:00:00+00:00,1.8891374734238422,1.8891868608270337,1.888235784558946,1.888353089954001
2026-08-27 18:00:00+00:00,1.8883808835586926,1.8887514420337188,1.8883360204592199,1.888629445857482
2026-08-27 19:00:00+00:00,1.8887159316757234,1.888774602468586,1.888288188122802,1.8885090060040024
2026-08-27 20:00:00+00:00,1.8884271677344928,1.889774070212026,1.8884271677344928,1.889774070212026
2026-08-27 21:00:00+00:00,1.8893989983305504,1.8900976600539774,1.8884316478749879,1.8891236361109178
2026-08-27 22:00:00+00:00,1.8891637252994635,1.8897275507367248,1.8890973264409983,1.8897150799166087
2026-08-27 23:00:00+00:00,1.8898974173639878,1.8901445649152069,1.889665619701476,1.889665619701476
2026-08-28 00:00:00+00:00,1.8896176989674678,1.8896176989674678,1.8887731288548093,1.889316583752536
2026-08-28 01:00:00+00:00,1.889230127848805,1.889230127848805,1.88828546030335,1.8883948421520678
2026-08-28 02:00:00+00:00,1.8883562595525916,1.8884056359947754,1.8867759532501425,1.8869886308424837
2026-08-28 03:00:00+00:00,1.8870643106009077,1.887563197955442,1.8866141076534435,1.8871561289247474
2026-08-28 04:00:00+00:00,1.887293232038444,1.8878808508273477,1.8868679014745495,1.8877774999305381
2026-08-28 05:00:00+00:00,1.8876154754462735,1.888938317601101,1.8875213580229764,1.888709744673162
2026-08-28 06:00:00+00:00,1.8887174783188792,1.8889969976648504,1.887657458716998,1.8880971232515174
2026-08-28 07:00:00+00:00,1.8879304357489128,1.8885290561107482,1.8877312885480915,1.8883190883190883
2026-08-28 08:00:00+00:00,1.8883345377730836,1.8889105139504816,1.8880550343964977,1.8889105139504816
2026-08-28 09:00:00+00:00,1.8886139646089046,1.8886139646089046,1.8871566134478301,1.8872074926352065
2026-08-28 10:00:00+00:00,1.8870438818330881,1.8879272020005557,1.8869688424620426,1.8877098929181537
2026-08-28 11:00:00+00:00,1.8876866449058964,1.8885892231552024,1.8876633930183777,1.8885892231552024
2026-08-28 12:00:00+00:00,1.8885012093747393,1.8886309292109216,1.8863399663949563,1.8863399663949563
2026-08-28 13:00:00+00:00,1.886393934344276,1.8872139711296665,1.8856797700542927,1.8870039213505019
2026-08-28 14:00:00+00:00,1.8867408302431845,1.8896249391134925,1.8866929988039276,1.8891966759002772
2026-08-28 15:00:00+00:00,1.8892739342824934,1.8920016750418758,1.889153505473385,1.8918760469011724
2026-08-28 16:00:00+00:00,1.8918096408080074,1.8918096408080074,1.890437356867564,1.890524404720341
2026-08-28 17:00:00+00:00,1.8906040455967812,1.8906383157071207,1.8899179972898594,1.8902704817257183
2026-08-28 18:00:00+00:00,1.8903357411314323,1.8906682317431038,1.8900406532459733,1.8900778074231357
2026-08-28 19:00:00+00:00,1.890122784226627,1.890239132864007,1.8897930129663487,1.8900445350346928
2026-08-28 20:00:00+00:00,1.8901190958211749,1.8904700723403067,1.8894396581817166,1.8901677585171317
2026-08-30 21:00:00+00:00,1.8906140816725832,1.89091112415779,1.8895050777375781,1.8900096396987944
2026-08-30 22:00:00+00:00,1.890379187973286,1.8905246103134252,1.8896414008825337,1.8903816879181041
2026-08-30 23:00:00+00:00,1.8903350137552541,1.8912572809431354,1.8901223190348526,1.8912572809431354
2026-08-31 00:00:00+00:00,1.8911592178770953,1.8917169853516718,1.8907131289439882,1.8909022377954297
2026-08-31 01:00:00+00:00,1.891194748970044,1.8913532311903798,1.8896593096905607,1.8898858530322904
2026-08-31 02:00:00+00:00,1.8899773926149208,1.890724038756876,1.8897152185742794,1.8900796807189406
2026-08-31 03:00:00+00:00,1.8901200111638292,1.8901200111638292,1.8892313700330547,1.8897462013924742
2026-08-31 04:00:00+00:00,1.8898593593034936,1.8903761602344895,1.8898050869923122,1.8901618755233045
2026-08-31 05:00:00+00:00,1.8902457746577157,1.8907859835264558,1.8900471684947948,1.8903866817376258
2026-08-31 06:00:00+00:00,1.8902689199938596,1.89139209743425,1.8902689199938596,1.8911556076854334
2026-08-31 07:00:00+00:00,1.8911076355918004,1.8921308452986199,1.890578313925889,1.8918216859393329
2026-08-31 08:00:00+00:00,1.8919420824082993,1.892564754533516,1.8915245239791572,1.891617770326907
2026-08-31 09:00:00+00:00,1.8917325584644182,1.8919810002794075,1.891183822810619,1.891183822810619
2026-08-31 10:00:00+00:00,1.891079707311624,1.8920387861174761,1.891079707311624,1.8920236997289062
2026-08-31 11:00:00+00:00,1.8917872911194322,1.8920297347902637,1.8905905346921683,1.8907727329860482
2026-08-31 12:00:00+00:00,1.8904325728168896,1.8918839607612976,1.8902539474235294,1.891102109233133
2026-08-31 13:00:00+00:00,1.891359921771321,1.891393299537755,1.8907532525545816,1.8909367625909328
2026-08-31 14:00:00+00:00,1.8908146306718994,1.892321000055807,1.8896393881880094,1.891844738788784
2026-08-31 15:00:00+00:00,1.8918986811806573,1.8926636505808758,1.8907573579692143,1.890822563988054
2026-08-31 16:00:00+00:00,1.8910273408605602,1.8910273408605602,1.8902964771538193,1.8902964771538193
2026-08-31 17:00:00+00:00,1.8903740704050456,1.8912788587699956,1.8902609180968326,1.8909496894843345
2026-08-31 18:00:00+00:00,1.8909217779638545,1.8913037409268563,1.8909093446466454,1.8913037409268563
2026-08-31 19:00:00+00:00,1.8914047994639342,1.8914047994639342,1.890577253129055,1.890844136814636
2026-08-31 20:00:00+00:00,1.8908129377947702,1.8909578180396973,1.8904780509586137,1.890498318471693
2026-08-31 21:00:00+00:00,1.8910345020176211,1.8911917821602535,1.8900905678281863,1.8910491716331461
2026-08-31 22:00:00+00:00,1.8910425475502715,1.8910692104785698,1.8903790331584238,1.89048762106791
2026-08-31 23:00:00+00:00,1.8904287389047063,1.8904287389047063,1.8894234792067608,1.889425021267101
2026-09-01 00:00:00+00:00,1.889226692699254,1.8901843742155031,1.8880161548638676,1.88999832654655
2026-09-01 01:00:00+00:00,1.8902092050209207,1.8904638995465641,1.8884057365054148,1.888586804974625
2026-09-01 02:00:00+00:00,1.8887432547373704,1.889029936110259,1.8879440138292534,1.8883916746825031
2026-09-01 03:00:00+00:00,1.8886440961570639,1.889549323287289,1.888634778970855,1.8894051655573694
2026-09-01 04:00:00+00:00,1.8895261219022104,1.8896904914738633,1.8887153019946994,1.8894190524024779
2026-09-01 05:00:00+00:00,1.8891849289271416,1.8896776803023754,1.8890484889899173,1.8896747014842095
2026-09-01 06:00:00+00:00,1.8893879372872846,1.8903017782864802,1.8886858003934646,1.8899853444064483
2026-09-01 07:00:00+00:00,1.8903809377573668,1.8920199605820438,1.889998184788528,1.8920105110142011
2026-09-01 08:00:00+00:00,1.8919455394335878,1.895527402533772,1.8914532543055245,1.895517791651502
2026-09-01 09:00:00+00:00,1.8957787889394473,1.8971004342344868,1.8951618546457112,1.895492090158197
2026-09-01 10:00:00+00:00,1.8952061025964029,1.8956711653693228,1.894429752759938,1.8947604182706443
2026-09-01 11:00:00+00:00,1.8946432571684588,1.8949585712686148,1.893938545922651,1.8945092166221116
2026-09-01 12:00:00+00:00,1.8945504430477205,1.8950508360641962,1.891380322643778,1.891380322643778
2026-09-01 13:00:00+00:00,1.8914289709172258,1.8938194230715424,1.8913839872479656,1.8931616763118901
2026-09-01 14:00:00+00:00,1.8934477793465954,1.8934477793465954,1.891898688199383,1.8922730703642616
2026-09-01 15:00:00+00:00,1.8921339835944162,1.8921339835944162,1.8892721965390578,1.889599776489488
2026-09-01 16:00:00+00:00,1.8896199136738883,1.8913596822466505,1.8896184635158355,1.8900869905736903
2026-09-01 17:00:00+00:00,1.8901413966238232,1.8910141601835786,1.8901413966238232,1.8908727104817609
2026-09-01 18:00:00+00:00,1.8909006954258607,1.8912118667786175,1.8905965678452454,1.890769941096638
2026-09-01 19:00:00+00:00,1.8910345213607043,1.891573686494659,1.8908668514009013,1.891573686494659
2026-09-01 20:00:00+00:00,1.891519538524005,1.8918377916824145,1.8913856104834306,1.8918377916824145
2026-09-01 21:00:00+00:00,1.891017025089606,1.8917034236504937,1.8906400907016783,1.8909014557670771
2026-09-01 22:00:00+00:00,1.8916861417036344,1.891691041663751,1.8909721833547881,1.8909892262487757
2026-09-01 23:00:00+00:00,1.8908803447503917,1.8915011825293533,1.8908398975837029,1.8911732187591843
2026-09-02 00:00:00+00:00,1.89109077168528,1.8918529098750911,1.8907996921569998,1.8914562590149702
2026-09-02 01:00:00+00:00,1.8914124088102273,1.8917120726121608,1.8886961873059387,1.8893132440788463
2026-09-02 02:00:00+00:00,1.889896699420509,1.8916700516857397,1.889380221379494,1.8910995057614495
2026-09-02 03:00:00+00:00,1.890940654356074,1.8914368162270443,1.8903398275669019,1.890988026048596
2026-09-02 04:00:00+00:00,1.8909210581595641,1.8924560837807904,1.8909210581595641,1.8922412584471302
2026-09-02 05:00:00+00:00,1.8920370110752842,1.8924725151447164,1.8903745187259366,1.890525460985957
2026-09-02 06:00:00+00:00,1.8903902432194017,1.8907331148275763,1.8894655847789592,1.890118510632337
2026-09-02 07:00:00+00:00,1.890152523144582,1.8913232164856089,1.889673235570122,1.8912623533693553
2026-09-02 08:00:00+00:00,1.89105973240777,1.8951164748807185,1.8909864397766554,1.8942236190422743
2026-09-02 09:00:00+00:00,1.894262743612409,1.8953907928173308,1.8932126061627008,1.8932126061627008
2026-09-02 10:00:00+00:00,1.8932747511896573,1.8932747511896573,1.8904887418332728,1.8904887418332728
2026-09-02 11:00:00+00:00,1.890499691548427,1.8907163588945444,1.8873306460642705,1.8873306460642705
2026-09-02 12:00:00+00:00,1.887343065489104,1.887439464770596,1.8851055495712268,1.885128707330722
2026-09-02 13:00:00+00:00,1.8849381749006882,1.885642761244126,1.8834177021015492,1.8839718922536388
2026-09-02 14:00:00+00:00,1.884004015728269,1.8847710776102735,1.8832766218553023,1.883650868922425
2026-09-02 15:00:00+00:00,1.8837708897134728,1.8837708897134728,1.8824579260725889,1.8833819241982506
2026-09-02 16:00:00+00:00,1.8832759173768114,1.8835330719756687,1.8825613839285715,1.8825613839285715
2026-09-02 17:00:00+00:00,1.8824858757062148,1.882708298454155,1.8812436360593083,1.881374846557304
2026-09-02 18:00:00+00:00,1.881547926286567,1.8817054285196086,1.8811738942435108,1.8815519622752068
2026-09-02 19:00:00+00:00,1.8815084547128746,1.8815273650581061,1.8808407956035371,1.8810928413037113
2026-09-02 20:00:00+00:00,1.8811502845029564,1.8813143287495468,1.8805857740585774,1.8812696198116499
2026-09-02 21:00:00+00:00,1.8812527914247432,1.8827300150829562,1.8806975933031043,1.8806975933031043
2026-09-02 22:00:00+00:00,1.8808686919407482,1.8813540402137663,1.8804552491736057,1.8811317595847983
2026-09-02 23:00:00+00:00,1.881065319902899,1.882175563993746,1.881065319902899,1.8820827807635931
2026-09-03 00:00:00+00:00,1.882195261563377,1.8825434042315639,1.881478897802581,1.8822987607457855
2026-09-03 01:00:00+00:00,1.8823931671644292,1.882468701586903,1.881383602165541,1.881459772521108
2026-09-03 02:00:00+00:00,1.8814401339659503,1.8834757596067917,1.8814401339659503,1.8834757596067917
2026-09-03 03:00:00+00:00,1.8835085661626105,1.8838475499092557,1.882097775298138,1.8821183001157618
2026-09-03 04:00:00+00:00,1.882279098960876,1.8825236487429193,1.8818279434938432,1.8824899900947278
2026-09-03 05:00:00+00:00,1.8824546963715245,1.8849420310099174,1.8824546963715245,1.8834196529532479
2026-09-03 06:00:00+00:00,1.8835660430047474,1.8837391219321402,1.8824769028944652,1.8831197833793931
2026-09-03 07:00:00+00:00,1.8829972790064886,1.883128295254833,1.8814514217183338,1.8819372822299651
2026-09-03 08:00:00+00:00,1.8819995260465312,1.8819995260465312,1.8787773339086618,1.879854622422124
2026-09-03 09:00:00+00:00,1.8796130020185144,1.8796502561817776,1.8776978417266186,1.8787929402594512
2026-09-03 10:00:00+00:00,1.8788051723897945,1.8791043529116886,1.8767559598319843,1.876776723874162
2026-09-03 11:00:00+00:00,1.876726620206151,1.8771878565266995,1.8755090977328643,1.876320912124583
2026-09-03 12:00:00+00:00,1.8762705972328446,1.877083564840538,1.8755450026382292,1.8763168487237498
2026-09-03 13:00:00+00:00,1.87636550393515,1.8793482190028639,1.8758120939530234,1.8793482190028639
2026-09-03 14:00:00+00:00,1.8788574130474085,1.8800000000000001,1.8781413849213526,1.8795483933760655
2026-09-03 15:00:00+00:00,1.8792255087290115,1.8815090772609748,1.8792255087290115,1.8800100026395856
2026-09-03 16:00:00+00:00,1.8800238951945651,1.8804497189256715,1.879735242694197,1.8798195697432336
2026-09-03 17:00:00+00:00,1.8796125397243926,1.8800294236027257,1.8790397557760357,1.8792265837543722
2026-09-03 18:00:00+00:00,1.8791672449687715,1.8791885779300967,1.8786894800382998,1.8788631538045215
2026-09-03 19:00:00+00:00,1.8788459136516922,1.8791782343142698,1.877837162490456,1.87785136129507
2026-09-03 20:00:00+00:00,1.8779383790838784,1.8784996111543162,1.8779383790838784,1.8784810478214369
2026-09-03 21:00:00+00:00,1.8781395865747943,1.8795763489283628,1.8781395865747943,1.879472352728587
2026-09-03 22:00:00+00:00,1.8784806610652038,1.8786098262282784,1.8781368478064633,1.8784726080675629
2026-09-03 23:00:00+00:00,1.8784393794185867,1.8789705412575175,1.8782370829109793,1.8789705412575175
2026-09-04 00:00:00+00:00,1.8789722222222223,1.8790260975846886,1.8777181077668152,1.8777965913506909
2026-09-04 01:00:00+00:00,1.877879864542275,1.878340668341918,1.8759079567507624,1.8763534027421567
2026-09-04 02:00:00+00:00,1.876537219071915,1.8775354477094262,1.8764086996298917,1.8772214591917429
2026-09-04 03:00:00+00:00,1.8772630790360847,1.8777161093381434,1.8769960737524103,1.877035988789922
2026-09-04 04:00:00+00:00,1.8770394006659268,1.8770394006659268,1.8760571190905309,1.8768221473252056
2026-09-04 05:00:00+00:00,1.8769610631008031,1.8777262889172543,1.8767752135803837,1.8773995783399908
2026-09-04 06:00:00+00:00,1.877779781640609,1.8797890061077178,1.8776387694526895,1.879759574674829
2026-09-04 07:00:00+00:00,1.8798284453204157,1.8808631175539448,1.8795811518324606,1.8795811518324606
2026-09-04 08:00:00+00:00,1.8796556033884184,1.8805321409229145,1.8788669813940573,1.8794650297205713
2026-09-04 09:00:00+00:00,1.8793560842812895,1.8793560842812895,1.8782832141120913,1.8782987943774654
2026-09-04 10:00:00+00:00,1.8781839393350186,1.8793750000000002,1.8780934922089827,1.8793750000000002
2026-09-04 11:00:00+00:00,1.8794511416032442,1.8797928036773182,1.878571230252381,1.878571230252381
2026-09-04 12:00:00+00:00,1.8787201554691835,1.8792796055380672,1.8764419735927729,1.8772485889843467
2026-09-04 13:00:00+00:00,1.8772110357103124,1.878184525051829,1.8752323871361583,1.876102629641463
2026-09-04 14:00:00+00:00,1.8762797805098286,1.8769748085981464,1.8759767386989772,1.8762165239000959
2026-09-04 15:00:00+00:00,1.876068969346957,1.87632057529188,1.8752670273269525,1.8757474437769668
2026-09-04 16:00:00+00:00,1.875501061070502,1.8756432841824915,1.8749428028674828,1.8750953497080567
2026-09-04 17:00:00+00:00,1.8750901625700493,1.8760151597184624,1.874843936409289,1.8760151597184624
2026-09-04 18:00:00+00:00,1.8759421979760964,1.876237417563346,1.87589710843039,1.8759786773280027
2026-09-04 19:00:00+00:00,1.8759265942974541,1.876103369788486,1.875768296912938,1.8757735534896627
2026-09-04 20:00:00+00:00,1.8758135468561359,1.876230407197101,1.8755117050358714,1.8761855827581895
2026-09-06 22:00:00+00:00,1.8762389982508259,1.8762389982508259,1.8756401182397267,1.8758900192924262
2026-09-06 23:00:00+00:00,1.8757146822092698,1.8758880994671403,1.87545782463929,1.8756903777302878
2026-09-07 00:00:00+00:00,1.8757372635552407,1.8764016875763296,1.8751508091691975,1.875823794658342
2026-09-07 01:00:00+00:00,1.875631278095344,1.8761018949121957,1.8753087447617465,1.8760187152040209
2026-09-07 02:00:00+00:00,1.8760361561211314,1.8764742654719735,1.875843585969395,1.876210187101524
2026-09-07 03:00:00+00:00,1.8759861111111114,1.8766200391726513,1.8753019575177012,1.8753955915829217
2026-09-07 04:00:00+00:00,1.8754337747425114,1.8759857825169388,1.8752636838014878,1.8753122744684396
2026-09-07 05:00:00+00:00,1.875388629802354,1.8755413659078288,1.874757227678819,1.8751352401031987
2026-09-07 06:00:00+00:00,1.8752237066633373,1.8755668344635352,1.874473450836936,1.8749168330006656
2026-09-07 07:00:00+00:00,1.874764360168552,1.8749289605367119,1.8734797905643128,1.8736984935755427
2026-09-07 08:00:00+00:00,1.8738282169512177,1.8755333887503465,1.8736984935755427,1.8750588756822653
2026-09-07 09:00:00+00:00,1.8749740250744615,1.8756856335531058,1.8747333425682227,1.8755057362966248
2026-09-07 10:00:00+00:00,1.8756183060147147,1.8756183060147147,1.8750346317947582,1.8755281568192839
2026-09-07 11:00:00+00:00,1.875548967179729,1.8761920603237972,1.875417376726658,1.8758473460221525
2026-09-07 12:00:00+00:00,1.875699950102567,1.8763323861667474,1.8753099932113217,1.8761693576328735
2026-09-07 13:00:00+00:00,1.8761139214191669,1.876275085929704,1.8749221032806638,1.8749221032806638
2026-09-07 14:00:00+00:00,1.8747075031499658,1.8763020833333335,1.874643401190971,1.8763020833333335
2026-09-07 15:00:00+00:00,1.8761340184767101,1.8762798043752336,1.87578431236755,1.875942141432055
2026-09-07 16:00:00+00:00,1.8759404225839973,1.8764197462463297,1.875806943174577,1.876246537396122
2026-09-07 17:00:00+00:00,1.8761080332409972,1.8761862540003602,1.8759957330673427,1.8760927088095536
2026-09-07 18:00:00+00:00,1.8760181747658893,1.8762573780031593,1.8759420370165134,1.8761274054780477
2026-09-07 19:00:00+00:00,1.8761135510328488,1.8763059442981849,1.8759456838021338,1.8759941253082828
2026-09-07 20:00:00+00:00,1.8759802699032893,1.8760806916426513,1.875715136655169,1.8760235538621406
2026-09-07 21:00:00+00:00,1.8753170434228215,1.8753170434228215,1.8753170434228215,1.8753170434228215
2026-09-07 22:00:00+00:00,1.8757774299447314,1.876151555032209,1.8755367184686558,1.8760701521070569
2026-09-07 23:00:00+00:00,1.8761532707173136,1.876451031998892,1.8755625095193917,1.8759485958012518
2026-09-08 00:00:00+00:00,1.8758983590666762,1.8769192395100052,1.875896541220127,1.8764600739909383
2026-09-08 01:00:00+00:00,1.8763872147637057,1.8775866609377816,1.8763872147637057,1.8775326367138778
2026-09-08 02:00:00+00:00,1.8774856921136873,1.8784670671976247,1.877165507109793,1.8773007836881892
2026-09-08 03:00:00+00:00,1.8777296817336773,1.8779442363712027,1.8761589312194245,1.8762872309462102
2026-09-08 04:00:00+00:00,1.8763738167505164,1.8768804159445407,1.8758729630861324,1.8761882326857522
2026-09-08 05:00:00+00:00,1.8760963848743923,1.876824754273356,1.8759472976904636,1.8764547772112614
2026-09-08 06:00:00+00:00,1.8767354856588612,1.8774949719120606,1.8765093608064694,1.8772032006212642
2026-09-08 07:00:00+00:00,1.8768720878633238,1.8772148739705516,1.8759324477967887,1.8761299983361988
2026-09-08 08:00:00+00:00,1.8762876592676807,1.8769819801073702,1.8758773755028437,1.8760264092321353
2026-09-08 09:00:00+00:00,1.8760090992315588,1.8772640841649433,1.875644866034282,1.8757850082486516
2026-09-08 10:00:00+00:00,1.8755372542495077,1.8762359075340094,1.8753726066521552,1.8756950125483562
2026-09-08 11:00:00+00:00,1.8755649835010952,1.877730952645004,1.8749532114288883,1.8775679946768693
2026-09-08 12:00:00+00:00,1.8775872346914726,1.8780190222665891,1.8763428951157384,1.8763635860235894
2026-09-08 13:00:00+00:00,1.8763428951157384,1.8767218107565586,1.875456608368386,1.8757318642988636
2026-09-08 14:00:00+00:00,1.8755570317473498,1.8765994571539355,1.8745280278826606,1.8762875179975635
2026-09-08 15:00:00+00:00,1.875979618398826,1.8762890879140655,1.8754396654388346,1.8761309631025453
2026-09-08 16:00:00+00:00,1.8761518103340773,1.8765002633256644,1.8750432963409396,1.8753013216591394
2026-09-08 17:00:00+00:00,1.8752926183979057,1.8752926183979057,1.874768037667913,1.8750363467689455
2026-09-08 18:00:00+00:00,1.8750086539926059,1.875714819789258,1.8747110046654576,1.875714819789258
2026-09-08 19:00:00+00:00,1.8757062146892653,1.876368524626514,1.8755209126528127,1.8760808114399736
2026-09-08 20:00:00+00:00,1.8760825285094709,1.8764325208209194,1.8757395629823614,1.8763806699280736
2026-09-08 21:00:00+00:00,1.8759945662720747,1.8759945662720747,1.8759945662720747,1.8759945662720747
2026-09-08 22:00:00+00:00,1.8754259592741376,1.8760789747142363,1.8754259592741376,1.8757930900728674
2026-09-08 23:00:00+00:00,1.8758640752490061,1.8760892755711338,1.8752700681402692,1.875595501883448
2026-09-09 00:00:00+00:00,1.8755157993851947,1.8755157993851947,1.8745242938791324,1.8748979394140683
2026-09-09 01:00:00+00:00,1.8752526231278204,1.8758812693048188,1.8747560587396714,1.8753720701637802
2026-09-09 02:00:00+00:00,1.8755209703548827,1.8756076280693008,1.874778491527301,1.8752093686410765
2026-09-09 03:00:00+00:00,1.8751280418593064,1.8756422151749732,1.87474395172452,1.875233625451676
2026-09-09 04:00:00+00:00,1.8751782475668342,1.8755174657676492,1.8741891312466283,1.8741891312466283
2026-09-09 05:00:00+00:00,1.8741251970899837,1.874623066921183,1.8738712576920418,1.87432918395574
2026-09-09 06:00:00+00:00,1.8743897210350886,1.875342352062412,1.8734159722510124,1.8749550595978874
2026-09-09 07:00:00+00:00,1.8748548199767712,1.8749516280612528,1.8740775545175643,1.8748496287385406
2026-09-09 08:00:00+00:00,1.8748340524394294,1.875328737923207,1.8744551605806086,1.8747594722925927
2026-09-09 09:00:00+00:00,1.8747577385237277,1.8764284625933263,1.8747577385237277,1.8754659977548958
2026-09-09 10:00:00+00:00,1.8755941739769122,1.8770292939235558,1.8754937698374199,1.8763428191231304
2026-09-09 11:00:00+00:00,1.8762110690673213,1.878717362698248,1.8760566503145697,1.8778265505351925
2026-09-09 12:00:00+00:00,1.8779143822340365,1.8781190284970506,1.87576315534451,1.875970816662744
2026-09-09 13:00:00+00:00,1.8759153389349539,1.8762923696557834,1.8741772221914927,1.8760602748066253
2026-09-09 14:00:00+00:00,1.875465121104395,1.8766973492975292,1.875465121104395,1.8756171430942206
2026-09-09 15:00:00+00:00,1.8756326225835893,1.8774486018881786,1.8756326225835893,1.8769518531347418
2026-09-09 16:00:00+00:00,1.8770850651149904,1.8776353177628387,1.8766567412229072,1.876954612816997
2026-09-09 17:00:00+00:00,1.8769857208149248,1.8779065741548604,1.8769561002631217,1.8773625399814458
2026-09-09 18:00:00+00:00,1.8772464209564423,1.8773831775700935,1.8767855905784552,1.8768618974380291
2026-09-09 19:00:00+00:00,1.8768305692949279,1.8770232815964523,1.8766282356853834,1.8770074965011707
2026-09-09 20:00:00+00:00,1.8769868215013235,1.877165507109793,1.8767819786370377,1.8769936397522413
2026-09-09 21:00:00+00:00,1.8774808737110547,1.877883442386603,1.877280035482619,1.8778053480087056
2026-09-09 22:00:00+00:00,1.877178883192462,1.8775979604278668,1.8769514205371862,1.8775388622571976
2026-09-09 23:00:00+00:00,1.8775422554724301,1.8775422554724301,1.8761681919503788,1.876256681529897
2026-09-10 00:00:00+00:00,1.8762758104945367,1.877628533011741,1.875834279542496,1.877628533011741
2026-09-10 01:00:00+00:00,1.8777549832275235,1.8794689307861991,1.8775688372157477,1.878238341968912
2026-09-10 02:00:00+00:00,1.8782521958382976,1.8785006582138155,1.8775529985183954,1.8775529985183954
2026-09-10 03:00:00+00:00,1.8775668452900207,1.8782596646806151,1.8770926513147874,1.8778656619246166
2026-09-10 04:00:00+00:00,1.877753151406012,1.8778173355313283,1.877109901826389,1.8775264244254504
2026-09-10 05:00:00+00:00,1.8775105964484584,1.8780224195984425,1.8772471676684857,1.8777613118568481
2026-09-10 06:00:00+00:00,1.8784066505022514,1.8794243646799484,1.878224488099526,1.8789256312886329
2026-09-10 07:00:00+00:00,1.8788496188496189,1.8790735067851352,1.8783229383229383,1.8785707355611305
2026-09-10 08:00:00+00:00,1.8784564846771177,1.879728230726567,1.8780863127833307,1.879728230726567
2026-09-10 09:00:00+00:00,1.8796173044925126,1.8797248953104633,1.8786126366006544,1.878952185489239
2026-09-10 10:00:00+00:00,1.879258211273857,1.8805522375621546,1.879258211273857,1.880484451172933
2026-09-10 11:00:00+00:00,1.8806106997485519,1.8813377833402867,1.8800500138927478,1.8813377833402867
2026-09-10 12:00:00+00:00,1.8813198731853829,1.8857609423849933,1.8813198731853829,1.8857609423849933
2026-09-10 13:00:00+00:00,1.885764940739603,1.8874972073279714,1.8846357800725648,1.8864787906704072
2026-09-10 14:00:00+00:00,1.8867297651952983,1.8873730610422943,1.885723052034085,1.8873730610422943
2026-09-10 15:00:00+00:00,1.887828428704983,1.8879538920985794,1.8863493745729385,1.887233775471777
2026-09-10 16:00:00+00:00,1.887264815408862,1.8880190890823842,1.886799296855381,1.8870686407211532
2026-09-10 17:00:00+00:00,1.8869369872188426,1.8879630405047036,1.8869077515486357,1.8871953772715855
2026-09-10 18:00:00+00:00,1.88702023726448,1.8876982186517641,1.8868938748725967,1.8872936510153349
2026-09-10 19:00:00+00:00,1.887450060067611,1.8880348807959977,1.8870900150863275,1.8871055609101957
2026-09-10 20:00:00+00:00,1.8871427374067553,1.8880643944157969,1.8869859186410372,1.8878114214652004
2026-09-10 21:00:00+00:00,1.8869277209458326,1.8869680665222555,1.886912165467123,1.886912165467123
2026-09-10 22:00:00+00:00,1.887549078511646,1.8879200726612169,1.887028295299014,1.8871073618346625
2026-09-10 23:00:00+00:00,1.887138447787042,1.8878640505338478,1.8864715410825001,1.8877415568627998
2026-09-11 00:00:00+00:00,1.887523048555624,1.8877495424763555,1.8859814388388807,1.886257379314195
2026-09-11 01:00:00+00:00,1.8863934563524192,1.8873164666601474,1.8860081213457431,1.8865969302962164
2026-09-11 02:00:00+00:00,1.8866836136096987,1.8874150895927098,1.8866169446073915,1.8872971726460845
2026-09-11 03:00:00+00:00,1.8874150895927098,1.887538971297552,1.8869910403533539,1.8870142577578974
2026-09-11 04:00:00+00:00,1.8868032649410185,1.887238531725516,1.8853907798843996,1.8856815674445235
2026-09-11 05:00:00+00:00,1.8856875506270774,1.885861900439852,1.883932679838811,1.884185715680395
2026-09-11 06:00:00+00:00,1.8851930881553074,1.8859329903375581,1.8844968698149775,1.8854330763547142
2026-09-11 07:00:00+00:00,1.884938113291704,1.885773667545438,1.8843435962479267,1.8846947597400787
2026-09-11 08:00:00+00:00,1.8845215354369136,1.8856098343728631,1.8843025932177382,1.8843916119040645
2026-09-11 09:00:00+00:00,1.8841990738157672,1.885216857553395,1.8836190662184216,1.88424414874327
2026-09-11 10:00:00+00:00,1.8843203436637008,1.8844137007698314,1.8830469708802855,1.88383317059562
2026-09-11 11:00:00+00:00,1.8837017923146662,1.8840543329707418,1.8821873126942754,1.8824808665467776
2026-09-11 12:00:00+00:00,1.8825792422848542,1.8851728137971517,1.8819697686718815,1.8821237213833415
2026-09-11 13:00:00+00:00,1.8824233483180473,1.8845076702289227,1.8823226560543234,1.8840975229396122
2026-09-11 14:00:00+00:00,1.8845907393993426,1.8863189593876784,1.8836529222542506,1.8861548327733553
2026-09-11 15:00:00+00:00,1.8862324699584576,1.886979086736331,1.884317332887328,1.8848631015446384
2026-09-11 16:00:00+00:00,1.8848571866679678,1.8848571866679678,1.884107852017,1.8846475457814198
2026-09-11 17:00:00+00:00,1.8846534446473122,1.88524270220537,1.884353836292188,1.8849273827112314
2026-09-11 18:00:00+00:00,1.8848979022928425,1.8858334146783615,1.8848979022928425,1.88552747145506
2026-09-11 19:00:00+00:00,1.8856449723941777,1.8858931284939566,1.8854120205173954,1.8858819920807541
2026-09-11 20:00:00+00:00,1.8859672359707216,1.8868424724431423,1.8859178296086658,1.8868424724431423
