datetime,open,high,low,close
2026-03-12 02:00:00+00:00,160.10300000000035,160.23500000000035,160.10200000000034,160.18600000000035
2026-03-12 03:00:00+00:00,160.18600000000035,160.19200000000035,160.10200000000034,160.15200000000036
2026-03-12 04:00:00+00:00,160.15200000000036,160.28000000000034,160.13400000000036,160.25000000000034
2026-03-12 05:00:00+00:00,160.25000000000034,160.25100000000035,160.09800000000035,160.24000000000035
2026-03-12 06:00:00+00:00,160.24000000000035,160.24000000000035,160.00900000000036,160.02900000000034
2026-03-12 07:00:00+00:00,160.02900000000034,160.12300000000036,159.91200000000035,159.92800000000034
2026-03-12 08:00:00+00:00,159.92800000000034,160.06800000000035,159.79700000000034,160.01100000000034
2026-03-12 09:00:00+00:00,160.01100000000034,160.06200000000035,159.83900000000034,159.87000000000037
2026-03-12 10:00:00+00:00,159.87000000000037,159.94900000000035,159.81500000000034,159.84400000000034
2026-03-12 11:00:00+00:00,159.84400000000034,159.87000000000037,159.69600000000034,159.81800000000035
2026-03-12 12:00:00+00:00,159.81800000000035,160.06100000000035,159.80700000000036,160.01900000000035
2026-03-12 13:00:00+00:00,160.01900000000035,160.19000000000034,159.93300000000033,160.12300000000036
2026-03-12 14:00:00+00:00,160.12300000000036,160.32500000000036,160.07400000000035,160.31000000000034
2026-03-12 15:00:00+00:00,160.31000000000034,160.41300000000035,160.23100000000034,160.33900000000034
2026-03-12 16:00:00+00:00,160.33900000000034,160.41400000000036,160.25900000000036,160.33600000000035
2026-03-12 17:00:00+00:00,160.33600000000035,160.47200000000035,160.24200000000036,160.44100000000034
2026-03-12 18:00:00+00:00,160.44100000000034,160.53900000000036,160.40600000000035,160.52900000000034
2026-03-12 19:00:00+00:00,160.52900000000034,160.55700000000036,160.43900000000033,160.49900000000034
2026-03-12 20:00:00+00:00,160.49900000000034,160.54300000000035,160.41700000000034,160.45000000000036
2026-03-12 21:00:00+00:00,160.45000000000036,160.49800000000036,160.37400000000036,160.41900000000035
2026-03-12 22:00:00+00:00,160.41900000000035,160.55000000000035,160.38200000000035,160.40200000000036
2026-03-12 23:00:00+00:00,160.40200000000036,160.49300000000036,160.31100000000035,160.37200000000036
2026-03-13 00:00:00+00:00,160.37200000000036,160.37200000000036,160.14100000000036,160.22400000000036
2026-03-13 01:00:00+00:00,160.22400000000036,160.41300000000035,160.16500000000036,160.40000000000035
2026-03-13 02:00:00+00:00,160.40000000000035,160.50200000000035,160.32400000000035,160.41100000000037
2026-03-13 03:00:00+00:00,160.41100000000037,160.54600000000036,160.38200000000035,160.48300000000037
2026-03-13 04:00:00+00:00,160.48300000000037,160.81300000000036,160.47400000000036,160.63600000000037
2026-03-13 05:00:00+00:00,160.63600000000037,160.63600000000037,160.44200000000035,160.55800000000036
2026-03-13 06:00:00+00:00,160.55800000000036,160.59200000000035,160.44500000000036,160.55800000000036
2026-03-13 07:00:00+00:00,160.55800000000036,160.67100000000036,160.47700000000037,160.56800000000035
2026-03-13 08:00:00+00:00,160.56800000000035,160.66000000000037,160.46000000000035,160.46300000000036
2026-03-13 09:00:00+00:00,160.46300000000036,160.62100000000035,160.38100000000037,160.60800000000037
2026-03-13 10:00:00+00:00,160.60800000000037,160.63100000000037,160.46100000000035,160.52900000000037
2026-03-13 11:00:00+00:00,160.52900000000037,160.57900000000035,160.41500000000036,160.41600000000037
2026-03-13 12:00:00+00:00,160.41600000000037,160.54200000000037,160.33500000000035,160.46100000000035
2026-03-13 13:00:00+00:00,160.46100000000035,160.49000000000035,160.13600000000037,160.22100000000037
2026-03-13 14:00:00+00:00,160.22100000000037,160.50700000000035,160.21900000000036,160.49800000000036
2026-03-13 15:00:00+00:00,160.49800000000036,160.72700000000037,160.49200000000036,160.67000000000036
2026-03-13 16:00:00+00:00,160.67000000000036,160.76500000000036,160.64100000000036,160.74300000000036
2026-03-13 17:00:00+00:00,160.74300000000036,160.81500000000037,160.67600000000036,160.70400000000035
2026-03-13 18:00:00+00:00,160.70400000000035,160.80600000000035,160.69400000000036,160.76400000000035
2026-03-13 19:00:00+00:00,160.76400000000035,160.82200000000037,160.72500000000036,160.80700000000036
2026-03-13 20:00:00+00:00,160.80700000000036,160.87400000000036,160.77600000000035,160.82600000000036
2026-03-15 21:00:00+00:00,160.82600000000036,160.83700000000036,160.77600000000038,160.82600000000036
2026-03-15 22:00:00+00:00,160.82600000000036,161.01900000000035,160.78600000000037,160.80900000000037
2026-03-15 23:00:00+00:00,160.80900000000037,160.90200000000038,160.78300000000036,160.83700000000036
2026-03-16 00:00:00+00:00,160.83700000000036,160.83700000000036,160.53200000000038,160.58000000000038
2026-03-16 01:00:00+00:00,160.58000000000038,160.78700000000038,160.56600000000037,160.70300000000037
2026-03-16 02:00:00+00:00,160.70300000000037,160.88500000000036,160.68900000000036,160.87000000000037
2026-03-16 03:00:00+00:00,160.87000000000037,160.92200000000037,160.75400000000036,160.77900000000037
2026-03-16 04:00:00+00:00,160.77900000000037,160.90100000000038,160.77200000000036,160.84100000000038
2026-03-16 05:00:00+00:00,160.84100000000038,160.86600000000038,160.60100000000037,160.62300000000036
2026-03-16 06:00:00+00:00,160.62300000000036,160.68900000000036,160.55400000000037,160.57100000000037
2026-03-16 07:00:00+00:00,160.57100000000037,160.66100000000037,160.45500000000038,160.56500000000037
2026-03-16 08:00:00+00:00,160.56500000000037,160.65300000000036,160.50600000000037,160.62900000000036
2026-03-16 09:00:00+00:00,160.62900000000036,160.66500000000036,160.52800000000036,160.60400000000038
2026-03-16 10:00:00+00:00,160.60400000000038,160.62600000000035,160.48200000000037,160.50400000000036
2026-03-16 11:00:00+00:00,160.50400000000036,160.54200000000037,160.38200000000035,160.40600000000038
2026-03-16 12:00:00+00:00,160.40600000000038,160.42100000000036,160.24100000000038,160.41400000000036
2026-03-16 13:00:00+00:00,160.41400000000036,160.45400000000038,160.18300000000036,160.21600000000038
2026-03-16 14:00:00+00:00,160.21600000000038,160.47100000000037,160.12900000000036,160.42300000000037
2026-03-16 15:00:00+00:00,160.42300000000037,160.60700000000037,160.33200000000036,160.57300000000038
2026-03-16 16:00:00+00:00,160.57300000000038,160.64000000000038,160.47400000000036,160.54500000000036
2026-03-16 17:00:00+00:00,160.54500000000036,160.58100000000036,160.41500000000036,160.54900000000038
2026-03-16 18:00:00+00:00,160.54900000000038,160.54900000000038,160.19000000000037,160.24400000000037
2026-03-16 19:00:00+00:00,160.24400000000037,160.46200000000036,160.21000000000038,160.43600000000038
2026-03-16 20:00:00+00:00,160.43600000000038,160.43700000000038,160.31000000000037,160.33600000000038
2026-03-16 21:00:00+00:00,160.33600000000038,160.42400000000035,160.27700000000038,160.36600000000033
2026-03-16 22:00:00+00:00,160.36600000000033,160.48000000000033,160.34600000000032,160.4510000000003
2026-03-16 23:00:00+00:00,160.4510000000003,160.5530000000003,160.41400000000033,160.4690000000003
2026-03-17 00:00:00+00:00,160.4690000000003,160.68000000000032,160.45400000000032,160.6480000000003
2026-03-17 01:00:00+00:00,160.6480000000003,160.7860000000003,160.63200000000032,160.7130000000003
2026-03-17 02:00:00+00:00,160.7130000000003,160.76600000000033,160.65000000000032,160.69900000000032
2026-03-17 03:00:00+00:00,160.69900000000032,160.74100000000033,160.61100000000033,160.6840000000003
2026-03-17 04:00:00+00:00,160.6840000000003,160.72800000000032,160.55000000000032,160.56600000000032
2026-03-17 05:00:00+00:00,160.56600000000032,160.78200000000032,160.54300000000032,160.77700000000033
2026-03-17 06:00:00+00:00,160.77700000000033,160.83100000000033,160.6780000000003,160.6840000000003
2026-03-17 07:00:00+00:00,160.6840000000003,160.73400000000032,160.50400000000033,160.56800000000032
2026-03-17 08:00:00+00:00,160.56800000000032,160.5710000000003,160.3920000000003,160.43900000000033
2026-03-17 09:00:00+00:00,160.43900000000033,160.52800000000033,160.40000000000032,160.4640000000003
2026-03-17 10:00:00+00:00,160.4640000000003,160.55000000000032,160.38200000000032,160.45500000000033
2026-03-17 11:00:00+00:00,160.45500000000033,160.4750000000003,160.30200000000033,160.43600000000032
2026-03-17 12:00:00+00:00,160.43600000000032,160.48900000000032,160.29800000000031,160.36700000000033
2026-03-17 13:00:00+00:00,160.36700000000033,160.3690000000003,160.06300000000033,160.21800000000033
2026-03-17 14:00:00+00:00,160.21800000000033,160.35500000000033,160.15700000000032,160.27600000000032
2026-03-17 15:00:00+00:00,160.27600000000032,160.45600000000033,160.20900000000032,160.37400000000034
2026-03-17 16:00:00+00:00,160.37400000000034,160.4570000000003,160.22100000000032,160.28400000000033
2026-03-17 17:00:00+00:00,160.28400000000033,160.35500000000033,160.26500000000033,160.31100000000032
2026-03-17 18:00:00+00:00,160.31100000000032,160.39100000000033,160.2320000000003,160.38900000000032
2026-03-17 19:00:00+00:00,160.38900000000032,160.40400000000034,160.3200000000003,160.38500000000033
2026-03-17 20:00:00+00:00,160.38500000000033,160.3990000000003,160.32300000000032,160.32500000000033
2026-03-17 21:00:00+00:00,160.32500000000033,160.35800000000037,160.21200000000033,160.35800000000037
2026-03-17 22:00:00+00:00,160.35800000000037,160.37300000000033,160.28600000000034,160.34200000000033
2026-03-17 23:00:00+00:00,160.34200000000033,160.35600000000034,160.25900000000033,160.29600000000033
2026-03-18 00:00:00+00:00,160.29600000000033,160.53400000000033,160.18200000000033,160.45900000000034
2026-03-18 01:00:00+00:00,160.45900000000034,160.48100000000034,160.36500000000035,160.40600000000035
2026-03-18 02:00:00+00:00,160.40600000000035,160.43100000000035,160.27200000000033,160.30600000000035
2026-03-18 03:00:00+00:00,160.30600000000035,160.38000000000034,160.30000000000035,160.32800000000034
2026-03-18 04:00:00+00:00,160.32800000000034,160.32900000000035,160.14800000000034,160.20600000000036
2026-03-18 05:00:00+00:00,160.20600000000036,160.21000000000035,160.04800000000034,160.09300000000036
2026-03-18 06:00:00+00:00,160.09300000000036,160.17400000000035,159.9630000000003,160.13900000000035
2026-03-18 07:00:00+00:00,160.13900000000035,160.27000000000035,160.0760000000003,160.15300000000033
2026-03-18 08:00:00+00:00,160.15300000000033,160.38200000000035,160.15300000000033,160.34500000000034
2026-03-18 09:00:00+00:00,160.34500000000034,160.44400000000036,160.28900000000036,160.30200000000033
2026-03-18 10:00:00+00:00,160.30200000000033,160.42200000000034,160.30200000000033,160.40700000000035
2026-03-18 11:00:00+00:00,160.40700000000035,160.50600000000034,160.29400000000035,160.37000000000037
2026-03-18 12:00:00+00:00,160.37000000000037,160.85700000000034,160.35300000000035,160.83900000000034
2026-03-18 13:00:00+00:00,160.83900000000034,160.98000000000036,160.83000000000035,160.89200000000034
2026-03-18 14:00:00+00:00,160.89200000000034,160.92800000000034,160.81500000000034,160.81500000000034
2026-03-18 15:00:00+00:00,160.81500000000034,160.89200000000034,160.76300000000035,160.87700000000035
2026-03-18 16:00:00+00:00,160.87700000000035,160.90800000000033,160.78900000000033,160.86200000000034
2026-03-18 17:00:00+00:00,160.86200000000034,160.93700000000032,160.76200000000034,160.76600000000033
2026-03-18 18:00:00+00:00,160.76600000000033,161.12700000000035,160.64500000000035,161.12600000000035
2026-03-18 19:00:00+00:00,161.12600000000035,161.23500000000033,161.08100000000033,161.22200000000035
2026-03-18 20:00:00+00:00,161.22200000000035,161.29500000000033,161.19700000000034,161.2010000000003
2026-03-18 21:00:00+00:00,161.2010000000003,161.24600000000035,161.08000000000033,161.08000000000033
2026-03-18 22:00:00+00:00,161.08000000000033,161.23900000000037,161.08000000000033,161.16700000000034
2026-03-18 23:00:00+00:00,161.16700000000034,161.23700000000034,161.15000000000035,161.2070000000003
2026-03-19 00:00:00+00:00,161.2070000000003,161.24300000000034,161.0760000000003,161.17100000000033
2026-03-19 01:00:00+00:00,161.17100000000033,161.21000000000035,160.97600000000034,161.05300000000034
2026-03-19 02:00:00+00:00,161.05300000000034,161.09900000000033,160.93700000000032,161.05100000000033
2026-03-19 03:00:00+00:00,161.05100000000033,161.10500000000033,161.00200000000035,161.02100000000033
2026-03-19 04:00:00+00:00,161.02100000000033,161.06700000000035,160.98300000000037,161.04600000000033
2026-03-19 05:00:00+00:00,161.04600000000033,161.14100000000033,161.03200000000032,161.10600000000034
2026-03-19 06:00:00+00:00,161.10600000000034,161.19900000000032,160.99500000000037,161.0760000000003
2026-03-19 07:00:00+00:00,161.0760000000003,161.09400000000034,160.59000000000034,160.62600000000035
2026-03-19 08:00:00+00:00,160.62600000000035,160.78100000000035,160.43200000000033,160.57900000000035
2026-03-19 09:00:00+00:00,160.57900000000035,160.67300000000034,160.46200000000033,160.54700000000034
2026-03-19 10:00:00+00:00,160.54700000000034,160.64000000000033,160.50400000000033,160.51600000000033
2026-03-19 11:00:00+00:00,160.51600000000033,160.55600000000032,160.43800000000033,160.45500000000033
2026-03-19 12:00:00+00:00,160.45500000000033,160.68800000000033,160.24500000000037,160.30100000000033
2026-03-19 13:00:00+00:00,160.30100000000033,160.33500000000035,159.51600000000033,159.60900000000035
2026-03-19 14:00:00+00:00,159.60900000000035,159.8200000000003,159.4570000000003,159.76300000000035
2026-03-19 15:00:00+00:00,159.76300000000035,159.9570000000003,159.53700000000035,159.58700000000033
2026-03-19 16:00:00+00:00,159.58700000000033,159.61700000000033,159.43600000000035,159.44000000000034
2026-03-19 17:00:00+00:00,159.44000000000034,159.49000000000035,159.19200000000035,159.20800000000034
2026-03-19 18:00:00+00:00,159.20800000000034,159.30800000000033,159.08300000000034,159.08700000000033
2026-03-19 19:00:00+00:00,159.08700000000033,159.09300000000033,158.90000000000035,159.04300000000035
2026-03-19 20:00:00+00:00,159.04300000000035,159.11500000000035,159.00100000000035,159.0820000000003
2026-03-19 21:00:00+00:00,159.0820000000003,159.1800000000003,158.9700000000003,159.1530000000003
2026-03-19 22:00:00+00:00,159.1530000000003,159.2840000000003,159.0890000000003,159.2640000000003
2026-03-19 23:00:00+00:00,159.2640000000003,159.37600000000032,159.1940000000003,159.3150000000003
2026-03-20 00:00:00+00:00,159.3150000000003,159.3710000000003,159.1920000000003,159.2460000000003
2026-03-20 01:00:00+00:00,159.2460000000003,159.5230000000003,159.1330000000003,159.4930000000003
2026-03-20 02:00:00+00:00,159.4930000000003,159.7350000000003,159.4930000000003,159.6950000000003
2026-03-20 03:00:00+00:00,159.6950000000003,159.7890000000003,159.66700000000031,159.7770000000003
2026-03-20 04:00:00+00:00,159.7770000000003,159.8010000000003,159.7300000000003,159.7640000000003
2026-03-20 05:00:00+00:00,159.7640000000003,159.8200000000003,159.7310000000003,159.8140000000003
2026-03-20 06:00:00+00:00,159.8140000000003,159.8190000000003,159.7230000000003,159.8030000000003
2026-03-20 07:00:00+00:00,159.8030000000003,159.8380000000003,159.6700000000003,159.6800000000003
2026-03-20 08:00:00+00:00,159.6800000000003,159.8780000000003,159.6450000000003,159.8740000000003
2026-03-20 09:00:00+00:00,159.8740000000003,160.25100000000032,159.8370000000003,160.2190000000003
2026-03-20 10:00:00+00:00,160.2190000000003,160.2860000000003,160.07200000000032,160.1030000000003
2026-03-20 11:00:00+00:00,160.1030000000003,160.11400000000032,159.9070000000003,159.9670000000003
2026-03-20 12:00:00+00:00,159.9670000000003,160.0990000000003,159.9070000000003,160.0860000000003
2026-03-20 13:00:00+00:00,160.0860000000003,160.4090000000003,160.06000000000031,160.4080000000003
2026-03-20 14:00:00+00:00,160.4080000000003,160.5670000000003,160.3930000000003,160.5150000000003
2026-03-20 15:00:00+00:00,160.5150000000003,160.6470000000003,160.3530000000003,160.6420000000003
2026-03-20 16:00:00+00:00,160.6420000000003,160.67300000000031,160.5350000000003,160.6560000000003
2026-03-20 17:00:00+00:00,160.6560000000003,160.7490000000003,160.5310000000003,160.6090000000003
2026-03-20 18:00:00+00:00,160.6090000000003,160.7730000000003,160.5750000000003,160.73900000000032
2026-03-20 19:00:00+00:00,160.73900000000032,160.7610000000003,160.6190000000003,160.6920000000003
2026-03-20 20:00:00+00:00,160.6920000000003,160.7200000000003,160.5760000000003,160.5880000000003
2026-03-22 21:00:00+00:00,160.5880000000003,160.73300000000032,160.46400000000034,160.61900000000034
2026-03-22 22:00:00+00:00,160.61900000000034,160.87100000000032,160.61900000000034,160.69300000000032
2026-03-22 23:00:00+00:00,160.69300000000032,160.70600000000033,160.50200000000032,160.54400000000032
2026-03-23 00:00:00+00:00,160.54400000000032,160.92100000000033,160.41000000000034,160.89900000000034
2026-03-23 01:00:00+00:00,160.89900000000034,160.92600000000033,160.73600000000033,160.87700000000032
2026-03-23 02:00:00+00:00,160.87700000000032,160.98500000000033,160.81500000000034,160.92200000000034
2026-03-23 03:00:00+00:00,160.92200000000034,161.01700000000034,160.72500000000034,160.85500000000033
2026-03-23 04:00:00+00:00,160.85500000000033,160.85800000000032,160.74300000000034,160.79900000000032
2026-03-23 05:00:00+00:00,160.79900000000032,160.98500000000033,160.75400000000033,160.96800000000033
2026-03-23 06:00:00+00:00,160.96800000000033,161.05500000000032,160.86700000000033,160.86900000000034
2026-03-23 07:00:00+00:00,160.86900000000034,161.02500000000032,160.78200000000032,160.98800000000034
2026-03-23 08:00:00+00:00,160.98800000000034,161.05200000000033,160.71000000000032,160.8380000000003
2026-03-23 09:00:00+00:00,160.8380000000003,161.00200000000032,160.79900000000032,160.94200000000032
2026-03-23 10:00:00+00:00,160.94200000000032,161.02800000000033,160.87700000000032,161.01900000000032
2026-03-23 11:00:00+00:00,161.01900000000032,161.03000000000034,159.64500000000032,160.32800000000032
2026-03-23 12:00:00+00:00,160.32800000000032,160.43800000000033,159.88900000000032,159.90600000000032
2026-03-23 13:00:00+00:00,159.90600000000032,160.12300000000033,159.81800000000032,159.85300000000032
2026-03-23 14:00:00+00:00,159.85300000000032,159.90200000000033,159.59700000000032,159.82900000000032
2026-03-23 15:00:00+00:00,159.82900000000032,160.16500000000033,159.61300000000034,160.09800000000033
2026-03-23 16:00:00+00:00,160.09800000000033,160.24400000000034,159.99100000000033,160.08400000000032
2026-03-23 17:00:00+00:00,160.08400000000032,160.13000000000034,159.80000000000032,159.84200000000033
2026-03-23 18:00:00+00:00,159.84200000000033,159.92400000000032,159.41500000000033,159.47200000000032
2026-03-23 19:00:00+00:00,159.47200000000032,159.81800000000032,159.4630000000003,159.81400000000033
2026-03-23 20:00:00+00:00,159.81400000000033,159.87400000000034,159.78500000000034,159.80800000000033
2026-03-23 21:00:00+00:00,159.80800000000033,159.8090000000003,159.65400000000034,159.76300000000032
2026-03-23 22:00:00+00:00,159.76300000000032,159.80000000000032,159.68900000000033,159.7260000000003
2026-03-23 23:00:00+00:00,159.7260000000003,159.90400000000034,159.66900000000032,159.87700000000032
2026-03-24 00:00:00+00:00,159.87700000000032,160.10400000000033,159.8320000000003,159.97500000000034
2026-03-24 01:00:00+00:00,159.97500000000034,160.04000000000033,159.84400000000034,159.98300000000032
2026-03-24 02:00:00+00:00,159.98300000000032,160.07400000000032,159.89600000000033,160.06400000000033
2026-03-24 03:00:00+00:00,160.06400000000033,160.14000000000033,160.00800000000032,160.12800000000033
2026-03-24 04:00:00+00:00,160.12800000000033,160.19100000000032,160.1070000000003,160.15100000000032
2026-03-24 05:00:00+00:00,160.15100000000032,160.18000000000032,159.96800000000033,160.0240000000003
2026-03-24 06:00:00+00:00,160.0240000000003,160.11200000000034,159.96200000000033,159.99900000000034
2026-03-24 07:00:00+00:00,159.99900000000034,160.03700000000032,159.79800000000031,159.89200000000034
2026-03-24 08:00:00+00:00,159.89200000000034,160.06400000000033,159.82300000000032,160.05100000000033
2026-03-24 09:00:00+00:00,160.05100000000033,160.1720000000003,160.01100000000034,160.03100000000032
2026-03-24 10:00:00+00:00,160.03100000000032,160.1950000000003,160.0180000000003,160.08600000000033
2026-03-24 11:00:00+00:00,160.08600000000033,160.1900000000003,160.01300000000032,160.16700000000031
2026-03-24 12:00:00+00:00,160.16700000000031,160.25700000000032,160.08700000000033,160.2130000000003
2026-03-24 13:00:00+00:00,160.2130000000003,160.35200000000032,160.16300000000032,160.20000000000033
2026-03-24 14:00:00+00:00,160.20000000000033,160.2070000000003,159.95500000000033,160.12400000000034
2026-03-24 15:00:00+00:00,160.12400000000034,160.30000000000032,160.02700000000033,160.30000000000032
2026-03-24 16:00:00+00:00,160.30000000000032,160.34800000000033,160.1960000000003,160.31600000000032
2026-03-24 17:00:00+00:00,160.31600000000032,160.5880000000003,160.31600000000032,160.46900000000034
2026-03-24 18:00:00+00:00,160.46900000000034,160.56600000000032,160.24700000000033,160.37000000000032
2026-03-24 19:00:00+00:00,160.37000000000032,160.39400000000032,160.24800000000033,160.38500000000033
2026-03-24 20:00:00+00:00,160.38500000000033,160.43300000000033,159.7620000000003,160.07500000000033
2026-03-24 21:00:00+00:00,160.07500000000033,160.08700000000033,159.96100000000033,160.03900000000033
2026-03-24 22:00:00+00:00,160.03900000000033,160.15800000000033,159.99900000000034,160.0820000000003
2026-03-24 23:00:00+00:00,160.0820000000003,160.15800000000033,160.02900000000034,160.09900000000033
2026-03-25 00:00:00+00:00,160.09900000000033,160.23400000000032,159.96500000000032,160.0410000000003
2026-03-25 01:00:00+00:00,160.0410000000003,160.15800000000033,160.00700000000032,160.11200000000034
2026-03-25 02:00:00+00:00,160.11200000000034,160.23000000000033,160.08000000000033,160.20000000000033
2026-03-25 03:00:00+00:00,160.20000000000033,160.22200000000032,160.15000000000032,160.19900000000032
2026-03-25 04:00:00+00:00,160.19900000000032,160.34000000000032,160.18700000000032,160.27700000000033
2026-03-25 05:00:00+00:00,160.27700000000033,160.4160000000003,160.27700000000033,160.39000000000033
2026-03-25 06:00:00+00:00,160.39000000000033,160.44300000000032,160.35000000000034,160.40300000000033
2026-03-25 07:00:00+00:00,160.40300000000033,160.54500000000033,160.3450000000003,160.53300000000033
2026-03-25 08:00:00+00:00,160.53300000000033,160.59900000000033,160.12000000000032,160.17100000000033
2026-03-25 09:00:00+00:00,160.17100000000033,160.36000000000033,160.12400000000034,160.28700000000032
2026-03-25 10:00:00+00:00,160.28700000000032,160.37100000000032,160.24700000000033,160.28800000000032
2026-03-25 11:00:00+00:00,160.28800000000032,160.34800000000033,160.21800000000033,160.24600000000032
2026-03-25 12:00:00+00:00,160.24600000000032,160.48400000000032,160.1550000000003,160.42100000000033
2026-03-25 13:00:00+00:00,160.42100000000033,160.5590000000003,160.33400000000032,160.5470000000003
2026-03-25 14:00:00+00:00,160.5470000000003,160.6010000000003,160.39400000000032,160.44900000000032
2026-03-25 15:00:00+00:00,160.44900000000032,160.64200000000034,160.42400000000032,160.60400000000033
2026-03-25 16:00:00+00:00,160.60400000000033,160.69700000000032,160.51900000000032,160.64100000000033
2026-03-25 17:00:00+00:00,160.64100000000033,160.68800000000033,160.5470000000003,160.65300000000033
2026-03-25 18:00:00+00:00,160.65300000000033,160.84600000000032,160.63500000000033,160.81400000000033
2026-03-25 19:00:00+00:00,160.81400000000033,160.89700000000033,160.81400000000033,160.8570000000003
2026-03-25 20:00:00+00:00,160.8570000000003,160.89100000000033,160.8330000000003,160.85900000000032
2026-03-25 21:00:00+00:00,160.85900000000032,160.85900000000032,160.73500000000033,160.78800000000032
2026-03-25 22:00:00+00:00,160.78800000000032,160.86400000000032,160.77300000000034,160.80100000000033
2026-03-25 23:00:00+00:00,160.80100000000033,160.8270000000003,160.76900000000032,160.78700000000032
2026-03-26 00:00:00+00:00,160.78700000000032,160.90000000000032,160.73100000000034,160.87000000000032
2026-03-26 01:00:00+00:00,160.87000000000032,160.90900000000033,160.78100000000032,160.8750000000003
2026-03-26 02:00:00+00:00,160.8750000000003,160.93600000000032,160.83400000000032,160.91900000000032
2026-03-26 03:00:00+00:00,160.91900000000032,160.92600000000033,160.80600000000032,160.85000000000034
2026-03-26 04:00:00+00:00,160.85000000000034,160.86500000000032,160.76700000000034,160.83100000000033
2026-03-26 05:00:00+00:00,160.83100000000033,160.8870000000003,160.76900000000032,160.88400000000033
2026-03-26 06:00:00+00:00,160.88400000000033,160.90100000000032,160.68200000000033,160.71000000000032
2026-03-26 07:00:00+00:00,160.71000000000032,160.90000000000032,160.69800000000032,160.89700000000033
2026-03-26 08:00:00+00:00,160.89700000000033,160.94100000000032,160.83500000000032,160.86200000000034
2026-03-26 09:00:00+00:00,160.86200000000034,160.9340000000003,160.83100000000033,160.89000000000033
2026-03-26 10:00:00+00:00,160.89000000000033,160.9450000000003,160.8210000000003,160.8870000000003
2026-03-26 11:00:00+00:00,160.8870000000003,161.06600000000032,160.86800000000034,161.05200000000033
2026-03-26 12:00:00+00:00,161.05200000000033,161.09300000000033,160.95000000000033,161.03200000000032
2026-03-26 13:00:00+00:00,161.03200000000032,161.05400000000031,160.8630000000003,160.91900000000032
2026-03-26 14:00:00+00:00,160.91900000000032,161.00200000000032,160.8260000000003,160.94900000000032
2026-03-26 15:00:00+00:00,160.94900000000032,161.09100000000032,160.92900000000031,161.05200000000033
2026-03-26 16:00:00+00:00,161.05200000000033,161.09800000000033,161.01400000000032,161.05700000000033
2026-03-26 17:00:00+00:00,161.05700000000033,161.16200000000032,161.0300000000003,161.15900000000033
2026-03-26 18:00:00+00:00,161.15900000000033,161.2010000000003,161.11100000000033,161.1370000000003
2026-03-26 19:00:00+00:00,161.1370000000003,161.23000000000033,161.12800000000033,161.22200000000032
2026-03-26 20:00:00+00:00,161.22200000000032,161.24600000000032,160.73000000000033,161.18200000000033
2026-03-26 21:00:00+00:00,161.18200000000033,161.1840000000003,161.00200000000032,161.05500000000032
2026-03-26 22:00:00+00:00,161.05500000000032,161.1430000000003,161.04800000000031,161.04800000000031
2026-03-26 23:00:00+00:00,161.04800000000031,161.12700000000032,161.03100000000032,161.12200000000033
2026-03-27 00:00:00+00:00,161.12200000000033,161.1600000000003,160.88300000000032,160.95600000000033
2026-03-27 01:00:00+00:00,160.95600000000033,160.99300000000034,160.85300000000032,160.87900000000033
2026-03-27 02:00:00+00:00,160.87900000000033,160.98300000000032,160.85300000000032,160.92500000000032
2026-03-27 03:00:00+00:00,160.92500000000032,161.02100000000033,160.90100000000032,161.0120000000003
2026-03-27 04:00:00+00:00,161.0120000000003,161.0410000000003,160.95000000000033,161.0180000000003
2026-03-27 05:00:00+00:00,161.0180000000003,161.04600000000033,160.9700000000003,161.02200000000033
2026-03-27 06:00:00+00:00,161.02200000000033,161.16500000000033,160.97300000000033,161.14400000000032
2026-03-27 07:00:00+00:00,161.14400000000032,161.37300000000033,161.13500000000033,161.34100000000032
2026-03-27 08:00:00+00:00,161.34100000000032,161.34900000000033,161.14700000000033,161.23600000000033
2026-03-27 09:00:00+00:00,161.23600000000033,161.33700000000033,161.1610000000003,161.26500000000033
2026-03-27 10:00:00+00:00,161.26500000000033,161.34300000000033,161.17700000000033,161.31600000000032
2026-03-27 11:00:00+00:00,161.31600000000032,161.33400000000032,161.2070000000003,161.25400000000033
2026-03-27 12:00:00+00:00,161.25400000000033,161.3270000000003,161.19400000000033,161.27300000000034
2026-03-27 13:00:00+00:00,161.27300000000034,161.34600000000032,161.23500000000033,161.28700000000032
2026-03-27 14:00:00+00:00,161.28700000000032,161.31800000000032,161.19300000000032,161.29600000000033
2026-03-27 15:00:00+00:00,161.29600000000033,161.5710000000003,161.09400000000034,161.5650000000003
2026-03-27 16:00:00+00:00,161.5650000000003,161.69300000000032,161.46700000000033,161.54300000000032
2026-03-27 17:00:00+00:00,161.54300000000032,161.81000000000031,161.46800000000033,161.73500000000033
2026-03-27 18:00:00+00:00,161.73500000000033,161.79000000000033,161.63800000000032,161.6430000000003
2026-03-27 19:00:00+00:00,161.6430000000003,161.6900000000003,161.5360000000003,161.54200000000031
2026-03-27 20:00:00+00:00,161.54200000000031,161.7260000000003,161.50300000000033,161.67400000000032
2026-03-29 21:00:00+00:00,161.67400000000032,161.96800000000033,161.57300000000032,161.79100000000037
2026-03-29 22:00:00+00:00,161.79100000000037,161.98500000000035,161.72300000000035,161.93200000000036
2026-03-29 23:00:00+00:00,161.93200000000036,161.97000000000037,161.74900000000036,161.75600000000037
2026-03-30 00:00:00+00:00,161.75600000000037,161.77400000000037,161.40100000000035,161.40400000000037
2026-03-30 01:00:00+00:00,161.40400000000037,161.52200000000036,161.36500000000035,161.45200000000037
2026-03-30 02:00:00+00:00,161.45200000000037,161.51300000000035,161.28100000000038,161.36900000000037
2026-03-30 03:00:00+00:00,161.36900000000037,161.36900000000037,161.26200000000037,161.31500000000037
2026-03-30 04:00:00+00:00,161.31500000000037,161.32300000000035,161.18000000000035,161.31600000000037
2026-03-30 05:00:00+00:00,161.31600000000037,161.33300000000037,161.19800000000035,161.25500000000036
2026-03-30 06:00:00+00:00,161.25500000000036,161.36000000000035,161.13500000000036,161.32600000000036
2026-03-30 07:00:00+00:00,161.32600000000036,161.38200000000035,161.09500000000037,161.30400000000037
2026-03-30 08:00:00+00:00,161.30400000000037,161.33600000000035,161.10800000000037,161.21400000000037
2026-03-30 09:00:00+00:00,161.21400000000037,161.25000000000037,161.10000000000036,161.12300000000036
2026-03-30 10:00:00+00:00,161.12300000000036,161.17300000000037,161.01100000000037,161.13200000000035
2026-03-30 11:00:00+00:00,161.13200000000035,161.13200000000035,160.93200000000036,161.04100000000037
2026-03-30 12:00:00+00:00,161.04100000000037,161.08500000000038,160.86100000000036,160.89700000000036
2026-03-30 13:00:00+00:00,160.89700000000036,161.07200000000037,160.85000000000036,161.05200000000036
2026-03-30 14:00:00+00:00,161.05200000000036,161.14400000000035,161.02000000000038,161.06000000000037
2026-03-30 15:00:00+00:00,161.06000000000037,161.16500000000036,160.91100000000037,161.00700000000035
2026-03-30 16:00:00+00:00,161.00700000000035,161.03600000000037,160.93800000000036,160.96900000000036
2026-03-30 17:00:00+00:00,160.96900000000036,161.11300000000037,160.93900000000036,161.09400000000036
2026-03-30 18:00:00+00:00,161.09400000000036,161.16500000000036,160.97800000000038,161.14900000000037
2026-03-30 19:00:00+00:00,161.14900000000037,161.23600000000036,161.13800000000035,161.21900000000036
2026-03-30 20:00:00+00:00,161.21900000000036,161.26400000000038,161.16400000000036,161.19400000000036
2026-03-30 21:00:00+00:00,161.19400000000036,161.26400000000038,161.16500000000036,161.25100000000035
2026-03-30 22:00:00+00:00,161.25100000000035,161.33200000000036,161.24300000000036,161.32800000000037
2026-03-30 23:00:00+00:00,161.32800000000037,161.39100000000036,161.32100000000037,161.36800000000036
2026-03-31 00:00:00+00:00,161.36800000000036,161.46500000000037,161.21100000000035,161.40400000000037
2026-03-31 01:00:00+00:00,161.40400000000037,161.49900000000036,161.19100000000037,161.27600000000038
2026-03-31 02:00:00+00:00,161.27600000000038,161.30500000000038,161.11500000000038,161.12800000000036
2026-03-31 03:00:00+00:00,161.12800000000036,161.26800000000037,161.12100000000038,161.24800000000036
2026-03-31 04:00:00+00:00,161.24800000000036,161.25500000000036,161.13000000000036,161.14700000000036
2026-03-31 05:00:00+00:00,161.14700000000036,161.16000000000037,161.00900000000036,161.13700000000037
2026-03-31 06:00:00+00:00,161.13700000000037,161.26800000000037,161.02000000000038,161.25300000000036
2026-03-31 07:00:00+00:00,161.25300000000036,161.31300000000036,161.14900000000037,161.17000000000036
2026-03-31 08:00:00+00:00,161.17000000000036,161.20600000000036,161.04600000000036,161.10100000000037
2026-03-31 09:00:00+00:00,161.10100000000037,161.20100000000036,161.03600000000037,161.17500000000035
2026-03-31 10:00:00+00:00,161.17500000000035,161.29900000000038,161.16400000000036,161.25900000000036
2026-03-31 11:00:00+00:00,161.25900000000036,161.28700000000038,160.88900000000038,160.94300000000035
2026-03-31 12:00:00+00:00,160.94300000000035,161.09100000000038,160.86800000000036,160.89100000000036
2026-03-31 13:00:00+00:00,160.89100000000036,160.96800000000036,160.59900000000036,160.60200000000037
2026-03-31 14:00:00+00:00,160.60200000000037,160.84600000000037,160.58000000000035,160.62600000000035
2026-03-31 15:00:00+00:00,160.62600000000035,160.65100000000038,160.41900000000035,160.60100000000037
2026-03-31 16:00:00+00:00,160.60100000000037,160.73000000000036,160.34700000000038,160.47800000000038
2026-03-31 17:00:00+00:00,160.47800000000038,160.48600000000036,160.27200000000036,160.47300000000035
2026-03-31 18:00:00+00:00,160.47300000000035,160.49200000000036,160.31300000000036,160.40000000000038
2026-03-31 19:00:00+00:00,160.40000000000038,160.52700000000036,160.20700000000036,160.23600000000036
2026-03-31 20:00:00+00:00,160.23600000000036,160.28900000000036,160.18000000000038,160.23600000000036
2026-03-31 21:00:00+00:00,160.23600000000036,160.32400000000035,160.15500000000037,160.24700000000036
2026-03-31 22:00:00+00:00,160.24700000000036,160.39500000000035,160.24700000000036,160.30500000000035
2026-03-31 23:00:00+00:00,160.30500000000035,160.35300000000035,160.13500000000033,160.16200000000035
2026-04-01 00:00:00+00:00,160.16200000000035,160.41500000000033,160.02300000000034,160.36000000000035
2026-04-01 01:00:00+00:00,160.36000000000035,160.5880000000003,160.30600000000035,160.3320000000003
2026-04-01 02:00:00+00:00,160.3320000000003,160.36100000000033,160.23300000000037,160.29800000000034
2026-04-01 03:00:00+00:00,160.29800000000034,160.43600000000035,160.15900000000033,160.43300000000033
2026-04-01 04:00:00+00:00,160.43300000000033,160.51100000000034,160.35600000000034,160.35800000000037
2026-04-01 05:00:00+00:00,160.35800000000037,160.49300000000034,160.19400000000036,160.25100000000035
2026-04-01 06:00:00+00:00,160.25100000000035,160.26100000000034,159.86400000000037,159.88100000000034
2026-04-01 07:00:00+00:00,159.88100000000034,160.36400000000037,159.84500000000034,160.35300000000035
2026-04-01 08:00:00+00:00,160.35300000000035,160.4450000000003,159.99500000000037,160.15500000000034
2026-04-01 09:00:00+00:00,160.15500000000034,160.34700000000035,160.05700000000036,160.28700000000035
2026-04-01 10:00:00+00:00,160.28700000000035,160.30700000000036,160.08900000000034,160.09400000000034
2026-04-01 11:00:00+00:00,160.09400000000034,160.12300000000033,159.92100000000033,159.92300000000034
2026-04-01 12:00:00+00:00,159.92300000000034,160.14600000000036,159.88400000000036,160.10300000000035
2026-04-01 13:00:00+00:00,160.10300000000035,160.24700000000036,160.03100000000035,160.19100000000034
2026-04-01 14:00:00+00:00,160.19100000000034,160.32800000000034,160.03800000000035,160.06000000000034
2026-04-01 15:00:00+00:00,160.06000000000034,160.27100000000036,159.98200000000034,160.20600000000036
2026-04-01 16:00:00+00:00,160.20600000000036,160.30500000000035,160.11800000000034,160.12900000000033
2026-04-01 17:00:00+00:00,160.12900000000033,160.29600000000033,160.02100000000036,160.28500000000034
2026-04-01 18:00:00+00:00,160.28500000000034,160.43600000000035,160.26500000000036,160.42700000000033
2026-04-01 19:00:00+00:00,160.42700000000033,160.51900000000035,160.41600000000034,160.46900000000034
2026-04-01 20:00:00+00:00,160.46900000000034,160.48100000000034,160.3260000000003,160.34900000000033
2026-04-01 21:00:00+00:00,160.34900000000033,160.35300000000035,160.15500000000037,160.23200000000037
2026-04-01 22:00:00+00:00,160.23200000000037,160.29200000000037,160.14000000000038,160.16300000000038
2026-04-01 23:00:00+00:00,160.16300000000038,160.27100000000038,160.09900000000036,160.27100000000038
2026-04-02 00:00:00+00:00,160.27100000000038,160.32000000000036,160.13500000000036,160.22200000000038
2026-04-02 01:00:00+00:00,160.22200000000038,160.84400000000036,160.15200000000038,160.84000000000037
2026-04-02 02:00:00+00:00,160.84000000000037,161.03300000000038,160.73100000000036,160.97700000000037
2026-04-02 03:00:00+00:00,160.97700000000037,161.00200000000038,160.86600000000038,160.92300000000037
2026-04-02 04:00:00+00:00,160.92300000000037,160.99200000000036,160.89000000000038,160.90200000000038
2026-04-02 05:00:00+00:00,160.90200000000038,161.00100000000035,160.89500000000038,160.99800000000036
2026-04-02 06:00:00+00:00,160.99800000000036,161.02400000000037,160.86000000000038,160.94400000000036
2026-04-02 07:00:00+00:00,160.94400000000036,161.27000000000038,160.92800000000037,161.13100000000037
2026-04-02 08:00:00+00:00,161.13100000000037,161.26200000000037,161.10500000000036,161.23600000000036
2026-04-02 09:00:00+00:00,161.23600000000036,161.28200000000038,161.12400000000036,161.12500000000037
2026-04-02 10:00:00+00:00,161.12500000000037,161.25600000000037,161.10300000000038,161.24100000000038
2026-04-02 11:00:00+00:00,161.24100000000038,161.30200000000036,161.23000000000036,161.26200000000037
2026-04-02 12:00:00+00:00,161.26200000000037,161.26700000000037,161.11700000000036,161.18900000000036
2026-04-02 13:00:00+00:00,161.18900000000036,161.24800000000036,161.01100000000037,161.02500000000038
2026-04-02 14:00:00+00:00,161.02500000000038,161.06100000000038,160.79700000000037,160.91700000000037
2026-04-02 15:00:00+00:00,160.91700000000037,160.94700000000034,160.78900000000036,160.90100000000035
2026-04-02 16:00:00+00:00,160.90100000000035,161.07300000000035,160.87200000000036,161.07000000000036
2026-04-02 17:00:00+00:00,161.07000000000036,161.17300000000037,161.05200000000036,161.15300000000036
2026-04-02 18:00:00+00:00,161.15300000000036,161.28700000000035,161.14000000000036,161.19400000000036
2026-04-02 19:00:00+00:00,161.19400000000036,161.23900000000037,161.10000000000036,161.22100000000034
2026-04-02 20:00:00+00:00,161.22100000000034,161.23400000000035,161.11400000000037,161.14800000000037
2026-04-02 21:00:00+00:00,161.14800000000037,161.2420000000004,161.13600000000037,161.15100000000035
2026-04-02 22:00:00+00:00,161.15100000000035,161.23600000000036,161.14200000000037,161.16200000000038
2026-04-02 23:00:00+00:00,161.16200000000038,161.16600000000037,161.11900000000037,161.12100000000038
2026-04-03 00:00:00+00:00,161.12100000000038,161.25700000000035,161.06100000000038,161.22700000000037
2026-04-03 01:00:00+00:00,161.22700000000037,161.28100000000038,161.17900000000037,161.27800000000036
2026-04-03 02:00:00+00:00,161.27800000000036,161.35000000000036,161.24700000000036,161.30300000000037
2026-04-03 03:00:00+00:00,161.30300000000037,161.32700000000037,161.20600000000036,161.21300000000036
2026-04-03 04:00:00+00:00,161.21300000000036,161.26600000000036,161.17100000000036,161.25700000000035
2026-04-03 05:00:00+00:00,161.25700000000035,161.28900000000036,161.23300000000037,161.28300000000036
2026-04-03 06:00:00+00:00,161.28300000000036,161.32600000000036,161.22100000000037,161.26700000000037
2026-04-03 07:00:00+00:00,161.26700000000037,161.26800000000037,161.17800000000037,161.21900000000036
2026-04-03 08:00:00+00:00,161.21900000000036,161.27600000000038,161.19900000000038,161.24200000000036
2026-04-03 09:00:00+00:00,161.24200000000036,161.25200000000038,161.21200000000036,161.22600000000037
2026-04-03 10:00:00+00:00,161.22600000000037,161.24400000000037,161.19800000000038,161.23000000000036
2026-04-03 11:00:00+00:00,161.23000000000036,161.23000000000036,161.17100000000036,161.19000000000037
2026-04-03 12:00:00+00:00,161.19000000000037,161.44900000000038,161.16400000000036,161.25100000000035
2026-04-03 13:00:00+00:00,161.25100000000035,161.26200000000037,161.11700000000036,161.14600000000036
2026-04-03 14:00:00+00:00,161.14600000000036,161.23300000000037,161.12100000000038,161.22800000000038
2026-04-03 15:00:00+00:00,161.22800000000038,161.28000000000037,161.19700000000037,161.27500000000038
2026-04-03 16:00:00+00:00,161.27500000000038,161.28100000000038,161.25700000000035,161.26900000000035
2026-04-03 17:00:00+00:00,161.26900000000035,161.28300000000036,161.25900000000038,161.26700000000037
2026-04-03 18:00:00+00:00,161.26700000000037,161.31000000000034,161.26100000000037,161.29300000000035
2026-04-03 19:00:00+00:00,161.29300000000035,161.30700000000036,161.26600000000036,161.27300000000037
2026-04-03 20:00:00+00:00,161.27300000000037,161.34100000000035,161.01600000000036,161.1090000000004
2026-04-05 21:00:00+00:00,159.55499999999998,159.57,159.28899999999996,159.45799999999997
2026-04-05 22:00:00+00:00,159.45799999999997,159.60499999999996,159.261,159.47999999999996
2026-04-05 23:00:00+00:00,159.47999999999996,159.63599999999997,159.41099999999997,159.58399999999995
2026-04-06 00:00:00+00:00,159.58399999999995,159.60599999999997,159.46099999999996,159.55099999999996
2026-04-06 01:00:00+00:00,159.55099999999996,159.55099999999996,159.42099999999996,159.49699999999996
2026-04-06 02:00:00+00:00,159.49699999999996,159.49799999999996,159.32899999999995,159.35999999999996
2026-04-06 03:00:00+00:00,159.35999999999996,159.44299999999996,159.33799999999997,159.42899999999997
2026-04-06 04:00:00+00:00,159.42899999999997,159.43599999999998,159.34799999999996,159.37299999999996
2026-04-06 05:00:00+00:00,159.37299999999996,159.38699999999997,159.35499999999996,159.37499999999997
2026-04-06 06:00:00+00:00,159.37499999999997,159.45999999999995,159.34799999999996,159.41399999999996
2026-04-06 07:00:00+00:00,159.41399999999996,159.51299999999998,159.14699999999996,159.19099999999997
2026-04-06 08:00:00+00:00,159.19099999999997,159.24099999999996,159.10799999999998,159.19199999999995
2026-04-06 09:00:00+00:00,159.19199999999995,159.27299999999997,159.15499999999997,159.23699999999997
2026-04-06 10:00:00+00:00,159.23699999999997,159.36499999999995,159.21699999999996,159.26499999999996
2026-04-06 11:00:00+00:00,159.26499999999996,159.39099999999996,159.25899999999996,159.36199999999997
2026-04-06 12:00:00+00:00,159.36199999999997,159.37499999999997,159.17099999999996,159.20999999999995
2026-04-06 13:00:00+00:00,159.20999999999995,159.30699999999996,159.19899999999996,159.27599999999995
2026-04-06 14:00:00+00:00,159.27599999999995,159.52299999999997,159.19999999999996,159.51299999999998
2026-04-06 15:00:00+00:00,159.51299999999998,159.60699999999997,159.50699999999998,159.50999999999996
2026-04-06 16:00:00+00:00,159.50999999999996,159.51399999999995,159.42599999999996,159.48199999999997
2026-04-06 17:00:00+00:00,159.48199999999997,159.59999999999997,159.48199999999997,159.57599999999996
2026-04-06 18:00:00+00:00,159.57599999999996,159.59599999999998,159.39499999999995,159.49099999999996
2026-04-06 19:00:00+00:00,159.49099999999996,159.53799999999995,159.45399999999995,159.49999999999997
2026-04-06 20:00:00+00:00,159.49999999999997,159.51699999999997,159.47099999999998,159.47999999999996
2026-04-06 21:00:00+00:00,159.47999999999996,159.52999999999997,159.35999999999996,159.43099999999995
2026-04-06 22:00:00+00:00,159.43099999999995,159.47799999999995,159.36799999999997,159.47399999999996
2026-04-06 23:00:00+00:00,159.47399999999996,159.51199999999997,159.45599999999996,159.49599999999995
2026-04-07 00:00:00+00:00,159.49599999999995,159.64399999999998,159.48099999999997,159.63399999999996
2026-04-07 01:00:00+00:00,159.63399999999996,159.72699999999998,159.58999999999995,159.68799999999996
2026-04-07 02:00:00+00:00,159.68799999999996,159.73499999999996,159.64899999999997,159.67599999999996
2026-04-07 03:00:00+00:00,159.67599999999996,159.68799999999996,159.62299999999996,159.63799999999998
2026-04-07 04:00:00+00:00,159.63799999999998,159.63799999999998,159.53499999999997,159.53999999999996
2026-04-07 05:00:00+00:00,159.53999999999996,159.61999999999998,159.52899999999997,159.57399999999996
2026-04-07 06:00:00+00:00,159.57399999999996,159.61799999999997,159.53599999999997,159.58599999999996
2026-04-07 07:00:00+00:00,159.58599999999996,159.68399999999997,159.57899999999995,159.66699999999997
2026-04-07 08:00:00+00:00,159.66699999999997,159.66899999999995,159.28399999999996,159.29599999999996
2026-04-07 09:00:00+00:00,159.29599999999996,159.44199999999995,159.27199999999996,159.44099999999997
2026-04-07 10:00:00+00:00,159.44099999999997,159.59599999999998,159.41799999999998,159.58899999999997
2026-04-07 11:00:00+00:00,159.58899999999997,159.66999999999996,159.57099999999997,159.63499999999996
2026-04-07 12:00:00+00:00,159.63499999999996,159.67899999999997,159.51699999999997,159.58299999999997
2026-04-07 13:00:00+00:00,159.58299999999997,159.69699999999995,159.52699999999996,159.69299999999996
2026-04-07 14:00:00+00:00,159.69299999999996,159.76899999999998,159.57699999999997,159.75899999999996
2026-04-07 15:00:00+00:00,159.75899999999996,159.83399999999995,159.66999999999996,159.70299999999995
2026-04-07 16:00:00+00:00,159.70299999999995,159.71399999999997,159.59599999999998,159.70999999999995
2026-04-07 17:00:00+00:00,159.70999999999995,159.75899999999996,159.50599999999997,159.58499999999995
2026-04-07 18:00:00+00:00,159.58499999999995,159.67199999999997,159.50099999999998,159.64699999999996
2026-04-07 19:00:00+00:00,159.64699999999996,159.67199999999997,159.34699999999995,159.38799999999998
2026-04-07 20:00:00+00:00,159.38799999999998,159.49799999999996,159.30799999999996,159.39599999999996
2026-04-07 21:00:00+00:00,159.39599999999996,159.46399999999994,159.37499999999994,159.41399999999993
2026-04-07 22:00:00+00:00,159.41399999999993,159.62199999999996,158.72099999999995,158.79399999999995
2026-04-07 23:00:00+00:00,158.79399999999995,158.84399999999994,158.47499999999994,158.59299999999993
2026-04-08 00:00:00+00:00,158.59299999999993,158.66299999999995,158.41999999999993,158.56799999999996
2026-04-08 01:00:00+00:00,158.56799999999996,158.59399999999994,158.21699999999996,158.28199999999995
2026-04-08 02:00:00+00:00,158.28199999999995,158.45399999999995,158.16899999999995,158.31099999999995
2026-04-08 03:00:00+00:00,158.31099999999995,158.34099999999995,158.22799999999995,158.32299999999995
2026-04-08 04:00:00+00:00,158.32299999999995,158.33899999999994,158.21899999999994,158.22999999999993
2026-04-08 05:00:00+00:00,158.22999999999993,158.30799999999994,158.02499999999995,158.15599999999995
2026-04-08 06:00:00+00:00,158.15599999999995,158.25199999999995,157.92599999999993,158.07799999999995
2026-04-08 07:00:00+00:00,158.07799999999995,158.24199999999993,157.98999999999995,158.09099999999995
2026-04-08 08:00:00+00:00,158.09099999999995,158.36499999999995,158.00099999999995,158.25099999999995
2026-04-08 09:00:00+00:00,158.25099999999995,158.37299999999993,158.15599999999995,158.36499999999995
2026-04-08 10:00:00+00:00,158.36499999999995,158.41099999999994,158.25999999999993,158.30999999999997
2026-04-08 11:00:00+00:00,158.30999999999997,158.36299999999994,158.09699999999995,158.13199999999995
2026-04-08 12:00:00+00:00,158.13199999999995,158.20099999999994,157.82399999999996,157.88999999999993
2026-04-08 13:00:00+00:00,157.88999999999993,158.20299999999995,157.76099999999994,158.14999999999995
2026-04-08 14:00:00+00:00,158.14999999999995,158.29699999999994,158.06199999999995,158.15699999999995
2026-04-08 15:00:00+00:00,158.15699999999995,158.34299999999993,158.13299999999995,158.26399999999995
2026-04-08 16:00:00+00:00,158.26399999999995,158.37299999999993,158.23099999999994,158.29899999999995
2026-04-08 17:00:00+00:00,158.29899999999995,158.40099999999995,158.26699999999994,158.32299999999995
2026-04-08 18:00:00+00:00,158.32299999999995,158.62099999999995,158.25599999999994,158.61699999999993
2026-04-08 19:00:00+00:00,158.61699999999993,158.67399999999995,158.37599999999995,158.41699999999994
2026-04-08 20:00:00+00:00,158.41699999999994,158.50499999999994,158.39399999999995,158.41199999999995
2026-04-08 21:00:00+00:00,158.41199999999995,158.509,158.32199999999995,158.34299999999996
2026-04-08 22:00:00+00:00,158.34299999999996,158.45999999999998,158.34299999999996,158.44199999999998
2026-04-08 23:00:00+00:00,158.44199999999998,158.55799999999996,158.43299999999996,158.52799999999996
2026-04-09 00:00:00+00:00,158.52799999999996,158.74899999999997,158.49499999999998,158.73599999999996
2026-04-09 01:00:00+00:00,158.73599999999996,158.82999999999998,158.66899999999998,158.70599999999996
2026-04-09 02:00:00+00:00,158.70599999999996,158.735,158.58299999999997,158.59399999999997
2026-04-09 03:00:00+00:00,158.59399999999997,158.68599999999995,158.56799999999996,158.63199999999995
2026-04-09 04:00:00+00:00,158.63199999999995,158.63199999999995,158.52299999999994,158.61399999999995
2026-04-09 05:00:00+00:00,158.61399999999995,158.74299999999997,158.59599999999995,158.72399999999996
2026-04-09 06:00:00+00:00,158.72399999999996,158.80999999999997,158.64699999999996,158.66299999999995
2026-04-09 07:00:00+00:00,158.66299999999995,158.85599999999997,158.64599999999996,158.85099999999994
2026-04-09 08:00:00+00:00,158.85099999999994,158.98799999999994,158.78599999999994,158.88199999999995
2026-04-09 09:00:00+00:00,158.88199999999995,158.93699999999995,158.81999999999996,158.86499999999995
2026-04-09 10:00:00+00:00,158.86499999999995,158.95999999999995,158.83399999999995,158.95999999999995
2026-04-09 11:00:00+00:00,158.95999999999995,158.96499999999995,158.71699999999996,158.77199999999996
2026-04-09 12:00:00+00:00,158.77199999999996,158.99099999999996,158.73299999999995,158.87999999999997
2026-04-09 13:00:00+00:00,158.87999999999997,158.97599999999994,158.76799999999994,158.96199999999996
2026-04-09 14:00:00+00:00,158.96199999999996,159.12299999999996,158.87199999999996,159.06799999999996
2026-04-09 15:00:00+00:00,159.06799999999996,159.17699999999996,158.74299999999997,158.74899999999997
2026-04-09 16:00:00+00:00,158.74899999999997,158.77899999999994,158.50799999999995,158.64299999999994
2026-04-09 17:00:00+00:00,158.64299999999994,158.67299999999994,158.55699999999996,158.64599999999996
2026-04-09 18:00:00+00:00,158.64599999999996,158.90499999999994,158.64199999999994,158.88999999999996
2026-04-09 19:00:00+00:00,158.88999999999996,158.97699999999995,158.85399999999996,158.97499999999997
2026-04-09 20:00:00+00:00,158.97499999999997,159.00999999999996,158.80499999999995,158.80499999999995
2026-04-09 21:00:00+00:00,158.80499999999995,158.84399999999997,158.74899999999997,158.83599999999996
2026-04-09 22:00:00+00:00,158.83599999999996,158.98199999999994,158.83599999999996,158.96599999999995
2026-04-09 23:00:00+00:00,158.96599999999995,159.00299999999996,158.92699999999996,158.96899999999997
2026-04-10 00:00:00+00:00,158.96899999999997,159.12299999999996,158.96899999999997,159.06299999999996
2026-04-10 01:00:00+00:00,159.06299999999996,159.10799999999995,158.90199999999996,158.90599999999995
2026-04-10 02:00:00+00:00,158.90599999999995,159.07299999999995,158.90199999999996,159.03999999999996
2026-04-10 03:00:00+00:00,159.03999999999996,159.05499999999995,158.99499999999995,159.01899999999995
2026-04-10 04:00:00+00:00,159.01899999999995,159.09399999999997,159.00399999999996,159.06499999999994
2026-04-10 05:00:00+00:00,159.06499999999994,159.15299999999996,159.06299999999996,159.13799999999995
2026-04-10 06:00:00+00:00,159.13799999999995,159.25699999999995,159.07899999999995,159.15899999999996
2026-04-10 07:00:00+00:00,159.15899999999996,159.21999999999994,159.07199999999995,159.21899999999997
2026-04-10 08:00:00+00:00,159.21899999999997,159.23299999999995,159.12199999999996,159.19599999999994
2026-04-10 09:00:00+00:00,159.19599999999994,159.20999999999995,159.05899999999994,159.12299999999996
2026-04-10 10:00:00+00:00,159.12299999999996,159.17099999999996,159.05999999999997,159.07799999999995
2026-04-10 11:00:00+00:00,159.07799999999995,159.11999999999995,159.04099999999994,159.05799999999996
2026-04-10 12:00:00+00:00,159.05799999999996,159.07099999999994,158.73299999999995,159.03499999999994
2026-04-10 13:00:00+00:00,159.03499999999994,159.08199999999997,158.94799999999995,159.05199999999996
2026-04-10 14:00:00+00:00,159.05199999999996,159.12299999999996,158.97199999999995,159.00599999999994
2026-04-10 15:00:00+00:00,159.00599999999994,159.11499999999995,158.91399999999996,159.10699999999994
2026-04-10 16:00:00+00:00,159.10699999999994,159.22999999999996,159.09599999999995,159.14899999999994
2026-04-10 17:00:00+00:00,159.14899999999994,159.18799999999996,159.12299999999996,159.17499999999995
2026-04-10 18:00:00+00:00,159.17499999999995,159.22099999999995,159.11999999999995,159.15999999999994
2026-04-10 19:00:00+00:00,159.15999999999994,159.19099999999997,159.14199999999994,159.18099999999995
2026-04-10 20:00:00+00:00,159.18099999999995,159.19999999999996,159.11799999999997,159.11899999999997
2026-04-12 21:00:00+00:00,159.11899999999997,159.15599999999998,159.02199999999996,159.07299999999995
2026-04-12 22:00:00+00:00,159.07299999999995,159.35699999999994,159.07199999999995,159.31199999999995
2026-04-12 23:00:00+00:00,159.31199999999995,159.36799999999997,159.16099999999994,159.18899999999996
2026-04-13 00:00:00+00:00,159.18899999999996,159.35599999999997,159.17699999999996,159.21299999999997
2026-04-13 01:00:00+00:00,159.21299999999997,159.29499999999996,159.16399999999996,159.19699999999995
2026-04-13 02:00:00+00:00,159.19699999999995,159.26599999999996,159.17299999999994,159.22299999999996
2026-04-13 03:00:00+00:00,159.22299999999996,159.25999999999996,159.18699999999995,159.19199999999995
2026-04-13 04:00:00+00:00,159.19199999999995,159.28499999999994,159.17799999999994,159.23499999999996
2026-04-13 05:00:00+00:00,159.23499999999996,159.26099999999997,159.18199999999996,159.18899999999996
2026-04-13 06:00:00+00:00,159.18899999999996,159.24299999999997,159.06899999999996,159.18799999999996
2026-04-13 07:00:00+00:00,159.18799999999996,159.23199999999994,159.11499999999995,159.11599999999996
2026-04-13 08:00:00+00:00,159.11599999999996,159.23499999999996,159.07899999999995,159.22099999999995
2026-04-13 09:00:00+00:00,159.22099999999995,159.25299999999996,159.18199999999996,159.24499999999995
2026-04-13 10:00:00+00:00,159.24499999999995,159.25099999999995,159.17799999999994,159.20199999999994
2026-04-13 11:00:00+00:00,159.20199999999994,159.35999999999996,159.15499999999994,159.35299999999995
2026-04-13 12:00:00+00:00,159.35299999999995,159.37299999999996,159.19499999999996,159.25299999999996
2026-04-13 13:00:00+00:00,159.25299999999996,159.31199999999995,159.05199999999996,159.05199999999996
2026-04-13 14:00:00+00:00,159.05199999999996,159.17499999999995,159.01799999999994,159.07899999999995
2026-04-13 15:00:00+00:00,159.07899999999995,159.26599999999996,159.07899999999995,159.25499999999997
2026-04-13 16:00:00+00:00,159.25499999999997,159.29799999999994,158.96599999999995,159.03499999999994
2026-04-13 17:00:00+00:00,159.03499999999994,159.04399999999995,158.86999999999995,158.91999999999996
2026-04-13 18:00:00+00:00,158.91999999999996,158.91999999999996,158.80499999999995,158.83599999999996
2026-04-13 19:00:00+00:00,158.83599999999996,158.90499999999994,158.79799999999994,158.89599999999996
2026-04-13 20:00:00+00:00,158.89599999999996,158.97099999999995,158.88299999999995,158.93199999999996
2026-04-13 21:00:00+00:00,158.93199999999996,158.95099999999996,158.81599999999997,158.83899999999994
2026-04-13 22:00:00+00:00,158.83899999999994,158.92599999999996,158.82799999999995,158.87899999999996
2026-04-13 23:00:00+00:00,158.87899999999996,158.88999999999996,158.71599999999995,158.73399999999995
2026-04-14 00:00:00+00:00,158.73399999999995,158.84699999999995,158.65199999999996,158.67299999999994
2026-04-14 01:00:00+00:00,158.67299999999994,158.74199999999996,158.59299999999996,158.72099999999995
2026-04-14 02:00:00+00:00,158.72099999999995,158.77599999999995,158.63499999999996,158.65399999999994
2026-04-14 03:00:00+00:00,158.65399999999994,158.67699999999996,158.58599999999996,158.60199999999995
2026-04-14 04:00:00+00:00,158.60199999999995,158.62999999999997,158.52099999999996,158.53899999999996
2026-04-14 05:00:00+00:00,158.53899999999996,158.66799999999995,158.46999999999994,158.63999999999996
2026-04-14 06:00:00+00:00,158.63999999999996,158.79299999999995,158.62699999999995,158.66799999999995
2026-04-14 07:00:00+00:00,158.66799999999995,158.67999999999995,158.45599999999996,158.57799999999995
2026-04-14 08:00:00+00:00,158.57799999999995,158.67999999999995,158.53699999999995,158.57699999999994
2026-04-14 09:00:00+00:00,158.57699999999994,158.60399999999996,158.36199999999997,158.48499999999996
2026-04-14 10:00:00+00:00,158.48499999999996,158.48899999999995,158.31399999999996,158.33699999999996
2026-04-14 11:00:00+00:00,158.33699999999996,158.34499999999994,158.20799999999994,158.28499999999994
2026-04-14 12:00:00+00:00,158.28499999999994,158.38499999999996,158.20099999999996,158.22499999999997
2026-04-14 13:00:00+00:00,158.22499999999997,158.40699999999995,158.18599999999995,158.37099999999995
2026-04-14 14:00:00+00:00,158.37099999999995,158.37299999999996,158.11199999999997,158.25499999999997
2026-04-14 15:00:00+00:00,158.25499999999997,158.42899999999997,158.25499999999997,158.42299999999994
2026-04-14 16:00:00+00:00,158.42299999999994,158.44699999999995,158.32399999999996,158.34799999999996
2026-04-14 17:00:00+00:00,158.34799999999996,158.40299999999996,158.20899999999995,158.24499999999995
2026-04-14 18:00:00+00:00,158.24499999999995,158.34599999999995,158.19599999999994,158.32499999999996
2026-04-14 19:00:00+00:00,158.32499999999996,158.42399999999995,158.30999999999997,158.37599999999995
2026-04-14 20:00:00+00:00,158.37599999999995,158.40299999999996,158.27899999999994,158.27999999999994
2026-04-14 21:00:00+00:00,158.27999999999994,158.33899999999997,158.23299999999995,158.31099999999998
2026-04-14 22:00:00+00:00,158.31099999999998,158.35899999999998,158.28799999999995,158.35699999999997
2026-04-14 23:00:00+00:00,158.35699999999997,158.40199999999996,158.28899999999996,158.31999999999996
2026-04-15 00:00:00+00:00,158.31999999999996,158.40299999999996,158.25599999999997,158.33399999999995
2026-04-15 01:00:00+00:00,158.33399999999995,158.49699999999996,158.33399999999995,158.43099999999995
2026-04-15 02:00:00+00:00,158.43099999999995,158.58399999999995,158.40399999999997,158.55599999999995
2026-04-15 03:00:00+00:00,158.55599999999995,158.56899999999996,158.47399999999996,158.50399999999996
2026-04-15 04:00:00+00:00,158.50399999999996,158.52999999999997,158.47099999999998,158.50399999999996
2026-04-15 05:00:00+00:00,158.50399999999996,158.51899999999998,158.42899999999997,158.48099999999997
2026-04-15 06:00:00+00:00,158.48099999999997,158.54599999999996,158.38099999999997,158.54199999999997
2026-04-15 07:00:00+00:00,158.54199999999997,158.54699999999997,158.40499999999997,158.44999999999996
2026-04-15 08:00:00+00:00,158.44999999999996,158.45499999999996,158.16399999999996,158.29699999999997
2026-04-15 09:00:00+00:00,158.29699999999997,158.45199999999997,158.23499999999996,158.41699999999997
2026-04-15 10:00:00+00:00,158.41699999999997,158.56899999999996,158.34599999999998,158.49399999999997
2026-04-15 11:00:00+00:00,158.49399999999997,158.61299999999997,158.44799999999998,158.54699999999997
2026-04-15 12:00:00+00:00,158.54699999999997,158.67199999999997,158.54599999999996,158.62599999999998
2026-04-15 13:00:00+00:00,158.62599999999998,158.63999999999996,158.49999999999997,158.54499999999996
2026-04-15 14:00:00+00:00,158.54499999999996,158.58199999999997,158.43999999999997,158.50699999999998
2026-04-15 15:00:00+00:00,158.50699999999998,158.54799999999997,158.38299999999998,158.54399999999995
2026-04-15 16:00:00+00:00,158.54399999999995,158.55299999999997,158.27099999999996,158.39899999999997
2026-04-15 17:00:00+00:00,158.39899999999997,158.62999999999997,158.39499999999998,158.62099999999998
2026-04-15 18:00:00+00:00,158.62099999999998,158.64099999999996,158.51799999999997,158.54299999999998
2026-04-15 19:00:00+00:00,158.54299999999998,158.57499999999996,158.46899999999997,158.49699999999996
2026-04-15 20:00:00+00:00,158.49699999999996,158.52299999999997,158.45599999999996,158.45699999999997
2026-04-15 21:00:00+00:00,158.45699999999997,158.49699999999996,158.33799999999994,158.39499999999995
2026-04-15 22:00:00+00:00,158.39499999999995,158.40999999999997,158.31199999999998,158.35199999999998
2026-04-15 23:00:00+00:00,158.35199999999998,158.36899999999997,158.278,158.297
2026-04-16 00:00:00+00:00,158.297,158.329,158.19400000000002,158.20600000000002
2026-04-16 01:00:00+00:00,158.20600000000002,158.304,158.156,158.229
2026-04-16 02:00:00+00:00,158.229,158.292,157.98600000000002,157.992
2026-04-16 03:00:00+00:00,157.992,158.155,157.741,158.15
2026-04-16 04:00:00+00:00,158.15,158.221,158.132,158.19400000000002
2026-04-16 05:00:00+00:00,158.19400000000002,158.336,158.179,158.329
2026-04-16 06:00:00+00:00,158.329,158.433,158.232,158.269
2026-04-16 07:00:00+00:00,158.269,158.368,158.205,158.345
2026-04-16 08:00:00+00:00,158.345,158.53900000000002,158.329,158.465
2026-04-16 09:00:00+00:00,158.465,158.548,158.441,158.516
2026-04-16 10:00:00+00:00,158.516,158.61100000000002,158.491,158.502
2026-04-16 11:00:00+00:00,158.502,158.502,158.358,158.439
2026-04-16 12:00:00+00:00,158.439,158.595,158.409,158.592
2026-04-16 13:00:00+00:00,158.592,158.788,158.467,158.698
2026-04-16 14:00:00+00:00,158.698,158.753,158.566,158.739
2026-04-16 15:00:00+00:00,158.739,158.761,158.555,158.556
2026-04-16 16:00:00+00:00,158.556,158.74,158.504,158.65800000000002
2026-04-16 17:00:00+00:00,158.65800000000002,158.77100000000002,158.65200000000002,158.735
2026-04-16 18:00:00+00:00,158.735,158.735,158.64,158.696
2026-04-16 19:00:00+00:00,158.696,158.697,158.577,158.654
2026-04-16 20:00:00+00:00,158.654,158.677,158.597,158.597
2026-04-16 21:00:00+00:00,158.597,158.64300000000003,158.56000000000003,158.58500000000004
2026-04-16 22:00:00+00:00,158.58500000000004,158.61700000000002,158.49800000000002,158.58800000000002
2026-04-16 23:00:00+00:00,158.58800000000002,158.70500000000004,158.56400000000002,158.68300000000002
2026-04-17 00:00:00+00:00,158.68300000000002,158.84100000000004,158.65800000000004,158.81000000000003
2026-04-17 01:00:00+00:00,158.81000000000003,158.90800000000004,158.77800000000002,158.84200000000004
2026-04-17 02:00:00+00:00,158.84200000000004,158.92500000000004,158.84100000000004,158.85400000000004
2026-04-17 03:00:00+00:00,158.85400000000004,158.94500000000002,158.84300000000005,158.86600000000004
2026-04-17 04:00:00+00:00,158.86600000000004,158.96200000000005,158.85200000000003,158.94800000000004
2026-04-17 05:00:00+00:00,158.94800000000004,159.01000000000002,158.93200000000004,158.95900000000003
2026-04-17 06:00:00+00:00,158.95900000000003,158.99700000000004,158.85200000000003,158.88400000000004
2026-04-17 07:00:00+00:00,158.88400000000004,158.88400000000004,158.75700000000003,158.75700000000003
2026-04-17 08:00:00+00:00,158.75700000000003,158.78200000000004,158.61900000000003,158.62100000000004
2026-04-17 09:00:00+00:00,158.62100000000004,158.66800000000003,158.48600000000005,158.52000000000004
2026-04-17 10:00:00+00:00,158.52000000000004,158.65600000000003,158.51000000000002,158.64400000000003
2026-04-17 11:00:00+00:00,158.64400000000003,158.70500000000004,158.62100000000004,158.65500000000003
2026-04-17 12:00:00+00:00,158.65500000000003,158.65800000000004,157.88300000000004,157.89000000000004
2026-04-17 13:00:00+00:00,157.89000000000004,157.99200000000002,157.54700000000005,157.66800000000003
2026-04-17 14:00:00+00:00,157.66800000000003,157.70800000000003,157.06700000000004,157.33100000000005
2026-04-17 15:00:00+00:00,157.33100000000005,157.65600000000003,157.27300000000002,157.58100000000005
2026-04-17 16:00:00+00:00,157.58100000000005,157.68100000000004,157.43800000000005,157.51800000000003
2026-04-17 17:00:00+00:00,157.51800000000003,157.75700000000003,157.51700000000002,157.64500000000004
2026-04-17 18:00:00+00:00,157.64500000000004,157.94500000000002,157.61500000000004,157.91700000000003
2026-04-17 19:00:00+00:00,157.91700000000003,158.06600000000003,157.84600000000003,158.04200000000003
2026-04-17 20:00:00+00:00,158.04200000000003,158.11500000000004,158.01300000000003,158.06600000000003
2026-04-19 21:00:00+00:00,158.06600000000003,158.22700000000003,158.06600000000003,158.20500000000004
2026-04-19 22:00:00+00:00,158.20500000000004,158.37500000000003,158.20100000000005,158.33800000000005
2026-04-19 23:00:00+00:00,158.33800000000005,158.53100000000003,158.26400000000004,158.48400000000004
2026-04-20 00:00:00+00:00,158.48400000000004,158.53300000000004,158.22100000000003,158.33200000000005
2026-04-20 01:00:00+00:00,158.33200000000005,158.34700000000004,158.16500000000005,158.19000000000003
2026-04-20 02:00:00+00:00,158.19000000000003,158.24300000000002,158.12100000000004,158.21200000000005
2026-04-20 03:00:00+00:00,158.21200000000005,158.26500000000004,158.13300000000004,158.21500000000003
2026-04-20 04:00:00+00:00,158.21500000000003,158.27800000000005,158.17400000000004,158.22800000000004
2026-04-20 05:00:00+00:00,158.22800000000004,158.33900000000003,158.22400000000005,158.28000000000003
2026-04-20 06:00:00+00:00,158.28000000000003,158.32800000000003,158.15100000000004,158.20300000000003
2026-04-20 07:00:00+00:00,158.20300000000003,158.38200000000003,158.05900000000003,158.29700000000005
2026-04-20 08:00:00+00:00,158.29700000000005,158.40600000000003,158.24600000000004,158.31100000000004
2026-04-20 09:00:00+00:00,158.31100000000004,158.36000000000004,158.21200000000005,158.25400000000005
2026-04-20 10:00:00+00:00,158.25400000000005,158.30300000000005,158.19000000000003,158.24100000000004
2026-04-20 11:00:00+00:00,158.24100000000004,158.28800000000004,158.08900000000003,158.16900000000004
2026-04-20 12:00:00+00:00,158.16900000000004,158.30300000000005,158.14000000000004,158.20900000000003
2026-04-20 13:00:00+00:00,158.20900000000003,158.26700000000002,157.89600000000004,157.96300000000005
2026-04-20 14:00:00+00:00,157.96300000000005,158.22400000000005,157.96100000000004,158.05000000000004
2026-04-20 15:00:00+00:00,158.05000000000004,158.12000000000003,157.88200000000003,158.00200000000004
2026-04-20 16:00:00+00:00,158.00200000000004,158.04200000000003,157.94600000000003,157.98500000000004
2026-04-20 17:00:00+00:00,157.98500000000004,158.10100000000003,157.94100000000003,158.09000000000003
2026-04-20 18:00:00+00:00,158.09000000000003,158.25500000000002,157.99800000000005,158.24100000000004
2026-04-20 19:00:00+00:00,158.24100000000004,158.25300000000004,158.12900000000005,158.17100000000005
2026-04-20 20:00:00+00:00,158.17100000000005,158.23600000000005,158.12300000000005,158.13700000000003
2026-04-20 21:00:00+00:00,158.13700000000003,158.14300000000003,157.99300000000008,158.02800000000008
2026-04-20 22:00:00+00:00,158.02800000000008,158.10100000000008,158.0180000000001,158.05600000000004
2026-04-20 23:00:00+00:00,158.05600000000004,158.14800000000005,158.04400000000004,158.13600000000005
2026-04-21 00:00:00+00:00,158.13600000000005,158.27800000000005,158.12000000000006,158.23600000000005
2026-04-21 01:00:00+00:00,158.23600000000005,158.26200000000006,158.19600000000003,158.23600000000005
2026-04-21 02:00:00+00:00,158.23600000000005,158.28200000000004,158.20700000000005,158.23700000000005
2026-04-21 03:00:00+00:00,158.23700000000005,158.27700000000004,158.21500000000006,158.27200000000005
2026-04-21 04:00:00+00:00,158.27200000000005,158.27700000000004,158.23300000000006,158.24300000000005
2026-04-21 05:00:00+00:00,158.24300000000005,158.24400000000006,158.13600000000005,158.19300000000004
2026-04-21 06:00:00+00:00,158.19300000000004,158.20200000000006,158.08000000000004,158.09900000000005
2026-04-21 07:00:00+00:00,158.09900000000005,158.31000000000006,158.08800000000005,158.30900000000003
2026-04-21 08:00:00+00:00,158.30900000000003,158.50200000000004,158.30200000000005,158.45900000000006
2026-04-21 09:00:00+00:00,158.45900000000006,158.54200000000006,158.38800000000006,158.48600000000005
2026-04-21 10:00:00+00:00,158.48600000000005,158.51800000000006,158.47200000000004,158.48000000000005
2026-04-21 11:00:00+00:00,158.48000000000005,158.53600000000006,158.32400000000004,158.33200000000005
2026-04-21 12:00:00+00:00,158.33200000000005,158.52900000000005,158.30200000000005,158.46500000000006
2026-04-21 13:00:00+00:00,158.46500000000006,158.48400000000004,158.30100000000004,158.37800000000004
2026-04-21 14:00:00+00:00,158.37800000000004,158.67000000000004,158.32400000000004,158.66000000000005
2026-04-21 15:00:00+00:00,158.66000000000005,158.73000000000005,158.56700000000004,158.68100000000004
2026-04-21 16:00:00+00:00,158.68100000000004,158.79300000000006,158.63300000000004,158.75300000000004
2026-04-21 17:00:00+00:00,158.75300000000004,158.90200000000004,158.45000000000005,158.61000000000004
2026-04-21 18:00:00+00:00,158.61000000000004,158.77800000000005,158.56900000000005,158.65900000000005
2026-04-21 19:00:00+00:00,158.65900000000005,158.92500000000004,158.51300000000006,158.89800000000005
2026-04-21 20:00:00+00:00,158.89800000000005,158.92500000000004,158.57800000000006,158.60900000000004
2026-04-21 21:00:00+00:00,158.60900000000004,158.71000000000004,158.59100000000004,158.67000000000004
2026-04-21 22:00:00+00:00,158.67000000000004,158.70400000000004,158.64200000000005,158.69800000000004
2026-04-21 23:00:00+00:00,158.69800000000004,158.74500000000006,158.64500000000004,158.66800000000006
2026-04-22 00:00:00+00:00,158.66800000000006,158.67000000000004,158.45900000000006,158.57800000000006
2026-04-22 01:00:00+00:00,158.57800000000006,158.61800000000005,158.51300000000006,158.54100000000005
2026-04-22 02:00:00+00:00,158.54100000000005,158.65900000000005,158.53500000000005,158.64200000000005
2026-04-22 03:00:00+00:00,158.64200000000005,158.68800000000005,158.62000000000006,158.68200000000004
2026-04-22 04:00:00+00:00,158.68200000000004,158.68200000000004,158.58300000000006,158.63000000000005
2026-04-22 05:00:00+00:00,158.63000000000005,158.63200000000006,158.38700000000006,158.51800000000006
2026-04-22 06:00:00+00:00,158.51800000000006,158.54400000000004,158.41600000000005,158.41600000000005
2026-04-22 07:00:00+00:00,158.41600000000005,158.58400000000006,158.39800000000005,158.50900000000004
2026-04-22 08:00:00+00:00,158.50900000000004,158.65700000000004,158.48800000000006,158.64400000000006
2026-04-22 09:00:00+00:00,158.64400000000006,158.65900000000005,158.60000000000005,158.62900000000005
2026-04-22 10:00:00+00:00,158.62900000000005,158.65500000000006,158.50200000000004,158.51400000000004
2026-04-22 11:00:00+00:00,158.51400000000004,158.56700000000004,158.48000000000005,158.53600000000006
2026-04-22 12:00:00+00:00,158.53600000000006,158.64800000000005,158.43400000000003,158.64600000000004
2026-04-22 13:00:00+00:00,158.64600000000004,158.65400000000005,158.39500000000004,158.46200000000005
2026-04-22 14:00:00+00:00,158.46200000000005,158.68100000000004,158.42600000000004,158.67800000000005
2026-04-22 15:00:00+00:00,158.67800000000005,158.80000000000004,158.65400000000005,158.78400000000005
2026-04-22 16:00:00+00:00,158.78400000000005,158.81700000000004,158.73400000000004,158.79300000000006
2026-04-22 17:00:00+00:00,158.79300000000006,158.80900000000003,158.71100000000004,158.72800000000004
2026-04-22 18:00:00+00:00,158.72800000000004,158.77700000000004,158.70200000000006,158.76900000000006
2026-04-22 19:00:00+00:00,158.76900000000006,158.83800000000005,158.74800000000005,158.83300000000006
2026-04-22 20:00:00+00:00,158.83300000000006,158.86000000000004,158.72400000000005,158.72400000000005
2026-04-22 21:00:00+00:00,158.72400000000005,158.78100000000003,158.66900000000004,158.722
2026-04-22 22:00:00+00:00,158.722,158.798,158.71400000000003,158.77900000000002
2026-04-22 23:00:00+00:00,158.77900000000002,158.80900000000003,158.746,158.79900000000004
2026-04-23 00:00:00+00:00,158.79900000000004,158.99800000000002,158.60500000000002,158.64
2026-04-23 01:00:00+00:00,158.64,158.728,158.60500000000002,158.69000000000003
2026-04-23 02:00:00+00:00,158.69000000000003,158.87500000000003,158.67300000000003,158.84600000000003
2026-04-23 03:00:00+00:00,158.84600000000003,158.86100000000002,158.78300000000002,158.85600000000002
2026-04-23 04:00:00+00:00,158.85600000000002,158.895,158.82600000000002,158.85600000000002
2026-04-23 05:00:00+00:00,158.85600000000002,158.91400000000002,158.823,158.84500000000003
2026-04-23 06:00:00+00:00,158.84500000000003,158.978,158.83300000000003,158.967
2026-04-23 07:00:00+00:00,158.967,159.008,158.907,158.91000000000005
2026-04-23 08:00:00+00:00,158.91000000000005,159.00700000000003,158.89700000000002,159.00100000000003
2026-04-23 09:00:00+00:00,159.00100000000003,159.05100000000002,158.96300000000002,159.04200000000003
2026-04-23 10:00:00+00:00,159.04200000000003,159.08900000000003,158.97400000000002,159.02500000000003
2026-04-23 11:00:00+00:00,159.02500000000003,159.06100000000004,158.80800000000002,158.86300000000003
2026-04-23 12:00:00+00:00,158.86300000000003,158.91100000000003,158.746,158.81500000000003
2026-04-23 13:00:00+00:00,158.81500000000003,158.937,158.77800000000002,158.88500000000002
2026-04-23 14:00:00+00:00,158.88500000000002,158.92800000000005,158.69000000000003,158.70600000000002
2026-04-23 15:00:00+00:00,158.70600000000002,158.79700000000005,158.62400000000002,158.752
2026-04-23 16:00:00+00:00,158.752,158.79900000000004,158.73600000000002,158.76700000000002
2026-04-23 17:00:00+00:00,158.76700000000002,159.157,158.76100000000002,158.86800000000002
2026-04-23 18:00:00+00:00,158.86800000000002,158.94600000000003,158.776,158.94000000000003
2026-04-23 19:00:00+00:00,158.94000000000003,159.06500000000003,158.91500000000002,159.008
2026-04-23 20:00:00+00:00,159.008,159.06300000000002,158.95700000000002,158.95700000000002
2026-04-23 21:00:00+00:00,158.95700000000002,159.072,158.93800000000002,159.007
2026-04-23 22:00:00+00:00,159.007,159.097,159.007,159.07500000000002
2026-04-23 23:00:00+00:00,159.07500000000002,159.16,159.074,159.124
2026-04-24 00:00:00+00:00,159.124,159.181,159.046,159.16400000000002
2026-04-24 01:00:00+00:00,159.16400000000002,159.18200000000002,159.126,159.12900000000002
2026-04-24 02:00:00+00:00,159.12900000000002,159.171,159.12300000000002,159.143
2026-04-24 03:00:00+00:00,159.143,159.213,159.137,159.16400000000002
2026-04-24 04:00:00+00:00,159.16400000000002,159.172,159.09900000000002,159.149
2026-04-24 05:00:00+00:00,159.149,159.18800000000002,159.122,159.142
2026-04-24 06:00:00+00:00,159.142,159.165,158.975,159.06
2026-04-24 07:00:00+00:00,159.06,159.09,159.001,159.042
2026-04-24 08:00:00+00:00,159.042,159.134,159.035,159.091
2026-04-24 09:00:00+00:00,159.091,159.133,159.062,159.11700000000002
2026-04-24 10:00:00+00:00,159.11700000000002,159.143,159.017,159.024
2026-04-24 11:00:00+00:00,159.024,159.047,158.708,158.8
2026-04-24 12:00:00+00:00,158.8,158.997,158.74800000000002,158.924
2026-04-24 13:00:00+00:00,158.924,159.024,158.846,158.96200000000002
2026-04-24 14:00:00+00:00,158.96200000000002,159.014,158.751,158.884
2026-04-24 15:00:00+00:00,158.884,158.96,158.702,158.727
2026-04-24 16:00:00+00:00,158.727,158.791,158.684,158.728
2026-04-24 17:00:00+00:00,158.728,158.802,158.679,158.786
2026-04-24 18:00:00+00:00,158.786,158.83700000000002,158.77,158.797
2026-04-24 19:00:00+00:00,158.797,158.821,158.745,158.787
2026-04-24 20:00:00+00:00,158.787,158.799,158.64800000000002,158.64800000000002
2026-04-26 21:00:00+00:00,158.64800000000002,158.64900000000003,158.54500000000002,158.56000000000003
2026-04-26 22:00:00+00:00,158.56000000000003,158.64600000000002,158.54100000000005,158.60000000000002
2026-04-26 23:00:00+00:00,158.60000000000002,158.65200000000002,158.55900000000003,158.63700000000003
2026-04-27 00:00:00+00:00,158.63700000000003,158.63800000000003,158.503,158.53500000000005
2026-04-27 01:00:00+00:00,158.53500000000005,158.53500000000005,158.30800000000002,158.38500000000002
2026-04-27 02:00:00+00:00,158.38500000000002,158.41900000000004,158.32200000000003,158.35600000000002
2026-04-27 03:00:00+00:00,158.35600000000002,158.36800000000002,158.24800000000002,158.28200000000004
2026-04-27 04:00:00+00:00,158.28200000000004,158.31400000000002,158.20600000000002,158.29100000000005
2026-04-27 05:00:00+00:00,158.29100000000005,158.47400000000002,158.28700000000003,158.467
2026-04-27 06:00:00+00:00,158.467,158.53800000000004,158.31400000000002,158.31900000000002
2026-04-27 07:00:00+00:00,158.31900000000002,158.35700000000003,158.23900000000003,158.28400000000002
2026-04-27 08:00:00+00:00,158.28400000000002,158.32600000000002,158.16600000000005,158.205
2026-04-27 09:00:00+00:00,158.205,158.28800000000004,158.14800000000002,158.28000000000003
2026-04-27 10:00:00+00:00,158.28000000000003,158.32700000000003,158.18700000000004,158.205
2026-04-27 11:00:00+00:00,158.205,158.26800000000003,158.16000000000005,158.25100000000003
2026-04-27 12:00:00+00:00,158.25100000000003,158.28900000000002,158.16100000000003,158.28500000000005
2026-04-27 13:00:00+00:00,158.28500000000005,158.34100000000004,158.199,158.31400000000002
2026-04-27 14:00:00+00:00,158.31400000000002,158.34600000000003,158.16300000000004,158.27200000000002
2026-04-27 15:00:00+00:00,158.27200000000002,158.36900000000003,158.26700000000002,158.35100000000003
2026-04-27 16:00:00+00:00,158.35100000000003,158.44100000000003,158.33300000000003,158.44000000000003
2026-04-27 17:00:00+00:00,158.44000000000003,158.51700000000002,158.40200000000002,158.44000000000003
2026-04-27 18:00:00+00:00,158.44000000000003,158.50700000000003,158.43900000000002,158.49800000000002
2026-04-27 19:00:00+00:00,158.49800000000002,158.503,158.42300000000003,158.47500000000002
2026-04-27 20:00:00+00:00,158.47500000000002,158.48300000000003,158.43500000000003,158.46500000000003
2026-04-27 21:00:00+00:00,158.46500000000003,158.49400000000006,158.41000000000005,158.46500000000006
2026-04-27 22:00:00+00:00,158.46500000000006,158.54900000000006,158.46300000000008,158.50100000000006
2026-04-27 23:00:00+00:00,158.50100000000006,158.54200000000006,158.44600000000003,158.45800000000006
2026-04-28 00:00:00+00:00,158.45800000000006,158.57900000000006,158.40200000000007,158.56100000000006
2026-04-28 01:00:00+00:00,158.56100000000006,158.64400000000006,158.55800000000008,158.64300000000006
2026-04-28 02:00:00+00:00,158.64300000000006,158.66100000000006,158.58100000000007,158.60100000000006
2026-04-28 03:00:00+00:00,158.60100000000006,158.65400000000005,158.07300000000006,158.16800000000006
2026-04-28 04:00:00+00:00,158.16800000000006,158.18100000000007,158.05100000000007,158.17500000000007
2026-04-28 05:00:00+00:00,158.17500000000007,158.30400000000006,158.14600000000007,158.28800000000007
2026-04-28 06:00:00+00:00,158.28800000000007,158.45300000000006,158.12400000000005,158.44600000000003
2026-04-28 07:00:00+00:00,158.44600000000003,158.63800000000006,158.36100000000008,158.62800000000007
2026-04-28 08:00:00+00:00,158.62800000000007,158.77800000000008,158.54800000000006,158.56800000000007
2026-04-28 09:00:00+00:00,158.56800000000007,158.68700000000007,158.50900000000007,158.66500000000008
2026-04-28 10:00:00+00:00,158.66500000000008,158.74000000000007,158.62800000000007,158.7280000000001
2026-04-28 11:00:00+00:00,158.7280000000001,158.88000000000005,158.69500000000008,158.85100000000006
2026-04-28 12:00:00+00:00,158.85100000000006,158.87600000000006,158.50700000000006,158.55600000000007
2026-04-28 13:00:00+00:00,158.55600000000007,158.69900000000007,158.52600000000007,158.60600000000005
2026-04-28 14:00:00+00:00,158.60600000000005,158.84400000000008,158.60000000000008,158.81400000000008
2026-04-28 15:00:00+00:00,158.81400000000008,158.81500000000003,158.62100000000007,158.63500000000008
2026-04-28 16:00:00+00:00,158.63500000000008,158.71700000000007,158.60200000000006,158.65300000000008
2026-04-28 17:00:00+00:00,158.65300000000008,158.71900000000008,158.60100000000006,158.63500000000008
2026-04-28 18:00:00+00:00,158.63500000000008,158.72100000000006,158.61100000000008,158.71200000000007
2026-04-28 19:00:00+00:00,158.71200000000007,158.77900000000005,158.67100000000008,158.75100000000006
2026-04-28 20:00:00+00:00,158.75100000000006,158.75600000000006,158.68500000000006,158.70400000000006
2026-04-28 21:00:00+00:00,158.70400000000006,158.70900000000006,158.58300000000006,158.62300000000008
2026-04-28 22:00:00+00:00,158.62300000000008,158.68800000000007,158.61700000000008,158.6550000000001
2026-04-28 23:00:00+00:00,158.6550000000001,158.6800000000001,158.62200000000007,158.64200000000008
2026-04-29 00:00:00+00:00,158.64200000000008,158.6800000000001,158.6020000000001,158.63400000000007
2026-04-29 01:00:00+00:00,158.63400000000007,158.74900000000008,158.61000000000007,158.69600000000008
2026-04-29 02:00:00+00:00,158.69600000000008,158.71800000000007,158.6560000000001,158.70800000000008
2026-04-29 03:00:00+00:00,158.70800000000008,158.72300000000007,158.6730000000001,158.70200000000008
2026-04-29 04:00:00+00:00,158.70200000000008,158.7330000000001,158.70100000000008,158.7220000000001
2026-04-29 05:00:00+00:00,158.7220000000001,158.7990000000001,158.71800000000007,158.79500000000007
2026-04-29 06:00:00+00:00,158.79500000000007,158.82000000000008,158.69000000000008,158.74100000000007
2026-04-29 07:00:00+00:00,158.74100000000007,158.7870000000001,158.7040000000001,158.75500000000008
2026-04-29 08:00:00+00:00,158.75500000000008,158.87100000000007,158.7220000000001,158.86700000000008
2026-04-29 09:00:00+00:00,158.86700000000008,158.92700000000008,158.8350000000001,158.9170000000001
2026-04-29 10:00:00+00:00,158.9170000000001,158.9230000000001,158.83300000000008,158.83800000000008
2026-04-29 11:00:00+00:00,158.83800000000008,158.93700000000007,158.82100000000008,158.9300000000001
2026-04-29 12:00:00+00:00,158.9300000000001,159.06200000000007,158.9000000000001,159.0610000000001
2026-04-29 13:00:00+00:00,159.0610000000001,159.27300000000008,159.03400000000008,159.2680000000001
2026-04-29 14:00:00+00:00,159.2680000000001,159.2860000000001,159.09300000000007,159.1860000000001
2026-04-29 15:00:00+00:00,159.1860000000001,159.40900000000008,159.1790000000001,159.31800000000007
2026-04-29 16:00:00+00:00,159.31800000000007,159.40200000000007,159.2510000000001,159.39500000000007
2026-04-29 17:00:00+00:00,159.39500000000007,159.45000000000007,159.24600000000007,159.25600000000009
2026-04-29 18:00:00+00:00,159.25600000000009,159.51200000000009,159.24600000000007,159.43000000000006
2026-04-29 19:00:00+00:00,159.43000000000006,159.52500000000006,159.36800000000008,159.46400000000008
2026-04-29 20:00:00+00:00,159.46400000000008,159.55500000000006,159.43700000000007,159.51700000000008
2026-04-29 21:00:00+00:00,159.51700000000008,159.51700000000008,159.33700000000002,159.40200000000002
2026-04-29 22:00:00+00:00,159.40200000000002,159.50600000000003,159.38700000000003,159.395
2026-04-29 23:00:00+00:00,159.395,159.413,159.21800000000002,159.26200000000003
2026-04-30 00:00:00+00:00,159.26200000000003,159.36800000000002,159.13700000000003,159.36100000000002
2026-04-30 01:00:00+00:00,159.36100000000002,159.384,159.276,159.29200000000003
2026-04-30 02:00:00+00:00,159.29200000000003,159.467,159.27700000000002,159.41000000000005
2026-04-30 03:00:00+00:00,159.41000000000005,159.491,159.38600000000002,159.49
2026-04-30 04:00:00+00:00,159.49,159.64600000000002,159.42800000000005,159.59900000000002
2026-04-30 05:00:00+00:00,159.59900000000002,159.722,159.52900000000002,159.722
2026-04-30 06:00:00+00:00,159.722,159.78900000000002,159.598,159.67700000000002
2026-04-30 07:00:00+00:00,159.67700000000002,159.68500000000003,158.85000000000002,159.198
2026-04-30 08:00:00+00:00,159.198,159.23700000000002,158.51600000000002,158.651
2026-04-30 09:00:00+00:00,158.651,158.657,158.288,158.406
2026-04-30 10:00:00+00:00,158.406,158.419,156.04800000000003,156.23200000000003
2026-04-30 11:00:00+00:00,156.23200000000003,156.53300000000002,154.60000000000002,155.44100000000003
2026-04-30 12:00:00+00:00,155.44100000000003,156.17100000000002,155.40800000000002,155.88700000000003
2026-04-30 13:00:00+00:00,155.88700000000003,156.02300000000002,155.26600000000002,155.98600000000002
2026-04-30 14:00:00+00:00,155.98600000000002,156.025,155.52700000000002,155.741
2026-04-30 15:00:00+00:00,155.741,155.89800000000002,155.66600000000005,155.73000000000002
2026-04-30 16:00:00+00:00,155.73000000000002,155.806,155.57000000000002,155.64200000000002
2026-04-30 17:00:00+00:00,155.64200000000002,155.763,155.49200000000002,155.549
2026-04-30 18:00:00+00:00,155.549,155.55,155.38000000000002,155.479
2026-04-30 19:00:00+00:00,155.479,155.63500000000002,155.36900000000003,155.633
2026-04-30 20:00:00+00:00,155.633,155.692,155.574,155.657
2026-04-30 21:00:00+00:00,155.657,155.76000000000002,155.54,155.69500000000002
2026-04-30 22:00:00+00:00,155.69500000000002,155.87300000000002,155.68900000000002,155.786
2026-04-30 23:00:00+00:00,155.786,156.143,155.765,156.11
2026-05-01 00:00:00+00:00,156.11,156.429,156.086,156.20100000000002
2026-05-01 01:00:00+00:00,156.20100000000002,156.37900000000002,156.169,156.318
2026-05-01 02:00:00+00:00,156.318,156.45100000000002,156.251,156.36
2026-05-01 03:00:00+00:00,156.36,156.413,156.11200000000002,156.31
2026-05-01 04:00:00+00:00,156.31,156.40200000000002,156.235,156.36800000000002
2026-05-01 05:00:00+00:00,156.36800000000002,156.42100000000002,156.32500000000002,156.40200000000002
2026-05-01 06:00:00+00:00,156.40200000000002,156.417,154.61200000000002,155.086
2026-05-01 07:00:00+00:00,155.086,155.842,154.98100000000002,155.74300000000002
2026-05-01 08:00:00+00:00,155.74300000000002,155.78,155.381,155.59300000000002
2026-05-01 09:00:00+00:00,155.59300000000002,155.882,155.547,155.703
2026-05-01 10:00:00+00:00,155.703,155.75,155.608,155.71300000000002
2026-05-01 11:00:00+00:00,155.71300000000002,155.746,155.55700000000002,155.705
2026-05-01 12:00:00+00:00,155.705,155.76600000000002,155.506,155.71900000000002
2026-05-01 13:00:00+00:00,155.71900000000002,155.87900000000002,155.453,155.61100000000002
2026-05-01 14:00:00+00:00,155.61100000000002,155.846,155.488,155.762
2026-05-01 15:00:00+00:00,155.762,156.014,155.744,155.884
2026-05-01 16:00:00+00:00,155.884,156.066,155.79000000000002,156.06400000000002
2026-05-01 17:00:00+00:00,156.06400000000002,156.151,155.97400000000002,156.055
2026-05-01 18:00:00+00:00,156.055,156.244,156.03300000000002,156.138
2026-05-01 19:00:00+00:00,156.138,156.214,156.12400000000002,156.186
2026-05-01 20:00:00+00:00,156.186,156.205,156.083,156.144
2026-05-03 21:00:00+00:00,156.144,156.18700000000004,156.08100000000005,156.09100000000004
2026-05-03 22:00:00+00:00,156.09100000000004,156.34600000000003,156.09100000000004,156.25200000000004
2026-05-03 23:00:00+00:00,156.25200000000004,156.32200000000003,156.21200000000002,156.32100000000003
2026-05-04 00:00:00+00:00,156.32100000000003,156.41400000000004,156.28500000000005,156.32800000000003
2026-05-04 01:00:00+00:00,156.32800000000003,156.49900000000002,156.01300000000003,156.45800000000003
2026-05-04 02:00:00+00:00,156.45800000000003,156.61700000000002,156.44400000000002,156.54500000000004
2026-05-04 03:00:00+00:00,156.54500000000004,156.66700000000003,155.10600000000002,155.62200000000004
2026-05-04 04:00:00+00:00,155.62200000000004,156.21200000000002,155.55100000000004,156.14700000000002
2026-05-04 05:00:00+00:00,156.14700000000002,156.28200000000004,155.94600000000003,156.20300000000003
2026-05-04 06:00:00+00:00,156.20300000000003,156.35700000000003,156.15100000000004,156.34100000000004
2026-05-04 07:00:00+00:00,156.34100000000004,156.40300000000002,156.23700000000002,156.31300000000002
2026-05-04 08:00:00+00:00,156.31300000000002,156.39900000000003,156.30500000000004,156.37100000000004
2026-05-04 09:00:00+00:00,156.37100000000004,156.43300000000002,156.31100000000004,156.38600000000002
2026-05-04 10:00:00+00:00,156.38600000000002,156.62200000000004,156.37600000000003,156.53500000000005
2026-05-04 11:00:00+00:00,156.53500000000005,156.60300000000004,156.48100000000002,156.59300000000002
2026-05-04 12:00:00+00:00,156.59300000000002,156.60000000000002,156.44200000000004,156.55800000000002
2026-05-04 13:00:00+00:00,156.55800000000002,156.60200000000003,156.38900000000004,156.43500000000003
2026-05-04 14:00:00+00:00,156.43500000000003,156.57600000000002,156.34400000000002,156.51000000000002
2026-05-04 15:00:00+00:00,156.51000000000002,156.71700000000004,156.35900000000004,156.61700000000002
2026-05-04 16:00:00+00:00,156.61700000000002,156.72300000000004,156.55300000000005,156.68800000000002
2026-05-04 17:00:00+00:00,156.68800000000002,156.70600000000002,156.58500000000004,156.64700000000002
2026-05-04 18:00:00+00:00,156.64700000000002,156.69800000000004,155.95400000000004,156.14500000000004
2026-05-04 19:00:00+00:00,156.14500000000004,156.55100000000004,156.14500000000004,156.51700000000002
2026-05-04 20:00:00+00:00,156.51700000000002,156.70700000000002,156.51700000000002,156.63700000000003
2026-05-04 21:00:00+00:00,156.63700000000003,156.63700000000003,156.52100000000002,156.53800000000004
2026-05-04 22:00:00+00:00,156.53800000000004,156.68900000000002,156.53700000000003,156.64900000000003
2026-05-04 23:00:00+00:00,156.64900000000003,156.65500000000003,156.58900000000003,156.63500000000002
2026-05-05 00:00:00+00:00,156.63500000000002,156.67300000000003,156.586,156.63000000000002
2026-05-05 01:00:00+00:00,156.63000000000002,156.68800000000002,156.60600000000002,156.62900000000002
2026-05-05 02:00:00+00:00,156.62900000000002,156.65000000000003,156.60500000000002,156.64
2026-05-05 03:00:00+00:00,156.64,156.687,156.63100000000003,156.68500000000003
2026-05-05 04:00:00+00:00,156.68500000000003,156.717,156.65400000000002,156.70400000000004
2026-05-05 05:00:00+00:00,156.70400000000004,156.71800000000002,156.63000000000002,156.69700000000003
2026-05-05 06:00:00+00:00,156.69700000000003,156.72000000000003,156.60900000000004,156.64200000000002
2026-05-05 07:00:00+00:00,156.64200000000002,156.65800000000002,156.49400000000003,156.65600000000003
2026-05-05 08:00:00+00:00,156.65600000000003,156.70400000000004,156.62100000000004,156.69800000000004
2026-05-05 09:00:00+00:00,156.69800000000004,157.31100000000004,156.51300000000003,156.92800000000005
2026-05-05 10:00:00+00:00,156.92800000000005,157.08800000000002,156.90700000000004,157.03300000000002
2026-05-05 11:00:00+00:00,157.03300000000002,157.21000000000004,157.02800000000002,157.16300000000004
2026-05-05 12:00:00+00:00,157.16300000000004,157.25800000000004,157.05500000000004,157.18600000000004
2026-05-05 13:00:00+00:00,157.18600000000004,157.21400000000003,157.09100000000004,157.17100000000002
2026-05-05 14:00:00+00:00,157.17100000000002,157.24600000000004,157.08900000000003,157.098
2026-05-05 15:00:00+00:00,157.098,157.15000000000003,157.02500000000003,157.098
2026-05-05 16:00:00+00:00,157.098,157.22000000000003,157.07100000000003,157.20700000000002
2026-05-05 17:00:00+00:00,157.20700000000002,157.30400000000003,157.187,157.26900000000003
2026-05-05 18:00:00+00:00,157.26900000000003,157.33800000000002,157.25400000000002,157.29400000000004
2026-05-05 19:00:00+00:00,157.29400000000004,157.33400000000003,157.27900000000002,157.30100000000002
2026-05-05 20:00:00+00:00,157.30100000000002,157.31700000000004,157.25800000000004,157.29000000000002
2026-05-05 21:00:00+00:00,157.29000000000002,157.30800000000002,157.211,157.306
2026-05-05 22:00:00+00:00,157.306,157.35300000000004,157.00100000000003,157.14200000000002
2026-05-05 23:00:00+00:00,157.14200000000002,157.14900000000003,156.961,157.09700000000004
2026-05-06 00:00:00+00:00,157.09700000000004,157.12600000000003,156.97000000000003,157.01100000000002
2026-05-06 01:00:00+00:00,157.01100000000002,157.11500000000004,156.99600000000004,157.11500000000004
2026-05-06 02:00:00+00:00,157.11500000000004,157.24900000000002,157.07100000000003,157.23300000000003
2026-05-06 03:00:00+00:00,157.23300000000003,157.30900000000003,157.14200000000002,157.193
2026-05-06 04:00:00+00:00,157.193,157.24300000000002,154.443,155.35200000000003
2026-05-06 05:00:00+00:00,155.35200000000003,155.80500000000004,155.16700000000003,155.73300000000003
2026-05-06 06:00:00+00:00,155.73300000000003,155.87400000000002,155.72100000000003,155.80500000000004
2026-05-06 07:00:00+00:00,155.80500000000004,155.985,155.14100000000002,155.23200000000003
2026-05-06 08:00:00+00:00,155.23200000000003,155.71200000000002,155.17200000000005,155.39500000000004
2026-05-06 09:00:00+00:00,155.39500000000004,155.52500000000003,155.33300000000003,155.34400000000002
2026-05-06 10:00:00+00:00,155.34400000000002,155.54000000000002,155.03100000000003,155.17400000000004
2026-05-06 11:00:00+00:00,155.17400000000004,155.52200000000002,155.11700000000002,155.503
2026-05-06 12:00:00+00:00,155.503,155.72600000000003,155.50200000000004,155.69800000000004
2026-05-06 13:00:00+00:00,155.69800000000004,155.73300000000003,155.46900000000002,155.53300000000002
2026-05-06 14:00:00+00:00,155.53300000000002,155.71400000000003,155.46400000000003,155.69700000000003
2026-05-06 15:00:00+00:00,155.69700000000003,155.87700000000004,155.687,155.85700000000003
2026-05-06 16:00:00+00:00,155.85700000000003,155.90800000000002,155.78200000000004,155.84700000000004
2026-05-06 17:00:00+00:00,155.84700000000004,155.93200000000002,155.77000000000004,155.90500000000003
2026-05-06 18:00:00+00:00,155.90500000000003,155.90600000000003,155.77800000000002,155.82200000000003
2026-05-06 19:00:00+00:00,155.82200000000003,155.86,155.76800000000003,155.83900000000003
2026-05-06 20:00:00+00:00,155.83900000000003,155.872,155.70900000000003,155.747
2026-05-06 21:00:00+00:00,155.747,155.75100000000003,155.64,155.653
2026-05-06 22:00:00+00:00,155.653,155.808,155.653,155.762
2026-05-06 23:00:00+00:00,155.762,155.94899999999998,155.703,155.94299999999998
2026-05-07 00:00:00+00:00,155.94299999999998,155.94899999999998,155.638,155.747
2026-05-07 01:00:00+00:00,155.747,155.777,155.44799999999998,155.64
2026-05-07 02:00:00+00:00,155.64,155.774,155.57399999999998,155.761
2026-05-07 03:00:00+00:00,155.761,155.85899999999998,155.72899999999998,155.838
2026-05-07 04:00:00+00:00,155.838,155.841,155.731,155.782
2026-05-07 05:00:00+00:00,155.782,155.819,155.73,155.797
2026-05-07 06:00:00+00:00,155.797,155.834,155.52700000000002,155.714
2026-05-07 07:00:00+00:00,155.714,155.719,155.446,155.687
2026-05-07 08:00:00+00:00,155.687,155.762,155.607,155.749
2026-05-07 09:00:00+00:00,155.749,155.841,155.728,155.798
2026-05-07 10:00:00+00:00,155.798,155.827,155.712,155.821
2026-05-07 11:00:00+00:00,155.821,155.897,155.77100000000002,155.827
2026-05-07 12:00:00+00:00,155.827,155.845,155.666,155.708
2026-05-07 13:00:00+00:00,155.708,155.827,155.677,155.763
2026-05-07 14:00:00+00:00,155.763,155.826,155.601,155.675
2026-05-07 15:00:00+00:00,155.675,155.933,155.67000000000002,155.907
2026-05-07 16:00:00+00:00,155.907,156.069,155.891,156.057
2026-05-07 17:00:00+00:00,156.057,156.284,156.053,156.093
2026-05-07 18:00:00+00:00,156.093,156.284,156.029,156.168
2026-05-07 19:00:00+00:00,156.168,156.302,156.11,156.298
2026-05-07 20:00:00+00:00,156.298,156.378,156.168,156.297
2026-05-07 21:00:00+00:00,156.297,156.40800000000002,156.14499999999998,156.32300000000004
2026-05-07 22:00:00+00:00,156.32300000000004,156.46000000000004,156.32300000000004,156.39600000000004
2026-05-07 23:00:00+00:00,156.39600000000004,156.42300000000003,156.33100000000005,156.35700000000003
2026-05-08 00:00:00+00:00,156.35700000000003,156.49600000000004,156.32300000000004,156.47600000000003
2026-05-08 01:00:00+00:00,156.47600000000003,156.48100000000002,156.36200000000002,156.41100000000003
2026-05-08 02:00:00+00:00,156.41100000000003,156.46400000000003,156.38000000000002,156.39700000000002
2026-05-08 03:00:00+00:00,156.39700000000002,156.40400000000002,156.27600000000004,156.34600000000006
2026-05-08 04:00:00+00:00,156.34600000000006,156.40800000000004,156.33400000000006,156.35600000000005
2026-05-08 05:00:00+00:00,156.35600000000005,156.39300000000006,156.31900000000005,156.34300000000005
2026-05-08 06:00:00+00:00,156.34300000000005,156.35500000000005,156.21800000000005,156.33900000000006
2026-05-08 07:00:00+00:00,156.33900000000006,156.36100000000005,156.24700000000004,156.33900000000006
2026-05-08 08:00:00+00:00,156.33900000000006,156.36500000000007,156.14600000000004,156.21200000000005
2026-05-08 09:00:00+00:00,156.21200000000005,156.21900000000005,156.13700000000006,156.18700000000004
2026-05-08 10:00:00+00:00,156.18700000000004,156.29600000000005,156.16100000000006,156.27800000000005
2026-05-08 11:00:00+00:00,156.27800000000005,156.29500000000004,156.23300000000006,156.25700000000006
2026-05-08 12:00:00+00:00,156.25700000000006,156.32800000000006,156.02600000000004,156.14600000000004
2026-05-08 13:00:00+00:00,156.14600000000004,156.21000000000006,155.93900000000005,156.02700000000004
2026-05-08 14:00:00+00:00,156.02700000000004,156.17200000000005,156.00400000000005,156.13300000000007
2026-05-08 15:00:00+00:00,156.13300000000007,156.17800000000005,156.06100000000006,156.15200000000004
2026-05-08 16:00:00+00:00,156.15200000000004,156.21300000000005,156.10500000000005,156.20600000000005
2026-05-08 17:00:00+00:00,156.20600000000005,156.22400000000005,156.12000000000006,156.19700000000006
2026-05-08 18:00:00+00:00,156.19700000000006,156.25400000000005,156.10000000000005,156.20400000000006
2026-05-08 19:00:00+00:00,156.20400000000006,156.28300000000004,156.17800000000005,156.23700000000005
2026-05-08 20:00:00+00:00,156.23700000000005,156.26400000000007,156.15400000000005,156.15400000000005
2026-05-10 21:00:00+00:00,156.15400000000005,156.41400000000004,156.14400000000006,156.40100000000004
2026-05-10 22:00:00+00:00,156.40100000000004,156.66200000000003,156.39800000000002,156.59900000000005
2026-05-10 23:00:00+00:00,156.59900000000005,156.60200000000003,156.53300000000004,156.56600000000003
2026-05-11 00:00:00+00:00,156.56600000000003,156.76300000000003,156.53300000000004,156.63200000000003
2026-05-11 01:00:00+00:00,156.63200000000003,156.79700000000005,156.62300000000005,156.79500000000004
2026-05-11 02:00:00+00:00,156.79500000000004,156.85100000000003,156.75300000000004,156.84300000000005
2026-05-11 03:00:00+00:00,156.84300000000005,156.87600000000003,156.79600000000005,156.85800000000003
2026-05-11 04:00:00+00:00,156.85800000000003,156.86400000000003,156.79400000000004,156.82500000000005
2026-05-11 05:00:00+00:00,156.82500000000005,156.85000000000005,156.77000000000004,156.83700000000005
2026-05-11 06:00:00+00:00,156.83700000000005,156.85100000000006,156.68900000000005,156.69800000000004
2026-05-11 07:00:00+00:00,156.69800000000004,156.83700000000005,156.69000000000003,156.82500000000005
2026-05-11 08:00:00+00:00,156.82500000000005,156.84800000000004,156.65400000000005,156.79000000000005
2026-05-11 09:00:00+00:00,156.79000000000005,156.84700000000004,156.77100000000004,156.84700000000004
2026-05-11 10:00:00+00:00,156.84700000000004,156.86300000000006,156.78400000000005,156.84400000000005
2026-05-11 11:00:00+00:00,156.84400000000005,156.84900000000005,156.77300000000005,156.82200000000006
2026-05-11 12:00:00+00:00,156.82200000000006,156.84100000000004,156.76400000000004,156.82000000000005
2026-05-11 13:00:00+00:00,156.82000000000005,156.83000000000004,156.70000000000005,156.73700000000005
2026-05-11 14:00:00+00:00,156.73700000000005,156.79800000000006,156.68100000000004,156.70100000000005
2026-05-11 15:00:00+00:00,156.70100000000005,156.77400000000006,156.68500000000006,156.74900000000005
2026-05-11 16:00:00+00:00,156.74900000000005,156.86600000000004,156.73700000000005,156.85900000000004
2026-05-11 17:00:00+00:00,156.85900000000004,156.91500000000005,156.80700000000004,156.81400000000005
2026-05-11 18:00:00+00:00,156.81400000000005,156.91100000000006,156.79500000000004,156.90700000000004
2026-05-11 19:00:00+00:00,156.90700000000004,156.96900000000005,156.90200000000004,156.94500000000005
2026-05-11 20:00:00+00:00,156.94500000000005,156.97500000000005,156.82400000000004,156.83900000000006
2026-05-11 21:00:00+00:00,156.83900000000006,156.89200000000005,156.74200000000008,156.82400000000004
2026-05-11 22:00:00+00:00,156.82400000000004,156.92900000000006,156.82400000000004,156.92200000000005
2026-05-11 23:00:00+00:00,156.92200000000005,156.97300000000004,156.91100000000006,156.96800000000005
2026-05-12 00:00:00+00:00,156.96800000000005,157.16000000000005,156.96600000000004,157.14500000000004
2026-05-12 01:00:00+00:00,157.14500000000004,157.31200000000004,157.10300000000004,157.26000000000005
2026-05-12 02:00:00+00:00,157.26000000000005,157.37900000000005,157.25300000000004,157.31300000000005
2026-05-12 03:00:00+00:00,157.31300000000005,157.36700000000005,157.27000000000004,157.33600000000004
2026-05-12 04:00:00+00:00,157.33600000000004,157.36600000000004,157.27400000000006,157.30900000000003
2026-05-12 05:00:00+00:00,157.30900000000003,157.47600000000006,156.44000000000003,157.03200000000004
2026-05-12 06:00:00+00:00,157.03200000000004,157.25400000000005,156.77200000000005,157.24000000000004
2026-05-12 07:00:00+00:00,157.24000000000004,157.29400000000004,157.11300000000006,157.23100000000005
2026-05-12 08:00:00+00:00,157.23100000000005,157.38300000000004,157.21500000000006,157.34400000000005
2026-05-12 09:00:00+00:00,157.34400000000005,157.39400000000003,157.26200000000006,157.28700000000003
2026-05-12 10:00:00+00:00,157.28700000000003,157.34100000000004,157.21900000000005,157.28800000000004
2026-05-12 11:00:00+00:00,157.28800000000004,157.33200000000005,157.22300000000004,157.29900000000004
2026-05-12 12:00:00+00:00,157.29900000000004,157.36700000000005,157.24100000000004,157.27900000000005
2026-05-12 13:00:00+00:00,157.27900000000005,157.39300000000006,157.20500000000004,157.37600000000003
2026-05-12 14:00:00+00:00,157.37600000000003,157.42700000000005,157.30000000000004,157.34900000000005
2026-05-12 15:00:00+00:00,157.34900000000005,157.47700000000006,157.33800000000005,157.44000000000003
2026-05-12 16:00:00+00:00,157.44000000000003,157.49100000000004,157.40200000000004,157.47900000000004
2026-05-12 17:00:00+00:00,157.47900000000004,157.48100000000005,157.40700000000004,157.42100000000005
2026-05-12 18:00:00+00:00,157.42100000000005,157.44900000000004,157.31100000000004,157.32000000000005
2026-05-12 19:00:00+00:00,157.32000000000005,157.36400000000003,157.24400000000006,157.36400000000003
2026-05-12 20:00:00+00:00,157.36400000000003,157.38600000000005,157.31900000000005,157.34200000000004
2026-05-12 21:00:00+00:00,157.34200000000004,157.38200000000003,157.21400000000006,157.30300000000005
2026-05-12 22:00:00+00:00,157.30300000000005,157.38100000000003,157.30100000000004,157.35800000000003
2026-05-12 23:00:00+00:00,157.35800000000003,157.43600000000004,157.31100000000004,157.43000000000004
2026-05-13 00:00:00+00:00,157.43000000000004,157.52700000000004,157.39400000000003,157.46600000000004
2026-05-13 01:00:00+00:00,157.46600000000004,157.54200000000003,157.32600000000002,157.41100000000003
2026-05-13 02:00:00+00:00,157.41100000000003,157.48800000000003,157.35900000000004,157.41700000000003
2026-05-13 03:00:00+00:00,157.41700000000003,157.44600000000003,157.38600000000002,157.44000000000003
2026-05-13 04:00:00+00:00,157.44000000000003,157.51100000000002,157.43000000000004,157.47900000000004
2026-05-13 05:00:00+00:00,157.47900000000004,157.49700000000004,157.44300000000004,157.44300000000004
2026-05-13 06:00:00+00:00,157.44300000000004,157.54700000000005,157.44300000000004,157.52900000000002
2026-05-13 07:00:00+00:00,157.52900000000002,157.60600000000002,157.43600000000004,157.59300000000005
2026-05-13 08:00:00+00:00,157.59300000000005,157.60400000000004,157.50800000000004,157.56700000000004
2026-05-13 09:00:00+00:00,157.56700000000004,157.65600000000003,157.54400000000004,157.59500000000003
2026-05-13 10:00:00+00:00,157.59500000000003,157.61500000000004,157.54000000000002,157.57400000000004
2026-05-13 11:00:00+00:00,157.57400000000004,157.59600000000003,157.50200000000004,157.52600000000004
2026-05-13 12:00:00+00:00,157.52600000000004,157.65700000000004,157.51300000000003,157.60500000000005
2026-05-13 13:00:00+00:00,157.60500000000005,157.62200000000004,157.51800000000003,157.53300000000004
2026-05-13 14:00:00+00:00,157.53300000000004,157.65600000000003,157.51600000000005,157.62100000000004
2026-05-13 15:00:00+00:00,157.62100000000004,157.63500000000005,157.53400000000002,157.59700000000004
2026-05-13 16:00:00+00:00,157.59700000000004,157.62100000000004,157.50600000000003,157.61400000000003
2026-05-13 17:00:00+00:00,157.61400000000003,157.68500000000003,157.59200000000004,157.68200000000004
2026-05-13 18:00:00+00:00,157.68200000000004,157.68400000000003,157.61500000000004,157.65400000000002
2026-05-13 19:00:00+00:00,157.65400000000002,157.66100000000003,157.59700000000004,157.63100000000003
2026-05-13 20:00:00+00:00,157.63100000000003,157.66200000000003,157.60700000000003,157.60700000000003
2026-05-13 21:00:00+00:00,157.60700000000003,157.63600000000002,157.47000000000003,157.55700000000004
2026-05-13 22:00:00+00:00,157.55700000000004,157.62300000000005,157.55700000000004,157.58600000000004
2026-05-13 23:00:00+00:00,157.58600000000004,157.64100000000005,157.55600000000004,157.63500000000005
2026-05-14 00:00:00+00:00,157.63500000000005,157.65000000000003,157.58500000000004,157.62800000000004
2026-05-14 01:00:00+00:00,157.62800000000004,157.69900000000004,157.62500000000003,157.68900000000002
2026-05-14 02:00:00+00:00,157.68900000000002,157.72900000000004,157.66400000000004,157.70000000000005
2026-05-14 03:00:00+00:00,157.70000000000005,157.77800000000002,157.69900000000004,157.75100000000003
2026-05-14 04:00:00+00:00,157.75100000000003,157.75600000000003,157.28400000000002,157.64900000000003
2026-05-14 05:00:00+00:00,157.64900000000003,157.72700000000003,157.64300000000003,157.69000000000003
2026-05-14 06:00:00+00:00,157.69000000000003,157.69500000000002,157.58900000000003,157.62400000000002
2026-05-14 07:00:00+00:00,157.62400000000002,157.71800000000002,157.59900000000002,157.69400000000002
2026-05-14 08:00:00+00:00,157.69400000000002,157.72800000000004,157.63300000000004,157.67900000000003
2026-05-14 09:00:00+00:00,157.67900000000003,157.70800000000003,157.66500000000002,157.69200000000004
2026-05-14 10:00:00+00:00,157.69200000000004,157.72300000000004,157.65300000000002,157.71400000000003
2026-05-14 11:00:00+00:00,157.71400000000003,157.75700000000003,157.68800000000002,157.75200000000004
2026-05-14 12:00:00+00:00,157.75200000000004,157.77100000000004,157.68200000000002,157.75400000000002
2026-05-14 13:00:00+00:00,157.75400000000002,157.95000000000002,157.07300000000004,157.68800000000002
2026-05-14 14:00:00+00:00,157.68800000000002,157.93300000000002,157.62300000000002,157.93200000000002
2026-05-14 15:00:00+00:00,157.93200000000002,157.97200000000004,157.85900000000004,157.86700000000002
2026-05-14 16:00:00+00:00,157.86700000000002,157.98100000000002,157.86100000000002,157.94800000000004
2026-05-14 17:00:00+00:00,157.94800000000004,157.97800000000004,157.91500000000002,157.97300000000004
2026-05-14 18:00:00+00:00,157.97300000000004,157.98200000000003,157.94900000000004,157.96700000000004
2026-05-14 19:00:00+00:00,157.96700000000004,158.16100000000003,157.94800000000004,158.13800000000003
2026-05-14 20:00:00+00:00,158.13800000000003,158.20200000000003,158.12300000000002,158.14200000000002
2026-05-14 21:00:00+00:00,158.14200000000002,158.14200000000002,158.03900000000002,158.107
2026-05-14 22:00:00+00:00,158.107,158.166,158.098,158.155
2026-05-14 23:00:00+00:00,158.155,158.216,158.103,158.161
2026-05-15 00:00:00+00:00,158.161,158.287,158.101,158.24300000000002
2026-05-15 01:00:00+00:00,158.24300000000002,158.34,158.198,158.30700000000002
2026-05-15 02:00:00+00:00,158.30700000000002,158.364,158.21900000000002,158.3
2026-05-15 03:00:00+00:00,158.3,158.30800000000002,158.25400000000002,158.264
2026-05-15 04:00:00+00:00,158.264,158.30100000000002,158.252,158.292
2026-05-15 05:00:00+00:00,158.292,158.422,158.292,158.388
2026-05-15 06:00:00+00:00,158.388,158.451,158.20600000000002,158.207
2026-05-15 07:00:00+00:00,158.207,158.26000000000002,158.12900000000002,158.227
2026-05-15 08:00:00+00:00,158.227,158.354,158.18200000000002,158.33700000000002
2026-05-15 09:00:00+00:00,158.33700000000002,158.37900000000002,158.241,158.291
2026-05-15 10:00:00+00:00,158.291,158.31300000000002,158.068,158.144
2026-05-15 11:00:00+00:00,158.144,158.364,158.136,158.348
2026-05-15 12:00:00+00:00,158.348,158.36100000000002,158.28400000000002,158.35
2026-05-15 13:00:00+00:00,158.35,158.52100000000002,158.309,158.464
2026-05-15 14:00:00+00:00,158.464,158.52,158.369,158.369
2026-05-15 15:00:00+00:00,158.369,158.523,158.329,158.475
2026-05-15 16:00:00+00:00,158.475,158.511,158.442,158.483
2026-05-15 17:00:00+00:00,158.483,158.505,158.421,158.505
2026-05-15 18:00:00+00:00,158.505,158.52800000000002,158.48000000000002,158.482
2026-05-15 19:00:00+00:00,158.482,158.56300000000002,158.469,158.548
2026-05-15 20:00:00+00:00,158.548,158.62,158.495,158.497
2026-05-17 21:00:00+00:00,158.497,158.70199999999994,158.48700000000002,158.63099999999994
2026-05-17 22:00:00+00:00,158.63099999999994,158.76199999999994,158.62699999999995,158.73099999999994
2026-05-17 23:00:00+00:00,158.73099999999994,158.82799999999995,158.70599999999996,158.79699999999994
2026-05-18 00:00:00+00:00,158.79699999999994,158.89999999999995,158.74599999999995,158.87699999999995
2026-05-18 01:00:00+00:00,158.87699999999995,158.89799999999994,158.80999999999997,158.87699999999995
2026-05-18 02:00:00+00:00,158.87699999999995,158.89299999999994,158.83399999999995,158.85799999999995
2026-05-18 03:00:00+00:00,158.85799999999995,159.00099999999995,158.84899999999996,158.98099999999994
2026-05-18 04:00:00+00:00,158.98099999999994,159.01899999999995,158.74899999999994,158.92799999999994
2026-05-18 05:00:00+00:00,158.92799999999994,158.94399999999996,158.84899999999996,158.88899999999995
2026-05-18 06:00:00+00:00,158.88899999999995,158.89699999999996,158.78199999999995,158.83799999999994
2026-05-18 07:00:00+00:00,158.83799999999994,158.92799999999994,158.74899999999994,158.86599999999993
2026-05-18 08:00:00+00:00,158.86599999999993,158.87799999999993,158.73599999999993,158.76999999999992
2026-05-18 09:00:00+00:00,158.76999999999992,158.87799999999993,158.76899999999992,158.87799999999993
2026-05-18 10:00:00+00:00,158.87799999999993,158.89399999999992,158.84099999999992,158.87199999999993
2026-05-18 11:00:00+00:00,158.87199999999993,158.90199999999993,158.62499999999994,158.77999999999994
2026-05-18 12:00:00+00:00,158.77999999999994,158.78799999999993,158.55699999999993,158.63399999999993
2026-05-18 13:00:00+00:00,158.63399999999993,158.72499999999994,158.58799999999994,158.69099999999997
2026-05-18 14:00:00+00:00,158.69099999999997,158.85899999999992,158.67399999999992,158.78599999999994
2026-05-18 15:00:00+00:00,158.78599999999994,158.88299999999992,158.74499999999992,158.77699999999993
2026-05-18 16:00:00+00:00,158.77699999999993,158.88799999999992,158.72099999999992,158.87399999999994
2026-05-18 17:00:00+00:00,158.87399999999994,158.89299999999994,158.83299999999994,158.85699999999994
2026-05-18 18:00:00+00:00,158.85699999999994,159.0219999999999,158.85499999999993,159.01999999999992
2026-05-18 19:00:00+00:00,159.01999999999992,159.02399999999994,158.75199999999992,158.83199999999994
2026-05-18 20:00:00+00:00,158.83199999999994,158.83199999999994,158.68999999999994,158.72999999999993
2026-05-18 21:00:00+00:00,158.72999999999993,158.72999999999993,158.5879999999999,158.60399999999993
2026-05-18 22:00:00+00:00,158.60399999999993,158.70399999999992,158.60399999999993,158.70299999999992
2026-05-18 23:00:00+00:00,158.70299999999992,158.74699999999993,158.6779999999999,158.74399999999991
2026-05-19 00:00:00+00:00,158.74399999999991,158.8959999999999,158.72899999999993,158.88699999999992
2026-05-19 01:00:00+00:00,158.88699999999992,158.90099999999993,158.76399999999992,158.8559999999999
2026-05-19 02:00:00+00:00,158.8559999999999,158.88299999999992,158.8249999999999,158.84099999999992
2026-05-19 03:00:00+00:00,158.84099999999992,158.8679999999999,158.8029999999999,158.8319999999999
2026-05-19 04:00:00+00:00,158.8319999999999,158.88999999999993,158.7949999999999,158.87799999999993
2026-05-19 05:00:00+00:00,158.87799999999993,158.91499999999994,158.83499999999992,158.8909999999999
2026-05-19 06:00:00+00:00,158.8909999999999,158.99599999999992,158.88499999999993,158.95299999999992
2026-05-19 07:00:00+00:00,158.95299999999992,159.02499999999992,158.88899999999992,158.92799999999994
2026-05-19 08:00:00+00:00,158.92799999999994,159.03099999999992,158.88599999999994,159.02599999999993
2026-05-19 09:00:00+00:00,159.02599999999993,159.05699999999993,158.94899999999993,158.98499999999993
2026-05-19 10:00:00+00:00,158.98499999999993,159.06199999999993,158.94099999999992,158.97799999999992
2026-05-19 11:00:00+00:00,158.97799999999992,159.02699999999993,158.95899999999992,159.01399999999992
2026-05-19 12:00:00+00:00,159.01399999999992,159.0229999999999,158.53299999999993,158.9519999999999
2026-05-19 13:00:00+00:00,158.9519999999999,159.0769999999999,158.79799999999992,158.9329999999999
2026-05-19 14:00:00+00:00,158.9329999999999,159.13399999999993,158.8729999999999,158.9499999999999
2026-05-19 15:00:00+00:00,158.9499999999999,159.0579999999999,158.84199999999993,159.00199999999992
2026-05-19 16:00:00+00:00,159.00199999999992,159.05999999999992,158.6599999999999,158.7059999999999
2026-05-19 17:00:00+00:00,158.7059999999999,158.76999999999992,158.6659999999999,158.74599999999992
2026-05-19 18:00:00+00:00,158.74599999999992,158.9739999999999,158.73999999999992,158.9269999999999
2026-05-19 19:00:00+00:00,158.9269999999999,158.96099999999993,158.87799999999993,158.93699999999993
2026-05-19 20:00:00+00:00,158.93699999999993,158.98899999999992,158.9259999999999,158.95899999999992
2026-05-19 21:00:00+00:00,158.95899999999992,158.95899999999992,158.8609999999999,158.94899999999993
2026-05-19 22:00:00+00:00,158.94899999999993,158.99499999999992,158.94099999999992,158.9559999999999
2026-05-19 23:00:00+00:00,158.9559999999999,158.9619999999999,158.88299999999992,158.9339999999999
2026-05-20 00:00:00+00:00,158.9339999999999,158.99099999999993,158.84099999999992,158.88699999999992
2026-05-20 01:00:00+00:00,158.88699999999992,158.9809999999999,158.86299999999991,158.92499999999993
2026-05-20 02:00:00+00:00,158.92499999999993,158.9339999999999,158.7259999999999,158.8129999999999
2026-05-20 03:00:00+00:00,158.8129999999999,158.84199999999993,158.74499999999992,158.76199999999992
2026-05-20 04:00:00+00:00,158.76199999999992,158.8909999999999,158.70899999999992,158.86999999999992
2026-05-20 05:00:00+00:00,158.86999999999992,158.88299999999992,158.8069999999999,158.8619999999999
2026-05-20 06:00:00+00:00,158.8619999999999,158.8919999999999,158.75899999999993,158.86899999999991
2026-05-20 07:00:00+00:00,158.86899999999991,158.95499999999993,158.8189999999999,158.95499999999993
2026-05-20 08:00:00+00:00,158.95499999999993,158.99099999999993,158.90599999999992,158.9329999999999
2026-05-20 09:00:00+00:00,158.9329999999999,158.9679999999999,158.8789999999999,158.9569999999999
2026-05-20 10:00:00+00:00,158.9569999999999,158.95999999999992,158.84699999999992,158.8859999999999
2026-05-20 11:00:00+00:00,158.8859999999999,158.94199999999992,158.85799999999992,158.92399999999992
2026-05-20 12:00:00+00:00,158.92399999999992,158.93099999999993,158.87499999999991,158.90499999999992
2026-05-20 13:00:00+00:00,158.90499999999992,159.0039999999999,158.89399999999992,158.9919999999999
2026-05-20 14:00:00+00:00,158.9919999999999,159.0579999999999,158.6779999999999,158.7599999999999
2026-05-20 15:00:00+00:00,158.7599999999999,158.80999999999992,158.4759999999999,158.73399999999992
2026-05-20 16:00:00+00:00,158.73399999999992,158.8029999999999,158.6409999999999,158.7249999999999
2026-05-20 17:00:00+00:00,158.7249999999999,158.8249999999999,158.6999999999999,158.7909999999999
2026-05-20 18:00:00+00:00,158.7909999999999,158.8489999999999,158.6839999999999,158.7309999999999
2026-05-20 19:00:00+00:00,158.7309999999999,158.7849999999999,158.6659999999999,158.74699999999993
2026-05-20 20:00:00+00:00,158.74699999999993,158.8209999999999,158.7369999999999,158.79299999999992
2026-05-20 21:00:00+00:00,158.79299999999992,158.79299999999992,158.6889999999999,158.72799999999995
2026-05-20 22:00:00+00:00,158.72799999999995,158.77799999999996,158.72499999999997,158.75199999999995
2026-05-20 23:00:00+00:00,158.75199999999995,158.82499999999996,158.72399999999996,158.78799999999995
2026-05-21 00:00:00+00:00,158.78799999999995,158.82599999999996,158.74699999999996,158.76299999999995
2026-05-21 01:00:00+00:00,158.76299999999995,158.79999999999995,158.70699999999997,158.78499999999997
2026-05-21 02:00:00+00:00,158.78499999999997,158.87899999999996,158.74899999999997,158.87399999999997
2026-05-21 03:00:00+00:00,158.87399999999997,158.88299999999995,158.81699999999995,158.86599999999996
2026-05-21 04:00:00+00:00,158.86599999999996,158.90299999999996,158.84199999999996,158.89699999999996
2026-05-21 05:00:00+00:00,158.89699999999996,158.94799999999995,158.87199999999996,158.90599999999995
2026-05-21 06:00:00+00:00,158.90599999999995,158.97299999999996,158.88799999999995,158.95799999999997
2026-05-21 07:00:00+00:00,158.95799999999997,158.98499999999996,158.89699999999996,158.92599999999996
2026-05-21 08:00:00+00:00,158.92599999999996,158.92999999999995,158.79899999999995,158.87899999999996
2026-05-21 09:00:00+00:00,158.87899999999996,158.88799999999995,158.80699999999996,158.87299999999996
2026-05-21 10:00:00+00:00,158.87299999999996,159.03599999999994,158.85899999999995,159.02199999999996
2026-05-21 11:00:00+00:00,159.02199999999996,159.06499999999997,158.93999999999997,159.05499999999995
2026-05-21 12:00:00+00:00,159.05499999999995,159.08599999999996,158.98699999999997,159.05999999999997
2026-05-21 13:00:00+00:00,159.05999999999997,159.24099999999996,159.01599999999996,159.09399999999997
2026-05-21 14:00:00+00:00,159.09399999999997,159.17599999999996,159.01599999999996,159.06299999999996
2026-05-21 15:00:00+00:00,159.06299999999996,159.15399999999997,159.04399999999995,159.06699999999995
2026-05-21 16:00:00+00:00,159.06699999999995,159.09599999999995,159.01799999999997,159.04199999999994
2026-05-21 17:00:00+00:00,159.04199999999994,159.07299999999995,158.71799999999996,158.78499999999997
2026-05-21 18:00:00+00:00,158.78499999999997,159.00099999999995,158.73499999999996,158.97499999999997
2026-05-21 19:00:00+00:00,158.97499999999997,158.99199999999996,158.77599999999995,158.81999999999996
2026-05-21 20:00:00+00:00,158.81999999999996,158.90399999999997,158.78299999999996,158.82399999999996
2026-05-21 21:00:00+00:00,158.82399999999996,158.86499999999995,158.76899999999995,158.84099999999995
2026-05-21 22:00:00+00:00,158.84099999999995,158.91799999999995,158.83899999999997,158.90499999999997
2026-05-21 23:00:00+00:00,158.90499999999997,158.94099999999997,158.88699999999997,158.92599999999996
2026-05-22 00:00:00+00:00,158.92599999999996,159.02399999999997,158.92199999999997,158.98999999999995
2026-05-22 01:00:00+00:00,158.98999999999995,159.02199999999996,158.95499999999996,158.99999999999997
2026-05-22 02:00:00+00:00,158.99999999999997,159.00399999999996,158.89999999999998,158.92999999999995
2026-05-22 03:00:00+00:00,158.92999999999995,158.95299999999995,158.90399999999997,158.93799999999996
2026-05-22 04:00:00+00:00,158.93799999999996,158.97299999999996,158.91199999999995,158.96899999999997
2026-05-22 05:00:00+00:00,158.96899999999997,159.03699999999995,158.95599999999996,159.03099999999998
2026-05-22 06:00:00+00:00,159.03099999999998,159.04199999999997,158.96199999999996,159.00299999999996
2026-05-22 07:00:00+00:00,159.00299999999996,159.04399999999995,159.00299999999996,159.02999999999997
2026-05-22 08:00:00+00:00,159.02999999999997,159.03599999999997,158.95599999999996,158.98799999999997
2026-05-22 09:00:00+00:00,158.98799999999997,159.04599999999996,158.98099999999997,159.00299999999996
2026-05-22 10:00:00+00:00,159.00299999999996,159.03399999999996,158.97699999999998,159.02299999999997
2026-05-22 11:00:00+00:00,159.02299999999997,159.04599999999994,159.01099999999994,159.04099999999994
2026-05-22 12:00:00+00:00,159.04099999999994,159.04999999999995,158.95899999999995,158.97799999999995
2026-05-22 13:00:00+00:00,158.97799999999995,159.04099999999994,158.89199999999994,158.98599999999993
2026-05-22 14:00:00+00:00,158.98599999999993,159.07799999999995,158.94899999999996,159.00399999999993
2026-05-22 15:00:00+00:00,159.00399999999993,159.13499999999993,158.98699999999994,159.09799999999996
2026-05-22 16:00:00+00:00,159.09799999999996,159.13299999999995,159.05399999999997,159.07699999999994
2026-05-22 17:00:00+00:00,159.07699999999994,159.08399999999995,158.96299999999994,159.03099999999995
2026-05-22 18:00:00+00:00,159.03099999999995,159.07099999999994,159.00399999999993,159.0339999999999
2026-05-22 19:00:00+00:00,159.0339999999999,159.07299999999995,159.00399999999993,159.06999999999994
2026-05-22 20:00:00+00:00,159.06999999999994,159.09799999999996,159.04199999999994,159.07099999999994
2026-05-24 21:00:00+00:00,159.07099999999994,159.2419999999999,159.07099999999994,159.1829999999999
2026-05-24 22:00:00+00:00,159.1829999999999,159.31699999999992,159.1719999999999,159.2299999999999
2026-05-24 23:00:00+00:00,159.2299999999999,159.3089999999999,159.19099999999992,159.3019999999999
2026-05-25 00:00:00+00:00,159.3019999999999,159.30999999999992,159.1779999999999,159.24599999999992
2026-05-25 01:00:00+00:00,159.24599999999992,159.2489999999999,159.10399999999993,159.2239999999999
2026-05-25 02:00:00+00:00,159.2239999999999,159.2259999999999,159.1839999999999,159.1999999999999
2026-05-25 03:00:00+00:00,159.1999999999999,159.23899999999992,159.1819999999999,159.2319999999999
2026-05-25 04:00:00+00:00,159.2319999999999,159.26199999999992,159.1939999999999,159.2069999999999
2026-05-25 05:00:00+00:00,159.2069999999999,159.2849999999999,159.19199999999992,159.27399999999992
2026-05-25 06:00:00+00:00,159.27399999999992,159.28599999999992,159.23899999999992,159.25199999999992
2026-05-25 07:00:00+00:00,159.25199999999992,159.38799999999992,159.2469999999999,159.3209999999999
2026-05-25 08:00:00+00:00,159.3209999999999,159.3379999999999,159.24599999999992,159.26299999999992
2026-05-25 09:00:00+00:00,159.26299999999992,159.2899999999999,159.2419999999999,159.2729999999999
2026-05-25 10:00:00+00:00,159.2729999999999,159.29799999999992,159.2649999999999,159.29199999999992
2026-05-25 11:00:00+00:00,159.29199999999992,159.3069999999999,159.2369999999999,159.2829999999999
2026-05-25 12:00:00+00:00,159.2829999999999,159.2909999999999,159.2259999999999,159.24999999999991
2026-05-25 13:00:00+00:00,159.24999999999991,159.2709999999999,159.2319999999999,159.2659999999999
2026-05-25 14:00:00+00:00,159.2659999999999,159.2719999999999,159.2349999999999,159.2649999999999
2026-05-25 15:00:00+00:00,159.2649999999999,159.29799999999992,159.2289999999999,159.24499999999992
2026-05-25 16:00:00+00:00,159.24499999999992,159.2699999999999,159.2359999999999,159.24399999999991
2026-05-25 17:00:00+00:00,159.24399999999991,159.2529999999999,159.23299999999992,159.2429999999999
2026-05-25 18:00:00+00:00,159.2429999999999,159.24999999999991,159.2329999999999,159.24499999999992
2026-05-25 19:00:00+00:00,159.24499999999992,159.26299999999992,159.23399999999992,159.25699999999992
2026-05-25 20:00:00+00:00,159.25699999999992,159.28199999999993,159.2199999999999,159.2199999999999
2026-05-25 21:00:00+00:00,159.2199999999999,159.305,159.185,159.247
2026-05-25 22:00:00+00:00,159.247,159.338,159.247,159.301
2026-05-25 23:00:00+00:00,159.301,159.341,159.286,159.331
2026-05-26 00:00:00+00:00,159.331,159.37,159.31,159.346
2026-05-26 01:00:00+00:00,159.346,159.379,159.32,159.34199999999998
2026-05-26 02:00:00+00:00,159.34199999999998,159.361,159.31199999999998,159.32
2026-05-26 03:00:00+00:00,159.32,159.321,159.287,159.317
2026-05-26 04:00:00+00:00,159.317,159.393,159.309,159.377
2026-05-26 05:00:00+00:00,159.377,159.409,159.34799999999998,159.40099999999998
2026-05-26 06:00:00+00:00,159.40099999999998,159.497,159.392,159.474
2026-05-26 07:00:00+00:00,159.474,159.578,159.474,159.572
2026-05-26 08:00:00+00:00,159.572,159.615,159.57,159.587
2026-05-26 09:00:00+00:00,159.587,159.599,159.534,159.536
2026-05-26 10:00:00+00:00,159.536,159.55599999999998,159.483,159.522
2026-05-26 11:00:00+00:00,159.522,159.591,159.511,159.567
2026-05-26 12:00:00+00:00,159.567,159.605,159.56,159.605
2026-05-26 13:00:00+00:00,159.605,159.676,159.602,159.652
2026-05-26 14:00:00+00:00,159.652,159.702,159.603,159.697
2026-05-26 15:00:00+00:00,159.697,159.757,159.677,159.738
2026-05-26 16:00:00+00:00,159.738,159.74,159.659,159.685
2026-05-26 17:00:00+00:00,159.685,159.756,159.662,159.738
2026-05-26 18:00:00+00:00,159.738,159.751,159.678,159.71
2026-05-26 19:00:00+00:00,159.71,159.72299999999998,159.676,159.695
2026-05-26 20:00:00+00:00,159.695,159.71099999999998,159.66299999999998,159.667
2026-05-26 21:00:00+00:00,159.667,159.68899999999996,159.608,159.64999999999998
2026-05-26 22:00:00+00:00,159.64999999999998,159.71699999999996,159.64999999999998,159.66999999999996
2026-05-26 23:00:00+00:00,159.66999999999996,159.68799999999996,159.61499999999998,159.66299999999998
2026-05-27 00:00:00+00:00,159.66299999999998,159.72299999999996,159.58799999999997,159.69199999999998
2026-05-27 01:00:00+00:00,159.69199999999998,159.71799999999996,159.62699999999998,159.71199999999996
2026-05-27 02:00:00+00:00,159.71199999999996,159.71599999999998,159.63499999999996,159.63799999999998
2026-05-27 03:00:00+00:00,159.63799999999998,159.64099999999996,159.59899999999996,159.61599999999996
2026-05-27 04:00:00+00:00,159.61599999999996,159.65899999999996,159.60899999999998,159.65499999999997
2026-05-27 05:00:00+00:00,159.65499999999997,159.76199999999997,159.64199999999997,159.75999999999996
2026-05-27 06:00:00+00:00,159.75999999999996,159.78899999999996,159.70799999999997,159.76599999999996
2026-05-27 07:00:00+00:00,159.76599999999996,159.77699999999996,159.71499999999995,159.76799999999997
2026-05-27 08:00:00+00:00,159.76799999999997,159.85699999999997,159.72999999999996,159.80599999999995
2026-05-27 09:00:00+00:00,159.80599999999995,159.81099999999998,159.72899999999996,159.76799999999997
2026-05-27 10:00:00+00:00,159.76799999999997,159.80499999999998,159.75799999999998,159.795
2026-05-27 11:00:00+00:00,159.795,159.86299999999997,159.78599999999997,159.84599999999998
2026-05-27 12:00:00+00:00,159.84599999999998,159.86199999999997,159.658,159.83099999999996
2026-05-27 13:00:00+00:00,159.83099999999996,159.84999999999997,159.79399999999998,159.79699999999997
2026-05-27 14:00:00+00:00,159.79699999999997,159.92599999999996,159.78199999999998,159.92199999999997
2026-05-27 15:00:00+00:00,159.92199999999997,159.94999999999996,159.84799999999998,159.88699999999997
2026-05-27 16:00:00+00:00,159.88699999999997,159.93799999999996,159.87899999999996,159.90999999999997
2026-05-27 17:00:00+00:00,159.90999999999997,159.99199999999996,159.90899999999996,159.93699999999998
2026-05-27 18:00:00+00:00,159.93699999999998,159.97099999999998,159.90499999999997,159.91899999999998
2026-05-27 19:00:00+00:00,159.91899999999998,159.96299999999997,159.91499999999996,159.95199999999997
2026-05-27 20:00:00+00:00,159.95199999999997,159.95499999999998,159.91099999999997,159.91099999999997
2026-05-27 21:00:00+00:00,159.91099999999997,159.91099999999997,159.83199999999997,159.87699999999998
2026-05-27 22:00:00+00:00,159.87699999999998,159.92699999999996,159.87499999999997,159.91499999999996
2026-05-27 23:00:00+00:00,159.91499999999996,159.98799999999997,159.90699999999998,159.97899999999996
2026-05-28 00:00:00+00:00,159.97899999999996,160.01299999999998,159.95199999999997,159.96799999999996
2026-05-28 01:00:00+00:00,159.96799999999996,160.00499999999997,159.94899999999996,160.00099999999998
2026-05-28 02:00:00+00:00,160.00099999999998,160.01699999999997,159.93299999999996,159.97099999999998
2026-05-28 03:00:00+00:00,159.97099999999998,160.06399999999996,159.95099999999996,160.02999999999997
2026-05-28 04:00:00+00:00,160.02999999999997,160.03299999999996,159.93799999999996,159.98799999999997
2026-05-28 05:00:00+00:00,159.98799999999997,159.99399999999997,159.94199999999998,159.96899999999997
2026-05-28 06:00:00+00:00,159.96899999999997,159.98299999999998,159.88399999999996,159.90099999999998
2026-05-28 07:00:00+00:00,159.90099999999998,159.93499999999997,159.85399999999996,159.88999999999996
2026-05-28 08:00:00+00:00,159.88999999999996,159.93699999999995,159.86199999999997,159.86999999999998
2026-05-28 09:00:00+00:00,159.86999999999998,159.88299999999998,159.79399999999998,159.82699999999997
2026-05-28 10:00:00+00:00,159.82699999999997,159.87799999999996,159.79199999999997,159.87599999999998
2026-05-28 11:00:00+00:00,159.87599999999998,159.88099999999997,159.82799999999995,159.87099999999998
2026-05-28 12:00:00+00:00,159.87099999999998,159.87399999999997,159.71199999999996,159.78199999999998
2026-05-28 13:00:00+00:00,159.78199999999998,159.87099999999998,159.73299999999998,159.86399999999998
2026-05-28 14:00:00+00:00,159.86399999999998,159.90499999999997,159.58899999999997,159.63799999999998
2026-05-28 15:00:00+00:00,159.63799999999998,159.70899999999995,159.59599999999998,159.70299999999995
2026-05-28 16:00:00+00:00,159.70299999999995,159.75099999999998,159.52199999999996,159.57699999999997
2026-05-28 17:00:00+00:00,159.57699999999997,159.65199999999996,159.55999999999997,159.61099999999996
2026-05-28 18:00:00+00:00,159.61099999999996,159.69699999999995,159.58599999999996,159.66899999999995
2026-05-28 19:00:00+00:00,159.66899999999995,159.69799999999995,159.61899999999997,159.66099999999997
2026-05-28 20:00:00+00:00,159.66099999999997,159.68599999999995,159.63199999999998,159.64099999999996
2026-05-28 21:00:00+00:00,159.64099999999996,159.64499999999995,159.56899999999996,159.63299999999992
2026-05-28 22:00:00+00:00,159.63299999999992,159.68699999999993,159.62299999999993,159.66999999999993
2026-05-28 23:00:00+00:00,159.66999999999993,159.68099999999993,159.62599999999995,159.67799999999994
2026-05-29 00:00:00+00:00,159.67799999999994,159.72999999999993,159.65199999999993,159.69599999999994
2026-05-29 01:00:00+00:00,159.69599999999994,159.73599999999993,159.65799999999993,159.72099999999995
2026-05-29 02:00:00+00:00,159.72099999999995,159.72999999999993,159.67599999999993,159.72099999999995
2026-05-29 03:00:00+00:00,159.72099999999995,159.77499999999995,159.71799999999993,159.7659999999999
2026-05-29 04:00:00+00:00,159.7659999999999,159.78199999999995,159.70599999999993,159.70799999999994
2026-05-29 05:00:00+00:00,159.70799999999994,159.73799999999994,159.69099999999997,159.71699999999993
2026-05-29 06:00:00+00:00,159.71699999999993,159.73799999999994,159.60599999999994,159.61799999999994
2026-05-29 07:00:00+00:00,159.61799999999994,159.72399999999993,159.60999999999993,159.66999999999993
2026-05-29 08:00:00+00:00,159.66999999999993,159.72599999999994,159.61599999999993,159.70099999999994
2026-05-29 09:00:00+00:00,159.70099999999994,159.70599999999993,159.64299999999994,159.70399999999995
2026-05-29 10:00:00+00:00,159.70399999999995,159.72599999999994,159.66899999999993,159.69199999999995
2026-05-29 11:00:00+00:00,159.69199999999995,159.70799999999994,159.65399999999994,159.6589999999999
2026-05-29 12:00:00+00:00,159.6589999999999,159.71299999999994,159.65799999999993,159.66299999999995
2026-05-29 13:00:00+00:00,159.66299999999995,159.71599999999995,159.64799999999994,159.70599999999993
2026-05-29 14:00:00+00:00,159.70599999999993,159.76299999999995,159.56599999999997,159.59399999999994
2026-05-29 15:00:00+00:00,159.59399999999994,159.6529999999999,159.50099999999995,159.63799999999995
2026-05-29 16:00:00+00:00,159.63799999999995,159.6589999999999,159.58799999999994,159.60699999999994
2026-05-29 17:00:00+00:00,159.60699999999994,159.69299999999993,159.58999999999995,159.68899999999994
2026-05-29 18:00:00+00:00,159.68899999999994,159.70999999999995,159.62899999999993,159.66899999999993
2026-05-29 19:00:00+00:00,159.66899999999993,159.68099999999993,159.62299999999993,159.66899999999993
2026-05-29 20:00:00+00:00,159.66899999999993,159.69699999999995,159.62799999999993,159.63699999999992
2026-05-31 21:00:00+00:00,159.63699999999992,159.64499999999992,159.60499999999996,159.62099999999995
2026-05-31 22:00:00+00:00,159.62099999999995,159.71399999999997,159.60399999999996,159.67099999999996
2026-05-31 23:00:00+00:00,159.67099999999996,159.68099999999995,159.57999999999998,159.648
2026-06-01 00:00:00+00:00,159.648,159.756,159.648,159.743
2026-06-01 01:00:00+00:00,159.743,159.784,159.737,159.772
2026-06-01 02:00:00+00:00,159.772,159.784,159.736,159.749
2026-06-01 03:00:00+00:00,159.749,159.772,159.724,159.76399999999998
2026-06-01 04:00:00+00:00,159.76399999999998,159.768,159.742,159.745
2026-06-01 05:00:00+00:00,159.745,159.766,159.72199999999998,159.744
2026-06-01 06:00:00+00:00,159.744,159.785,159.7,159.712
2026-06-01 07:00:00+00:00,159.712,159.772,159.69299999999998,159.753
2026-06-01 08:00:00+00:00,159.753,159.76,159.724,159.737
2026-06-01 09:00:00+00:00,159.737,159.769,159.72899999999998,159.743
2026-06-01 10:00:00+00:00,159.743,159.765,159.727,159.739
2026-06-01 11:00:00+00:00,159.739,159.78199999999998,159.732,159.777
2026-06-01 12:00:00+00:00,159.777,159.78199999999998,159.72,159.772
2026-06-01 13:00:00+00:00,159.772,160.025,159.772,160.019
2026-06-01 14:00:00+00:00,160.019,160.04999999999998,159.944,160.007
2026-06-01 15:00:00+00:00,160.007,160.022,159.864,159.946
2026-06-01 16:00:00+00:00,159.946,159.997,159.856,159.88899999999998
2026-06-01 17:00:00+00:00,159.88899999999998,159.969,159.85399999999998,159.92
2026-06-01 18:00:00+00:00,159.92,160.053,159.904,160.046
2026-06-01 19:00:00+00:00,160.046,160.046,159.935,159.98
2026-06-01 20:00:00+00:00,159.98,159.993,159.941,159.944
2026-06-01 21:00:00+00:00,159.944,159.944,159.855,159.887
2026-06-01 22:00:00+00:00,159.887,159.95399999999998,159.887,159.941
2026-06-01 23:00:00+00:00,159.941,159.945,159.90699999999998,159.933
2026-06-02 00:00:00+00:00,159.933,160.01,159.923,159.95
2026-06-02 01:00:00+00:00,159.95,160.011,159.923,159.993
2026-06-02 02:00:00+00:00,159.993,160.01,159.96699999999998,160.001
2026-06-02 03:00:00+00:00,160.001,160.012,159.97899999999998,160.006
2026-06-02 04:00:00+00:00,160.006,160.015,159.99599999999998,160.01399999999998
2026-06-02 05:00:00+00:00,160.01399999999998,160.028,159.999,160.02599999999998
2026-06-02 06:00:00+00:00,160.02599999999998,160.03199999999998,159.975,159.989
2026-06-02 07:00:00+00:00,159.989,160.015,159.97799999999998,159.98
2026-06-02 08:00:00+00:00,159.98,160.03199999999998,159.94199999999998,160.029
2026-06-02 09:00:00+00:00,160.029,160.036,159.982,160.027
2026-06-02 10:00:00+00:00,160.027,160.04,159.993,160.015
2026-06-02 11:00:00+00:00,160.015,160.035,159.998,160.028
2026-06-02 12:00:00+00:00,160.028,160.071,160.021,160.06799999999998
2026-06-02 13:00:00+00:00,160.06799999999998,160.12099999999998,160.054,160.09099999999998
2026-06-02 14:00:00+00:00,160.09099999999998,160.161,160.09099999999998,160.147
2026-06-02 15:00:00+00:00,160.147,160.188,160.143,160.161
2026-06-02 16:00:00+00:00,160.161,160.232,160.149,160.191
2026-06-02 17:00:00+00:00,160.191,160.254,160.17499999999998,160.249
2026-06-02 18:00:00+00:00,160.249,160.274,160.189,160.19
2026-06-02 19:00:00+00:00,160.19,160.23999999999998,160.17399999999998,160.213
2026-06-02 20:00:00+00:00,160.213,160.236,160.19,160.194
2026-06-02 21:00:00+00:00,160.194,160.194,160.116,160.19
2026-06-02 22:00:00+00:00,160.19,160.245,160.165,160.242
2026-06-02 23:00:00+00:00,160.242,160.284,160.236,160.269
2026-06-03 00:00:00+00:00,160.269,160.271,160.179,160.226
2026-06-03 01:00:00+00:00,160.226,160.231,160.1,160.14499999999998
2026-06-03 02:00:00+00:00,160.14499999999998,160.166,160.12,160.159
2026-06-03 03:00:00+00:00,160.159,160.188,160.154,160.173
2026-06-03 04:00:00+00:00,160.173,160.185,160.152,160.17499999999998
2026-06-03 05:00:00+00:00,160.17499999999998,160.218,160.156,160.212
2026-06-03 06:00:00+00:00,160.212,160.272,160.191,160.265
2026-06-03 07:00:00+00:00,160.265,160.28199999999998,159.828,159.987
2026-06-03 08:00:00+00:00,159.987,160.10299999999998,159.652,160.042
2026-06-03 09:00:00+00:00,160.042,160.17,160.041,160.077
2026-06-03 10:00:00+00:00,160.077,160.141,159.95,160.07899999999998
2026-06-03 11:00:00+00:00,160.07899999999998,160.125,160.066,160.123
2026-06-03 12:00:00+00:00,160.123,160.219,160.09099999999998,160.20399999999998
2026-06-03 13:00:00+00:00,160.20399999999998,160.26999999999998,160.176,160.25799999999998
2026-06-03 14:00:00+00:00,160.25799999999998,160.28199999999998,160.18099999999998,160.231
2026-06-03 15:00:00+00:00,160.231,160.292,160.22299999999998,160.256
2026-06-03 16:00:00+00:00,160.256,160.333,160.237,160.271
2026-06-03 17:00:00+00:00,160.271,160.33599999999998,160.238,160.333
2026-06-03 18:00:00+00:00,160.333,160.344,160.30499999999998,160.31799999999998
2026-06-03 19:00:00+00:00,160.31799999999998,160.367,160.289,160.361
2026-06-03 20:00:00+00:00,160.361,160.37699999999998,160.34099999999998,160.35
2026-06-03 21:00:00+00:00,160.35,160.35,160.268,160.289
2026-06-03 22:00:00+00:00,160.289,160.364,160.116,160.206
2026-06-03 23:00:00+00:00,160.206,160.268,160.179,160.234
2026-06-04 00:00:00+00:00,160.234,160.254,160.17499999999998,160.195
2026-06-04 01:00:00+00:00,160.195,160.21699999999998,160.158,160.171
2026-06-04 02:00:00+00:00,160.171,160.201,160.161,160.183
2026-06-04 03:00:00+00:00,160.183,160.276,160.182,160.258
2026-06-04 04:00:00+00:00,160.258,160.279,159.876,160.157
2026-06-04 05:00:00+00:00,160.157,160.219,160.145,160.173
2026-06-04 06:00:00+00:00,160.173,160.208,160.112,160.191
2026-06-04 07:00:00+00:00,160.191,160.215,160.151,160.19
2026-06-04 08:00:00+00:00,160.19,160.207,160.13,160.163
2026-06-04 09:00:00+00:00,160.163,160.183,160.129,160.142
2026-06-04 10:00:00+00:00,160.142,160.184,160.141,160.164
2026-06-04 11:00:00+00:00,160.164,160.164,160.035,160.055
2026-06-04 12:00:00+00:00,160.055,160.163,160.042,160.152
2026-06-04 13:00:00+00:00,160.152,160.209,160.13,160.20499999999998
2026-06-04 14:00:00+00:00,160.20499999999998,160.29,160.162,160.273
2026-06-04 15:00:00+00:00,160.273,160.317,160.245,160.258
2026-06-04 16:00:00+00:00,160.258,160.28,160.226,160.256
2026-06-04 17:00:00+00:00,160.256,160.289,160.255,160.282
2026-06-04 18:00:00+00:00,160.282,160.319,160.255,160.314
2026-06-04 19:00:00+00:00,160.314,160.32,160.292,160.29999999999998
2026-06-04 20:00:00+00:00,160.29999999999998,160.332,160.293,160.299
2026-06-04 21:00:00+00:00,160.299,160.299,160.20499999999998,160.22499999999997
2026-06-04 22:00:00+00:00,160.22499999999997,160.30999999999997,160.22499999999997,160.289
2026-06-04 23:00:00+00:00,160.289,160.30099999999996,160.26099999999997,160.28399999999996
2026-06-05 00:00:00+00:00,160.28399999999996,160.29599999999996,160.23199999999997,160.24599999999998
2026-06-05 01:00:00+00:00,160.24599999999998,160.259,160.18699999999998,160.24899999999997
2026-06-05 02:00:00+00:00,160.24899999999997,160.26299999999998,160.22499999999997,160.26199999999997
2026-06-05 03:00:00+00:00,160.26199999999997,160.28199999999998,160.23099999999997,160.24499999999998
2026-06-05 04:00:00+00:00,160.24499999999998,160.25799999999998,160.22999999999996,160.24799999999996
2026-06-05 05:00:00+00:00,160.24799999999996,160.25799999999998,160.20699999999997,160.24899999999997
2026-06-05 06:00:00+00:00,160.24899999999997,160.25899999999996,160.20999999999995,160.22499999999997
2026-06-05 07:00:00+00:00,160.22499999999997,160.23799999999997,160.19399999999996,160.23599999999996
2026-06-05 08:00:00+00:00,160.23599999999996,160.23899999999998,160.20499999999996,160.23299999999998
2026-06-05 09:00:00+00:00,160.23299999999998,160.24399999999997,160.17899999999997,160.22899999999996
2026-06-05 10:00:00+00:00,160.22899999999996,160.23599999999996,160.18999999999997,160.19599999999997
2026-06-05 11:00:00+00:00,160.19599999999997,160.21499999999995,160.11699999999996,160.13199999999998
2026-06-05 12:00:00+00:00,160.13199999999998,160.50799999999995,160.12199999999996,160.49799999999996
2026-06-05 13:00:00+00:00,160.49799999999996,160.54899999999995,159.99499999999998,160.43199999999996
2026-06-05 14:00:00+00:00,160.43199999999996,160.56899999999996,160.34599999999998,160.55699999999996
2026-06-05 15:00:00+00:00,160.55699999999996,160.58599999999996,160.48999999999995,160.54999999999995
2026-06-05 16:00:00+00:00,160.54999999999995,160.62699999999995,160.52699999999996,160.56499999999997
2026-06-05 17:00:00+00:00,160.56499999999997,160.62699999999995,160.55599999999995,160.60699999999997
2026-06-05 18:00:00+00:00,160.60699999999997,160.62699999999995,160.37599999999998,160.44799999999995
2026-06-05 19:00:00+00:00,160.44799999999995,160.49299999999997,160.40099999999995,160.46999999999997
2026-06-05 20:00:00+00:00,160.46999999999997,160.58399999999995,160.46099999999996,160.56799999999998
2026-06-07 21:00:00+00:00,160.56799999999998,160.599,160.49,160.587
2026-06-07 22:00:00+00:00,160.587,160.704,160.563,160.679
2026-06-07 23:00:00+00:00,160.679,160.691,160.588,160.681
2026-06-08 00:00:00+00:00,160.681,160.692,160.58800000000002,160.67000000000002
2026-06-08 01:00:00+00:00,160.67000000000002,160.697,160.609,160.681
2026-06-08 02:00:00+00:00,160.681,160.725,160.673,160.722
2026-06-08 03:00:00+00:00,160.722,160.739,160.685,160.685
2026-06-08 04:00:00+00:00,160.685,160.702,160.63500000000002,160.691
2026-06-08 05:00:00+00:00,160.691,160.692,160.548,160.609
2026-06-08 06:00:00+00:00,160.609,160.687,160.57500000000002,160.61100000000002
2026-06-08 07:00:00+00:00,160.61100000000002,160.612,160.497,160.57500000000002
2026-06-08 08:00:00+00:00,160.57500000000002,160.58800000000002,160.19500000000002,160.372
2026-06-08 09:00:00+00:00,160.372,160.422,160.33,160.357
2026-06-08 10:00:00+00:00,160.357,160.423,160.28,160.352
2026-06-08 11:00:00+00:00,160.352,160.358,160.232,160.318
2026-06-08 12:00:00+00:00,160.318,160.329,160.262,160.305
2026-06-08 13:00:00+00:00,160.305,160.386,160.28300000000002,160.381
2026-06-08 14:00:00+00:00,160.381,160.548,160.378,160.423
2026-06-08 15:00:00+00:00,160.423,160.487,160.384,160.46800000000002
2026-06-08 16:00:00+00:00,160.46800000000002,160.517,160.43,160.506
2026-06-08 17:00:00+00:00,160.506,160.55200000000002,160.47,160.511
2026-06-08 18:00:00+00:00,160.511,160.615,160.48600000000002,160.601
2026-06-08 19:00:00+00:00,160.601,160.61700000000002,160.555,160.559
2026-06-08 20:00:00+00:00,160.559,160.572,160.51000000000002,160.52
2026-06-08 21:00:00+00:00,160.52,160.52,160.429,160.473
2026-06-08 22:00:00+00:00,160.473,160.53300000000002,160.472,160.523
2026-06-08 23:00:00+00:00,160.523,160.57500000000002,160.508,160.52700000000002
2026-06-09 00:00:00+00:00,160.52700000000002,160.624,160.478,160.58100000000002
2026-06-09 01:00:00+00:00,160.58100000000002,160.596,160.52100000000002,160.538
2026-06-09 02:00:00+00:00,160.538,160.57,160.532,160.567
2026-06-09 03:00:00+00:00,160.567,160.60300000000004,160.55100000000002,160.60200000000003
2026-06-09 04:00:00+00:00,160.60200000000003,160.60300000000004,160.53100000000003,160.53600000000003
2026-06-09 05:00:00+00:00,160.53600000000003,160.55400000000003,160.455,160.49900000000002
2026-06-09 06:00:00+00:00,160.49900000000002,160.52700000000002,160.40000000000003,160.51600000000002
2026-06-09 07:00:00+00:00,160.51600000000002,160.562,160.49900000000002,160.544
2026-06-09 08:00:00+00:00,160.544,160.57100000000003,160.51700000000002,160.52500000000003
2026-06-09 09:00:00+00:00,160.52500000000003,160.54500000000002,160.49200000000002,160.53700000000003
2026-06-09 10:00:00+00:00,160.53700000000003,160.56100000000004,160.491,160.514
2026-06-09 11:00:00+00:00,160.514,160.526,160.49,160.50500000000002
2026-06-09 12:00:00+00:00,160.50500000000002,160.54300000000003,160.49300000000002,160.53400000000002
2026-06-09 13:00:00+00:00,160.53400000000002,160.574,160.49300000000002,160.54200000000003
2026-06-09 14:00:00+00:00,160.54200000000003,160.60700000000003,160.49300000000002,160.59900000000002
2026-06-09 15:00:00+00:00,160.59900000000002,160.651,160.56000000000003,160.57500000000002
2026-06-09 16:00:00+00:00,160.57500000000002,160.79300000000003,160.56100000000004,160.747
2026-06-09 17:00:00+00:00,160.747,160.75100000000003,160.63000000000002,160.70200000000003
2026-06-09 18:00:00+00:00,160.70200000000003,160.72600000000003,160.67900000000003,160.705
2026-06-09 19:00:00+00:00,160.705,160.76900000000003,160.70300000000003,160.76000000000002
2026-06-09 20:00:00+00:00,160.76000000000002,160.77100000000002,160.69500000000002,160.69500000000002
2026-06-09 21:00:00+00:00,160.69500000000002,160.716,160.64800000000002,160.678
2026-06-09 22:00:00+00:00,160.678,160.741,160.67600000000002,160.741
2026-06-09 23:00:00+00:00,160.741,160.759,160.71500000000003,160.728
2026-06-10 00:00:00+00:00,160.728,160.77300000000002,160.692,160.722
2026-06-10 01:00:00+00:00,160.722,160.734,160.57700000000003,160.71900000000002
2026-06-10 02:00:00+00:00,160.71900000000002,160.72100000000003,160.67700000000002,160.70300000000003
2026-06-10 03:00:00+00:00,160.70300000000003,160.711,160.67800000000005,160.699
2026-06-10 04:00:00+00:00,160.699,160.711,160.68500000000003,160.71
2026-06-10 05:00:00+00:00,160.71,160.716,160.66700000000003,160.68400000000003
2026-06-10 06:00:00+00:00,160.68400000000003,160.729,160.66500000000002,160.723
2026-06-10 07:00:00+00:00,160.723,160.73600000000002,160.68800000000002,160.73000000000002
2026-06-10 08:00:00+00:00,160.73000000000002,160.77,160.723,160.764
2026-06-10 09:00:00+00:00,160.764,160.81600000000003,160.745,160.782
2026-06-10 10:00:00+00:00,160.782,160.817,160.781,160.80200000000002
2026-06-10 11:00:00+00:00,160.80200000000002,160.86700000000002,160.79600000000002,160.836
2026-06-10 12:00:00+00:00,160.836,160.854,160.65900000000002,160.776
2026-06-10 13:00:00+00:00,160.776,160.79500000000002,160.68,160.72400000000002
2026-06-10 14:00:00+00:00,160.72400000000002,160.83200000000002,160.70800000000003,160.824
2026-06-10 15:00:00+00:00,160.824,160.86700000000002,160.782,160.81300000000002
2026-06-10 16:00:00+00:00,160.81300000000002,160.84900000000002,160.78000000000003,160.82700000000003
2026-06-10 17:00:00+00:00,160.82700000000003,160.884,160.799,160.84400000000002
2026-06-10 18:00:00+00:00,160.84400000000002,160.84500000000003,160.78900000000002,160.83700000000002
2026-06-10 19:00:00+00:00,160.83700000000002,160.88100000000003,160.83300000000003,160.877
2026-06-10 20:00:00+00:00,160.877,160.912,160.86,160.876
2026-06-10 21:00:00+00:00,160.876,160.876,160.78000000000003,160.84900000000002
2026-06-10 22:00:00+00:00,160.84900000000002,160.89900000000003,160.84300000000002,160.882
2026-06-10 23:00:00+00:00,160.882,160.901,160.853,160.87
2026-06-11 00:00:00+00:00,160.87,160.88600000000002,160.83,160.853
2026-06-11 01:00:00+00:00,160.853,160.884,160.763,160.82600000000002
2026-06-11 02:00:00+00:00,160.82600000000002,160.87400000000002,160.812,160.854
2026-06-11 03:00:00+00:00,160.854,160.87400000000002,160.84600000000003,160.84900000000002
2026-06-11 04:00:00+00:00,160.84900000000002,160.871,160.83300000000003,160.84400000000002
2026-06-11 05:00:00+00:00,160.84400000000002,160.888,160.83200000000002,160.883
2026-06-11 06:00:00+00:00,160.883,160.92700000000002,160.87400000000002,160.895
2026-06-11 07:00:00+00:00,160.895,160.895,160.83100000000002,160.84500000000003
2026-06-11 08:00:00+00:00,160.84500000000003,160.883,160.83700000000002,160.87300000000002
2026-06-11 09:00:00+00:00,160.87300000000002,160.888,160.852,160.87
2026-06-11 10:00:00+00:00,160.87,160.89200000000002,160.86,160.865
2026-06-11 11:00:00+00:00,160.865,160.876,160.84600000000003,160.87300000000002
2026-06-11 12:00:00+00:00,160.87300000000002,160.93400000000003,160.86,160.87300000000002
2026-06-11 13:00:00+00:00,160.87300000000002,160.9,160.79500000000002,160.82500000000002
2026-06-11 14:00:00+00:00,160.82500000000002,160.89100000000002,160.811,160.84600000000003
2026-06-11 15:00:00+00:00,160.84600000000003,160.859,160.80800000000002,160.847
2026-06-11 16:00:00+00:00,160.847,160.895,160.84400000000002,160.86700000000002
2026-06-11 17:00:00+00:00,160.86700000000002,160.88600000000002,160.371,160.461
2026-06-11 18:00:00+00:00,160.461,160.628,160.276,160.41600000000005
2026-06-11 19:00:00+00:00,160.41600000000005,160.42000000000002,159.87300000000002,160.132
2026-06-11 20:00:00+00:00,160.132,160.32100000000003,160.08100000000002,160.20800000000003
2026-06-11 21:00:00+00:00,160.20800000000003,160.31900000000002,160.19500000000002,160.26600000000002
2026-06-11 22:00:00+00:00,160.26600000000002,160.431,160.26600000000002,160.36
2026-06-11 23:00:00+00:00,160.36,160.491,160.312,160.478
2026-06-12 00:00:00+00:00,160.478,160.561,160.46900000000002,160.513
2026-06-12 01:00:00+00:00,160.513,160.609,160.493,160.609
2026-06-12 02:00:00+00:00,160.609,160.649,160.58700000000002,160.632
2026-06-12 03:00:00+00:00,160.632,160.639,160.55100000000002,160.57100000000003
2026-06-12 04:00:00+00:00,160.57100000000003,160.609,160.56600000000003,160.59500000000003
2026-06-12 05:00:00+00:00,160.59500000000003,160.69100000000003,160.58,160.68400000000003
2026-06-12 06:00:00+00:00,160.68400000000003,160.69700000000003,160.59700000000004,160.65900000000002
2026-06-12 07:00:00+00:00,160.65900000000002,160.71600000000004,160.609,160.62300000000002
2026-06-12 08:00:00+00:00,160.62300000000002,160.633,160.29000000000002,160.43300000000002
2026-06-12 09:00:00+00:00,160.43300000000002,160.45200000000003,160.294,160.40600000000003
2026-06-12 10:00:00+00:00,160.40600000000003,160.532,160.377,160.43400000000003
2026-06-12 11:00:00+00:00,160.43400000000003,160.52300000000002,160.431,160.51100000000002
2026-06-12 12:00:00+00:00,160.51100000000002,160.64800000000002,160.51100000000002,160.59600000000003
2026-06-12 13:00:00+00:00,160.59600000000003,160.68000000000004,160.53000000000003,160.609
2026-06-12 14:00:00+00:00,160.609,160.63000000000002,160.49800000000002,160.58100000000002
2026-06-12 15:00:00+00:00,160.58100000000002,160.59000000000003,160.50700000000003,160.586
2026-06-12 16:00:00+00:00,160.586,160.61800000000002,160.51800000000003,160.57000000000002
2026-06-12 17:00:00+00:00,160.57000000000002,160.57700000000003,160.52400000000003,160.53900000000002
2026-06-12 18:00:00+00:00,160.53900000000002,160.58,160.532,160.574
2026-06-12 19:00:00+00:00,160.574,160.58300000000003,160.538,160.54700000000005
2026-06-12 20:00:00+00:00,160.54700000000005,160.57100000000003,160.50500000000002,160.50500000000002
2026-06-14 21:00:00+00:00,160.50500000000002,160.59600000000003,160.22800000000004,160.24700000000004
2026-06-14 22:00:00+00:00,160.24700000000004,160.41000000000005,160.18200000000004,160.38800000000003
2026-06-14 23:00:00+00:00,160.38800000000003,160.42900000000003,160.35100000000003,160.41300000000004
2026-06-15 00:00:00+00:00,160.41300000000004,160.57500000000005,160.33300000000003,160.55900000000003
2026-06-15 01:00:00+00:00,160.55900000000003,160.66700000000003,160.54200000000003,160.65500000000003
2026-06-15 02:00:00+00:00,160.65500000000003,160.67900000000003,160.57200000000003,160.59300000000005
2026-06-15 03:00:00+00:00,160.59300000000005,160.59400000000002,160.49900000000002,160.50600000000003
2026-06-15 04:00:00+00:00,160.50600000000003,160.54400000000004,160.46400000000003,160.50000000000003
2026-06-15 05:00:00+00:00,160.50000000000003,160.50800000000004,160.43900000000005,160.50100000000003
2026-06-15 06:00:00+00:00,160.50100000000003,160.61200000000002,160.49500000000003,160.57900000000004
2026-06-15 07:00:00+00:00,160.57900000000004,160.58800000000002,160.49400000000003,160.56300000000005
2026-06-15 08:00:00+00:00,160.56300000000005,160.59800000000004,160.52700000000004,160.58500000000004
2026-06-15 09:00:00+00:00,160.58500000000004,160.59600000000003,160.54000000000005,160.57300000000004
2026-06-15 10:00:00+00:00,160.57300000000004,160.59800000000004,160.54000000000005,160.57600000000005
2026-06-15 11:00:00+00:00,160.57600000000005,160.65600000000003,160.56400000000005,160.63700000000003
2026-06-15 12:00:00+00:00,160.63700000000003,160.64300000000003,160.56900000000005,160.58900000000003
2026-06-15 13:00:00+00:00,160.58900000000003,160.60400000000004,160.51900000000003,160.52200000000005
2026-06-15 14:00:00+00:00,160.52200000000005,160.58800000000002,160.48000000000005,160.58500000000004
2026-06-15 15:00:00+00:00,160.58500000000004,160.65400000000002,160.57700000000003,160.65100000000004
2026-06-15 16:00:00+00:00,160.65100000000004,160.69200000000004,160.59600000000003,160.66700000000003
2026-06-15 17:00:00+00:00,160.66700000000003,160.73100000000002,160.66300000000004,160.72200000000004
2026-06-15 18:00:00+00:00,160.72200000000004,160.77000000000004,160.70500000000004,160.75800000000004
2026-06-15 19:00:00+00:00,160.75800000000004,160.84300000000005,160.73200000000003,160.83800000000002
2026-06-15 20:00:00+00:00,160.83800000000002,160.84700000000004,160.75700000000003,160.77000000000004
2026-06-15 21:00:00+00:00,160.77000000000004,160.80800000000005,160.71500000000003,160.78700000000003
2026-06-15 22:00:00+00:00,160.78700000000003,160.80400000000003,160.76400000000004,160.77900000000002
2026-06-15 23:00:00+00:00,160.77900000000002,160.77900000000002,160.67100000000005,160.69600000000003
2026-06-16 00:00:00+00:00,160.69600000000003,160.72300000000004,160.60400000000004,160.65000000000003
2026-06-16 01:00:00+00:00,160.65000000000003,160.66600000000005,160.55300000000005,160.61100000000005
2026-06-16 02:00:00+00:00,160.61100000000005,160.64500000000004,160.55200000000005,160.58900000000003
2026-06-16 03:00:00+00:00,160.58900000000003,160.69800000000004,160.49900000000002,160.65800000000004
2026-06-16 04:00:00+00:00,160.65800000000004,160.80000000000004,160.64100000000005,160.70500000000004
2026-06-16 05:00:00+00:00,160.70500000000004,160.75400000000005,160.68200000000004,160.74500000000003
2026-06-16 06:00:00+00:00,160.74500000000003,160.74600000000004,160.59400000000002,160.66100000000003
2026-06-16 07:00:00+00:00,160.66100000000003,160.79400000000004,160.64500000000004,160.68800000000005
2026-06-16 08:00:00+00:00,160.68800000000005,160.78200000000004,160.67500000000004,160.77200000000005
2026-06-16 09:00:00+00:00,160.77200000000005,160.81200000000004,160.75500000000002,160.79200000000003
2026-06-16 10:00:00+00:00,160.79200000000003,160.79400000000004,160.72800000000004,160.74200000000005
2026-06-16 11:00:00+00:00,160.74200000000005,160.81000000000003,160.74100000000004,160.80800000000005
2026-06-16 12:00:00+00:00,160.80800000000005,160.82700000000003,160.76500000000004,160.77300000000002
2026-06-16 13:00:00+00:00,160.77300000000002,160.85900000000004,160.77100000000004,160.84500000000003
2026-06-16 14:00:00+00:00,160.84500000000003,160.91500000000005,160.82200000000003,160.85000000000002
2026-06-16 15:00:00+00:00,160.85000000000002,160.91000000000005,160.78500000000005,160.84200000000004
2026-06-16 16:00:00+00:00,160.84200000000004,160.85900000000004,160.78500000000005,160.84500000000003
2026-06-16 17:00:00+00:00,160.84500000000003,160.89400000000003,160.83500000000004,160.88700000000003
2026-06-16 18:00:00+00:00,160.88700000000003,160.91200000000003,160.86900000000003,160.88500000000005
2026-06-16 19:00:00+00:00,160.88500000000005,160.92900000000003,160.84800000000004,160.91800000000003
2026-06-16 20:00:00+00:00,160.91800000000003,160.93200000000004,160.82400000000004,160.82400000000004
2026-06-16 21:00:00+00:00,160.82400000000004,160.89600000000004,160.77500000000003,160.85100000000003
2026-06-16 22:00:00+00:00,160.85100000000003,160.89500000000004,160.85100000000003,160.85600000000005
2026-06-16 23:00:00+00:00,160.85600000000005,160.89300000000003,160.84800000000004,160.87700000000004
2026-06-17 00:00:00+00:00,160.87700000000004,160.87700000000004,160.79600000000005,160.80300000000005
2026-06-17 01:00:00+00:00,160.80300000000005,160.82200000000003,160.76100000000005,160.80100000000004
2026-06-17 02:00:00+00:00,160.80100000000004,160.80400000000003,160.76400000000004,160.78300000000004
2026-06-17 03:00:00+00:00,160.78300000000004,160.80600000000004,160.76300000000003,160.77200000000005
2026-06-17 04:00:00+00:00,160.77200000000005,160.77700000000004,160.70800000000006,160.71800000000005
2026-06-17 05:00:00+00:00,160.71800000000005,160.78000000000003,160.71300000000005,160.77700000000004
2026-06-17 06:00:00+00:00,160.77700000000004,160.79200000000003,160.69800000000004,160.70200000000006
2026-06-17 07:00:00+00:00,160.70200000000006,160.75600000000003,160.63400000000004,160.64000000000004
2026-06-17 08:00:00+00:00,160.64000000000004,160.70600000000005,160.56800000000004,160.65800000000004
2026-06-17 09:00:00+00:00,160.65800000000004,160.67700000000005,160.61500000000004,160.63500000000005
2026-06-17 10:00:00+00:00,160.63500000000005,160.69500000000005,160.63200000000003,160.68600000000004
2026-06-17 11:00:00+00:00,160.68600000000004,160.78300000000004,160.68100000000004,160.76200000000003
2026-06-17 12:00:00+00:00,160.76200000000003,160.77600000000004,160.68200000000004,160.69700000000003
2026-06-17 13:00:00+00:00,160.69700000000003,160.75400000000005,160.63600000000005,160.64600000000004
2026-06-17 14:00:00+00:00,160.64600000000004,160.79800000000003,160.64600000000004,160.77100000000004
2026-06-17 15:00:00+00:00,160.77100000000004,160.78700000000003,160.64200000000005,160.67400000000004
2026-06-17 16:00:00+00:00,160.67400000000004,160.68700000000004,160.65000000000003,160.65100000000004
2026-06-17 17:00:00+00:00,160.65100000000004,160.69600000000003,160.64000000000004,160.64000000000004
2026-06-17 18:00:00+00:00,160.64000000000004,160.95400000000004,160.64000000000004,160.94500000000005
2026-06-17 19:00:00+00:00,160.94500000000005,161.24700000000004,160.91900000000004,161.18300000000005
2026-06-17 20:00:00+00:00,161.18300000000005,161.20900000000003,161.07500000000005,161.07500000000005
2026-06-17 21:00:00+00:00,161.07500000000005,161.07800000000003,160.94100000000003,161.02500000000003
2026-06-17 22:00:00+00:00,161.02500000000003,161.09900000000005,160.97500000000005,161.05900000000003
2026-06-17 23:00:00+00:00,161.05900000000003,161.07600000000005,160.99100000000004,161.05800000000005
2026-06-18 00:00:00+00:00,161.05800000000005,161.20100000000005,160.98500000000004,161.15100000000004
2026-06-18 01:00:00+00:00,161.15100000000004,161.15100000000004,161.07400000000004,161.08700000000005
2026-06-18 02:00:00+00:00,161.08700000000005,161.11300000000003,161.01200000000003,161.03000000000003
2026-06-18 03:00:00+00:00,161.03000000000003,161.06600000000003,161.02000000000004,161.03700000000003
2026-06-18 04:00:00+00:00,161.03700000000003,161.07400000000004,161.02700000000004,161.04600000000005
2026-06-18 05:00:00+00:00,161.04600000000005,161.10200000000003,161.03200000000004,161.09500000000003
2026-06-18 06:00:00+00:00,161.09500000000003,161.13400000000004,161.04300000000003,161.08500000000004
2026-06-18 07:00:00+00:00,161.08500000000004,161.13300000000004,161.02500000000003,161.04700000000005
2026-06-18 08:00:00+00:00,161.04700000000005,161.22700000000003,161.04200000000003,161.22500000000005
2026-06-18 09:00:00+00:00,161.22500000000005,161.25500000000005,160.92100000000005,161.24300000000005
2026-06-18 10:00:00+00:00,161.24300000000005,161.40000000000003,161.19800000000004,161.37300000000005
2026-06-18 11:00:00+00:00,161.37300000000005,161.40200000000004,161.31900000000005,161.38000000000005
2026-06-18 12:00:00+00:00,161.38000000000005,161.39700000000005,161.28000000000003,161.32500000000005
2026-06-18 13:00:00+00:00,161.32500000000005,161.37800000000004,161.25100000000003,161.33900000000003
2026-06-18 14:00:00+00:00,161.33900000000003,161.36500000000004,161.29000000000005,161.30800000000005
2026-06-18 15:00:00+00:00,161.30800000000005,161.82400000000004,161.30100000000004,161.81900000000005
2026-06-18 16:00:00+00:00,161.81900000000005,161.90300000000005,161.64600000000004,161.87800000000004
2026-06-18 17:00:00+00:00,161.87800000000004,161.90700000000004,161.78800000000004,161.89700000000005
2026-06-18 18:00:00+00:00,161.89700000000005,162.13600000000002,161.85500000000005,162.12700000000004
2026-06-18 19:00:00+00:00,162.12700000000004,162.25800000000004,161.35600000000002,161.88000000000002
2026-06-18 20:00:00+00:00,161.88000000000002,161.91100000000003,161.78200000000004,161.81800000000004
2026-06-18 21:00:00+00:00,161.81800000000004,161.85000000000005,161.75300000000004,161.77300000000005
2026-06-18 22:00:00+00:00,161.77300000000005,161.86600000000004,161.61300000000006,161.71400000000006
2026-06-18 23:00:00+00:00,161.71400000000006,161.80100000000004,161.69000000000003,161.73800000000006
2026-06-19 00:00:00+00:00,161.73800000000006,161.74200000000005,161.44500000000005,161.54600000000005
2026-06-19 01:00:00+00:00,161.54600000000005,161.65100000000004,161.42900000000006,161.63700000000006
2026-06-19 02:00:00+00:00,161.63700000000006,161.68300000000005,161.54300000000006,161.67100000000005
2026-06-19 03:00:00+00:00,161.67100000000005,161.78700000000006,161.64500000000004,161.78600000000006
2026-06-19 04:00:00+00:00,161.78600000000006,161.85100000000006,161.77900000000005,161.81600000000006
2026-06-19 05:00:00+00:00,161.81600000000006,161.89900000000006,161.77200000000005,161.77700000000004
2026-06-19 06:00:00+00:00,161.77700000000004,161.84200000000004,161.70900000000006,161.71600000000004
2026-06-19 07:00:00+00:00,161.71600000000004,161.79300000000006,161.68000000000006,161.75900000000004
2026-06-19 08:00:00+00:00,161.75900000000004,161.76600000000005,161.68200000000004,161.72600000000006
2026-06-19 09:00:00+00:00,161.72600000000006,161.76900000000006,161.67400000000006,161.70500000000004
2026-06-19 10:00:00+00:00,161.70500000000004,161.77200000000005,161.68200000000004,161.72000000000006
2026-06-19 11:00:00+00:00,161.72000000000006,161.75200000000004,161.67600000000004,161.70100000000005
2026-06-19 12:00:00+00:00,161.70100000000005,161.72400000000005,161.59800000000004,161.61000000000004
2026-06-19 13:00:00+00:00,161.61000000000004,161.74000000000004,161.59700000000004,161.73500000000004
2026-06-19 14:00:00+00:00,161.73500000000004,161.76200000000006,161.59000000000006,161.60600000000005
2026-06-19 15:00:00+00:00,161.60600000000005,161.75000000000006,161.57200000000006,161.74700000000004
2026-06-19 16:00:00+00:00,161.74700000000004,161.78100000000006,161.70700000000005,161.77500000000006
2026-06-19 17:00:00+00:00,161.77500000000006,161.77800000000005,161.70200000000006,161.71300000000005
2026-06-19 18:00:00+00:00,161.71300000000005,161.72400000000005,161.67500000000004,161.70800000000006
2026-06-19 19:00:00+00:00,161.70800000000006,161.73700000000002,161.67000000000004,161.73100000000002
2026-06-19 20:00:00+00:00,161.73100000000002,161.75600000000003,161.65500000000003,161.69900000000004
2026-06-21 21:00:00+00:00,161.69900000000004,161.78400000000005,161.69800000000006,161.78100000000006
2026-06-21 22:00:00+00:00,161.78100000000006,161.93600000000004,161.78100000000006,161.93500000000003
2026-06-21 23:00:00+00:00,161.93500000000003,161.99800000000005,161.90100000000004,161.91900000000004
2026-06-22 00:00:00+00:00,161.91900000000004,162.05000000000004,161.89700000000005,161.97600000000006
2026-06-22 01:00:00+00:00,161.97600000000006,162.03100000000003,161.91800000000003,162.01900000000003
2026-06-22 02:00:00+00:00,162.01900000000003,162.08100000000005,162.00000000000006,162.02100000000004
2026-06-22 03:00:00+00:00,162.02100000000004,162.09000000000006,162.01300000000003,162.07000000000005
2026-06-22 04:00:00+00:00,162.07000000000005,162.17600000000004,162.06900000000005,162.15000000000003
2026-06-22 05:00:00+00:00,162.15000000000003,162.18400000000003,162.12300000000005,162.18200000000004
2026-06-22 06:00:00+00:00,162.18200000000004,162.19800000000004,162.09500000000006,162.16400000000004
2026-06-22 07:00:00+00:00,162.16400000000004,162.24900000000005,162.13000000000005,162.22200000000004
2026-06-22 08:00:00+00:00,162.22200000000004,162.27000000000004,162.18700000000004,162.25400000000005
2026-06-22 09:00:00+00:00,162.25400000000005,162.25600000000006,162.18900000000005,162.22400000000005
2026-06-22 10:00:00+00:00,162.22400000000005,162.23200000000006,162.13500000000005,162.20800000000006
2026-06-22 11:00:00+00:00,162.20800000000006,162.27300000000005,162.15600000000003,162.24600000000004
2026-06-22 12:00:00+00:00,162.24600000000004,162.26500000000004,162.20800000000006,162.25400000000005
2026-06-22 13:00:00+00:00,162.25400000000005,162.39000000000004,162.21400000000006,162.38000000000005
2026-06-22 14:00:00+00:00,162.38000000000005,162.40800000000004,161.55200000000005,161.80800000000005
2026-06-22 15:00:00+00:00,161.80800000000005,162.02800000000005,161.64300000000006,161.99000000000004
2026-06-22 16:00:00+00:00,161.99000000000004,162.13000000000005,161.95900000000006,162.03700000000003
2026-06-22 17:00:00+00:00,162.03700000000003,162.04700000000005,161.96700000000004,161.98400000000004
2026-06-22 18:00:00+00:00,161.98400000000004,162.00600000000006,161.88100000000006,161.90100000000004
2026-06-22 19:00:00+00:00,161.90100000000004,162.17300000000006,161.90100000000004,162.08600000000004
2026-06-22 20:00:00+00:00,162.08600000000004,162.09700000000004,162.04200000000006,162.04300000000003
2026-06-22 21:00:00+00:00,162.04300000000003,162.04300000000003,161.96200000000005,162.00100000000003
2026-06-22 22:00:00+00:00,162.00100000000003,162.121,162.00100000000003,162.06600000000003
2026-06-22 23:00:00+00:00,162.06600000000003,162.07200000000003,162.03700000000003,162.06100000000004
2026-06-23 00:00:00+00:00,162.06100000000004,162.11300000000003,162.00100000000003,162.06000000000003
2026-06-23 01:00:00+00:00,162.06000000000003,162.08900000000003,162.03600000000003,162.07000000000002
2026-06-23 02:00:00+00:00,162.07000000000002,162.08,162.008,162.06300000000002
2026-06-23 03:00:00+00:00,162.06300000000002,162.08800000000002,162.02,162.038
2026-06-23 04:00:00+00:00,162.038,162.09700000000004,162.03400000000002,162.09400000000002
2026-06-23 05:00:00+00:00,162.09400000000002,162.16800000000003,162.07100000000003,162.13600000000002
2026-06-23 06:00:00+00:00,162.13600000000002,162.22400000000002,162.12300000000002,162.12600000000003
2026-06-23 07:00:00+00:00,162.12600000000003,162.14200000000002,161.80500000000004,161.94800000000004
2026-06-23 08:00:00+00:00,161.94800000000004,161.96800000000002,161.74800000000002,161.919
2026-06-23 09:00:00+00:00,161.919,161.95000000000002,161.82100000000003,161.86800000000002
2026-06-23 10:00:00+00:00,161.86800000000002,161.96400000000003,161.83400000000003,161.93800000000002
2026-06-23 11:00:00+00:00,161.93800000000002,162.09600000000003,161.913,162.07200000000003
2026-06-23 12:00:00+00:00,162.07200000000003,162.09100000000004,161.92800000000005,162.04000000000002
2026-06-23 13:00:00+00:00,162.04000000000002,162.06400000000002,161.949,162.00700000000003
2026-06-23 14:00:00+00:00,162.00700000000003,162.06700000000004,161.97200000000004,162.026
2026-06-23 15:00:00+00:00,162.026,162.07000000000002,161.98800000000003,162.032
2026-06-23 16:00:00+00:00,162.032,162.08200000000002,162.02200000000002,162.07900000000004
2026-06-23 17:00:00+00:00,162.07900000000004,162.10200000000003,162.02800000000002,162.04100000000005
2026-06-23 18:00:00+00:00,162.04100000000005,162.07900000000004,162.02900000000002,162.05200000000002
2026-06-23 19:00:00+00:00,162.05200000000002,162.062,161.99500000000003,162.062
2026-06-23 20:00:00+00:00,162.062,162.09500000000003,162.04900000000004,162.05100000000002
2026-06-23 21:00:00+00:00,162.05100000000002,162.05100000000002,161.93900000000002,161.98400000000004
2026-06-23 22:00:00+00:00,161.98400000000004,162.092,161.98400000000004,162.04800000000003
2026-06-23 23:00:00+00:00,162.04800000000003,162.09900000000002,162.02300000000002,162.09000000000003
2026-06-24 00:00:00+00:00,162.09000000000003,162.122,162.04000000000002,162.11100000000002
2026-06-24 01:00:00+00:00,162.11100000000002,162.11400000000003,162.03600000000003,162.05800000000002
2026-06-24 02:00:00+00:00,162.05800000000002,162.07600000000002,162.02,162.03700000000003
2026-06-24 03:00:00+00:00,162.03700000000003,162.09100000000004,162.03400000000002,162.04100000000005
2026-06-24 04:00:00+00:00,162.04100000000005,162.05500000000004,162.02,162.04700000000005
2026-06-24 05:00:00+00:00,162.04700000000005,162.10600000000002,162.03300000000002,162.10000000000002
2026-06-24 06:00:00+00:00,162.10000000000002,162.20400000000004,162.07100000000003,162.19700000000003
2026-06-24 07:00:00+00:00,162.19700000000003,162.229,162.15400000000002,162.20400000000004
2026-06-24 08:00:00+00:00,162.20400000000004,162.24600000000004,162.17100000000002,162.24400000000003
2026-06-24 09:00:00+00:00,162.24400000000003,162.26700000000002,162.19800000000004,162.229
2026-06-24 10:00:00+00:00,162.229,162.241,162.17400000000004,162.17700000000002
2026-06-24 11:00:00+00:00,162.17700000000002,162.20600000000002,162.11100000000002,162.14400000000003
2026-06-24 12:00:00+00:00,162.14400000000003,162.24400000000003,162.12400000000002,162.24300000000002
2026-06-24 13:00:00+00:00,162.24300000000002,162.253,162.18900000000002,162.235
2026-06-24 14:00:00+00:00,162.235,162.30400000000003,162.19500000000002,162.28100000000003
2026-06-24 15:00:00+00:00,162.28100000000003,162.3,162.21900000000002,162.24800000000002
2026-06-24 16:00:00+00:00,162.24800000000002,162.26000000000002,162.17800000000005,162.24500000000003
2026-06-24 17:00:00+00:00,162.24500000000003,162.30800000000002,162.22500000000002,162.30400000000003
2026-06-24 18:00:00+00:00,162.30400000000003,162.318,162.25100000000003,162.25100000000003
2026-06-24 19:00:00+00:00,162.25100000000003,162.32600000000002,162.23600000000002,162.31
2026-06-24 20:00:00+00:00,162.31,162.318,162.264,162.264
2026-06-24 21:00:00+00:00,162.264,162.276,162.193,162.24900000000002
2026-06-24 22:00:00+00:00,162.24900000000002,162.27,162.23200000000003,162.26200000000003
2026-06-24 23:00:00+00:00,162.26200000000003,162.28000000000003,162.24500000000003,162.26200000000003
2026-06-25 00:00:00+00:00,162.26200000000003,162.27300000000002,162.18700000000004,162.20200000000003
2026-06-25 01:00:00+00:00,162.20200000000003,162.23500000000004,162.04700000000005,162.20800000000003
2026-06-25 02:00:00+00:00,162.20800000000003,162.22200000000004,162.15500000000003,162.20600000000005
2026-06-25 03:00:00+00:00,162.20600000000005,162.24600000000004,162.18800000000005,162.21800000000005
2026-06-25 04:00:00+00:00,162.21800000000005,162.26700000000002,162.20100000000005,162.25800000000004
2026-06-25 05:00:00+00:00,162.25800000000004,162.32400000000004,162.21900000000005,162.31400000000005
2026-06-25 06:00:00+00:00,162.31400000000005,162.38100000000003,162.27800000000005,162.37600000000003
2026-06-25 07:00:00+00:00,162.37600000000003,162.39000000000004,162.24400000000003,162.30500000000004
2026-06-25 08:00:00+00:00,162.30500000000004,162.32700000000003,162.26500000000004,162.29000000000005
2026-06-25 09:00:00+00:00,162.29000000000005,162.33300000000003,162.27800000000005,162.30700000000004
2026-06-25 10:00:00+00:00,162.30700000000004,162.39000000000004,162.29600000000005,162.36900000000003
2026-06-25 11:00:00+00:00,162.36900000000003,162.44000000000003,162.23500000000004,162.35900000000004
2026-06-25 12:00:00+00:00,162.35900000000004,162.39400000000003,162.25300000000004,162.33000000000004
2026-06-25 13:00:00+00:00,162.33000000000004,162.34600000000003,162.19300000000004,162.23400000000004
2026-06-25 14:00:00+00:00,162.23400000000004,162.25500000000002,162.05100000000004,162.16900000000004
2026-06-25 15:00:00+00:00,162.16900000000004,162.21600000000004,162.10500000000005,162.16500000000005
2026-06-25 16:00:00+00:00,162.16500000000005,162.26000000000005,162.15000000000003,162.26000000000005
2026-06-25 17:00:00+00:00,162.26000000000005,162.30200000000005,162.21900000000005,162.27200000000005
2026-06-25 18:00:00+00:00,162.27200000000005,162.33600000000004,162.25400000000005,162.28500000000005
2026-06-25 19:00:00+00:00,162.28500000000005,162.31700000000004,162.23200000000003,162.28000000000003
2026-06-25 20:00:00+00:00,162.28000000000003,162.30500000000004,162.26700000000002,162.27300000000002
2026-06-25 21:00:00+00:00,162.27300000000002,162.30700000000004,162.15900000000005,162.24900000000005
2026-06-25 22:00:00+00:00,162.24900000000005,162.29800000000006,162.24900000000005,162.28000000000006
2026-06-25 23:00:00+00:00,162.28000000000006,162.31100000000004,162.25500000000005,162.29800000000006
2026-06-26 00:00:00+00:00,162.29800000000006,162.33500000000004,162.28600000000006,162.32500000000005
2026-06-26 01:00:00+00:00,162.32500000000005,162.34300000000005,162.28700000000003,162.29800000000006
2026-06-26 02:00:00+00:00,162.29800000000006,162.30900000000003,162.26600000000005,162.27100000000004
2026-06-26 03:00:00+00:00,162.27100000000004,162.27300000000005,162.11700000000005,162.14400000000003
2026-06-26 04:00:00+00:00,162.14400000000003,162.17900000000006,162.06200000000004,162.12200000000004
2026-06-26 05:00:00+00:00,162.12200000000004,162.13700000000006,162.03200000000004,162.03800000000004
2026-06-26 06:00:00+00:00,162.03800000000004,162.24400000000006,162.02600000000004,162.21200000000005
2026-06-26 07:00:00+00:00,162.21200000000005,162.22100000000006,162.11400000000006,162.11900000000006
2026-06-26 08:00:00+00:00,162.11900000000006,162.14800000000005,162.02900000000005,162.08200000000005
2026-06-26 09:00:00+00:00,162.08200000000005,162.12500000000006,162.02700000000004,162.10000000000005
2026-06-26 10:00:00+00:00,162.10000000000005,162.13600000000005,162.06300000000005,162.11400000000006
2026-06-26 11:00:00+00:00,162.11400000000006,162.17700000000005,162.10300000000004,162.15900000000005
2026-06-26 12:00:00+00:00,162.15900000000005,162.19900000000004,162.13200000000003,162.15100000000004
2026-06-26 13:00:00+00:00,162.15100000000004,162.21400000000006,162.11400000000006,162.12500000000006
2026-06-26 14:00:00+00:00,162.12500000000006,162.23600000000005,162.07000000000005,162.21900000000005
2026-06-26 15:00:00+00:00,162.21900000000005,162.24000000000004,162.12800000000004,162.16500000000005
2026-06-26 16:00:00+00:00,162.16500000000005,162.26500000000004,162.15400000000005,162.24800000000005
2026-06-26 17:00:00+00:00,162.24800000000005,162.27000000000004,162.22400000000005,162.26400000000004
2026-06-26 18:00:00+00:00,162.26400000000004,162.26900000000003,162.20500000000004,162.23000000000005
2026-06-26 19:00:00+00:00,162.23000000000005,162.25800000000004,162.20400000000004,162.25100000000006
2026-06-26 20:00:00+00:00,162.25100000000006,162.27300000000005,162.18300000000005,162.18300000000005
2026-06-28 21:00:00+00:00,162.18300000000005,162.26500000000004,162.17900000000006,162.26500000000004
2026-06-28 22:00:00+00:00,162.26500000000004,162.34400000000005,162.22800000000004,162.26800000000006
2026-06-28 23:00:00+00:00,162.26800000000006,162.28700000000003,162.24900000000005,162.26900000000003
2026-06-29 00:00:00+00:00,162.26900000000003,162.27000000000004,162.19500000000005,162.23800000000006
2026-06-29 01:00:00+00:00,162.23800000000006,162.27000000000004,162.20900000000006,162.26700000000005
2026-06-29 02:00:00+00:00,162.26700000000005,162.26900000000003,162.20800000000006,162.26300000000003
2026-06-29 03:00:00+00:00,162.26300000000003,162.27400000000006,162.24800000000005,162.27400000000006
2026-06-29 04:00:00+00:00,162.27400000000006,162.29300000000003,162.26200000000006,162.28800000000004
2026-06-29 05:00:00+00:00,162.28800000000004,162.29300000000003,162.25800000000004,162.27900000000005
2026-06-29 06:00:00+00:00,162.27900000000005,162.32700000000006,162.25300000000004,162.26800000000006
2026-06-29 07:00:00+00:00,162.26800000000006,162.30400000000006,162.26400000000004,162.29900000000004
2026-06-29 08:00:00+00:00,162.29900000000004,162.33500000000004,162.27600000000004,162.32900000000004
2026-06-29 09:00:00+00:00,162.32900000000004,162.37400000000005,162.30800000000005,162.35700000000006
2026-06-29 10:00:00+00:00,162.35700000000006,162.37500000000006,162.32100000000003,162.32900000000004
2026-06-29 11:00:00+00:00,162.32900000000004,162.33700000000005,162.28900000000004,162.31300000000005
2026-06-29 12:00:00+00:00,162.31300000000005,162.37900000000005,162.30900000000003,162.37000000000003
2026-06-29 13:00:00+00:00,162.37000000000003,162.44000000000003,162.36300000000006,162.43300000000005
2026-06-29 14:00:00+00:00,162.43300000000005,162.43300000000005,162.27900000000005,162.40400000000005
2026-06-29 15:00:00+00:00,162.40400000000005,162.42600000000004,162.39400000000003,162.40600000000003
2026-06-29 16:00:00+00:00,162.40600000000003,162.42100000000005,162.39100000000005,162.41500000000005
2026-06-29 17:00:00+00:00,162.41500000000005,162.43400000000003,162.39300000000006,162.41000000000005
2026-06-29 18:00:00+00:00,162.41000000000005,162.45600000000005,162.40000000000003,162.44300000000004
2026-06-29 19:00:00+00:00,162.44300000000004,162.44600000000003,162.38000000000005,162.41300000000004
2026-06-29 20:00:00+00:00,162.41300000000004,162.43800000000002,162.39900000000003,162.40500000000003
2026-06-29 21:00:00+00:00,162.40500000000003,162.40500000000003,162.33,162.36700000000002
2026-06-29 22:00:00+00:00,162.36700000000002,162.42200000000005,162.36700000000002,162.39600000000004
2026-06-29 23:00:00+00:00,162.39600000000004,162.41000000000005,162.387,162.40400000000002
2026-06-30 00:00:00+00:00,162.40400000000002,162.883,162.401,162.61800000000002
2026-06-30 01:00:00+00:00,162.61800000000002,162.786,162.53300000000002,162.66600000000005
2026-06-30 02:00:00+00:00,162.66600000000005,162.681,162.59,162.627
2026-06-30 03:00:00+00:00,162.627,162.72600000000003,162.52100000000002,162.65400000000002
2026-06-30 04:00:00+00:00,162.65400000000002,162.68800000000002,162.63000000000002,162.68300000000002
2026-06-30 05:00:00+00:00,162.68300000000002,162.774,162.63500000000002,162.77300000000002
2026-06-30 06:00:00+00:00,162.77300000000002,162.89200000000002,162.68200000000002,162.68300000000002
2026-06-30 07:00:00+00:00,162.68300000000002,162.74900000000002,162.60000000000002,162.739
2026-06-30 08:00:00+00:00,162.739,162.895,162.70700000000002,162.798
2026-06-30 09:00:00+00:00,162.798,162.83200000000002,162.74800000000002,162.77300000000002
2026-06-30 10:00:00+00:00,162.77300000000002,162.83800000000002,162.77100000000002,162.79500000000002
2026-06-30 11:00:00+00:00,162.79500000000002,162.906,162.793,162.89200000000002
2026-06-30 12:00:00+00:00,162.89200000000002,162.99300000000002,162.49300000000002,162.883
2026-06-30 13:00:00+00:00,162.883,162.95600000000002,162.792,162.94600000000003
2026-06-30 14:00:00+00:00,162.94600000000003,163.032,162.83300000000003,162.995
2026-06-30 15:00:00+00:00,162.995,163.14200000000002,162.949,163.09300000000002
2026-06-30 16:00:00+00:00,163.09300000000002,163.15200000000002,163.08,163.126
2026-06-30 17:00:00+00:00,163.126,163.128,163.037,163.06300000000002
2026-06-30 18:00:00+00:00,163.06300000000002,163.09900000000002,163.037,163.096
2026-06-30 19:00:00+00:00,163.096,163.11100000000002,163.05100000000002,163.06
2026-06-30 20:00:00+00:00,163.06,163.091,162.99,162.99900000000002
2026-06-30 21:00:00+00:00,162.99900000000002,163.10000000000002,162.97000000000003,163.03500000000005
2026-06-30 22:00:00+00:00,163.03500000000005,163.104,163.03500000000005,163.086
2026-06-30 23:00:00+00:00,163.086,163.127,163.008,163.114
2026-07-01 00:00:00+00:00,163.114,163.256,163.114,163.163
2026-07-01 01:00:00+00:00,163.163,163.21,163.066,163.16500000000002
2026-07-01 02:00:00+00:00,163.16500000000002,163.27100000000002,163.139,163.228
2026-07-01 03:00:00+00:00,163.228,163.318,163.21,163.27900000000002
2026-07-01 04:00:00+00:00,163.27900000000002,163.292,163.036,163.20600000000002
2026-07-01 05:00:00+00:00,163.20600000000002,163.24200000000002,163.16600000000005,163.191
2026-07-01 06:00:00+00:00,163.191,163.23600000000002,163.14,163.157
2026-07-01 07:00:00+00:00,163.157,163.20200000000003,163.092,163.15300000000002
2026-07-01 08:00:00+00:00,163.15300000000002,163.18400000000003,163.115,163.14700000000002
2026-07-01 09:00:00+00:00,163.14700000000002,163.223,163.13000000000002,163.215
2026-07-01 10:00:00+00:00,163.215,163.227,163.156,163.17000000000002
2026-07-01 11:00:00+00:00,163.17000000000002,163.216,163.16400000000002,163.17700000000002
2026-07-01 12:00:00+00:00,163.17700000000002,163.245,163.151,163.18
2026-07-01 13:00:00+00:00,163.18,163.21400000000003,162.776,162.888
2026-07-01 14:00:00+00:00,162.888,162.93300000000002,162.792,162.877
2026-07-01 15:00:00+00:00,162.877,162.95700000000002,162.85600000000002,162.894
2026-07-01 16:00:00+00:00,162.894,162.943,162.841,162.93900000000002
2026-07-01 17:00:00+00:00,162.93900000000002,163.02800000000002,162.905,163.013
2026-07-01 18:00:00+00:00,163.013,163.06300000000002,162.994,163.00500000000002
2026-07-01 19:00:00+00:00,163.00500000000002,163.067,162.989,163.05200000000002
2026-07-01 20:00:00+00:00,163.05200000000002,163.10100000000003,163.031,163.05
2026-07-01 21:00:00+00:00,163.05,163.05,162.98000000000002,163.023
2026-07-01 22:00:00+00:00,163.023,163.06300000000002,163.023,163.03600000000003
2026-07-01 23:00:00+00:00,163.03600000000003,163.08200000000005,163.01300000000003,163.04300000000003
2026-07-02 00:00:00+00:00,163.04300000000003,163.09100000000004,162.97500000000005,163.05700000000004
2026-07-02 01:00:00+00:00,163.05700000000004,163.07800000000006,162.99900000000005,163.02700000000004
2026-07-02 02:00:00+00:00,163.02700000000004,163.04500000000004,162.99000000000004,163.01900000000003
2026-07-02 03:00:00+00:00,163.01900000000003,163.03900000000004,162.92800000000005,162.95600000000005
2026-07-02 04:00:00+00:00,162.95600000000005,162.95600000000005,162.85700000000006,162.92700000000005
2026-07-02 05:00:00+00:00,162.92700000000005,162.92800000000005,162.81400000000005,162.82900000000004
2026-07-02 06:00:00+00:00,162.82900000000004,162.83000000000004,161.60900000000004,162.31600000000006
2026-07-02 07:00:00+00:00,162.31600000000006,162.44200000000004,161.86700000000005,161.92900000000006
2026-07-02 08:00:00+00:00,161.92900000000006,161.95700000000005,161.39200000000005,161.51900000000003
2026-07-02 09:00:00+00:00,161.51900000000003,161.83600000000004,161.51800000000006,161.69700000000006
2026-07-02 10:00:00+00:00,161.69700000000006,161.98100000000005,161.69400000000005,161.85600000000005
2026-07-02 11:00:00+00:00,161.85600000000005,161.99200000000005,161.81800000000004,161.97400000000005
2026-07-02 12:00:00+00:00,161.97400000000005,162.13800000000003,161.11300000000006,161.52000000000004
2026-07-02 13:00:00+00:00,161.52000000000004,161.65300000000005,161.34900000000005,161.35000000000005
2026-07-02 14:00:00+00:00,161.35000000000005,161.61100000000005,161.32200000000006,161.53300000000004
2026-07-02 15:00:00+00:00,161.53300000000004,161.57500000000005,161.25300000000004,161.40500000000006
2026-07-02 16:00:00+00:00,161.40500000000006,161.58800000000005,161.38200000000003,161.47900000000004
2026-07-02 17:00:00+00:00,161.47900000000004,161.62100000000004,161.47900000000004,161.56500000000003
2026-07-02 18:00:00+00:00,161.56500000000003,161.59900000000005,161.51300000000003,161.54200000000006
2026-07-02 19:00:00+00:00,161.54200000000006,161.66800000000003,161.54100000000005,161.62200000000004
2026-07-02 20:00:00+00:00,161.62200000000004,161.63700000000006,161.56200000000004,161.59000000000006
2026-07-02 21:00:00+00:00,161.59000000000006,161.65300000000005,161.54600000000005,161.58800000000005
2026-07-02 22:00:00+00:00,161.58800000000005,161.83600000000004,161.58800000000005,161.79600000000005
2026-07-02 23:00:00+00:00,161.79600000000005,162.00100000000003,161.76900000000003,161.99000000000004
2026-07-03 00:00:00+00:00,161.99000000000004,162.05500000000004,161.72000000000006,161.72400000000005
2026-07-03 01:00:00+00:00,161.72400000000005,161.80600000000004,161.45200000000006,161.76900000000003
2026-07-03 02:00:00+00:00,161.76900000000003,161.78200000000004,161.65500000000006,161.70500000000004
2026-07-03 03:00:00+00:00,161.70500000000004,161.75700000000003,161.67900000000003,161.70800000000006
2026-07-03 04:00:00+00:00,161.70800000000006,161.74600000000004,161.66200000000003,161.66400000000004
2026-07-03 05:00:00+00:00,161.66400000000004,161.71600000000004,161.51500000000004,161.69900000000004
2026-07-03 06:00:00+00:00,161.69900000000004,161.69900000000004,161.01300000000003,161.40400000000005
2026-07-03 07:00:00+00:00,161.40400000000005,161.53300000000004,161.24900000000005,161.33300000000006
2026-07-03 08:00:00+00:00,161.33300000000006,161.57100000000003,161.30700000000004,161.56800000000004
2026-07-03 09:00:00+00:00,161.56800000000004,161.66300000000004,161.49900000000005,161.66100000000006
2026-07-03 10:00:00+00:00,161.66100000000006,161.70300000000003,161.60900000000004,161.63000000000005
2026-07-03 11:00:00+00:00,161.63000000000005,161.69600000000003,161.59300000000005,161.65100000000004
2026-07-03 12:00:00+00:00,161.65100000000004,161.70500000000004,161.63700000000006,161.70400000000004
2026-07-03 13:00:00+00:00,161.70400000000004,161.81000000000003,161.70300000000003,161.78800000000004
2026-07-03 14:00:00+00:00,161.78800000000004,161.83000000000004,161.74300000000005,161.82700000000006
2026-07-03 15:00:00+00:00,161.82700000000006,161.88000000000005,161.80500000000004,161.85300000000004
2026-07-03 16:00:00+00:00,161.85300000000004,161.92900000000003,161.84000000000003,161.88300000000004
2026-07-03 17:00:00+00:00,161.88300000000004,161.89100000000005,161.81300000000005,161.83800000000005
2026-07-03 18:00:00+00:00,161.83800000000005,161.89300000000006,161.82400000000004,161.88900000000004
2026-07-03 19:00:00+00:00,161.88900000000004,161.91500000000005,161.87500000000006,161.90000000000003
2026-07-03 20:00:00+00:00,161.90000000000003,161.95100000000005,161.85500000000005,161.86700000000005
2026-07-05 21:00:00+00:00,161.86700000000005,161.89700000000002,161.84700000000004,161.89500000000004
2026-07-05 22:00:00+00:00,161.89500000000004,162.08100000000002,161.872,162.02700000000002
2026-07-05 23:00:00+00:00,162.02700000000002,162.116,162.02700000000002,162.07000000000002
2026-07-06 00:00:00+00:00,162.07000000000002,162.217,162.065,162.142
2026-07-06 01:00:00+00:00,162.142,162.424,162.14100000000002,162.422
2026-07-06 02:00:00+00:00,162.422,162.46,162.36,162.381
2026-07-06 03:00:00+00:00,162.381,162.471,162.37300000000002,162.45100000000002
2026-07-06 04:00:00+00:00,162.45100000000002,162.554,162.419,162.55100000000002
2026-07-06 05:00:00+00:00,162.55100000000002,162.69500000000002,162.49300000000002,162.69
2026-07-06 06:00:00+00:00,162.69,162.917,162.639,162.86
2026-07-06 07:00:00+00:00,162.86,162.925,162.76600000000002,162.769
2026-07-06 08:00:00+00:00,162.769,162.90300000000002,162.768,162.859
2026-07-06 09:00:00+00:00,162.859,162.95700000000002,162.83800000000002,162.943
2026-07-06 10:00:00+00:00,162.943,163.02100000000002,162.866,162.92000000000002
2026-07-06 11:00:00+00:00,162.92000000000002,162.966,162.893,162.94400000000002
2026-07-06 12:00:00+00:00,162.94400000000002,163.035,162.912,163.009
2026-07-06 13:00:00+00:00,163.009,163.03,162.92000000000002,162.947
2026-07-06 14:00:00+00:00,162.947,162.994,162.882,162.96800000000002
2026-07-06 15:00:00+00:00,162.96800000000002,162.98100000000002,162.884,162.895
2026-07-06 16:00:00+00:00,162.895,162.929,162.851,162.87
2026-07-06 17:00:00+00:00,162.87,162.883,162.755,162.786
2026-07-06 18:00:00+00:00,162.786,162.799,162.628,162.657
2026-07-06 19:00:00+00:00,162.657,162.727,162.642,162.666
2026-07-06 20:00:00+00:00,162.666,162.727,162.64,162.68300000000002
2026-07-06 21:00:00+00:00,162.68300000000002,162.73600000000002,162.632,162.669
2026-07-06 22:00:00+00:00,162.669,162.727,162.654,162.67700000000002
2026-07-06 23:00:00+00:00,162.67700000000002,162.722,162.61,162.70600000000002
2026-07-07 00:00:00+00:00,162.70600000000002,162.791,162.691,162.744
2026-07-07 01:00:00+00:00,162.744,162.758,162.29500000000002,162.483
2026-07-07 02:00:00+00:00,162.483,162.537,162.406,162.531
2026-07-07 03:00:00+00:00,162.531,162.537,162.40300000000002,162.484
2026-07-07 04:00:00+00:00,162.484,162.496,162.293,162.407
2026-07-07 05:00:00+00:00,162.407,162.503,162.36100000000002,162.48000000000002
2026-07-07 06:00:00+00:00,162.48000000000002,162.654,162.472,162.636
2026-07-07 07:00:00+00:00,162.636,162.692,162.262,162.571
2026-07-07 08:00:00+00:00,162.571,162.58100000000002,162.437,162.511
2026-07-07 09:00:00+00:00,162.511,162.57600000000002,162.425,162.55100000000002
2026-07-07 10:00:00+00:00,162.55100000000002,162.573,162.48600000000002,162.55
2026-07-07 11:00:00+00:00,162.55,162.56900000000002,162.45700000000002,162.531
2026-07-07 12:00:00+00:00,162.531,162.54000000000002,162.365,162.45100000000002
2026-07-07 13:00:00+00:00,162.45100000000002,162.513,162.423,162.505
2026-07-07 14:00:00+00:00,162.505,162.634,162.46800000000002,162.524
2026-07-07 15:00:00+00:00,162.524,162.55800000000002,162.46900000000002,162.524
2026-07-07 16:00:00+00:00,162.524,162.57000000000002,162.48000000000002,162.54500000000002
2026-07-07 17:00:00+00:00,162.54500000000002,162.553,162.49,162.502
2026-07-07 18:00:00+00:00,162.502,162.58100000000002,162.47,162.544
2026-07-07 19:00:00+00:00,162.544,162.752,162.543,162.68800000000002
2026-07-07 20:00:00+00:00,162.68800000000002,162.73700000000002,162.663,162.68800000000002
2026-07-07 21:00:00+00:00,162.68800000000002,162.79999999999998,162.631,162.75599999999997
2026-07-07 22:00:00+00:00,162.75599999999997,162.80899999999997,162.71499999999995,162.78999999999996
2026-07-07 23:00:00+00:00,162.78999999999996,162.97699999999998,162.77899999999997,162.974
2026-07-08 00:00:00+00:00,162.974,163.01399999999998,162.86299999999997,162.95499999999998
2026-07-08 01:00:00+00:00,162.95499999999998,163.07099999999997,162.89299999999997,162.968
2026-07-08 02:00:00+00:00,162.968,163.04299999999998,162.94599999999997,162.95399999999998
2026-07-08 03:00:00+00:00,162.95399999999998,162.962,162.89999999999998,162.94899999999998
2026-07-08 04:00:00+00:00,162.94899999999998,163.01699999999997,162.94499999999996,162.97599999999997
2026-07-08 05:00:00+00:00,162.97599999999997,162.986,162.81599999999997,162.90599999999998
2026-07-08 06:00:00+00:00,162.90599999999998,162.91699999999997,162.68499999999997,162.81399999999996
2026-07-08 07:00:00+00:00,162.81399999999996,162.90099999999998,162.79099999999997,162.83399999999995
2026-07-08 08:00:00+00:00,162.83399999999995,163.10699999999997,162.819,163.09799999999998
2026-07-08 09:00:00+00:00,163.09799999999998,163.16699999999997,162.84999999999997,163.07099999999997
2026-07-08 10:00:00+00:00,163.07099999999997,163.08799999999997,163.01599999999996,163.08599999999998
2026-07-08 11:00:00+00:00,163.08599999999998,163.16699999999997,163.02999999999997,163.146
2026-07-08 12:00:00+00:00,163.146,163.15699999999998,163.05399999999997,163.12999999999997
2026-07-08 13:00:00+00:00,163.12999999999997,163.176,163.09399999999997,163.14999999999998
2026-07-08 14:00:00+00:00,163.14999999999998,163.235,163.12299999999996,163.22099999999998
2026-07-08 15:00:00+00:00,163.22099999999998,163.319,163.2,163.28099999999998
2026-07-08 16:00:00+00:00,163.28099999999998,163.28199999999998,163.11199999999997,163.14299999999997
2026-07-08 17:00:00+00:00,163.14299999999997,163.16199999999998,163.02899999999997,163.13899999999998
2026-07-08 18:00:00+00:00,163.13899999999998,163.16899999999998,163.05399999999997,163.08699999999996
2026-07-08 19:00:00+00:00,163.08699999999996,163.16999999999996,163.03599999999994,163.08899999999997
2026-07-08 20:00:00+00:00,163.08899999999997,163.26099999999997,163.08299999999997,163.18899999999996
2026-07-08 21:00:00+00:00,163.18899999999996,163.21499999999995,163.07599999999996,163.15399999999997
2026-07-08 22:00:00+00:00,163.15399999999997,163.21599999999998,163.15099999999998,163.17499999999998
2026-07-08 23:00:00+00:00,163.17499999999998,163.18999999999997,163.14199999999997,163.14999999999998
2026-07-09 00:00:00+00:00,163.14999999999998,163.14999999999998,162.968,163.052
2026-07-09 01:00:00+00:00,163.052,163.182,163.021,163.05899999999997
2026-07-09 02:00:00+00:00,163.05899999999997,163.112,163.04799999999997,163.07999999999998
2026-07-09 03:00:00+00:00,163.07999999999998,163.105,163.01799999999997,163.06099999999998
2026-07-09 04:00:00+00:00,163.06099999999998,163.075,163.01799999999997,163.04
2026-07-09 05:00:00+00:00,163.04,163.046,162.95399999999998,162.98
2026-07-09 06:00:00+00:00,162.98,162.98399999999998,162.85699999999997,162.90699999999998
2026-07-09 07:00:00+00:00,162.90699999999998,163.009,162.90699999999998,162.95799999999997
2026-07-09 08:00:00+00:00,162.95799999999997,163.01299999999998,162.91199999999998,163.00499999999997
2026-07-09 09:00:00+00:00,163.00499999999997,163.05999999999997,162.991,163.01199999999997
2026-07-09 10:00:00+00:00,163.01199999999997,163.11499999999998,163.01,163.094
2026-07-09 11:00:00+00:00,163.094,163.11999999999998,163.064,163.08299999999997
2026-07-09 12:00:00+00:00,163.08299999999997,163.08399999999995,163.00099999999998,163.052
2026-07-09 13:00:00+00:00,163.052,163.06199999999998,162.903,162.94899999999998
2026-07-09 14:00:00+00:00,162.94899999999998,163.033,162.89499999999998,162.97699999999998
2026-07-09 15:00:00+00:00,162.97699999999998,163.02299999999997,162.86499999999998,162.89799999999997
2026-07-09 16:00:00+00:00,162.89799999999997,162.93599999999998,162.866,162.92799999999997
2026-07-09 17:00:00+00:00,162.92799999999997,162.94099999999997,162.88299999999998,162.897
2026-07-09 18:00:00+00:00,162.897,162.986,162.897,162.944
2026-07-09 19:00:00+00:00,162.944,163.02499999999998,162.92999999999998,162.99899999999997
2026-07-09 20:00:00+00:00,162.99899999999997,163.01799999999997,162.95899999999995,162.95899999999995
2026-07-09 21:00:00+00:00,162.95899999999995,163.00799999999998,162.923,162.98199999999997
2026-07-09 22:00:00+00:00,162.98199999999997,163.04599999999996,162.96699999999998,162.97699999999998
2026-07-09 23:00:00+00:00,162.97699999999998,163.00799999999998,162.95899999999995,162.98799999999997
2026-07-10 00:00:00+00:00,162.98799999999997,163.045,162.51099999999997,162.676
2026-07-10 01:00:00+00:00,162.676,162.72699999999998,162.253,162.35699999999997
2026-07-10 02:00:00+00:00,162.35699999999997,162.37699999999998,161.90699999999998,162.07399999999998
2026-07-10 03:00:00+00:00,162.07399999999998,162.19799999999998,161.97499999999997,162.13899999999998
2026-07-10 04:00:00+00:00,162.13899999999998,162.33199999999997,162.13899999999998,162.25699999999998
2026-07-10 05:00:00+00:00,162.25699999999998,162.28499999999997,162.09499999999997,162.20299999999995
2026-07-10 06:00:00+00:00,162.20299999999995,162.23699999999997,162.02999999999997,162.20299999999995
2026-07-10 07:00:00+00:00,162.20299999999995,162.39499999999998,162.19599999999997,162.319
2026-07-10 08:00:00+00:00,162.319,162.367,162.16199999999998,162.307
2026-07-10 09:00:00+00:00,162.307,162.48,162.26099999999997,162.44799999999998
2026-07-10 10:00:00+00:00,162.44799999999998,162.44799999999998,162.319,162.39
2026-07-10 11:00:00+00:00,162.39,162.50699999999998,162.36999999999998,162.46899999999997
2026-07-10 12:00:00+00:00,162.46899999999997,162.51599999999996,162.307,162.41799999999998
2026-07-10 13:00:00+00:00,162.41799999999998,162.48299999999998,162.34399999999997,162.38899999999998
2026-07-10 14:00:00+00:00,162.38899999999998,162.48999999999998,162.367,162.45
2026-07-10 15:00:00+00:00,162.45,162.468,161.902,161.94199999999998
2026-07-10 16:00:00+00:00,161.94199999999998,162.13499999999996,161.92099999999996,162.13099999999997
2026-07-10 17:00:00+00:00,162.13099999999997,162.27499999999998,162.11299999999997,162.26699999999997
2026-07-10 18:00:00+00:00,162.26699999999997,162.35699999999997,162.25499999999997,162.31199999999998
2026-07-10 19:00:00+00:00,162.31199999999998,162.36799999999997,162.29899999999998,162.36
2026-07-10 20:00:00+00:00,162.36,162.38199999999998,162.26399999999998,162.28599999999997
2026-07-12 21:00:00+00:00,162.28599999999997,162.361,162.18800000000002,162.31
2026-07-12 22:00:00+00:00,162.31,162.632,162.297,162.593
2026-07-12 23:00:00+00:00,162.593,162.634,162.451,162.452
2026-07-13 00:00:00+00:00,162.452,162.669,162.448,162.661
2026-07-13 01:00:00+00:00,162.661,162.738,162.523,162.544
2026-07-13 02:00:00+00:00,162.544,162.659,162.528,162.643
2026-07-13 03:00:00+00:00,162.643,162.693,162.631,162.638
2026-07-13 04:00:00+00:00,162.638,162.663,162.53,162.565
2026-07-13 05:00:00+00:00,162.565,162.903,162.508,162.838
2026-07-13 06:00:00+00:00,162.838,162.922,162.768,162.80700000000002
2026-07-13 07:00:00+00:00,162.80700000000002,162.848,162.393,162.671
2026-07-13 08:00:00+00:00,162.671,162.709,162.587,162.649
2026-07-13 09:00:00+00:00,162.649,162.671,162.547,162.564
2026-07-13 10:00:00+00:00,162.564,162.691,162.561,162.637
2026-07-13 11:00:00+00:00,162.637,162.715,162.598,162.68800000000002
2026-07-13 12:00:00+00:00,162.68800000000002,162.762,162.666,162.68200000000002
2026-07-13 13:00:00+00:00,162.68200000000002,162.8,162.642,162.791
2026-07-13 14:00:00+00:00,162.791,162.98,162.753,162.916
2026-07-13 15:00:00+00:00,162.916,162.95000000000002,162.872,162.893
2026-07-13 16:00:00+00:00,162.893,163.035,162.877,163.02
2026-07-13 17:00:00+00:00,163.02,163.036,162.994,163.032
2026-07-13 18:00:00+00:00,163.032,163.047,162.925,162.928
2026-07-13 19:00:00+00:00,162.928,163.035,162.925,163.019
2026-07-13 20:00:00+00:00,163.019,163.055,162.995,162.999
2026-07-13 21:00:00+00:00,162.999,163.03600000000003,162.935,162.99400000000003
2026-07-13 22:00:00+00:00,162.99400000000003,163.03300000000004,162.97500000000002,163.01400000000004
2026-07-13 23:00:00+00:00,163.01400000000004,163.02400000000003,162.96100000000004,162.99200000000005
2026-07-14 00:00:00+00:00,162.99200000000005,163.04000000000005,162.80100000000004,162.95400000000004
2026-07-14 01:00:00+00:00,162.95400000000004,162.99500000000003,162.89700000000005,162.96500000000003
2026-07-14 02:00:00+00:00,162.96500000000003,162.98500000000004,162.87700000000004,162.89500000000004
2026-07-14 03:00:00+00:00,162.89500000000004,162.94200000000004,162.79900000000004,162.85900000000004
2026-07-14 04:00:00+00:00,162.85900000000004,162.91100000000003,162.83100000000005,162.88700000000003
2026-07-14 05:00:00+00:00,162.88700000000003,162.88700000000003,162.81300000000005,162.85800000000003
2026-07-14 06:00:00+00:00,162.85800000000003,162.94100000000003,162.84400000000005,162.91700000000003
2026-07-14 07:00:00+00:00,162.91700000000003,162.94200000000004,162.86800000000005,162.91400000000004
2026-07-14 08:00:00+00:00,162.91400000000004,162.95600000000005,162.61900000000003,162.84400000000005
2026-07-14 09:00:00+00:00,162.84400000000005,162.85300000000004,162.72700000000003,162.75500000000005
2026-07-14 10:00:00+00:00,162.75500000000005,162.83400000000003,162.72800000000004,162.82600000000005
2026-07-14 11:00:00+00:00,162.82600000000005,162.84800000000004,162.75500000000005,162.76900000000003
2026-07-14 12:00:00+00:00,162.76900000000003,162.80300000000005,162.16500000000005,162.48200000000003
2026-07-14 13:00:00+00:00,162.48200000000003,162.54700000000005,162.40100000000004,162.49300000000005
2026-07-14 14:00:00+00:00,162.49300000000005,162.58600000000004,162.38400000000004,162.53900000000004
2026-07-14 15:00:00+00:00,162.53900000000004,162.74100000000004,162.44200000000004,162.71400000000003
2026-07-14 16:00:00+00:00,162.71400000000003,162.76800000000003,162.67600000000004,162.68400000000003
2026-07-14 17:00:00+00:00,162.68400000000003,162.80700000000004,162.68300000000005,162.76300000000003
2026-07-14 18:00:00+00:00,162.76300000000003,162.85700000000003,162.73300000000003,162.76700000000005
2026-07-14 19:00:00+00:00,162.76700000000005,162.78300000000004,162.70400000000004,162.78200000000004
2026-07-14 20:00:00+00:00,162.78200000000004,162.83800000000005,162.77500000000003,162.80800000000005
2026-07-14 21:00:00+00:00,162.80800000000005,162.80800000000005,162.66100000000003,162.76000000000002
2026-07-14 22:00:00+00:00,162.76000000000002,162.83200000000002,162.75500000000002,162.80200000000002
2026-07-14 23:00:00+00:00,162.80200000000002,162.80600000000004,162.73200000000003,162.76300000000003
2026-07-15 00:00:00+00:00,162.76300000000003,162.80800000000002,162.64400000000003,162.66600000000005
2026-07-15 01:00:00+00:00,162.66600000000005,162.69500000000002,162.53100000000003,162.66400000000004
2026-07-15 02:00:00+00:00,162.66400000000004,162.69100000000003,162.60400000000004,162.67400000000004
2026-07-15 03:00:00+00:00,162.67400000000004,162.74800000000002,162.65300000000002,162.70900000000003
2026-07-15 04:00:00+00:00,162.70900000000003,162.79600000000002,162.70300000000003,162.77800000000002
2026-07-15 05:00:00+00:00,162.77800000000002,162.80200000000002,162.74200000000002,162.76900000000003
2026-07-15 06:00:00+00:00,162.76900000000003,162.78200000000004,162.66800000000003,162.77700000000004
2026-07-15 07:00:00+00:00,162.77700000000004,162.87800000000004,162.76500000000004,162.83500000000004
2026-07-15 08:00:00+00:00,162.83500000000004,162.91900000000004,162.81300000000005,162.86800000000002
2026-07-15 09:00:00+00:00,162.86800000000002,162.94000000000003,162.80900000000003,162.93300000000002
2026-07-15 10:00:00+00:00,162.93300000000002,162.99000000000004,162.88000000000002,162.89500000000004
2026-07-15 11:00:00+00:00,162.89500000000004,162.96300000000002,162.86500000000004,162.91400000000004
2026-07-15 12:00:00+00:00,162.91400000000004,162.96200000000002,162.70800000000003,162.73200000000003
2026-07-15 13:00:00+00:00,162.73200000000003,162.85000000000002,162.69700000000003,162.77400000000003
2026-07-15 14:00:00+00:00,162.77400000000003,162.80300000000005,162.68400000000003,162.70900000000003
2026-07-15 15:00:00+00:00,162.70900000000003,162.78500000000005,162.64300000000003,162.69900000000004
2026-07-15 16:00:00+00:00,162.69900000000004,162.76800000000003,162.68800000000005,162.73100000000002
2026-07-15 17:00:00+00:00,162.73100000000002,162.73400000000004,162.53600000000003,162.55500000000004
2026-07-15 18:00:00+00:00,162.55500000000004,162.63000000000002,162.46100000000004,162.61300000000003
2026-07-15 19:00:00+00:00,162.61300000000003,162.848,162.57900000000004,162.79400000000004
2026-07-15 20:00:00+00:00,162.79400000000004,162.79800000000003,162.741,162.741
2026-07-15 21:00:00+00:00,162.741,162.741,162.65200000000002,162.679
2026-07-15 22:00:00+00:00,162.679,162.70600000000002,162.638,162.67600000000002
2026-07-15 23:00:00+00:00,162.67600000000002,162.67600000000002,162.584,162.62900000000002
2026-07-16 00:00:00+00:00,162.62900000000002,162.71,162.608,162.649
2026-07-16 01:00:00+00:00,162.649,162.673,162.582,162.66
2026-07-16 02:00:00+00:00,162.66,162.723,162.64100000000002,162.705
2026-07-16 03:00:00+00:00,162.705,162.711,162.627,162.64
2026-07-16 04:00:00+00:00,162.64,162.695,162.637,162.65300000000002
2026-07-16 05:00:00+00:00,162.65300000000002,162.73600000000002,162.639,162.713
2026-07-16 06:00:00+00:00,162.713,162.731,162.666,162.674
2026-07-16 07:00:00+00:00,162.674,162.685,162.536,162.639
2026-07-16 08:00:00+00:00,162.639,162.73600000000002,162.619,162.702
2026-07-16 09:00:00+00:00,162.702,162.75,162.666,162.727
2026-07-16 10:00:00+00:00,162.727,162.751,162.685,162.707
2026-07-16 11:00:00+00:00,162.707,162.786,162.669,162.71
2026-07-16 12:00:00+00:00,162.71,162.854,162.707,162.85
2026-07-16 13:00:00+00:00,162.85,162.9,162.77,162.872
2026-07-16 14:00:00+00:00,162.872,163.008,162.864,163.001
2026-07-16 15:00:00+00:00,163.001,163.032,162.965,162.982
2026-07-16 16:00:00+00:00,162.982,163.102,162.976,163.03
2026-07-16 17:00:00+00:00,163.03,163.062,162.954,162.97
2026-07-16 18:00:00+00:00,162.97,162.981,162.92600000000002,162.946
2026-07-16 19:00:00+00:00,162.946,162.989,162.93200000000002,162.96
2026-07-16 20:00:00+00:00,162.96,162.96200000000002,162.911,162.937
2026-07-16 21:00:00+00:00,162.937,162.948,162.89,162.921
2026-07-16 22:00:00+00:00,162.921,162.94299999999998,162.87599999999998,162.927
2026-07-16 23:00:00+00:00,162.927,162.96599999999998,162.892,162.952
2026-07-17 00:00:00+00:00,162.952,163.027,162.929,162.988
2026-07-17 01:00:00+00:00,162.988,163.043,162.97899999999998,163.035
2026-07-17 02:00:00+00:00,163.035,163.037,162.90699999999998,162.94
2026-07-17 03:00:00+00:00,162.94,162.981,162.928,162.962
2026-07-17 04:00:00+00:00,162.962,163.001,162.939,162.988
2026-07-17 05:00:00+00:00,162.988,163.01399999999998,162.934,162.97
2026-07-17 06:00:00+00:00,162.97,162.992,162.701,162.832
2026-07-17 07:00:00+00:00,162.832,162.862,162.72899999999998,162.857
2026-07-17 08:00:00+00:00,162.857,162.993,162.834,162.95999999999998
2026-07-17 09:00:00+00:00,162.95999999999998,163.023,162.927,162.93099999999998
2026-07-17 10:00:00+00:00,162.93099999999998,162.98999999999998,162.927,162.93
2026-07-17 11:00:00+00:00,162.93,162.94299999999998,162.868,162.93099999999998
2026-07-17 12:00:00+00:00,162.93099999999998,162.98999999999998,162.875,162.981
2026-07-17 13:00:00+00:00,162.981,163.013,162.891,162.928
2026-07-17 14:00:00+00:00,162.928,162.983,162.899,162.977
2026-07-17 15:00:00+00:00,162.977,163.012,162.918,163.005
2026-07-17 16:00:00+00:00,163.005,163.089,162.997,162.997
2026-07-17 17:00:00+00:00,162.997,163.047,162.969,163.016
2026-07-17 18:00:00+00:00,163.016,163.031,162.986,163.01399999999998
2026-07-17 19:00:00+00:00,163.01399999999998,163.04399999999998,162.953,162.956
2026-07-17 20:00:00+00:00,162.956,163.015,162.92,162.926
2026-07-19 21:00:00+00:00,162.926,162.963,162.85299999999998,162.89399999999998
2026-07-19 22:00:00+00:00,162.89399999999998,163.09699999999998,162.89399999999998,163.02299999999997
2026-07-19 23:00:00+00:00,163.02299999999997,163.06599999999997,162.99599999999998,163.03399999999996
2026-07-20 00:00:00+00:00,163.03399999999996,163.05499999999998,162.84399999999997,162.85499999999996
2026-07-20 01:00:00+00:00,162.85499999999996,162.92899999999997,162.82299999999998,162.87799999999996
2026-07-20 02:00:00+00:00,162.87799999999996,162.88899999999998,162.84699999999998,162.88399999999996
2026-07-20 03:00:00+00:00,162.88399999999996,162.89899999999997,162.86699999999996,162.88899999999998
2026-07-20 04:00:00+00:00,162.88899999999998,162.89999999999998,162.84799999999996,162.85499999999996
2026-07-20 05:00:00+00:00,162.85499999999996,162.89399999999998,162.83999999999995,162.89099999999996
2026-07-20 06:00:00+00:00,162.89099999999996,162.93199999999996,162.87899999999996,162.92699999999996
2026-07-20 07:00:00+00:00,162.92699999999996,162.97099999999998,162.82999999999996,162.88299999999998
2026-07-20 08:00:00+00:00,162.88299999999998,162.89699999999996,162.85399999999996,162.88899999999998
2026-07-20 09:00:00+00:00,162.88899999999998,162.94999999999996,162.88399999999996,162.93299999999996
2026-07-20 10:00:00+00:00,162.93299999999996,162.94799999999998,162.90599999999998,162.92099999999996
2026-07-20 11:00:00+00:00,162.92099999999996,162.94499999999996,162.72599999999997,162.86299999999997
2026-07-20 12:00:00+00:00,162.86299999999997,162.94799999999998,162.86099999999996,162.92499999999995
2026-07-20 13:00:00+00:00,162.92499999999995,162.99499999999998,162.90599999999998,162.99499999999998
2026-07-20 14:00:00+00:00,162.99499999999998,163.10499999999996,162.98099999999997,163.03999999999996
2026-07-20 15:00:00+00:00,163.03999999999996,163.09999999999997,163.03899999999996,163.08599999999996
2026-07-20 16:00:00+00:00,163.08599999999996,163.11599999999996,163.04099999999997,163.04199999999997
2026-07-20 17:00:00+00:00,163.04199999999997,163.04199999999997,162.97599999999997,162.98099999999997
2026-07-20 18:00:00+00:00,162.98099999999997,163.04599999999996,162.93699999999995,163.01999999999995
2026-07-20 19:00:00+00:00,163.01999999999995,163.03699999999998,162.97899999999996,163.03599999999997
2026-07-20 20:00:00+00:00,163.03599999999997,163.04999999999995,162.99699999999996,162.99699999999996
2026-07-20 21:00:00+00:00,162.99699999999996,163.03599999999997,162.95499999999996,163.00999999999996
2026-07-20 22:00:00+00:00,163.00999999999996,163.03599999999997,163.00399999999996,163.02699999999996
2026-07-20 23:00:00+00:00,163.02699999999996,163.03199999999995,163.00999999999996,163.01199999999997
2026-07-21 00:00:00+00:00,163.01199999999997,163.05899999999997,162.96999999999997,163.05899999999997
2026-07-21 01:00:00+00:00,163.05899999999997,163.05899999999997,162.95499999999996,163.02899999999997
2026-07-21 02:00:00+00:00,163.02899999999997,163.04699999999997,163.00599999999997,163.01599999999996
2026-07-21 03:00:00+00:00,163.01599999999996,163.03899999999996,162.97499999999997,163.00999999999996
2026-07-21 04:00:00+00:00,163.00999999999996,163.02299999999997,162.99399999999997,163.01099999999997
2026-07-21 05:00:00+00:00,163.01099999999997,163.05099999999996,162.99399999999997,163.02799999999996
2026-07-21 06:00:00+00:00,163.02799999999996,163.08099999999996,163.00999999999996,163.05099999999996
2026-07-21 07:00:00+00:00,163.05099999999996,163.14099999999996,163.04499999999996,163.12399999999997
2026-07-21 08:00:00+00:00,163.12399999999997,163.22299999999996,163.11099999999996,163.20699999999997
2026-07-21 09:00:00+00:00,163.20699999999997,163.21999999999997,163.14299999999997,163.19599999999997
2026-07-21 10:00:00+00:00,163.19599999999997,163.22199999999998,163.16099999999997,163.18899999999996
2026-07-21 11:00:00+00:00,163.18899999999996,163.27499999999998,163.18399999999997,163.25599999999997
2026-07-21 12:00:00+00:00,163.25599999999997,163.32299999999998,163.21499999999995,163.24799999999996
2026-07-21 13:00:00+00:00,163.24799999999996,163.41299999999995,163.24699999999996,163.39199999999997
2026-07-21 14:00:00+00:00,163.39199999999997,163.56299999999996,163.37799999999996,163.53999999999996
2026-07-21 15:00:00+00:00,163.53999999999996,163.55899999999997,163.43499999999997,163.53699999999998
2026-07-21 16:00:00+00:00,163.53699999999998,163.55199999999996,163.48099999999997,163.52499999999998
2026-07-21 17:00:00+00:00,163.52499999999998,163.55199999999996,163.49899999999997,163.55099999999996
2026-07-21 18:00:00+00:00,163.55099999999996,163.75599999999997,163.54999999999995,163.70899999999995
2026-07-21 19:00:00+00:00,163.70899999999995,163.74199999999996,163.68299999999996,163.72699999999998
2026-07-21 20:00:00+00:00,163.72699999999998,163.76099999999997,163.67199999999997,163.67199999999997
2026-07-21 21:00:00+00:00,163.67199999999997,163.70599999999996,163.64199999999997,163.67699999999996
2026-07-21 22:00:00+00:00,163.67699999999996,163.72699999999998,163.67699999999996,163.72399999999996
2026-07-21 23:00:00+00:00,163.72399999999996,163.74499999999998,163.70799999999997,163.70899999999995
2026-07-22 00:00:00+00:00,163.70899999999995,163.72499999999997,163.55099999999996,163.65799999999996
2026-07-22 01:00:00+00:00,163.65799999999996,163.72399999999996,163.61999999999998,163.66999999999996
2026-07-22 02:00:00+00:00,163.66999999999996,163.69899999999996,163.59199999999996,163.63799999999998
2026-07-22 03:00:00+00:00,163.63799999999998,163.68599999999995,163.63299999999995,163.67599999999996
2026-07-22 04:00:00+00:00,163.67599999999996,163.71799999999996,163.67099999999996,163.69299999999996
2026-07-22 05:00:00+00:00,163.69299999999996,163.70799999999997,163.60499999999996,163.60999999999996
2026-07-22 06:00:00+00:00,163.60999999999996,163.66499999999996,163.57299999999995,163.61199999999997
2026-07-22 07:00:00+00:00,163.61199999999997,163.65699999999995,163.21399999999997,163.46499999999995
2026-07-22 08:00:00+00:00,163.46499999999995,163.63199999999998,163.42999999999995,163.47899999999996
2026-07-22 09:00:00+00:00,163.47899999999996,163.57199999999995,163.46399999999997,163.55299999999997
2026-07-22 10:00:00+00:00,163.55299999999997,163.59799999999996,163.52499999999995,163.53999999999996
2026-07-22 11:00:00+00:00,163.53999999999996,163.60099999999997,163.51299999999998,163.59499999999997
2026-07-22 12:00:00+00:00,163.59499999999997,163.65699999999995,163.56099999999995,163.62599999999998
2026-07-22 13:00:00+00:00,163.62599999999998,163.63099999999997,163.53399999999996,163.57899999999995
2026-07-22 14:00:00+00:00,163.57899999999995,163.64099999999996,163.56099999999995,163.63699999999997
2026-07-22 15:00:00+00:00,163.63699999999997,163.65399999999997,163.59099999999995,163.59899999999996
2026-07-22 16:00:00+00:00,163.59899999999996,163.64099999999996,163.58499999999995,163.63099999999997
2026-07-22 17:00:00+00:00,163.63099999999997,163.69699999999995,163.62499999999997,163.67599999999996
2026-07-22 18:00:00+00:00,163.67599999999996,163.69499999999996,163.62799999999996,163.64799999999997
2026-07-22 19:00:00+00:00,163.64799999999997,163.68099999999995,163.63799999999998,163.66899999999995
2026-07-22 20:00:00+00:00,163.66899999999995,163.68599999999995,163.65499999999997,163.65999999999997
2026-07-22 21:00:00+00:00,163.65999999999997,163.65999999999997,163.58899999999997,163.61099999999996
2026-07-22 22:00:00+00:00,163.61099999999996,163.66999999999996,163.60199999999998,163.63699999999997
2026-07-22 23:00:00+00:00,163.63699999999997,163.64599999999996,163.60899999999995,163.60899999999995
2026-07-23 00:00:00+00:00,163.60899999999995,163.65799999999996,163.56599999999997,163.57699999999997
2026-07-23 01:00:00+00:00,163.57699999999997,163.60599999999997,163.51399999999995,163.58399999999995
2026-07-23 02:00:00+00:00,163.58399999999995,163.61799999999997,163.56599999999997,163.58999999999995
2026-07-23 03:00:00+00:00,163.58999999999995,163.60599999999997,163.55099999999996,163.56199999999995
2026-07-23 04:00:00+00:00,163.56199999999995,163.60199999999998,163.54799999999997,163.59199999999996
2026-07-23 05:00:00+00:00,163.59199999999996,163.62999999999997,163.58599999999996,163.62899999999996
2026-07-23 06:00:00+00:00,163.62899999999996,163.63599999999997,163.58799999999997,163.62999999999997
2026-07-23 07:00:00+00:00,163.62999999999997,163.94599999999997,163.62999999999997,163.83899999999997
2026-07-23 08:00:00+00:00,163.83899999999997,163.96199999999996,163.80599999999995,163.86199999999997
2026-07-23 09:00:00+00:00,163.86199999999997,163.91599999999997,163.80899999999997,163.88799999999998
2026-07-23 10:00:00+00:00,163.88799999999998,163.90399999999997,163.86699999999996,163.89699999999996
2026-07-23 11:00:00+00:00,163.89699999999996,164.15299999999996,163.83699999999996,164.01199999999997
2026-07-23 12:00:00+00:00,164.01199999999997,164.27599999999995,163.97999999999996,164.19499999999996
2026-07-23 13:00:00+00:00,164.19499999999996,164.48399999999995,164.18699999999995,164.48199999999997
2026-07-23 14:00:00+00:00,164.48199999999997,164.50899999999996,164.39399999999998,164.44099999999997
2026-07-23 15:00:00+00:00,164.44099999999997,164.47399999999996,164.29499999999996,164.32499999999996
2026-07-23 16:00:00+00:00,164.32499999999996,164.35499999999996,164.24399999999997,164.28899999999996
2026-07-23 17:00:00+00:00,164.28899999999996,164.36599999999996,164.23799999999997,164.36199999999997
2026-07-23 18:00:00+00:00,164.36199999999997,164.36799999999997,164.29999999999995,164.32599999999996
2026-07-23 19:00:00+00:00,164.32599999999996,164.37999999999997,164.29499999999996,164.34499999999997
2026-07-23 20:00:00+00:00,164.34499999999997,164.39799999999997,164.32399999999996,164.35299999999995
2026-07-23 21:00:00+00:00,164.35299999999995,164.38199999999995,164.28799999999995,164.31499999999994
2026-07-23 22:00:00+00:00,164.31499999999994,164.38199999999995,164.31299999999996,164.37899999999996
2026-07-23 23:00:00+00:00,164.37899999999996,164.40099999999995,164.33599999999996,164.37199999999996
2026-07-24 00:00:00+00:00,164.37199999999996,164.46799999999996,164.32599999999996,164.34499999999997
2026-07-24 01:00:00+00:00,164.34499999999997,164.39199999999997,164.25699999999995,164.30899999999997
2026-07-24 02:00:00+00:00,164.30899999999997,164.33999999999995,164.25999999999996,164.30799999999996
2026-07-24 03:00:00+00:00,164.30799999999996,164.39999999999995,164.30099999999996,164.33599999999996
2026-07-24 04:00:00+00:00,164.33599999999996,164.37599999999995,164.31499999999997,164.35799999999995
2026-07-24 05:00:00+00:00,164.35799999999995,164.37899999999996,164.32699999999997,164.37199999999996
2026-07-24 06:00:00+00:00,164.37199999999996,164.37999999999997,164.29699999999997,164.29699999999997
2026-07-24 07:00:00+00:00,164.29699999999997,164.33599999999996,164.18299999999996,164.29599999999996
2026-07-24 08:00:00+00:00,164.29599999999996,164.34299999999996,164.25499999999997,164.26499999999996
2026-07-24 09:00:00+00:00,164.26499999999996,164.29599999999996,164.21899999999997,164.22099999999995
2026-07-24 10:00:00+00:00,164.22099999999995,164.33799999999997,164.20799999999997,164.32199999999995
2026-07-24 11:00:00+00:00,164.32199999999995,164.36999999999995,164.29199999999994,164.33899999999997
2026-07-24 12:00:00+00:00,164.33899999999997,164.39499999999995,164.33099999999996,164.38199999999995
2026-07-24 13:00:00+00:00,164.38199999999995,164.40899999999996,164.31399999999996,164.31399999999996
2026-07-24 14:00:00+00:00,164.31399999999996,164.36699999999996,164.22699999999995,164.28799999999995
2026-07-24 15:00:00+00:00,164.28799999999995,164.30699999999996,164.17599999999996,164.24099999999996
2026-07-24 16:00:00+00:00,164.24099999999996,164.31199999999995,164.23399999999995,164.31199999999995
2026-07-24 17:00:00+00:00,164.31199999999995,164.36999999999995,164.31199999999995,164.34299999999996
2026-07-24 18:00:00+00:00,164.34299999999996,164.38599999999997,164.32999999999996,164.37199999999996
2026-07-24 19:00:00+00:00,164.37199999999996,164.38499999999996,164.33999999999995,164.38199999999995
2026-07-24 20:00:00+00:00,164.38199999999995,164.39899999999997,164.35599999999994,164.35699999999994
2026-07-26 21:00:00+00:00,164.35699999999994,164.43499999999997,164.29399999999993,164.37199999999993
2026-07-26 22:00:00+00:00,164.37199999999993,164.47299999999993,164.32299999999995,164.46199999999993
2026-07-26 23:00:00+00:00,164.46199999999993,164.46399999999994,164.37599999999995,164.38499999999993
2026-07-27 00:00:00+00:00,164.38499999999993,164.41699999999994,164.28699999999995,164.3969999999999
2026-07-27 01:00:00+00:00,164.3969999999999,164.39999999999995,164.24499999999995,164.24599999999995
2026-07-27 02:00:00+00:00,164.24599999999995,164.34399999999994,164.22299999999993,164.34099999999995
2026-07-27 03:00:00+00:00,164.34099999999995,164.37899999999993,164.31899999999993,164.34399999999994
2026-07-27 04:00:00+00:00,164.34399999999994,164.36499999999995,164.31399999999994,164.34299999999993
2026-07-27 05:00:00+00:00,164.34299999999993,164.37199999999993,164.32599999999994,164.35499999999993
2026-07-27 06:00:00+00:00,164.35499999999993,164.36999999999995,164.27499999999995,164.28499999999994
2026-07-27 07:00:00+00:00,164.28499999999994,164.30199999999994,164.09399999999994,164.28999999999994
2026-07-27 08:00:00+00:00,164.28999999999994,164.32299999999995,164.25799999999995,164.28499999999994
2026-07-27 09:00:00+00:00,164.28499999999994,164.37099999999995,164.26199999999994,164.30099999999993
2026-07-27 10:00:00+00:00,164.30099999999993,164.36499999999995,164.29599999999994,164.35599999999994
2026-07-27 11:00:00+00:00,164.35599999999994,164.41599999999994,164.34799999999993,164.41399999999993
2026-07-27 12:00:00+00:00,164.41399999999993,164.47099999999995,164.39199999999994,164.45699999999994
2026-07-27 13:00:00+00:00,164.45699999999994,164.52599999999993,164.41999999999993,164.51399999999995
2026-07-27 14:00:00+00:00,164.51399999999995,164.53599999999994,164.46299999999994,164.47399999999993
2026-07-27 15:00:00+00:00,164.47399999999993,164.48999999999995,164.42299999999994,164.47899999999993
2026-07-27 16:00:00+00:00,164.47899999999993,164.47999999999993,164.35199999999995,164.41799999999995
2026-07-27 17:00:00+00:00,164.41799999999995,164.50099999999995,164.41699999999994,164.49299999999994
2026-07-27 18:00:00+00:00,164.49299999999994,164.55799999999994,164.45799999999994,164.54499999999993
2026-07-27 19:00:00+00:00,164.54499999999993,164.54499999999993,164.46399999999994,164.50399999999993
2026-07-27 20:00:00+00:00,164.50399999999993,164.53699999999995,164.48499999999993,164.48499999999993
2026-07-27 21:00:00+00:00,164.48499999999993,164.48599999999993,164.36999999999992,164.44899999999996
2026-07-27 22:00:00+00:00,164.44899999999996,164.52699999999993,164.44899999999996,164.51799999999994
2026-07-27 23:00:00+00:00,164.51799999999994,164.55599999999993,164.48699999999994,164.54899999999992
2026-07-28 00:00:00+00:00,164.54899999999992,164.61199999999994,164.50899999999993,164.51799999999994
2026-07-28 01:00:00+00:00,164.51799999999994,164.56199999999993,164.48499999999993,164.53599999999992
2026-07-28 02:00:00+00:00,164.53599999999992,164.56099999999992,164.44199999999992,164.48299999999992
2026-07-28 03:00:00+00:00,164.48299999999992,164.53999999999994,164.46999999999994,164.53499999999994
2026-07-28 04:00:00+00:00,164.53499999999994,164.54799999999992,164.5159999999999,164.5219999999999
2026-07-28 05:00:00+00:00,164.5219999999999,164.54299999999992,164.49399999999994,164.51099999999994
2026-07-28 06:00:00+00:00,164.51099999999994,164.51099999999994,164.43899999999994,164.47999999999993
2026-07-28 07:00:00+00:00,164.47999999999993,164.56499999999994,164.47999999999993,164.55499999999992
2026-07-28 08:00:00+00:00,164.55499999999992,164.62499999999994,164.53099999999992,164.59599999999992
2026-07-28 09:00:00+00:00,164.59599999999992,164.65999999999994,164.57799999999992,164.64799999999994
2026-07-28 10:00:00+00:00,164.64799999999994,164.71999999999994,164.63599999999994,164.70599999999993
2026-07-28 11:00:00+00:00,164.70599999999993,164.70799999999994,164.67799999999994,164.70099999999994
2026-07-28 12:00:00+00:00,164.70099999999994,164.70399999999992,164.61499999999992,164.64999999999992
2026-07-28 13:00:00+00:00,164.64999999999992,164.65499999999992,164.58899999999994,164.60299999999992
2026-07-28 14:00:00+00:00,164.60299999999992,164.6529999999999,164.59799999999993,164.63699999999994
2026-07-28 15:00:00+00:00,164.63699999999994,164.63699999999994,164.41899999999993,164.41899999999993
2026-07-28 16:00:00+00:00,164.41899999999993,164.51999999999992,164.41499999999994,164.51699999999994
2026-07-28 17:00:00+00:00,164.51699999999994,164.58599999999993,164.48699999999994,164.57499999999993
2026-07-28 18:00:00+00:00,164.57499999999993,164.63299999999992,164.54299999999992,164.62999999999994
2026-07-28 19:00:00+00:00,164.62999999999994,164.63999999999993,164.59699999999992,164.62699999999992
2026-07-28 20:00:00+00:00,164.62699999999992,164.65599999999992,164.60499999999993,164.61499999999992
2026-07-28 21:00:00+00:00,164.61499999999992,164.63399999999993,164.53199999999993,164.60499999999993
2026-07-28 22:00:00+00:00,164.60499999999993,164.68099999999993,164.60499999999993,164.65699999999993
2026-07-28 23:00:00+00:00,164.65699999999993,164.67899999999992,164.65399999999994,164.67399999999992
2026-07-29 00:00:00+00:00,164.67399999999992,164.68699999999993,164.47899999999993,164.50999999999993
2026-07-29 01:00:00+00:00,164.50999999999993,164.58499999999992,164.48599999999993,164.5279999999999
2026-07-29 02:00:00+00:00,164.5279999999999,164.55599999999993,164.46499999999992,164.52599999999993
2026-07-29 03:00:00+00:00,164.52599999999993,164.52599999999993,164.3679999999999,164.4279999999999
2026-07-29 04:00:00+00:00,164.4279999999999,164.4279999999999,164.07999999999993,164.2309999999999
2026-07-29 05:00:00+00:00,164.2309999999999,164.30099999999993,164.15099999999993,164.29999999999993
2026-07-29 06:00:00+00:00,164.29999999999993,164.38299999999992,164.25799999999992,164.33399999999992
2026-07-29 07:00:00+00:00,164.33399999999992,164.4989999999999,164.29899999999992,164.4869999999999
2026-07-29 08:00:00+00:00,164.4869999999999,164.49999999999991,164.36099999999993,164.38799999999992
2026-07-29 09:00:00+00:00,164.38799999999992,164.42299999999992,164.31099999999992,164.4019999999999
2026-07-29 10:00:00+00:00,164.4019999999999,164.4849999999999,164.39399999999992,164.4509999999999
2026-07-29 11:00:00+00:00,164.4509999999999,164.47799999999992,164.4279999999999,164.43499999999992
2026-07-29 12:00:00+00:00,164.43499999999992,164.6119999999999,164.4219999999999,164.5889999999999
2026-07-29 13:00:00+00:00,164.5889999999999,164.6039999999999,164.51899999999992,164.54299999999992
2026-07-29 14:00:00+00:00,164.54299999999992,164.67899999999992,164.5289999999999,164.67899999999992
2026-07-29 15:00:00+00:00,164.67899999999992,164.67899999999992,164.61999999999992,164.64899999999992
2026-07-29 16:00:00+00:00,164.64899999999992,164.6939999999999,164.6479999999999,164.68599999999992
2026-07-29 17:00:00+00:00,164.68599999999992,164.6879999999999,164.5569999999999,164.5639999999999
2026-07-29 18:00:00+00:00,164.5639999999999,164.6009999999999,164.1059999999999,164.1069999999999
2026-07-29 19:00:00+00:00,164.1069999999999,164.3089999999999,164.0229999999999,164.30399999999992
2026-07-29 20:00:00+00:00,164.30399999999992,164.35799999999992,164.1819999999999,164.1819999999999
2026-07-29 21:00:00+00:00,164.1819999999999,164.2109999999999,164.1109999999999,164.1759999999999
2026-07-29 22:00:00+00:00,164.1759999999999,164.2409999999999,164.1679999999999,164.1769999999999
2026-07-29 23:00:00+00:00,164.1769999999999,164.1769999999999,164.0609999999999,164.0969999999999
2026-07-30 00:00:00+00:00,164.0969999999999,164.3039999999999,164.0009999999999,164.2829999999999
2026-07-30 01:00:00+00:00,164.2829999999999,164.3209999999999,164.2019999999999,164.2909999999999
2026-07-30 02:00:00+00:00,164.2909999999999,164.2939999999999,164.2389999999999,164.2789999999999
2026-07-30 03:00:00+00:00,164.2789999999999,164.3409999999999,164.2749999999999,164.2899999999999
2026-07-30 04:00:00+00:00,164.2899999999999,164.3119999999999,164.2529999999999,164.2779999999999
2026-07-30 05:00:00+00:00,164.2779999999999,164.3389999999999,164.2469999999999,164.3279999999999
2026-07-30 06:00:00+00:00,164.3279999999999,164.4329999999999,164.3249999999999,164.4289999999999
2026-07-30 07:00:00+00:00,164.4289999999999,164.5279999999999,164.3489999999999,164.5199999999999
2026-07-30 08:00:00+00:00,164.5199999999999,164.5209999999999,164.3959999999999,164.44399999999987
2026-07-30 09:00:00+00:00,164.44399999999987,164.44399999999987,164.07099999999988,164.0979999999999
2026-07-30 10:00:00+00:00,164.0979999999999,164.10499999999988,163.0729999999999,163.6159999999999
2026-07-30 11:00:00+00:00,163.6159999999999,163.83299999999988,163.5119999999999,163.68299999999988
2026-07-30 12:00:00+00:00,163.68299999999988,163.7509999999999,163.48699999999988,163.7499999999999
2026-07-30 13:00:00+00:00,163.7499999999999,163.7519999999999,160.5329999999999,160.5369999999999
2026-07-30 14:00:00+00:00,160.5369999999999,160.74199999999988,158.7569999999999,160.07499999999987
2026-07-30 15:00:00+00:00,160.07499999999987,160.40399999999988,159.6869999999999,160.2629999999999
2026-07-30 16:00:00+00:00,160.2629999999999,160.47999999999988,160.1609999999999,160.3629999999999
2026-07-30 17:00:00+00:00,160.3629999999999,160.6369999999999,159.30799999999988,159.78399999999988
2026-07-30 18:00:00+00:00,159.78399999999988,159.89099999999988,159.6339999999999,159.6869999999999
2026-07-30 19:00:00+00:00,159.6869999999999,160.22499999999988,159.6869999999999,160.1389999999999
2026-07-30 20:00:00+00:00,160.1389999999999,160.39799999999988,160.1319999999999,160.2889999999999
2026-07-30 21:00:00+00:00,160.2889999999999,160.37099999999987,160.13399999999987,160.34499999999986
2026-07-30 22:00:00+00:00,160.34499999999986,160.49699999999987,160.07799999999986,160.36699999999988
2026-07-30 23:00:00+00:00,160.36699999999988,160.91599999999988,160.28999999999988,160.90099999999987
2026-07-31 00:00:00+00:00,160.90099999999987,161.39599999999987,160.85499999999988,161.24999999999986
2026-07-31 01:00:00+00:00,161.24999999999986,161.45799999999988,161.05199999999988,161.4479999999999
2026-07-31 02:00:00+00:00,161.4479999999999,161.4479999999999,161.15499999999986,161.22199999999987
2026-07-31 03:00:00+00:00,161.22199999999987,161.58699999999988,161.18099999999987,161.32599999999988
2026-07-31 04:00:00+00:00,161.32599999999988,161.52099999999987,161.27299999999988,161.39299999999986
2026-07-31 05:00:00+00:00,161.39299999999986,161.45899999999986,161.25499999999988,161.31099999999986
2026-07-31 06:00:00+00:00,161.31099999999986,161.31999999999988,160.64499999999987,160.99999999999986
2026-07-31 07:00:00+00:00,160.99999999999986,161.35499999999988,160.91499999999988,160.91699999999986
2026-07-31 08:00:00+00:00,160.91699999999986,161.22399999999988,159.24899999999988,159.63999999999987
2026-07-31 09:00:00+00:00,159.63999999999987,160.79599999999988,159.28499999999988,160.70999999999987
2026-07-31 10:00:00+00:00,160.70999999999987,160.84799999999987,160.56799999999987,160.70099999999988
2026-07-31 11:00:00+00:00,160.70099999999988,160.96699999999987,160.69999999999987,160.92099999999988
2026-07-31 12:00:00+00:00,160.92099999999988,161.16399999999987,160.87699999999987,161.08499999999987
2026-07-31 13:00:00+00:00,161.08499999999987,161.24999999999986,159.83799999999988,160.20199999999988
2026-07-31 14:00:00+00:00,160.20199999999988,160.26199999999986,159.61599999999987,159.94999999999987
2026-07-31 15:00:00+00:00,159.94999999999987,160.13399999999987,159.56499999999988,159.87999999999988
2026-07-31 16:00:00+00:00,159.87999999999988,160.08099999999988,159.83599999999987,160.07999999999987
2026-07-31 17:00:00+00:00,160.07999999999987,160.21499999999986,158.87299999999988,159.22199999999987
2026-07-31 18:00:00+00:00,159.22199999999987,159.83899999999986,159.02099999999987,159.60699999999986
2026-07-31 19:00:00+00:00,159.60699999999986,159.94399999999987,159.58799999999988,159.88799999999986
2026-07-31 20:00:00+00:00,159.88799999999986,159.90999999999988,157.9559999999999,158.1849999999999
2026-08-02 21:00:00+00:00,158.1849999999999,158.63199999999986,158.17999999999986,158.54399999999987
2026-08-02 22:00:00+00:00,158.54399999999987,158.55899999999986,158.06299999999985,158.37799999999984
2026-08-02 23:00:00+00:00,158.37799999999984,158.9419999999999,158.12499999999986,158.65699999999987
2026-08-03 00:00:00+00:00,158.65699999999987,158.95199999999986,156.29499999999987,157.1919999999999
2026-08-03 01:00:00+00:00,157.1919999999999,157.51899999999986,156.49299999999985,157.42899999999986
2026-08-03 02:00:00+00:00,157.42899999999986,157.69899999999987,157.28299999999987,157.55199999999988
2026-08-03 03:00:00+00:00,157.55199999999988,157.71099999999987,157.37399999999985,157.59099999999987
2026-08-03 04:00:00+00:00,157.59099999999987,157.61499999999987,157.43999999999986,157.53099999999986
2026-08-03 05:00:00+00:00,157.53099999999986,157.57699999999986,157.43599999999986,157.46599999999987
2026-08-03 06:00:00+00:00,157.46599999999987,157.91599999999983,157.39299999999986,157.84099999999987
2026-08-03 07:00:00+00:00,157.84099999999987,157.86899999999986,157.54699999999983,157.84299999999988
2026-08-03 08:00:00+00:00,157.84299999999988,158.05299999999986,157.62799999999987,158.05199999999988
2026-08-03 09:00:00+00:00,158.05199999999988,158.20199999999986,157.93399999999986,158.15699999999987
2026-08-03 10:00:00+00:00,158.15699999999987,158.16199999999986,157.73399999999987,157.89199999999985
2026-08-03 11:00:00+00:00,157.89199999999985,158.06199999999987,157.65399999999983,157.72899999999987
2026-08-03 12:00:00+00:00,157.72899999999987,157.96199999999988,157.65599999999986,157.88799999999986
2026-08-03 13:00:00+00:00,157.88799999999986,157.92799999999986,157.37199999999987,157.53799999999987
2026-08-03 14:00:00+00:00,157.53799999999987,157.81599999999986,157.30599999999987,157.62799999999987
2026-08-03 15:00:00+00:00,157.62799999999987,158.10099999999986,157.62399999999985,158.03599999999986
2026-08-03 16:00:00+00:00,158.03599999999986,158.04099999999983,157.65799999999987,157.95699999999985
2026-08-03 17:00:00+00:00,157.95699999999985,158.10399999999987,157.94999999999987,158.08899999999986
2026-08-03 18:00:00+00:00,158.08899999999986,158.14899999999986,157.74299999999985,157.83599999999987
2026-08-03 19:00:00+00:00,157.83599999999987,158.03299999999987,157.81899999999987,158.02099999999987
2026-08-03 20:00:00+00:00,158.02099999999987,158.29099999999983,157.97999999999988,158.20899999999986
2026-08-03 21:00:00+00:00,158.20899999999986,158.26899999999986,158.20699999999985,158.26299999999986
2026-08-03 22:00:00+00:00,158.26299999999986,158.50899999999987,158.24599999999987,158.42599999999987
2026-08-03 23:00:00+00:00,158.42599999999987,158.73399999999987,158.3289999999999,158.60499999999988
2026-08-04 00:00:00+00:00,158.60499999999988,158.61499999999987,158.29099999999983,158.56999999999985
2026-08-04 01:00:00+00:00,158.56999999999985,158.68399999999986,158.45799999999986,158.67999999999986
2026-08-04 02:00:00+00:00,158.67999999999986,158.81399999999988,158.65799999999987,158.78499999999983
2026-08-04 03:00:00+00:00,158.78499999999983,158.78499999999983,158.49699999999987,158.71999999999986
2026-08-04 04:00:00+00:00,158.71999999999986,158.73699999999985,158.53999999999988,158.60999999999987
2026-08-04 05:00:00+00:00,158.60999999999987,158.80999999999986,158.56499999999986,158.77799999999988
2026-08-04 06:00:00+00:00,158.77799999999988,158.83799999999985,158.62499999999986,158.74799999999988
2026-08-04 07:00:00+00:00,158.74799999999988,158.90699999999987,158.67599999999987,158.87899999999988
2026-08-04 08:00:00+00:00,158.87899999999988,158.88599999999985,158.79199999999986,158.86899999999986
2026-08-04 09:00:00+00:00,158.86899999999986,159.02599999999987,158.85899999999987,158.97799999999987
2026-08-04 10:00:00+00:00,158.97799999999987,159.02299999999985,158.82099999999986,158.88799999999986
2026-08-04 11:00:00+00:00,158.88799999999986,158.92099999999988,158.43099999999987,158.53099999999986
2026-08-04 12:00:00+00:00,158.53099999999986,158.65999999999983,158.36899999999986,158.59499999999986
2026-08-04 13:00:00+00:00,158.59499999999986,158.63899999999987,158.28299999999987,158.49299999999985
2026-08-04 14:00:00+00:00,158.49299999999985,158.7039999999999,158.36499999999987,158.62299999999988
2026-08-04 15:00:00+00:00,158.62299999999988,158.68599999999986,158.44699999999986,158.50699999999986
2026-08-04 16:00:00+00:00,158.50699999999986,158.70199999999986,158.49999999999986,158.64499999999987
2026-08-04 17:00:00+00:00,158.64499999999987,158.71399999999986,158.59499999999986,158.67499999999987
2026-08-04 18:00:00+00:00,158.67499999999987,158.76199999999986,158.66899999999987,158.71799999999988
2026-08-04 19:00:00+00:00,158.71799999999988,158.90199999999987,158.70599999999988,158.83699999999988
2026-08-04 20:00:00+00:00,158.83699999999988,158.84999999999985,158.74399999999986,158.76399999999987
2026-08-04 21:00:00+00:00,158.76399999999987,158.89799999999985,158.73499999999987,158.82699999999986
2026-08-04 22:00:00+00:00,158.82699999999986,158.86199999999985,158.78699999999986,158.82399999999984
2026-08-04 23:00:00+00:00,158.82399999999984,158.90299999999985,158.75299999999984,158.79999999999984
2026-08-05 00:00:00+00:00,158.79999999999984,158.84599999999986,158.54299999999986,158.65099999999984
2026-08-05 01:00:00+00:00,158.65099999999984,158.77099999999984,158.60499999999985,158.73599999999985
2026-08-05 02:00:00+00:00,158.73599999999985,158.79099999999983,158.39899999999986,158.55099999999985
2026-08-05 03:00:00+00:00,158.55099999999985,158.62399999999985,158.44899999999984,158.51399999999984
2026-08-05 04:00:00+00:00,158.51399999999984,158.77499999999986,158.46299999999985,158.74599999999984
2026-08-05 05:00:00+00:00,158.74599999999984,158.79999999999984,158.68399999999986,158.73199999999986
2026-08-05 06:00:00+00:00,158.73199999999986,158.86099999999985,158.66999999999985,158.70899999999986
2026-08-05 07:00:00+00:00,158.70899999999986,158.83399999999986,158.62999999999985,158.81299999999985
2026-08-05 08:00:00+00:00,158.81299999999985,158.96699999999984,158.79699999999983,158.91299999999984
2026-08-05 09:00:00+00:00,158.91299999999984,158.95899999999986,158.78699999999986,158.84699999999984
2026-08-05 10:00:00+00:00,158.84699999999984,158.90599999999986,158.78699999999986,158.79699999999983
2026-08-05 11:00:00+00:00,158.79699999999983,158.79699999999983,158.57999999999984,158.65399999999983
2026-08-05 12:00:00+00:00,158.65399999999983,158.72799999999984,158.50999999999985,158.72399999999985
2026-08-05 13:00:00+00:00,158.72399999999985,158.74199999999985,158.51199999999986,158.63499999999985
2026-08-05 14:00:00+00:00,158.63499999999985,158.70099999999985,158.40499999999986,158.59399999999985
2026-08-05 15:00:00+00:00,158.59399999999985,158.76099999999985,158.50499999999985,158.75399999999985
2026-08-05 16:00:00+00:00,158.75399999999985,158.84799999999984,158.69599999999986,158.83799999999985
2026-08-05 17:00:00+00:00,158.83799999999985,158.89099999999985,158.75199999999984,158.78099999999986
2026-08-05 18:00:00+00:00,158.78099999999986,158.80299999999986,158.71699999999984,158.76499999999984
2026-08-05 19:00:00+00:00,158.76499999999984,158.84299999999985,158.74399999999986,158.81499999999986
2026-08-05 20:00:00+00:00,158.81499999999986,158.90999999999983,158.78699999999986,158.83499999999987
2026-08-05 21:00:00+00:00,158.83499999999987,158.83499999999987,158.74199999999985,158.78999999999985
2026-08-05 22:00:00+00:00,158.78999999999985,158.81399999999985,158.75099999999983,158.76399999999984
2026-08-05 23:00:00+00:00,158.76399999999984,158.76499999999984,158.64999999999984,158.70299999999986
2026-08-06 00:00:00+00:00,158.70299999999986,158.85099999999986,158.70299999999986,158.81899999999985
2026-08-06 01:00:00+00:00,158.81899999999985,158.84299999999985,158.68799999999985,158.75599999999986
2026-08-06 02:00:00+00:00,158.75599999999986,158.77499999999984,158.68399999999986,158.76299999999983
2026-08-06 03:00:00+00:00,158.76299999999983,158.83799999999985,158.76299999999983,158.82799999999986
2026-08-06 04:00:00+00:00,158.82799999999986,158.84199999999984,158.80099999999985,158.83099999999985
2026-08-06 05:00:00+00:00,158.83099999999985,158.86699999999985,158.80099999999985,158.84499999999986
2026-08-06 06:00:00+00:00,158.84499999999986,158.94399999999985,158.81799999999984,158.91899999999984
2026-08-06 07:00:00+00:00,158.91899999999984,158.98899999999983,158.84399999999985,158.95699999999985
2026-08-06 08:00:00+00:00,158.95699999999985,158.97399999999985,158.88799999999983,158.93099999999984
2026-08-06 09:00:00+00:00,158.93099999999984,158.97399999999985,158.91199999999984,158.96199999999985
2026-08-06 10:00:00+00:00,158.96199999999985,158.98299999999983,158.92699999999985,158.96399999999986
2026-08-06 11:00:00+00:00,158.96399999999986,159.02999999999986,158.94599999999986,158.94799999999984
2026-08-06 12:00:00+00:00,158.94799999999984,159.01799999999986,158.91099999999986,158.99499999999983
2026-08-06 13:00:00+00:00,158.99499999999983,159.03799999999984,158.91299999999984,158.96099999999984
2026-08-06 14:00:00+00:00,158.96099999999984,159.37599999999983,158.95799999999986,159.29699999999983
2026-08-06 15:00:00+00:00,159.29699999999983,159.55499999999984,159.29199999999986,159.54199999999986
2026-08-06 16:00:00+00:00,159.54199999999986,159.64599999999984,159.32099999999986,159.60199999999983
2026-08-06 17:00:00+00:00,159.60199999999983,159.60399999999984,159.48299999999983,159.49499999999983
2026-08-06 18:00:00+00:00,159.49499999999983,159.50999999999985,159.41899999999984,159.42199999999983
2026-08-06 19:00:00+00:00,159.42199999999983,159.57099999999986,159.38399999999984,159.49499999999983
2026-08-06 20:00:00+00:00,159.49499999999983,159.60099999999986,159.48799999999986,159.50299999999984
2026-08-06 21:00:00+00:00,159.50299999999984,159.56899999999985,159.45699999999985,159.55799999999985
2026-08-06 22:00:00+00:00,159.55799999999985,159.59899999999985,159.52699999999984,159.55399999999986
2026-08-06 23:00:00+00:00,159.55399999999986,159.55899999999986,159.47199999999984,159.51599999999985
2026-08-07 00:00:00+00:00,159.51599999999985,159.66499999999985,159.51199999999986,159.61899999999986
2026-08-07 01:00:00+00:00,159.61899999999986,159.62799999999984,159.30899999999986,159.42399999999984
2026-08-07 02:00:00+00:00,159.42399999999984,159.47799999999984,159.40399999999983,159.46399999999986
2026-08-07 03:00:00+00:00,159.46399999999986,159.53799999999984,159.45699999999985,159.49699999999984
2026-08-07 04:00:00+00:00,159.49699999999984,159.51999999999984,159.46799999999985,159.46999999999986
2026-08-07 05:00:00+00:00,159.46999999999986,159.48599999999985,159.41499999999985,159.42699999999985
2026-08-07 06:00:00+00:00,159.42699999999985,159.45899999999986,159.37999999999985,159.45499999999984
2026-08-07 07:00:00+00:00,159.45499999999984,159.54899999999984,159.41499999999985,159.49999999999986
2026-08-07 08:00:00+00:00,159.49999999999986,159.56999999999985,159.43599999999984,159.46799999999985
2026-08-07 09:00:00+00:00,159.46799999999985,159.48799999999986,159.41199999999984,159.44699999999986
2026-08-07 10:00:00+00:00,159.44699999999986,159.50699999999983,159.33799999999985,159.39999999999984
2026-08-07 11:00:00+00:00,159.39999999999984,159.46399999999986,159.35599999999985,159.42399999999984
2026-08-07 12:00:00+00:00,159.42399999999984,159.48799999999986,157.75899999999984,158.47899999999984
2026-08-07 13:00:00+00:00,158.47899999999984,158.85099999999986,158.33699999999985,158.83099999999985
2026-08-07 14:00:00+00:00,158.83099999999985,159.04299999999984,158.76299999999983,159.01799999999986
2026-08-07 15:00:00+00:00,159.01799999999986,159.07999999999984,158.53599999999986,158.63999999999984
2026-08-07 16:00:00+00:00,158.63999999999984,158.63999999999984,158.39799999999985,158.53999999999985
2026-08-07 17:00:00+00:00,158.53999999999985,158.59199999999984,158.46599999999984,158.57999999999984
2026-08-07 18:00:00+00:00,158.57999999999984,158.72099999999986,158.57599999999985,158.65499999999986
2026-08-07 19:00:00+00:00,158.65499999999986,158.73699999999985,158.5669999999999,158.67999999999986
2026-08-07 20:00:00+00:00,158.67999999999986,158.98499999999984,158.65699999999984,158.8809999999999
2026-08-09 21:00:00+00:00,158.8809999999999,158.8879999999999,158.7979999999999,158.86999999999992
2026-08-09 22:00:00+00:00,158.86999999999992,159.12699999999992,158.8669999999999,159.1079999999999
2026-08-09 23:00:00+00:00,159.1079999999999,159.1129999999999,159.0089999999999,159.08799999999988
2026-08-10 00:00:00+00:00,159.08799999999988,159.14799999999988,159.0189999999999,159.1279999999999
2026-08-10 01:00:00+00:00,159.1279999999999,159.4959999999999,159.1079999999999,159.45199999999988
2026-08-10 02:00:00+00:00,159.45199999999988,159.4829999999999,159.4009999999999,159.4059999999999
2026-08-10 03:00:00+00:00,159.4059999999999,159.4129999999999,159.33199999999988,159.3789999999999
2026-08-10 04:00:00+00:00,159.3789999999999,159.52299999999988,159.3789999999999,159.51699999999988
2026-08-10 05:00:00+00:00,159.51699999999988,159.5689999999999,159.4789999999999,159.5209999999999
2026-08-10 06:00:00+00:00,159.5209999999999,159.6409999999999,159.5199999999999,159.56499999999988
2026-08-10 07:00:00+00:00,159.56499999999988,159.7059999999999,159.5619999999999,159.6669999999999
2026-08-10 08:00:00+00:00,159.6669999999999,159.86799999999988,159.6149999999999,159.84399999999988
2026-08-10 09:00:00+00:00,159.84399999999988,160.0379999999999,159.8289999999999,160.02899999999988
2026-08-10 10:00:00+00:00,160.02899999999988,160.0719999999999,159.9109999999999,159.9709999999999
2026-08-10 11:00:00+00:00,159.9709999999999,160.0579999999999,159.9199999999999,159.9979999999999
2026-08-10 12:00:00+00:00,159.9979999999999,160.1289999999999,159.5979999999999,160.12399999999988
2026-08-10 13:00:00+00:00,160.12399999999988,160.2479999999999,160.0379999999999,160.1929999999999
2026-08-10 14:00:00+00:00,160.1929999999999,160.19599999999988,160.0419999999999,160.1169999999999
2026-08-10 15:00:00+00:00,160.1169999999999,160.1879999999999,160.03499999999988,160.0809999999999
2026-08-10 16:00:00+00:00,160.0809999999999,160.22599999999989,160.0739999999999,160.2169999999999
2026-08-10 17:00:00+00:00,160.2169999999999,160.34399999999988,160.20799999999988,160.3179999999999
2026-08-10 18:00:00+00:00,160.3179999999999,160.5429999999999,160.2679999999999,160.4169999999999
2026-08-10 19:00:00+00:00,160.4169999999999,160.54699999999988,160.4059999999999,160.4829999999999
2026-08-10 20:00:00+00:00,160.4829999999999,160.5279999999999,160.46299999999988,160.46299999999988
2026-08-10 21:00:00+00:00,160.46299999999988,160.47599999999989,160.3349999999999,160.3529999999999
2026-08-10 22:00:00+00:00,160.3529999999999,160.4459999999999,160.3529999999999,160.38199999999992
2026-08-10 23:00:00+00:00,160.38199999999992,160.4239999999999,160.2669999999999,160.2939999999999
2026-08-11 00:00:00+00:00,160.2939999999999,160.3349999999999,160.05399999999992,160.2829999999999
2026-08-11 01:00:00+00:00,160.2829999999999,160.3169999999999,160.2039999999999,160.3069999999999
2026-08-11 02:00:00+00:00,160.3069999999999,160.4459999999999,160.2959999999999,160.4009999999999
2026-08-11 03:00:00+00:00,160.4009999999999,160.4019999999999,160.2779999999999,160.33999999999992
2026-08-11 04:00:00+00:00,160.33999999999992,160.38799999999992,160.29799999999992,160.3249999999999
2026-08-11 05:00:00+00:00,160.3249999999999,160.3669999999999,160.2879999999999,160.3439999999999
2026-08-11 06:00:00+00:00,160.3439999999999,160.3789999999999,160.31599999999992,160.3449999999999
2026-08-11 07:00:00+00:00,160.3449999999999,160.5139999999999,160.3369999999999,160.50099999999992
2026-08-11 08:00:00+00:00,160.50099999999992,160.50599999999991,160.4179999999999,160.4909999999999
2026-08-11 09:00:00+00:00,160.4909999999999,160.5229999999999,160.4059999999999,160.4179999999999
2026-08-11 10:00:00+00:00,160.4179999999999,160.4659999999999,160.32799999999992,160.3669999999999
2026-08-11 11:00:00+00:00,160.3669999999999,160.3899999999999,160.1929999999999,160.38699999999992
2026-08-11 12:00:00+00:00,160.38699999999992,160.49999999999991,160.3269999999999,160.4069999999999
2026-08-11 13:00:00+00:00,160.4069999999999,160.4069999999999,160.3049999999999,160.3679999999999
2026-08-11 14:00:00+00:00,160.3679999999999,160.42899999999992,160.3349999999999,160.3719999999999
2026-08-11 15:00:00+00:00,160.3719999999999,160.4629999999999,160.3349999999999,160.3859999999999
2026-08-11 16:00:00+00:00,160.3859999999999,160.4059999999999,160.3449999999999,160.4059999999999
2026-08-11 17:00:00+00:00,160.4059999999999,160.4869999999999,160.3979999999999,160.4489999999999
2026-08-11 18:00:00+00:00,160.4489999999999,160.4799999999999,160.39399999999992,160.4019999999999
2026-08-11 19:00:00+00:00,160.4019999999999,160.4399999999999,160.38699999999992,160.42299999999992
2026-08-11 20:00:00+00:00,160.42299999999992,160.50099999999992,160.38699999999992,160.3969999999999
2026-08-11 21:00:00+00:00,160.3969999999999,160.4269999999999,160.34699999999992,160.41799999999992
2026-08-11 22:00:00+00:00,160.41799999999992,160.44699999999992,160.3969999999999,160.4099999999999
2026-08-11 23:00:00+00:00,160.4099999999999,160.43699999999993,160.3979999999999,160.41099999999992
2026-08-12 00:00:00+00:00,160.41099999999992,160.50599999999991,160.33699999999993,160.4819999999999
2026-08-12 01:00:00+00:00,160.4819999999999,160.51499999999993,160.4339999999999,160.4749999999999
2026-08-12 02:00:00+00:00,160.4749999999999,160.5699999999999,160.47199999999992,160.53899999999993
2026-08-12 03:00:00+00:00,160.53899999999993,160.6009999999999,160.53799999999993,160.56599999999992
2026-08-12 04:00:00+00:00,160.56599999999992,160.6009999999999,160.50899999999993,160.55099999999993
2026-08-12 05:00:00+00:00,160.55099999999993,160.5769999999999,160.44899999999993,160.54399999999993
2026-08-12 06:00:00+00:00,160.54399999999993,160.56599999999992,160.48599999999993,160.5229999999999
2026-08-12 07:00:00+00:00,160.5229999999999,160.5349999999999,160.47199999999992,160.51299999999992
2026-08-12 08:00:00+00:00,160.51299999999992,160.51399999999992,160.42299999999992,160.45599999999993
2026-08-12 09:00:00+00:00,160.45599999999993,160.4759999999999,159.71499999999992,160.29399999999993
2026-08-12 10:00:00+00:00,160.29399999999993,160.36299999999991,160.23599999999993,160.3199999999999
2026-08-12 11:00:00+00:00,160.3199999999999,160.3209999999999,160.1949999999999,160.23899999999992
2026-08-12 12:00:00+00:00,160.23899999999992,160.3209999999999,159.78699999999992,159.94399999999993
2026-08-12 13:00:00+00:00,159.94399999999993,160.1769999999999,159.8259999999999,160.1589999999999
2026-08-12 14:00:00+00:00,160.1589999999999,160.38299999999992,160.1359999999999,160.34099999999992
2026-08-12 15:00:00+00:00,160.34099999999992,160.4279999999999,160.3259999999999,160.36899999999991
2026-08-12 16:00:00+00:00,160.36899999999991,160.54899999999992,160.3389999999999,160.52699999999993
2026-08-12 17:00:00+00:00,160.52699999999993,160.66399999999993,160.49499999999992,160.6359999999999
2026-08-12 18:00:00+00:00,160.6359999999999,160.6829999999999,160.57199999999992,160.63299999999992
2026-08-12 19:00:00+00:00,160.63299999999992,160.6539999999999,160.5939999999999,160.6299999999999
2026-08-12 20:00:00+00:00,160.6299999999999,160.64499999999992,160.53899999999993,160.54399999999993
2026-08-12 21:00:00+00:00,160.54399999999993,160.5699999999999,160.51299999999992,160.52999999999992
2026-08-12 22:00:00+00:00,160.52999999999992,160.5859999999999,160.5129999999999,160.5149999999999
2026-08-12 23:00:00+00:00,160.5149999999999,160.5149999999999,160.4449999999999,160.45999999999992
2026-08-13 00:00:00+00:00,160.45999999999992,160.5089999999999,160.3679999999999,160.4429999999999
2026-08-13 01:00:00+00:00,160.4429999999999,160.4919999999999,160.40599999999992,160.4739999999999
2026-08-13 02:00:00+00:00,160.4739999999999,160.6069999999999,160.4639999999999,160.5589999999999
2026-08-13 03:00:00+00:00,160.5589999999999,160.61099999999993,160.53199999999993,160.55499999999992
2026-08-13 04:00:00+00:00,160.55499999999992,160.6009999999999,160.3019999999999,160.37599999999992
2026-08-13 05:00:00+00:00,160.37599999999992,160.49599999999992,160.35899999999992,160.40499999999992
2026-08-13 06:00:00+00:00,160.40499999999992,160.57199999999992,160.38699999999992,160.5109999999999
2026-08-13 07:00:00+00:00,160.5109999999999,160.53699999999992,160.44199999999992,160.48799999999991
2026-08-13 08:00:00+00:00,160.48799999999991,160.53799999999993,160.4689999999999,160.53099999999992
2026-08-13 09:00:00+00:00,160.53099999999992,160.56199999999993,160.44799999999992,160.46499999999992
2026-08-13 10:00:00+00:00,160.46499999999992,160.49199999999993,160.43799999999993,160.47099999999992
2026-08-13 11:00:00+00:00,160.47099999999992,160.47699999999992,160.38899999999992,160.46099999999993
2026-08-13 12:00:00+00:00,160.46099999999993,160.53799999999993,160.29999999999993,160.29999999999993
2026-08-13 13:00:00+00:00,160.29999999999993,160.4629999999999,160.27599999999993,160.39499999999992
2026-08-13 14:00:00+00:00,160.39499999999992,160.4519999999999,160.14999999999992,160.29499999999993
2026-08-13 15:00:00+00:00,160.29499999999993,160.5109999999999,160.2849999999999,160.4809999999999
2026-08-13 16:00:00+00:00,160.4809999999999,160.62299999999993,160.46799999999993,160.60799999999992
2026-08-13 17:00:00+00:00,160.60799999999992,160.69099999999992,160.59699999999992,160.6479999999999
2026-08-13 18:00:00+00:00,160.6479999999999,160.6659999999999,160.5639999999999,160.63399999999993
2026-08-13 19:00:00+00:00,160.63399999999993,160.66799999999992,160.61399999999992,160.64399999999992
2026-08-13 20:00:00+00:00,160.64399999999992,160.69199999999992,160.60799999999992,160.60799999999992
2026-08-13 21:00:00+00:00,160.60799999999992,160.6539999999999,160.55399999999992,160.60499999999993
2026-08-13 22:00:00+00:00,160.60499999999993,160.6469999999999,160.58799999999994,160.59299999999993
2026-08-13 23:00:00+00:00,160.59299999999993,160.6069999999999,160.5529999999999,160.55799999999994
2026-08-14 00:00:00+00:00,160.55799999999994,160.63099999999991,160.47299999999993,160.50099999999992
2026-08-14 01:00:00+00:00,160.50099999999992,160.58199999999994,160.47799999999992,160.57399999999993
2026-08-14 02:00:00+00:00,160.57399999999993,160.5769999999999,160.50399999999993,160.53999999999994
2026-08-14 03:00:00+00:00,160.53999999999994,160.55099999999993,160.45499999999993,160.50799999999992
2026-08-14 04:00:00+00:00,160.50799999999992,160.51299999999992,160.46499999999992,160.48099999999994
2026-08-14 05:00:00+00:00,160.48099999999994,160.48399999999992,160.27499999999992,160.3859999999999
2026-08-14 06:00:00+00:00,160.3859999999999,160.4099999999999,160.27499999999992,160.37099999999992
2026-08-14 07:00:00+00:00,160.37099999999992,160.43699999999993,160.3269999999999,160.33199999999994
2026-08-14 08:00:00+00:00,160.33199999999994,160.35299999999992,160.19099999999992,160.30399999999992
2026-08-14 09:00:00+00:00,160.30399999999992,160.32399999999993,160.24099999999993,160.26999999999992
2026-08-14 10:00:00+00:00,160.26999999999992,160.31999999999994,160.21499999999992,160.30699999999993
2026-08-14 11:00:00+00:00,160.30699999999993,160.32199999999992,160.16799999999992,160.23699999999994
2026-08-14 12:00:00+00:00,160.23699999999994,160.24099999999993,159.72899999999993,160.0469999999999
2026-08-14 13:00:00+00:00,160.0469999999999,160.21899999999994,159.92399999999992,160.0709999999999
2026-08-14 14:00:00+00:00,160.0709999999999,160.1899999999999,160.02699999999993,160.15599999999992
2026-08-14 15:00:00+00:00,160.15599999999992,160.3449999999999,160.07599999999994,160.3449999999999
2026-08-14 16:00:00+00:00,160.3449999999999,160.50099999999992,160.33199999999994,160.49399999999991
2026-08-14 17:00:00+00:00,160.49399999999991,160.5279999999999,160.47199999999992,160.48999999999992
2026-08-14 18:00:00+00:00,160.48999999999992,160.51999999999992,160.47299999999993,160.50899999999993
2026-08-14 19:00:00+00:00,160.50899999999993,160.52599999999993,160.48899999999992,160.48899999999992
2026-08-14 20:00:00+00:00,160.48899999999992,160.49499999999992,160.4339999999999,160.44199999999992
2026-08-16 21:00:00+00:00,160.44199999999992,160.51099999999994,160.41499999999994,160.4639999999999
2026-08-16 22:00:00+00:00,160.4639999999999,160.5579999999999,160.30299999999988,160.3079999999999
2026-08-16 23:00:00+00:00,160.3079999999999,160.4049999999999,160.2959999999999,160.3829999999999
2026-08-17 00:00:00+00:00,160.3829999999999,160.4019999999999,160.15999999999988,160.1769999999999
2026-08-17 01:00:00+00:00,160.1769999999999,160.2629999999999,160.1419999999999,160.2169999999999
2026-08-17 02:00:00+00:00,160.2169999999999,160.2269999999999,160.1089999999999,160.1999999999999
2026-08-17 03:00:00+00:00,160.1999999999999,160.30299999999988,160.1979999999999,160.2519999999999
2026-08-17 04:00:00+00:00,160.2519999999999,160.2869999999999,160.20799999999988,160.2779999999999
2026-08-17 05:00:00+00:00,160.2779999999999,160.2799999999999,160.1369999999999,160.2429999999999
2026-08-17 06:00:00+00:00,160.2429999999999,160.2639999999999,160.0959999999999,160.1169999999999
2026-08-17 07:00:00+00:00,160.1169999999999,160.1569999999999,160.0019999999999,160.1099999999999
2026-08-17 08:00:00+00:00,160.1099999999999,160.3079999999999,160.0909999999999,160.2819999999999
2026-08-17 09:00:00+00:00,160.2819999999999,160.33899999999988,160.2269999999999,160.3249999999999
2026-08-17 10:00:00+00:00,160.3249999999999,160.3629999999999,160.2619999999999,160.3469999999999
2026-08-17 11:00:00+00:00,160.3469999999999,160.4369999999999,160.3159999999999,160.3979999999999
2026-08-17 12:00:00+00:00,160.3979999999999,160.4449999999999,160.3529999999999,160.4009999999999
2026-08-17 13:00:00+00:00,160.4009999999999,160.5399999999999,160.3799999999999,160.42199999999988
2026-08-17 14:00:00+00:00,160.42199999999988,160.4659999999999,160.34499999999989,160.44599999999988
2026-08-17 15:00:00+00:00,160.44599999999988,160.5619999999999,160.4349999999999,160.5009999999999
2026-08-17 16:00:00+00:00,160.5009999999999,160.5519999999999,160.4879999999999,160.5209999999999
2026-08-17 17:00:00+00:00,160.5209999999999,160.6639999999999,160.5119999999999,160.6499999999999
2026-08-17 18:00:00+00:00,160.6499999999999,160.7539999999999,160.6419999999999,160.7499999999999
2026-08-17 19:00:00+00:00,160.7499999999999,160.7519999999999,160.5679999999999,160.6179999999999
2026-08-17 20:00:00+00:00,160.6179999999999,160.6699999999999,160.5899999999999,160.5899999999999
2026-08-17 21:00:00+00:00,160.5899999999999,160.64899999999992,160.55299999999988,160.6119999999999
2026-08-17 22:00:00+00:00,160.6119999999999,160.6899999999999,160.6119999999999,160.6219999999999
2026-08-17 23:00:00+00:00,160.6219999999999,160.6329999999999,160.5279999999999,160.5449999999999
2026-08-18 00:00:00+00:00,160.5449999999999,160.7369999999999,160.52399999999992,160.6419999999999
2026-08-18 01:00:00+00:00,160.6419999999999,160.7239999999999,160.6089999999999,160.7169999999999
2026-08-18 02:00:00+00:00,160.7169999999999,160.75699999999992,160.66799999999992,160.6709999999999
2026-08-18 03:00:00+00:00,160.6709999999999,160.7819999999999,160.6709999999999,160.7669999999999
2026-08-18 04:00:00+00:00,160.7669999999999,160.9609999999999,160.7639999999999,160.9089999999999
2026-08-18 05:00:00+00:00,160.9089999999999,160.9439999999999,160.83499999999992,160.87599999999992
2026-08-18 06:00:00+00:00,160.87599999999992,160.9909999999999,160.86299999999991,160.9309999999999
2026-08-18 07:00:00+00:00,160.9309999999999,160.9749999999999,160.8899999999999,160.93599999999992
2026-08-18 08:00:00+00:00,160.93599999999992,160.9549999999999,160.84599999999992,160.8849999999999
2026-08-18 09:00:00+00:00,160.8849999999999,160.9069999999999,160.79799999999992,160.8239999999999
2026-08-18 10:00:00+00:00,160.8239999999999,160.9279999999999,160.8139999999999,160.9189999999999
2026-08-18 11:00:00+00:00,160.9189999999999,160.9579999999999,160.9069999999999,160.9099999999999
2026-08-18 12:00:00+00:00,160.9099999999999,160.9339999999999,160.8499999999999,160.8799999999999
2026-08-18 13:00:00+00:00,160.8799999999999,160.92999999999992,160.7779999999999,160.79299999999992
2026-08-18 14:00:00+00:00,160.79299999999992,160.79299999999992,160.6399999999999,160.76799999999992
2026-08-18 15:00:00+00:00,160.76799999999992,160.8539999999999,160.7079999999999,160.80999999999992
2026-08-18 16:00:00+00:00,160.80999999999992,160.8499999999999,160.7539999999999,160.78599999999992
2026-08-18 17:00:00+00:00,160.78599999999992,160.85199999999992,160.7769999999999,160.8149999999999
2026-08-18 18:00:00+00:00,160.8149999999999,160.8439999999999,160.7769999999999,160.81699999999992
2026-08-18 19:00:00+00:00,160.81699999999992,160.8619999999999,160.79199999999992,160.8569999999999
2026-08-18 20:00:00+00:00,160.8569999999999,160.88699999999992,160.8089999999999,160.8089999999999
2026-08-18 21:00:00+00:00,160.8089999999999,160.8269999999999,160.76799999999992,160.7839999999999
2026-08-18 22:00:00+00:00,160.7839999999999,160.8589999999999,160.7839999999999,160.80399999999992
2026-08-18 23:00:00+00:00,160.80399999999992,160.8189999999999,160.74999999999991,160.76899999999992
2026-08-19 00:00:00+00:00,160.76899999999992,160.76899999999992,160.6059999999999,160.67299999999992
2026-08-19 01:00:00+00:00,160.67299999999992,160.7369999999999,160.65499999999992,160.6659999999999
2026-08-19 02:00:00+00:00,160.6659999999999,160.6839999999999,160.5049999999999,160.5739999999999
2026-08-19 03:00:00+00:00,160.5739999999999,160.65599999999992,160.5499999999999,160.63699999999992
2026-08-19 04:00:00+00:00,160.63699999999992,160.63699999999992,160.4509999999999,160.54299999999992
2026-08-19 05:00:00+00:00,160.54299999999992,160.54299999999992,160.4199999999999,160.50599999999991
2026-08-19 06:00:00+00:00,160.50599999999991,160.5079999999999,160.3309999999999,160.4549999999999
2026-08-19 07:00:00+00:00,160.4549999999999,160.49499999999992,160.33999999999992,160.3799999999999
2026-08-19 08:00:00+00:00,160.3799999999999,160.39299999999992,160.26799999999992,160.3829999999999
2026-08-19 09:00:00+00:00,160.3829999999999,160.47699999999992,160.2819999999999,160.3029999999999
2026-08-19 10:00:00+00:00,160.3029999999999,160.3239999999999,160.20999999999992,160.3129999999999
2026-08-19 11:00:00+00:00,160.3129999999999,160.39999999999992,160.2999999999999,160.3529999999999
2026-08-19 12:00:00+00:00,160.3529999999999,160.3669999999999,159.3739999999999,159.8069999999999
2026-08-19 13:00:00+00:00,159.8069999999999,159.81099999999992,159.53099999999992,159.6529999999999
2026-08-19 14:00:00+00:00,159.6529999999999,159.6809999999999,159.25699999999992,159.55999999999992
2026-08-19 15:00:00+00:00,159.55999999999992,159.7359999999999,159.55999999999992,159.66799999999992
2026-08-19 16:00:00+00:00,159.66799999999992,159.7129999999999,159.52999999999992,159.5999999999999
2026-08-19 17:00:00+00:00,159.5999999999999,159.8269999999999,159.5399999999999,159.8059999999999
2026-08-19 18:00:00+00:00,159.8059999999999,159.8089999999999,159.47699999999992,159.5329999999999
2026-08-19 19:00:00+00:00,159.5329999999999,159.5819999999999,159.31099999999992,159.3619999999999
2026-08-19 20:00:00+00:00,159.3619999999999,159.4389999999999,159.30399999999992,159.36399999999992
2026-08-19 21:00:00+00:00,159.36399999999992,159.36399999999992,159.3089999999999,159.3299999999999
2026-08-19 22:00:00+00:00,159.3299999999999,159.4079999999999,159.2419999999999,159.4079999999999
2026-08-19 23:00:00+00:00,159.4079999999999,159.49399999999991,159.3949999999999,159.4739999999999
2026-08-20 00:00:00+00:00,159.4739999999999,159.6479999999999,159.3739999999999,159.61999999999992
2026-08-20 01:00:00+00:00,159.61999999999992,159.7769999999999,159.54199999999992,159.74499999999992
2026-08-20 02:00:00+00:00,159.74499999999992,159.7479999999999,159.5329999999999,159.6539999999999
2026-08-20 03:00:00+00:00,159.6539999999999,159.70299999999992,159.5879999999999,159.6459999999999
2026-08-20 04:00:00+00:00,159.6459999999999,159.8439999999999,159.6289999999999,159.7849999999999
2026-08-20 05:00:00+00:00,159.7849999999999,159.9389999999999,159.74399999999991,159.8479999999999
2026-08-20 06:00:00+00:00,159.8479999999999,159.8709999999999,159.5679999999999,159.5759999999999
2026-08-20 07:00:00+00:00,159.5759999999999,159.75599999999991,159.5329999999999,159.6519999999999
2026-08-20 08:00:00+00:00,159.6519999999999,159.7459999999999,159.5859999999999,159.7049999999999
2026-08-20 09:00:00+00:00,159.7049999999999,159.7059999999999,159.4139999999999,159.5519999999999
2026-08-20 10:00:00+00:00,159.5519999999999,159.7319999999999,159.4499999999999,159.6829999999999
2026-08-20 11:00:00+00:00,159.6829999999999,159.92299999999992,159.6829999999999,159.8719999999999
2026-08-20 12:00:00+00:00,159.8719999999999,160.01199999999992,159.80999999999992,159.8539999999999
2026-08-20 13:00:00+00:00,159.8539999999999,160.0469999999999,159.7519999999999,160.03599999999992
2026-08-20 14:00:00+00:00,160.03599999999992,160.1049999999999,159.9219999999999,159.9389999999999
2026-08-20 15:00:00+00:00,159.9389999999999,160.1879999999999,159.7139999999999,160.0649999999999
2026-08-20 16:00:00+00:00,160.0649999999999,160.31099999999992,160.0519999999999,160.2079999999999
2026-08-20 17:00:00+00:00,160.2079999999999,160.31099999999992,160.17999999999992,160.2599999999999
2026-08-20 18:00:00+00:00,160.2599999999999,160.38699999999992,160.24499999999992,160.3509999999999
2026-08-20 19:00:00+00:00,160.3509999999999,160.3919999999999,160.3139999999999,160.32799999999992
2026-08-20 20:00:00+00:00,160.32799999999992,160.3529999999999,160.2519999999999,160.2519999999999
2026-08-20 21:00:00+00:00,160.2519999999999,160.2849999999999,160.1959999999999,160.24499999999992
2026-08-20 22:00:00+00:00,160.24499999999992,160.28699999999992,160.15599999999992,160.16799999999992
2026-08-20 23:00:00+00:00,160.16799999999992,160.16899999999993,160.08599999999993,160.1049999999999
2026-08-21 00:00:00+00:00,160.1049999999999,160.34099999999992,160.0819999999999,160.30699999999993
2026-08-21 01:00:00+00:00,160.30699999999993,160.34699999999992,160.12099999999992,160.16099999999992
2026-08-21 02:00:00+00:00,160.16099999999992,160.23499999999993,160.09099999999992,160.18099999999993
2026-08-21 03:00:00+00:00,160.18099999999993,160.2959999999999,160.14999999999992,160.21199999999993
2026-08-21 04:00:00+00:00,160.21199999999993,160.27699999999993,160.16699999999992,160.21499999999992
2026-08-21 05:00:00+00:00,160.21499999999992,160.24399999999991,160.02699999999993,160.04799999999992
2026-08-21 06:00:00+00:00,160.04799999999992,160.19799999999992,160.00199999999992,160.1059999999999
2026-08-21 07:00:00+00:00,160.1059999999999,160.14599999999993,159.9459999999999,160.0339999999999
2026-08-21 08:00:00+00:00,160.0339999999999,160.0829999999999,159.7239999999999,159.73999999999992
2026-08-21 09:00:00+00:00,159.73999999999992,159.81799999999993,159.5639999999999,159.81599999999992
2026-08-21 10:00:00+00:00,159.81599999999992,159.9459999999999,159.7369999999999,159.91399999999993
2026-08-21 11:00:00+00:00,159.91399999999993,159.9799999999999,159.76499999999993,159.89999999999992
2026-08-21 12:00:00+00:00,159.89999999999992,160.05499999999992,159.83599999999993,159.9679999999999
2026-08-21 13:00:00+00:00,159.9679999999999,160.1049999999999,159.9339999999999,159.98499999999993
2026-08-21 14:00:00+00:00,159.98499999999993,160.2199999999999,159.9819999999999,160.16799999999992
2026-08-21 15:00:00+00:00,160.16799999999992,160.25099999999992,160.11399999999992,160.13099999999991
2026-08-21 16:00:00+00:00,160.13099999999991,160.1949999999999,160.04899999999992,160.1769999999999
2026-08-21 17:00:00+00:00,160.1769999999999,160.2549999999999,160.1769999999999,160.22799999999992
2026-08-21 18:00:00+00:00,160.22799999999992,160.26499999999993,160.1959999999999,160.23299999999992
2026-08-21 19:00:00+00:00,160.23299999999992,160.25299999999993,160.1719999999999,160.2139999999999
2026-08-21 20:00:00+00:00,160.2139999999999,160.22699999999992,160.16799999999992,160.18699999999993
2026-08-23 21:00:00+00:00,158.971,158.971,158.551,158.742
2026-08-23 22:00:00+00:00,158.742,158.96099999999998,158.742,158.956
2026-08-23 23:00:00+00:00,158.956,158.998,158.867,158.872
2026-08-24 00:00:00+00:00,158.872,158.885,158.7,158.725
2026-08-24 01:00:00+00:00,158.725,158.944,158.716,158.84
2026-08-24 02:00:00+00:00,158.84,158.915,158.804,158.877
2026-08-24 03:00:00+00:00,158.877,158.968,158.876,158.929
2026-08-24 04:00:00+00:00,158.929,158.959,158.809,158.859
2026-08-24 05:00:00+00:00,158.859,158.974,158.856,158.903
2026-08-24 06:00:00+00:00,158.903,159.031,158.857,159.031
2026-08-24 07:00:00+00:00,159.031,159.186,158.983,159.163
2026-08-24 08:00:00+00:00,159.163,159.282,159.149,159.192
2026-08-24 09:00:00+00:00,159.192,159.234,159.151,159.203
2026-08-24 10:00:00+00:00,159.203,159.215,159.121,159.207
2026-08-24 11:00:00+00:00,159.207,159.233,158.995,159.066
2026-08-24 12:00:00+00:00,159.066,159.122,158.898,159.047
2026-08-24 13:00:00+00:00,159.047,159.164,159.016,159.109
2026-08-24 14:00:00+00:00,159.109,159.201,159.074,159.201
2026-08-24 15:00:00+00:00,159.201,159.201,159.067,159.175
2026-08-24 16:00:00+00:00,159.175,159.195,159.006,159.074
2026-08-24 17:00:00+00:00,159.074,159.193,158.994,159.16
2026-08-24 18:00:00+00:00,159.16,159.213,159.137,159.179
2026-08-24 19:00:00+00:00,159.179,159.218,159.125,159.167
2026-08-24 20:00:00+00:00,159.167,159.183,159.08,159.08
2026-08-24 21:00:00+00:00,159.08,159.119,159.031,159.082
2026-08-24 22:00:00+00:00,159.082,159.124,159.058,159.1
2026-08-24 23:00:00+00:00,159.1,159.16,159.06,159.136
2026-08-25 00:00:00+00:00,159.136,159.19,159.092,159.189
2026-08-25 01:00:00+00:00,159.189,159.305,159.126,159.266
2026-08-25 02:00:00+00:00,159.266,159.394,159.249,159.361
2026-08-25 03:00:00+00:00,159.361,159.392,159.319,159.33
2026-08-25 04:00:00+00:00,159.33,159.369,159.213,159.301
2026-08-25 05:00:00+00:00,159.301,159.348,159.281,159.331
2026-08-25 06:00:00+00:00,159.331,159.411,159.274,159.409
2026-08-25 07:00:00+00:00,159.409,159.456,159.316,159.443
2026-08-25 08:00:00+00:00,159.443,159.491,159.326,159.346
2026-08-25 09:00:00+00:00,159.346,159.36,159.225,159.281
2026-08-25 10:00:00+00:00,159.281,159.329,159.243,159.285
2026-08-25 11:00:00+00:00,159.285,159.326,159.232,159.25
2026-08-25 12:00:00+00:00,159.25,159.29799999999997,159.19299999999998,159.29699999999997
2026-08-25 13:00:00+00:00,159.29699999999997,159.302,159.11999999999998,159.21599999999998
2026-08-25 14:00:00+00:00,159.21599999999998,159.32199999999995,159.18999999999997,159.253
2026-08-25 15:00:00+00:00,159.253,159.29299999999998,159.182,159.21599999999998
2026-08-25 16:00:00+00:00,159.21599999999998,159.296,159.20499999999998,159.27599999999998
2026-08-25 17:00:00+00:00,159.27599999999998,159.31699999999998,159.21699999999998,159.22299999999998
2026-08-25 18:00:00+00:00,159.22299999999998,159.267,159.194,159.235
2026-08-25 19:00:00+00:00,159.235,159.251,159.09900000000002,159.156
2026-08-25 20:00:00+00:00,159.156,159.247,159.138,159.196
2026-08-25 21:00:00+00:00,159.196,159.221,159.188,159.19799999999998
2026-08-25 22:00:00+00:00,159.19799999999998,159.241,159.195,159.20299999999995
2026-08-25 23:00:00+00:00,159.20299999999995,159.265,159.201,159.21599999999998
2026-08-26 00:00:00+00:00,159.21599999999998,159.26,159.106,159.16699999999997
2026-08-26 01:00:00+00:00,159.16699999999997,159.18599999999998,158.969,159.053
2026-08-26 02:00:00+00:00,159.053,159.05499999999998,158.88199999999998,159.041
2026-08-26 03:00:00+00:00,159.041,159.041,158.90099999999998,158.96099999999998
2026-08-26 04:00:00+00:00,158.96099999999998,159.04299999999998,158.944,159.03599999999997
2026-08-26 05:00:00+00:00,159.03599999999997,159.053,158.96499999999995,159.015
2026-08-26 06:00:00+00:00,159.015,159.125,159.00699999999998,159.058
2026-08-26 07:00:00+00:00,159.058,159.063,158.968,159.015
2026-08-26 08:00:00+00:00,159.015,159.03599999999997,158.933,159.01299999999998
2026-08-26 09:00:00+00:00,159.01299999999998,159.06099999999998,158.963,158.993
2026-08-26 10:00:00+00:00,158.993,159.12599999999998,158.986,159.09799999999998
2026-08-26 11:00:00+00:00,159.09799999999998,159.16299999999998,159.063,159.087
2026-08-26 12:00:00+00:00,159.087,159.25,158.91799999999998,159.236
2026-08-26 13:00:00+00:00,159.236,159.39999999999998,159.23299999999998,159.39999999999998
2026-08-26 14:00:00+00:00,159.39999999999998,159.44899999999998,159.351,159.41099999999997
2026-08-26 15:00:00+00:00,159.41099999999997,159.41699999999997,159.32199999999995,159.36999999999998
2026-08-26 16:00:00+00:00,159.36999999999998,159.438,159.313,159.427
2026-08-26 17:00:00+00:00,159.427,159.439,159.371,159.402
2026-08-26 18:00:00+00:00,159.402,159.429,159.384,159.407
2026-08-26 19:00:00+00:00,159.407,159.418,159.336,159.353
2026-08-26 20:00:00+00:00,159.353,159.37,159.295,159.295
2026-08-26 21:00:00+00:00,159.295,159.295,159.245,159.262
2026-08-26 22:00:00+00:00,159.262,159.311,159.25,159.268
2026-08-26 23:00:00+00:00,159.268,159.274,159.209,159.252
2026-08-27 00:00:00+00:00,159.252,159.253,159.114,159.181
2026-08-27 01:00:00+00:00,159.181,159.27800000000002,159.12900000000002,159.24900000000002
2026-08-27 02:00:00+00:00,159.24900000000002,159.394,159.246,159.329
2026-08-27 03:00:00+00:00,159.329,159.37,159.304,159.342
2026-08-27 04:00:00+00:00,159.342,159.38000000000002,159.328,159.35500000000002
2026-08-27 05:00:00+00:00,159.35500000000002,159.384,159.281,159.36300000000003
2026-08-27 06:00:00+00:00,159.36300000000003,159.388,159.33200000000002,159.354
2026-08-27 07:00:00+00:00,159.354,159.371,159.27,159.354
2026-08-27 08:00:00+00:00,159.354,159.364,159.27800000000002,159.32000000000002
2026-08-27 09:00:00+00:00,159.32000000000002,159.48700000000002,159.30900000000003,159.477
2026-08-27 10:00:00+00:00,159.477,159.52200000000002,159.41500000000002,159.47500000000002
2026-08-27 11:00:00+00:00,159.47500000000002,159.513,159.41400000000002,159.437
2026-08-27 12:00:00+00:00,159.437,159.443,159.34500000000003,159.411
2026-08-27 13:00:00+00:00,159.411,159.46400000000003,159.33800000000002,159.36200000000002
2026-08-27 14:00:00+00:00,159.36200000000002,159.37300000000002,159.27,159.32700000000003
2026-08-27 15:00:00+00:00,159.32700000000003,159.32700000000003,159.234,159.257
2026-08-27 16:00:00+00:00,159.257,159.30000000000004,159.24000000000004,159.28700000000003
2026-08-27 17:00:00+00:00,159.28700000000003,159.40300000000002,159.26000000000002,159.40000000000003
2026-08-27 18:00:00+00:00,159.40000000000003,159.45500000000004,159.39500000000004,159.42700000000002
2026-08-27 19:00:00+00:00,159.42700000000002,159.44100000000003,159.39400000000003,159.41100000000003
2026-08-27 20:00:00+00:00,159.41100000000003,159.41800000000003,159.376,159.391
2026-08-27 21:00:00+00:00,159.391,159.415,159.297,159.372
2026-08-27 22:00:00+00:00,159.372,159.396,159.356,159.357
2026-08-27 23:00:00+00:00,159.357,159.372,159.309,159.313
2026-08-28 00:00:00+00:00,159.313,159.389,159.295,159.366
2026-08-28 01:00:00+00:00,159.366,159.446,159.332,159.431
2026-08-28 02:00:00+00:00,159.431,159.465,159.391,159.441
2026-08-28 03:00:00+00:00,159.441,159.465,159.432,159.45
2026-08-28 04:00:00+00:00,159.45,159.515,159.45,159.498
2026-08-28 05:00:00+00:00,159.498,159.56,159.497,159.525
2026-08-28 06:00:00+00:00,159.525,159.541,159.415,159.421
2026-08-28 07:00:00+00:00,159.421,159.508,159.409,159.503
2026-08-28 08:00:00+00:00,159.503,159.588,159.501,159.572
2026-08-28 09:00:00+00:00,159.572,159.693,159.569,159.689
2026-08-28 10:00:00+00:00,159.689,159.694,159.635,159.637
2026-08-28 11:00:00+00:00,159.637,159.686,159.634,159.653
2026-08-28 12:00:00+00:00,159.653,159.68,159.564,159.577
2026-08-28 13:00:00+00:00,159.577,159.701,159.539,159.681
2026-08-28 14:00:00+00:00,159.681,159.944,159.403,159.873
2026-08-28 15:00:00+00:00,159.873,160.059,159.84,159.979
2026-08-28 16:00:00+00:00,159.979,160.203,159.96,160.195
2026-08-28 17:00:00+00:00,160.195,160.202,160.135,160.182
2026-08-28 18:00:00+00:00,160.182,160.19,160.133,160.135
2026-08-28 19:00:00+00:00,160.135,160.147,160.048,160.082
2026-08-28 20:00:00+00:00,160.082,160.139,160.066,160.079
2026-08-30 21:00:00+00:00,160.018,160.123,160.016,160.112
2026-08-30 22:00:00+00:00,160.112,160.171,160.093,160.114
2026-08-30 23:00:00+00:00,160.114,160.199,160.10899999999998,160.116
2026-08-31 00:00:00+00:00,160.116,160.116,159.95399999999998,159.964
2026-08-31 01:00:00+00:00,159.964,159.97899999999998,159.753,159.825
2026-08-31 02:00:00+00:00,159.825,159.844,159.72799999999998,159.77599999999998
2026-08-31 03:00:00+00:00,159.776,159.844,159.751,159.802
2026-08-31 04:00:00+00:00,159.802,159.831,159.743,159.79
2026-08-31 05:00:00+00:00,159.79,159.874,159.76399999999998,159.82899999999998
2026-08-31 06:00:00+00:00,159.82899999999998,159.916,159.785,159.802
2026-08-31 07:00:00+00:00,159.802,159.821,159.54299999999998,159.578
2026-08-31 08:00:00+00:00,159.578,159.749,159.47199999999998,159.736
2026-08-31 09:00:00+00:00,159.736,159.766,159.69,159.734
2026-08-31 10:00:00+00:00,159.73399999999998,159.777,159.70399999999998,159.726
2026-08-31 11:00:00+00:00,159.726,159.731,159.605,159.70499999999998
2026-08-31 12:00:00+00:00,159.70499999999998,159.886,159.677,159.879
2026-08-31 13:00:00+00:00,159.879,159.898,159.765,159.82899999999998
2026-08-31 14:00:00+00:00,159.82899999999998,159.856,159.58499999999998,159.713
2026-08-31 15:00:00+00:00,159.713,159.79999999999998,159.685,159.741
2026-08-31 16:00:00+00:00,159.741,159.741,159.663,159.683
2026-08-31 17:00:00+00:00,159.683,159.722,159.667,159.693
2026-08-31 18:00:00+00:00,159.693,159.81,159.675,159.797
2026-08-31 19:00:00+00:00,159.797,159.813,159.709,159.752
2026-08-31 20:00:00+00:00,159.752,159.776,159.724,159.733
2026-08-31 21:00:00+00:00,159.733,159.766,159.708,159.73
2026-08-31 22:00:00+00:00,159.73,159.784,159.73,159.777
2026-08-31 23:00:00+00:00,159.777,159.828,159.739,159.748
2026-09-01 00:00:00+00:00,159.748,159.833,159.634,159.799
2026-09-01 01:00:00+00:00,159.799,159.848,159.702,159.755
2026-09-01 02:00:00+00:00,159.755,159.844,159.753,159.786
2026-09-01 03:00:00+00:00,159.786,159.813,159.766,159.806
2026-09-01 04:00:00+00:00,159.806,159.882,159.799,159.87
2026-09-01 05:00:00+00:00,159.87,159.905,159.827,159.879
2026-09-01 06:00:00+00:00,159.879,159.982,159.86499999999998,159.94799999999998
2026-09-01 07:00:00+00:00,159.94799999999998,160.028,159.91799999999998,159.985
2026-09-01 08:00:00+00:00,159.985,160.027,159.922,159.928
2026-09-01 09:00:00+00:00,159.928,160.06099999999998,159.891,160.054
2026-09-01 10:00:00+00:00,160.054,160.113,159.982,160.089
2026-09-01 11:00:00+00:00,160.089,160.148,159.987,160.114
2026-09-01 12:00:00+00:00,160.114,160.209,160.018,160.107
2026-09-01 13:00:00+00:00,160.107,160.165,160.01299999999998,160.01299999999998
2026-09-01 14:00:00+00:00,160.01299999999998,160.09099999999998,159.892,160.07299999999998
2026-09-01 15:00:00+00:00,160.07299999999998,160.10899999999998,160.018,160.03199999999998
2026-09-01 16:00:00+00:00,160.03199999999998,160.179,160.005,160.167
2026-09-01 17:00:00+00:00,160.167,160.25,160.146,160.244
2026-09-01 18:00:00+00:00,160.244,160.274,160.191,160.202
2026-09-01 19:00:00+00:00,160.202,160.251,160.17499999999998,160.226
2026-09-01 20:00:00+00:00,160.226,160.244,160.167,160.167
2026-09-01 21:00:00+00:00,160.167,160.17499999999998,160.122,160.161
2026-09-01 22:00:00+00:00,160.161,160.203,160.159,160.202
2026-09-01 23:00:00+00:00,160.202,160.232,160.155,160.201
2026-09-02 00:00:00+00:00,160.201,160.292,160.131,160.289
2026-09-02 01:00:00+00:00,160.289,160.392,160.268,160.368
2026-09-02 02:00:00+00:00,160.368,160.391,160.245,160.26299999999998
2026-09-02 03:00:00+00:00,160.26299999999998,160.272,160.19899999999998,160.20999999999998
2026-09-02 04:00:00+00:00,160.20999999999998,160.218,160.027,160.10899999999998
2026-09-02 05:00:00+00:00,160.10899999999998,160.131,159.796,159.822
2026-09-02 06:00:00+00:00,159.822,159.822,159.432,159.593
2026-09-02 07:00:00+00:00,159.593,159.768,159.546,159.694
2026-09-02 08:00:00+00:00,159.694,159.856,159.643,159.85399999999998
2026-09-02 09:00:00+00:00,159.85399999999998,159.88299999999998,159.773,159.857
2026-09-02 10:00:00+00:00,159.857,159.922,159.84,159.891
2026-09-02 11:00:00+00:00,159.891,159.90599999999998,159.62,159.631
2026-09-02 12:00:00+00:00,159.631,159.713,159.49599999999998,159.59099999999998
2026-09-02 13:00:00+00:00,159.59099999999998,159.617,158.203,158.564
2026-09-02 14:00:00+00:00,158.564,158.858,158.504,158.742
2026-09-02 15:00:00+00:00,158.742,158.826,158.60399999999998,158.795
2026-09-02 16:00:00+00:00,158.795,158.882,158.783,158.849
2026-09-02 17:00:00+00:00,158.849,158.963,158.76999999999998,158.879
2026-09-02 18:00:00+00:00,158.879,158.974,158.826,158.93599999999998
2026-09-02 19:00:00+00:00,158.93599999999998,159.012,158.755,158.76899999999998
2026-09-02 20:00:00+00:00,158.76899999999998,158.783,158.60899999999998,158.685
2026-09-02 21:00:00+00:00,158.685,158.714,158.63799999999998,158.676
2026-09-02 22:00:00+00:00,158.676,158.83599999999998,158.67399999999998,158.76899999999998
2026-09-02 23:00:00+00:00,158.76899999999998,158.933,158.748,158.897
2026-09-03 00:00:00+00:00,158.897,158.964,158.54399999999998,158.707
2026-09-03 01:00:00+00:00,158.707,158.721,158.219,158.503
2026-09-03 02:00:00+00:00,158.503,158.52499999999998,157.916,158.022
2026-09-03 03:00:00+00:00,158.022,158.029,157.619,157.772
2026-09-03 04:00:00+00:00,157.772,157.87099999999998,157.546,157.68099999999998
2026-09-03 05:00:00+00:00,157.68099999999998,157.789,157.369,157.373
2026-09-03 06:00:00+00:00,157.373,157.43599999999998,156.993,157.128
2026-09-03 07:00:00+00:00,157.128,157.361,156.352,157.052
2026-09-03 08:00:00+00:00,157.052,157.14399999999998,156.533,156.69799999999998
2026-09-03 09:00:00+00:00,156.69799999999998,156.855,156.195,156.41199999999998
2026-09-03 10:00:00+00:00,156.41199999999998,156.47899999999998,156.172,156.319
2026-09-03 11:00:00+00:00,156.319,156.363,155.834,156.093
2026-09-03 12:00:00+00:00,156.093,156.16199999999998,155.391,155.56199999999998
2026-09-03 13:00:00+00:00,155.56199999999998,155.743,155.38,155.38
2026-09-03 14:00:00+00:00,155.38,155.785,155.34099999999998,155.42
2026-09-03 15:00:00+00:00,155.42,155.753,155.349,155.38899999999998
2026-09-03 16:00:00+00:00,155.38899999999998,155.445,155.298,155.357
2026-09-03 17:00:00+00:00,155.357,155.491,155.351,155.469
2026-09-03 18:00:00+00:00,155.469,155.581,155.38899999999998,155.49599999999998
2026-09-03 19:00:00+00:00,155.49599999999998,155.85399999999998,155.482,155.751
2026-09-03 20:00:00+00:00,155.751,155.81199999999998,155.72899999999998,155.797
2026-09-03 21:00:00+00:00,155.797,155.892,155.76399999999998,155.846
2026-09-03 22:00:00+00:00,155.846,156.141,155.797,156.123
2026-09-03 23:00:00+00:00,156.123,156.16899999999998,155.62699999999998,155.64399999999998
2026-09-04 00:00:00+00:00,155.64399999999998,155.95399999999998,155.289,155.76399999999998
2026-09-04 01:00:00+00:00,155.76399999999998,156.076,155.67499999999998,155.857
2026-09-04 02:00:00+00:00,155.857,156.096,155.77599999999998,156.07
2026-09-04 03:00:00+00:00,156.07,156.44199999999998,156.033,156.367
2026-09-04 04:00:00+00:00,156.367,156.447,156.254,156.325
2026-09-04 05:00:00+00:00,156.325,156.42,156.233,156.333
2026-09-04 06:00:00+00:00,156.333,156.44299999999998,156.07399999999998,156.267
2026-09-04 07:00:00+00:00,156.267,156.407,156.208,156.3
2026-09-04 08:00:00+00:00,156.3,156.43,156.287,156.411
2026-09-04 09:00:00+00:00,156.411,156.582,156.306,156.475
2026-09-04 10:00:00+00:00,156.475,156.482,156.28,156.326
2026-09-04 11:00:00+00:00,156.326,156.364,156.169,156.263
2026-09-04 12:00:00+00:00,156.263,156.742,155.35,155.683
2026-09-04 13:00:00+00:00,155.683,156.139,155.484,155.846
2026-09-04 14:00:00+00:00,155.846,156.194,155.834,156.119
2026-09-04 15:00:00+00:00,156.119,156.169,155.935,156.112
2026-09-04 16:00:00+00:00,156.112,156.136,155.978,156.0
2026-09-04 17:00:00+00:00,156.0,156.193,156.0,156.145
2026-09-04 18:00:00+00:00,156.145,156.283,156.12,156.225
2026-09-04 19:00:00+00:00,156.225,156.258,156.199,156.238
2026-09-04 20:00:00+00:00,156.238,156.277,156.179,156.195
2026-09-06 21:00:00+00:00,155.976,156.118,155.94,156.111
2026-09-06 22:00:00+00:00,156.111,156.292,156.087,156.219
2026-09-06 23:00:00+00:00,156.219,156.243,156.09199999999998,156.20499999999998
2026-09-07 00:00:00+00:00,156.20499999999998,156.256,155.802,155.887
2026-09-07 01:00:00+00:00,155.887,156.122,155.85,156.034
2026-09-07 02:00:00+00:00,156.034,156.245,156.021,156.19299999999998
2026-09-07 03:00:00+00:00,156.19299999999998,156.21599999999998,156.042,156.051
2026-09-07 04:00:00+00:00,156.051,156.17499999999998,156.03099999999998,156.04999999999998
2026-09-07 05:00:00+00:00,156.04999999999998,156.101,155.78699999999998,155.80499999999998
2026-09-07 06:00:00+00:00,155.80499999999998,155.91,155.535,155.87
2026-09-07 07:00:00+00:00,155.87,155.905,155.521,155.54899999999998
2026-09-07 08:00:00+00:00,155.54899999999998,155.575,154.05499999999998,154.468
2026-09-07 09:00:00+00:00,154.468,154.569,154.218,154.503
2026-09-07 10:00:00+00:00,154.503,154.751,154.459,154.649
2026-09-07 11:00:00+00:00,154.649,154.77499999999998,154.61,154.731
2026-09-07 12:00:00+00:00,154.731,154.80599999999998,154.248,154.48999999999998
2026-09-07 13:00:00+00:00,154.48999999999998,154.582,154.36,154.512
2026-09-07 14:00:00+00:00,154.512,154.637,154.271,154.28699999999998
2026-09-07 15:00:00+00:00,154.287,154.441,154.229,154.396
2026-09-07 16:00:00+00:00,154.396,154.433,154.277,154.294
2026-09-07 17:00:00+00:00,154.294,154.387,154.291,154.357
2026-09-07 18:00:00+00:00,154.357,154.36,154.338,154.339
2026-09-07 19:00:00+00:00,154.339,154.375,154.335,154.36
2026-09-07 20:00:00+00:00,154.36,154.385,154.329,154.342
2026-09-07 21:00:00+00:00,154.342,154.362,154.299,154.33
2026-09-07 22:00:00+00:00,154.33,154.377,154.155,154.162
2026-09-07 23:00:00+00:00,154.162,154.165,153.802,153.828
2026-09-08 00:00:00+00:00,153.828,153.888,153.527,153.791
2026-09-08 01:00:00+00:00,153.791,153.807,153.351,153.351
2026-09-08 02:00:00+00:00,153.351,153.363,152.89,153.352
2026-09-08 03:00:00+00:00,153.352,153.363,153.123,153.332
2026-09-08 04:00:00+00:00,153.332,153.585,153.24,153.47
2026-09-08 05:00:00+00:00,153.47,153.594,153.28,153.324
2026-09-08 06:00:00+00:00,153.324,153.918,153.262,153.779
2026-09-08 07:00:00+00:00,153.779,153.972,153.726,153.802
2026-09-08 08:00:00+00:00,153.802,154.295,153.736,154.171
2026-09-08 09:00:00+00:00,154.171,154.187,153.832,153.915
2026-09-08 10:00:00+00:00,153.915,154.252,153.913,154.245
2026-09-08 11:00:00+00:00,154.245,154.423,154.146,154.266
2026-09-08 12:00:00+00:00,154.266,154.317,153.793,153.801
2026-09-08 13:00:00+00:00,153.801,153.927,153.703,153.812
2026-09-08 14:00:00+00:00,153.812,154.13,153.789,154.006
2026-09-08 15:00:00+00:00,154.006,154.265,154.006,154.245
2026-09-08 16:00:00+00:00,154.245,154.382,154.22,154.269
2026-09-08 17:00:00+00:00,154.269,154.327,154.221,154.223
2026-09-08 18:00:00+00:00,154.223,154.395,153.442,153.596
2026-09-08 19:00:00+00:00,153.596,154.009,153.596,153.985
2026-09-08 20:00:00+00:00,153.985,154.02,153.926,153.973
2026-09-08 21:00:00+00:00,153.973,153.973,153.851,153.857
2026-09-08 22:00:00+00:00,153.857,153.977,153.628,153.732
2026-09-08 23:00:00+00:00,153.732,153.733,153.425,153.451
2026-09-09 00:00:00+00:00,153.451,153.738,153.252,153.571
2026-09-09 01:00:00+00:00,153.571,153.831,153.543,153.552
2026-09-09 02:00:00+00:00,153.552,153.705,153.458,153.509
2026-09-09 03:00:00+00:00,153.509,153.601,153.339,153.448
2026-09-09 04:00:00+00:00,153.448,153.485,153.302,153.46
2026-09-09 05:00:00+00:00,153.46,153.482,153.234,153.306
2026-09-09 06:00:00+00:00,153.306,153.392,152.941,153.347
2026-09-09 07:00:00+00:00,153.347,153.372,153.091,153.113
2026-09-09 08:00:00+00:00,153.113,153.683,153.105,153.647
2026-09-09 09:00:00+00:00,153.647,153.666,153.412,153.649
2026-09-09 10:00:00+00:00,153.649,153.728,153.487,153.555
2026-09-09 11:00:00+00:00,153.555,153.583,153.194,153.231
2026-09-09 12:00:00+00:00,153.231,153.487,153.195,153.335
2026-09-09 13:00:00+00:00,153.335,153.451,153.236,153.287
2026-09-09 14:00:00+00:00,153.287,153.347,153.102,153.208
2026-09-09 15:00:00+00:00,153.208,153.798,153.155,153.541
2026-09-09 16:00:00+00:00,153.541,153.686,153.424,153.576
2026-09-09 17:00:00+00:00,153.576,153.596,153.463,153.468
2026-09-09 18:00:00+00:00,153.468,153.672,153.44,153.598
2026-09-09 19:00:00+00:00,153.598,153.727,153.583,153.638
2026-09-09 20:00:00+00:00,153.638,153.689,153.505,153.505
2026-09-09 21:00:00+00:00,153.505,153.579,153.486,153.526
2026-09-09 22:00:00+00:00,153.526,153.564,153.329,153.345
2026-09-09 23:00:00+00:00,153.345,153.617,153.307,153.538
2026-09-10 00:00:00+00:00,153.538,153.713,153.478,153.707
2026-09-10 01:00:00+00:00,153.707,153.744,153.43,153.433
2026-09-10 02:00:00+00:00,153.433,153.597,153.286,153.415
2026-09-10 03:00:00+00:00,153.415,153.488,153.371,153.383
2026-09-10 04:00:00+00:00,153.383,153.477,153.299,153.475
2026-09-10 05:00:00+00:00,153.475,153.678,153.399,153.605
2026-09-10 06:00:00+00:00,153.605,153.618,153.41,153.423
2026-09-10 07:00:00+00:00,153.423,153.566,153.322,153.396
2026-09-10 08:00:00+00:00,153.396,153.694,153.396,153.629
2026-09-10 09:00:00+00:00,153.629,153.776,153.559,153.702
2026-09-10 10:00:00+00:00,153.702,154.176,153.658,154.078
2026-09-10 11:00:00+00:00,154.078,154.201,154.035,154.16
2026-09-10 12:00:00+00:00,154.16,154.668,154.136,154.352
2026-09-10 13:00:00+00:00,154.352,154.364,153.977,154.047
2026-09-10 14:00:00+00:00,154.047,154.083,153.848,153.889
2026-09-10 15:00:00+00:00,153.889,154.118,153.851,154.064
2026-09-10 16:00:00+00:00,154.064,154.391,154.049,154.276
2026-09-10 17:00:00+00:00,154.276,154.348,154.208,154.256
2026-09-10 18:00:00+00:00,154.256,154.398,154.243,154.32
2026-09-10 19:00:00+00:00,154.32,154.395,154.308,154.34
2026-09-10 20:00:00+00:00,154.34,154.495,154.336,154.419
2026-09-10 21:00:00+00:00,154.419,154.419,154.331,154.359
2026-09-10 22:00:00+00:00,154.359,154.538,154.359,154.378
2026-09-10 23:00:00+00:00,154.378,154.617,154.364,154.467
2026-09-11 00:00:00+00:00,154.467,154.599,154.321,154.502
2026-09-11 01:00:00+00:00,154.502,154.528,154.214,154.348
2026-09-11 02:00:00+00:00,154.348,154.525,154.323,154.386
2026-09-11 03:00:00+00:00,154.386,154.507,154.326,154.399
2026-09-11 04:00:00+00:00,154.399,154.414,154.268,154.349
2026-09-11 05:00:00+00:00,154.349,154.352,154.013,154.059
2026-09-11 06:00:00+00:00,154.059,154.221,153.965,154.175
2026-09-11 07:00:00+00:00,154.175,154.284,154.077,154.224
2026-09-11 08:00:00+00:00,154.224,154.374,154.048,154.103
2026-09-11 09:00:00+00:00,154.103,154.229,154.038,154.106
2026-09-11 10:00:00+00:00,154.106,154.16,153.953,153.971
2026-09-11 11:00:00+00:00,153.971,154.088,153.88,154.029
2026-09-11 12:00:00+00:00,154.029,154.487,153.438,153.459
2026-09-11 13:00:00+00:00,153.459,153.64,153.243,153.43
2026-09-11 14:00:00+00:00,153.43,153.657,153.403,153.479
2026-09-11 15:00:00+00:00,153.479,153.739,153.426,153.711
2026-09-11 16:00:00+00:00,153.711,153.735,153.64,153.714
2026-09-11 17:00:00+00:00,153.714,153.756,153.662,153.702
2026-09-11 18:00:00+00:00,153.702,153.762,153.675,153.727
2026-09-11 19:00:00+00:00,153.727,153.776,153.681,153.692
2026-09-11 20:00:00+00:00,153.692,153.749,153.444,153.468
