datetime,open,high,low,close
2026-03-12 02:00:00+00:00,5208.48,5211.53,5185.5,5190.63
2026-03-12 03:00:00+00:00,5190.63,5195.55,5187.12,5193.19
2026-03-12 04:00:00+00:00,5193.19,5194.11,5180.36,5182.44
2026-03-12 05:00:00+00:00,5182.44,5197.62,5177.12,5194.63
2026-03-12 06:00:00+00:00,5194.63,5210.16,5187.02,5206.36
2026-03-12 07:00:00+00:00,5206.36,5225.32,5204.59,5221.93
2026-03-12 08:00:00+00:00,5221.93,5229.78,5215.82,5218.16
2026-03-12 09:00:00+00:00,5218.16,5230.54,5214.45,5228.24
2026-03-12 10:00:00+00:00,5228.24,5231.74,5216.53,5222.46
2026-03-12 11:00:00+00:00,5222.46,5224.01,5212.8,5218.95
2026-03-12 12:00:00+00:00,5218.95,5225.68,5203.51,5221.42
2026-03-12 13:00:00+00:00,5221.42,5226.28,5186.07,5191.48
2026-03-12 14:00:00+00:00,5191.48,5203.38,5178.37,5182.82
2026-03-12 15:00:00+00:00,5182.82,5184.83,5149.55,5172.55
2026-03-12 16:00:00+00:00,5172.55,5178.15,5161.37,5163.51
2026-03-12 17:00:00+00:00,5163.51,5169.71,5142.71,5145.45
2026-03-12 18:00:00+00:00,5145.45,5152.53,5130.94,5134.45
2026-03-12 19:00:00+00:00,5134.45,5136.95,5119.17,5124.849999999999
2026-03-12 20:00:00+00:00,5124.849999999999,5130.76,5094.87,5118.63
2026-03-12 22:00:00+00:00,5118.63,5131.240000000001,5107.25,5131.18
2026-03-12 23:00:00+00:00,5131.18,5136.76,5124.01,5133.1
2026-03-13 00:00:00+00:00,5133.1,5150.76,5132.75,5149.29
2026-03-13 01:00:00+00:00,5149.29,5159.42,5144.150000000001,5159.42
2026-03-13 02:00:00+00:00,5159.42,5163.83,5145.85,5147.55
2026-03-13 03:00:00+00:00,5147.55,5152.2,5141.820000000001,5151.110000000001
2026-03-13 04:00:00+00:00,5151.110000000001,5153.46,5138.02,5139.67
2026-03-13 05:00:00+00:00,5139.67,5146.490000000001,5133.81,5138.41
2026-03-13 06:00:00+00:00,5138.41,5143.17,5121.16,5123.51
2026-03-13 07:00:00+00:00,5123.51,5129.7,5107.12,5120.62
2026-03-13 08:00:00+00:00,5120.62,5123.43,5097.2,5122.81
2026-03-13 09:00:00+00:00,5122.81,5132.56,5118.67,5124.740000000001
2026-03-13 10:00:00+00:00,5124.740000000001,5133.75,5115.14,5130.42
2026-03-13 11:00:00+00:00,5130.42,5143.2300000000005,5121.650000000001,5143.2
2026-03-13 12:00:00+00:00,5143.2,5157.08,5139.85,5153.780000000001
2026-03-13 13:00:00+00:00,5153.780000000001,5156.51,5132.17,5137.17
2026-03-13 14:00:00+00:00,5137.17,5143.400000000001,5071.3,5076.52
2026-03-13 15:00:00+00:00,5076.52,5106.72,5067.13,5070.33
2026-03-13 16:00:00+00:00,5070.33,5088.4800000000005,5054.2300000000005,5081.42
2026-03-13 17:00:00+00:00,5081.42,5099.150000000001,5078.58,5081.43
2026-03-13 18:00:00+00:00,5081.43,5087.22,5071.490000000001,5082.05
2026-03-13 19:00:00+00:00,5082.05,5085.31,5045.0,5051.8
2026-03-13 20:00:00+00:00,5051.8,5060.88,5047.58,5060.3
2026-03-15 22:00:00+00:00,5060.3,5078.92,5049.450000000001,5073.450000000001
2026-03-15 23:00:00+00:00,5073.450000000001,5074.6900000000005,5016.240000000001,5045.9400000000005
2026-03-16 00:00:00+00:00,5045.9400000000005,5079.4800000000005,5045.14,5074.06
2026-03-16 01:00:00+00:00,5074.06,5074.900000000001,5031.18,5064.360000000001
2026-03-16 02:00:00+00:00,5064.360000000001,5067.6,5046.320000000001,5052.05
2026-03-16 03:00:00+00:00,5052.05,5069.450000000001,5046.55,5067.7300000000005
2026-03-16 04:00:00+00:00,5067.7300000000005,5074.89,5060.97,5061.320000000001
2026-03-16 05:00:00+00:00,5061.320000000001,5068.8,5051.660000000001,5066.26
2026-03-16 06:00:00+00:00,5066.26,5084.570000000001,5054.14,5060.63
2026-03-16 07:00:00+00:00,5060.63,5064.93,5040.67,5044.55
2026-03-16 08:00:00+00:00,5044.55,5052.320000000001,5033.740000000001,5039.910000000001
2026-03-16 09:00:00+00:00,5039.910000000001,5040.17,5021.59,5024.25
2026-03-16 10:00:00+00:00,5024.25,5048.280000000001,5018.97,5047.56
2026-03-16 11:00:00+00:00,5047.56,5071.46,5041.42,5045.900000000001
2026-03-16 12:00:00+00:00,5045.900000000001,5073.4800000000005,5043.370000000001,5068.63
2026-03-16 13:00:00+00:00,5068.63,5083.04,5062.660000000001,5078.700000000001
2026-03-16 14:00:00+00:00,5078.700000000001,5086.51,5036.46,5044.64
2026-03-16 15:00:00+00:00,5044.64,5054.4800000000005,5032.59,5035.820000000001
2026-03-16 16:00:00+00:00,5035.820000000001,5047.51,5022.830000000001,5039.3
2026-03-16 17:00:00+00:00,5039.3,5052.42,5032.6900000000005,5040.0
2026-03-16 18:00:00+00:00,5040.0,5066.56,5038.610000000001,5061.46
2026-03-16 19:00:00+00:00,5061.46,5068.97,5056.8,5061.5
2026-03-16 20:00:00+00:00,5061.5,5070.200000000001,5053.410000000001,5053.490000000001
2026-03-16 22:00:00+00:00,5053.490000000001,5068.45,5050.99,5055.18
2026-03-16 23:00:00+00:00,5055.18,5068.13,5054.84,5065.44
2026-03-17 00:00:00+00:00,5065.44,5066.34,5050.77,5055.6
2026-03-17 01:00:00+00:00,5055.6,5080.52,5047.09,5080.5
2026-03-17 02:00:00+00:00,5080.5,5082.31,5072.39,5075.13
2026-03-17 03:00:00+00:00,5075.13,5086.11,5073.22,5079.96
2026-03-17 04:00:00+00:00,5079.96,5094.45,5078.72,5090.24
2026-03-17 05:00:00+00:00,5090.24,5096.9,5072.46,5073.46
2026-03-17 06:00:00+00:00,5073.46,5075.46,5057.46,5062.7
2026-03-17 07:00:00+00:00,5062.7,5080.82,5061.6,5073.94
2026-03-17 08:00:00+00:00,5073.94,5082.19,5071.41,5077.42
2026-03-17 09:00:00+00:00,5077.42,5078.57,5062.61,5063.13
2026-03-17 10:00:00+00:00,5063.13,5068.9,5044.39,5052.88
2026-03-17 11:00:00+00:00,5052.88,5064.2,5049.47,5055.86
2026-03-17 12:00:00+00:00,5055.86,5076.57,5052.06,5064.4800000000005
2026-03-17 13:00:00+00:00,5064.4800000000005,5084.48,5058.509999999999,5069.4
2026-03-17 14:00:00+00:00,5069.4,5073.45,5055.9,5060.65
2026-03-17 15:00:00+00:00,5060.65,5070.45,5026.44,5050.79
2026-03-17 16:00:00+00:00,5050.79,5058.889999999999,5044.679999999999,5055.009999999999
2026-03-17 17:00:00+00:00,5055.009999999999,5061.78,5049.62,5055.45
2026-03-17 18:00:00+00:00,5055.45,5062.12,5052.86,5056.679999999999
2026-03-17 19:00:00+00:00,5056.679999999999,5058.639999999999,5049.32,5053.23
2026-03-17 20:00:00+00:00,5053.23,5059.849999999999,5052.83,5058.98
2026-03-17 22:00:00+00:00,5058.98,5058.999999999999,5045.629999999999,5052.37
2026-03-17 23:00:00+00:00,5052.37,5056.139999999999,5051.169999999999,5055.32
2026-03-18 00:00:00+00:00,5055.32,5065.039999999999,5053.03,5056.91
2026-03-18 01:00:00+00:00,5056.91,5068.83,5044.07,5051.45
2026-03-18 02:00:00+00:00,5051.45,5059.97,5043.45,5044.92
2026-03-18 03:00:00+00:00,5044.92,5050.56,5039.06,5043.97
2026-03-18 04:00:00+00:00,5043.97,5046.52,5034.59,5040.13
2026-03-18 05:00:00+00:00,5040.13,5055.74,5037.72,5050.62
2026-03-18 06:00:00+00:00,5050.62,5069.32,5049.19,5062.31
2026-03-18 07:00:00+00:00,5062.31,5068.02,5043.03,5047.92
2026-03-18 08:00:00+00:00,5047.92,5049.74,5029.94,5040.7
2026-03-18 09:00:00+00:00,5040.7,5048.64,5037.57,5045.23
2026-03-18 10:00:00+00:00,5045.23,5045.26,5011.25,5020.89
2026-03-18 11:00:00+00:00,5020.89,5027.15,4977.49,4983.34
2026-03-18 12:00:00+00:00,4983.34,4985.49,4923.63,4934.46
2026-03-18 13:00:00+00:00,4934.46,4938.54,4887.22,4930.66
2026-03-18 14:00:00+00:00,4930.66,4947.71,4909.31,4922.34
2026-03-18 15:00:00+00:00,4922.34,4933.18,4913.9,4915.4
2026-03-18 16:00:00+00:00,4915.4,4943.32,4913.9,4939.72
2026-03-18 17:00:00+00:00,4939.72,4951.92,4936.91,4943.1
2026-03-18 18:00:00+00:00,4943.1,4952.16,4905.07,4905.9
2026-03-18 19:00:00+00:00,4905.9,4918.22,4891.09,4895.92
2026-03-18 20:00:00+00:00,4895.92,4901.69,4859.43,4871.48
2026-03-18 22:00:00+00:00,4871.48,4892.31,4856.3,4887.58
2026-03-18 23:00:00+00:00,4887.58,4895.67,4881.2,4889.83
2026-03-19 00:00:00+00:00,4889.83,4901.86,4888.41,4894.31
2026-03-19 01:00:00+00:00,4894.31,4920.34,4885.99,4902.83
2026-03-19 02:00:00+00:00,4902.83,4915.36,4894.57,4912.0
2026-03-19 03:00:00+00:00,4912.0,4919.25,4903.93,4904.35
2026-03-19 04:00:00+00:00,4904.35,4907.150000000001,4898.75,4903.22
2026-03-19 05:00:00+00:00,4903.22,4907.21,4879.9400000000005,4880.96
2026-03-19 06:00:00+00:00,4880.96,4895.75,4800.83,4816.64
2026-03-19 07:00:00+00:00,4816.64,4837.6900000000005,4779.900000000001,4780.72
2026-03-19 08:00:00+00:00,4780.72,4793.71,4739.900000000001,4762.4400000000005
2026-03-19 09:00:00+00:00,4762.4400000000005,4779.07,4740.87,4752.32
2026-03-19 10:00:00+00:00,4752.32,4773.25,4719.66,4732.37
2026-03-19 11:00:00+00:00,4732.37,4752.6900000000005,4703.74,4704.66
2026-03-19 12:00:00+00:00,4704.66,4707.08,4584.35,4627.83
2026-03-19 13:00:00+00:00,4627.83,4674.32,4555.35,4674.06
2026-03-19 14:00:00+00:00,4674.06,4702.34,4634.43,4654.9400000000005
2026-03-19 15:00:00+00:00,4654.9400000000005,4691.99,4619.26,4649.77
2026-03-19 16:00:00+00:00,4649.77,4679.82,4629.85,4638.35
2026-03-19 17:00:00+00:00,4638.35,4683.35,4626.85,4669.56
2026-03-19 18:00:00+00:00,4669.56,4676.52,4649.07,4676.33
2026-03-19 19:00:00+00:00,4676.33,4716.66,4676.18,4697.26
2026-03-19 20:00:00+00:00,4697.26,4715.16,4696.08,4702.71
2026-03-19 22:00:00+00:00,4702.71,4733.05,4691.83,4692.27
2026-03-19 23:00:00+00:00,4692.27,4704.13,4690.32,4699.51
2026-03-20 00:00:00+00:00,4699.51,4720.93,4697.93,4704.4800000000005
2026-03-20 01:00:00+00:00,4704.4800000000005,4755.64,4695.13,4733.07
2026-03-20 02:00:00+00:00,4733.07,4759.58,4726.13,4754.38
2026-03-20 03:00:00+00:00,4754.38,4792.67,4748.9800000000005,4781.76
2026-03-20 04:00:00+00:00,4781.76,4783.77,4771.3,4777.92
2026-03-20 05:00:00+00:00,4777.92,4779.95,4741.93,4744.45
2026-03-20 06:00:00+00:00,4744.45,4757.29,4717.17,4725.36
2026-03-20 07:00:00+00:00,4725.36,4764.04,4723.9800000000005,4762.47
2026-03-20 08:00:00+00:00,4762.47,4791.08,4740.75,4749.96
2026-03-20 09:00:00+00:00,4749.96,4756.77,4715.83,4723.78
2026-03-20 10:00:00+00:00,4723.78,4726.26,4693.9,4701.57
2026-03-20 11:00:00+00:00,4701.57,4730.33,4692.94,4727.94
2026-03-20 12:00:00+00:00,4727.94,4751.61,4717.67,4734.07
2026-03-20 13:00:00+00:00,4734.07,4735.61,4668.77,4672.32
2026-03-20 14:00:00+00:00,4672.32,4678.7300000000005,4603.87,4619.77
2026-03-20 15:00:00+00:00,4619.77,4636.51,4596.52,4609.28
2026-03-20 16:00:00+00:00,4609.28,4670.05,4607.89,4639.31
2026-03-20 17:00:00+00:00,4639.31,4656.87,4610.67,4629.55
2026-03-20 18:00:00+00:00,4629.55,4634.68,4533.27,4555.6
2026-03-20 19:00:00+00:00,4555.6,4572.6,4541.18,4557.74
2026-03-20 20:00:00+00:00,4557.74,4570.52,4549.5,4559.09
2026-03-22 22:00:00+00:00,4559.09,4610.609999999999,4523.249999999999,4572.419999999999
2026-03-22 23:00:00+00:00,4572.419999999999,4585.119999999999,4526.339999999999,4538.9
2026-03-23 00:00:00+00:00,4538.9,4547.65,4393.989999999999,4428.369999999999
2026-03-23 01:00:00+00:00,4428.369999999999,4528.459999999999,4403.709999999999,4461.999999999999
2026-03-23 02:00:00+00:00,4461.999999999999,4496.459999999999,4429.089999999999,4434.799999999999
2026-03-23 03:00:00+00:00,4434.799999999999,4452.219999999999,4409.15,4427.159999999999
2026-03-23 04:00:00+00:00,4427.159999999999,4456.119999999999,4424.249999999999,4441.849999999999
2026-03-23 05:00:00+00:00,4441.849999999999,4454.44,4376.609999999999,4384.359999999999
2026-03-23 06:00:00+00:00,4384.359999999999,4384.779999999999,4237.339999999999,4294.749999999999
2026-03-23 07:00:00+00:00,4294.749999999999,4307.049999999999,4172.609999999999,4278.489999999999
2026-03-23 08:00:00+00:00,4278.489999999999,4345.329999999999,4276.779999999999,4325.819999999999
2026-03-23 09:00:00+00:00,4325.819999999999,4383.129999999999,4298.029999999999,4328.169999999999
2026-03-23 10:00:00+00:00,4328.169999999999,4356.179999999999,4315.459999999999,4343.279999999999
2026-03-23 11:00:00+00:00,4343.279999999999,4537.719999999999,4343.279999999999,4453.4
2026-03-23 12:00:00+00:00,4453.4,4566.959999999999,4411.15,4552.789999999999
2026-03-23 13:00:00+00:00,4552.789999999999,4559.839999999999,4475.799999999999,4528.529999999999
2026-03-23 14:00:00+00:00,4528.529999999999,4587.239999999999,4527.739999999999,4536.15
2026-03-23 15:00:00+00:00,4536.15,4561.529999999999,4424.94,4438.119999999999
2026-03-23 16:00:00+00:00,4438.119999999999,4466.279999999999,4426.709999999999,4450.27
2026-03-23 17:00:00+00:00,4450.27,4513.699999999999,4445.079999999999,4500.48
2026-03-23 18:00:00+00:00,4500.48,4541.589999999999,4476.699999999999,4523.279999999999
2026-03-23 19:00:00+00:00,4523.279999999999,4525.199999999999,4467.31,4472.129999999999
2026-03-23 20:00:00+00:00,4472.129999999999,4487.52,4457.15,4481.69
2026-03-23 22:00:00+00:00,4481.69,4510.519999999999,4439.889999999999,4505.819999999999
2026-03-23 23:00:00+00:00,4505.819999999999,4527.599999999999,4500.879999999999,4520.119999999999
2026-03-24 00:00:00+00:00,4520.119999999999,4525.879999999999,4410.069999999999,4443.649999999999
2026-03-24 01:00:00+00:00,4443.649999999999,4453.469999999999,4386.789999999999,4401.139999999999
2026-03-24 02:00:00+00:00,4401.139999999999,4458.409999999999,4384.489999999999,4445.049999999999
2026-03-24 03:00:00+00:00,4445.049999999999,4447.379999999999,4413.999999999999,4426.289999999999
2026-03-24 04:00:00+00:00,4426.289999999999,4436.259999999999,4405.669999999999,4412.349999999999
2026-03-24 05:00:00+00:00,4412.349999999999,4453.069999999999,4398.819999999999,4426.179999999999
2026-03-24 06:00:00+00:00,4426.179999999999,4484.289999999999,4421.779999999999,4481.019999999999
2026-03-24 07:00:00+00:00,4481.019999999999,4511.799999999999,4478.669999999999,4496.099999999999
2026-03-24 08:00:00+00:00,4496.099999999999,4500.309999999999,4470.169999999999,4491.079999999999
2026-03-24 09:00:00+00:00,4491.079999999999,4510.349999999999,4475.129999999999,4505.499999999999
2026-03-24 10:00:00+00:00,4505.499999999999,4520.809999999999,4493.609999999999,4517.729999999999
2026-03-24 11:00:00+00:00,4517.729999999999,4521.269999999999,4452.049999999999,4486.949999999999
2026-03-24 12:00:00+00:00,4486.949999999999,4506.409999999999,4440.979999999999,4457.949999999999
2026-03-24 13:00:00+00:00,4457.949999999999,4468.959999999999,4430.179999999999,4460.449999999999
2026-03-24 14:00:00+00:00,4460.449999999999,4512.889999999999,4459.589999999999,4494.929999999999
2026-03-24 15:00:00+00:00,4494.929999999999,4510.339999999999,4475.289999999999,4490.559999999999
2026-03-24 16:00:00+00:00,4490.559999999999,4506.939999999999,4481.479999999999,4500.769999999999
2026-03-24 17:00:00+00:00,4500.769999999999,4505.809999999999,4451.329999999999,4467.619999999999
2026-03-24 18:00:00+00:00,4467.619999999999,4502.989999999999,4462.899999999999,4468.449999999999
2026-03-24 19:00:00+00:00,4468.449999999999,4490.719999999999,4467.589999999999,4479.449999999999
2026-03-24 20:00:00+00:00,4479.449999999999,4563.339999999999,4476.639999999999,4552.859999999999
2026-03-24 22:00:00+00:00,4552.859999999999,4568.27,4537.65,4566.48
2026-03-24 23:00:00+00:00,4566.48,4633.86,4554.419999999999,4628.87
2026-03-25 00:00:00+00:00,4628.87,4654.419999999999,4619.57,4645.61
2026-03-25 01:00:00+00:00,4645.61,4683.56,4634.459999999999,4676.81
2026-03-25 02:00:00+00:00,4676.81,4684.73,4661.849999999999,4665.66
2026-03-25 03:00:00+00:00,4665.66,4668.759999999999,4649.78,4652.579999999999
2026-03-25 04:00:00+00:00,4652.579999999999,4657.07,4647.639999999999,4655.249999999999
2026-03-25 05:00:00+00:00,4655.249999999999,4655.9,4630.929999999999,4637.95
2026-03-25 06:00:00+00:00,4637.95,4639.509999999999,4615.219999999999,4627.87
2026-03-25 07:00:00+00:00,4627.87,4645.539999999999,4618.929999999999,4621.919999999999
2026-03-25 08:00:00+00:00,4621.919999999999,4650.2,4618.049999999999,4638.509999999999
2026-03-25 09:00:00+00:00,4638.509999999999,4650.039999999999,4609.56,4634.049999999999
2026-03-25 10:00:00+00:00,4634.049999999999,4644.849999999999,4633.37,4641.02
2026-03-25 11:00:00+00:00,4641.02,4668.009999999999,4638.329999999999,4661.099999999999
2026-03-25 12:00:00+00:00,4661.099999999999,4665.929999999999,4603.91,4626.389999999999
2026-03-25 13:00:00+00:00,4626.389999999999,4658.69,4623.03,4627.2
2026-03-25 14:00:00+00:00,4627.2,4661.48,4615.06,4649.52
2026-03-25 15:00:00+00:00,4649.52,4651.41,4607.15,4641.329999999999
2026-03-25 16:00:00+00:00,4641.329999999999,4647.249999999999,4627.599999999999,4637.389999999999
2026-03-25 17:00:00+00:00,4637.389999999999,4646.169999999999,4624.999999999999,4632.579999999999
2026-03-25 18:00:00+00:00,4632.579999999999,4651.079999999999,4613.06,4620.2
2026-03-25 19:00:00+00:00,4620.2,4622.03,4568.829999999999,4613.329999999999
2026-03-25 20:00:00+00:00,4613.329999999999,4624.41,4576.82,4588.259999999999
2026-03-25 22:00:00+00:00,4588.259999999999,4624.339999999999,4588.259999999999,4606.83
2026-03-25 23:00:00+00:00,4606.83,4607.74,4578.0,4587.45
2026-03-26 00:00:00+00:00,4587.45,4628.48,4587.16,4624.86
2026-03-26 01:00:00+00:00,4624.86,4633.79,4611.49,4624.719999999999
2026-03-26 02:00:00+00:00,4624.719999999999,4625.28,4594.91,4598.07
2026-03-26 03:00:00+00:00,4598.07,4608.129999999999,4589.049999999999,4606.049999999999
2026-03-26 04:00:00+00:00,4606.049999999999,4613.679999999999,4600.79,4609.58
2026-03-26 05:00:00+00:00,4609.58,4611.66,4528.02,4528.25
2026-03-26 06:00:00+00:00,4528.25,4548.599999999999,4504.839999999999,4545.57
2026-03-26 07:00:00+00:00,4545.57,4553.139999999999,4528.08,4541.81
2026-03-26 08:00:00+00:00,4541.81,4548.46,4501.299999999999,4516.81
2026-03-26 09:00:00+00:00,4516.81,4526.4,4503.53,4512.82
2026-03-26 10:00:00+00:00,4512.82,4537.75,4506.259999999999,4532.75
2026-03-26 11:00:00+00:00,4532.75,4546.03,4508.12,4512.25
2026-03-26 12:00:00+00:00,4512.25,4535.29,4505.639999999999,4518.75
2026-03-26 13:00:00+00:00,4518.75,4550.089999999999,4509.25,4542.2
2026-03-26 14:00:00+00:00,4542.2,4568.74,4526.44,4554.15
2026-03-26 15:00:00+00:00,4554.15,4558.27,4523.15,4527.32
2026-03-26 16:00:00+00:00,4527.32,4532.15,4456.06,4478.32
2026-03-26 17:00:00+00:00,4478.32,4491.839999999999,4466.37,4470.46
2026-03-26 18:00:00+00:00,4470.46,4487.15,4456.7,4483.58
2026-03-26 19:00:00+00:00,4483.58,4488.65,4448.46,4453.29
2026-03-26 20:00:00+00:00,4453.29,4509.75,4440.299999999999,4470.16
2026-03-26 22:00:00+00:00,4470.16,4500.78,4457.539999999999,4496.81
2026-03-26 23:00:00+00:00,4496.81,4499.829999999999,4475.159999999999,4490.589999999999
2026-03-27 00:00:00+00:00,4490.589999999999,4496.53,4460.829999999999,4464.53
2026-03-27 01:00:00+00:00,4464.53,4505.929999999999,4462.549999999999,4502.719999999999
2026-03-27 02:00:00+00:00,4502.719999999999,4525.829999999999,4502.409999999999,4517.579999999999
2026-03-27 03:00:00+00:00,4517.579999999999,4531.299999999999,4506.599999999999,4523.129999999999
2026-03-27 04:00:00+00:00,4523.129999999999,4535.079999999999,4516.929999999999,4531.48
2026-03-27 05:00:00+00:00,4531.48,4560.73,4525.829999999999,4539.949999999999
2026-03-27 06:00:00+00:00,4539.949999999999,4558.23,4537.039999999999,4545.06
2026-03-27 07:00:00+00:00,4545.06,4548.49,4528.209999999999,4533.159999999999
2026-03-27 08:00:00+00:00,4533.159999999999,4536.869999999999,4509.11,4509.57
2026-03-27 09:00:00+00:00,4509.57,4523.639999999999,4506.169999999999,4514.23
2026-03-27 10:00:00+00:00,4514.23,4518.52,4496.259999999999,4500.53
2026-03-27 11:00:00+00:00,4500.53,4511.82,4489.759999999999,4505.44
2026-03-27 12:00:00+00:00,4505.44,4530.99,4497.94,4523.599999999999
2026-03-27 13:00:00+00:00,4523.599999999999,4529.53,4499.02,4516.389999999999
2026-03-27 14:00:00+00:00,4516.389999999999,4600.73,4515.669999999999,4595.07
2026-03-27 15:00:00+00:00,4595.07,4640.969999999999,4587.159999999999,4609.81
2026-03-27 16:00:00+00:00,4609.81,4619.28,4590.949999999999,4601.579999999999
2026-03-27 17:00:00+00:00,4601.579999999999,4607.73,4572.03,4572.36
2026-03-27 18:00:00+00:00,4572.36,4614.03,4572.32,4602.419999999999
2026-03-27 19:00:00+00:00,4602.419999999999,4612.07,4585.99,4599.619999999999
2026-03-27 20:00:00+00:00,4599.619999999999,4605.999999999999,4584.039999999999,4591.159999999999
2026-03-29 22:00:00+00:00,4591.159999999999,4607.27,4572.669999999999,4578.669999999999
2026-03-29 23:00:00+00:00,4578.669999999999,4586.69,4537.669999999999,4542.869999999999
2026-03-30 00:00:00+00:00,4542.869999999999,4560.799999999999,4511.039999999999,4525.839999999999
2026-03-30 01:00:00+00:00,4525.839999999999,4569.929999999999,4525.509999999999,4563.56
2026-03-30 02:00:00+00:00,4563.56,4593.489999999999,4552.659999999999,4575.32
2026-03-30 03:00:00+00:00,4575.32,4611.489999999999,4572.749999999999,4589.909999999999
2026-03-30 04:00:00+00:00,4589.909999999999,4592.739999999999,4580.249999999999,4591.06
2026-03-30 05:00:00+00:00,4591.06,4622.48,4590.749999999999,4616.669999999999
2026-03-30 06:00:00+00:00,4616.669999999999,4644.869999999999,4610.98,4626.81
2026-03-30 07:00:00+00:00,4626.81,4628.969999999999,4609.82,4621.239999999999
2026-03-30 08:00:00+00:00,4621.239999999999,4634.53,4619.039999999999,4632.629999999999
2026-03-30 09:00:00+00:00,4632.629999999999,4635.049999999999,4617.449999999999,4626.919999999999
2026-03-30 10:00:00+00:00,4626.919999999999,4634.249999999999,4621.669999999999,4626.379999999999
2026-03-30 11:00:00+00:00,4626.379999999999,4674.844999999999,4619.499999999999,4653.444999999999
2026-03-30 12:00:00+00:00,4653.444999999999,4672.274999999999,4639.185,4663.424999999999
2026-03-30 13:00:00+00:00,4663.424999999999,4672.664999999999,4610.584999999999,4617.685
2026-03-30 14:00:00+00:00,4617.685,4635.514999999999,4606.364999999999,4632.834999999999
2026-03-30 15:00:00+00:00,4632.834999999999,4650.964999999999,4618.844999999999,4642.194999999999
2026-03-30 16:00:00+00:00,4642.194999999999,4643.734999999999,4625.935,4634.034999999999
2026-03-30 17:00:00+00:00,4634.034999999999,4636.374999999999,4605.594999999999,4609.014999999999
2026-03-30 18:00:00+00:00,4609.014999999999,4617.334999999999,4592.395,4593.044999999999
2026-03-30 19:00:00+00:00,4593.044999999999,4612.484999999999,4587.284999999999,4607.524999999999
2026-03-30 20:00:00+00:00,4607.524999999999,4610.464999999999,4595.024999999999,4605.264999999999
2026-03-30 22:00:00+00:00,4605.264999999999,4618.035,4596.395,4605.094999999999
2026-03-30 23:00:00+00:00,4605.094999999999,4616.125,4587.134999999999,4608.195
2026-03-31 00:00:00+00:00,4608.195,4642.605,4576.955,4642.145
2026-03-31 01:00:00+00:00,4642.145,4713.855,4626.545,4699.435
2026-03-31 02:00:00+00:00,4699.435,4701.674999999999,4660.005,4662.315
2026-03-31 03:00:00+00:00,4662.315,4671.505,4644.714999999999,4651.645
2026-03-31 04:00:00+00:00,4651.645,4664.075,4651.514999999999,4659.224999999999
2026-03-31 05:00:00+00:00,4659.224999999999,4676.535,4642.094999999999,4663.335
2026-03-31 06:00:00+00:00,4663.335,4663.594999999999,4647.605,4651.735
2026-03-31 07:00:00+00:00,4651.735,4660.605,4637.815,4659.275
2026-03-31 08:00:00+00:00,4659.275,4670.054999999999,4655.094999999999,4663.355
2026-03-31 09:00:00+00:00,4663.355,4667.224999999999,4644.924999999999,4650.295
2026-03-31 10:00:00+00:00,4650.295,4656.634999999999,4623.895,4641.605
2026-03-31 11:00:00+00:00,4641.605,4688.045,4635.855,4677.045
2026-03-31 12:00:00+00:00,4677.045,4692.375,4663.645,4669.405
2026-03-31 13:00:00+00:00,4669.405,4704.395,4662.214999999999,4701.705
2026-03-31 14:00:00+00:00,4701.705,4724.714999999999,4689.585,4693.955
2026-03-31 15:00:00+00:00,4693.955,4720.174999999999,4693.895,4704.075
2026-03-31 16:00:00+00:00,4704.075,4746.255,4701.764999999999,4733.025
2026-03-31 17:00:00+00:00,4733.025,4762.115,4730.795,4749.155
2026-03-31 18:00:00+00:00,4749.155,4765.815,4748.075,4762.195
2026-03-31 19:00:00+00:00,4762.195,4780.585,4756.554999999999,4777.724999999999
2026-03-31 20:00:00+00:00,4777.724999999999,4782.065,4759.464999999999,4763.514999999999
2026-03-31 22:00:00+00:00,4763.514999999999,4801.255,4762.595,4785.375
2026-03-31 23:00:00+00:00,4785.375,4804.655,4776.105,4800.845
2026-04-01 00:00:00+00:00,4800.845,4827.145,4797.855,4815.255
2026-04-01 01:00:00+00:00,4815.255,4828.724999999999,4785.785,4797.305
2026-04-01 02:00:00+00:00,4797.305,4805.255,4782.445,4789.145
2026-04-01 03:00:00+00:00,4789.145,4798.985,4784.255,4786.455
2026-04-01 04:00:00+00:00,4786.455,4786.595,4771.615,4781.035
2026-04-01 05:00:00+00:00,4781.035,4808.355,4779.245,4789.295
2026-04-01 06:00:00+00:00,4789.295,4837.845,4787.065,4835.125
2026-04-01 07:00:00+00:00,4835.125,4852.474999999999,4814.075,4817.845
2026-04-01 08:00:00+00:00,4817.845,4845.195,4814.805,4833.025
2026-04-01 09:00:00+00:00,4833.025,4834.915,4817.485,4827.905
2026-04-01 10:00:00+00:00,4827.905,4843.565,4819.985,4835.945
2026-04-01 11:00:00+00:00,4835.945,4867.745,4832.615,4857.175
2026-04-01 12:00:00+00:00,4857.175,4858.514999999999,4829.085,4829.505
2026-04-01 13:00:00+00:00,4829.505,4854.375,4820.935,4842.065
2026-04-01 14:00:00+00:00,4842.065,4873.675,4828.555,4865.405
2026-04-01 15:00:00+00:00,4865.405,4892.865,4863.045,4891.365
2026-04-01 16:00:00+00:00,4891.365,4895.605,4879.135,4891.925
2026-04-01 17:00:00+00:00,4891.925,4897.735,4878.495,4879.075
2026-04-01 18:00:00+00:00,4879.075,4879.965,4846.545,4857.635
2026-04-01 19:00:00+00:00,4857.635,4883.135,4855.715,4870.875
2026-04-01 20:00:00+00:00,4870.875,4875.945,4858.485,4862.965
2026-04-01 22:00:00+00:00,4760.19,4785.1900000000005,4755.78,4778.650000000001
2026-04-01 23:00:00+00:00,4778.650000000001,4803.05,4775.67,4786.1900000000005
2026-04-02 00:00:00+00:00,4786.1900000000005,4801.03,4777.31,4786.6900000000005
2026-04-02 01:00:00+00:00,4786.6900000000005,4788.04,4651.33,4697.9400000000005
2026-04-02 02:00:00+00:00,4697.9400000000005,4706.43,4657.9400000000005,4689.33
2026-04-02 03:00:00+00:00,4689.33,4701.820000000001,4677.88,4678.93
2026-04-02 04:00:00+00:00,4678.93,4684.25,4659.27,4674.7
2026-04-02 05:00:00+00:00,4674.7,4682.97,4587.92,4596.4800000000005
2026-04-02 06:00:00+00:00,4596.4800000000005,4611.27,4555.91,4601.06
2026-04-02 07:00:00+00:00,4601.06,4653.84,4599.35,4644.87
2026-04-02 08:00:00+00:00,4644.87,4651.09,4618.87,4623.38
2026-04-02 09:00:00+00:00,4623.38,4634.56,4615.320000000001,4623.860000000001
2026-04-02 10:00:00+00:00,4623.860000000001,4637.570000000001,4605.9800000000005,4622.74
2026-04-02 11:00:00+00:00,4622.74,4633.2,4594.81,4602.45
2026-04-02 12:00:00+00:00,4602.45,4632.59,4596.71,4604.4400000000005
2026-04-02 13:00:00+00:00,4604.4400000000005,4653.92,4582.88,4648.7300000000005
2026-04-02 14:00:00+00:00,4648.7300000000005,4702.18,4633.8,4683.77
2026-04-02 15:00:00+00:00,4683.77,4686.610000000001,4654.91,4663.26
2026-04-02 16:00:00+00:00,4663.26,4673.23,4645.11,4661.69
2026-04-02 17:00:00+00:00,4661.69,4671.0,4648.24,4651.3
2026-04-02 18:00:00+00:00,4651.3,4674.68,4649.92,4671.04
2026-04-02 19:00:00+00:00,4671.04,4684.38,4663.8,4674.66
2026-04-02 20:00:00+00:00,4674.66,4680.2,4666.72,4678.87
2026-04-03 14:00:00+00:00,4676.33,4676.33,4672.02,4672.02
2026-04-03 15:00:00+00:00,4672.02,4673.62,4671.99,4672.12
2026-04-05 22:00:00+00:00,4672.12,4673.48,4589.8,4627.8
2026-04-05 23:00:00+00:00,4627.8,4633.2300000000005,4586.89,4592.42
2026-04-06 00:00:00+00:00,4592.42,4611.27,4582.410000000001,4604.410000000001
2026-04-06 01:00:00+00:00,4604.410000000001,4625.030000000001,4602.540000000001,4607.77
2026-04-06 02:00:00+00:00,4607.77,4653.71,4605.64,4629.860000000001
2026-04-06 03:00:00+00:00,4629.860000000001,4630.080000000001,4607.26,4622.5
2026-04-06 04:00:00+00:00,4622.5,4642.26,4621.780000000001,4640.790000000001
2026-04-06 05:00:00+00:00,4640.790000000001,4660.88,4633.4800000000005,4634.910000000001
2026-04-06 06:00:00+00:00,4634.910000000001,4649.76,4625.410000000001,4647.950000000001
2026-04-06 07:00:00+00:00,4647.950000000001,4670.8,4626.790000000001,4666.68
2026-04-06 08:00:00+00:00,4666.68,4680.450000000001,4662.4400000000005,4677.97
2026-04-06 09:00:00+00:00,4677.97,4688.9800000000005,4672.8,4675.910000000001
2026-04-06 10:00:00+00:00,4675.910000000001,4679.92,4665.96,4671.85
2026-04-06 11:00:00+00:00,4671.85,4679.02,4659.21,4659.93
2026-04-06 12:00:00+00:00,4659.93,4669.05,4641.910000000001,4658.280000000001
2026-04-06 13:00:00+00:00,4658.280000000001,4663.68,4641.6900000000005,4661.67
2026-04-06 14:00:00+00:00,4661.67,4679.93,4641.990000000001,4664.75
2026-04-06 15:00:00+00:00,4664.75,4666.2300000000005,4633.85,4650.110000000001
2026-04-06 16:00:00+00:00,4650.110000000001,4654.81,4639.950000000001,4642.63
2026-04-06 17:00:00+00:00,4642.63,4643.280000000001,4627.660000000001,4635.64
2026-04-06 18:00:00+00:00,4635.64,4648.660000000001,4631.13,4640.52
2026-04-06 19:00:00+00:00,4640.52,4641.85,4627.68,4637.89
2026-04-06 20:00:00+00:00,4637.89,4640.52,4630.280000000001,4631.35
2026-04-06 22:00:00+00:00,4631.35,4657.3,4629.92,4647.83
2026-04-06 23:00:00+00:00,4647.83,4651.09,4640.83,4648.25
2026-04-07 00:00:00+00:00,4648.25,4651.12,4638.56,4644.21
2026-04-07 01:00:00+00:00,4644.21,4654.15,4605.41,4616.3
2026-04-07 02:00:00+00:00,4616.3,4643.34,4609.31,4639.76
2026-04-07 03:00:00+00:00,4639.76,4643.72,4628.97,4639.3
2026-04-07 04:00:00+00:00,4639.3,4653.91,4634.97,4649.6
2026-04-07 05:00:00+00:00,4649.6,4651.27,4612.4800000000005,4632.64
2026-04-07 06:00:00+00:00,4632.64,4646.32,4627.2,4642.67
2026-04-07 07:00:00+00:00,4642.67,4646.63,4626.08,4635.4
2026-04-07 08:00:00+00:00,4635.4,4680.68,4633.75,4672.56
2026-04-07 09:00:00+00:00,4672.56,4684.22,4648.21,4660.17
2026-04-07 10:00:00+00:00,4660.17,4670.14,4638.7300000000005,4641.5
2026-04-07 11:00:00+00:00,4641.5,4653.5,4618.14,4649.38
2026-04-07 12:00:00+00:00,4649.38,4660.5,4636.3,4640.75
2026-04-07 13:00:00+00:00,4640.75,4652.81,4625.11,4633.79
2026-04-07 14:00:00+00:00,4633.79,4651.4,4596.81,4622.89
2026-04-07 15:00:00+00:00,4622.89,4649.02,4614.42,4645.27
2026-04-07 16:00:00+00:00,4645.27,4658.22,4642.05,4646.7
2026-04-07 17:00:00+00:00,4646.7,4676.44,4643.42,4665.53
2026-04-07 18:00:00+00:00,4665.53,4675.89,4647.07,4651.91
2026-04-07 19:00:00+00:00,4651.91,4708.22,4650.0,4690.49
2026-04-07 20:00:00+00:00,4690.49,4706.47,4686.61,4695.95
2026-04-07 22:00:00+00:00,4695.95,4835.46,4695.17,4833.84
2026-04-07 23:00:00+00:00,4833.84,4852.34,4816.96,4848.75
2026-04-08 00:00:00+00:00,4848.75,4874.34,4824.59,4833.26
2026-04-08 01:00:00+00:00,4833.26,4840.71,4803.740000000001,4826.030000000001
2026-04-08 02:00:00+00:00,4826.030000000001,4841.1,4814.25,4819.58
2026-04-08 03:00:00+00:00,4819.58,4821.97,4810.63,4813.650000000001
2026-04-08 04:00:00+00:00,4813.650000000001,4822.780000000001,4806.3,4819.54
2026-04-08 05:00:00+00:00,4819.54,4860.13,4816.33,4843.54
2026-04-08 06:00:00+00:00,4843.54,4855.96,4835.67,4835.79
2026-04-08 07:00:00+00:00,4835.79,4837.29,4820.76,4828.990000000001
2026-04-08 08:00:00+00:00,4828.990000000001,4835.76,4805.860000000001,4809.81
2026-04-08 09:00:00+00:00,4809.81,4822.83,4791.88,4799.21
2026-04-08 10:00:00+00:00,4799.21,4812.200000000001,4786.72,4798.5
2026-04-08 11:00:00+00:00,4798.5,4818.77,4793.490000000001,4814.22
2026-04-08 12:00:00+00:00,4814.22,4823.13,4783.6900000000005,4815.33
2026-04-08 13:00:00+00:00,4815.33,4822.58,4783.6900000000005,4793.150000000001
2026-04-08 14:00:00+00:00,4793.150000000001,4807.88,4747.950000000001,4752.1900000000005
2026-04-08 15:00:00+00:00,4752.1900000000005,4779.16,4749.77,4772.38
2026-04-08 16:00:00+00:00,4772.38,4781.55,4761.1900000000005,4776.38
2026-04-08 17:00:00+00:00,4776.38,4780.360000000001,4747.02,4749.59
2026-04-08 18:00:00+00:00,4749.59,4760.490000000001,4719.22,4720.92
2026-04-08 19:00:00+00:00,4720.92,4747.85,4714.41,4746.490000000001
2026-04-08 20:00:00+00:00,4746.490000000001,4748.27,4732.66,4736.42
2026-04-08 22:00:00+00:00,4736.42,4753.1,4724.150000000001,4737.33
2026-04-08 23:00:00+00:00,4737.33,4740.045,4725.185,4735.435
2026-04-09 00:00:00+00:00,4735.435,4739.075,4718.585,4726.835
2026-04-09 01:00:00+00:00,4726.835,4748.525,4719.514999999999,4747.304999999999
2026-04-09 02:00:00+00:00,4747.304999999999,4753.205,4737.304999999999,4739.255
2026-04-09 03:00:00+00:00,4739.255,4740.474999999999,4725.065,4731.815
2026-04-09 04:00:00+00:00,4731.815,4745.705,4729.625,4740.655
2026-04-09 05:00:00+00:00,4740.655,4746.935,4725.545,4733.625
2026-04-09 06:00:00+00:00,4733.625,4745.295,4723.285,4732.924999999999
2026-04-09 07:00:00+00:00,4732.924999999999,4751.714999999999,4725.745,4744.464999999999
2026-04-09 08:00:00+00:00,4744.464999999999,4753.865,4740.035,4746.464999999999
2026-04-09 09:00:00+00:00,4746.464999999999,4753.605,4742.795,4749.435
2026-04-09 10:00:00+00:00,4749.435,4766.985,4743.795,4761.245
2026-04-09 11:00:00+00:00,4761.245,4777.995,4758.424999999999,4776.735
2026-04-09 12:00:00+00:00,4776.735,4779.825,4754.835,4766.174999999999
2026-04-09 13:00:00+00:00,4766.174999999999,4797.424999999999,4758.634999999999,4784.525
2026-04-09 14:00:00+00:00,4784.525,4796.455,4767.174999999999,4788.735
2026-04-09 15:00:00+00:00,4788.735,4818.335,4781.304999999999,4813.115
2026-04-09 16:00:00+00:00,4813.115,4821.224999999999,4804.474999999999,4809.025
2026-04-09 17:00:00+00:00,4809.025,4821.585,4806.785,4817.915
2026-04-09 18:00:00+00:00,4817.915,4818.205,4787.785,4792.384999999999
2026-04-09 19:00:00+00:00,4792.384999999999,4802.915,4786.525,4789.045
2026-04-09 20:00:00+00:00,4789.045,4793.585,4780.835,4786.085
2026-04-09 22:00:00+00:00,4786.085,4806.655,4786.025,4792.875
2026-04-09 23:00:00+00:00,4792.875,4792.925,4785.185,4792.195
2026-04-10 00:00:00+00:00,4792.195,4792.435,4778.715,4791.045
2026-04-10 01:00:00+00:00,4791.045,4805.625,4786.305,4792.595
2026-04-10 02:00:00+00:00,4792.595,4793.925,4766.125,4781.575
2026-04-10 03:00:00+00:00,4781.575,4797.885,4781.205,4794.885
2026-04-10 04:00:00+00:00,4794.885,4799.295,4786.215,4786.715
2026-04-10 05:00:00+00:00,4786.715,4797.755,4785.474999999999,4793.965
2026-04-10 06:00:00+00:00,4793.965,4794.015,4770.945,4774.245
2026-04-10 07:00:00+00:00,4774.245,4786.095,4769.395,4778.185
2026-04-10 08:00:00+00:00,4778.185,4781.835,4758.945,4769.305
2026-04-10 09:00:00+00:00,4769.305,4789.275,4768.925,4780.045
2026-04-10 10:00:00+00:00,4780.045,4789.125,4770.535,4785.605
2026-04-10 11:00:00+00:00,4785.605,4797.235,4781.695,4796.615
2026-04-10 12:00:00+00:00,4796.615,4810.965,4788.165,4800.195
2026-04-10 13:00:00+00:00,4800.195,4808.795,4793.455,4803.165
2026-04-10 14:00:00+00:00,4803.165,4823.665,4795.724999999999,4803.285
2026-04-10 15:00:00+00:00,4803.285,4815.775,4783.545,4790.525
2026-04-10 16:00:00+00:00,4790.525,4794.685,4775.465,4792.255
2026-04-10 17:00:00+00:00,4792.255,4797.305,4786.675,4788.775
2026-04-10 18:00:00+00:00,4788.775,4801.765,4779.485,4793.845
2026-04-10 19:00:00+00:00,4793.845,4799.165,4786.685,4788.135
2026-04-10 20:00:00+00:00,4788.135,4788.425,4769.275,4779.365
2026-04-12 22:00:00+00:00,4779.365,4818.945,4711.445,4726.865
2026-04-12 23:00:00+00:00,4726.865,4740.045,4711.775,4739.075
2026-04-13 00:00:00+00:00,4739.075,4766.415,4732.315,4763.435
2026-04-13 01:00:00+00:00,4763.435,4796.375,4761.425,4789.245
2026-04-13 02:00:00+00:00,4789.245,4796.025,4778.905,4788.235
2026-04-13 03:00:00+00:00,4788.235,4792.055,4779.895,4785.795
2026-04-13 04:00:00+00:00,4785.795,4793.005,4776.425,4791.305
2026-04-13 05:00:00+00:00,4791.305,4799.035,4784.015,4797.095
2026-04-13 06:00:00+00:00,4797.095,4800.795,4788.585,4793.335
2026-04-13 07:00:00+00:00,4793.335,4808.145,4792.495,4801.765
2026-04-13 08:00:00+00:00,4801.765,4806.765,4788.255,4791.475
2026-04-13 09:00:00+00:00,4791.475,4796.865,4778.575,4782.835
2026-04-13 10:00:00+00:00,4782.835,4792.025,4776.495,4790.155
2026-04-13 11:00:00+00:00,4790.155,4797.385,4771.125,4775.005
2026-04-13 12:00:00+00:00,4775.005,4793.265,4771.545,4791.735
2026-04-13 13:00:00+00:00,4791.735,4812.365,4788.885,4798.535
2026-04-13 14:00:00+00:00,4798.535,4798.825,4776.705,4786.825
2026-04-13 15:00:00+00:00,4786.825,4787.945,4768.155,4782.445
2026-04-13 16:00:00+00:00,4782.445,4814.105,4777.515,4801.325
2026-04-13 17:00:00+00:00,4801.325,4818.215,4793.795,4797.965
2026-04-13 18:00:00+00:00,4797.965,4808.935,4791.485,4806.415
2026-04-13 19:00:00+00:00,4806.415,4815.595,4798.735,4809.135
2026-04-13 20:00:00+00:00,4809.135,4812.075,4806.115,4810.125
2026-04-13 22:00:00+00:00,4810.125,4834.085000000001,4809.305,4832.345
2026-04-13 23:00:00+00:00,4832.345,4840.385,4828.895,4832.135
2026-04-14 00:00:00+00:00,4832.135,4850.695000000001,4825.925,4844.465
2026-04-14 01:00:00+00:00,4844.465,4851.965,4836.255,4839.8150000000005
2026-04-14 02:00:00+00:00,4839.8150000000005,4852.035000000001,4836.395,4849.755
2026-04-14 03:00:00+00:00,4849.755,4850.205000000001,4839.995000000001,4842.945000000001
2026-04-14 04:00:00+00:00,4842.945000000001,4851.545000000001,4841.665000000001,4848.935
2026-04-14 05:00:00+00:00,4848.935,4849.025000000001,4832.825000000001,4834.8550000000005
2026-04-14 06:00:00+00:00,4834.8550000000005,4857.795000000001,4834.825000000001,4856.665000000001
2026-04-14 07:00:00+00:00,4856.665000000001,4871.305,4842.325000000001,4851.895
2026-04-14 08:00:00+00:00,4851.895,4864.735000000001,4848.8150000000005,4861.655000000001
2026-04-14 09:00:00+00:00,4861.655000000001,4864.085000000001,4846.415000000001,4852.785000000001
2026-04-14 10:00:00+00:00,4852.785000000001,4862.795000000001,4826.045000000001,4843.145
2026-04-14 11:00:00+00:00,4843.145,4857.885,4841.295000000001,4849.6050000000005
2026-04-14 12:00:00+00:00,4849.6050000000005,4852.345,4836.8150000000005,4846.045000000001
2026-04-14 13:00:00+00:00,4846.045000000001,4878.395,4845.705000000001,4869.465
2026-04-14 14:00:00+00:00,4869.465,4892.825000000001,4867.615000000001,4878.595
2026-04-14 15:00:00+00:00,4878.595,4891.045000000001,4865.645,4882.905000000001
2026-04-14 16:00:00+00:00,4882.905000000001,4895.185,4879.835000000001,4884.805
2026-04-14 17:00:00+00:00,4884.805,4916.155000000001,4884.115000000001,4909.755
2026-04-14 18:00:00+00:00,4909.755,4918.255,4905.715,4910.345
2026-04-14 19:00:00+00:00,4910.345,4921.115000000001,4910.345,4919.755
2026-04-14 20:00:00+00:00,4919.755,4920.8550000000005,4914.245000000001,4915.505
2026-04-14 22:00:00+00:00,4915.505,4925.645,4907.905,4909.625
2026-04-14 23:00:00+00:00,4909.625,4919.205,4908.445,4912.105
2026-04-15 00:00:00+00:00,4912.105,4914.995,4901.975,4910.075
2026-04-15 01:00:00+00:00,4910.075,4945.755,4902.865,4921.655
2026-04-15 02:00:00+00:00,4921.655,4928.205,4895.335,4898.705
2026-04-15 03:00:00+00:00,4898.705,4904.495,4891.655,4898.655
2026-04-15 04:00:00+00:00,4898.655,4902.665,4894.895,4899.835
2026-04-15 05:00:00+00:00,4899.835,4905.215,4887.175,4894.365
2026-04-15 06:00:00+00:00,4894.365,4899.835,4885.775,4886.365
2026-04-15 07:00:00+00:00,4886.365,4891.715,4878.535,4885.975
2026-04-15 08:00:00+00:00,4885.975,4895.855,4879.305,4893.355
2026-04-15 09:00:00+00:00,4893.355,4894.365,4860.715,4872.995
2026-04-15 10:00:00+00:00,4872.995,4880.145,4864.705,4874.815
2026-04-15 11:00:00+00:00,4874.815,4889.745,4870.405,4887.475
2026-04-15 12:00:00+00:00,4887.475,4891.135,4881.605,4886.455
2026-04-15 13:00:00+00:00,4886.455,4905.035,4883.015,4903.625
2026-04-15 14:00:00+00:00,4903.625,4905.395,4887.905,4890.385
2026-04-15 15:00:00+00:00,4890.385,4890.985,4861.555,4876.235
2026-04-15 16:00:00+00:00,4876.235,4887.595,4874.695,4878.585
2026-04-15 17:00:00+00:00,4878.585,4883.575,4865.405,4867.005
2026-04-15 18:00:00+00:00,4867.005,4876.915,4864.635,4874.435
2026-04-15 19:00:00+00:00,4874.435,4878.285,4869.255,4870.845
2026-04-15 20:00:00+00:00,4870.845,4871.525,4862.235,4865.565
2026-04-15 22:00:00+00:00,4865.565,4890.625,4865.565,4886.155
2026-04-15 23:00:00+00:00,4886.155,4905.525000000001,4886.095,4902.175
2026-04-16 00:00:00+00:00,4902.175,4916.415000000001,4899.015,4911.865000000001
2026-04-16 01:00:00+00:00,4911.865000000001,4914.915000000001,4889.915000000001,4896.665000000001
2026-04-16 02:00:00+00:00,4896.665000000001,4903.925,4891.035000000001,4898.3550000000005
2026-04-16 03:00:00+00:00,4898.3550000000005,4905.8150000000005,4897.755,4902.715
2026-04-16 04:00:00+00:00,4902.715,4912.475,4901.485000000001,4912.055
2026-04-16 05:00:00+00:00,4912.055,4917.475,4899.775000000001,4899.945000000001
2026-04-16 06:00:00+00:00,4899.945000000001,4909.685,4893.035000000001,4904.785000000001
2026-04-16 07:00:00+00:00,4904.785000000001,4909.935,4895.905000000001,4900.0650000000005
2026-04-16 08:00:00+00:00,4900.0650000000005,4900.905000000001,4885.185,4892.415000000001
2026-04-16 09:00:00+00:00,4892.415000000001,4897.0650000000005,4885.585000000001,4891.875000000001
2026-04-16 10:00:00+00:00,4891.875000000001,4896.275000000001,4884.005,4896.245000000001
2026-04-16 11:00:00+00:00,4896.245000000001,4901.535000000001,4894.175,4901.185
2026-04-16 12:00:00+00:00,4901.185,4902.045000000001,4890.525000000001,4895.225
2026-04-16 13:00:00+00:00,4895.225,4902.945000000001,4863.135,4873.895
2026-04-16 14:00:00+00:00,4873.895,4884.465,4851.005,4867.685
2026-04-16 15:00:00+00:00,4867.685,4891.825000000001,4867.185,4885.885
2026-04-16 16:00:00+00:00,4885.885,4889.165000000001,4864.145,4871.055
2026-04-16 17:00:00+00:00,4871.055,4874.445000000001,4860.345,4868.155000000001
2026-04-16 18:00:00+00:00,4868.155000000001,4873.375000000001,4864.655000000001,4868.625000000001
2026-04-16 19:00:00+00:00,4868.625000000001,4877.5650000000005,4868.465,4872.325000000001
2026-04-16 20:00:00+00:00,4872.325000000001,4873.0650000000005,4865.3150000000005,4868.825000000001
2026-04-16 22:00:00+00:00,4868.825000000001,4879.395,4868.325000000001,4876.8550000000005
2026-04-16 23:00:00+00:00,4876.8550000000005,4879.265,4872.975,4873.045
2026-04-17 00:00:00+00:00,4873.045,4882.785,4867.325,4876.385
2026-04-17 01:00:00+00:00,4876.385,4877.275000000001,4848.915,4871.005
2026-04-17 02:00:00+00:00,4871.005,4876.3150000000005,4865.785,4866.415
2026-04-17 03:00:00+00:00,4866.415,4879.725,4866.385,4874.835
2026-04-17 04:00:00+00:00,4874.835,4886.255,4874.225,4884.475
2026-04-17 05:00:00+00:00,4884.475,4887.755,4875.445000000001,4875.735000000001
2026-04-17 06:00:00+00:00,4875.735000000001,4877.025000000001,4860.935,4866.5650000000005
2026-04-17 07:00:00+00:00,4866.5650000000005,4876.425,4860.325,4866.125
2026-04-17 08:00:00+00:00,4866.125,4878.705,4862.625,4877.505
2026-04-17 09:00:00+00:00,4877.505,4882.5650000000005,4871.715,4872.1050000000005
2026-04-17 10:00:00+00:00,4872.1050000000005,4875.655,4863.885,4869.095
2026-04-17 11:00:00+00:00,4869.095,4893.345,4865.095,4880.8150000000005
2026-04-17 12:00:00+00:00,4880.8150000000005,4929.375,4879.435,4927.985000000001
2026-04-17 13:00:00+00:00,4927.985000000001,4972.345,4916.535,4961.845
2026-04-17 14:00:00+00:00,4961.845,4967.085,4942.445000000001,4954.805
2026-04-17 15:00:00+00:00,4954.805,4962.3150000000005,4936.145,4949.095
2026-04-17 16:00:00+00:00,4949.095,4955.225,4945.345,4948.755
2026-04-17 17:00:00+00:00,4948.755,4951.295,4935.165,4943.86
2026-04-17 18:00:00+00:00,4943.86,4949.32,4937.17,4939.17
2026-04-17 19:00:00+00:00,4939.17,4942.81,4934.02,4936.0
2026-04-17 20:00:00+00:00,4936.0,4936.3,4915.48,4916.77
2026-04-19 22:00:00+00:00,4916.77,4919.48,4834.11,4851.19
2026-04-19 23:00:00+00:00,4851.19,4851.419999999999,4808.589999999999,4826.909999999999
2026-04-20 00:00:00+00:00,4826.909999999999,4846.65,4816.329999999999,4844.449999999999
2026-04-20 01:00:00+00:00,4844.449999999999,4886.44,4843.249999999999,4879.549999999999
2026-04-20 02:00:00+00:00,4879.549999999999,4881.499999999999,4865.179999999999,4869.429999999999
2026-04-20 03:00:00+00:00,4869.429999999999,4870.56,4860.9,4863.129999999999
2026-04-20 04:00:00+00:00,4863.129999999999,4868.03,4859.02,4861.07
2026-04-20 05:00:00+00:00,4861.07,4868.32,4851.009999999999,4863.129999999999
2026-04-20 06:00:00+00:00,4863.129999999999,4867.52,4856.02,4867.499999999999
2026-04-20 07:00:00+00:00,4867.499999999999,4877.969999999999,4858.909999999999,4861.889999999999
2026-04-20 08:00:00+00:00,4861.889999999999,4868.4,4858.169999999999,4868.28
2026-04-20 09:00:00+00:00,4868.28,4870.11,4855.659999999999,4863.74
2026-04-20 10:00:00+00:00,4863.74,4873.199999999999,4861.999999999999,4868.03
2026-04-20 11:00:00+00:00,4868.03,4882.999999999999,4858.749999999999,4882.61
2026-04-20 12:00:00+00:00,4882.61,4894.259999999999,4871.219999999999,4875.61
2026-04-20 13:00:00+00:00,4875.61,4898.53,4871.77,4890.129999999999
2026-04-20 14:00:00+00:00,4890.129999999999,4899.909999999999,4864.209999999999,4877.329999999999
2026-04-20 15:00:00+00:00,4877.329999999999,4881.599999999999,4864.949999999999,4871.909999999999
2026-04-20 16:00:00+00:00,4871.909999999999,4878.449999999999,4864.909999999999,4877.699999999999
2026-04-20 17:00:00+00:00,4877.699999999999,4884.31,4875.879999999999,4878.86
2026-04-20 18:00:00+00:00,4878.86,4888.73,4878.86,4886.129999999999
2026-04-20 19:00:00+00:00,4886.129999999999,4893.61,4882.249999999999,4886.449999999999
2026-04-20 20:00:00+00:00,4886.449999999999,4894.159999999999,4884.259999999999,4892.44
2026-04-20 22:00:00+00:00,4892.44,4905.53,4889.91,4900.009999999999
2026-04-20 23:00:00+00:00,4900.009999999999,4903.92,4891.75,4894.049999999999
2026-04-21 00:00:00+00:00,4894.049999999999,4902.63,4888.82,4895.86
2026-04-21 01:00:00+00:00,4895.86,4896.74,4877.639999999999,4882.2
2026-04-21 02:00:00+00:00,4882.2,4882.59,4874.2,4879.03
2026-04-21 03:00:00+00:00,4879.03,4879.82,4864.46,4868.96
2026-04-21 04:00:00+00:00,4868.96,4870.03,4860.54,4861.299999999999
2026-04-21 05:00:00+00:00,4861.299999999999,4869.07,4854.83,4856.16
2026-04-21 06:00:00+00:00,4856.16,4862.679999999999,4846.639999999999,4850.36
2026-04-21 07:00:00+00:00,4850.36,4864.679999999999,4844.599999999999,4858.23
2026-04-21 08:00:00+00:00,4858.23,4865.21,4846.7,4857.99
2026-04-21 09:00:00+00:00,4857.99,4861.61,4853.03,4855.78
2026-04-21 10:00:00+00:00,4855.78,4862.48,4852.71,4861.75
2026-04-21 11:00:00+00:00,4861.75,4870.09,4847.03,4866.69
2026-04-21 12:00:00+00:00,4866.69,4869.099999999999,4838.31,4850.79
2026-04-21 13:00:00+00:00,4850.79,4866.2,4832.969999999999,4851.219999999999
2026-04-21 14:00:00+00:00,4851.219999999999,4854.61,4795.21,4810.96
2026-04-21 15:00:00+00:00,4810.96,4829.469999999999,4799.799999999999,4813.61
2026-04-21 16:00:00+00:00,4813.61,4818.95,4779.98,4782.929999999999
2026-04-21 17:00:00+00:00,4782.929999999999,4794.28,4769.0,4783.15
2026-04-21 18:00:00+00:00,4783.15,4786.799999999999,4764.38,4781.28
2026-04-21 19:00:00+00:00,4781.28,4787.19,4739.95,4751.33
2026-04-21 20:00:00+00:00,4751.33,4792.65,4740.81,4791.87
2026-04-21 22:00:00+00:00,4791.87,4801.02,4786.72,4791.150000000001
2026-04-21 23:00:00+00:00,4791.150000000001,4812.35,4789.67,4809.6
2026-04-22 00:00:00+00:00,4809.6,4819.45,4809.6,4811.650000000001
2026-04-22 01:00:00+00:00,4811.650000000001,4826.62,4807.83,4823.86
2026-04-22 02:00:00+00:00,4823.86,4830.74,4821.59,4827.51
2026-04-22 03:00:00+00:00,4827.51,4837.01,4824.75,4829.76
2026-04-22 04:00:00+00:00,4829.76,4831.53,4823.87,4826.51
2026-04-22 05:00:00+00:00,4826.51,4843.79,4823.91,4839.46
2026-04-22 06:00:00+00:00,4839.46,4839.76,4830.53,4839.7
2026-04-22 07:00:00+00:00,4839.7,4844.18,4831.34,4832.400000000001
2026-04-22 08:00:00+00:00,4832.400000000001,4834.1900000000005,4823.62,4829.11
2026-04-22 09:00:00+00:00,4829.11,4834.35,4824.18,4827.05
2026-04-22 10:00:00+00:00,4827.05,4832.08,4817.49,4831.150000000001
2026-04-22 11:00:00+00:00,4831.150000000001,4832.6900000000005,4819.59,4822.150000000001
2026-04-22 12:00:00+00:00,4822.150000000001,4832.08,4814.47,4816.14
2026-04-22 13:00:00+00:00,4816.14,4832.74,4808.14,4824.77
2026-04-22 14:00:00+00:00,4824.77,4829.400000000001,4801.63,4807.79
2026-04-22 15:00:00+00:00,4807.79,4812.11,4796.62,4799.31
2026-04-22 16:00:00+00:00,4799.31,4806.89,4795.67,4800.36
2026-04-22 17:00:00+00:00,4800.36,4811.45,4800.27,4809.08
2026-04-22 18:00:00+00:00,4809.08,4821.82,4801.650000000001,4813.63
2026-04-22 19:00:00+00:00,4813.63,4817.37,4808.67,4811.85
2026-04-22 20:00:00+00:00,4811.85,4812.650000000001,4806.34,4809.78
2026-04-22 22:00:00+00:00,4809.78,4820.86,4799.99,4800.509999999999
2026-04-22 23:00:00+00:00,4800.509999999999,4804.424999999999,4797.7,4802.134999999999
2026-04-23 00:00:00+00:00,4802.134999999999,4827.804999999999,4768.364999999999,4822.254999999999
2026-04-23 01:00:00+00:00,4822.254999999999,4824.384999999999,4796.794999999999,4797.634999999999
2026-04-23 02:00:00+00:00,4797.634999999999,4799.275,4772.355,4773.185
2026-04-23 03:00:00+00:00,4773.185,4783.074999999999,4772.384999999999,4778.424999999999
2026-04-23 04:00:00+00:00,4778.424999999999,4781.554999999999,4772.945,4778.775
2026-04-23 05:00:00+00:00,4778.775,4789.685,4766.224999999999,4787.994999999999
2026-04-23 06:00:00+00:00,4787.994999999999,4796.105,4782.884999999999,4787.445
2026-04-23 07:00:00+00:00,4787.445,4794.985,4777.504999999999,4793.624999999999
2026-04-23 08:00:00+00:00,4793.624999999999,4799.424999999999,4775.974999999999,4777.654999999999
2026-04-23 09:00:00+00:00,4777.654999999999,4778.164999999999,4769.025,4771.994999999999
2026-04-23 10:00:00+00:00,4771.994999999999,4776.044999999999,4758.544999999999,4770.904999999999
2026-04-23 11:00:00+00:00,4770.904999999999,4795.374999999999,4769.554999999999,4795.034999999999
2026-04-23 12:00:00+00:00,4795.034999999999,4817.594999999999,4793.964999999999,4814.435
2026-04-23 13:00:00+00:00,4814.435,4815.645,4797.985,4798.704999999999
2026-04-23 14:00:00+00:00,4798.704999999999,4810.994999999999,4791.554999999999,4807.844999999999
2026-04-23 15:00:00+00:00,4807.844999999999,4815.445,4790.605,4794.874999999999
2026-04-23 16:00:00+00:00,4794.874999999999,4811.504999999999,4789.884999999999,4807.404999999999
2026-04-23 17:00:00+00:00,4807.404999999999,4809.004999999999,4738.284999999999,4783.704999999999
2026-04-23 18:00:00+00:00,4783.704999999999,4796.704999999999,4773.364999999999,4775.264999999999
2026-04-23 19:00:00+00:00,4775.264999999999,4778.985,4763.754999999999,4770.374999999999
2026-04-23 20:00:00+00:00,4770.374999999999,4772.664999999999,4760.895,4766.864999999999
2026-04-23 22:00:00+00:00,4766.864999999999,4771.695,4761.955,4765.195
2026-04-23 23:00:00+00:00,4765.195,4772.685,4758.645,4767.125
2026-04-24 00:00:00+00:00,4767.125,4779.675,4762.865,4776.815
2026-04-24 01:00:00+00:00,4776.815,4783.345,4762.245,4771.725
2026-04-24 02:00:00+00:00,4771.725,4772.685,4744.885,4748.725
2026-04-24 03:00:00+00:00,4748.725,4750.545,4740.695,4744.155
2026-04-24 04:00:00+00:00,4744.155,4749.195,4729.895,4746.725
2026-04-24 05:00:00+00:00,4746.725,4759.685,4741.695,4758.625
2026-04-24 06:00:00+00:00,4758.625,4760.335,4739.075,4743.935
2026-04-24 07:00:00+00:00,4743.935,4767.295,4743.045,4766.545
2026-04-24 08:00:00+00:00,4766.545,4769.605,4757.055,4762.965
2026-04-24 09:00:00+00:00,4762.965,4768.925,4751.335,4754.125
2026-04-24 10:00:00+00:00,4754.125,4758.295,4746.575,4749.915
2026-04-24 11:00:00+00:00,4749.915,4789.615,4749.915,4779.095
2026-04-24 12:00:00+00:00,4779.095,4783.985,4762.455,4772.795
2026-04-24 13:00:00+00:00,4772.795,4789.655,4761.805,4783.665
2026-04-24 14:00:00+00:00,4783.665,4812.625,4779.055,4798.555
2026-04-24 15:00:00+00:00,4798.555,4805.615,4786.865,4799.255
2026-04-24 16:00:00+00:00,4799.255,4801.885,4791.175,4798.975
2026-04-24 17:00:00+00:00,4798.975,4802.195,4791.175,4795.570000000001
2026-04-24 18:00:00+00:00,4795.570000000001,4797.160000000001,4789.080000000001,4795.02
2026-04-24 19:00:00+00:00,4795.02,4798.330000000001,4785.7300000000005,4788.330000000001
2026-04-24 20:00:00+00:00,4788.330000000001,4789.7300000000005,4777.280000000001,4779.64
2026-04-26 22:00:00+00:00,4779.64,4783.31,4743.79,4748.29
2026-04-26 23:00:00+00:00,4748.29,4748.81,4738.78,4744.08
2026-04-27 00:00:00+00:00,4744.08,4762.18,4735.85,4761.76
2026-04-27 01:00:00+00:00,4761.76,4773.83,4755.01,4766.650000000001
2026-04-27 02:00:00+00:00,4766.650000000001,4787.32,4760.25,4782.1900000000005
2026-04-27 03:00:00+00:00,4782.1900000000005,4793.62,4778.150000000001,4788.08
2026-04-27 04:00:00+00:00,4788.08,4793.92,4786.58,4788.9800000000005
2026-04-27 05:00:00+00:00,4788.9800000000005,4789.59,4772.6,4774.28
2026-04-27 06:00:00+00:00,4774.28,4779.7300000000005,4773.26,4776.75
2026-04-27 07:00:00+00:00,4776.75,4782.34,4773.860000000001,4777.4400000000005
2026-04-27 08:00:00+00:00,4777.4400000000005,4778.6900000000005,4769.5,4770.84
2026-04-27 09:00:00+00:00,4770.84,4772.32,4763.34,4767.67
2026-04-27 10:00:00+00:00,4767.67,4775.06,4763.58,4772.79
2026-04-27 11:00:00+00:00,4772.79,4773.1900000000005,4764.150000000001,4768.91
2026-04-27 12:00:00+00:00,4768.91,4776.54,4761.03,4763.33
2026-04-27 13:00:00+00:00,4763.33,4767.64,4753.0,4760.1
2026-04-27 14:00:00+00:00,4760.1,4760.85,4740.59,4742.2
2026-04-27 15:00:00+00:00,4742.2,4746.66,4731.16,4733.99
2026-04-27 16:00:00+00:00,4733.99,4743.72,4731.28,4740.82
2026-04-27 17:00:00+00:00,4740.82,4750.27,4732.4400000000005,4746.18
2026-04-27 18:00:00+00:00,4746.18,4749.6,4742.900000000001,4744.72
2026-04-27 19:00:00+00:00,4744.72,4746.78,4740.64,4744.92
2026-04-27 20:00:00+00:00,4744.92,4746.38,4741.360000000001,4746.06
2026-04-27 22:00:00+00:00,4746.06,4754.4,4744.400000000001,4751.24
2026-04-27 23:00:00+00:00,4751.24,4758.53,4750.12,4754.89
2026-04-28 00:00:00+00:00,4754.89,4764.62,4753.61,4753.85
2026-04-28 01:00:00+00:00,4753.85,4754.86,4732.28,4733.52
2026-04-28 02:00:00+00:00,4733.52,4743.08,4729.48,4732.45
2026-04-28 03:00:00+00:00,4732.45,4739.15,4731.29,4734.35
2026-04-28 04:00:00+00:00,4734.35,4734.67,4729.6,4730.99
2026-04-28 05:00:00+00:00,4730.99,4731.35,4686.79,4695.54
2026-04-28 06:00:00+00:00,4695.54,4706.24,4686.44,4692.28
2026-04-28 07:00:00+00:00,4692.28,4702.53,4683.85,4696.21
2026-04-28 08:00:00+00:00,4696.21,4698.68,4677.66,4692.81
2026-04-28 09:00:00+00:00,4692.81,4693.35,4667.83,4668.13
2026-04-28 10:00:00+00:00,4668.13,4679.73,4666.42,4666.47
2026-04-28 11:00:00+00:00,4666.47,4672.17,4618.58,4625.78
2026-04-28 12:00:00+00:00,4625.78,4663.38,4618.11,4656.63
2026-04-28 13:00:00+00:00,4656.63,4657.59,4634.08,4643.61
2026-04-28 14:00:00+00:00,4643.61,4643.83,4620.36,4637.68
2026-04-28 15:00:00+00:00,4637.68,4649.65,4630.16,4649.53
2026-04-28 16:00:00+00:00,4649.53,4657.98,4640.98,4655.5
2026-04-28 17:00:00+00:00,4655.5,4664.68,4650.34,4658.04
2026-04-28 18:00:00+00:00,4658.04,4663.89,4655.16,4657.61
2026-04-28 19:00:00+00:00,4657.61,4663.34,4656.5,4658.68
2026-04-28 20:00:00+00:00,4658.68,4661.94,4654.36,4658.89
2026-04-28 22:00:00+00:00,4658.89,4664.84,4657.78,4659.82
2026-04-28 23:00:00+00:00,4659.82,4661.87,4653.139999999999,4661.34
2026-04-29 00:00:00+00:00,4661.34,4675.99,4660.37,4666.01
2026-04-29 01:00:00+00:00,4666.01,4666.23,4641.37,4650.469999999999
2026-04-29 02:00:00+00:00,4650.469999999999,4669.92,4650.23,4659.41
2026-04-29 03:00:00+00:00,4659.41,4668.82,4657.7,4661.4
2026-04-29 04:00:00+00:00,4661.4,4671.46,4660.88,4670.679999999999
2026-04-29 05:00:00+00:00,4670.679999999999,4673.4,4656.469999999999,4656.87
2026-04-29 06:00:00+00:00,4656.87,4664.38,4646.48,4650.15
2026-04-29 07:00:00+00:00,4650.15,4654.67,4632.98,4633.46
2026-04-29 08:00:00+00:00,4633.46,4642.42,4622.91,4638.849999999999
2026-04-29 09:00:00+00:00,4638.849999999999,4646.53,4617.16,4621.429999999999
2026-04-29 10:00:00+00:00,4621.429999999999,4642.29,4620.73,4635.48
2026-04-29 11:00:00+00:00,4635.48,4637.849999999999,4624.79,4627.33
2026-04-29 12:00:00+00:00,4627.33,4634.73,4606.95,4610.599999999999
2026-04-29 13:00:00+00:00,4610.599999999999,4619.06,4575.71,4587.389999999999
2026-04-29 14:00:00+00:00,4587.389999999999,4608.46,4583.16,4605.12
2026-04-29 15:00:00+00:00,4605.12,4624.63,4601.81,4613.3
2026-04-29 16:00:00+00:00,4613.3,4630.67,4608.98,4611.13
2026-04-29 17:00:00+00:00,4611.13,4620.2,4607.24,4612.34
2026-04-29 18:00:00+00:00,4612.34,4617.375,4582.884999999999,4602.865
2026-04-29 19:00:00+00:00,4602.865,4615.485,4597.974999999999,4611.745
2026-04-29 20:00:00+00:00,4611.745,4618.435,4605.884999999999,4609.065
2026-04-29 22:00:00+00:00,4609.065,4614.685,4601.085,4613.825
2026-04-29 23:00:00+00:00,4613.825,4624.205,4611.425,4623.655
2026-04-30 00:00:00+00:00,4623.655,4636.265,4618.425,4631.965
2026-04-30 01:00:00+00:00,4631.965,4644.515,4626.645,4641.145
2026-04-30 02:00:00+00:00,4641.145,4644.045,4621.995,4627.055
2026-04-30 03:00:00+00:00,4627.055,4631.205,4617.615,4617.965
2026-04-30 04:00:00+00:00,4617.965,4619.205,4602.845,4604.045
2026-04-30 05:00:00+00:00,4604.045,4631.825,4603.835,4624.715
2026-04-30 06:00:00+00:00,4624.715,4653.635,4622.155,4651.535
2026-04-30 07:00:00+00:00,4651.535,4667.595,4646.775,4660.575
2026-04-30 08:00:00+00:00,4660.575,4691.715,4659.385,4678.385
2026-04-30 09:00:00+00:00,4678.385,4693.995,4676.325,4687.275
2026-04-30 10:00:00+00:00,4687.275,4708.975,4685.655,4701.695
2026-04-30 11:00:00+00:00,4701.695,4707.835,4688.875,4692.255
2026-04-30 12:00:00+00:00,4692.255,4702.175,4686.195,4701.645
2026-04-30 13:00:00+00:00,4701.645,4708.115,4672.565,4672.825
2026-04-30 14:00:00+00:00,4672.825,4688.065,4671.155,4681.815
2026-04-30 15:00:00+00:00,4681.815,4687.625,4673.405,4677.485
2026-04-30 16:00:00+00:00,4677.485,4679.845,4667.395,4669.715
2026-04-30 17:00:00+00:00,4669.715,4683.875,4669.525,4678.985
2026-04-30 18:00:00+00:00,4678.985,4687.295,4678.785,4684.485
2026-04-30 19:00:00+00:00,4684.485,4689.495,4676.445,4679.305
2026-04-30 20:00:00+00:00,4679.305,4684.655,4677.565,4683.845
2026-04-30 22:00:00+00:00,4683.845,4688.875,4674.835000000001,4685.985000000001
2026-04-30 23:00:00+00:00,4685.985000000001,4690.0650000000005,4682.155000000001,4682.395
2026-05-01 00:00:00+00:00,4682.395,4686.895,4674.135,4675.425
2026-05-01 01:00:00+00:00,4675.425,4678.085,4669.755,4676.795
2026-05-01 02:00:00+00:00,4676.795,4692.085,4672.185,4675.165
2026-05-01 03:00:00+00:00,4675.165,4687.945000000001,4673.455000000001,4682.445000000001
2026-05-01 04:00:00+00:00,4682.445000000001,4684.5650000000005,4664.715,4664.895
2026-05-01 05:00:00+00:00,4664.895,4672.045,4658.705000000001,4660.645
2026-05-01 06:00:00+00:00,4660.645,4663.825000000001,4646.495000000001,4650.555
2026-05-01 07:00:00+00:00,4650.555,4654.015,4631.775000000001,4634.005
2026-05-01 08:00:00+00:00,4634.005,4638.405000000001,4620.645,4624.8550000000005
2026-05-01 09:00:00+00:00,4624.8550000000005,4628.895,4615.945000000001,4618.655000000001
2026-05-01 10:00:00+00:00,4618.655000000001,4632.025000000001,4617.225,4622.8150000000005
2026-05-01 11:00:00+00:00,4622.8150000000005,4635.495000000001,4618.3150000000005,4634.665
2026-05-01 12:00:00+00:00,4634.665,4663.765,4630.805,4646.805
2026-05-01 13:00:00+00:00,4646.805,4684.695000000001,4642.375,4681.155000000001
2026-05-01 14:00:00+00:00,4681.155000000001,4716.265,4679.585,4688.015
2026-05-01 15:00:00+00:00,4688.015,4703.795,4674.755,4699.045
2026-05-01 16:00:00+00:00,4699.045,4705.825000000001,4689.575000000001,4694.6050000000005
2026-05-01 17:00:00+00:00,4694.6050000000005,4698.595,4682.635,4685.160000000002
2026-05-01 18:00:00+00:00,4685.160000000002,4686.4000000000015,4669.390000000001,4680.130000000001
2026-05-01 19:00:00+00:00,4680.130000000001,4683.490000000002,4664.520000000001,4666.560000000001
2026-05-01 20:00:00+00:00,4666.560000000001,4671.480000000001,4662.560000000001,4669.060000000001
2026-05-03 22:00:00+00:00,4669.060000000001,4669.890000000001,4650.460000000001,4658.920000000002
2026-05-03 23:00:00+00:00,4658.920000000002,4660.990000000002,4651.300000000001,4653.880000000002
2026-05-04 00:00:00+00:00,4653.880000000002,4656.700000000002,4641.9000000000015,4653.1100000000015
2026-05-04 01:00:00+00:00,4653.1100000000015,4654.290000000002,4632.830000000002,4653.220000000001
2026-05-04 02:00:00+00:00,4653.220000000001,4659.010000000001,4631.1100000000015,4646.000000000002
2026-05-04 03:00:00+00:00,4646.000000000002,4657.450000000002,4638.550000000001,4655.370000000002
2026-05-04 04:00:00+00:00,4655.370000000002,4655.8600000000015,4645.460000000002,4646.300000000001
2026-05-04 05:00:00+00:00,4646.300000000001,4653.180000000001,4632.3200000000015,4639.210000000002
2026-05-04 06:00:00+00:00,4639.210000000002,4641.000000000002,4624.1100000000015,4628.960000000002
2026-05-04 07:00:00+00:00,4628.960000000002,4633.760000000001,4617.800000000001,4619.350000000001
2026-05-04 08:00:00+00:00,4619.350000000001,4621.740000000002,4613.840000000002,4617.290000000002
2026-05-04 09:00:00+00:00,4617.290000000002,4624.910000000002,4611.950000000002,4615.730000000001
2026-05-04 10:00:00+00:00,4615.730000000001,4616.220000000001,4566.410000000002,4602.9000000000015
2026-05-04 11:00:00+00:00,4602.9000000000015,4611.010000000001,4591.430000000001,4600.6100000000015
2026-05-04 12:00:00+00:00,4600.6100000000015,4619.590000000002,4599.270000000001,4608.540000000002
2026-05-04 13:00:00+00:00,4608.540000000002,4616.4000000000015,4595.6500000000015,4604.010000000001
2026-05-04 14:00:00+00:00,4604.010000000001,4623.480000000001,4593.480000000001,4601.8200000000015
2026-05-04 15:00:00+00:00,4601.8200000000015,4606.410000000002,4552.630000000002,4561.790000000002
2026-05-04 16:00:00+00:00,4561.790000000002,4567.210000000002,4540.770000000001,4550.960000000002
2026-05-04 17:00:00+00:00,4550.960000000002,4571.850000000001,4550.960000000002,4562.5700000000015
2026-05-04 18:00:00+00:00,4562.5700000000015,4565.690000000001,4550.080000000002,4556.490000000002
2026-05-04 19:00:00+00:00,4556.490000000002,4567.550000000001,4551.550000000001,4557.8200000000015
2026-05-04 20:00:00+00:00,4557.8200000000015,4563.8200000000015,4551.8600000000015,4562.140000000001
2026-05-04 22:00:00+00:00,4562.140000000001,4563.550000000001,4554.440000000001,4556.370000000002
2026-05-04 23:00:00+00:00,4556.370000000002,4560.830000000002,4554.8600000000015,4558.260000000001
2026-05-05 00:00:00+00:00,4558.260000000001,4569.520000000001,4552.330000000002,4568.800000000001
2026-05-05 01:00:00+00:00,4568.800000000001,4581.230000000001,4564.390000000001,4580.220000000001
2026-05-05 02:00:00+00:00,4580.220000000001,4586.010000000001,4573.5700000000015,4578.230000000001
2026-05-05 03:00:00+00:00,4578.230000000001,4581.920000000001,4571.440000000001,4573.810000000001
2026-05-05 04:00:00+00:00,4573.810000000001,4575.670000000001,4567.010000000001,4572.8200000000015
2026-05-05 05:00:00+00:00,4572.8200000000015,4590.920000000001,4570.280000000002,4584.940000000001
2026-05-05 06:00:00+00:00,4584.940000000001,4591.060000000001,4572.780000000002,4587.270000000001
2026-05-05 07:00:00+00:00,4587.270000000001,4597.490000000002,4582.510000000001,4584.810000000001
2026-05-05 08:00:00+00:00,4584.810000000001,4598.6500000000015,4584.600000000001,4597.520000000001
2026-05-05 09:00:00+00:00,4597.520000000001,4599.620000000002,4590.130000000001,4595.310000000001
2026-05-05 10:00:00+00:00,4595.310000000001,4596.060000000001,4579.340000000001,4582.890000000001
2026-05-05 11:00:00+00:00,4582.890000000001,4604.130000000001,4578.980000000001,4602.040000000002
2026-05-05 12:00:00+00:00,4602.040000000002,4613.430000000001,4593.300000000001,4603.530000000002
2026-05-05 13:00:00+00:00,4603.530000000002,4624.180000000001,4603.490000000002,4618.060000000001
2026-05-05 14:00:00+00:00,4618.060000000001,4625.9000000000015,4604.800000000001,4621.560000000001
2026-05-05 15:00:00+00:00,4621.560000000001,4623.010000000001,4607.450000000002,4607.660000000002
2026-05-05 16:00:00+00:00,4607.660000000002,4608.200000000002,4592.750000000002,4600.380000000001
2026-05-05 17:00:00+00:00,4600.380000000001,4601.880000000001,4592.380000000001,4599.060000000001
2026-05-05 18:00:00+00:00,4599.060000000001,4605.000000000002,4596.710000000002,4600.080000000002
2026-05-05 19:00:00+00:00,4600.080000000002,4600.760000000001,4590.660000000002,4594.100000000001
2026-05-05 20:00:00+00:00,4594.100000000001,4599.270000000001,4593.0700000000015,4595.690000000001
2026-05-05 22:00:00+00:00,4595.690000000001,4615.450000000001,4584.530000000001,4611.890000000001
2026-05-05 23:00:00+00:00,4611.890000000001,4634.2300000000005,4607.800000000001,4632.56
2026-05-06 00:00:00+00:00,4632.56,4658.550000000001,4626.530000000001,4657.1900000000005
2026-05-06 01:00:00+00:00,4657.1900000000005,4667.390000000001,4647.930000000001,4664.340000000001
2026-05-06 02:00:00+00:00,4664.340000000001,4680.430000000001,4663.680000000001,4679.490000000001
2026-05-06 03:00:00+00:00,4679.490000000001,4690.610000000001,4676.920000000001,4682.120000000001
2026-05-06 04:00:00+00:00,4682.120000000001,4692.110000000001,4681.81,4687.630000000001
2026-05-06 05:00:00+00:00,4687.630000000001,4702.470000000001,4683.010000000001,4701.670000000001
2026-05-06 06:00:00+00:00,4701.670000000001,4708.410000000001,4695.550000000001,4707.850000000001
2026-05-06 07:00:00+00:00,4707.850000000001,4720.430000000001,4695.880000000001,4719.850000000001
2026-05-06 08:00:00+00:00,4719.850000000001,4741.540000000001,4710.250000000001,4738.7300000000005
2026-05-06 09:00:00+00:00,4738.7300000000005,4747.100000000001,4727.620000000001,4740.210000000001
2026-05-06 10:00:00+00:00,4740.210000000001,4761.670000000001,4733.990000000001,4756.370000000001
2026-05-06 11:00:00+00:00,4756.370000000001,4759.860000000001,4729.4800000000005,4730.410000000001
2026-05-06 12:00:00+00:00,4730.410000000001,4731.620000000001,4698.790000000001,4721.620000000001
2026-05-06 13:00:00+00:00,4721.620000000001,4746.240000000001,4707.320000000001,4740.630000000001
2026-05-06 14:00:00+00:00,4740.630000000001,4756.070000000001,4736.140000000001,4741.640000000001
2026-05-06 15:00:00+00:00,4741.640000000001,4744.370000000001,4726.280000000001,4726.280000000001
2026-05-06 16:00:00+00:00,4726.280000000001,4730.630000000001,4718.070000000001,4721.590000000001
2026-05-06 17:00:00+00:00,4721.590000000001,4726.640000000001,4717.56,4722.6900000000005
2026-05-06 18:00:00+00:00,4722.6900000000005,4729.140000000001,4720.410000000001,4724.670000000001
2026-05-06 19:00:00+00:00,4724.670000000001,4738.710000000001,4724.56,4731.06
2026-05-06 20:00:00+00:00,4731.06,4738.120000000001,4723.750000000001,4729.6900000000005
2026-05-06 22:00:00+00:00,4729.6900000000005,4740.410000000001,4728.4400000000005,4735.170000000001
2026-05-06 23:00:00+00:00,4735.170000000001,4739.775,4730.335,4739.395
2026-05-07 00:00:00+00:00,4739.395,4741.554999999999,4725.514999999999,4729.045
2026-05-07 01:00:00+00:00,4729.045,4761.895,4725.304999999999,4755.175
2026-05-07 02:00:00+00:00,4755.175,4759.035,4739.835,4747.395
2026-05-07 03:00:00+00:00,4747.395,4750.045,4739.355,4739.605
2026-05-07 04:00:00+00:00,4739.605,4741.344999999999,4732.405,4736.835
2026-05-07 05:00:00+00:00,4736.835,4746.965,4734.764999999999,4741.435
2026-05-07 06:00:00+00:00,4741.435,4790.295,4741.195,4779.605
2026-05-07 07:00:00+00:00,4779.605,4790.974999999999,4771.785,4783.575
2026-05-07 08:00:00+00:00,4783.575,4793.804999999999,4770.925,4771.365
2026-05-07 09:00:00+00:00,4771.365,4779.764999999999,4762.014999999999,4769.495
2026-05-07 10:00:00+00:00,4769.495,4780.035,4766.865,4776.005
2026-05-07 11:00:00+00:00,4776.005,4784.065,4767.545,4783.105
2026-05-07 12:00:00+00:00,4783.105,4792.995,4773.195,4790.514999999999
2026-05-07 13:00:00+00:00,4790.514999999999,4798.465,4771.465,4786.465
2026-05-07 14:00:00+00:00,4786.465,4803.745,4781.155,4802.935
2026-05-07 15:00:00+00:00,4802.935,4805.145,4766.665,4769.495
2026-05-07 16:00:00+00:00,4769.495,4769.985,4744.445,4755.405
2026-05-07 17:00:00+00:00,4755.405,4759.985,4728.165,4751.795
2026-05-07 18:00:00+00:00,4751.795,4756.495,4735.775,4749.915
2026-05-07 19:00:00+00:00,4749.915,4753.315,4738.045,4743.215
2026-05-07 20:00:00+00:00,4743.215,4759.365,4724.945,4725.865
2026-05-07 22:00:00+00:00,4725.865,4746.615,4722.515,4732.635
2026-05-07 23:00:00+00:00,4732.635,4752.615,4731.375,4751.275000000001
2026-05-08 00:00:00+00:00,4751.275000000001,4756.525000000001,4740.975,4748.375
2026-05-08 01:00:00+00:00,4748.375,4772.655000000001,4747.665,4769.875
2026-05-08 02:00:00+00:00,4769.875,4779.825,4753.885,4760.6050000000005
2026-05-08 03:00:00+00:00,4760.6050000000005,4778.155000000001,4758.165,4766.645
2026-05-08 04:00:00+00:00,4766.645,4770.415,4755.8150000000005,4758.235000000001
2026-05-08 05:00:00+00:00,4758.235000000001,4778.235000000001,4756.385,4774.435
2026-05-08 06:00:00+00:00,4774.435,4781.785,4759.465,4772.665
2026-05-08 07:00:00+00:00,4772.665,4773.575,4743.805,4754.8550000000005
2026-05-08 08:00:00+00:00,4754.8550000000005,4770.685,4753.665,4762.785
2026-05-08 09:00:00+00:00,4762.785,4769.985000000001,4754.535,4758.895
2026-05-08 10:00:00+00:00,4758.895,4775.115,4758.095,4766.785
2026-05-08 11:00:00+00:00,4766.785,4774.485000000001,4760.735000000001,4764.8550000000005
2026-05-08 12:00:00+00:00,4764.8550000000005,4779.1050000000005,4749.8550000000005,4771.375
2026-05-08 13:00:00+00:00,4771.375,4794.905000000001,4763.125,4794.685
2026-05-08 14:00:00+00:00,4794.685,4796.595,4760.425,4762.985000000001
2026-05-08 15:00:00+00:00,4762.985000000001,4768.055,4749.085,4754.225
2026-05-08 16:00:00+00:00,4754.225,4767.405000000001,4752.645,4759.635
2026-05-08 17:00:00+00:00,4759.635,4769.704999999999,4759.335,4767.704999999999
2026-05-08 18:00:00+00:00,4767.704999999999,4775.924999999999,4766.804999999999,4768.905
2026-05-08 19:00:00+00:00,4768.905,4773.855,4767.804999999999,4771.025
2026-05-08 20:00:00+00:00,4771.025,4771.204999999999,4761.865,4762.905
2026-05-10 22:00:00+00:00,4762.905,4777.445,4738.934999999999,4752.244999999999
2026-05-10 23:00:00+00:00,4752.244999999999,4759.254999999999,4748.784999999999,4752.104999999999
2026-05-11 00:00:00+00:00,4752.104999999999,4753.844999999999,4730.254999999999,4743.594999999999
2026-05-11 01:00:00+00:00,4743.594999999999,4766.044999999999,4734.704999999999,4745.874999999999
2026-05-11 02:00:00+00:00,4745.874999999999,4760.684999999999,4736.894999999999,4742.184999999999
2026-05-11 03:00:00+00:00,4742.184999999999,4750.904999999999,4735.744999999999,4738.924999999999
2026-05-11 04:00:00+00:00,4738.924999999999,4740.264999999999,4728.664999999999,4732.424999999999
2026-05-11 05:00:00+00:00,4732.424999999999,4741.284999999999,4708.094999999999,4712.604999999999
2026-05-11 06:00:00+00:00,4712.604999999999,4740.914999999999,4709.634999999999,4738.964999999999
2026-05-11 07:00:00+00:00,4738.964999999999,4740.784999999999,4724.554999999999,4728.054999999999
2026-05-11 08:00:00+00:00,4728.054999999999,4739.184999999999,4724.594999999999,4728.104999999999
2026-05-11 09:00:00+00:00,4728.104999999999,4730.504999999999,4710.884999999999,4717.354999999999
2026-05-11 10:00:00+00:00,4717.354999999999,4727.964999999999,4716.814999999999,4724.484999999999
2026-05-11 11:00:00+00:00,4724.484999999999,4737.764999999999,4724.414999999999,4734.984999999999
2026-05-11 12:00:00+00:00,4734.984999999999,4761.514999999999,4727.784999999999,4760.524999999999
2026-05-11 13:00:00+00:00,4760.524999999999,4809.014999999999,4759.034999999999,4796.174999999999
2026-05-11 14:00:00+00:00,4796.174999999999,4798.604999999999,4775.424999999999,4785.954999999999
2026-05-11 15:00:00+00:00,4785.954999999999,4798.694999999999,4783.204999999999,4792.474999999999
2026-05-11 16:00:00+00:00,4792.474999999999,4794.084999999999,4768.334999999999,4776.794999999999
2026-05-11 17:00:00+00:00,4776.794999999999,4785.124999999999,4776.294999999999,4784.184999999999
2026-05-11 18:00:00+00:00,4784.184999999999,4789.794999999999,4781.404999999999,4785.344999999999
2026-05-11 19:00:00+00:00,4785.344999999999,4796.674999999999,4782.834999999999,4794.074999999999
2026-05-11 20:00:00+00:00,4794.074999999999,4798.984999999999,4790.204999999999,4795.714999999999
2026-05-11 22:00:00+00:00,4795.714999999999,4819.194999999999,4794.284999999999,4814.794999999999
2026-05-11 23:00:00+00:00,4814.794999999999,4834.185,4809.754999999999,4831.124999999999
2026-05-12 00:00:00+00:00,4831.124999999999,4837.454999999999,4812.314999999999,4813.144999999999
2026-05-12 01:00:00+00:00,4813.144999999999,4819.384999999999,4784.084999999999,4791.014999999999
2026-05-12 02:00:00+00:00,4791.014999999999,4797.854999999999,4785.884999999999,4794.024999999999
2026-05-12 03:00:00+00:00,4794.024999999999,4797.344999999999,4781.554999999999,4784.154999999999
2026-05-12 04:00:00+00:00,4784.154999999999,4794.384999999999,4774.534999999999,4777.884999999999
2026-05-12 05:00:00+00:00,4777.884999999999,4786.204999999999,4772.494999999999,4777.844999999999
2026-05-12 06:00:00+00:00,4777.844999999999,4777.935,4758.384999999999,4760.804999999999
2026-05-12 07:00:00+00:00,4760.804999999999,4767.685,4750.454999999999,4763.664999999999
2026-05-12 08:00:00+00:00,4763.664999999999,4770.704999999999,4760.974999999999,4767.214999999999
2026-05-12 09:00:00+00:00,4767.214999999999,4769.054999999999,4757.974999999999,4763.374999999999
2026-05-12 10:00:00+00:00,4763.374999999999,4772.414999999999,4748.364999999999,4758.354999999999
2026-05-12 11:00:00+00:00,4758.354999999999,4773.124999999999,4750.884999999999,4770.354999999999
2026-05-12 12:00:00+00:00,4770.354999999999,4775.354999999999,4753.224999999999,4769.504999999999
2026-05-12 13:00:00+00:00,4769.504999999999,4772.724999999999,4740.454999999999,4743.064999999999
2026-05-12 14:00:00+00:00,4743.064999999999,4758.844999999999,4732.954999999999,4736.804999999999
2026-05-12 15:00:00+00:00,4736.804999999999,4739.984999999999,4701.784999999999,4729.894999999999
2026-05-12 16:00:00+00:00,4729.894999999999,4738.954999999999,4728.104999999999,4735.094999999999
2026-05-12 17:00:00+00:00,4735.094999999999,4746.185,4735.064999999999,4742.724999999999
2026-05-12 18:00:00+00:00,4742.724999999999,4762.004999999999,4739.844999999999,4759.774999999999
2026-05-12 19:00:00+00:00,4759.774999999999,4779.674999999999,4759.774999999999,4779.494999999999
2026-05-12 20:00:00+00:00,4779.494999999999,4783.314999999999,4775.804999999999,4778.174999999999
2026-05-12 22:00:00+00:00,4778.174999999999,4787.714999999999,4777.065,4782.174999999999
2026-05-12 23:00:00+00:00,4782.174999999999,4789.294999999999,4779.945,4782.435
2026-05-13 00:00:00+00:00,4782.435,4791.565,4779.315,4780.204999999999
2026-05-13 01:00:00+00:00,4780.204999999999,4782.695,4766.254999999999,4767.784999999999
2026-05-13 02:00:00+00:00,4767.784999999999,4772.834999999999,4752.584999999999,4757.275
2026-05-13 03:00:00+00:00,4757.275,4771.145,4754.264999999999,4761.344999999999
2026-05-13 04:00:00+00:00,4761.344999999999,4768.655,4760.645,4764.784999999999
2026-05-13 05:00:00+00:00,4764.784999999999,4772.615,4758.714999999999,4769.464999999999
2026-05-13 06:00:00+00:00,4769.464999999999,4780.605,4764.294999999999,4767.204999999999
2026-05-13 07:00:00+00:00,4767.204999999999,4774.214999999999,4762.164999999999,4768.084999999999
2026-05-13 08:00:00+00:00,4768.084999999999,4769.474999999999,4759.624999999999,4765.905
2026-05-13 09:00:00+00:00,4765.905,4767.254999999999,4751.115,4766.284999999999
2026-05-13 10:00:00+00:00,4766.284999999999,4775.954999999999,4758.954999999999,4759.485
2026-05-13 11:00:00+00:00,4759.485,4770.855,4756.794999999999,4762.685
2026-05-13 12:00:00+00:00,4762.685,4766.905,4741.115,4749.054999999999
2026-05-13 13:00:00+00:00,4749.054999999999,4759.924999999999,4734.744999999999,4744.685
2026-05-13 14:00:00+00:00,4744.685,4756.185,4738.195,4745.054999999999
2026-05-13 15:00:00+00:00,4745.054999999999,4765.464999999999,4744.174999999999,4760.645
2026-05-13 16:00:00+00:00,4760.645,4775.185,4760.235,4761.034999999999
2026-05-13 17:00:00+00:00,4761.034999999999,4766.534999999999,4749.754999999999,4750.844999999999
2026-05-13 18:00:00+00:00,4750.844999999999,4759.325,4742.664999999999,4750.315
2026-05-13 19:00:00+00:00,4750.315,4755.724999999999,4748.584999999999,4753.365
2026-05-13 20:00:00+00:00,4753.365,4758.544999999999,4751.224999999999,4752.855
2026-05-13 22:00:00+00:00,4752.855,4766.804999999999,4751.824999999999,4766.284999999999
2026-05-13 23:00:00+00:00,4766.284999999999,4768.289999999999,4759.119999999999,4762.729999999999
2026-05-14 00:00:00+00:00,4762.729999999999,4772.729999999999,4755.349999999999,4771.099999999999
2026-05-14 01:00:00+00:00,4771.099999999999,4773.059999999999,4749.569999999999,4754.959999999999
2026-05-14 02:00:00+00:00,4754.959999999999,4765.869999999999,4745.729999999999,4752.239999999999
2026-05-14 03:00:00+00:00,4752.239999999999,4759.379999999999,4739.919999999999,4741.209999999999
2026-05-14 04:00:00+00:00,4741.209999999999,4778.849999999999,4734.029999999999,4768.439999999999
2026-05-14 05:00:00+00:00,4768.439999999999,4770.289999999999,4755.009999999999,4756.099999999999
2026-05-14 06:00:00+00:00,4756.099999999999,4768.639999999999,4752.219999999999,4766.249999999999
2026-05-14 07:00:00+00:00,4766.249999999999,4784.809999999999,4756.789999999999,4759.409999999999
2026-05-14 08:00:00+00:00,4759.409999999999,4772.779999999999,4757.989999999999,4759.489999999999
2026-05-14 09:00:00+00:00,4759.489999999999,4768.699999999999,4754.279999999999,4765.659999999999
2026-05-14 10:00:00+00:00,4765.659999999999,4771.559999999999,4757.229999999999,4763.039999999999
2026-05-14 11:00:00+00:00,4763.039999999999,4770.999999999999,4755.539999999999,4760.169999999999
2026-05-14 12:00:00+00:00,4760.169999999999,4776.199999999999,4758.389999999999,4770.909999999999
2026-05-14 13:00:00+00:00,4770.909999999999,4773.939999999999,4732.289999999999,4745.699999999999
2026-05-14 14:00:00+00:00,4745.699999999999,4767.029999999999,4743.419999999999,4745.599999999999
2026-05-14 15:00:00+00:00,4745.599999999999,4755.679999999999,4743.179999999999,4751.729999999999
2026-05-14 16:00:00+00:00,4751.729999999999,4752.719999999999,4736.569999999999,4744.679999999999
2026-05-14 17:00:00+00:00,4744.679999999999,4749.059999999999,4742.459999999999,4744.389999999999
2026-05-14 18:00:00+00:00,4744.389999999999,4744.529999999999,4732.769999999999,4737.699999999999
2026-05-14 19:00:00+00:00,4737.699999999999,4737.979999999999,4719.149999999999,4720.399999999999
2026-05-14 20:00:00+00:00,4720.399999999999,4723.129999999999,4710.399999999999,4716.179999999999
2026-05-14 22:00:00+00:00,4716.179999999999,4725.759999999998,4710.039999999998,4725.429999999999
2026-05-14 23:00:00+00:00,4725.429999999999,4728.489999999999,4709.479999999999,4715.199999999999
2026-05-15 00:00:00+00:00,4715.199999999999,4721.399999999999,4676.369999999999,4693.129999999998
2026-05-15 01:00:00+00:00,4693.129999999998,4694.449999999999,4670.219999999998,4677.259999999998
2026-05-15 02:00:00+00:00,4677.259999999998,4686.469999999998,4672.369999999999,4681.149999999999
2026-05-15 03:00:00+00:00,4681.149999999999,4685.389999999999,4670.559999999999,4678.349999999999
2026-05-15 04:00:00+00:00,4678.349999999999,4684.469999999998,4667.299999999998,4669.229999999999
2026-05-15 05:00:00+00:00,4669.229999999999,4669.519999999999,4620.289999999998,4621.499999999998
2026-05-15 06:00:00+00:00,4621.499999999998,4643.439999999999,4619.129999999998,4632.859999999999
2026-05-15 07:00:00+00:00,4632.859999999999,4651.839999999998,4628.989999999999,4633.839999999998
2026-05-15 08:00:00+00:00,4633.839999999998,4635.219999999998,4612.879999999998,4617.519999999999
2026-05-15 09:00:00+00:00,4617.519999999999,4626.779999999999,4594.889999999999,4608.829999999999
2026-05-15 10:00:00+00:00,4608.829999999999,4635.689999999999,4607.219999999998,4629.049999999998
2026-05-15 11:00:00+00:00,4629.049999999998,4633.269999999999,4612.879999999998,4615.089999999998
2026-05-15 12:00:00+00:00,4615.089999999998,4621.829999999999,4606.629999999998,4609.019999999999
2026-05-15 13:00:00+00:00,4609.019999999999,4620.539999999998,4573.569999999999,4596.419999999998
2026-05-15 14:00:00+00:00,4596.419999999998,4629.509999999998,4588.269999999999,4625.689999999999
2026-05-15 15:00:00+00:00,4625.689999999999,4626.649999999999,4596.749999999998,4603.069999999999
2026-05-15 16:00:00+00:00,4603.069999999999,4611.199999999999,4592.299999999998,4607.379999999998
2026-05-15 17:00:00+00:00,4607.379999999998,4627.429999999999,4606.179999999999,4622.484999999999
2026-05-15 18:00:00+00:00,4622.484999999999,4625.944999999999,4615.444999999999,4622.284999999999
2026-05-15 19:00:00+00:00,4622.284999999999,4623.234999999999,4607.904999999999,4608.954999999999
2026-05-15 20:00:00+00:00,4608.954999999999,4609.474999999999,4595.874999999999,4603.034999999999
2026-05-17 22:00:00+00:00,4603.034999999999,4611.224999999999,4584.814999999999,4602.494999999999
2026-05-17 23:00:00+00:00,4602.494999999999,4604.004999999999,4587.944999999999,4593.084999999999
2026-05-18 00:00:00+00:00,4593.084999999999,4598.364999999999,4536.444999999999,4572.064999999999
2026-05-18 01:00:00+00:00,4572.064999999999,4591.964999999999,4545.624999999999,4581.954999999999
2026-05-18 02:00:00+00:00,4581.954999999999,4599.014999999999,4578.434999999999,4589.914999999999
2026-05-18 03:00:00+00:00,4589.914999999999,4604.164999999999,4581.634999999998,4597.574999999999
2026-05-18 04:00:00+00:00,4597.574999999999,4606.034999999999,4586.464999999999,4597.034999999999
2026-05-18 05:00:00+00:00,4597.034999999999,4607.984999999999,4586.174999999999,4587.504999999999
2026-05-18 06:00:00+00:00,4587.504999999999,4604.624999999999,4586.434999999999,4603.114999999999
2026-05-18 07:00:00+00:00,4603.114999999999,4616.214999999999,4594.674999999999,4602.574999999999
2026-05-18 08:00:00+00:00,4602.574999999999,4613.394999999999,4598.774999999999,4606.184999999999
2026-05-18 09:00:00+00:00,4606.184999999999,4608.324999999999,4596.814999999999,4599.504999999999
2026-05-18 10:00:00+00:00,4599.504999999999,4603.914999999999,4588.414999999999,4596.634999999998
2026-05-18 11:00:00+00:00,4596.634999999998,4623.154999999999,4586.384999999998,4607.134999999998
2026-05-18 12:00:00+00:00,4607.134999999998,4631.034999999999,4601.764999999999,4627.534999999999
2026-05-18 13:00:00+00:00,4627.534999999999,4640.604999999999,4618.284999999999,4631.994999999999
2026-05-18 14:00:00+00:00,4631.994999999999,4631.994999999999,4594.174999999999,4602.804999999999
2026-05-18 15:00:00+00:00,4602.804999999999,4604.384999999998,4588.064999999999,4599.934999999999
2026-05-18 16:00:00+00:00,4599.934999999999,4610.874999999999,4590.344999999998,4606.424999999999
2026-05-18 17:00:00+00:00,4606.424999999999,4614.614999999999,4601.854999999999,4603.264999999999
2026-05-18 18:00:00+00:00,4603.264999999999,4604.234999999999,4590.484999999999,4592.134999999998
2026-05-18 19:00:00+00:00,4592.134999999998,4620.864999999999,4591.544999999999,4614.784999999999
2026-05-18 20:00:00+00:00,4614.784999999999,4623.234999999999,4614.204999999999,4623.234999999999
2026-05-18 22:00:00+00:00,4623.234999999999,4636.054999999999,4622.634999999998,4631.404999999999
2026-05-18 23:00:00+00:00,4631.404999999999,4646.394999999999,4631.214999999998,4639.564999999999
2026-05-19 00:00:00+00:00,4639.564999999999,4646.774999999999,4619.214999999998,4621.104999999999
2026-05-19 01:00:00+00:00,4621.104999999999,4630.034999999999,4611.584999999999,4621.194999999999
2026-05-19 02:00:00+00:00,4621.194999999999,4621.194999999999,4603.254999999998,4604.934999999999
2026-05-19 03:00:00+00:00,4604.934999999999,4612.464999999999,4601.054999999999,4602.504999999999
2026-05-19 04:00:00+00:00,4602.504999999999,4603.145,4595.285,4599.915
2026-05-19 05:00:00+00:00,4599.915,4603.915,4587.945000000001,4597.915
2026-05-19 06:00:00+00:00,4597.915,4611.405,4590.825,4605.395
2026-05-19 07:00:00+00:00,4605.395,4616.805,4598.815,4614.515
2026-05-19 08:00:00+00:00,4614.515,4616.515,4593.525,4600.025
2026-05-19 09:00:00+00:00,4600.025,4604.115,4593.225,4598.955
2026-05-19 10:00:00+00:00,4598.955,4602.054999999999,4582.775,4602.054999999999
2026-05-19 11:00:00+00:00,4602.054999999999,4605.245,4587.075,4588.124999999999
2026-05-19 12:00:00+00:00,4588.124999999999,4604.315,4584.645,4594.244999999999
2026-05-19 13:00:00+00:00,4594.244999999999,4594.504999999999,4521.754999999999,4560.824999999999
2026-05-19 14:00:00+00:00,4560.824999999999,4571.204999999999,4541.775,4551.214999999999
2026-05-19 15:00:00+00:00,4551.214999999999,4566.525,4547.034999999999,4565.584999999999
2026-05-19 16:00:00+00:00,4565.584999999999,4569.714999999999,4553.514999999999,4564.985
2026-05-19 17:00:00+00:00,4564.985,4568.315,4556.294999999999,4557.904999999999
2026-05-19 18:00:00+00:00,4557.904999999999,4561.065,4547.344999999999,4550.694999999999
2026-05-19 19:00:00+00:00,4550.694999999999,4554.895,4538.264999999999,4540.364999999999
2026-05-19 20:00:00+00:00,4540.364999999999,4545.364999999999,4538.034999999999,4539.315
2026-05-19 22:00:00+00:00,4539.315,4542.195,4533.334999999999,4540.204999999999
2026-05-19 23:00:00+00:00,4540.204999999999,4552.775,4535.685,4545.285
2026-05-20 00:00:00+00:00,4545.285,4565.124999999999,4535.504999999999,4557.084999999999
2026-05-20 01:00:00+00:00,4557.084999999999,4562.365,4511.935,4537.254999999999
2026-05-20 02:00:00+00:00,4537.254999999999,4543.275,4514.535,4521.714999999999
2026-05-20 03:00:00+00:00,4521.714999999999,4523.464999999999,4509.445,4520.004999999999
2026-05-20 04:00:00+00:00,4520.004999999999,4526.914999999999,4512.735,4518.384999999999
2026-05-20 05:00:00+00:00,4518.384999999999,4535.584999999999,4517.605,4529.014999999999
2026-05-20 06:00:00+00:00,4529.014999999999,4534.634999999999,4517.714999999999,4530.494999999999
2026-05-20 07:00:00+00:00,4530.494999999999,4542.275,4528.035,4534.884999999999
2026-05-20 08:00:00+00:00,4534.884999999999,4546.424999999999,4532.874999999999,4539.954999999999
2026-05-20 09:00:00+00:00,4539.954999999999,4547.435,4528.714999999999,4541.014999999999
2026-05-20 10:00:00+00:00,4541.014999999999,4553.244999999999,4540.764999999999,4550.714999999999
2026-05-20 11:00:00+00:00,4550.714999999999,4557.344999999999,4547.004999999999,4555.325
2026-05-20 12:00:00+00:00,4555.325,4561.594999999999,4549.004999999999,4552.445
2026-05-20 13:00:00+00:00,4552.445,4562.424999999999,4538.254999999999,4539.254999999999
2026-05-20 14:00:00+00:00,4539.254999999999,4593.494999999999,4523.224999999999,4587.494999999999
2026-05-20 15:00:00+00:00,4587.494999999999,4609.395,4579.304999999999,4585.374999999999
2026-05-20 16:00:00+00:00,4585.374999999999,4591.764999999999,4580.294999999999,4590.615
2026-05-20 17:00:00+00:00,4590.615,4594.464999999999,4586.084999999999,4587.334999999999
2026-05-20 18:00:00+00:00,4587.334999999999,4601.395,4585.084999999999,4598.535
2026-05-20 19:00:00+00:00,4598.535,4606.535,4597.914999999999,4601.794999999999
2026-05-20 20:00:00+00:00,4601.794999999999,4606.714999999999,4598.355,4599.374999999999
2026-05-20 22:00:00+00:00,4599.374999999999,4605.254999999999,4593.044999999999,4598.054999999999
2026-05-20 23:00:00+00:00,4598.054999999999,4605.245,4592.495,4604.535
2026-05-21 00:00:00+00:00,4604.535,4611.435,4595.035,4602.955
2026-05-21 01:00:00+00:00,4602.955,4628.764999999999,4597.575,4618.674999999999
2026-05-21 02:00:00+00:00,4618.674999999999,4622.804999999999,4589.435,4590.855
2026-05-21 03:00:00+00:00,4590.855,4598.195,4584.985,4586.335
2026-05-21 04:00:00+00:00,4586.335,4598.575,4585.125,4596.535
2026-05-21 05:00:00+00:00,4596.535,4598.514999999999,4576.085,4586.075
2026-05-21 06:00:00+00:00,4586.075,4598.004999999999,4576.844999999999,4579.645
2026-05-21 07:00:00+00:00,4579.645,4582.424999999999,4569.754999999999,4577.615
2026-05-21 08:00:00+00:00,4577.615,4594.825,4576.155,4590.504999999999
2026-05-21 09:00:00+00:00,4590.504999999999,4600.905,4585.735,4588.565
2026-05-21 10:00:00+00:00,4588.565,4593.464999999999,4562.665,4569.685
2026-05-21 11:00:00+00:00,4569.685,4579.304999999999,4566.085,4572.155
2026-05-21 12:00:00+00:00,4572.155,4577.325,4559.655,4562.085
2026-05-21 13:00:00+00:00,4562.085,4579.014999999999,4546.455,4571.004999999999
2026-05-21 14:00:00+00:00,4571.004999999999,4573.384999999999,4555.985,4566.924999999999
2026-05-21 15:00:00+00:00,4566.924999999999,4573.514999999999,4554.714999999999,4569.974999999999
2026-05-21 16:00:00+00:00,4569.974999999999,4578.924999999999,4569.974999999999,4577.445
2026-05-21 17:00:00+00:00,4577.445,4617.325,4572.115,4609.445
2026-05-21 18:00:00+00:00,4609.445,4614.195,4585.205,4589.955
2026-05-21 19:00:00+00:00,4589.955,4601.804999999999,4587.615,4601.125
2026-05-21 20:00:00+00:00,4601.125,4602.785,4597.705,4600.634999999999
2026-05-21 22:00:00+00:00,4600.634999999999,4602.214999999999,4595.834999999999,4599.784999999999
2026-05-21 23:00:00+00:00,4599.784999999999,4601.484999999999,4588.664999999999,4591.994999999999
2026-05-22 00:00:00+00:00,4591.994999999999,4597.814999999999,4581.854999999999,4583.204999999999
2026-05-22 01:00:00+00:00,4583.204999999999,4592.794999999999,4577.674999999999,4583.024999999999
2026-05-22 02:00:00+00:00,4583.024999999999,4585.984999999999,4574.604999999999,4579.824999999999
2026-05-22 03:00:00+00:00,4579.824999999999,4586.684999999999,4575.574999999999,4585.844999999999
2026-05-22 04:00:00+00:00,4585.844999999999,4589.464999999999,4581.874999999999,4583.654999999999
2026-05-22 05:00:00+00:00,4583.654999999999,4590.884999999999,4563.474999999999,4567.684999999999
2026-05-22 06:00:00+00:00,4567.684999999999,4585.264999999999,4566.354999999999,4583.464999999999
2026-05-22 07:00:00+00:00,4583.464999999999,4584.024999999999,4572.614999999999,4578.234999999999
2026-05-22 08:00:00+00:00,4578.234999999999,4587.714999999999,4573.484999999999,4578.324999999999
2026-05-22 09:00:00+00:00,4578.324999999999,4592.474999999999,4571.114999999999,4588.624999999999
2026-05-22 10:00:00+00:00,4588.624999999999,4593.424999999999,4566.654999999999,4571.084999999999
2026-05-22 11:00:00+00:00,4571.084999999999,4581.604999999999,4567.914999999999,4577.194999999999
2026-05-22 12:00:00+00:00,4577.194999999999,4592.424999999999,4571.614999999999,4584.774999999999
2026-05-22 13:00:00+00:00,4584.774999999999,4590.834999999999,4566.764999999999,4569.924999999999
2026-05-22 14:00:00+00:00,4569.924999999999,4569.974999999999,4546.944999999999,4557.054999999999
2026-05-22 15:00:00+00:00,4557.054999999999,4578.76,4556.794999999999,4576.29
2026-05-22 16:00:00+00:00,4576.29,4583.16,4568.61,4571.37
2026-05-22 17:00:00+00:00,4571.37,4584.41,4569.4,4575.66
2026-05-22 18:00:00+00:00,4575.66,4576.76,4568.09,4571.69
2026-05-22 19:00:00+00:00,4571.69,4572.4,4560.639999999999,4564.71
2026-05-22 20:00:00+00:00,4564.71,4566.94,4560.57,4560.82
2026-05-24 22:00:00+00:00,4560.82,4633.84,4560.82,4633.27
2026-05-24 23:00:00+00:00,4633.27,4648.48,4632.95,4635.26
2026-05-25 00:00:00+00:00,4635.26,4647.73,4634.08,4637.31
2026-05-25 01:00:00+00:00,4637.31,4644.24,4628.349999999999,4631.139999999999
2026-05-25 02:00:00+00:00,4631.139999999999,4638.5,4627.07,4629.29
2026-05-25 03:00:00+00:00,4629.29,4632.62,4624.81,4627.889999999999
2026-05-25 04:00:00+00:00,4627.889999999999,4634.11,4627.45,4633.08
2026-05-25 05:00:00+00:00,4633.08,4634.389999999999,4620.16,4621.65
2026-05-25 06:00:00+00:00,4621.65,4631.54,4618.61,4630.719999999999
2026-05-25 07:00:00+00:00,4630.719999999999,4633.349999999999,4620.34,4632.88
2026-05-25 08:00:00+00:00,4632.88,4633.08,4621.3,4624.24
2026-05-25 09:00:00+00:00,4624.24,4637.389999999999,4623.08,4635.8
2026-05-25 10:00:00+00:00,4635.8,4641.86,4635.8,4636.76
2026-05-25 11:00:00+00:00,4636.76,4645.26,4635.679999999999,4637.49
2026-05-25 12:00:00+00:00,4637.49,4638.5,4621.179999999999,4635.929999999999
2026-05-25 13:00:00+00:00,4635.929999999999,4639.58,4628.3150000000005,4631.265
2026-05-25 14:00:00+00:00,4631.265,4638.8150000000005,4630.515,4635.035000000001
2026-05-25 15:00:00+00:00,4635.035000000001,4643.045,4633.865000000001,4639.115000000001
2026-05-25 16:00:00+00:00,4639.115000000001,4642.885,4636.075000000001,4641.705
2026-05-25 17:00:00+00:00,4641.705,4646.375,4631.195000000001,4633.285000000001
2026-05-25 18:00:00+00:00,4633.285000000001,4639.805,4570.01,4570.26
2026-05-25 20:00:00+00:00,4570.26,4572.91,4570.26,4572.26
2026-05-25 22:00:00+00:00,4570.089999999999,4576.45,4569.23,4574.639999999999
2026-05-25 23:00:00+00:00,4574.639999999999,4580.349999999999,4554.65,4559.54
2026-05-26 00:00:00+00:00,4559.54,4560.24,4539.02,4549.11
2026-05-26 01:00:00+00:00,4549.11,4550.24,4527.25,4536.76
2026-05-26 02:00:00+00:00,4536.76,4539.43,4529.95,4532.28
2026-05-26 03:00:00+00:00,4532.28,4545.4,4531.98,4542.36
2026-05-26 04:00:00+00:00,4542.36,4543.04,4523.21,4525.4
2026-05-26 05:00:00+00:00,4525.4,4535.13,4522.87,4527.13
2026-05-26 06:00:00+00:00,4527.13,4536.11,4526.79,4530.77
2026-05-26 07:00:00+00:00,4530.77,4539.01,4521.52,4538.139999999999
2026-05-26 08:00:00+00:00,4538.139999999999,4539.07,4519.849999999999,4523.7
2026-05-26 09:00:00+00:00,4523.7,4526.389999999999,4511.9,4522.43
2026-05-26 10:00:00+00:00,4522.43,4540.48,4519.21,4534.17
2026-05-26 11:00:00+00:00,4534.17,4536.32,4502.96,4507.07
2026-05-26 12:00:00+00:00,4507.07,4523.56,4500.13,4520.139999999999
2026-05-26 13:00:00+00:00,4520.139999999999,4531.26,4511.82,4513.76
2026-05-26 14:00:00+00:00,4513.76,4524.86,4507.599999999999,4515.2
2026-05-26 15:00:00+00:00,4515.2,4515.54,4502.31,4506.45
2026-05-26 16:00:00+00:00,4506.45,4511.3,4499.59,4504.81
2026-05-26 17:00:00+00:00,4504.81,4507.54,4489.41,4490.95
2026-05-26 18:00:00+00:00,4490.95,4499.33,4481.68,4498.97
2026-05-26 19:00:00+00:00,4498.97,4509.88,4497.51,4508.76
2026-05-26 20:00:00+00:00,4508.76,4510.94,4503.79,4506.5
2026-05-26 22:00:00+00:00,4506.5,4513.88,4497.06,4510.63
2026-05-26 23:00:00+00:00,4510.63,4527.45,4503.96,4519.63
2026-05-27 00:00:00+00:00,4519.63,4525.76,4513.67,4515.14
2026-05-27 01:00:00+00:00,4515.14,4521.05,4506.64,4507.88
2026-05-27 02:00:00+00:00,4507.88,4509.5,4497.66,4505.78
2026-05-27 03:00:00+00:00,4505.78,4511.74,4496.38,4496.62
2026-05-27 04:00:00+00:00,4496.62,4517.3,4495.47,4509.92
2026-05-27 05:00:00+00:00,4509.92,4513.8,4491.55,4497.36
2026-05-27 06:00:00+00:00,4497.36,4499.23,4479.37,4485.23
2026-05-27 07:00:00+00:00,4485.23,4489.4,4475.43,4481.99
2026-05-27 08:00:00+00:00,4481.99,4498.66,4481.1,4497.68
2026-05-27 09:00:00+00:00,4497.68,4497.69,4486.72,4490.02
2026-05-27 10:00:00+00:00,4490.02,4490.48,4442.45,4445.81
2026-05-27 11:00:00+00:00,4445.81,4453.37,4424.76,4428.6
2026-05-27 12:00:00+00:00,4428.6,4466.59,4427.36,4438.71
2026-05-27 13:00:00+00:00,4438.71,4438.93,4401.19,4427.38
2026-05-27 14:00:00+00:00,4427.38,4455.37,4425.96,4433.89
2026-05-27 15:00:00+00:00,4433.89,4441.61,4428.14,4436.39
2026-05-27 16:00:00+00:00,4436.39,4453.28,4434.18,4450.64
2026-05-27 17:00:00+00:00,4450.64,4454.29,4441.25,4450.38
2026-05-27 18:00:00+00:00,4450.38,4458.24,4447.76,4454.22
2026-05-27 19:00:00+00:00,4454.22,4454.8,4448.86,4450.98
2026-05-27 20:00:00+00:00,4450.98,4458.91,4449.86,4455.48
2026-05-27 22:00:00+00:00,4455.48,4473.78,4455.48,4465.06
2026-05-27 23:00:00+00:00,4465.06,4465.82,4451.49,4454.95
2026-05-28 00:00:00+00:00,4454.95,4465.82,4451.55,4465.03
2026-05-28 01:00:00+00:00,4465.03,4466.81,4414.6,4417.65
2026-05-28 02:00:00+00:00,4417.65,4420.64,4400.49,4402.37
2026-05-28 03:00:00+00:00,4402.37,4405.98,4376.21,4382.74
2026-05-28 04:00:00+00:00,4382.74,4390.19,4373.85,4380.76
2026-05-28 05:00:00+00:00,4380.76,4403.65,4374.94,4396.05
2026-05-28 06:00:00+00:00,4396.05,4398.34,4381.91,4391.5
2026-05-28 07:00:00+00:00,4391.5,4404.47,4390.64,4395.52
2026-05-28 08:00:00+00:00,4395.52,4403.03,4393.58,4394.9
2026-05-28 09:00:00+00:00,4394.9,4407.05,4394.18,4401.44
2026-05-28 10:00:00+00:00,4401.44,4412.23,4382.84,4390.95
2026-05-28 11:00:00+00:00,4390.95,4398.59,4388.84,4396.03
2026-05-28 12:00:00+00:00,4396.03,4441.78,4387.47,4440.1
2026-05-28 13:00:00+00:00,4440.1,4447.02,4425.97,4438.12
2026-05-28 14:00:00+00:00,4438.12,4488.35,4428.36,4477.76
2026-05-28 15:00:00+00:00,4477.76,4492.88,4476.64,4490.09
2026-05-28 16:00:00+00:00,4490.09,4519.04,4485.82,4518.97
2026-05-28 17:00:00+00:00,4518.97,4522.52,4509.1,4516.79
2026-05-28 18:00:00+00:00,4516.79,4524.43,4506.485,4509.425
2026-05-28 19:00:00+00:00,4509.425,4511.804999999999,4505.275,4505.785
2026-05-28 20:00:00+00:00,4505.785,4508.815,4502.435,4503.514999999999
2026-05-28 22:00:00+00:00,4503.514999999999,4510.154999999999,4502.334999999999,4502.824999999999
2026-05-28 23:00:00+00:00,4502.824999999999,4508.554999999999,4500.344999999999,4506.605
2026-05-29 00:00:00+00:00,4506.605,4511.954999999999,4503.324999999999,4507.594999999999
2026-05-29 01:00:00+00:00,4507.594999999999,4532.254999999999,4503.954999999999,4517.685
2026-05-29 02:00:00+00:00,4517.685,4522.565,4509.685,4513.014999999999
2026-05-29 03:00:00+00:00,4513.014999999999,4513.294999999999,4506.124999999999,4512.874999999999
2026-05-29 04:00:00+00:00,4512.874999999999,4526.474999999999,4512.645,4525.364999999999
2026-05-29 05:00:00+00:00,4525.364999999999,4527.114999999999,4513.974999999999,4526.435
2026-05-29 06:00:00+00:00,4526.435,4535.534999999999,4521.275,4535.044999999999
2026-05-29 07:00:00+00:00,4535.044999999999,4537.645,4522.164999999999,4536.204999999999
2026-05-29 08:00:00+00:00,4536.204999999999,4536.364999999999,4521.424999999999,4526.504999999999
2026-05-29 09:00:00+00:00,4526.504999999999,4551.244999999999,4524.605,4542.534999999999
2026-05-29 10:00:00+00:00,4542.534999999999,4554.554999999999,4536.864999999999,4549.964999999999
2026-05-29 11:00:00+00:00,4549.964999999999,4551.844999999999,4537.264999999999,4549.775
2026-05-29 12:00:00+00:00,4549.775,4549.964999999999,4523.884999999999,4534.584999999999
2026-05-29 13:00:00+00:00,4534.584999999999,4552.145,4528.324999999999,4548.065
2026-05-29 14:00:00+00:00,4548.065,4582.065,4536.674999999999,4575.474999999999
2026-05-29 15:00:00+00:00,4575.474999999999,4606.744999999999,4568.924999999999,4582.574999999999
2026-05-29 16:00:00+00:00,4582.574999999999,4584.945,4571.214999999999,4578.204999999999
2026-05-29 17:00:00+00:00,4578.204999999999,4579.834999999999,4562.844999999999,4564.815
2026-05-29 18:00:00+00:00,4564.815,4572.945,4562.114999999999,4564.744999999999
2026-05-29 19:00:00+00:00,4564.744999999999,4571.534999999999,4554.195,4557.145
2026-05-29 20:00:00+00:00,4557.145,4560.584999999999,4552.435,4554.844999999999
2026-05-31 22:00:00+00:00,4554.844999999999,4562.224999999999,4532.334999999999,4549.985
2026-05-31 23:00:00+00:00,4549.985,4560.605,4549.374999999999,4553.874999999999
2026-06-01 00:00:00+00:00,4553.874999999999,4560.865,4549.954999999999,4555.275
2026-06-01 01:00:00+00:00,4555.275,4556.204999999999,4538.435,4539.865
2026-06-01 02:00:00+00:00,4539.865,4549.355,4535.815,4536.285
2026-06-01 03:00:00+00:00,4536.285,4540.264999999999,4524.254999999999,4531.004999999999
2026-06-01 04:00:00+00:00,4531.004999999999,4534.504999999999,4522.664999999999,4529.164999999999
2026-06-01 05:00:00+00:00,4529.164999999999,4540.084999999999,4527.304999999999,4532.575
2026-06-01 06:00:00+00:00,4532.575,4533.344999999999,4514.825,4516.275
2026-06-01 07:00:00+00:00,4516.275,4524.834999999999,4507.025,4517.714999999999
2026-06-01 08:00:00+00:00,4517.714999999999,4519.124999999999,4504.685,4512.685
2026-06-01 09:00:00+00:00,4512.685,4521.054999999999,4503.735,4510.504999999999
2026-06-01 10:00:00+00:00,4510.504999999999,4525.695,4510.454999999999,4518.575
2026-06-01 11:00:00+00:00,4518.575,4527.624999999999,4514.485,4520.454999999999
2026-06-01 12:00:00+00:00,4520.454999999999,4525.075,4512.065,4516.735
2026-06-01 13:00:00+00:00,4516.735,4518.584999999999,4462.924999999999,4464.414999999999
2026-06-01 14:00:00+00:00,4464.414999999999,4479.535,4462.374999999999,4473.424999999999
2026-06-01 15:00:00+00:00,4473.424999999999,4494.435,4469.815,4488.655
2026-06-01 16:00:00+00:00,4488.655,4496.785,4477.535,4494.685
2026-06-01 17:00:00+00:00,4494.685,4510.235,4486.214999999999,4502.035
2026-06-01 18:00:00+00:00,4502.035,4504.754999999999,4499.454999999999,4501.254999999999
2026-06-01 19:00:00+00:00,4501.254999999999,4502.964999999999,4493.674999999999,4495.844999999999
2026-06-01 20:00:00+00:00,4495.844999999999,4500.445,4494.775,4499.254999999999
2026-06-01 22:00:00+00:00,4499.254999999999,4499.855,4492.935,4498.775
2026-06-01 23:00:00+00:00,4498.775,4501.664999999999,4492.384999999999,4497.884999999999
2026-06-02 00:00:00+00:00,4497.884999999999,4510.565,4489.825,4494.634999999999
2026-06-02 01:00:00+00:00,4494.634999999999,4505.855,4476.224999999999,4487.355
2026-06-02 02:00:00+00:00,4487.355,4499.964999999999,4485.584999999999,4499.525
2026-06-02 03:00:00+00:00,4499.525,4513.025,4498.995,4512.794999999999
2026-06-02 04:00:00+00:00,4512.794999999999,4531.815,4511.174999999999,4531.004999999999
2026-06-02 05:00:00+00:00,4531.004999999999,4541.594999999999,4528.565,4530.504999999999
2026-06-02 06:00:00+00:00,4530.504999999999,4552.025,4530.405,4549.285
2026-06-02 07:00:00+00:00,4549.285,4555.084999999999,4541.325,4548.374999999999
2026-06-02 08:00:00+00:00,4548.374999999999,4552.664999999999,4539.405,4540.094999999999
2026-06-02 09:00:00+00:00,4540.094999999999,4549.174999999999,4534.424999999999,4543.264999999999
2026-06-02 10:00:00+00:00,4543.264999999999,4547.325,4537.914999999999,4546.455
2026-06-02 11:00:00+00:00,4546.455,4548.035,4538.895,4540.995
2026-06-02 12:00:00+00:00,4540.995,4547.485,4526.844999999999,4528.084999999999
2026-06-02 13:00:00+00:00,4528.084999999999,4538.205,4515.674999999999,4515.674999999999
2026-06-02 14:00:00+00:00,4515.674999999999,4520.355,4503.645,4517.474999999999
2026-06-02 15:00:00+00:00,4517.474999999999,4521.865,4513.615,4515.504999999999
2026-06-02 16:00:00+00:00,4515.504999999999,4516.285,4499.584999999999,4505.205
2026-06-02 17:00:00+00:00,4505.205,4506.464999999999,4495.594999999999,4497.865
2026-06-02 18:00:00+00:00,4497.865,4504.365,4491.905,4500.745
2026-06-02 19:00:00+00:00,4500.745,4503.624999999999,4496.775,4501.594999999999
2026-06-02 20:00:00+00:00,4501.594999999999,4504.544999999999,4499.645,4502.804999999999
2026-06-02 22:00:00+00:00,4502.804999999999,4508.045,4498.585,4499.885
2026-06-02 23:00:00+00:00,4499.885,4503.825,4476.735,4489.255
2026-06-03 00:00:00+00:00,4489.255,4511.635,4488.545,4500.715
2026-06-03 01:00:00+00:00,4500.715,4502.315,4478.065,4490.525
2026-06-03 02:00:00+00:00,4490.525,4499.815,4487.724999999999,4496.675
2026-06-03 03:00:00+00:00,4496.675,4502.455,4496.554999999999,4499.205
2026-06-03 04:00:00+00:00,4499.205,4503.135,4483.014999999999,4484.145
2026-06-03 05:00:00+00:00,4484.145,4489.025,4471.325,4471.715
2026-06-03 06:00:00+00:00,4471.715,4485.665,4469.885,4477.815
2026-06-03 07:00:00+00:00,4477.815,4487.155,4467.525,4468.045
2026-06-03 08:00:00+00:00,4468.045,4474.145,4454.985,4458.785
2026-06-03 09:00:00+00:00,4458.785,4473.875,4453.745,4457.945
2026-06-03 10:00:00+00:00,4457.945,4482.035,4455.764999999999,4473.844999999999
2026-06-03 11:00:00+00:00,4473.844999999999,4483.105,4473.264999999999,4477.335
2026-06-03 12:00:00+00:00,4477.335,4481.925,4463.125,4475.094999999999
2026-06-03 13:00:00+00:00,4475.094999999999,4480.735,4440.925,4460.045
2026-06-03 14:00:00+00:00,4460.045,4474.445,4457.115,4471.825
2026-06-03 15:00:00+00:00,4471.825,4473.165,4451.465,4457.054999999999
2026-06-03 16:00:00+00:00,4457.054999999999,4458.855,4448.525,4456.615
2026-06-03 17:00:00+00:00,4456.615,4463.505,4450.365,4453.795
2026-06-03 18:00:00+00:00,4453.795,4457.755,4449.395,4456.875
2026-06-03 19:00:00+00:00,4456.875,4467.085,4456.224999999999,4458.565
2026-06-03 20:00:00+00:00,4458.565,4460.224999999999,4445.045,4449.135
2026-06-03 22:00:00+00:00,4449.135,4468.185,4438.834999999999,4464.285
2026-06-03 23:00:00+00:00,4464.285,4479.964999999999,4460.384999999999,4472.304999999999
2026-06-04 00:00:00+00:00,4472.304999999999,4480.474999999999,4459.405,4463.714999999999
2026-06-04 01:00:00+00:00,4463.714999999999,4488.955,4458.474999999999,4481.025
2026-06-04 02:00:00+00:00,4481.025,4492.065,4470.785,4490.275
2026-06-04 03:00:00+00:00,4490.275,4492.589999999999,4473.73,4479.049999999999
2026-06-04 04:00:00+00:00,4479.049999999999,4499.4,4477.46,4496.37
2026-06-04 05:00:00+00:00,4496.37,4497.83,4482.2,4484.49
2026-06-04 06:00:00+00:00,4484.49,4492.53,4478.2,4483.17
2026-06-04 07:00:00+00:00,4483.17,4486.19,4474.73,4477.009999999999
2026-06-04 08:00:00+00:00,4477.009999999999,4484.839999999999,4473.849999999999,4478.679999999999
2026-06-04 09:00:00+00:00,4478.679999999999,4490.98,4476.28,4485.73
2026-06-04 10:00:00+00:00,4485.73,4489.29,4479.61,4489.089999999999
2026-06-04 11:00:00+00:00,4489.089999999999,4530.139999999999,4484.049999999999,4526.83
2026-06-04 12:00:00+00:00,4526.83,4529.23,4506.46,4519.36
2026-06-04 13:00:00+00:00,4519.36,4530.83,4510.78,4511.21
2026-06-04 14:00:00+00:00,4511.21,4515.32,4472.61,4481.349999999999
2026-06-04 15:00:00+00:00,4481.349999999999,4494.49,4478.879999999999,4492.77
2026-06-04 16:00:00+00:00,4492.77,4500.62,4490.679999999999,4498.049999999999
2026-06-04 17:00:00+00:00,4498.049999999999,4498.049999999999,4489.4,4493.44
2026-06-04 18:00:00+00:00,4493.44,4496.52,4488.03,4493.469999999999
2026-06-04 19:00:00+00:00,4493.469999999999,4498.83,4491.58,4496.31
2026-06-04 20:00:00+00:00,4496.31,4497.04,4489.7,4490.28
2026-06-04 22:00:00+00:00,4490.28,4494.429999999999,4481.66,4482.589999999999
2026-06-04 23:00:00+00:00,4482.589999999999,4486.879999999999,4473.07,4474.23
2026-06-05 00:00:00+00:00,4474.23,4479.759999999999,4463.369999999999,4472.129999999999
2026-06-05 01:00:00+00:00,4472.129999999999,4482.749999999999,4456.99,4459.61
2026-06-05 02:00:00+00:00,4459.61,4467.91,4451.169999999999,4453.31
2026-06-05 03:00:00+00:00,4453.31,4456.799999999999,4448.02,4455.19
2026-06-05 04:00:00+00:00,4455.19,4459.539999999999,4450.379999999999,4457.849999999999
2026-06-05 05:00:00+00:00,4457.849999999999,4462.969999999999,4451.349999999999,4452.86
2026-06-05 06:00:00+00:00,4452.86,4469.03,4441.119999999999,4465.599999999999
2026-06-05 07:00:00+00:00,4465.599999999999,4480.219999999999,4464.619999999999,4473.709999999999
2026-06-05 08:00:00+00:00,4473.709999999999,4481.02,4471.509999999999,4475.61
2026-06-05 09:00:00+00:00,4475.61,4482.28,4471.679999999999,4477.709999999999
2026-06-05 10:00:00+00:00,4477.709999999999,4480.969999999999,4474.599999999999,4479.289999999999
2026-06-05 11:00:00+00:00,4479.289999999999,4488.219999999999,4470.82,4482.94
2026-06-05 12:00:00+00:00,4482.94,4488.669999999999,4417.7,4419.509999999999
2026-06-05 13:00:00+00:00,4419.509999999999,4433.98,4378.129999999999,4378.539999999999
2026-06-05 14:00:00+00:00,4378.539999999999,4392.139999999999,4357.369999999999,4382.469999999999
2026-06-05 15:00:00+00:00,4382.469999999999,4385.41,4346.86,4348.45
2026-06-05 16:00:00+00:00,4348.45,4357.719999999999,4336.11,4357.48
2026-06-05 17:00:00+00:00,4357.48,4360.129999999999,4348.469999999999,4354.400000000001
2026-06-05 18:00:00+00:00,4354.400000000001,4354.8,4327.92,4335.2300000000005
2026-06-05 19:00:00+00:00,4335.2300000000005,4337.89,4326.64,4331.320000000001
2026-06-05 20:00:00+00:00,4331.320000000001,4339.3,4324.47,4336.63
2026-06-07 22:00:00+00:00,4336.63,4345.26,4324.620000000001,4331.950000000001
2026-06-07 23:00:00+00:00,4331.950000000001,4361.990000000001,4331.860000000001,4358.39
2026-06-08 00:00:00+00:00,4358.39,4368.000000000001,4354.4400000000005,4356.950000000001
2026-06-08 01:00:00+00:00,4356.950000000001,4359.9800000000005,4314.570000000001,4340.240000000001
2026-06-08 02:00:00+00:00,4340.240000000001,4345.38,4321.900000000001,4325.330000000001
2026-06-08 03:00:00+00:00,4325.330000000001,4331.750000000001,4318.31,4331.56
2026-06-08 04:00:00+00:00,4331.56,4336.39,4322.280000000001,4327.280000000001
2026-06-08 05:00:00+00:00,4327.280000000001,4330.72,4283.18,4306.530000000001
2026-06-08 06:00:00+00:00,4306.530000000001,4325.9800000000005,4306.530000000001,4314.750000000001
2026-06-08 07:00:00+00:00,4314.750000000001,4331.620000000001,4309.120000000001,4309.120000000001
2026-06-08 08:00:00+00:00,4309.120000000001,4311.900000000001,4300.030000000001,4303.47
2026-06-08 09:00:00+00:00,4303.47,4316.56,4287.7300000000005,4308.910000000001
2026-06-08 10:00:00+00:00,4308.910000000001,4320.280000000001,4300.55,4316.67
2026-06-08 11:00:00+00:00,4316.67,4347.860000000001,4311.84,4346.1
2026-06-08 12:00:00+00:00,4346.1,4353.990000000001,4335.000000000001,4347.72
2026-06-08 13:00:00+00:00,4347.72,4361.250000000001,4336.360000000001,4341.71
2026-06-08 14:00:00+00:00,4341.71,4346.21,4329.370000000001,4345.63
2026-06-08 15:00:00+00:00,4345.63,4360.330000000001,4337.400000000001,4356.56
2026-06-08 16:00:00+00:00,4356.56,4361.14,4352.570000000001,4355.3
2026-06-08 17:00:00+00:00,4355.3,4357.14,4346.700000000001,4353.860000000001
2026-06-08 18:00:00+00:00,4353.860000000001,4360.68,4347.570000000001,4349.200000000001
2026-06-08 19:00:00+00:00,4349.200000000001,4352.84,4338.06,4341.320000000001
2026-06-08 20:00:00+00:00,4341.320000000001,4345.18,4339.290000000001,4344.13
2026-06-08 22:00:00+00:00,4344.13,4344.74,4335.240000000001,4340.410000000001
2026-06-08 23:00:00+00:00,4340.410000000001,4341.31,4325.1900000000005,4330.200000000001
2026-06-09 00:00:00+00:00,4330.200000000001,4336.290000000001,4327.51,4332.380000000001
2026-06-09 01:00:00+00:00,4332.380000000001,4351.360000000001,4330.9800000000005,4348.950000000001
2026-06-09 02:00:00+00:00,4348.950000000001,4353.360000000001,4340.72,4348.56
2026-06-09 03:00:00+00:00,4348.56,4354.72,4343.7300000000005,4349.040000000001
2026-06-09 04:00:00+00:00,4349.040000000001,4351.85,4336.93,4344.8
2026-06-09 05:00:00+00:00,4344.8,4364.070000000001,4343.47,4355.990000000001
2026-06-09 06:00:00+00:00,4355.990000000001,4361.320000000001,4342.790000000001,4343.080000000001
2026-06-09 07:00:00+00:00,4343.080000000001,4347.2300000000005,4334.780000000001,4339.160000000001
2026-06-09 08:00:00+00:00,4339.160000000001,4349.3,4333.790000000001,4339.05
2026-06-09 09:00:00+00:00,4339.05,4348.670000000001,4336.670000000001,4344.650000000001
2026-06-09 10:00:00+00:00,4344.650000000001,4352.710000000001,4337.97,4351.570000000001
2026-06-09 11:00:00+00:00,4351.570000000001,4356.290000000001,4348.18,4352.280000000001
2026-06-09 12:00:00+00:00,4352.280000000001,4356.870000000001,4347.39,4353.910000000001
2026-06-09 13:00:00+00:00,4353.910000000001,4375.93,4337.8,4341.080000000001
2026-06-09 14:00:00+00:00,4341.080000000001,4348.570000000001,4291.150000000001,4312.9800000000005
2026-06-09 15:00:00+00:00,4312.9800000000005,4314.570000000001,4275.64,4284.820000000001
2026-06-09 16:00:00+00:00,4284.820000000001,4293.64,4249.1,4264.4800000000005
2026-06-09 17:00:00+00:00,4264.4800000000005,4280.530000000001,4263.790000000001,4275.55
2026-06-09 18:00:00+00:00,4275.55,4286.76,4272.080000000001,4282.530000000001
2026-06-09 19:00:00+00:00,4282.530000000001,4284.170000000001,4262.380000000001,4271.280000000001
2026-06-09 20:00:00+00:00,4271.280000000001,4274.500000000001,4268.14,4272.89
2026-06-09 22:00:00+00:00,4272.89,4277.34,4247.56,4252.52
2026-06-09 23:00:00+00:00,4252.52,4262.43,4225.42,4236.89
2026-06-10 00:00:00+00:00,4236.89,4243.34,4214.400000000001,4232.9800000000005
2026-06-10 01:00:00+00:00,4232.9800000000005,4233.490000000001,4198.650000000001,4203.870000000001
2026-06-10 02:00:00+00:00,4203.870000000001,4207.650000000001,4188.490000000001,4189.21
2026-06-10 03:00:00+00:00,4189.21,4201.68,4188.320000000001,4199.990000000001
2026-06-10 04:00:00+00:00,4199.990000000001,4202.320000000001,4187.650000000001,4189.92
2026-06-10 05:00:00+00:00,4189.92,4224.18,4188.620000000001,4220.360000000001
2026-06-10 06:00:00+00:00,4220.360000000001,4237.160000000001,4217.06,4219.13
2026-06-10 07:00:00+00:00,4219.13,4222.9800000000005,4196.67,4201.21
2026-06-10 08:00:00+00:00,4201.21,4202.570000000001,4176.500000000001,4183.990000000001
2026-06-10 09:00:00+00:00,4183.990000000001,4194.52,4178.31,4183.92
2026-06-10 10:00:00+00:00,4183.92,4193.910000000001,4170.750000000001,4189.900000000001
2026-06-10 11:00:00+00:00,4189.900000000001,4191.290000000001,4161.01,4162.88
2026-06-10 12:00:00+00:00,4162.88,4188.4800000000005,4145.4800000000005,4162.13
2026-06-10 13:00:00+00:00,4162.13,4201.31,4148.150000000001,4194.820000000001
2026-06-10 14:00:00+00:00,4194.820000000001,4195.830000000001,4133.500000000001,4140.05
2026-06-10 15:00:00+00:00,4140.05,4151.93,4121.790000000001,4144.030000000001
2026-06-10 16:00:00+00:00,4144.030000000001,4149.81,4131.21,4136.950000000001
2026-06-10 17:00:00+00:00,4136.950000000001,4150.000000000001,4116.040000000001,4126.85
2026-06-10 18:00:00+00:00,4126.85,4135.52,4112.160000000001,4116.780000000001
2026-06-10 19:00:00+00:00,4116.780000000001,4117.360000000001,4096.839999999999,4098.1900000000005
2026-06-10 20:00:00+00:00,4098.1900000000005,4098.280000000001,4082.2600000000007,4086.54
2026-06-10 22:00:00+00:00,4086.54,4086.850000000001,4046.400000000001,4056.380000000001
2026-06-10 23:00:00+00:00,4056.380000000001,4074.7200000000007,4033.9300000000007,4057.110000000001
2026-06-11 00:00:00+00:00,4057.110000000001,4088.060000000001,4045.9900000000007,4085.920000000001
2026-06-11 01:00:00+00:00,4085.920000000001,4128.510000000002,4076.320000000001,4111.960000000002
2026-06-11 02:00:00+00:00,4111.960000000002,4112.830000000002,4062.300000000002,4078.160000000002
2026-06-11 03:00:00+00:00,4078.160000000002,4088.880000000002,4067.0600000000018,4083.1200000000017
2026-06-11 04:00:00+00:00,4083.1200000000017,4096.290000000002,4080.230000000002,4093.030000000002
2026-06-11 05:00:00+00:00,4093.030000000002,4116.670000000003,4082.940000000002,4104.430000000002
2026-06-11 06:00:00+00:00,4104.430000000002,4107.91,4086.3000000000015,4104.720000000001
2026-06-11 07:00:00+00:00,4104.720000000001,4120.829999999998,4101.939999999999,4115.239999999998
2026-06-11 08:00:00+00:00,4115.239999999998,4123.049999999998,4094.85,4094.8600000000006
2026-06-11 09:00:00+00:00,4094.8600000000006,4106.780000000003,4087.8000000000025,4102.020000000006
2026-06-11 10:00:00+00:00,4102.020000000006,4104.960000000006,4096.840000000007,4100.310000000009
2026-06-11 11:00:00+00:00,4100.310000000009,4106.300000000008,4090.090000000008,4090.590000000008
2026-06-11 12:00:00+00:00,4090.590000000008,4097.420000000007,4067.5200000000073,4092.140000000008
2026-06-11 13:00:00+00:00,4092.140000000008,4103.020000000008,4077.340000000008,4093.640000000009
2026-06-11 14:00:00+00:00,4093.640000000009,4095.790000000008,4063.290000000008,4083.730000000008
2026-06-11 15:00:00+00:00,4083.730000000008,4105.870000000006,4080.610000000008,4099.140000000007
2026-06-11 16:00:00+00:00,4099.140000000007,4117.970000000008,4088.370000000008,4090.640000000009
2026-06-11 17:00:00+00:00,4090.640000000009,4180.320000000007,4082.250000000008,4162.230000000008
2026-06-11 18:00:00+00:00,4162.230000000008,4181.890000000008,4141.530000000007,4172.200000000007
2026-06-11 19:00:00+00:00,4172.200000000007,4230.510000000008,4172.200000000007,4218.890000000008
2026-06-11 20:00:00+00:00,4218.890000000008,4228.950000000007,4218.590000000007,4222.660000000007
2026-06-11 22:00:00+00:00,4222.660000000007,4262.150000000007,4220.570000000007,4258.880000000007
2026-06-11 23:00:00+00:00,4258.880000000007,4261.590000000007,4229.400000000007,4235.140000000007
2026-06-12 00:00:00+00:00,4235.140000000007,4246.100000000007,4215.780000000007,4224.050000000008
2026-06-12 01:00:00+00:00,4224.050000000008,4226.700000000007,4186.930000000008,4202.400000000007
2026-06-12 02:00:00+00:00,4202.400000000007,4215.650000000007,4198.090000000007,4207.060000000007
2026-06-12 03:00:00+00:00,4207.060000000007,4220.590000000007,4205.040000000007,4212.810000000007
2026-06-12 04:00:00+00:00,4212.810000000007,4216.710000000007,4205.230000000007,4205.670000000007
2026-06-12 05:00:00+00:00,4205.670000000007,4208.660000000007,4186.170000000007,4188.570000000007
2026-06-12 06:00:00+00:00,4188.570000000007,4201.160000000007,4187.920000000007,4199.750000000007
2026-06-12 07:00:00+00:00,4199.750000000007,4210.250000000007,4185.790000000007,4210.200000000007
2026-06-12 08:00:00+00:00,4210.200000000007,4241.610000000007,4207.430000000008,4235.140000000007
2026-06-12 09:00:00+00:00,4235.140000000007,4243.620000000007,4233.010000000008,4237.390000000007
2026-06-12 10:00:00+00:00,4237.390000000007,4241.120000000007,4218.360000000007,4226.540000000007
2026-06-12 11:00:00+00:00,4226.540000000007,4230.710000000007,4213.110000000007,4222.460000000007
2026-06-12 12:00:00+00:00,4222.460000000007,4230.980000000007,4204.160000000007,4207.470000000008
2026-06-12 13:00:00+00:00,4207.470000000008,4225.900000000007,4198.010000000008,4201.600000000007
2026-06-12 14:00:00+00:00,4201.600000000007,4224.160000000007,4192.760000000008,4219.600000000007
2026-06-12 15:00:00+00:00,4219.600000000007,4251.210000000007,4215.720000000008,4227.520000000007
2026-06-12 16:00:00+00:00,4227.520000000007,4248.670000000007,4223.680000000008,4231.640000000007
2026-06-12 17:00:00+00:00,4231.640000000007,4242.070000000007,4229.520000000007,4237.105000000006
2026-06-12 18:00:00+00:00,4237.105000000006,4251.035000000006,4229.785000000006,4231.295000000006
2026-06-12 19:00:00+00:00,4231.295000000006,4235.285000000006,4217.605000000006,4226.515000000006
2026-06-12 20:00:00+00:00,4226.515000000006,4232.765000000006,4225.145000000006,4229.205000000006
2026-06-14 22:00:00+00:00,4229.205000000006,4323.315000000006,4220.805000000006,4299.465000000006
2026-06-14 23:00:00+00:00,4299.465000000006,4309.395000000006,4295.005000000006,4308.355000000006
2026-06-15 00:00:00+00:00,4308.355000000006,4322.505000000006,4305.405000000006,4306.765000000006
2026-06-15 01:00:00+00:00,4306.765000000006,4333.865000000006,4299.685000000006,4330.995000000006
2026-06-15 02:00:00+00:00,4330.995000000006,4349.725000000006,4330.365000000006,4343.925000000006
2026-06-15 03:00:00+00:00,4343.925000000006,4345.505000000006,4335.315000000006,4339.245000000006
2026-06-15 04:00:00+00:00,4339.245000000006,4344.355000000006,4334.845000000006,4342.575000000006
2026-06-15 05:00:00+00:00,4342.575000000006,4347.165000000006,4321.345000000006,4324.435000000006
2026-06-15 06:00:00+00:00,4324.435000000006,4327.755000000006,4315.015000000006,4322.355000000006
2026-06-15 07:00:00+00:00,4322.355000000006,4339.625000000006,4319.415000000006,4337.435000000006
2026-06-15 08:00:00+00:00,4337.435000000006,4359.555000000006,4335.895000000006,4348.405000000006
2026-06-15 09:00:00+00:00,4348.405000000006,4357.425000000006,4348.385000000006,4350.895000000006
2026-06-15 10:00:00+00:00,4350.895000000006,4355.685000000006,4349.565000000006,4352.405000000006
2026-06-15 11:00:00+00:00,4352.405000000006,4361.835000000006,4346.055000000006,4349.355000000006
2026-06-15 12:00:00+00:00,4349.355000000006,4363.725000000006,4338.825000000006,4363.275000000006
2026-06-15 13:00:00+00:00,4363.275000000006,4383.215000000006,4355.395000000006,4369.535000000006
2026-06-15 14:00:00+00:00,4369.535000000006,4383.755000000006,4368.065000000006,4370.995000000006
2026-06-15 15:00:00+00:00,4370.995000000006,4374.965000000006,4363.415000000006,4370.525000000006
2026-06-15 16:00:00+00:00,4370.525000000006,4372.945000000006,4348.745000000006,4353.445000000006
2026-06-15 17:00:00+00:00,4353.445000000006,4353.455000000006,4334.595000000006,4338.995000000006
2026-06-15 18:00:00+00:00,4338.995000000006,4342.325000000006,4331.985000000006,4339.835000000006
2026-06-15 19:00:00+00:00,4339.835000000006,4340.945000000006,4330.745000000006,4334.885000000006
2026-06-15 20:00:00+00:00,4334.885000000006,4336.325000000006,4320.775000000006,4323.505000000006
2026-06-15 22:00:00+00:00,4323.505000000006,4330.395000000006,4320.745000000006,4326.835000000006
2026-06-15 23:00:00+00:00,4326.835000000006,4334.145000000006,4326.355000000006,4330.605000000006
2026-06-16 00:00:00+00:00,4330.605000000006,4335.795000000006,4321.625000000006,4334.145000000006
2026-06-16 01:00:00+00:00,4334.145000000006,4341.035000000006,4326.985000000006,4328.485000000006
2026-06-16 02:00:00+00:00,4328.485000000006,4335.905000000006,4322.705000000006,4333.585000000006
2026-06-16 03:00:00+00:00,4333.585000000006,4348.085000000006,4330.475000000006,4345.285000000006
2026-06-16 04:00:00+00:00,4345.285000000006,4347.105000000006,4336.115000000006,4337.525000000006
2026-06-16 05:00:00+00:00,4337.525000000006,4345.845000000007,4329.055000000007,4330.745000000006
2026-06-16 06:00:00+00:00,4330.745000000006,4339.385000000007,4328.195000000006,4338.835000000006
2026-06-16 07:00:00+00:00,4338.835000000006,4350.585000000006,4337.515000000006,4350.025000000006
2026-06-16 08:00:00+00:00,4350.025000000006,4362.955000000006,4347.605000000006,4362.035000000006
2026-06-16 09:00:00+00:00,4362.035000000006,4363.315000000006,4353.245000000006,4360.135000000007
2026-06-16 10:00:00+00:00,4360.135000000007,4363.965000000007,4357.265000000006,4363.965000000007
2026-06-16 11:00:00+00:00,4363.965000000007,4364.465000000007,4350.085000000006,4355.855000000006
2026-06-16 12:00:00+00:00,4355.855000000006,4369.875000000006,4352.395000000006,4369.535000000006
2026-06-16 13:00:00+00:00,4369.535000000006,4369.885000000007,4346.615000000006,4346.745000000006
2026-06-16 14:00:00+00:00,4346.745000000006,4353.805000000007,4328.205000000006,4339.095000000007
2026-06-16 15:00:00+00:00,4339.095000000007,4358.385000000007,4335.775000000006,4350.235000000006
2026-06-16 16:00:00+00:00,4350.235000000006,4362.085000000006,4349.845000000007,4355.565000000006
2026-06-16 17:00:00+00:00,4355.565000000006,4356.165000000006,4340.155000000006,4355.235000000006
2026-06-16 18:00:00+00:00,4355.235000000006,4357.835000000006,4351.235000000006,4353.535000000006
2026-06-16 19:00:00+00:00,4353.535000000006,4357.855000000006,4345.475000000006,4349.005000000007
2026-06-16 20:00:00+00:00,4349.005000000007,4350.015000000006,4344.425000000007,4346.025000000006
2026-06-16 22:00:00+00:00,4346.025000000006,4352.345000000007,4344.815000000007,4351.675000000007
2026-06-16 23:00:00+00:00,4351.675000000007,4354.625000000006,4345.215000000007,4346.725000000007
2026-06-17 00:00:00+00:00,4346.725000000007,4357.835000000006,4344.395000000007,4353.275000000007
2026-06-17 01:00:00+00:00,4353.275000000007,4365.915000000006,4350.415000000006,4357.005000000007
2026-06-17 02:00:00+00:00,4357.005000000007,4360.725000000007,4345.815000000007,4347.555000000007
2026-06-17 03:00:00+00:00,4347.555000000007,4350.315000000007,4344.795000000006,4348.195000000007
2026-06-17 04:00:00+00:00,4348.195000000007,4350.245000000006,4333.595000000007,4342.965000000007
2026-06-17 05:00:00+00:00,4342.965000000007,4350.365000000006,4337.265000000007,4342.835000000006
2026-06-17 06:00:00+00:00,4342.835000000006,4347.965000000007,4336.565000000007,4347.845000000007
2026-06-17 07:00:00+00:00,4347.845000000007,4348.985000000007,4340.655000000006,4341.325000000006
2026-06-17 08:00:00+00:00,4341.325000000006,4344.045000000006,4333.165000000006,4340.805000000007
2026-06-17 09:00:00+00:00,4340.805000000007,4351.755000000007,4337.395000000007,4345.635000000007
2026-06-17 10:00:00+00:00,4345.635000000007,4351.405000000006,4342.665000000006,4347.505000000007
2026-06-17 11:00:00+00:00,4347.505000000007,4348.085000000006,4337.125000000006,4339.245000000006
2026-06-17 12:00:00+00:00,4339.245000000006,4351.685000000007,4336.005000000007,4349.745000000006
2026-06-17 13:00:00+00:00,4349.745000000006,4361.455000000006,4340.095000000007,4355.555000000007
2026-06-17 14:00:00+00:00,4355.555000000007,4380.185000000007,4346.725000000007,4360.585000000006
2026-06-17 15:00:00+00:00,4360.585000000006,4381.005000000007,4359.905000000006,4379.605000000007
2026-06-17 16:00:00+00:00,4379.605000000007,4382.685000000007,4371.165000000006,4375.515000000007
2026-06-17 17:00:00+00:00,4375.515000000007,4398.655000000006,4371.305000000007,4395.765000000007
2026-06-17 18:00:00+00:00,4395.765000000007,4395.765000000007,4285.555000000007,4302.315000000007
2026-06-17 19:00:00+00:00,4302.315000000007,4311.545000000006,4234.875000000006,4251.925000000007
2026-06-17 20:00:00+00:00,4251.925000000007,4285.735000000007,4250.755000000007,4272.995000000006
2026-06-17 22:00:00+00:00,4272.995000000006,4287.835000000006,4270.515000000007,4282.865000000007
2026-06-17 23:00:00+00:00,4282.865000000007,4300.130000000006,4280.110000000006,4293.840000000006
2026-06-18 00:00:00+00:00,4293.840000000006,4331.450000000005,4292.360000000006,4324.580000000005
2026-06-18 01:00:00+00:00,4324.580000000005,4344.810000000006,4322.690000000006,4333.900000000006
2026-06-18 02:00:00+00:00,4333.900000000006,4346.120000000005,4326.530000000006,4327.130000000006
2026-06-18 03:00:00+00:00,4327.130000000006,4338.980000000006,4325.260000000006,4335.880000000006
2026-06-18 04:00:00+00:00,4335.880000000006,4340.260000000006,4325.850000000006,4331.910000000005
2026-06-18 05:00:00+00:00,4331.910000000005,4340.980000000006,4317.390000000006,4324.150000000006
2026-06-18 06:00:00+00:00,4324.150000000006,4326.140000000006,4312.350000000006,4322.760000000006
2026-06-18 07:00:00+00:00,4322.760000000006,4325.650000000006,4303.6700000000055,4304.760000000006
2026-06-18 08:00:00+00:00,4304.760000000006,4309.240000000006,4281.7500000000055,4282.810000000006
2026-06-18 09:00:00+00:00,4282.810000000006,4289.450000000005,4275.760000000006,4284.5000000000055
2026-06-18 10:00:00+00:00,4284.5000000000055,4289.010000000006,4270.800000000006,4271.810000000006
2026-06-18 11:00:00+00:00,4271.810000000006,4272.070000000006,4255.9600000000055,4258.080000000005
2026-06-18 12:00:00+00:00,4258.080000000005,4285.350000000006,4256.550000000006,4262.910000000005
2026-06-18 13:00:00+00:00,4262.910000000005,4292.800000000006,4261.120000000005,4272.800000000006
2026-06-18 14:00:00+00:00,4272.800000000006,4274.260000000006,4253.130000000006,4268.4200000000055
2026-06-18 15:00:00+00:00,4268.4200000000055,4271.0000000000055,4239.230000000006,4242.780000000006
2026-06-18 16:00:00+00:00,4242.780000000006,4249.4200000000055,4230.160000000005,4235.620000000005
2026-06-18 17:00:00+00:00,4235.620000000005,4249.340000000006,4234.6700000000055,4246.5000000000055
2026-06-18 18:00:00+00:00,4246.5000000000055,4249.390000000006,4234.380000000006,4234.690000000006
2026-06-18 19:00:00+00:00,4234.690000000006,4235.230000000006,4217.320000000006,4233.350000000006
2026-06-18 20:00:00+00:00,4233.350000000006,4235.760000000006,4223.740000000006,4225.300000000006
2026-06-18 22:00:00+00:00,4225.300000000006,4229.190000000006,4219.630000000007,4224.370000000006
2026-06-18 23:00:00+00:00,4224.370000000006,4225.450000000006,4203.870000000006,4205.570000000006
2026-06-19 00:00:00+00:00,4205.570000000006,4215.390000000007,4201.250000000006,4207.730000000006
2026-06-19 01:00:00+00:00,4207.730000000006,4211.860000000006,4201.150000000006,4202.130000000007
2026-06-19 02:00:00+00:00,4202.130000000007,4203.460000000006,4188.990000000006,4193.600000000007
2026-06-19 03:00:00+00:00,4193.600000000007,4194.490000000006,4162.430000000007,4170.620000000006
2026-06-19 04:00:00+00:00,4170.620000000006,4172.520000000006,4142.340000000007,4143.000000000006
2026-06-19 05:00:00+00:00,4143.000000000006,4158.780000000006,4138.910000000006,4156.980000000006
2026-06-19 06:00:00+00:00,4156.980000000006,4167.870000000006,4149.900000000006,4164.950000000006
2026-06-19 07:00:00+00:00,4164.950000000006,4180.010000000007,4164.800000000007,4175.200000000006
2026-06-19 08:00:00+00:00,4175.200000000006,4195.730000000006,4172.430000000007,4186.470000000007
2026-06-19 09:00:00+00:00,4186.470000000007,4188.250000000006,4178.240000000006,4180.240000000006
2026-06-19 10:00:00+00:00,4180.240000000006,4180.510000000007,4165.300000000007,4166.980000000006
2026-06-19 11:00:00+00:00,4166.980000000006,4172.160000000006,4159.170000000006,4169.930000000007
2026-06-19 12:00:00+00:00,4169.930000000007,4197.170000000006,4164.430000000007,4196.100000000007
2026-06-19 13:00:00+00:00,4196.100000000007,4200.270000000006,4167.590000000007,4168.620000000006
2026-06-19 14:00:00+00:00,4168.620000000006,4171.910000000006,4159.730000000006,4166.500000000006
2026-06-19 15:00:00+00:00,4166.500000000006,4171.330000000006,4164.790000000006,4168.370000000006
2026-06-19 16:00:00+00:00,4168.370000000006,4175.060000000006,4161.510000000007,4172.650000000006
2026-06-19 17:00:00+00:00,4172.650000000006,4173.410000000006,4155.93,4159.07
2026-06-19 18:00:00+00:00,4159.07,4161.0,4157.38,4157.46
2026-06-19 19:00:00+00:00,4157.46,4161.02,4156.75,4159.92
2026-06-19 20:00:00+00:00,4159.92,4161.85,4159.92,4161.06
2026-06-21 22:00:00+00:00,4141.98,4149.349999999999,4134.129999999999,4143.049999999999
2026-06-21 23:00:00+00:00,4143.049999999999,4151.469999999999,4122.839999999999,4126.65
2026-06-22 00:00:00+00:00,4126.65,4187.69,4126.48,4187.69
2026-06-22 01:00:00+00:00,4187.69,4207.629999999999,4176.339999999999,4177.639999999999
2026-06-22 02:00:00+00:00,4177.639999999999,4186.949999999999,4170.07,4175.009999999999
2026-06-22 03:00:00+00:00,4175.009999999999,4176.61,4157.339999999999,4158.139999999999
2026-06-22 04:00:00+00:00,4158.139999999999,4168.849999999999,4157.32,4168.449999999999
2026-06-22 05:00:00+00:00,4168.449999999999,4185.199999999999,4166.07,4180.36
2026-06-22 06:00:00+00:00,4180.36,4194.06,4177.719999999999,4184.27
2026-06-22 07:00:00+00:00,4184.27,4188.53,4175.449999999999,4176.99
2026-06-22 08:00:00+00:00,4176.99,4184.52,4175.32,4184.07
2026-06-22 09:00:00+00:00,4184.07,4196.879999999999,4182.57,4194.869999999999
2026-06-22 10:00:00+00:00,4194.869999999999,4200.94,4190.19,4191.409999999999
2026-06-22 11:00:00+00:00,4191.409999999999,4201.969999999999,4188.009999999999,4193.98
2026-06-22 12:00:00+00:00,4193.98,4198.619999999999,4178.869999999999,4180.139999999999
2026-06-22 13:00:00+00:00,4180.139999999999,4192.36,4169.539999999999,4186.219999999999
2026-06-22 14:00:00+00:00,4186.219999999999,4197.499999999999,4173.15,4184.82
2026-06-22 15:00:00+00:00,4184.82,4188.02,4156.499999999999,4169.409999999999
2026-06-22 16:00:00+00:00,4169.409999999999,4179.699999999999,4160.869999999999,4176.52
2026-06-22 17:00:00+00:00,4176.52,4178.339999999999,4163.759999999999,4169.81
2026-06-22 18:00:00+00:00,4169.81,4179.56,4169.159999999999,4177.98
2026-06-22 19:00:00+00:00,4177.98,4179.9,4170.74,4177.4
2026-06-22 20:00:00+00:00,4177.4,4180.459999999999,4175.209999999999,4177.219999999999
2026-06-22 22:00:00+00:00,4177.219999999999,4179.549999999999,4173.11,4174.54
2026-06-22 23:00:00+00:00,4174.54,4180.28,4171.669999999999,4172.52
2026-06-23 00:00:00+00:00,4172.52,4179.49,4163.219999999999,4178.28
2026-06-23 01:00:00+00:00,4178.28,4183.32,4134.94,4146.11
2026-06-23 02:00:00+00:00,4146.11,4148.25,4131.29,4131.77
2026-06-23 03:00:00+00:00,4131.77,4134.57,4115.679999999999,4129.06
2026-06-23 04:00:00+00:00,4129.06,4131.87,4099.349999999999,4102.65
2026-06-23 05:00:00+00:00,4102.65,4122.46,4099.96,4105.98
2026-06-23 06:00:00+00:00,4105.98,4111.94,4095.129999999999,4099.12
2026-06-23 07:00:00+00:00,4099.12,4109.66,4081.41,4083.64
2026-06-23 08:00:00+00:00,4083.64,4095.75,4075.57,4090.29
2026-06-23 09:00:00+00:00,4090.29,4107.16,4088.74,4107.139999999999
2026-06-23 10:00:00+00:00,4107.139999999999,4118.259999999999,4104.45,4104.639999999999
2026-06-23 11:00:00+00:00,4104.639999999999,4116.78,4102.219999999999,4108.139999999999
2026-06-23 12:00:00+00:00,4108.139999999999,4112.129999999999,4096.589999999999,4098.16
2026-06-23 13:00:00+00:00,4098.16,4125.25,4090.19,4120.24
2026-06-23 14:00:00+00:00,4120.24,4130.099999999999,4107.58,4114.96
2026-06-23 15:00:00+00:00,4114.96,4126.56,4108.25,4123.46
2026-06-23 16:00:00+00:00,4123.46,4128.759999999999,4116.4,4119.23
2026-06-23 17:00:00+00:00,4119.23,4124.78,4112.549999999999,4112.9
2026-06-23 18:00:00+00:00,4112.9,4115.839999999999,4097.54,4102.71
2026-06-23 19:00:00+00:00,4102.71,4111.06,4096.08,4096.719999999999
2026-06-23 20:00:00+00:00,4096.719999999999,4097.65,4092.53,4096.12
2026-06-23 22:00:00+00:00,4096.12,4100.5,4082.25,4089.74
2026-06-23 23:00:00+00:00,4089.74,4089.82,4066.06,4084.75
2026-06-24 00:00:00+00:00,4084.75,4097.58,4079.03,4082.66
2026-06-24 01:00:00+00:00,4082.66,4087.83,4053.87,4074.46
2026-06-24 02:00:00+00:00,4074.46,4081.5,4037.58,4046.67
2026-06-24 03:00:00+00:00,4046.67,4056.07,4035.78,4048.19
2026-06-24 04:00:00+00:00,4048.19,4052.84,4040.53,4050.05
2026-06-24 05:00:00+00:00,4050.05,4071.67,4046.33,4061.29
2026-06-24 06:00:00+00:00,4061.29,4083.1,4061.14,4072.63
2026-06-24 07:00:00+00:00,4072.63,4076.25,4059.16,4060.31
2026-06-24 08:00:00+00:00,4060.31,4073.18,4058.63,4061.84
2026-06-24 09:00:00+00:00,4061.84,4064.63,4049.63,4050.06
2026-06-24 10:00:00+00:00,4050.06,4052.42,4039.81,4041.2
2026-06-24 11:00:00+00:00,4041.2,4044.13,4023.04,4032.19
2026-06-24 12:00:00+00:00,4032.19,4034.36,3973.04,3973.44
2026-06-24 13:00:00+00:00,3973.44,4027.53,3950.05,4023.8
2026-06-24 14:00:00+00:00,4023.8,4026.53,3988.45,3993.55
2026-06-24 15:00:00+00:00,3993.55,4002.31,3982.84,3987.99
2026-06-24 16:00:00+00:00,3987.99,4007.82,3980.94,3992.16
2026-06-24 17:00:00+00:00,3992.16,3996.84,3958.13,3958.3
2026-06-24 18:00:00+00:00,3958.3,3979.7,3944.39,3966.9
2026-06-24 19:00:00+00:00,3966.9,3976.37,3958.92,3973.55
2026-06-24 20:00:00+00:00,3973.55,3988.36,3970.19,3983.91
2026-06-24 22:00:00+00:00,3983.91,3997.5,3981.4,3985.02
2026-06-24 23:00:00+00:00,3985.02,4007.42,3979.29,4001.13
2026-06-25 00:00:00+00:00,4001.13,4005.14,3967.19,3979.72
2026-06-25 01:00:00+00:00,3979.72,3994.66,3959.690000000001,3964.12
2026-06-25 02:00:00+00:00,3964.12,3978.93,3947.3449999999993,3955.7149999999992
2026-06-25 03:00:00+00:00,3955.7149999999992,3973.9649999999992,3939.1149999999993,3968.225
2026-06-25 04:00:00+00:00,3968.225,3970.4049999999993,3956.314999999999,3968.8849999999993
2026-06-25 05:00:00+00:00,3968.8849999999993,3972.8849999999993,3953.185,3959.205
2026-06-25 06:00:00+00:00,3959.205,3962.035,3946.805,3950.455
2026-06-25 07:00:00+00:00,3950.455,3962.6149999999993,3944.225,3960.624999999999
2026-06-25 08:00:00+00:00,3960.624999999999,3974.975,3957.064999999999,3961.975
2026-06-25 09:00:00+00:00,3961.975,3970.564999999999,3958.8649999999993,3961.1949999999993
2026-06-25 10:00:00+00:00,3961.1949999999993,3962.274999999999,3953.8649999999993,3957.1349999999993
2026-06-25 11:00:00+00:00,3957.1349999999993,3960.665,3946.395,3952.915
2026-06-25 12:00:00+00:00,3952.915,3992.205,3951.6149999999993,3985.475
2026-06-25 13:00:00+00:00,3985.475,4006.745,3973.7149999999992,3975.084999999999
2026-06-25 14:00:00+00:00,3975.084999999999,4001.754999999999,3971.665,3984.805
2026-06-25 15:00:00+00:00,3984.805,4015.475,3977.915,4014.294999999999
2026-06-25 16:00:00+00:00,4014.294999999999,4016.9049999999993,3996.5949999999993,4001.504999999999
2026-06-25 17:00:00+00:00,4001.504999999999,4009.6149999999993,3999.734999999999,4007.564999999999
2026-06-25 18:00:00+00:00,4007.564999999999,4016.874999999999,3998.874999999999,4007.484999999999
2026-06-25 19:00:00+00:00,4007.484999999999,4016.564999999999,3994.805,3999.6349999999993
2026-06-25 20:00:00+00:00,3999.6349999999993,4007.8449999999993,3997.285,3999.055
2026-06-25 22:00:00+00:00,3999.055,4007.285,3990.525,3996.825
2026-06-25 23:00:00+00:00,3996.825,4001.345,3983.225,3985.345
2026-06-26 00:00:00+00:00,3985.345,3995.485,3982.065,3991.215
2026-06-26 01:00:00+00:00,3991.215,4000.415,3984.965,3991.655
2026-06-26 02:00:00+00:00,3991.655,3994.065,3953.865,3961.485
2026-06-26 03:00:00+00:00,3961.485,3977.395,3957.505,3975.375
2026-06-26 04:00:00+00:00,3975.375,3986.155,3969.505,3982.625
2026-06-26 05:00:00+00:00,3982.625,3992.295,3976.615,3978.995
2026-06-26 06:00:00+00:00,3978.995,4003.935,3977.495,4002.865
2026-06-26 07:00:00+00:00,4002.865,4010.675,3997.545,4001.325
2026-06-26 08:00:00+00:00,4001.325,4008.475,3996.495,4001.795
2026-06-26 09:00:00+00:00,4001.795,4025.025,4000.335,4017.875
2026-06-26 10:00:00+00:00,4017.875,4025.795,4013.035,4025.455
2026-06-26 11:00:00+00:00,4025.455,4026.415,4013.275,4016.645
2026-06-26 12:00:00+00:00,4016.645,4032.365,4006.545,4029.785
2026-06-26 13:00:00+00:00,4029.785,4048.775,4013.865,4044.085
2026-06-26 14:00:00+00:00,4044.085,4063.875,4038.335,4051.415
2026-06-26 15:00:00+00:00,4051.415,4066.815,4046.495,4061.295
2026-06-26 16:00:00+00:00,4061.295,4064.425,4052.985,4055.845
2026-06-26 17:00:00+00:00,4055.845,4058.805,4044.66,4045.62
2026-06-26 18:00:00+00:00,4045.62,4049.8,4037.92,4038.23
2026-06-26 19:00:00+00:00,4038.23,4045.6,4035.49,4042.73
2026-06-26 20:00:00+00:00,4042.73,4043.89,4035.27,4041.35
2026-06-28 22:00:00+00:00,4041.35,4052.48,4019.58,4032.189999999999
2026-06-28 23:00:00+00:00,4032.189999999999,4036.91,4017.9699999999993,4029.39
2026-06-29 00:00:00+00:00,4029.39,4040.7199999999993,4014.379999999999,4035.7
2026-06-29 01:00:00+00:00,4035.7,4041.0,4019.9899999999993,4027.91
2026-06-29 02:00:00+00:00,4027.91,4038.27,4024.859999999999,4032.7399999999993
2026-06-29 03:00:00+00:00,4032.7399999999993,4042.2799999999993,4031.16,4035.33
2026-06-29 04:00:00+00:00,4035.33,4035.4899999999993,4015.87,4018.8199999999993
2026-06-29 05:00:00+00:00,4018.8199999999993,4023.93,4005.37,4020.7599999999993
2026-06-29 06:00:00+00:00,4020.7599999999993,4031.2799999999993,4019.62,4028.62
2026-06-29 07:00:00+00:00,4028.62,4035.06,4022.3399999999992,4027.9899999999993
2026-06-29 08:00:00+00:00,4027.9899999999993,4033.04,4010.02,4013.5099999999993
2026-06-29 09:00:00+00:00,4013.5099999999993,4021.73,3990.439999999999,3998.02
2026-06-29 10:00:00+00:00,3998.02,4006.23,3993.899999999999,4003.25
2026-06-29 11:00:00+00:00,4003.25,4008.73,3993.68,4005.689999999999
2026-06-29 12:00:00+00:00,4005.689999999999,4019.0299999999993,4003.93,4010.2
2026-06-29 13:00:00+00:00,4010.2,4018.189999999999,3994.62,3998.669999999999
2026-06-29 14:00:00+00:00,3998.669999999999,4001.9899999999993,3966.419999999999,3992.0
2026-06-29 15:00:00+00:00,3992.0,3996.7799999999993,3983.0899999999992,3993.43
2026-06-29 16:00:00+00:00,3993.43,3995.0499999999993,3985.02,3990.2399999999993
2026-06-29 17:00:00+00:00,3990.2399999999993,3998.39,3985.649999999999,3987.399999999999
2026-06-29 18:00:00+00:00,3987.399999999999,3991.7399999999993,3978.37,3979.8199999999993
2026-06-29 19:00:00+00:00,3979.8199999999993,3986.0299999999993,3971.7999999999993,3982.35
2026-06-29 20:00:00+00:00,3982.35,3984.41,3979.109999999999,3981.879999999999
2026-06-29 22:00:00+00:00,3981.879999999999,3989.25,3976.48,3981.21
2026-06-29 23:00:00+00:00,3981.21,3989.25,3980.02,3981.85
2026-06-30 00:00:00+00:00,3981.85,3982.2199999999993,3946.6,3953.53
2026-06-30 01:00:00+00:00,3953.53,3954.06,3908.73,3935.98
2026-06-30 02:00:00+00:00,3935.98,3940.44,3919.13,3929.9
2026-06-30 03:00:00+00:00,3929.9,3938.15,3926.93,3936.87
2026-06-30 04:00:00+00:00,3936.87,3965.03,3935.05,3952.38
2026-06-30 05:00:00+00:00,3952.38,3958.05,3941.99,3944.84
2026-06-30 06:00:00+00:00,3944.84,4000.94,3944.83,3996.36
2026-06-30 07:00:00+00:00,3996.36,4001.67,3990.63,3998.94
2026-06-30 08:00:00+00:00,3998.94,4004.76,3980.23,3982.62
2026-06-30 09:00:00+00:00,3982.62,3991.04,3979.12,3991.04
2026-06-30 10:00:00+00:00,3991.04,3998.2199999999993,3988.36,3996.83
2026-06-30 11:00:00+00:00,3996.83,4004.38,3992.34,4000.81
2026-06-30 12:00:00+00:00,4000.81,4001.39,3975.46,3976.48
2026-06-30 13:00:00+00:00,3976.48,4000.3,3975.99,3996.15
2026-06-30 14:00:00+00:00,3996.15,4030.24,3991.92,4004.25
2026-06-30 15:00:00+00:00,4004.25,4006.33,3988.99,3996.32
2026-06-30 16:00:00+00:00,3996.32,4000.93,3992.77,3992.9699999999993
2026-06-30 17:00:00+00:00,3992.9699999999993,3999.06,3987.38,3997.63
2026-06-30 18:00:00+00:00,3997.63,4000.74,3995.08,3995.27
2026-06-30 19:00:00+00:00,3995.27,3996.31,3981.53,3982.77
2026-06-30 20:00:00+00:00,3982.77,3988.15,3973.42,3974.63
2026-06-30 22:00:00+00:00,3974.63,3985.14,3973.48,3980.4
2026-06-30 23:00:00+00:00,3980.4,3985.64,3972.58,3972.95
2026-07-01 00:00:00+00:00,3972.95,3976.96,3960.2199999999993,3963.88
2026-07-01 01:00:00+00:00,3963.88,3967.02,3940.85,3945.2
2026-07-01 02:00:00+00:00,3945.2,3953.36,3937.54,3946.5299999999993
2026-07-01 03:00:00+00:00,3946.5299999999993,3954.36,3943.79,3947.7399999999993
2026-07-01 04:00:00+00:00,3947.7399999999993,3950.2599999999993,3939.64,3943.88
2026-07-01 05:00:00+00:00,3943.88,3946.15,3936.79,3941.31
2026-07-01 06:00:00+00:00,3941.31,3944.7,3930.34,3939.0
2026-07-01 07:00:00+00:00,3939.0,3945.7199999999993,3927.19,3943.25
2026-07-01 08:00:00+00:00,3943.25,3951.7599999999993,3936.59,3941.79
2026-07-01 09:00:00+00:00,3941.79,3953.36,3939.92,3951.66
2026-07-01 10:00:00+00:00,3951.66,3965.73,3948.39,3965.71
2026-07-01 11:00:00+00:00,3965.71,4002.82,3965.19,3997.68
2026-07-01 12:00:00+00:00,3997.68,4001.27,3986.6,3990.07
2026-07-01 13:00:00+00:00,3990.07,4075.42,3979.84,4056.59
2026-07-01 14:00:00+00:00,4056.59,4083.229999999999,4050.21,4060.52
2026-07-01 15:00:00+00:00,4060.52,4061.88,4043.91,4048.29
2026-07-01 16:00:00+00:00,4048.29,4055.67,4037.7,4038.4699999999993
2026-07-01 17:00:00+00:00,4038.4699999999993,4040.84,4034.4899999999993,4035.4
2026-07-01 18:00:00+00:00,4035.4,4037.9,4024.9899999999993,4029.44
2026-07-01 19:00:00+00:00,4029.44,4035.57,4001.54,4006.04
2026-07-01 20:00:00+00:00,4006.04,4006.9899999999993,3995.8,3998.05
2026-07-01 22:00:00+00:00,3998.05,4012.27,3997.11,4012.13
2026-07-01 23:00:00+00:00,4012.13,4012.27,4000.57,4002.39
2026-07-02 00:00:00+00:00,4002.39,4020.18,3998.17,4019.37
2026-07-02 01:00:00+00:00,4019.37,4036.1,4012.65,4017.56
2026-07-02 02:00:00+00:00,4017.56,4028.4899999999993,4008.62,4024.5
2026-07-02 03:00:00+00:00,4024.5,4041.67,4022.9699999999993,4037.44
2026-07-02 04:00:00+00:00,4037.44,4040.48,4027.9,4028.31
2026-07-02 05:00:00+00:00,4028.31,4035.14,4020.66,4033.51
2026-07-02 06:00:00+00:00,4033.51,4047.26,4033.17,4040.71
2026-07-02 07:00:00+00:00,4040.71,4042.9899999999993,4028.2,4031.65
2026-07-02 08:00:00+00:00,4031.65,4047.56,4028.61,4043.51
2026-07-02 09:00:00+00:00,4043.51,4044.56,4031.31,4032.78
2026-07-02 10:00:00+00:00,4032.78,4036.11,4029.06,4033.81
2026-07-02 11:00:00+00:00,4033.81,4039.61,4024.64,4032.62
2026-07-02 12:00:00+00:00,4032.62,4107.929999999999,4028.7399999999993,4085.069999999999
2026-07-02 13:00:00+00:00,4085.069999999999,4111.509999999999,4076.689999999999,4103.949999999999
2026-07-02 14:00:00+00:00,4103.949999999999,4105.599999999999,4081.3399999999992,4096.029999999999
2026-07-02 15:00:00+00:00,4096.029999999999,4099.029999999999,4082.14,4095.789999999999
2026-07-02 16:00:00+00:00,4095.789999999999,4097.719999999999,4067.789999999999,4085.5099999999993
2026-07-02 17:00:00+00:00,4085.5099999999993,4087.249999999999,4073.189999999999,4074.2199999999993
2026-07-02 18:00:00+00:00,4074.2199999999993,4094.529999999999,4073.289999999999,4090.039999999999
2026-07-02 19:00:00+00:00,4090.039999999999,4091.879999999999,4075.579999999999,4088.779999999999
2026-07-02 20:00:00+00:00,4088.779999999999,4092.569999999999,4083.749999999999,4089.359999999999
2026-07-02 22:00:00+00:00,4089.359999999999,4094.039999999999,4086.779999999999,4090.229999999999
2026-07-02 23:00:00+00:00,4090.229999999999,4099.439999999999,4086.699999999999,4091.8899999999994
2026-07-03 00:00:00+00:00,4126.15,4150.95,4122.58,4147.1
2026-07-03 01:00:00+00:00,4147.1,4195.42,4146.22,4182.31
2026-07-03 02:00:00+00:00,4182.31,4186.95,4176.31,4183.25
2026-07-03 03:00:00+00:00,4183.25,4184.41,4175.13,4175.97
2026-07-03 04:00:00+00:00,4175.97,4182.91,4172.93,4178.85
2026-07-03 05:00:00+00:00,4178.85,4181.82,4169.03,4171.17
2026-07-03 06:00:00+00:00,4171.17,4174.37,4160.5,4172.94
2026-07-03 07:00:00+00:00,4172.94,4181.55,4169.12,4177.45
2026-07-03 08:00:00+00:00,4177.45,4186.55,4176.69,4180.97
2026-07-03 09:00:00+00:00,4180.97,4181.85,4168.34,4171.84
2026-07-03 10:00:00+00:00,4171.84,4181.23,4170.51,4177.11
2026-07-03 11:00:00+00:00,4177.11,4186.26,4175.5,4180.95
2026-07-03 12:00:00+00:00,4180.95,4183.2,4172.07,4176.71
2026-07-03 13:00:00+00:00,4176.71,4179.27,4163.46,4164.66
2026-07-03 14:00:00+00:00,4164.66,4171.23,4155.28,4169.72
2026-07-03 15:00:00+00:00,4169.72,4174.34,4164.41,4164.75
2026-07-03 16:00:00+00:00,4164.75,4176.39,4162.82,4174.8
2026-07-03 17:00:00+00:00,4174.8,4174.85,4174.06,4174.44
2026-07-05 22:00:00+00:00,4174.44,4191.709999999999,4173.03,4188.139999999999
2026-07-05 23:00:00+00:00,4188.139999999999,4202.32,4177.169999999999,4183.28
2026-07-06 00:00:00+00:00,4183.28,4189.389999999999,4170.339999999999,4179.969999999999
2026-07-06 01:00:00+00:00,4179.969999999999,4203.509999999999,4172.61,4186.409999999999
2026-07-06 02:00:00+00:00,4186.409999999999,4188.259999999999,4168.659999999999,4174.549999999999
2026-07-06 03:00:00+00:00,4174.549999999999,4176.909999999999,4161.339999999999,4165.679999999999
2026-07-06 04:00:00+00:00,4165.679999999999,4166.959999999999,4157.61,4160.039999999999
2026-07-06 05:00:00+00:00,4160.039999999999,4161.469999999999,4144.879999999999,4148.07
2026-07-06 06:00:00+00:00,4148.07,4159.9,4145.99,4150.81
2026-07-06 07:00:00+00:00,4150.81,4166.679999999999,4147.469999999999,4164.69
2026-07-06 08:00:00+00:00,4164.69,4166.31,4147.57,4150.82
2026-07-06 09:00:00+00:00,4150.82,4151.719999999999,4136.57,4143.61
2026-07-06 10:00:00+00:00,4143.61,4156.24,4142.539999999999,4155.28
2026-07-06 11:00:00+00:00,4155.28,4159.999999999999,4151.81,4155.7
2026-07-06 12:00:00+00:00,4155.7,4158.849999999999,4131.849999999999,4139.929999999999
2026-07-06 13:00:00+00:00,4139.929999999999,4150.86,4136.4,4140.869999999999
2026-07-06 14:00:00+00:00,4140.869999999999,4147.53,4128.759999999999,4138.549999999999
2026-07-06 15:00:00+00:00,4138.549999999999,4152.419999999999,4137.869999999999,4148.629999999999
2026-07-06 16:00:00+00:00,4148.629999999999,4156.659999999999,4140.619999999999,4155.36
2026-07-06 17:00:00+00:00,4155.36,4162.03,4150.639999999999,4161.509999999999
2026-07-06 18:00:00+00:00,4161.509999999999,4167.94,4155.719999999999,4164.219999999999
2026-07-06 19:00:00+00:00,4164.219999999999,4165.909999999999,4159.139999999999,4164.099999999999
2026-07-06 20:00:00+00:00,4164.099999999999,4166.099999999999,4161.03,4164.749999999999
2026-07-06 22:00:00+00:00,4164.749999999999,4169.03,4162.789999999999,4164.549999999999
2026-07-06 23:00:00+00:00,4164.549999999999,4166.36,4157.299999999999,4157.79
2026-07-07 00:00:00+00:00,4157.79,4163.19,4145.75,4146.639999999999
2026-07-07 01:00:00+00:00,4146.639999999999,4148.599999999999,4126.15,4142.44
2026-07-07 02:00:00+00:00,4142.44,4145.92,4131.799999999999,4137.17
2026-07-07 03:00:00+00:00,4137.17,4140.63,4124.969999999999,4131.599999999999
2026-07-07 04:00:00+00:00,4131.599999999999,4141.98,4126.58,4127.36
2026-07-07 05:00:00+00:00,4127.36,4131.99,4117.04,4124.31
2026-07-07 06:00:00+00:00,4124.31,4133.33,4122.13,4131.03
2026-07-07 07:00:00+00:00,4131.03,4134.08,4124.99,4125.41
2026-07-07 08:00:00+00:00,4125.41,4139.81,4122.42,4126.639999999999
2026-07-07 09:00:00+00:00,4126.639999999999,4134.42,4120.339999999999,4131.67
2026-07-07 10:00:00+00:00,4131.67,4139.42,4131.65,4136.219999999999
2026-07-07 11:00:00+00:00,4136.219999999999,4158.5,4132.2,4157.31
2026-07-07 12:00:00+00:00,4157.31,4175.74,4155.139999999999,4172.91
2026-07-07 13:00:00+00:00,4172.91,4181.12,4156.57,4159.21
2026-07-07 14:00:00+00:00,4159.21,4164.42,4144.07,4154.719999999999
2026-07-07 15:00:00+00:00,4154.719999999999,4156.27,4136.36,4139.5
2026-07-07 16:00:00+00:00,4139.5,4147.759999999999,4137.5,4145.7
2026-07-07 17:00:00+00:00,4145.7,4148.81,4141.12,4145.12
2026-07-07 18:00:00+00:00,4145.12,4145.849999999999,4125.599999999999,4127.599999999999
2026-07-07 19:00:00+00:00,4127.599999999999,4128.429999999999,4092.86,4114.75
2026-07-07 20:00:00+00:00,4114.75,4116.41,4104.179999999999,4106.24
2026-07-07 22:00:00+00:00,4106.24,4111.3,4091.6,4096.66
2026-07-07 23:00:00+00:00,4096.66,4105.92,4093.94,4096.63
2026-07-08 00:00:00+00:00,4096.63,4124.91,4094.92,4109.64
2026-07-08 01:00:00+00:00,4109.64,4115.92,4094.37,4109.3
2026-07-08 02:00:00+00:00,4109.3,4123.06,4103.87,4112.62
2026-07-08 03:00:00+00:00,4112.62,4129.22,4112.55,4121.58
2026-07-08 04:00:00+00:00,4121.58,4126.95,4118.37,4123.25
2026-07-08 05:00:00+00:00,4123.25,4132.13,4119.17,4125.86
2026-07-08 06:00:00+00:00,4125.86,4131.68,4120.14,4121.69
2026-07-08 07:00:00+00:00,4121.69,4125.349999999999,4112.78,4119.43
2026-07-08 08:00:00+00:00,4119.43,4119.48,4050.18,4054.94
2026-07-08 09:00:00+00:00,4054.94,4059.13,4039.42,4041.36
2026-07-08 10:00:00+00:00,4041.36,4056.66,4038.48,4051.2
2026-07-08 11:00:00+00:00,4051.2,4070.86,4039.43,4060.25
2026-07-08 12:00:00+00:00,4060.25,4084.45,4056.9,4070.55
2026-07-08 13:00:00+00:00,4070.55,4081.27,4063.21,4068.74
2026-07-08 14:00:00+00:00,4068.74,4069.55,4031.71,4038.83
2026-07-08 15:00:00+00:00,4038.83,4041.92,4019.55,4032.29
2026-07-08 16:00:00+00:00,4032.29,4062.52,4031.16,4061.62
2026-07-08 17:00:00+00:00,4061.62,4074.57,4057.62,4063.33
2026-07-08 18:00:00+00:00,4063.33,4089.67,4061.17,4082.44
2026-07-08 19:00:00+00:00,4082.44,4089.29,4076.37,4077.92
2026-07-08 20:00:00+00:00,4077.92,4081.68,4069.52,4073.39
2026-07-08 22:00:00+00:00,4073.39,4076.86,4069.28,4073.66
2026-07-08 23:00:00+00:00,4073.66,4074.91,4068.53,4073.27
2026-07-09 00:00:00+00:00,4073.27,4086.89,4067.2,4070.67
2026-07-09 01:00:00+00:00,4070.67,4075.82,4059.12,4069.72
2026-07-09 02:00:00+00:00,4069.72,4079.74,4061.4,4061.94
2026-07-09 03:00:00+00:00,4061.94,4064.58,4051.2,4061.08
2026-07-09 04:00:00+00:00,4061.08,4061.56,4053.250000000001,4061.250000000001
2026-07-09 05:00:00+00:00,4061.250000000001,4081.21,4060.56,4078.76
2026-07-09 06:00:00+00:00,4078.76,4105.1,4078.18,4104.950000000001
2026-07-09 07:00:00+00:00,4104.950000000001,4108.170000000001,4098.410000000001,4104.910000000001
2026-07-09 08:00:00+00:00,4104.910000000001,4114.710000000001,4102.150000000001,4105.14
2026-07-09 09:00:00+00:00,4105.14,4109.420000000001,4100.120000000001,4103.2300000000005
2026-07-09 10:00:00+00:00,4103.2300000000005,4107.130000000001,4090.5900000000006,4096.080000000001
2026-07-09 11:00:00+00:00,4096.080000000001,4107.540000000001,4094.690000000001,4105.68
2026-07-09 12:00:00+00:00,4105.68,4119.550000000001,4102.080000000001,4104.630000000001
2026-07-09 13:00:00+00:00,4104.630000000001,4126.550000000001,4103.670000000001,4118.89
2026-07-09 14:00:00+00:00,4118.89,4133.420000000001,4111.070000000001,4124.630000000001
2026-07-09 15:00:00+00:00,4124.630000000001,4129.750000000001,4121.650000000001,4123.900000000001
2026-07-09 16:00:00+00:00,4123.900000000001,4135.040000000001,4122.530000000001,4124.910000000001
2026-07-09 17:00:00+00:00,4124.910000000001,4135.000000000001,4121.97,4133.1900000000005
2026-07-09 18:00:00+00:00,4133.1900000000005,4133.370000000001,4118.410000000001,4121.460000000001
2026-07-09 19:00:00+00:00,4121.460000000001,4123.89,4115.670000000001,4119.450000000001
2026-07-09 20:00:00+00:00,4119.450000000001,4122.570000000001,4117.570000000001,4120.340000000001
2026-07-09 22:00:00+00:00,4120.340000000001,4123.910000000001,4117.790000000001,4117.800000000001
2026-07-09 23:00:00+00:00,4117.800000000001,4121.300000000001,4116.990000000001,4119.770000000001
2026-07-10 00:00:00+00:00,4119.770000000001,4124.500000000001,4110.740000000001,4122.420000000001
2026-07-10 01:00:00+00:00,4122.420000000001,4127.350000000001,4104.8600000000015,4113.0700000000015
2026-07-10 02:00:00+00:00,4113.0700000000015,4125.3600000000015,4112.3200000000015,4124.000000000001
2026-07-10 03:00:00+00:00,4124.000000000001,4131.130000000001,4115.5700000000015,4116.530000000001
2026-07-10 04:00:00+00:00,4116.530000000001,4117.380000000001,4108.250000000001,4111.3200000000015
2026-07-10 05:00:00+00:00,4111.3200000000015,4113.4000000000015,4104.3200000000015,4112.740000000001
2026-07-10 06:00:00+00:00,4112.740000000001,4116.310000000001,4107.240000000001,4107.940000000001
2026-07-10 07:00:00+00:00,4107.940000000001,4111.720000000001,4100.590000000001,4105.170000000001
2026-07-10 08:00:00+00:00,4105.170000000001,4105.850000000001,4091.130000000001,4094.120000000001
2026-07-10 09:00:00+00:00,4094.120000000001,4101.760000000001,4090.570000000001,4100.6500000000015
2026-07-10 10:00:00+00:00,4100.6500000000015,4109.040000000001,4100.410000000001,4101.000000000001
2026-07-10 11:00:00+00:00,4101.000000000001,4104.490000000001,4092.350000000001,4098.530000000001
2026-07-10 12:00:00+00:00,4098.530000000001,4113.600000000001,4093.710000000001,4096.880000000001
2026-07-10 13:00:00+00:00,4096.880000000001,4102.940000000001,4081.770000000001,4096.180000000001
2026-07-10 14:00:00+00:00,4096.180000000001,4105.270000000001,4068.640000000001,4089.040000000001
2026-07-10 15:00:00+00:00,4089.040000000001,4109.660000000001,4087.540000000001,4109.270000000001
2026-07-10 16:00:00+00:00,4109.270000000001,4111.680000000001,4100.3600000000015,4100.450000000001
2026-07-10 17:00:00+00:00,4100.450000000001,4103.1100000000015,4096.565,4096.975
2026-07-10 18:00:00+00:00,4096.975,4101.8550000000005,4094.375,4097.475
2026-07-10 19:00:00+00:00,4097.475,4105.435,4094.075,4104.3550000000005
2026-07-10 20:00:00+00:00,4104.3550000000005,4111.325,4104.295,4107.845
2026-07-12 22:00:00+00:00,4107.845,4108.6050000000005,4064.035,4071.535
2026-07-12 23:00:00+00:00,4071.535,4079.885,4063.295,4079.685
2026-07-13 00:00:00+00:00,4079.685,4086.265,4056.035,4069.215
2026-07-13 01:00:00+00:00,4069.215,4085.005,4060.635,4067.665
2026-07-13 02:00:00+00:00,4067.665,4072.635,4059.655,4063.595
2026-07-13 03:00:00+00:00,4063.595,4064.485,4048.185,4055.685
2026-07-13 04:00:00+00:00,4055.685,4055.695,4045.235,4054.005
2026-07-13 05:00:00+00:00,4054.005,4068.385,4047.125,4048.715
2026-07-13 06:00:00+00:00,4048.715,4058.715,4038.825,4050.685
2026-07-13 07:00:00+00:00,4050.685,4060.305,4044.085,4060.055
2026-07-13 08:00:00+00:00,4060.055,4075.925,4058.275,4069.735
2026-07-13 09:00:00+00:00,4069.735,4071.875,4063.245,4063.385
2026-07-13 10:00:00+00:00,4063.385,4065.645,4041.575,4055.805
2026-07-13 11:00:00+00:00,4055.805,4063.555,4050.015,4051.565
2026-07-13 12:00:00+00:00,4051.565,4062.655,4048.685,4062.435
2026-07-13 13:00:00+00:00,4062.435,4062.685,4036.635,4038.505
2026-07-13 14:00:00+00:00,4038.505,4042.065,3994.665,4010.335
2026-07-13 15:00:00+00:00,4010.335,4015.535,4005.365,4011.165
2026-07-13 16:00:00+00:00,4011.165,4013.125,3981.565,3988.285
2026-07-13 17:00:00+00:00,3988.285,3997.135,3987.045,3988.345
2026-07-13 18:00:00+00:00,3988.345,4000.305,3981.795,3996.515
2026-07-13 19:00:00+00:00,3996.515,3999.565,3988.605,3997.025
2026-07-13 20:00:00+00:00,3997.025,4001.375,3991.325,3996.665
2026-07-13 22:00:00+00:00,3996.665,4005.405,3996.665,4000.395
2026-07-13 23:00:00+00:00,4000.395,4002.525,3991.725,4000.615
2026-07-14 00:00:00+00:00,4000.615,4006.805,3982.605,4003.605
2026-07-14 01:00:00+00:00,4003.605,4011.635,3991.485,4009.965
2026-07-14 02:00:00+00:00,4009.965,4018.595,4005.375,4011.775
2026-07-14 03:00:00+00:00,4011.775,4018.565,4010.555,4016.385
2026-07-14 04:00:00+00:00,4016.385,4022.865,4012.815,4019.575
2026-07-14 05:00:00+00:00,4019.575,4033.265,4019.055,4030.685
2026-07-14 06:00:00+00:00,4030.685,4032.575,4021.075,4023.465
2026-07-14 07:00:00+00:00,4023.465,4029.335,4019.525,4020.115
2026-07-14 08:00:00+00:00,4020.115,4023.335,4013.845,4015.345
2026-07-14 09:00:00+00:00,4015.345,4023.915,4013.185,4021.165
2026-07-14 10:00:00+00:00,4021.165,4022.345,4014.555,4021.185
2026-07-14 11:00:00+00:00,4021.185,4031.475,4014.815,4030.635
2026-07-14 12:00:00+00:00,4030.635,4103.085,4022.645,4075.655
2026-07-14 13:00:00+00:00,4075.655,4088.045,4070.315,4075.895
2026-07-14 14:00:00+00:00,4075.895,4089.965,4070.125,4084.505
2026-07-14 15:00:00+00:00,4084.505,4100.155,4063.915,4065.565
2026-07-14 16:00:00+00:00,4065.565,4066.465,4057.095,4060.995
2026-07-14 17:00:00+00:00,4060.995,4064.495,4053.515,4062.175
2026-07-14 18:00:00+00:00,4062.175,4062.635,4042.415,4053.635
2026-07-14 19:00:00+00:00,4053.635,4056.915,4046.945,4055.175
2026-07-14 20:00:00+00:00,4055.175,4055.825,4048.255,4051.485
2026-07-14 22:00:00+00:00,4051.485,4051.605,4046.525,4047.065
2026-07-14 23:00:00+00:00,4047.065,4054.185,4044.645,4050.985
2026-07-15 00:00:00+00:00,4050.985,4058.775,4048.965,4057.075
2026-07-15 01:00:00+00:00,4057.075,4060.165,4033.585,4035.225
2026-07-15 02:00:00+00:00,4035.225,4040.145,4027.285,4033.185
2026-07-15 03:00:00+00:00,4033.185,4038.485,4025.925,4029.265
2026-07-15 04:00:00+00:00,4029.265,4033.225,4026.075,4031.145
2026-07-15 05:00:00+00:00,4031.145,4034.655,4019.785,4032.655
2026-07-15 06:00:00+00:00,4032.655,4033.195,4019.295,4030.105
2026-07-15 07:00:00+00:00,4030.105,4032.315,4017.695,4022.545
2026-07-15 08:00:00+00:00,4022.545,4031.185,4015.335,4029.165
2026-07-15 09:00:00+00:00,4029.165,4032.295,4023.505,4028.335
2026-07-15 10:00:00+00:00,4028.335,4033.945,4024.525,4025.995
2026-07-15 11:00:00+00:00,4025.995,4038.255,4025.615,4036.315
2026-07-15 12:00:00+00:00,4036.315,4069.615,4033.895,4065.815
2026-07-15 13:00:00+00:00,4065.815,4072.185,4051.995,4059.725
2026-07-15 14:00:00+00:00,4059.725,4063.905,4051.245,4058.575
2026-07-15 15:00:00+00:00,4058.575,4061.015,4037.445,4044.975
2026-07-15 16:00:00+00:00,4044.975,4045.955,4024.775,4031.715
2026-07-15 17:00:00+00:00,4031.715,4064.245,4030.985,4060.295
2026-07-15 18:00:00+00:00,4060.295,4079.385,4055.785,4057.125
2026-07-15 19:00:00+00:00,4057.125,4060.895,4045.725,4054.945
2026-07-15 20:00:00+00:00,4054.945,4061.005,4053.165,4057.765
2026-07-15 22:00:00+00:00,4057.765,4064.8649999999993,4057.465,4059.165
2026-07-15 23:00:00+00:00,4059.165,4061.685,4055.055,4057.575
2026-07-16 00:00:00+00:00,4057.575,4060.825,4043.4649999999992,4044.254999999999
2026-07-16 01:00:00+00:00,4044.254999999999,4050.254999999999,4033.704999999999,4038.774999999999
2026-07-16 02:00:00+00:00,4038.774999999999,4039.854999999999,4023.934999999999,4031.124999999999
2026-07-16 03:00:00+00:00,4031.124999999999,4036.6349999999993,4027.474999999999,4035.974999999999
2026-07-16 04:00:00+00:00,4035.974999999999,4037.6949999999993,4031.524999999999,4032.765
2026-07-16 05:00:00+00:00,4032.765,4033.604999999999,4025.035,4027.024999999999
2026-07-16 06:00:00+00:00,4027.024999999999,4036.1149999999993,4022.664999999999,4030.234999999999
2026-07-16 07:00:00+00:00,4030.234999999999,4031.434999999999,4022.6749999999993,4030.314999999999
2026-07-16 08:00:00+00:00,4030.314999999999,4036.294999999999,4025.055,4034.9049999999993
2026-07-16 09:00:00+00:00,4034.9049999999993,4037.254999999999,4029.995,4031.265
2026-07-16 10:00:00+00:00,4031.265,4034.564999999999,4028.394999999999,4029.305
2026-07-16 11:00:00+00:00,4029.305,4042.224999999999,4020.9049999999993,4038.055
2026-07-16 12:00:00+00:00,4038.055,4043.035,3990.015,3991.814999999999
2026-07-16 13:00:00+00:00,3991.814999999999,4007.995,3973.224999999999,3989.544999999999
2026-07-16 14:00:00+00:00,3989.544999999999,4006.285,3986.7149999999992,3997.575
2026-07-16 15:00:00+00:00,3997.575,4016.6149999999993,3988.984999999999,4006.664999999999
2026-07-16 16:00:00+00:00,4006.664999999999,4007.305,3982.164999999999,3991.664999999999
2026-07-16 17:00:00+00:00,3991.664999999999,3992.544999999999,3979.874999999999,3984.104999999999
2026-07-16 18:00:00+00:00,3984.104999999999,3990.0949999999993,3976.234999999999,3980.044999999999
2026-07-16 19:00:00+00:00,3980.044999999999,3985.644999999999,3968.8449999999993,3979.6549999999993
2026-07-16 20:00:00+00:00,3979.6549999999993,3979.754999999999,3971.5949999999993,3975.504999999999
2026-07-16 22:00:00+00:00,3975.504999999999,3981.934999999999,3974.684999999999,3979.934999999999
2026-07-16 23:00:00+00:00,3979.934999999999,3987.974999999999,3977.014999999999,3987.4449999999993
2026-07-17 00:00:00+00:00,3987.4449999999993,3993.504999999999,3982.124999999999,3993.254999999999
2026-07-17 01:00:00+00:00,3993.254999999999,3997.6349999999993,3980.6549999999993,3984.664999999999
2026-07-17 02:00:00+00:00,3984.664999999999,3988.9249999999993,3972.204999999999,3980.824999999999
2026-07-17 03:00:00+00:00,3980.824999999999,4010.104999999999,3980.414999999999,3993.044999999999
2026-07-17 04:00:00+00:00,3993.044999999999,3993.224999999999,3981.754999999999,3983.3849999999993
2026-07-17 05:00:00+00:00,3983.3849999999993,3992.9249999999993,3976.874999999999,3986.664999999999
2026-07-17 06:00:00+00:00,3986.664999999999,4008.584999999999,3986.664999999999,4000.8649999999993
2026-07-17 07:00:00+00:00,4000.8649999999993,4003.914999999999,3994.224999999999,3994.3449999999993
2026-07-17 08:00:00+00:00,3994.3449999999993,4001.334999999999,3989.504999999999,3995.684999999999
2026-07-17 09:00:00+00:00,3995.684999999999,4004.014999999999,3994.294999999999,3999.574999999999
2026-07-17 10:00:00+00:00,3999.574999999999,4000.724999999999,3992.084999999999,3992.4449999999993
2026-07-17 11:00:00+00:00,3992.4449999999993,4000.4049999999993,3991.494999999999,3995.544999999999
2026-07-17 12:00:00+00:00,3995.544999999999,3997.1749999999993,3965.6149999999993,3967.544999999999
2026-07-17 13:00:00+00:00,3967.544999999999,4004.7149999999992,3961.1149999999993,3998.374999999999
2026-07-17 14:00:00+00:00,3998.374999999999,4006.004999999999,3991.814999999999,4002.724999999999
2026-07-17 15:00:00+00:00,4002.724999999999,4022.754999999999,3999.274999999999,4020.744999999999
2026-07-17 16:00:00+00:00,4020.744999999999,4025.264999999999,4012.494999999999,4016.554999999999
2026-07-17 17:00:00+00:00,4016.554999999999,4020.6349999999993,4009.9649999999992,4011.524999999999
2026-07-17 18:00:00+00:00,4011.524999999999,4017.6149999999993,4008.1149999999993,4012.734999999999
2026-07-17 19:00:00+00:00,4012.734999999999,4018.144999999999,4003.874999999999,4016.914999999999
2026-07-17 20:00:00+00:00,4016.914999999999,4017.314999999999,4010.044999999999,4014.8849999999993
2026-07-19 22:00:00+00:00,4014.8849999999993,4020.484999999999,4006.164999999999,4007.6949999999993
2026-07-19 23:00:00+00:00,4007.6949999999993,4009.354999999999,4002.394999999999,4008.454999999999
2026-07-20 00:00:00+00:00,4008.454999999999,4023.414999999999,3995.564999999999,4021.584999999999
2026-07-20 01:00:00+00:00,4021.584999999999,4033.524999999999,4008.734999999999,4015.2149999999992
2026-07-20 02:00:00+00:00,4015.2149999999992,4041.9649999999992,4014.364999999999,4034.834999999999
2026-07-20 03:00:00+00:00,4034.834999999999,4040.9649999999992,4031.684999999999,4037.254999999999
2026-07-20 04:00:00+00:00,4037.254999999999,4039.824999999999,4031.474999999999,4031.844999999999
2026-07-20 05:00:00+00:00,4031.844999999999,4034.264999999999,4018.4049999999993,4021.9049999999993
2026-07-20 06:00:00+00:00,4021.9049999999993,4024.804999999999,4016.034999999999,4016.974999999999
2026-07-20 07:00:00+00:00,4016.974999999999,4034.844999999999,4015.104999999999,4030.344999999999
2026-07-20 08:00:00+00:00,4030.344999999999,4043.564999999999,4030.344999999999,4032.034999999999
2026-07-20 09:00:00+00:00,4032.034999999999,4036.354999999999,4027.844999999999,4034.374999999999
2026-07-20 10:00:00+00:00,4034.374999999999,4038.624999999999,4031.294999999999,4037.334999999999
2026-07-20 11:00:00+00:00,4037.334999999999,4053.834999999999,4032.984999999999,4038.384999999999
2026-07-20 12:00:00+00:00,4038.384999999999,4038.384999999999,4019.584999999999,4021.274999999999
2026-07-20 13:00:00+00:00,4021.274999999999,4030.474999999999,4018.804999999999,4018.804999999999
2026-07-20 14:00:00+00:00,4018.804999999999,4026.544999999999,4011.294999999999,4019.294999999999
2026-07-20 15:00:00+00:00,4019.294999999999,4032.524999999999,4017.604999999999,4024.884999999999
2026-07-20 16:00:00+00:00,4024.884999999999,4031.524999999999,4014.4449999999993,4022.854999999999
2026-07-20 17:00:00+00:00,4022.854999999999,4026.034999999999,4016.934999999999,4018.284999999999
2026-07-20 18:00:00+00:00,4018.284999999999,4024.9649999999992,4016.4649999999992,4020.314999999999
2026-07-20 19:00:00+00:00,4020.314999999999,4031.024999999999,4017.494999999999,4019.9449999999993
2026-07-20 20:00:00+00:00,4019.9449999999993,4022.484999999999,4018.914999999999,4020.794999999999
2026-07-20 22:00:00+00:00,4020.794999999999,4023.8449999999993,4012.6549999999993,4013.534999999999
2026-07-20 23:00:00+00:00,4013.534999999999,4023.4249999999993,4013.204999999999,4022.8849999999993
2026-07-21 00:00:00+00:00,4022.8849999999993,4040.184999999999,4016.734999999999,4038.434999999999
2026-07-21 01:00:00+00:00,4038.434999999999,4048.724999999999,4031.814999999999,4036.1949999999993
2026-07-21 02:00:00+00:00,4036.1949999999993,4056.9449999999993,4034.934999999999,4051.034999999999
2026-07-21 03:00:00+00:00,4051.034999999999,4064.575,4049.794999999999,4059.974999999999
2026-07-21 04:00:00+00:00,4059.974999999999,4064.744999999999,4056.644999999999,4062.6149999999993
2026-07-21 05:00:00+00:00,4062.6149999999993,4080.974999999999,4059.3449999999993,4074.6149999999993
2026-07-21 06:00:00+00:00,4074.6149999999993,4097.264999999999,4074.6149999999993,4091.504999999999
2026-07-21 07:00:00+00:00,4091.504999999999,4093.224999999999,4080.604999999999,4084.4049999999993
2026-07-21 08:00:00+00:00,4084.4049999999993,4085.604999999999,4072.144999999999,4075.834999999999
2026-07-21 09:00:00+00:00,4075.834999999999,4082.534999999999,4074.164999999999,4078.834999999999
2026-07-21 10:00:00+00:00,4078.834999999999,4083.084999999999,4073.874999999999,4075.974999999999
2026-07-21 11:00:00+00:00,4075.974999999999,4076.6149999999993,4067.454999999999,4069.0949999999993
2026-07-21 12:00:00+00:00,4069.0949999999993,4078.624999999999,4064.104999999999,4067.124999999999
2026-07-21 13:00:00+00:00,4067.124999999999,4074.774999999999,4057.554999999999,4066.084999999999
2026-07-21 14:00:00+00:00,4066.084999999999,4086.724999999999,4064.825,4081.454999999999
2026-07-21 15:00:00+00:00,4081.454999999999,4096.384999999999,4078.684999999999,4087.075
2026-07-21 16:00:00+00:00,4087.075,4092.144999999999,4082.9049999999993,4084.575
2026-07-21 17:00:00+00:00,4084.575,4085.934999999999,4079.664999999999,4081.764999999999
2026-07-21 18:00:00+00:00,4081.764999999999,4099.615,4080.784999999999,4095.374999999999
2026-07-21 19:00:00+00:00,4095.374999999999,4098.714999999999,4093.155,4097.625
2026-07-21 20:00:00+00:00,4097.625,4099.345,4089.395000000001,4090.495000000001
2026-07-21 22:00:00+00:00,4090.495000000001,4096.035000000002,4086.745000000001,4091.425000000001
2026-07-21 23:00:00+00:00,4091.425000000001,4093.975000000001,4090.195000000001,4091.895000000001
2026-07-22 00:00:00+00:00,4091.895000000001,4113.245000000002,4087.805000000001,4108.485000000001
2026-07-22 01:00:00+00:00,4108.485000000001,4134.595,4107.475,4133.275000000001
2026-07-22 02:00:00+00:00,4133.275000000001,4141.905000000001,4129.985000000001,4141.475
2026-07-22 03:00:00+00:00,4141.475,4152.655000000001,4140.285000000001,4141.8150000000005
2026-07-22 04:00:00+00:00,4141.8150000000005,4142.205,4135.755,4137.985000000001
2026-07-22 05:00:00+00:00,4137.985000000001,4144.995,4133.965,4142.115000000001
2026-07-22 06:00:00+00:00,4142.115000000001,4146.155000000001,4124.3550000000005,4127.385
2026-07-22 07:00:00+00:00,4127.385,4133.905000000001,4120.265,4121.615000000001
2026-07-22 08:00:00+00:00,4121.615000000001,4131.0650000000005,4121.585,4129.285000000001
2026-07-22 09:00:00+00:00,4129.285000000001,4133.385,4124.215,4125.985000000001
2026-07-22 10:00:00+00:00,4125.985000000001,4132.825000000001,4125.825000000001,4128.585
2026-07-22 11:00:00+00:00,4128.585,4134.025000000001,4123.695000000001,4133.535000000001
2026-07-22 12:00:00+00:00,4133.535000000001,4145.345,4117.575000000001,4123.885
2026-07-22 13:00:00+00:00,4123.885,4166.765,4123.775000000001,4165.585
2026-07-22 14:00:00+00:00,4165.585,4174.305,4154.935,4159.455
2026-07-22 15:00:00+00:00,4159.455,4176.985000000001,4159.455,4170.215
2026-07-22 16:00:00+00:00,4170.215,4170.305,4155.485000000001,4157.725
2026-07-22 17:00:00+00:00,4157.725,4158.795,4149.395,4153.255
2026-07-22 18:00:00+00:00,4153.255,4153.725,4143.015,4147.025000000001
2026-07-22 19:00:00+00:00,4147.025000000001,4148.185,4139.905000000001,4142.845
2026-07-22 20:00:00+00:00,4142.845,4148.8550000000005,4139.235000000001,4140.8550000000005
2026-07-22 22:00:00+00:00,4140.8550000000005,4153.805000000001,4119.535000000001,4127.475
2026-07-22 23:00:00+00:00,4127.475,4140.015,4122.395,4139.385
2026-07-23 00:00:00+00:00,4139.385,4140.655000000001,4131.095,4138.095
2026-07-23 01:00:00+00:00,4138.095,4146.925,4120.215000000001,4123.785000000001
2026-07-23 02:00:00+00:00,4123.785000000001,4134.715000000001,4117.965000000001,4134.045000000001
2026-07-23 03:00:00+00:00,4134.045000000001,4138.935,4130.0650000000005,4130.635
2026-07-23 04:00:00+00:00,4130.635,4136.215000000001,4125.905000000001,4127.095
2026-07-23 05:00:00+00:00,4127.095,4136.485000000001,4125.235000000001,4130.045000000001
2026-07-23 06:00:00+00:00,4130.045000000001,4134.135,4122.805,4124.405000000001
2026-07-23 07:00:00+00:00,4124.405000000001,4125.375000000001,4096.125000000001,4101.374999999999
2026-07-23 08:00:00+00:00,4101.374999999999,4103.624999999998,4092.894999999997,4099.174999999997
2026-07-23 09:00:00+00:00,4099.174999999997,4105.344999999997,4094.294999999998,4095.864999999998
2026-07-23 10:00:00+00:00,4095.864999999998,4101.144999999999,4091.9249999999984,4099.064999999999
2026-07-23 11:00:00+00:00,4099.064999999999,4099.804999999999,4079.024999999999,4091.574999999999
2026-07-23 12:00:00+00:00,4091.574999999999,4091.874999999999,4066.984999999999,4067.704999999999
2026-07-23 13:00:00+00:00,4067.704999999999,4073.304999999999,4046.444999999999,4049.114999999999
2026-07-23 14:00:00+00:00,4049.114999999999,4067.614999999999,4046.004999999999,4063.844999999999
2026-07-23 15:00:00+00:00,4063.844999999999,4065.344999999999,4048.254999999999,4054.674999999999
2026-07-23 16:00:00+00:00,4054.674999999999,4057.694999999999,4051.714999999999,4057.434999999999
2026-07-23 17:00:00+00:00,4057.434999999999,4060.414999999999,4047.424999999999,4047.614999999999
2026-07-23 18:00:00+00:00,4047.614999999999,4054.324999999999,4046.584999999999,4051.914999999999
2026-07-23 19:00:00+00:00,4051.914999999999,4057.044999999999,4048.974999999999,4055.734999999999
2026-07-23 20:00:00+00:00,4055.734999999999,4057.224999999999,4053.234999999999,4054.804999999999
2026-07-23 22:00:00+00:00,4054.804999999999,4056.624999999999,4054.334999999999,4055.6949999999993
2026-07-23 23:00:00+00:00,4055.6949999999993,4056.624999999999,4052.774999999999,4053.204999999999
2026-07-24 00:00:00+00:00,4053.204999999999,4056.734999999999,4047.414999999999,4055.894999999999
2026-07-24 01:00:00+00:00,4055.894999999999,4056.604999999999,4046.484999999999,4049.7149999999992
2026-07-24 02:00:00+00:00,4049.7149999999992,4054.294999999999,4029.204999999999,4030.544999999999
2026-07-24 03:00:00+00:00,4030.544999999999,4039.764999999999,4029.314999999999,4035.574999999999
2026-07-24 04:00:00+00:00,4035.574999999999,4036.4649999999992,4031.384999999999,4033.224999999999
2026-07-24 05:00:00+00:00,4033.224999999999,4038.364999999999,4028.024999999999,4029.144999999999
2026-07-24 06:00:00+00:00,4029.144999999999,4045.154999999999,4029.134999999999,4041.834999999999
2026-07-24 07:00:00+00:00,4041.834999999999,4059.744999999999,4041.334999999999,4054.394999999999
2026-07-24 08:00:00+00:00,4054.394999999999,4064.814999999999,4051.264999999999,4063.614999999999
2026-07-24 09:00:00+00:00,4063.614999999999,4066.954999999999,4057.874999999999,4065.974999999999
2026-07-24 10:00:00+00:00,4065.974999999999,4070.064999999999,4063.304999999999,4066.124999999999
2026-07-24 11:00:00+00:00,4066.124999999999,4069.594999999999,4057.554999999999,4063.874999999999
2026-07-24 12:00:00+00:00,4063.874999999999,4066.274999999999,4057.784999999999,4062.234999999999
2026-07-24 13:00:00+00:00,4062.234999999999,4074.704999999999,4050.884999999999,4073.364999999999
2026-07-24 14:00:00+00:00,4073.364999999999,4076.144999999999,4062.084999999999,4069.434999999999
2026-07-24 15:00:00+00:00,4069.434999999999,4088.124999999999,4068.014999999999,4083.504999999999
2026-07-24 16:00:00+00:00,4083.504999999999,4084.294999999999,4070.334999999999,4073.114999999999
2026-07-24 17:00:00+00:00,4073.114999999999,4076.004999999999,4069.034999999999,4069.534999999999
2026-07-24 18:00:00+00:00,4069.534999999999,4070.624999999999,4057.224999999999,4060.544999999999
2026-07-24 19:00:00+00:00,4060.544999999999,4064.104999999999,4055.334999999999,4059.814999999999
2026-07-24 20:00:00+00:00,4059.814999999999,4062.134999999999,4057.754999999999,4061.584999999999
2026-07-26 22:00:00+00:00,4061.584999999999,4102.855,4056.844999999999,4095.745
2026-07-26 23:00:00+00:00,4095.745,4102.705,4089.785,4100.435
2026-07-27 00:00:00+00:00,4100.435,4122.315,4097.234999999999,4107.025000000001
2026-07-27 01:00:00+00:00,4107.025000000001,4118.745,4103.175,4116.395
2026-07-27 02:00:00+00:00,4116.395,4117.225,4099.855,4099.935
2026-07-27 03:00:00+00:00,4099.935,4102.014999999999,4091.444999999997,4097.234999999997
2026-07-27 04:00:00+00:00,4097.234999999997,4099.134999999997,4093.214999999997,4096.514999999996
2026-07-27 05:00:00+00:00,4096.514999999996,4101.054999999997,4090.7849999999976,4099.4649999999965
2026-07-27 06:00:00+00:00,4099.4649999999965,4105.514999999996,4097.474999999997,4102.254999999995
2026-07-27 07:00:00+00:00,4102.254999999995,4112.2049999999945,4094.744999999994,4094.964999999994
2026-07-27 08:00:00+00:00,4094.964999999994,4103.084999999995,4093.4349999999945,4101.3749999999945
2026-07-27 09:00:00+00:00,4101.3749999999945,4106.624999999995,4096.664999999995,4102.394999999996
2026-07-27 10:00:00+00:00,4102.394999999996,4108.624999999992,4092.744999999995,4105.794999999992
2026-07-27 11:00:00+00:00,4105.794999999992,4110.294999999992,4100.044999999994,4100.074999999993
2026-07-27 12:00:00+00:00,4100.074999999993,4103.894999999994,4088.004999999994,4089.9949999999935
2026-07-27 13:00:00+00:00,4089.9949999999935,4095.7649999999935,4076.8049999999935,4080.504999999994
2026-07-27 14:00:00+00:00,4080.504999999994,4085.3349999999946,4071.5549999999935,4082.4349999999945
2026-07-27 15:00:00+00:00,4082.4349999999945,4085.9549999999945,4078.1349999999934,4084.754999999994
2026-07-27 16:00:00+00:00,4084.754999999994,4100.144999999994,4084.0949999999934,4088.574999999993
2026-07-27 17:00:00+00:00,4088.574999999993,4088.594999999993,4076.854999999993,4082.604999999993
2026-07-27 18:00:00+00:00,4082.604999999993,4085.744999999993,4079.284999999993,4084.204999999993
2026-07-27 19:00:00+00:00,4084.204999999993,4095.534999999993,4082.394999999993,4089.654999999993
2026-07-27 20:00:00+00:00,4089.654999999993,4090.354999999993,4081.734999999993,4082.954999999993
2026-07-27 22:00:00+00:00,4082.954999999993,4089.934999999993,4079.574999999993,4082.734999999993
2026-07-27 23:00:00+00:00,4082.734999999993,4083.574999999993,4078.434999999993,4081.814999999993
2026-07-28 00:00:00+00:00,4081.814999999993,4082.744999999993,4066.034999999993,4066.484999999993
2026-07-28 01:00:00+00:00,4066.484999999993,4068.754999999993,4051.134999999993,4053.714999999993
2026-07-28 02:00:00+00:00,4053.714999999993,4057.504999999993,4049.354999999993,4050.624999999993
2026-07-28 03:00:00+00:00,4050.624999999993,4059.564999999993,4048.804999999993,4057.944999999993
2026-07-28 04:00:00+00:00,4057.944999999993,4058.154999999993,4050.164999999993,4050.694999999993
2026-07-28 05:00:00+00:00,4050.694999999993,4054.964999999993,4043.144999999993,4053.684999999993
2026-07-28 06:00:00+00:00,4053.684999999993,4060.874999999993,4051.364999999993,4056.884999999993
2026-07-28 07:00:00+00:00,4056.884999999993,4060.844999999993,4054.614999999993,4055.694999999993
2026-07-28 08:00:00+00:00,4055.694999999993,4063.674999999993,4050.114999999993,4053.914999999993
2026-07-28 09:00:00+00:00,4053.914999999993,4054.414999999993,4028.024999999993,4031.884999999993
2026-07-28 10:00:00+00:00,4031.884999999993,4037.034999999993,4025.474999999993,4035.004999999993
2026-07-28 11:00:00+00:00,4035.004999999993,4040.824999999993,4031.714999999993,4036.574999999993
2026-07-28 12:00:00+00:00,4036.574999999993,4046.654999999993,4031.424999999993,4037.964999999993
2026-07-28 13:00:00+00:00,4037.964999999993,4044.554999999993,4028.694999999993,4030.644999999993
2026-07-28 14:00:00+00:00,4030.644999999993,4041.734999999993,4020.124999999993,4032.964999999993
2026-07-28 15:00:00+00:00,4032.964999999993,4055.514999999993,4030.744999999993,4054.614999999993
2026-07-28 16:00:00+00:00,4054.614999999993,4054.934999999993,4045.104999999993,4045.994999999993
2026-07-28 17:00:00+00:00,4045.994999999993,4050.024999999993,4034.394999999993,4036.284999999993
2026-07-28 18:00:00+00:00,4036.284999999993,4038.964999999993,4030.174999999993,4031.444999999993
2026-07-28 19:00:00+00:00,4031.444999999993,4036.564999999993,4030.554999999993,4034.944999999993
2026-07-28 20:00:00+00:00,4034.944999999993,4039.144999999993,4031.014999999993,4036.834999999993
2026-07-28 22:00:00+00:00,4036.834999999993,4040.694999999993,4023.4749999999926,4028.074999999993
2026-07-28 23:00:00+00:00,4028.074999999993,4036.0349999999926,4024.8349999999928,4034.6649999999927
2026-07-29 00:00:00+00:00,4034.6649999999927,4039.364999999993,4027.3949999999927,4031.6649999999927
2026-07-29 01:00:00+00:00,4031.6649999999927,4040.364999999993,4020.1849999999927,4035.6849999999927
2026-07-29 02:00:00+00:00,4035.6849999999927,4047.7249999999926,4032.9549999999927,4039.2049999999927
2026-07-29 03:00:00+00:00,4039.2049999999927,4042.614999999993,4033.064999999993,4033.424999999993
2026-07-29 04:00:00+00:00,4033.424999999993,4037.444999999993,4030.3749999999927,4036.984999999993
2026-07-29 05:00:00+00:00,4036.984999999993,4049.7249999999926,4036.464999999993,4042.714999999993
2026-07-29 06:00:00+00:00,4042.714999999993,4054.554999999993,4042.6849999999927,4050.944999999993
2026-07-29 07:00:00+00:00,4050.944999999993,4057.4749999999926,4050.864999999993,4053.6449999999927
2026-07-29 08:00:00+00:00,4053.6449999999927,4054.174999999993,4045.194999999993,4047.3549999999927
2026-07-29 09:00:00+00:00,4047.3549999999927,4048.1449999999927,4041.0149999999926,4042.604999999993
2026-07-29 10:00:00+00:00,4042.604999999993,4044.424999999993,4036.134999999993,4037.604999999993
2026-07-29 11:00:00+00:00,4037.604999999993,4046.224999999993,4035.064999999993,4042.794999999993
2026-07-29 12:00:00+00:00,4042.794999999993,4043.464999999993,4019.284999999993,4032.614999999993
2026-07-29 13:00:00+00:00,4032.614999999993,4036.434999999993,4012.554999999993,4017.3349999999928
2026-07-29 14:00:00+00:00,4017.3349999999928,4020.154999999993,4005.964999999993,4014.804999999993
2026-07-29 15:00:00+00:00,4014.804999999993,4023.884999999993,4013.224999999993,4019.804999999993
2026-07-29 16:00:00+00:00,4019.804999999993,4042.8349999999928,4017.504999999993,4037.284999999993
2026-07-29 17:00:00+00:00,4037.284999999993,4060.634999999993,4037.284999999993,4053.754999999993
2026-07-29 18:00:00+00:00,4053.754999999993,4119.794999999993,4051.864999999993,4117.114999999993
2026-07-29 19:00:00+00:00,4117.114999999993,4126.364999999993,4054.494999999993,4054.844999999993
2026-07-29 20:00:00+00:00,4054.844999999993,4080.264999999993,4052.924999999993,4077.914999999993
2026-07-29 22:00:00+00:00,4077.914999999993,4104.504999999995,4073.144999999993,4102.234999999995
2026-07-29 23:00:00+00:00,4102.234999999995,4114.054999999996,4098.234999999993,4098.324999999993
2026-07-30 00:00:00+00:00,4098.324999999993,4100.5349999999935,4078.774999999994,4086.094999999994
2026-07-30 01:00:00+00:00,4086.094999999994,4106.694999999994,4084.504999999994,4098.564999999995
2026-07-30 02:00:00+00:00,4098.564999999995,4104.1649999999945,4077.3849999999975,4077.4549999999977
2026-07-30 03:00:00+00:00,4077.4549999999977,4084.0549999999976,4064.564999999998,4072.6649999999977
2026-07-30 04:00:00+00:00,4072.6649999999977,4074.0749999999975,4058.3349999999978,4059.8949999999977
2026-07-30 05:00:00+00:00,4059.8949999999977,4065.174999999998,4042.0349999999976,4047.5749999999975
2026-07-30 06:00:00+00:00,4047.5749999999975,4054.3449999999975,4043.294999999998,4050.524999999998
2026-07-30 07:00:00+00:00,4050.524999999998,4065.2449999999976,4049.4549999999977,4052.8049999999976
2026-07-30 08:00:00+00:00,4052.8049999999976,4086.2949999999983,4050.5749999999975,4074.884999999998
2026-07-30 09:00:00+00:00,4074.884999999998,4086.554999999998,4073.884999999998,4076.874999999998
2026-07-30 10:00:00+00:00,4076.874999999998,4096.454999999998,4076.534999999998,4091.794999999999
2026-07-30 11:00:00+00:00,4091.794999999999,4096.244999999999,4089.124999999999,4091.2149999999983
2026-07-30 12:00:00+00:00,4091.2149999999983,4099.854999999999,4080.6349999999984,4082.474999999999
2026-07-30 13:00:00+00:00,4082.474999999999,4125.584999999998,4078.6949999999983,4125.414999999998
2026-07-30 14:00:00+00:00,4125.414999999998,4133.474999999998,4100.564999999999,4113.504999999998
2026-07-30 15:00:00+00:00,4113.504999999998,4123.555,4096.644999999998,4121.695
2026-07-30 16:00:00+00:00,4121.695,4132.665,4120.115,4124.195
2026-07-30 17:00:00+00:00,4124.195,4124.705,4112.014999999999,4116.155
2026-07-30 18:00:00+00:00,4116.155,4121.285,4112.245,4113.245
2026-07-30 19:00:00+00:00,4113.245,4128.785,4112.245,4125.485
2026-07-30 20:00:00+00:00,4125.485,4130.825,4112.305,4116.455
2026-07-30 22:00:00+00:00,4116.455,4124.405,4112.335,4122.255
2026-07-30 23:00:00+00:00,4122.255,4124.955,4115.325,4119.014999999999
2026-07-31 00:00:00+00:00,4119.014999999999,4120.185,4103.665000000003,4107.785000000003
2026-07-31 01:00:00+00:00,4107.785000000003,4114.6150000000025,4095.095000000004,4097.435000000005
2026-07-31 02:00:00+00:00,4097.435000000005,4103.495000000005,4087.365000000005,4089.195000000005
2026-07-31 03:00:00+00:00,4089.195000000005,4092.675000000005,4085.125000000005,4088.155000000005
2026-07-31 04:00:00+00:00,4088.155000000005,4094.665000000005,4086.545000000005,4093.235000000005
2026-07-31 05:00:00+00:00,4093.235000000005,4096.345000000005,4086.445000000005,4087.405000000005
2026-07-31 06:00:00+00:00,4087.405000000005,4100.485000000006,4085.845000000005,4090.8850000000057
2026-07-31 07:00:00+00:00,4090.8850000000057,4092.415000000005,4080.7350000000056,4080.8550000000055
2026-07-31 08:00:00+00:00,4080.8550000000055,4080.8550000000055,4067.5050000000056,4074.205000000006
2026-07-31 09:00:00+00:00,4074.205000000006,4077.1050000000055,4063.415000000005,4068.2350000000056
2026-07-31 10:00:00+00:00,4068.2350000000056,4071.475000000006,4065.1750000000056,4067.6750000000056
2026-07-31 11:00:00+00:00,4067.6750000000056,4074.1750000000056,4063.7950000000055,4066.8250000000057
2026-07-31 12:00:00+00:00,4066.8250000000057,4072.435000000005,4053.645000000005,4053.8650000000057
2026-07-31 13:00:00+00:00,4053.8650000000057,4059.8750000000055,4035.1950000000056,4038.7950000000055
2026-07-31 14:00:00+00:00,4038.7950000000055,4063.4250000000056,4034.265000000006,4062.265000000006
2026-07-31 15:00:00+00:00,4062.265000000006,4065.3750000000055,4049.8150000000055,4058.6050000000055
2026-07-31 16:00:00+00:00,4058.6050000000055,4062.8550000000055,4054.3150000000055,4056.415000000005
2026-07-31 17:00:00+00:00,4056.415000000005,4067.765000000006,4054.645000000005,4066.8350000000055
2026-07-31 18:00:00+00:00,4066.8350000000055,4068.3450000000057,4060.1950000000056,4063.8550000000055
2026-07-31 19:00:00+00:00,4063.8550000000055,4068.665000000005,4060.145000000005,4064.0050000000056
2026-07-31 20:00:00+00:00,4064.0050000000056,4066.0950000000057,4058.3550000000055,4064.0250000000055
2026-08-02 22:00:00+00:00,4064.0250000000055,4087.315000000006,4057.0250000000055,4071.725000000006
2026-08-02 23:00:00+00:00,4071.725000000006,4083.0350000000058,4071.135000000006,4082.935000000006
2026-08-03 00:00:00+00:00,4082.935000000006,4087.005000000006,4063.595000000006,4065.165000000006
2026-08-03 01:00:00+00:00,4065.165000000006,4071.165000000006,4055.425000000006,4064.625000000006
2026-08-03 02:00:00+00:00,4064.625000000006,4075.075000000006,4059.985000000006,4070.485000000006
2026-08-03 03:00:00+00:00,4070.485000000006,4075.955000000006,4067.275000000006,4073.005000000006
2026-08-03 04:00:00+00:00,4073.005000000006,4079.875000000006,4071.775000000006,4071.795000000006
2026-08-03 05:00:00+00:00,4071.795000000006,4077.845000000006,4062.105000000006,4076.815000000006
2026-08-03 06:00:00+00:00,4076.815000000006,4079.955000000006,4068.235000000006,4071.995000000006
2026-08-03 07:00:00+00:00,4071.995000000006,4073.115000000006,4060.015000000006,4069.0350000000058
2026-08-03 08:00:00+00:00,4069.0350000000058,4070.455000000006,4062.215000000006,4067.385000000006
2026-08-03 09:00:00+00:00,4067.385000000006,4070.075000000006,4054.5350000000058,4063.215000000006
2026-08-03 10:00:00+00:00,4063.215000000006,4065.075000000006,4054.075000000006,4057.365000000006
2026-08-03 11:00:00+00:00,4057.365000000006,4071.145000000006,4053.445000000006,4070.475000000006
2026-08-03 12:00:00+00:00,4070.475000000006,4072.575000000006,4050.265000000006,4055.705000000006
2026-08-03 13:00:00+00:00,4055.705000000006,4061.515000000006,4027.075000000006,4039.715000000006
2026-08-03 14:00:00+00:00,4039.715000000006,4047.235000000006,4034.585000000006,4044.195000000006
2026-08-03 15:00:00+00:00,4044.195000000006,4048.945000000006,4038.515000000006,4044.145000000006
2026-08-03 16:00:00+00:00,4044.145000000006,4047.195000000006,4042.585000000006,4044.995000000006
2026-08-03 17:00:00+00:00,4044.995000000006,4045.765000000006,4038.195000000006,4038.5350000000058
2026-08-03 18:00:00+00:00,4038.5350000000058,4053.005000000006,4037.705000000006,4051.515000000006
2026-08-03 19:00:00+00:00,4051.515000000006,4063.7850000000058,4051.425000000006,4059.915000000006
2026-08-03 20:00:00+00:00,4059.915000000006,4066.045000000006,4058.255000000006,4062.895000000006
2026-08-03 22:00:00+00:00,4062.895000000006,4073.165000000006,4062.895000000006,4070.455000000006
2026-08-03 23:00:00+00:00,4070.455000000006,4072.755000000006,4067.635000000006,4071.625000000006
2026-08-04 00:00:00+00:00,4071.625000000006,4086.835000000006,4066.485000000006,4067.095000000006
2026-08-04 01:00:00+00:00,4067.095000000006,4079.335000000006,4060.2650000000062,4076.445000000006
2026-08-04 02:00:00+00:00,4076.445000000006,4082.795000000006,4073.2450000000063,4076.655000000006
2026-08-04 03:00:00+00:00,4076.655000000006,4079.365000000006,4069.775000000006,4070.085000000006
2026-08-04 04:00:00+00:00,4070.085000000006,4083.885000000006,4068.835000000006,4081.645000000006
2026-08-04 05:00:00+00:00,4081.645000000006,4085.355000000006,4074.9950000000063,4079.645000000006
2026-08-04 06:00:00+00:00,4079.645000000006,4083.965000000006,4073.405000000006,4081.075000000006
2026-08-04 07:00:00+00:00,4081.075000000006,4084.435000000006,4078.4950000000063,4083.215000000006
2026-08-04 08:00:00+00:00,4083.215000000006,4090.545000000006,4072.275000000006,4072.695000000006
2026-08-04 09:00:00+00:00,4072.695000000006,4073.115000000006,4063.955000000006,4067.535000000006
2026-08-04 10:00:00+00:00,4067.535000000006,4078.385000000006,4063.2650000000062,4071.555000000006
2026-08-04 11:00:00+00:00,4071.555000000006,4102.015000000007,4069.945000000006,4092.745000000007
2026-08-04 12:00:00+00:00,4092.745000000007,4102.015000000007,4078.7150000000074,4088.495000000007
2026-08-04 13:00:00+00:00,4088.495000000007,4111.495000000008,4078.9150000000063,4101.545000000007
2026-08-04 14:00:00+00:00,4101.545000000007,4109.475000000006,4092.1450000000095,4101.16500000001
2026-08-04 15:00:00+00:00,4101.16500000001,4106.525000000011,4092.57500000001,4104.905000000012
2026-08-04 16:00:00+00:00,4104.905000000012,4111.235000000012,4100.555000000009,4110.915000000012
2026-08-04 17:00:00+00:00,4110.915000000012,4123.875000000013,4103.7850000000135,4103.7850000000135
2026-08-04 18:00:00+00:00,4103.7850000000135,4106.695000000012,4092.855000000009,4097.625000000008
2026-08-04 19:00:00+00:00,4097.625000000008,4102.455000000008,4094.045000000007,4096.175000000007
2026-08-04 20:00:00+00:00,4096.175000000007,4097.945000000006,4092.4350000000063,4095.0050000000074
2026-08-04 22:00:00+00:00,4095.0050000000074,4103.815000000005,4093.6650000000063,4093.685000000004
2026-08-04 23:00:00+00:00,4093.685000000004,4095.155000000004,4083.445000000004,4090.425000000004
2026-08-05 00:00:00+00:00,4090.425000000004,4101.4550000000045,4088.255000000004,4100.395000000004
2026-08-05 01:00:00+00:00,4100.395000000004,4120.405000000004,4095.575000000004,4119.295000000005
2026-08-05 02:00:00+00:00,4119.295000000005,4153.365000000004,4113.575000000004,4146.985000000004
2026-08-05 03:00:00+00:00,4146.985000000004,4154.485000000004,4144.765000000004,4146.095000000004
2026-08-05 04:00:00+00:00,4146.095000000004,4159.315000000004,4146.075000000004,4153.405000000004
2026-08-05 05:00:00+00:00,4153.405000000004,4190.835000000005,4152.625000000005,4179.685000000004
2026-08-05 06:00:00+00:00,4179.685000000004,4196.335000000005,4178.035000000004,4195.355000000004
2026-08-05 07:00:00+00:00,4195.355000000004,4197.485000000004,4180.185000000004,4188.805000000004
2026-08-05 08:00:00+00:00,4188.805000000004,4190.6650000000045,4177.025000000004,4178.475000000004
2026-08-05 09:00:00+00:00,4178.475000000004,4185.005000000005,4171.095000000004,4175.9150000000045
2026-08-05 10:00:00+00:00,4175.9150000000045,4179.585000000005,4168.105000000004,4179.435000000004
2026-08-05 11:00:00+00:00,4179.435000000004,4210.595000000004,4178.855000000004,4206.725000000004
2026-08-05 12:00:00+00:00,4206.725000000004,4231.375000000005,4201.025000000004,4201.935000000004
2026-08-05 13:00:00+00:00,4201.935000000004,4224.625000000005,4201.865000000004,4223.7050000000045
2026-08-05 14:00:00+00:00,4223.7050000000045,4265.375000000005,4221.335000000005,4262.075000000004
2026-08-05 15:00:00+00:00,4262.075000000004,4282.9550000000045,4249.995000000004,4250.525000000004
2026-08-05 16:00:00+00:00,4250.525000000004,4265.265000000004,4242.755000000005,4260.305000000004
2026-08-05 17:00:00+00:00,4260.305000000004,4270.235000000004,4254.775000000004,4268.155000000004
2026-08-05 18:00:00+00:00,4268.155000000004,4285.765000000004,4267.105000000004,4278.825000000004
2026-08-05 19:00:00+00:00,4278.825000000004,4280.045000000005,4264.225000000004,4265.035000000004
2026-08-05 20:00:00+00:00,4265.035000000004,4267.535000000004,4261.115000000004,4265.055000000004
2026-08-05 22:00:00+00:00,4265.055000000004,4272.775000000005,4263.145000000004,4268.905000000005
2026-08-05 23:00:00+00:00,4268.905000000005,4300.855000000005,4268.115000000005,4296.945000000005
2026-08-06 00:00:00+00:00,4296.945000000005,4319.215000000005,4283.445000000005,4313.605000000005
2026-08-06 01:00:00+00:00,4313.605000000005,4321.385000000005,4291.785000000005,4305.375000000005
2026-08-06 02:00:00+00:00,4305.375000000005,4322.965000000005,4293.9150000000045,4297.485000000005
2026-08-06 03:00:00+00:00,4297.485000000005,4299.815000000005,4279.4150000000045,4284.675000000005
2026-08-06 04:00:00+00:00,4284.675000000005,4286.095000000005,4271.805000000005,4281.095000000005
2026-08-06 05:00:00+00:00,4281.095000000005,4287.325000000005,4266.085000000005,4286.145000000005
2026-08-06 06:00:00+00:00,4286.145000000005,4287.395000000005,4268.125000000005,4274.865000000005
2026-08-06 07:00:00+00:00,4274.865000000005,4284.105000000005,4271.225000000005,4281.555000000005
2026-08-06 08:00:00+00:00,4281.555000000005,4297.745000000005,4279.145000000005,4297.115000000005
2026-08-06 09:00:00+00:00,4297.115000000005,4303.535000000005,4290.145000000005,4291.865000000005
2026-08-06 10:00:00+00:00,4291.865000000005,4292.425000000005,4283.495000000005,4289.765000000005
2026-08-06 11:00:00+00:00,4289.765000000005,4292.295000000005,4273.245000000005,4282.135000000005
2026-08-06 12:00:00+00:00,4282.135000000005,4289.555000000005,4267.995000000005,4269.1650000000045
2026-08-06 13:00:00+00:00,4269.1650000000045,4293.035000000005,4249.725000000005,4285.865000000005
2026-08-06 14:00:00+00:00,4285.865000000005,4294.105000000005,4279.045000000005,4291.905000000005
2026-08-06 15:00:00+00:00,4291.905000000005,4293.105000000005,4248.335000000005,4252.625000000005
2026-08-06 16:00:00+00:00,4252.625000000005,4261.795000000005,4242.285000000005,4260.215000000005
2026-08-06 17:00:00+00:00,4260.215000000005,4266.965000000005,4257.275000000005,4265.995000000005
2026-08-06 18:00:00+00:00,4265.995000000005,4268.515000000005,4259.6650000000045,4262.245000000005
2026-08-06 19:00:00+00:00,4262.245000000005,4270.195000000005,4251.815000000005,4267.695000000005
2026-08-06 20:00:00+00:00,4267.695000000005,4269.005000000005,4253.715000000005,4258.365000000005
2026-08-06 22:00:00+00:00,4258.365000000005,4258.405000000005,4249.355000000005,4254.3750000000055
2026-08-06 23:00:00+00:00,4254.3750000000055,4266.645000000005,4253.8350000000055,4265.915000000005
2026-08-07 00:00:00+00:00,4265.915000000005,4266.315000000005,4243.255000000006,4246.275000000005
2026-08-07 01:00:00+00:00,4246.275000000005,4272.895000000005,4245.435000000005,4270.475000000005
2026-08-07 02:00:00+00:00,4270.475000000005,4275.235000000005,4260.825000000005,4263.895000000005
2026-08-07 03:00:00+00:00,4263.895000000005,4280.1250000000055,4263.245000000005,4279.945000000005
2026-08-07 04:00:00+00:00,4279.945000000005,4282.905000000005,4274.205000000005,4278.555000000005
2026-08-07 05:00:00+00:00,4278.555000000005,4294.055000000005,4275.575000000005,4292.405000000005
2026-08-07 06:00:00+00:00,4292.405000000005,4312.455000000005,4292.055000000005,4310.905000000005
2026-08-07 07:00:00+00:00,4310.905000000005,4311.495000000005,4296.495000000005,4303.635000000005
2026-08-07 08:00:00+00:00,4303.635000000005,4329.905000000005,4302.615000000005,4319.715000000006
2026-08-07 09:00:00+00:00,4319.715000000006,4334.135000000005,4315.845000000005,4329.705000000005
2026-08-07 10:00:00+00:00,4329.705000000005,4334.245000000005,4321.705000000005,4330.515000000005
2026-08-07 11:00:00+00:00,4330.515000000005,4341.3350000000055,4330.395000000005,4334.775000000005
2026-08-07 12:00:00+00:00,4334.775000000005,4385.385000000005,4314.655000000005,4375.025000000005
2026-08-07 13:00:00+00:00,4375.025000000005,4381.425000000006,4353.155000000005,4361.755000000006
2026-08-07 14:00:00+00:00,4361.755000000006,4366.345000000005,4341.005000000006,4355.185000000005
2026-08-07 15:00:00+00:00,4355.185000000005,4372.065000000005,4353.405000000005,4354.635000000005
2026-08-07 16:00:00+00:00,4354.635000000005,4363.175000000006,4342.745000000005,4342.745000000005
2026-08-07 17:00:00+00:00,4342.745000000005,4356.725000000005,4341.525000000005,4353.785000000005
2026-08-07 18:00:00+00:00,4353.785000000005,4356.535000000005,4345.775000000005,4349.015000000005
2026-08-07 19:00:00+00:00,4349.015000000005,4363.785000000005,4349.015000000005,4357.525000000005
2026-08-07 20:00:00+00:00,4357.525000000005,4358.645000000005,4349.525000000005,4354.515000000005
2026-08-09 22:00:00+00:00,4354.515000000005,4369.755000000006,4352.055000000005,4361.675000000006
2026-08-09 23:00:00+00:00,4361.675000000006,4369.0450000000055,4351.645000000005,4352.765000000005
2026-08-10 00:00:00+00:00,4352.765000000005,4367.155000000005,4350.765000000005,4352.075000000005
2026-08-10 01:00:00+00:00,4352.075000000005,4360.805000000005,4333.285000000005,4342.3750000000055
2026-08-10 02:00:00+00:00,4342.3750000000055,4352.505000000006,4338.655000000005,4339.715000000006
2026-08-10 03:00:00+00:00,4339.715000000006,4349.895000000005,4337.695000000005,4346.785000000005
2026-08-10 04:00:00+00:00,4346.785000000005,4359.5850000000055,4342.905000000005,4359.455000000005
2026-08-10 05:00:00+00:00,4359.455000000005,4372.265000000005,4351.555000000005,4367.385000000006
2026-08-10 06:00:00+00:00,4367.385000000006,4379.825000000005,4361.825000000005,4378.025000000005
2026-08-10 07:00:00+00:00,4378.025000000005,4382.0850000000055,4370.065000000005,4375.385000000006
2026-08-10 08:00:00+00:00,4375.385000000006,4376.775000000005,4363.855000000005,4366.665000000005
2026-08-10 09:00:00+00:00,4366.665000000005,4370.025000000005,4360.475000000005,4361.165000000005
2026-08-10 10:00:00+00:00,4361.165000000005,4364.245000000005,4355.215000000006,4355.725000000005
2026-08-10 11:00:00+00:00,4355.725000000005,4359.415000000005,4348.8750000000055,4355.135000000006
2026-08-10 12:00:00+00:00,4355.135000000006,4357.605000000005,4344.0850000000055,4352.535000000005
2026-08-10 13:00:00+00:00,4352.535000000005,4359.985000000005,4336.635000000006,4338.055000000005
2026-08-10 14:00:00+00:00,4338.055000000005,4371.935000000005,4338.025000000005,4365.435000000005
2026-08-10 15:00:00+00:00,4365.435000000005,4379.6250000000055,4363.0850000000055,4378.5850000000055
2026-08-10 16:00:00+00:00,4378.5850000000055,4384.7950000000055,4368.925000000006,4376.905000000005
2026-08-10 17:00:00+00:00,4376.905000000005,4385.555000000005,4371.725000000005,4380.405000000005
2026-08-10 18:00:00+00:00,4380.405000000005,4402.645000000005,4379.965000000006,4398.505000000006
2026-08-10 19:00:00+00:00,4398.505000000006,4415.365000000005,4398.485000000005,4408.485000000005
2026-08-10 20:00:00+00:00,4408.485000000005,4412.095000000006,4405.705000000005,4409.355000000005
2026-08-10 22:00:00+00:00,4409.355000000005,4419.945000000005,4406.055000000005,4418.635000000005
2026-08-10 23:00:00+00:00,4418.635000000005,4421.3750000000055,4413.345000000005,4421.0850000000055
2026-08-11 00:00:00+00:00,4421.0850000000055,4438.105000000005,4415.155000000005,4428.2950000000055
2026-08-11 01:00:00+00:00,4428.2950000000055,4453.025000000005,4412.195000000005,4448.5450000000055
2026-08-11 02:00:00+00:00,4448.5450000000055,4454.155000000005,4426.815000000005,4429.675000000006
2026-08-11 03:00:00+00:00,4429.675000000006,4440.405000000005,4428.2950000000055,4435.605000000005
2026-08-11 04:00:00+00:00,4435.605000000005,4439.215000000006,4421.965000000006,4427.785000000005
2026-08-11 05:00:00+00:00,4427.785000000005,4427.995000000005,4386.3750000000055,4394.255000000006
2026-08-11 06:00:00+00:00,4394.255000000006,4401.435000000005,4378.495000000005,4385.185000000005
2026-08-11 07:00:00+00:00,4385.185000000005,4386.475000000005,4375.535000000005,4376.535000000005
2026-08-11 08:00:00+00:00,4376.535000000005,4395.555000000005,4375.815000000005,4387.935000000005
2026-08-11 09:00:00+00:00,4387.935000000005,4394.505000000006,4386.415000000005,4391.215000000006
2026-08-11 10:00:00+00:00,4391.215000000006,4401.505000000006,4390.005000000006,4401.215000000006
2026-08-11 11:00:00+00:00,4401.215000000006,4411.885000000005,4399.285000000005,4406.515000000005
2026-08-11 12:00:00+00:00,4406.515000000005,4418.955000000005,4402.685000000005,4411.285000000005
2026-08-11 13:00:00+00:00,4411.285000000005,4423.065000000005,4403.285000000005,4407.845000000005
2026-08-11 14:00:00+00:00,4407.845000000005,4416.785000000005,4400.005000000006,4412.955000000005
2026-08-11 15:00:00+00:00,4412.955000000005,4417.645000000005,4387.825000000005,4402.6250000000055
2026-08-11 16:00:00+00:00,4402.6250000000055,4404.705000000005,4397.235000000005,4402.135000000005
2026-08-11 17:00:00+00:00,4402.135000000005,4404.5450000000055,4387.845000000005,4387.925000000006
2026-08-11 18:00:00+00:00,4387.925000000006,4391.485000000005,4379.0450000000055,4390.395000000005
2026-08-11 19:00:00+00:00,4390.395000000005,4393.165000000005,4380.1250000000055,4389.485000000005
2026-08-11 20:00:00+00:00,4389.485000000005,4389.995000000005,4385.895000000005,4387.595000000005
2026-08-11 22:00:00+00:00,4387.595000000005,4397.505000000005,4386.215000000005,4387.975000000005
2026-08-11 23:00:00+00:00,4387.975000000005,4393.675000000005,4381.525000000004,4390.485000000004
2026-08-12 00:00:00+00:00,4390.485000000004,4402.745000000004,4385.375000000005,4399.605000000005
2026-08-12 01:00:00+00:00,4399.605000000005,4416.365000000004,4397.255000000005,4415.375000000005
2026-08-12 02:00:00+00:00,4415.375000000005,4433.605000000005,4413.065000000004,4430.1650000000045
2026-08-12 03:00:00+00:00,4430.1650000000045,4435.095000000005,4419.6650000000045,4421.265000000005
2026-08-12 04:00:00+00:00,4421.265000000005,4422.405000000004,4414.325000000004,4420.155000000004
2026-08-12 05:00:00+00:00,4420.155000000004,4423.945000000004,4402.935000000005,4409.9550000000045
2026-08-12 06:00:00+00:00,4409.9550000000045,4425.385000000005,4404.2050000000045,4422.485000000004
2026-08-12 07:00:00+00:00,4422.485000000004,4429.085000000005,4417.175000000005,4425.215000000005
2026-08-12 08:00:00+00:00,4425.215000000005,4429.655000000004,4420.7050000000045,4420.855000000005
2026-08-12 09:00:00+00:00,4420.855000000005,4443.335000000005,4420.855000000005,4434.845000000005
2026-08-12 10:00:00+00:00,4434.845000000005,4440.085000000005,4425.9150000000045,4431.755000000005
2026-08-12 11:00:00+00:00,4431.755000000005,4435.805000000005,4426.905000000004,4431.825000000004
2026-08-12 12:00:00+00:00,4431.825000000004,4457.495000000004,4399.885000000005,4456.295000000005
2026-08-12 13:00:00+00:00,4456.295000000005,4460.625000000005,4427.375000000005,4446.585000000005
2026-08-12 14:00:00+00:00,4446.585000000005,4458.835000000005,4435.395000000005,4441.055000000005
2026-08-12 15:00:00+00:00,4441.055000000005,4449.005000000005,4429.995000000004,4440.085000000005
2026-08-12 16:00:00+00:00,4440.085000000005,4445.475000000005,4415.215000000005,4420.525000000004
2026-08-12 17:00:00+00:00,4420.525000000004,4430.595000000005,4417.945000000004,4418.520000000005
2026-08-12 18:00:00+00:00,4418.520000000005,4436.950000000005,4415.490000000005,4432.260000000005
2026-08-12 19:00:00+00:00,4432.260000000005,4437.490000000005,4427.190000000005,4433.010000000005
2026-08-12 20:00:00+00:00,4433.010000000005,4433.340000000005,4425.720000000005,4427.190000000005
2026-08-12 22:00:00+00:00,4427.190000000005,4428.070000000005,4416.050000000006,4419.280000000005
2026-08-12 23:00:00+00:00,4419.280000000005,4431.480000000005,4418.750000000005,4431.430000000005
2026-08-13 00:00:00+00:00,4431.430000000005,4466.660000000005,4429.900000000005,4444.930000000005
2026-08-13 01:00:00+00:00,4444.930000000005,4452.410000000005,4423.180000000005,4425.450000000005
2026-08-13 02:00:00+00:00,4425.450000000005,4431.060000000005,4416.050000000005,4423.980000000005
2026-08-13 03:00:00+00:00,4423.980000000005,4429.190000000005,4415.600000000005,4417.150000000005
2026-08-13 04:00:00+00:00,4417.150000000005,4417.450000000005,4408.610000000005,4414.790000000005
2026-08-13 05:00:00+00:00,4414.790000000005,4424.230000000005,4397.570000000005,4399.980000000005
2026-08-13 06:00:00+00:00,4399.980000000005,4402.530000000005,4385.830000000005,4397.890000000005
2026-08-13 07:00:00+00:00,4397.890000000005,4398.720000000005,4386.250000000005,4386.920000000005
2026-08-13 08:00:00+00:00,4386.920000000005,4396.140000000005,4381.160000000005,4392.920000000005
2026-08-13 09:00:00+00:00,4392.920000000005,4401.860000000005,4389.500000000005,4401.510000000005
2026-08-13 10:00:00+00:00,4401.510000000005,4410.750000000005,4398.370000000005,4409.090000000005
2026-08-13 11:00:00+00:00,4409.090000000005,4413.480000000005,4399.780000000005,4404.720000000005
2026-08-13 12:00:00+00:00,4404.720000000005,4418.890000000005,4398.070000000005,4418.830000000005
2026-08-13 13:00:00+00:00,4418.830000000005,4418.840000000005,4387.700000000005,4389.750000000005
2026-08-13 14:00:00+00:00,4389.750000000005,4403.890000000005,4374.690000000005,4400.680000000005
2026-08-13 15:00:00+00:00,4400.680000000005,4402.630000000005,4374.570000000005,4381.970000000005
2026-08-13 16:00:00+00:00,4381.970000000005,4385.360000000005,4368.280000000005,4383.870000000005
2026-08-13 17:00:00+00:00,4383.870000000005,4390.320000000005,4372.600000000005,4372.870000000005
2026-08-13 18:00:00+00:00,4372.870000000005,4380.570000000005,4371.590000000005,4373.950000000005
2026-08-13 19:00:00+00:00,4373.950000000005,4375.790000000005,4360.620000000005,4367.050000000005
2026-08-13 20:00:00+00:00,4367.050000000005,4369.240000000005,4363.860000000005,4366.970000000005
2026-08-13 22:00:00+00:00,4366.970000000005,4379.910000000005,4366.2500000000055,4371.7100000000055
2026-08-13 23:00:00+00:00,4371.7100000000055,4381.280000000005,4366.350000000005,4373.810000000005
2026-08-14 00:00:00+00:00,4373.810000000005,4379.090000000006,4346.070000000005,4358.190000000005
2026-08-14 01:00:00+00:00,4358.190000000005,4358.550000000006,4329.470000000006,4335.320000000005
2026-08-14 02:00:00+00:00,4335.320000000005,4339.910000000005,4328.010000000006,4332.990000000005
2026-08-14 03:00:00+00:00,4332.990000000005,4345.310000000005,4330.940000000005,4340.630000000006
2026-08-14 04:00:00+00:00,4340.630000000006,4344.900000000005,4339.820000000005,4344.050000000006
2026-08-14 05:00:00+00:00,4344.050000000006,4350.7500000000055,4328.070000000005,4350.7500000000055
2026-08-14 06:00:00+00:00,4350.7500000000055,4353.760000000006,4345.110000000005,4352.780000000005
2026-08-14 07:00:00+00:00,4352.780000000005,4362.400000000005,4346.9200000000055,4360.840000000006
2026-08-14 08:00:00+00:00,4360.840000000006,4366.880000000006,4359.030000000005,4365.800000000006
2026-08-14 09:00:00+00:00,4365.800000000006,4374.560000000005,4363.190000000005,4374.280000000005
2026-08-14 10:00:00+00:00,4374.280000000005,4375.810000000005,4365.380000000006,4366.5000000000055
2026-08-14 11:00:00+00:00,4366.5000000000055,4386.490000000005,4365.630000000006,4386.300000000006
2026-08-14 12:00:00+00:00,4386.300000000006,4404.050000000006,4383.110000000005,4390.650000000005
2026-08-14 13:00:00+00:00,4390.650000000005,4413.690000000005,4387.360000000005,4401.360000000005
2026-08-14 14:00:00+00:00,4401.360000000005,4411.730000000005,4396.020000000005,4398.570000000005
2026-08-14 15:00:00+00:00,4398.570000000005,4411.840000000006,4396.230000000005,4408.840000000006
2026-08-14 16:00:00+00:00,4408.840000000006,4413.830000000005,4397.510000000006,4403.020000000005
2026-08-14 17:00:00+00:00,4403.020000000005,4403.650000000005,4393.410000000005,4395.640000000005
2026-08-14 18:00:00+00:00,4395.640000000005,4399.930000000005,4387.950000000005,4390.7500000000055
2026-08-14 19:00:00+00:00,4390.7500000000055,4396.990000000005,4389.240000000005,4393.240000000005
2026-08-14 20:00:00+00:00,4393.240000000005,4393.990000000005,4388.410000000005,4392.780000000005
2026-08-16 22:00:00+00:00,4392.780000000005,4397.820000000005,4382.290000000005,4396.870000000005
2026-08-16 23:00:00+00:00,4396.870000000005,4397.270000000005,4378.050000000005,4381.190000000005
2026-08-17 00:00:00+00:00,4381.190000000005,4413.020000000005,4378.920000000005,4411.960000000005
2026-08-17 01:00:00+00:00,4411.960000000005,4427.310000000005,4402.990000000005,4406.580000000005
2026-08-17 02:00:00+00:00,4406.580000000005,4409.290000000005,4399.220000000005,4404.100000000005
2026-08-17 03:00:00+00:00,4404.100000000005,4408.530000000005,4399.090000000005,4407.910000000005
2026-08-17 04:00:00+00:00,4407.910000000005,4410.5000000000055,4399.910000000005,4401.700000000005
2026-08-17 05:00:00+00:00,4401.700000000005,4412.170000000005,4397.860000000005,4405.660000000005
2026-08-17 06:00:00+00:00,4405.660000000005,4415.470000000005,4403.690000000005,4413.970000000005
2026-08-17 07:00:00+00:00,4413.970000000005,4422.170000000005,4406.910000000005,4416.190000000005
2026-08-17 08:00:00+00:00,4416.190000000005,4416.190000000005,4403.480000000005,4406.060000000005
2026-08-17 09:00:00+00:00,4406.060000000005,4411.5000000000055,4403.540000000005,4406.480000000005
2026-08-17 10:00:00+00:00,4406.480000000005,4416.740000000005,4402.880000000005,4409.950000000005
2026-08-17 11:00:00+00:00,4409.950000000005,4415.780000000005,4406.430000000005,4407.730000000005
2026-08-17 12:00:00+00:00,4407.730000000005,4409.720000000005,4388.170000000005,4395.830000000005
2026-08-17 13:00:00+00:00,4395.830000000005,4426.950000000005,4392.800000000005,4419.690000000005
2026-08-17 14:00:00+00:00,4419.690000000005,4438.400000000005,4414.740000000005,4428.280000000005
2026-08-17 15:00:00+00:00,4428.280000000005,4438.790000000005,4426.260000000005,4438.560000000005
2026-08-17 16:00:00+00:00,4438.560000000005,4439.740000000005,4433.5000000000055,4435.130000000005
2026-08-17 17:00:00+00:00,4435.130000000005,4437.040000000005,4422.200000000005,4424.650000000005
2026-08-17 18:00:00+00:00,4424.650000000005,4427.010000000005,4409.260000000005,4417.520000000005
2026-08-17 19:00:00+00:00,4417.520000000005,4431.920000000005,4411.130000000005,4430.890000000005
2026-08-17 20:00:00+00:00,4430.890000000005,4432.350000000005,4425.450000000005,4426.840000000005
2026-08-17 22:00:00+00:00,4426.840000000005,4430.650000000005,4422.780000000005,4424.060000000005
2026-08-17 23:00:00+00:00,4424.060000000005,4438.390000000005,4422.010000000006,4438.280000000005
2026-08-18 00:00:00+00:00,4438.280000000005,4447.350000000005,4431.390000000005,4447.190000000005
2026-08-18 01:00:00+00:00,4447.190000000005,4448.550000000006,4416.610000000005,4420.320000000005
2026-08-18 02:00:00+00:00,4420.320000000005,4420.470000000006,4406.400000000005,4412.310000000005
2026-08-18 03:00:00+00:00,4412.310000000005,4416.380000000006,4402.940000000005,4404.230000000005
2026-08-18 04:00:00+00:00,4404.230000000005,4407.870000000005,4401.470000000006,4406.050000000006
2026-08-18 05:00:00+00:00,4406.050000000006,4409.940000000005,4398.4200000000055,4406.6700000000055
2026-08-18 06:00:00+00:00,4406.6700000000055,4412.550000000006,4400.020000000005,4411.100000000005
2026-08-18 07:00:00+00:00,4411.100000000005,4415.980000000005,4407.770000000005,4407.950000000005
2026-08-18 08:00:00+00:00,4407.950000000005,4410.980000000005,4399.200000000005,4405.630000000006
2026-08-18 09:00:00+00:00,4405.630000000006,4407.300000000006,4399.340000000006,4405.6700000000055
2026-08-18 10:00:00+00:00,4405.6700000000055,4411.980000000005,4402.080000000005,4409.990000000005
2026-08-18 11:00:00+00:00,4409.990000000005,4411.040000000005,4400.9600000000055,4408.320000000005
2026-08-18 12:00:00+00:00,4408.320000000005,4413.220000000006,4402.350000000005,4406.580000000005
2026-08-18 13:00:00+00:00,4406.580000000005,4418.850000000005,4388.480000000005,4406.9600000000055
2026-08-18 14:00:00+00:00,4406.9600000000055,4418.7500000000055,4376.110000000005,4379.0000000000055
2026-08-18 15:00:00+00:00,4379.0000000000055,4389.950000000005,4363.950000000005,4377.230000000005
2026-08-18 16:00:00+00:00,4377.230000000005,4384.060000000005,4375.080000000005,4376.220000000006
2026-08-18 17:00:00+00:00,4376.220000000006,4380.540000000005,4368.980000000005,4370.050000000006
2026-08-18 18:00:00+00:00,4370.050000000006,4373.380000000006,4365.020000000005,4366.650000000005
2026-08-18 19:00:00+00:00,4366.650000000005,4371.060000000005,4350.870000000005,4357.950000000005
2026-08-18 20:00:00+00:00,4357.950000000005,4358.740000000005,4341.380000000006,4346.550000000006
2026-08-18 22:00:00+00:00,4346.550000000006,4358.200000000006,4346.540000000006,4348.530000000006
2026-08-18 23:00:00+00:00,4348.530000000006,4352.950000000006,4341.630000000006,4347.640000000006
2026-08-19 00:00:00+00:00,4347.640000000006,4361.830000000006,4346.080000000006,4352.590000000006
2026-08-19 01:00:00+00:00,4352.590000000006,4372.210000000006,4339.120000000006,4371.100000000006
2026-08-19 02:00:00+00:00,4371.100000000006,4376.580000000006,4366.140000000006,4369.610000000006
2026-08-19 03:00:00+00:00,4369.610000000006,4374.930000000006,4366.500000000006,4369.590000000006
2026-08-19 04:00:00+00:00,4369.590000000006,4370.770000000006,4358.400000000006,4363.080000000006
2026-08-19 05:00:00+00:00,4363.080000000006,4365.300000000006,4349.810000000006,4350.230000000006
2026-08-19 06:00:00+00:00,4350.230000000006,4364.000000000006,4349.970000000006,4363.710000000006
2026-08-19 07:00:00+00:00,4363.710000000006,4377.770000000006,4362.060000000006,4369.430000000006
2026-08-19 08:00:00+00:00,4369.430000000006,4377.660000000006,4365.6700000000055,4370.290000000006
2026-08-19 09:00:00+00:00,4370.290000000006,4376.620000000006,4368.100000000006,4376.550000000006
2026-08-19 10:00:00+00:00,4376.550000000006,4384.120000000006,4374.180000000006,4381.970000000006
2026-08-19 11:00:00+00:00,4381.970000000006,4388.700000000006,4377.850000000006,4379.300000000006
2026-08-19 12:00:00+00:00,4379.300000000006,4456.810000000006,4376.680000000006,4453.310000000006
2026-08-19 13:00:00+00:00,4453.310000000006,4480.900000000006,4439.050000000006,4474.310000000006
2026-08-19 14:00:00+00:00,4474.310000000006,4513.250000000006,4469.850000000006,4502.860000000006
2026-08-19 15:00:00+00:00,4502.860000000006,4508.660000000006,4492.980000000006,4508.560000000006
2026-08-19 16:00:00+00:00,4508.560000000006,4514.010000000006,4505.350000000006,4508.000000000006
2026-08-19 17:00:00+00:00,4508.000000000006,4513.760000000006,4498.950000000006,4501.220000000006
2026-08-19 18:00:00+00:00,4501.220000000006,4511.430000000006,4486.730000000006,4509.810000000006
2026-08-19 19:00:00+00:00,4509.810000000006,4526.930000000006,4509.150000000006,4525.880000000006
2026-08-19 20:00:00+00:00,4525.880000000006,4538.960000000006,4519.730000000006,4536.650000000006
2026-08-19 22:00:00+00:00,4536.650000000006,4546.260000000007,4535.010000000007,4537.550000000007
2026-08-19 23:00:00+00:00,4537.550000000007,4542.440000000006,4530.050000000007,4530.400000000006
2026-08-20 00:00:00+00:00,4530.400000000006,4539.530000000006,4522.660000000006,4523.340000000007
2026-08-20 01:00:00+00:00,4523.340000000007,4528.450000000006,4503.060000000007,4508.490000000006
2026-08-20 02:00:00+00:00,4508.490000000006,4518.460000000006,4507.410000000006,4509.470000000007
2026-08-20 03:00:00+00:00,4509.470000000007,4519.850000000007,4506.710000000006,4517.430000000007
2026-08-20 04:00:00+00:00,4517.430000000007,4517.910000000006,4505.010000000007,4507.180000000007
2026-08-20 05:00:00+00:00,4507.180000000007,4512.770000000006,4496.660000000006,4500.050000000007
2026-08-20 06:00:00+00:00,4500.050000000007,4514.660000000006,4498.720000000007,4512.470000000007
2026-08-20 07:00:00+00:00,4512.470000000007,4512.470000000007,4502.180000000007,4509.630000000007
2026-08-20 08:00:00+00:00,4509.630000000007,4517.390000000007,4505.640000000007,4508.050000000007
2026-08-20 09:00:00+00:00,4508.050000000007,4512.920000000006,4500.570000000006,4501.430000000007
2026-08-20 10:00:00+00:00,4501.430000000007,4513.540000000006,4499.490000000006,4508.860000000006
2026-08-20 11:00:00+00:00,4508.860000000006,4510.020000000006,4484.170000000006,4485.710000000006
2026-08-20 12:00:00+00:00,4485.710000000006,4495.690000000006,4469.340000000007,4493.400000000006
2026-08-20 13:00:00+00:00,4493.400000000006,4508.050000000007,4488.010000000007,4500.190000000006
2026-08-20 14:00:00+00:00,4500.190000000006,4535.010000000007,4499.600000000007,4534.640000000007
2026-08-20 15:00:00+00:00,4534.640000000007,4559.630000000007,4528.680000000007,4540.430000000007
2026-08-20 16:00:00+00:00,4540.430000000007,4543.510000000007,4521.420000000006,4528.750000000006
2026-08-20 17:00:00+00:00,4528.750000000006,4539.200000000006,4526.570000000006,4538.650000000006
2026-08-20 18:00:00+00:00,4538.650000000006,4544.050000000007,4527.040000000006,4540.780000000006
2026-08-20 19:00:00+00:00,4540.780000000006,4550.920000000006,4536.940000000006,4547.420000000006
2026-08-20 20:00:00+00:00,4547.420000000006,4547.720000000007,4535.540000000006,4537.320000000006
2026-08-20 22:00:00+00:00,4537.320000000006,4541.880000000007,4532.330000000006,4541.630000000007
2026-08-20 23:00:00+00:00,4541.630000000007,4550.370000000006,4538.370000000006,4543.690000000006
2026-08-21 00:00:00+00:00,4543.690000000006,4544.710000000006,4527.410000000006,4528.050000000007
2026-08-21 01:00:00+00:00,4528.050000000007,4560.810000000006,4526.420000000006,4548.070000000006
2026-08-21 02:00:00+00:00,4548.070000000006,4560.220000000006,4535.810000000006,4551.100000000006
2026-08-21 03:00:00+00:00,4551.100000000006,4555.670000000006,4544.080000000006,4552.950000000006
2026-08-21 04:00:00+00:00,4552.950000000006,4565.530000000006,4552.930000000006,4558.110000000006
2026-08-21 05:00:00+00:00,4558.110000000006,4573.650000000006,4547.050000000007,4570.930000000006
2026-08-21 06:00:00+00:00,4570.930000000006,4584.980000000006,4562.930000000006,4578.390000000006
2026-08-21 07:00:00+00:00,4578.390000000006,4585.400000000006,4576.000000000006,4581.790000000006
2026-08-21 08:00:00+00:00,4581.790000000006,4602.450000000006,4576.580000000006,4601.520000000006
2026-08-21 09:00:00+00:00,4601.520000000006,4619.570000000006,4597.780000000006,4600.090000000007
2026-08-21 10:00:00+00:00,4600.090000000007,4611.510000000007,4595.530000000006,4605.870000000006
2026-08-21 11:00:00+00:00,4605.870000000006,4621.960000000006,4604.600000000006,4614.490000000006
2026-08-21 12:00:00+00:00,4614.490000000006,4619.000000000006,4580.900000000006,4595.380000000007
2026-08-21 13:00:00+00:00,4595.380000000007,4610.150000000006,4590.920000000006,4598.400000000006
2026-08-21 14:00:00+00:00,4598.400000000006,4621.090000000007,4597.410000000006,4608.880000000007
2026-08-21 15:00:00+00:00,4608.880000000007,4632.730000000006,4604.750000000006,4632.100000000006
2026-08-21 16:00:00+00:00,4632.100000000006,4646.470000000006,4626.670000000006,4646.300000000007
2026-08-21 17:00:00+00:00,4646.300000000007,4649.560000000006,4632.840000000007,4637.930000000006
2026-08-21 18:00:00+00:00,4637.930000000006,4645.080000000006,4636.670000000006,4641.800000000007
2026-08-21 19:00:00+00:00,4641.800000000007,4642.950000000006,4632.860000000006,4634.290000000006
2026-08-21 20:00:00+00:00,4634.290000000006,4635.080000000006,4624.810000000006,4625.560000000006
2026-08-23 22:00:00+00:00,4608.07,4622.83,4605.97,4606.11
2026-08-23 23:00:00+00:00,4606.11,4624.52,4604.74,4624.01
2026-08-24 00:00:00+00:00,4624.01,4640.48,4594.49,4621.73
2026-08-24 01:00:00+00:00,4621.73,4637.65,4607.91,4632.21
2026-08-24 02:00:00+00:00,4632.21,4656.62,4627.46,4643.62
2026-08-24 03:00:00+00:00,4643.62,4650.04,4633.48,4641.6
2026-08-24 04:00:00+00:00,4641.6,4642.6,4632.39,4638.8
2026-08-24 05:00:00+00:00,4638.8,4646.44,4629.59,4640.73
2026-08-24 06:00:00+00:00,4640.73,4659.79,4639.46,4649.89
2026-08-24 07:00:00+00:00,4649.89,4654.41,4630.15,4641.55
2026-08-24 08:00:00+00:00,4641.55,4645.99,4628.85,4637.95
2026-08-24 09:00:00+00:00,4637.95,4646.06,4632.81,4645.75
2026-08-24 10:00:00+00:00,4645.75,4650.07,4641.82,4643.23
2026-08-24 11:00:00+00:00,4643.23,4669.9,4639.05,4657.68
2026-08-24 12:00:00+00:00,4657.68,4668.49,4645.16,4662.81
2026-08-24 13:00:00+00:00,4662.81,4680.86,4656.15,4664.62
2026-08-24 14:00:00+00:00,4664.62,4678.52,4655.38,4670.26
2026-08-24 15:00:00+00:00,4670.26,4679.29,4640.01,4649.18
2026-08-24 16:00:00+00:00,4649.18,4662.15,4642.1,4644.88
2026-08-24 17:00:00+00:00,4644.88,4655.13,4630.47,4636.47
2026-08-24 18:00:00+00:00,4636.47,4642.28,4625.14,4636.52
2026-08-24 19:00:00+00:00,4636.52,4655.78,4635.91,4651.81
2026-08-24 20:00:00+00:00,4651.81,4655.18,4646.99,4651.57
2026-08-24 22:00:00+00:00,4651.57,4668.36,4651.57,4667.58
2026-08-24 23:00:00+00:00,4667.58,4682.42,4666.81,4679.82
2026-08-25 00:00:00+00:00,4679.82,4696.62,4675.34,4684.53
2026-08-25 01:00:00+00:00,4684.53,4686.61,4656.59,4657.96
2026-08-25 02:00:00+00:00,4657.96,4661.39,4617.78,4629.55
2026-08-25 03:00:00+00:00,4629.55,4641.28,4622.36,4633.7
2026-08-25 04:00:00+00:00,4633.7,4637.6,4623.82,4625.92
2026-08-25 05:00:00+00:00,4625.92,4647.7,4624.02,4642.93
2026-08-25 06:00:00+00:00,4642.93,4653.32,4637.04,4638.2
2026-08-25 07:00:00+00:00,4638.2,4643.71,4629.72,4630.1
2026-08-25 08:00:00+00:00,4630.1,4645.29,4620.08,4630.18
2026-08-25 09:00:00+00:00,4630.18,4642.5,4624.1,4636.28
2026-08-25 10:00:00+00:00,4636.28,4642.3,4632.77,4639.22
2026-08-25 11:00:00+00:00,4639.22,4647.44,4636.31,4642.55
2026-08-25 12:00:00+00:00,4642.55,4644.129999999999,4629.969999999999,4640.73
2026-08-25 13:00:00+00:00,4640.73,4640.919999999999,4605.24,4616.419999999999
2026-08-25 14:00:00+00:00,4616.419999999999,4640.0,4613.07,4635.4
2026-08-25 15:00:00+00:00,4635.4,4659.33,4629.45,4652.56
2026-08-25 16:00:00+00:00,4652.56,4653.36,4636.889999999999,4643.41
2026-08-25 17:00:00+00:00,4643.41,4648.31,4634.129999999999,4648.299999999999
2026-08-25 18:00:00+00:00,4648.299999999999,4654.649999999999,4644.139999999999,4654.189999999999
2026-08-25 19:00:00+00:00,4654.189999999999,4667.209999999999,4653.039999999999,4666.619999999999
2026-08-25 20:00:00+00:00,4666.619999999999,4668.659999999999,4656.73,4657.27
2026-08-25 22:00:00+00:00,4657.56,4673.69,4657.45,4672.46
2026-08-25 23:00:00+00:00,4672.46,4673.41,4653.12,4654.83
2026-08-26 00:00:00+00:00,4654.83,4657.58,4634.4,4637.4
2026-08-26 01:00:00+00:00,4637.4,4660.82,4629.38,4657.06
2026-08-26 02:00:00+00:00,4657.06,4670.58,4654.85,4658.4
2026-08-26 03:00:00+00:00,4658.4,4658.48,4642.58,4642.72
2026-08-26 04:00:00+00:00,4642.72,4644.24,4638.81,4640.62
2026-08-26 05:00:00+00:00,4640.62,4649.43,4635.47,4639.65
2026-08-26 06:00:00+00:00,4639.65,4641.37,4624.62,4634.15
2026-08-26 07:00:00+00:00,4634.15,4639.17,4626.43,4628.99
2026-08-26 08:00:00+00:00,4628.99,4630.57,4622.06,4628.22
2026-08-26 09:00:00+00:00,4628.22,4630.83,4616.18,4623.11
2026-08-26 10:00:00+00:00,4623.11,4624.09,4613.35,4620.14
2026-08-26 11:00:00+00:00,4620.14,4625.14,4616.4,4624.5
2026-08-26 12:00:00+00:00,4624.5,4632.64,4611.0,4614.53
2026-08-26 13:00:00+00:00,4614.53,4631.86,4597.97,4631.45
2026-08-26 14:00:00+00:00,4631.45,4633.13,4602.85,4602.85
2026-08-26 15:00:00+00:00,4602.85,4609.23,4583.03,4596.06
2026-08-26 16:00:00+00:00,4596.06,4601.4,4585.56,4591.41
2026-08-26 17:00:00+00:00,4591.41,4602.01,4590.35,4597.6
2026-08-26 18:00:00+00:00,4597.6,4604.24,4592.22,4596.200000000001
2026-08-26 19:00:00+00:00,4596.200000000001,4603.910000000001,4593.27,4596.530000000001
2026-08-26 20:00:00+00:00,4596.530000000001,4598.910000000001,4586.35,4594.7300000000005
2026-08-26 22:00:00+00:00,4592.34,4613.26,4592.34,4609.43
2026-08-26 23:00:00+00:00,4609.43,4624.87,4606.9,4623.49
2026-08-27 00:00:00+00:00,4623.49,4627.04,4600.24,4605.02
2026-08-27 01:00:00+00:00,4605.02,4639.9,4602.45,4639.049999999999
2026-08-27 02:00:00+00:00,4639.049999999999,4642.07,4622.66,4628.73
2026-08-27 03:00:00+00:00,4628.73,4637.669999999999,4623.459999999999,4624.52
2026-08-27 04:00:00+00:00,4624.52,4626.36,4616.369999999999,4617.869999999999
2026-08-27 05:00:00+00:00,4617.869999999999,4620.78,4600.099999999999,4606.11
2026-08-27 06:00:00+00:00,4606.11,4610.959999999999,4596.9,4599.36
2026-08-27 07:00:00+00:00,4599.36,4604.91,4592.619999999999,4599.2
2026-08-27 08:00:00+00:00,4599.2,4605.99,4593.869999999999,4598.07
2026-08-27 09:00:00+00:00,4598.07,4599.86,4577.7,4579.49
2026-08-27 10:00:00+00:00,4579.49,4589.589999999999,4568.219999999999,4589.099999999999
2026-08-27 11:00:00+00:00,4589.099999999999,4599.419999999999,4586.329999999999,4597.24
2026-08-27 12:00:00+00:00,4597.24,4600.24,4579.419999999999,4584.889999999999
2026-08-27 13:00:00+00:00,4584.889999999999,4592.299999999999,4564.06,4571.52
2026-08-27 14:00:00+00:00,4571.52,4597.169999999999,4567.48,4590.36
2026-08-27 15:00:00+00:00,4590.36,4610.469999999999,4588.129999999999,4609.839999999999
2026-08-27 16:00:00+00:00,4609.839999999999,4615.619999999999,4601.369999999999,4613.889999999999
2026-08-27 17:00:00+00:00,4613.889999999999,4615.549999999999,4604.099999999999,4605.489999999999
2026-08-27 18:00:00+00:00,4605.489999999999,4610.219999999999,4600.02,4609.32
2026-08-27 19:00:00+00:00,4609.32,4617.039999999999,4603.249999999999,4608.4
2026-08-27 20:00:00+00:00,4608.4,4608.679999999999,4598.989999999999,4599.539999999999
2026-08-27 22:00:00+00:00,4600.49,4610.79,4600.49,4610.66
2026-08-27 23:00:00+00:00,4610.66,4611.42,4594.29,4594.42
2026-08-28 00:00:00+00:00,4594.42,4602.48,4585.58,4588.67
2026-08-28 01:00:00+00:00,4588.67,4601.35,4575.39,4575.82
2026-08-28 02:00:00+00:00,4575.82,4589.73,4575.02,4586.4
2026-08-28 03:00:00+00:00,4586.4,4590.06,4578.63,4579.84
2026-08-28 04:00:00+00:00,4579.84,4585.33,4577.88,4584.29
2026-08-28 05:00:00+00:00,4584.29,4586.34,4571.28,4573.32
2026-08-28 06:00:00+00:00,4573.32,4613.09,4572.4,4612.46
2026-08-28 07:00:00+00:00,4612.46,4614.2,4596.6,4611.8
2026-08-28 08:00:00+00:00,4611.8,4614.54,4600.84,4602.82
2026-08-28 09:00:00+00:00,4602.82,4607.42,4600.52,4605.07
2026-08-28 10:00:00+00:00,4605.07,4609.9,4597.54,4600.13
2026-08-28 11:00:00+00:00,4600.13,4601.31,4591.3,4593.32
2026-08-28 12:00:00+00:00,4593.32,4603.59,4589.06,4601.67
2026-08-28 13:00:00+00:00,4601.67,4627.22,4593.72,4605.02
2026-08-28 14:00:00+00:00,4605.02,4630.21,4530.15,4576.63
2026-08-28 15:00:00+00:00,4576.63,4582.72,4524.16,4524.41
2026-08-28 16:00:00+00:00,4524.41,4529.52,4464.41,4479.37
2026-08-28 17:00:00+00:00,4479.37,4486.36,4460.44,4469.29
2026-08-28 18:00:00+00:00,4469.29,4471.53,4445.31,4456.72
2026-08-28 19:00:00+00:00,4456.72,4466.91,4452.97,4458.13
2026-08-28 20:00:00+00:00,4458.13,4462.67,4453.5,4456.77
2026-08-30 22:00:00+00:00,4456.77,4465.93,4433.87,4461.29
2026-08-30 23:00:00+00:00,4461.29,4466.75,4435.62,4458.32
2026-08-31 00:00:00+00:00,4458.32,4472.13,4452.09,4456.28
2026-08-31 01:00:00+00:00,4456.28,4463.3,4435.62,4440.11
2026-08-31 02:00:00+00:00,4440.11,4441.41,4396.26,4422.78
2026-08-31 03:00:00+00:00,4422.78,4433.93,4419.7,4422.51
2026-08-31 04:00:00+00:00,4422.51,4424.96,4412.81,4424.5
2026-08-31 05:00:00+00:00,4424.5,4443.75,4419.2,4442.92
2026-08-31 06:00:00+00:00,4442.92,4443.21,4429.15,4439.26
2026-08-31 07:00:00+00:00,4439.26,4447.86,4435.06,4443.23
2026-08-31 08:00:00+00:00,4443.23,4449.45,4433.68,4435.54
2026-08-31 09:00:00+00:00,4435.54,4445.5,4435.51,4445.26
2026-08-31 10:00:00+00:00,4445.26,4455.55,4444.56,4453.89
2026-08-31 11:00:00+00:00,4453.89,4463.81,4452.16,4455.26
2026-08-31 12:00:00+00:00,4455.26,4460.85,4435.22,4435.77
2026-08-31 13:00:00+00:00,4435.77,4448.23,4415.59,4418.54
2026-08-31 14:00:00+00:00,4418.54,4436.66,4416.12,4431.66
2026-08-31 15:00:00+00:00,4431.66,4437.8,4424.51,4426.2
2026-08-31 16:00:00+00:00,4426.2,4440.26,4423.67,4433.21
2026-08-31 17:00:00+00:00,4433.21,4440.03,4428.7,4436.48
2026-08-31 18:00:00+00:00,4436.48,4436.8,4426.18,4430.86
2026-08-31 19:00:00+00:00,4430.86,4453.72,4429.17,4453.35
2026-08-31 20:00:00+00:00,4453.35,4455.77,4445.05,4446.83
2026-08-31 22:00:00+00:00,4446.83,4455.72,4445.37,4446.94
2026-08-31 23:00:00+00:00,4446.94,4452.43,4441.68,4452.24
2026-09-01 00:00:00+00:00,4452.24,4461.43,4446.26,4453.56
2026-09-01 01:00:00+00:00,4453.56,4456.92,4436.01,4444.31
2026-09-01 02:00:00+00:00,4444.31,4449.03,4427.66,4442.84
2026-09-01 03:00:00+00:00,4442.84,4444.05,4431.6,4436.71
2026-09-01 04:00:00+00:00,4436.71,4437.72,4425.25,4426.62
2026-09-01 05:00:00+00:00,4426.62,4446.04,4423.4,4440.12
2026-09-01 06:00:00+00:00,4440.12,4440.56,4427.53,4429.56
2026-09-01 07:00:00+00:00,4429.56,4434.95,4411.93,4420.07
2026-09-01 08:00:00+00:00,4420.07,4420.07,4369.12,4370.77
2026-09-01 09:00:00+00:00,4370.77,4378.04,4364.18,4364.74
2026-09-01 10:00:00+00:00,4364.74,4385.95,4364.28,4378.15
2026-09-01 11:00:00+00:00,4378.15,4387.14,4371.84,4374.42
2026-09-01 12:00:00+00:00,4374.42,4376.09,4351.93,4356.13
2026-09-01 13:00:00+00:00,4356.13,4367.45,4326.09,4364.87
2026-09-01 14:00:00+00:00,4364.87,4375.56,4353.19,4360.43
2026-09-01 15:00:00+00:00,4360.43,4373.75,4355.17,4372.81
2026-09-01 16:00:00+00:00,4372.81,4374.69,4346.91,4351.28
2026-09-01 17:00:00+00:00,4351.28,4352.03,4340.9,4342.87
2026-09-01 18:00:00+00:00,4342.87,4344.52,4328.12,4331.62
2026-09-01 19:00:00+00:00,4331.62,4337.62,4322.66,4327.0
2026-09-01 20:00:00+00:00,4327.0,4330.77,4323.65,4328.35
2026-09-01 22:00:00+00:00,4328.35,4334.0,4326.19,4329.37
2026-09-01 23:00:00+00:00,4329.37,4335.82,4322.55,4324.58
2026-09-02 00:00:00+00:00,4324.58,4334.48,4314.07,4315.64
2026-09-02 01:00:00+00:00,4315.64,4326.76,4288.43,4290.99
2026-09-02 02:00:00+00:00,4290.99,4314.73,4287.13,4302.81
2026-09-02 03:00:00+00:00,4302.81,4304.31,4282.48,4303.23
2026-09-02 04:00:00+00:00,4303.23,4307.82,4301.17,4307.26
2026-09-02 05:00:00+00:00,4307.26,4326.49,4303.46,4319.9
2026-09-02 06:00:00+00:00,4319.9,4329.14,4314.54,4321.64
2026-09-02 07:00:00+00:00,4321.64,4331.3,4319.01,4323.11
2026-09-02 08:00:00+00:00,4323.11,4331.58,4312.41,4312.87
2026-09-02 09:00:00+00:00,4312.87,4322.33,4304.77,4308.47
2026-09-02 10:00:00+00:00,4308.47,4312.2,4301.64,4309.27
2026-09-02 11:00:00+00:00,4309.27,4333.01,4307.5,4332.24
2026-09-02 12:00:00+00:00,4332.24,4344.14,4327.34,4331.27
2026-09-02 13:00:00+00:00,4331.27,4385.47,4330.57,4385.25
2026-09-02 14:00:00+00:00,4385.25,4397.69,4374.22,4376.83
2026-09-02 15:00:00+00:00,4376.83,4380.92,4364.46,4373.11
2026-09-02 16:00:00+00:00,4373.11,4374.75,4364.36,4368.28
2026-09-02 17:00:00+00:00,4368.28,4380.71,4364.55,4376.85
2026-09-02 18:00:00+00:00,4376.85,4379.78,4369.16,4374.02
2026-09-02 19:00:00+00:00,4374.02,4391.17,4371.61,4391.09
2026-09-02 20:00:00+00:00,4391.09,4391.47,4383.77,4386.52
2026-09-02 22:00:00+00:00,4386.52,4393.22,4383.29,4384.51
2026-09-02 23:00:00+00:00,4384.51,4388.8,4380.97,4385.54
2026-09-03 00:00:00+00:00,4385.54,4397.87,4382.44,4395.49
2026-09-03 01:00:00+00:00,4395.49,4412.47,4387.21,4410.34
2026-09-03 02:00:00+00:00,4410.34,4420.53,4406.61,4420.35
2026-09-03 03:00:00+00:00,4420.35,4432.64,4418.9,4431.39
2026-09-03 04:00:00+00:00,4431.39,4438.47,4425.51,4437.33
2026-09-03 05:00:00+00:00,4437.33,4440.13,4422.19,4431.07
2026-09-03 06:00:00+00:00,4431.07,4436.17,4417.84,4420.58
2026-09-03 07:00:00+00:00,4420.58,4431.55,4418.97,4428.71
2026-09-03 08:00:00+00:00,4428.71,4443.64,4428.02,4434.9
2026-09-03 09:00:00+00:00,4434.9,4441.95,4425.55,4427.47
2026-09-03 10:00:00+00:00,4427.47,4429.79,4418.95,4427.15
2026-09-03 11:00:00+00:00,4427.15,4445.75,4424.94,4444.16
2026-09-03 12:00:00+00:00,4444.16,4495.17,4437.76,4493.43
2026-09-03 13:00:00+00:00,4493.43,4496.02,4456.75,4470.52
2026-09-03 14:00:00+00:00,4470.52,4485.32,4456.99,4485.19
2026-09-03 15:00:00+00:00,4485.19,4510.84,4484.08,4493.22
2026-09-03 16:00:00+00:00,4493.22,4495.51,4485.38,4486.14
2026-09-03 17:00:00+00:00,4486.14,4494.62,4482.9,4486.53
2026-09-03 18:00:00+00:00,4486.53,4489.69,4473.94,4475.12
2026-09-03 19:00:00+00:00,4475.12,4480.72,4472.55,4475.14
2026-09-03 20:00:00+00:00,4475.14,4475.64,4470.51,4472.93
2026-09-03 22:00:00+00:00,4472.93,4478.83,4471.38,4474.47
2026-09-03 23:00:00+00:00,4474.47,4480.31,4471.65,4480.03
2026-09-04 00:00:00+00:00,4480.03,4487.24,4472.52,4486.24
2026-09-04 01:00:00+00:00,4486.24,4487.05,4466.7,4478.78
2026-09-04 02:00:00+00:00,4478.78,4482.48,4469.99,4477.34
2026-09-04 03:00:00+00:00,4477.34,4478.6,4466.94,4466.99
2026-09-04 04:00:00+00:00,4466.99,4474.91,4465.13,4473.71
2026-09-04 05:00:00+00:00,4473.71,4477.56,4466.83,4472.05
2026-09-04 06:00:00+00:00,4472.05,4473.28,4460.01,4462.86
2026-09-04 07:00:00+00:00,4462.86,4490.85,4461.42,4483.33
2026-09-04 08:00:00+00:00,4483.33,4486.39,4474.42,4477.69
2026-09-04 09:00:00+00:00,4477.69,4479.17,4463.81,4465.53
2026-09-04 10:00:00+00:00,4465.53,4476.49,4465.39,4472.77
2026-09-04 11:00:00+00:00,4472.77,4473.35,4465.07,4466.99
2026-09-04 12:00:00+00:00,4466.99,4476.04,4379.18,4393.83
2026-09-04 13:00:00+00:00,4393.83,4434.63,4365.18,4413.06
2026-09-04 14:00:00+00:00,4413.06,4442.31,4412.07,4427.39
2026-09-04 15:00:00+00:00,4427.39,4448.92,4422.59,4436.61
2026-09-04 16:00:00+00:00,4436.61,4443.54,4432.21,4436.33
2026-09-04 17:00:00+00:00,4436.33,4440.45,4415.55,4416.51
2026-09-04 18:00:00+00:00,4416.51,4426.61,4411.72,4423.88
2026-09-04 19:00:00+00:00,4423.88,4438.42,4422.39,4434.89
2026-09-04 20:00:00+00:00,4434.89,4435.11,4428.79,4430.15
2026-09-06 22:00:00+00:00,4430.15,4435.29,4416.81,4429.24
2026-09-06 23:00:00+00:00,4429.24,4434.03,4420.91,4423.24
2026-09-07 00:00:00+00:00,4423.23,4429.4,4409.76,4412.65
2026-09-07 01:00:00+00:00,4412.65,4416.71,4389.55,4409.2
2026-09-07 02:00:00+00:00,4409.2,4418.94,4402.87,4408.88
2026-09-07 03:00:00+00:00,4408.88,4410.47,4401.21,4404.03
2026-09-07 04:00:00+00:00,4404.03,4407.06,4394.32,4397.85
2026-09-07 05:00:00+00:00,4397.85,4413.14,4393.11,4393.88
2026-09-07 06:00:00+00:00,4393.88,4399.74,4385.27,4392.74
2026-09-07 07:00:00+00:00,4392.74,4406.59,4391.96,4406.3
2026-09-07 08:00:00+00:00,4406.3,4423.82,4405.14,4410.87
2026-09-07 09:00:00+00:00,4410.87,4413.71,4403.56,4405.7
2026-09-07 10:00:00+00:00,4405.7,4406.23,4388.16,4391.66
2026-09-07 11:00:00+00:00,4391.66,4394.89,4381.04,4385.13
2026-09-07 12:00:00+00:00,4385.13,4397.95,4385.13,4396.67
2026-09-07 13:00:00+00:00,4396.67,4407.75,4395.33,4402.65
2026-09-07 14:00:00+00:00,4402.65,4419.56,4401.05,4415.97
2026-09-07 15:00:00+00:00,4415.97,4416.57,4408.72,4414.41
2026-09-07 16:00:00+00:00,4414.41,4417.18,4411.63,4414.26
2026-09-07 17:00:00+00:00,4414.26,4414.85,4406.95,4406.95
2026-09-07 18:00:00+00:00,4406.95,4408.97,4402.96,4404.17
2026-09-07 19:00:00+00:00,4404.17,4404.43,4404.02,4404.36
2026-09-07 20:00:00+00:00,4404.36,4406.13,4404.2,4406.13
2026-09-07 22:00:00+00:00,4406.13,4413.83,4406.12,4407.54
2026-09-07 23:00:00+00:00,4407.54,4427.81,4407.21,4422.92
2026-09-08 00:00:00+00:00,4422.92,4430.14,4415.14,4426.14
2026-09-08 01:00:00+00:00,4426.14,4440.6,4417.12,4436.96
2026-09-08 02:00:00+00:00,4436.96,4438.52,4421.04,4424.19
2026-09-08 03:00:00+00:00,4424.19,4439.16,4422.68,4437.66
2026-09-08 04:00:00+00:00,4437.66,4442.9,4431.55,4435.91
2026-09-08 05:00:00+00:00,4435.91,4437.63,4417.41,4418.97
2026-09-08 06:00:00+00:00,4418.97,4420.13,4398.09,4403.68
2026-09-08 07:00:00+00:00,4403.68,4409.41,4390.03,4392.34
2026-09-08 08:00:00+00:00,4392.34,4398.51,4387.85,4394.1
2026-09-08 09:00:00+00:00,4394.1,4405.61,4390.78,4402.84
2026-09-08 10:00:00+00:00,4402.84,4406.4,4393.65,4395.19
2026-09-08 11:00:00+00:00,4395.19,4407.87,4391.07,4406.32
2026-09-08 12:00:00+00:00,4406.32,4411.63,4385.41,4411.39
2026-09-08 13:00:00+00:00,4411.39,4412.45,4390.56,4395.65
2026-09-08 14:00:00+00:00,4395.65,4403.53,4389.19,4398.65
2026-09-08 15:00:00+00:00,4398.65,4409.18,4394.59,4394.59
2026-09-08 16:00:00+00:00,4394.59,4398.39,4380.53,4393.57
2026-09-08 17:00:00+00:00,4393.57,4403.7,4385.19,4389.93
2026-09-08 18:00:00+00:00,4389.93,4390.28,4358.37,4375.53
2026-09-08 19:00:00+00:00,4375.53,4377.16,4356.74,4359.42
2026-09-08 20:00:00+00:00,4359.42,4364.24,4345.28,4355.76
2026-09-08 22:00:00+00:00,4355.76,4358.72,4350.48,4354.12
2026-09-08 23:00:00+00:00,4354.12,4359.79,4349.22,4349.92
2026-09-09 00:00:00+00:00,4349.92,4365.46,4341.17,4364.68
2026-09-09 01:00:00+00:00,4364.68,4378.14,4353.98,4373.69
2026-09-09 02:00:00+00:00,4373.69,4383.23,4367.2,4382.13
2026-09-09 03:00:00+00:00,4382.13,4382.68,4375.02,4375.06
2026-09-09 04:00:00+00:00,4375.06,4382.5,4370.71,4381.53
2026-09-09 05:00:00+00:00,4381.53,4400.73,4380.41,4398.83
2026-09-09 06:00:00+00:00,4398.83,4405.95,4395.26,4400.46
2026-09-09 07:00:00+00:00,4400.46,4412.75,4399.29,4409.01
2026-09-09 08:00:00+00:00,4409.01,4411.8,4398.84,4400.53
2026-09-09 09:00:00+00:00,4400.53,4402.27,4388.6,4390.68
2026-09-09 10:00:00+00:00,4390.68,4402.99,4386.2,4399.51
2026-09-09 11:00:00+00:00,4399.51,4415.15,4399.51,4407.15
2026-09-09 12:00:00+00:00,4407.15,4409.32,4390.85,4400.04
2026-09-09 13:00:00+00:00,4400.04,4433.97,4398.7,4414.94
2026-09-09 14:00:00+00:00,4414.94,4428.54,4409.9,4418.68
2026-09-09 15:00:00+00:00,4418.68,4431.74,4375.13,4398.49
2026-09-09 16:00:00+00:00,4398.49,4410.25,4391.63,4409.44
2026-09-09 17:00:00+00:00,4409.44,4420.44,4408.77,4416.0
2026-09-09 18:00:00+00:00,4416.0,4421.44,4401.59,4403.08
2026-09-09 19:00:00+00:00,4403.08,4404.8,4395.6,4398.98
2026-09-09 20:00:00+00:00,4398.98,4402.92,4393.43,4400.87
2026-09-09 22:00:00+00:00,4400.87,4406.25,4397.69,4399.74
2026-09-09 23:00:00+00:00,4399.74,4402.94,4393.1,4394.11
2026-09-10 00:00:00+00:00,4394.11,4404.78,4389.65,4401.03
2026-09-10 01:00:00+00:00,4401.03,4419.05,4399.99,4412.12
2026-09-10 02:00:00+00:00,4412.12,4420.77,4408.04,4419.31
2026-09-10 03:00:00+00:00,4419.31,4420.68,4406.81,4409.14
2026-09-10 04:00:00+00:00,4409.14,4415.49,4405.42,4408.38
2026-09-10 05:00:00+00:00,4408.38,4431.12,4408.11,4430.96
2026-09-10 06:00:00+00:00,4430.96,4434.56,4410.83,4425.16
2026-09-10 07:00:00+00:00,4425.16,4425.36,4403.99,4411.72
2026-09-10 08:00:00+00:00,4411.72,4412.75,4392.39,4394.79
2026-09-10 09:00:00+00:00,4394.79,4396.81,4388.26,4393.96
2026-09-10 10:00:00+00:00,4393.96,4400.19,4375.2,4378.86
2026-09-10 11:00:00+00:00,4378.86,4390.77,4374.28,4374.46
2026-09-10 12:00:00+00:00,4374.46,4377.75,4324.02,4339.92
2026-09-10 13:00:00+00:00,4339.92,4375.85,4339.48,4365.79
2026-09-10 14:00:00+00:00,4365.79,4376.28,4353.91,4358.1
2026-09-10 15:00:00+00:00,4358.1,4372.24,4352.58,4365.73
2026-09-10 16:00:00+00:00,4365.73,4369.58,4354.08,4364.02
2026-09-10 17:00:00+00:00,4364.02,4367.63,4351.17,4352.59
2026-09-10 18:00:00+00:00,4352.59,4356.07,4329.79,4332.99
2026-09-10 19:00:00+00:00,4332.99,4332.99,4313.68,4324.29
2026-09-10 20:00:00+00:00,4324.29,4324.38,4314.49,4316.88
2026-09-10 22:00:00+00:00,4316.88,4324.71,4313.72,4318.47
2026-09-10 23:00:00+00:00,4318.47,4320.42,4311.12,4315.17
2026-09-11 00:00:00+00:00,4315.17,4333.73,4312.72,4332.09
2026-09-11 01:00:00+00:00,4332.09,4340.48,4320.91,4329.27
2026-09-11 02:00:00+00:00,4329.27,4334.48,4315.85,4322.68
2026-09-11 03:00:00+00:00,4322.68,4326.31,4300.66,4303.7
2026-09-11 04:00:00+00:00,4303.7,4335.15,4302.06,4331.75
2026-09-11 05:00:00+00:00,4331.75,4351.97,4328.17,4345.61
2026-09-11 06:00:00+00:00,4345.61,4360.77,4345.61,4353.15
2026-09-11 07:00:00+00:00,4353.15,4356.19,4340.44,4344.87
2026-09-11 08:00:00+00:00,4344.87,4357.31,4342.21,4346.99
2026-09-11 09:00:00+00:00,4346.99,4353.98,4340.78,4346.23
2026-09-11 10:00:00+00:00,4346.23,4349.88,4336.67,4337.47
2026-09-11 11:00:00+00:00,4337.47,4342.5,4330.01,4333.35
2026-09-11 12:00:00+00:00,4333.35,4390.15,4292.01,4388.2
2026-09-11 13:00:00+00:00,4388.2,4402.4,4380.44,4401.65
2026-09-11 14:00:00+00:00,4401.65,4402.22,4364.68,4370.76
2026-09-11 15:00:00+00:00,4370.76,4377.02,4359.23,4366.96
2026-09-11 16:00:00+00:00,4366.96,4372.61,4351.9,4361.56
2026-09-11 17:00:00+00:00,4361.56,4370.29,4357.81,4358.2
2026-09-11 18:00:00+00:00,4358.2,4359.96,4344.1,4346.85
2026-09-11 19:00:00+00:00,4346.85,4353.64,4342.67,4348.47
2026-09-11 20:00:00+00:00,4348.47,4351.36,4345.54,4346.23
