datetime,open,high,low,close
2026-03-12 02:00:00+00:00,0.5781213159000018,0.5781213159000018,0.5774969972000017,0.5777379200000018
2026-03-12 03:00:00+00:00,0.5776643255000017,0.5778870643000018,0.5773283040000018,0.5778870643000018
2026-03-12 04:00:00+00:00,0.5778159282000017,0.5778159282000017,0.5769422396000018,0.5769547901000017
2026-03-12 05:00:00+00:00,0.5770170960000017,0.5774023752000018,0.5764244247000017,0.5766117567000018
2026-03-12 06:00:00+00:00,0.5764985472000017,0.5768825664000018,0.5758513488000018,0.5766452406000018
2026-03-12 07:00:00+00:00,0.5766006448000017,0.5778026716000018,0.5764040275000017,0.5775524575000018
2026-03-12 08:00:00+00:00,0.5777093088000017,0.5783864004000018,0.5774680275000018,0.5777070112000018
2026-03-12 09:00:00+00:00,0.5775392140000017,0.5775485487000017,0.5763360336000019,0.5767625820000017
2026-03-12 10:00:00+00:00,0.5768174200000018,0.5771971320000017,0.5763131760000018,0.5768072154000017
2026-03-12 11:00:00+00:00,0.5768787104000017,0.5776528926000017,0.5766827704000017,0.5771876838000017
2026-03-12 12:00:00+00:00,0.5771123200000018,0.5776211565000018,0.5769535616000018,0.5774381500000018
2026-03-12 13:00:00+00:00,0.5773253460000017,0.5776182060000017,0.5752298952000017,0.5752298952000017
2026-03-12 14:00:00+00:00,0.5754264093000017,0.5761160100000018,0.5750850100000018,0.5755976182000018
2026-03-12 15:00:00+00:00,0.5753723520000017,0.5759837128000018,0.5746861904000018,0.5758520430000018
2026-03-12 16:00:00+00:00,0.5757299912000018,0.5761861036000018,0.5752621440000018,0.5758098720000018
2026-03-12 17:00:00+00:00,0.5758919696000018,0.5760122016000018,0.5753734560000018,0.5755719585000018
2026-03-12 18:00:00+00:00,0.5756085272000018,0.5760523440000018,0.5755755600000018,0.5760100320000018
2026-03-12 19:00:00+00:00,0.5762218944000018,0.5762942640000018,0.5759127472000017,0.5760679430000017
2026-03-12 20:00:00+00:00,0.5761015275000017,0.5763975084000018,0.5759788275000017,0.5759788275000017
2026-03-12 21:00:00+00:00,0.5752776606000017,0.5756806048000017,0.5751789264000017,0.5753019249000019
2026-03-12 22:00:00+00:00,0.5756163322000017,0.5761401039000018,0.5756163322000017,0.5760615060000018
2026-03-12 23:00:00+00:00,0.5760720338000018,0.5760842474000017,0.5755737524000017,0.5756193068000018
2026-03-13 00:00:00+00:00,0.5754875392000017,0.5762226344000019,0.5751104268000019,0.5760324570000018
2026-03-13 01:00:00+00:00,0.5761867356000018,0.5765689020000018,0.5760609238000017,0.5763542390000018
2026-03-13 02:00:00+00:00,0.5764573584000018,0.5767844844000019,0.5760646500000018,0.5763571150000019
2026-03-13 03:00:00+00:00,0.5764251999000017,0.5765621778000019,0.5753699658000018,0.5760270950000019
2026-03-13 04:00:00+00:00,0.5760186009000018,0.5761906920000018,0.5755546146000018,0.5755546146000018
2026-03-13 05:00:00+00:00,0.5755649480000018,0.5758534185000018,0.5752496805000018,0.5758534185000018
2026-03-13 06:00:00+00:00,0.5757453605000018,0.5757453605000018,0.5742580844000018,0.5743381842000017
2026-03-13 07:00:00+00:00,0.5744030616000018,0.5744627742000018,0.5734776244000018,0.5740287400000018
2026-03-13 08:00:00+00:00,0.5740253323000019,0.5749344270000019,0.5735783838000019,0.5748704500000018
2026-03-13 09:00:00+00:00,0.5748524670000018,0.5752427526000019,0.5740704720000018,0.5746428010000019
2026-03-13 10:00:00+00:00,0.5746209246000018,0.5749808598000018,0.5745550974000018,0.5746768320000017
2026-03-13 11:00:00+00:00,0.5748150030000018,0.5749381248000018,0.5740306581000019,0.5747370476000018
2026-03-13 12:00:00+00:00,0.5749391120000018,0.5752536816000018,0.5745362654000018,0.5752536816000018
2026-03-13 13:00:00+00:00,0.5749026990000018,0.5749026990000018,0.5737047080000017,0.5744641500000018
2026-03-13 14:00:00+00:00,0.5746852529000017,0.5750541192000018,0.5737857880000019,0.5739850754000019
2026-03-13 15:00:00+00:00,0.5740422719000019,0.5742167368000017,0.5729600625000018,0.5729600625000018
2026-03-13 16:00:00+00:00,0.5730640515000018,0.5735336256000019,0.5727124810000018,0.5732237592000018
2026-03-13 17:00:00+00:00,0.5732426653000018,0.5736049488000019,0.5729432730000018,0.5730183506000018
2026-03-13 18:00:00+00:00,0.5730523957000018,0.5737126780000018,0.5729940976000018,0.5735495649000019
2026-03-13 19:00:00+00:00,0.5735017760000019,0.5735868512000017,0.5730521493000018,0.5730521493000018
2026-03-13 20:00:00+00:00,0.5730160269000019,0.5730160269000019,0.5718852720000018,0.5718852720000018
2026-03-15 21:00:00+00:00,0.5711079195000018,0.5711079195000018,0.5676483490000019,0.5683083960000015
2026-03-15 22:00:00+00:00,0.5675648370000014,0.5684185314000014,0.5675648370000014,0.5680259460000013
2026-03-15 23:00:00+00:00,0.5683594250000015,0.5688230856000015,0.5680809316000014,0.5686570142000015
2026-03-16 00:00:00+00:00,0.5689399560000015,0.5692815261000015,0.5685203851000015,0.5688349121000014
2026-03-16 01:00:00+00:00,0.5689084827000015,0.5690790609000014,0.5680634855000015,0.5689036269000014
2026-03-16 02:00:00+00:00,0.5687592250000014,0.5688860280000014,0.5682815820000015,0.5682815820000015
2026-03-16 03:00:00+00:00,0.5683294544000014,0.5687043468000014,0.5683229514000014,0.5685865920000014
2026-03-16 04:00:00+00:00,0.5685498256000013,0.5689063317000014,0.5683649678000015,0.5689063317000014
2026-03-16 05:00:00+00:00,0.5689031588000014,0.5699125656000014,0.5687987877000015,0.5696459080000014
2026-03-16 06:00:00+00:00,0.5699034793000014,0.5704489890000014,0.5699034793000014,0.5703977127000014
2026-03-16 07:00:00+00:00,0.5704167774000014,0.5708419864000015,0.5703281010000015,0.5703508464000014
2026-03-16 08:00:00+00:00,0.5705521848000015,0.5705521848000015,0.5692221480000014,0.5696653860000015
2026-03-16 09:00:00+00:00,0.5695619434000014,0.5697703685000014,0.5693374440000014,0.5697536460000014
2026-03-16 10:00:00+00:00,0.5696591856000014,0.5708881167000014,0.5696236912000014,0.5708881167000014
2026-03-16 11:00:00+00:00,0.5708767452000014,0.5710923206000015,0.5703345102000015,0.5705545968000014
2026-03-16 12:00:00+00:00,0.5705866089000015,0.5709529474000015,0.5704507325000014,0.5706665118000014
2026-03-16 13:00:00+00:00,0.5707676475000014,0.5718332988000014,0.5707175888000015,0.5717733255000015
2026-03-16 14:00:00+00:00,0.5716119102000013,0.5723534376000013,0.5714050992000015,0.5719518080000014
2026-03-16 15:00:00+00:00,0.5720126646000014,0.5720126646000014,0.5714896665000013,0.5717178072000014
2026-03-16 16:00:00+00:00,0.5718474396000014,0.5718474396000014,0.5709421270000015,0.5709905812000015
2026-03-16 17:00:00+00:00,0.5711736472000014,0.5714881869000014,0.5710122780000014,0.5714634132000014
2026-03-16 18:00:00+00:00,0.5714711170000014,0.5721096321000014,0.5714331739000014,0.5720524995000015
2026-03-16 19:00:00+00:00,0.5720401234000014,0.5723175744000015,0.5717710735000014,0.5722968506000015
2026-03-16 20:00:00+00:00,0.5722475439000015,0.5723708532000014,0.5713295019000014,0.5713295019000014
2026-03-16 21:00:00+00:00,0.5703755610000014,0.5713896519000013,0.5703755610000014,0.5709096516000013
2026-03-16 22:00:00+00:00,0.5716662090000012,0.5716662090000012,0.5712650064000012,0.5714308998000013
2026-03-16 23:00:00+00:00,0.5714471552000012,0.5717626864000013,0.5713797849000013,0.5716601104000013
2026-03-17 00:00:00+00:00,0.5715237996000013,0.5718427953000013,0.5712703392000013,0.5714424606000014
2026-03-17 01:00:00+00:00,0.5715623628000013,0.5732039592000012,0.5715365267000013,0.5732039592000012
2026-03-17 02:00:00+00:00,0.5732404532000013,0.5736316232000013,0.5728096095000013,0.5728096095000013
2026-03-17 03:00:00+00:00,0.5728550520000012,0.5732113776000013,0.5704167636000013,0.5719391119000012
2026-03-17 04:00:00+00:00,0.5718488676000013,0.5725977884000013,0.5713835136000013,0.5721517068000013
2026-03-17 05:00:00+00:00,0.5721691122000013,0.5735415861000012,0.5721601116000014,0.5724917250000013
2026-03-17 06:00:00+00:00,0.5724487730000013,0.5727510555000013,0.5720741382000013,0.5725660941000013
2026-03-17 07:00:00+00:00,0.5724291476000012,0.5724960256000013,0.5712017651000013,0.5713687184000013
2026-03-17 08:00:00+00:00,0.5714611140000012,0.5720536492000012,0.5710051056000013,0.5720536492000012
2026-03-17 09:00:00+00:00,0.5721184688000013,0.5725279143000013,0.5718757674000012,0.5723640908000013
2026-03-17 10:00:00+00:00,0.5723973542000013,0.5725321495000013,0.5717091157000013,0.5721232604000013
2026-03-17 11:00:00+00:00,0.5721592423000013,0.5722578207000013,0.5718702042000012,0.5721739957000013
2026-03-17 12:00:00+00:00,0.5721999173000013,0.5731667970000013,0.5720979726000013,0.5729342960000012
2026-03-17 13:00:00+00:00,0.5727487170000013,0.5741314700000013,0.5727487170000013,0.5739989448000012
2026-03-17 14:00:00+00:00,0.5738561680000014,0.5739551597000013,0.5727324480000013,0.5730106156000012
2026-03-17 15:00:00+00:00,0.5729174766000013,0.5729174766000013,0.5715859942000012,0.5724475194000013
2026-03-17 16:00:00+00:00,0.5724028236000013,0.5728533480000012,0.5721692886000014,0.5721980734000013
2026-03-17 17:00:00+00:00,0.5722795904000012,0.5728497851000013,0.5722795904000012,0.5728082400000013
2026-03-17 18:00:00+00:00,0.5728092104000013,0.5728207928000012,0.5721157184000013,0.5722602048000013
2026-03-17 19:00:00+00:00,0.5721400074000014,0.5724119940000013,0.5720463252000013,0.5724119940000013
2026-03-17 20:00:00+00:00,0.5724559260000013,0.5725307412000014,0.5715968265000012,0.5715968265000012
2026-03-17 21:00:00+00:00,0.5713645663000012,0.5715614688000014,0.5703910569000012,0.5709200386000014
2026-03-17 22:00:00+00:00,0.5715708428000014,0.5720974389000014,0.5714843960000013,0.5720666904000015
2026-03-17 23:00:00+00:00,0.5720818251000014,0.5722111964000014,0.5717313801000015,0.5721667448000015
2026-03-18 00:00:00+00:00,0.5720081988000014,0.5724598968000015,0.5719248054000015,0.5723105171000015
2026-03-18 01:00:00+00:00,0.5727431499000015,0.5732092896000015,0.5727009204000015,0.5730363216000014
2026-03-18 02:00:00+00:00,0.5729849920000015,0.5730011009000014,0.5720321773000016,0.5720790607000015
2026-03-18 03:00:00+00:00,0.5721279105000016,0.5727826918000015,0.5719711472000015,0.5727734375000014
2026-03-18 04:00:00+00:00,0.5728177734000014,0.5731394625000015,0.5724569994000014,0.5729413248000015
2026-03-18 05:00:00+00:00,0.5728880760000015,0.5732909585000016,0.5727259530000014,0.5731418280000016
2026-03-18 06:00:00+00:00,0.5731574492000014,0.5734812832000015,0.5730320055000014,0.5734812832000015
2026-03-18 07:00:00+00:00,0.5734999566000014,0.5737666869000014,0.5732465463000014,0.5736503140000015
2026-03-18 08:00:00+00:00,0.5736630120000015,0.5737906152000015,0.5730021873000015,0.5731082240000016
2026-03-18 09:00:00+00:00,0.5731330891000015,0.5736594672000015,0.5730397200000015,0.5733482237000015
2026-03-18 10:00:00+00:00,0.5733428480000016,0.5733428480000016,0.5725883424000014,0.5725883424000014
2026-03-18 11:00:00+00:00,0.5724662228000015,0.5728409944000015,0.5719318462000015,0.5720784732000015
2026-03-18 12:00:00+00:00,0.5721302076000016,0.5721302076000016,0.5702627241000015,0.5705783952000015
2026-03-18 13:00:00+00:00,0.5706198064000014,0.5713009302000014,0.5704450336000015,0.5711859700000015
2026-03-18 14:00:00+00:00,0.5711445549000015,0.5724151090000015,0.5710644188000015,0.5723677414000015
2026-03-18 15:00:00+00:00,0.5724265248000016,0.5729006925000014,0.5723168346000015,0.5728409185000015
2026-03-18 16:00:00+00:00,0.5727921472000015,0.5733413324000015,0.5726928636000015,0.5733374670000015
2026-03-18 17:00:00+00:00,0.5732263044000016,0.5740292912000015,0.5730956787000014,0.5736384576000015
2026-03-18 18:00:00+00:00,0.5741215940000015,0.5741215940000015,0.5728426956000015,0.5730444912000014
2026-03-18 19:00:00+00:00,0.5730111762000015,0.5731057255000015,0.5719864158000014,0.5722794576000015
2026-03-18 20:00:00+00:00,0.5721999531000015,0.5722734640000015,0.5714096832000015,0.5714628678000014
2026-03-18 21:00:00+00:00,0.5711771849000015,0.5716705944000015,0.5706738516000013,0.5712483480000013
2026-03-18 22:00:00+00:00,0.5720214240000014,0.5720214240000014,0.5712961316000014,0.5714479035000013
2026-03-18 23:00:00+00:00,0.5713283214000013,0.5717650050000014,0.5713038344000013,0.5717650050000014
2026-03-19 00:00:00+00:00,0.5717637618000013,0.5724330705000014,0.5712987396000013,0.5724330705000014
2026-03-19 01:00:00+00:00,0.5725851824000013,0.5725851824000013,0.5719653397000014,0.5721507966000015
2026-03-19 02:00:00+00:00,0.5720416487000014,0.5726719768000014,0.5717676225000013,0.5722411296000014
2026-03-19 03:00:00+00:00,0.5723107855000015,0.5729044491000014,0.5723101788000013,0.5726402838000014
2026-03-19 04:00:00+00:00,0.5725481085000014,0.5726384520000014,0.5723140780000013,0.5723698918000013
2026-03-19 05:00:00+00:00,0.5724275733000014,0.5726526520000014,0.5719529820000014,0.5721220450000014
2026-03-19 06:00:00+00:00,0.5721542190000014,0.5725665333000014,0.5717687898000013,0.5719948570000014
2026-03-19 07:00:00+00:00,0.5720112320000014,0.5723414764000014,0.5707823547000014,0.5710138257000014
2026-03-19 08:00:00+00:00,0.5712136287000014,0.5728432606000013,0.5711411356000013,0.5722045692000014
2026-03-19 09:00:00+00:00,0.5723508094000014,0.5757864896000014,0.5723155176000013,0.5746753060000014
2026-03-19 10:00:00+00:00,0.5744706786000013,0.5756175165000014,0.5740339704000014,0.5754833980000014
2026-03-19 11:00:00+00:00,0.5754378421000014,0.5754970580000014,0.5739786240000014,0.5742170568000013
2026-03-19 12:00:00+00:00,0.5741224125000013,0.5741224125000013,0.5714473050000014,0.5717704276000013
2026-03-19 13:00:00+00:00,0.5716105262000014,0.5721558220000014,0.5703285620000013,0.5721033044000013
2026-03-19 14:00:00+00:00,0.5724155424000014,0.5729584568000013,0.5716029324000014,0.5723586218000014
2026-03-19 15:00:00+00:00,0.5723585740000015,0.5727242544000014,0.5708693631000014,0.5719992384000014
2026-03-19 16:00:00+00:00,0.5720454950000013,0.5733245616000013,0.5720454950000013,0.5725427850000013
2026-03-19 17:00:00+00:00,0.5725967078000014,0.5725967078000014,0.5714637300000014,0.5722679696000014
2026-03-19 18:00:00+00:00,0.5720941540000014,0.5727388500000014,0.5720843700000015,0.5726607120000013
2026-03-19 19:00:00+00:00,0.5726739540000013,0.5735661852000014,0.5724552800000013,0.5728723704000014
2026-03-19 20:00:00+00:00,0.5729288565000014,0.5730741020000013,0.5727080460000014,0.5729268702000013
2026-03-19 21:00:00+00:00,0.5721239784000014,0.5731036117000013,0.5721239784000014,0.5725744920000013
2026-03-19 22:00:00+00:00,0.5729871066000014,0.5732655439000014,0.5727614976000014,0.5730364026000013
2026-03-19 23:00:00+00:00,0.5730222470000014,0.5735301216000014,0.5729054408000014,0.5730036340000013
2026-03-20 00:00:00+00:00,0.5730977980000014,0.5732249751000014,0.5723626327000013,0.5729644404000014
2026-03-20 01:00:00+00:00,0.5731735014000013,0.5736274656000013,0.5728905408000013,0.5731562389000013
2026-03-20 02:00:00+00:00,0.5731107868000014,0.5736486969000014,0.5729795890000015,0.5735802226000014
2026-03-20 03:00:00+00:00,0.5735320710000014,0.5737513530000014,0.5732692527000014,0.5734005200000014
2026-03-20 04:00:00+00:00,0.5734167672000013,0.5738991664000014,0.5731783395000014,0.5738991664000014
2026-03-20 05:00:00+00:00,0.5737976435000014,0.5743557645000014,0.5736766408000012,0.5737750666000014
2026-03-20 06:00:00+00:00,0.5738079117000014,0.5740959853000014,0.5731633556000014,0.5734822672000014
2026-03-20 07:00:00+00:00,0.5734352332000013,0.5744749725000013,0.5733440303000015,0.5738421944000014
2026-03-20 08:00:00+00:00,0.5738287779000014,0.5740392900000014,0.5729700288000014,0.5733794474000015
2026-03-20 09:00:00+00:00,0.5731740815000014,0.5733012012000014,0.5712627066000013,0.5714230140000014
2026-03-20 10:00:00+00:00,0.5716264939000013,0.5716264939000013,0.5706460907000014,0.5712519986000013
2026-03-20 11:00:00+00:00,0.5711489869000014,0.5719104600000013,0.5711489869000014,0.5714524224000014
2026-03-20 12:00:00+00:00,0.5714602719000014,0.5715035336000014,0.5705711300000014,0.5706728082000013
2026-03-20 13:00:00+00:00,0.5705956460000013,0.5709564960000014,0.5698352240000014,0.5700191650000014
2026-03-20 14:00:00+00:00,0.5700801920000014,0.5704509504000014,0.5694530505000014,0.5698105974000014
2026-03-20 15:00:00+00:00,0.5699048912000014,0.5704521923000014,0.5692939200000013,0.5692939200000013
2026-03-20 16:00:00+00:00,0.5692443282000013,0.5695697640000014,0.5688431259000013,0.5691366522000014
2026-03-20 17:00:00+00:00,0.5692269120000013,0.5693618788000013,0.5687536008000014,0.5691618156000015
2026-03-20 18:00:00+00:00,0.5690547300000014,0.5690547300000014,0.5673599520000013,0.5673660900000014
2026-03-20 19:00:00+00:00,0.5675290880000015,0.5676708153000014,0.5670834862000014,0.5675659545000014
2026-03-20 20:00:00+00:00,0.5677167222000014,0.5679711804000014,0.5672203840000013,0.5674223110000013
2026-03-22 21:00:00+00:00,0.5661251393000013,0.5690848779000016,0.5661251393000013,0.5686571774000015
2026-03-22 22:00:00+00:00,0.5690577900000016,0.5699291676000015,0.5690577900000016,0.5696452029000015
2026-03-22 23:00:00+00:00,0.5697122816000015,0.5704933160000015,0.5697031952000016,0.5702877408000014
2026-03-23 00:00:00+00:00,0.5702321120000016,0.5705586432000015,0.5694998400000016,0.5699526222000015
2026-03-23 01:00:00+00:00,0.5699123430000016,0.5704404771000015,0.5691853230000015,0.5695399593000016
2026-03-23 02:00:00+00:00,0.5695600772000016,0.5698697460000015,0.5688920391000016,0.5690441638000016
2026-03-23 03:00:00+00:00,0.5691275456000016,0.5693591358000015,0.5687494104000015,0.5690777024000016
2026-03-23 04:00:00+00:00,0.5692540500000015,0.5692540500000015,0.5687127912000016,0.5687619147000015
2026-03-23 05:00:00+00:00,0.5688380517000016,0.5689148416000015,0.5679102536000015,0.5681226298000015
2026-03-23 06:00:00+00:00,0.5681230731000015,0.5681914608000015,0.5675663747000015,0.5675769804000016
2026-03-23 07:00:00+00:00,0.5674981634000016,0.5677040831000015,0.5668789462000016,0.5671063873000015
2026-03-23 08:00:00+00:00,0.5672340240000016,0.5693080680000016,0.5669410577000015,0.5693080680000016
2026-03-23 09:00:00+00:00,0.5691608175000016,0.5697686850000016,0.5685456535000015,0.5687051994000016
2026-03-23 10:00:00+00:00,0.5687610670000016,0.5688294890000015,0.5666588265000015,0.5677829414000015
2026-03-23 11:00:00+00:00,0.5679639636000016,0.5733414712000016,0.5679036000000016,0.5697062046000015
2026-03-23 12:00:00+00:00,0.5694193232000015,0.5710162740000015,0.5692340724000016,0.5702161881000015
2026-03-23 13:00:00+00:00,0.5701568130000015,0.5712015920000015,0.5696325594000016,0.5712015920000015
2026-03-23 14:00:00+00:00,0.5711541264000015,0.5717819288000016,0.5706659200000015,0.5713916508000015
2026-03-23 15:00:00+00:00,0.5712563636000015,0.5714920786000015,0.5684979282000016,0.5689659492000015
2026-03-23 16:00:00+00:00,0.5692774584000015,0.5696771830000016,0.5683797361000015,0.5695817088000016
2026-03-23 17:00:00+00:00,0.5698246920000015,0.5705699120000015,0.5695080420000015,0.5700849704000015
2026-03-23 18:00:00+00:00,0.5699772729000014,0.5699772729000014,0.5691809576000015,0.5695486308000015
2026-03-23 19:00:00+00:00,0.5694305232000015,0.5696234810000015,0.5691680792000016,0.5692857602000015
2026-03-23 20:00:00+00:00,0.5691192323000015,0.5695015128000016,0.5691090174000015,0.5692133807000015
2026-03-23 21:00:00+00:00,0.5688290763000016,0.5698264768000014,0.5686555680000015,0.5686555680000015
2026-03-23 22:00:00+00:00,0.5691037660000015,0.5705750897000015,0.5690733380000015,0.5703431615000014
2026-03-23 23:00:00+00:00,0.5702304312000014,0.5703240081000015,0.5696334686000014,0.5698205232000014
2026-03-24 00:00:00+00:00,0.5696617635000015,0.5696617635000015,0.5684462733000014,0.5692929216000016
2026-03-24 01:00:00+00:00,0.5691503888000015,0.5695721310000015,0.5680145944000016,0.5680688490000014
2026-03-24 02:00:00+00:00,0.5679062345000015,0.5684986944000016,0.5675606972000015,0.5679364065000014
2026-03-24 03:00:00+00:00,0.5678872620000015,0.5683775832000014,0.5676348076000014,0.5679410352000015
2026-03-24 04:00:00+00:00,0.5679403870000015,0.5680965339000015,0.5677535750000015,0.5680231619000015
2026-03-24 05:00:00+00:00,0.5679575540000015,0.5680491219000015,0.5672551840000015,0.5678230272000016
2026-03-24 06:00:00+00:00,0.5678479940000015,0.5692460587000016,0.5678360840000015,0.5691522665000014
2026-03-24 07:00:00+00:00,0.5693844323000015,0.5703266346000015,0.5678704752000016,0.5680329150000015
2026-03-24 08:00:00+00:00,0.5681710944000015,0.5682384512000015,0.5664729550000014,0.5666399792000015
2026-03-24 09:00:00+00:00,0.5666577761000015,0.5671131732000014,0.5660699264000014,0.5669841128000014
2026-03-24 10:00:00+00:00,0.5669207005000015,0.5679948625000015,0.5666582049000014,0.5678929550000015
2026-03-24 11:00:00+00:00,0.5681720624000015,0.5681720624000015,0.5669282034000015,0.5674302130000014
2026-03-24 12:00:00+00:00,0.5672898400000015,0.5676135132000015,0.5668433988000016,0.5675985000000014
2026-03-24 13:00:00+00:00,0.5676658923000014,0.5691643090000015,0.5676658923000014,0.5691643090000015
2026-03-24 14:00:00+00:00,0.5692166928000015,0.5703001696000014,0.5688976776000014,0.5693137164000014
2026-03-24 15:00:00+00:00,0.5695464868000015,0.5701595620000015,0.5692116460000015,0.5698362150000015
2026-03-24 16:00:00+00:00,0.5697854140000015,0.5700693904000015,0.5692871135000015,0.5696986980000014
2026-03-24 17:00:00+00:00,0.5697604990000015,0.5697604990000015,0.5682405138000015,0.5688113557000015
2026-03-24 18:00:00+00:00,0.5688930807000014,0.5698311710000015,0.5688789606000015,0.5695985568000015
2026-03-24 19:00:00+00:00,0.5696463630000015,0.5699133440000015,0.5691991542000016,0.5692654600000014
2026-03-24 20:00:00+00:00,0.5693186600000015,0.5705292540000015,0.5691255307000015,0.5698289738000014
2026-03-24 21:00:00+00:00,0.5695602783000014,0.5699237845000015,0.5690651384000015,0.5690820078000015
2026-03-24 22:00:00+00:00,0.5696527668000014,0.5701949235000016,0.5694767265000015,0.5701103863000015
2026-03-24 23:00:00+00:00,0.5701381571000015,0.5702572308000015,0.5697419987000015,0.5698985189000014
2026-03-25 00:00:00+00:00,0.5697267327000015,0.5702465840000015,0.5692302954000015,0.5695090688000015
2026-03-25 01:00:00+00:00,0.5696396172000014,0.5696795272000016,0.5689518536000016,0.5690062777000016
2026-03-25 02:00:00+00:00,0.5689376264000015,0.5694823815000015,0.5686198794000015,0.5690627225000014
2026-03-25 03:00:00+00:00,0.5691717027000015,0.5694421397000016,0.5688224566000015,0.5694027532000016
2026-03-25 04:00:00+00:00,0.5695465908000016,0.5696207316000015,0.5692695816000015,0.5692826940000015
2026-03-25 05:00:00+00:00,0.5692623645000014,0.5695920744000015,0.5692249332000016,0.5694008936000016
2026-03-25 06:00:00+00:00,0.5693188038000014,0.5695756500000015,0.5691914085000015,0.5693037312000016
2026-03-25 07:00:00+00:00,0.5692196800000016,0.5694218400000015,0.5689799805000015,0.5690835537000015
2026-03-25 08:00:00+00:00,0.5690767482000015,0.5700003750000016,0.5690767482000015,0.5696278354000015
2026-03-25 09:00:00+00:00,0.5697212040000015,0.5700850450000016,0.5689965450000015,0.5692248000000015
2026-03-25 10:00:00+00:00,0.5691960264000014,0.5692669572000015,0.5682715416000016,0.5684483433000015
2026-03-25 11:00:00+00:00,0.5683545054000015,0.5687909490000015,0.5679441175000015,0.5682147417000015
2026-03-25 12:00:00+00:00,0.5683327755000015,0.5685987791000016,0.5676779163000015,0.5682450840000015
2026-03-25 13:00:00+00:00,0.5684665275000015,0.5694664230000015,0.5684396624000015,0.5687059011000015
2026-03-25 14:00:00+00:00,0.5687258328000016,0.5696089420000016,0.5687258328000016,0.5693964640000014
2026-03-25 15:00:00+00:00,0.5695102575000015,0.5699368928000015,0.5689406460000015,0.5699368928000015
2026-03-25 16:00:00+00:00,0.5699159460000015,0.5699193920000015,0.5695908310000015,0.5697613620000015
2026-03-25 17:00:00+00:00,0.5698043180000014,0.5699237684000016,0.5695051434000015,0.5695051434000015
2026-03-25 18:00:00+00:00,0.5694814581000015,0.5696479350000015,0.5689479800000016,0.5691875638000015
2026-03-25 19:00:00+00:00,0.5690613099000015,0.5691489480000015,0.5686951952000016,0.5688511006000015
2026-03-25 20:00:00+00:00,0.5689735023000015,0.5690995816000015,0.5681065680000015,0.5681065680000015
2026-03-25 21:00:00+00:00,0.5677559562000016,0.5682932264000015,0.5671153431000016,0.5678895132000015
2026-03-25 22:00:00+00:00,0.5680492278000016,0.5685883407000015,0.5677682214000015,0.5682605060000016
2026-03-25 23:00:00+00:00,0.5681850450000016,0.5682024519000015,0.5677366410000014,0.5679584050000015
2026-03-26 00:00:00+00:00,0.5680315597000015,0.5682618990000016,0.5677959422000015,0.5678181033000015
2026-03-26 01:00:00+00:00,0.5678731280000016,0.5682637260000015,0.5677914704000016,0.5682173854000016
2026-03-26 02:00:00+00:00,0.5682101915000015,0.5682791660000016,0.5676653120000016,0.5679425892000015
2026-03-26 03:00:00+00:00,0.5680417448000016,0.5687546964000015,0.5680079418000016,0.5687045406000015
2026-03-26 04:00:00+00:00,0.5686550730000015,0.5690386448000015,0.5684750505000016,0.5688872562000016
2026-03-26 05:00:00+00:00,0.5688570552000015,0.5690163350000015,0.5684732164000015,0.5688556714000016
2026-03-26 06:00:00+00:00,0.5688505820000015,0.5691645567000015,0.5686770838000015,0.5690116685000015
2026-03-26 07:00:00+00:00,0.5689470825000016,0.5691808946000015,0.5682385016000014,0.5682422187000015
2026-03-26 08:00:00+00:00,0.5684622177000015,0.5684622177000015,0.5676436340000015,0.5679440172000015
2026-03-26 09:00:00+00:00,0.5678615572000015,0.5681480334000016,0.5676071027000016,0.5677923615000016
2026-03-26 10:00:00+00:00,0.5678814643000015,0.5678814643000015,0.5673333624000015,0.5674986128000016
2026-03-26 11:00:00+00:00,0.5675021110000015,0.5676286128000015,0.5668383789000014,0.5668383789000014
2026-03-26 12:00:00+00:00,0.5667972930000016,0.5672703730000016,0.5659258368000015,0.5659857390000016
2026-03-26 13:00:00+00:00,0.5660923289000016,0.5677484088000015,0.5660923289000016,0.5676896825000016
2026-03-26 14:00:00+00:00,0.5676471774000015,0.5678422024000015,0.5663722230000016,0.5667448590000016
2026-03-26 15:00:00+00:00,0.5669358996000016,0.5673984360000015,0.5666227284000015,0.5668681480000015
2026-03-26 16:00:00+00:00,0.5669284572000016,0.5669642712000016,0.5663779776000015,0.5665484160000016
2026-03-26 17:00:00+00:00,0.5665918905000016,0.5667099612000015,0.5658514996000015,0.5658514996000015
2026-03-26 18:00:00+00:00,0.5660402190000016,0.5665618988000015,0.5660077155000015,0.5665047324000015
2026-03-26 19:00:00+00:00,0.5664088155000016,0.5664088155000016,0.5656854618000015,0.5657153366000015
2026-03-26 20:00:00+00:00,0.5657992560000016,0.5671382977000015,0.5654194203000016,0.5654194203000016
2026-03-26 21:00:00+00:00,0.5658506740000016,0.5666827824000016,0.5654234032000015,0.5657439182000016
2026-03-26 22:00:00+00:00,0.5663533202000016,0.5666167135000015,0.5662244896000015,0.5666157216000016
2026-03-26 23:00:00+00:00,0.5666427480000016,0.5668767055000016,0.5663178228000015,0.5663638296000015
2026-03-27 00:00:00+00:00,0.5665232505000016,0.5666366528000015,0.5656646317000016,0.5656743085000016
2026-03-27 01:00:00+00:00,0.5656316358000016,0.5664668968000016,0.5654466314000016,0.5664668968000016
2026-03-27 02:00:00+00:00,0.5666215052000017,0.5672825676000015,0.5665319152000016,0.5670723553000016
2026-03-27 03:00:00+00:00,0.5670699272000016,0.5683791652000015,0.5670612075000016,0.5683791652000015
2026-03-27 04:00:00+00:00,0.5684625984000016,0.5686581615000015,0.5680962266000016,0.5686248715000016
2026-03-27 05:00:00+00:00,0.5686591482000016,0.5686591482000016,0.5676876426000016,0.5677567263000016
2026-03-27 06:00:00+00:00,0.5676583195000016,0.5684373552000016,0.5676369216000016,0.5682437976000017
2026-03-27 07:00:00+00:00,0.5683376300000016,0.5683828878000016,0.5675421920000017,0.5680535446000016
2026-03-27 08:00:00+00:00,0.5681005616000017,0.5686213783000016,0.5675545525000015,0.5684305951000016
2026-03-27 09:00:00+00:00,0.5685522250000017,0.5689755500000016,0.5680589310000016,0.5687663600000016
2026-03-27 10:00:00+00:00,0.5688077616000016,0.5691459642000015,0.5684107346000016,0.5688925907000016
2026-03-27 11:00:00+00:00,0.5687485136000016,0.5690821164000016,0.5684501475000016,0.5684501475000016
2026-03-27 12:00:00+00:00,0.5686009582000016,0.5686018635000016,0.5679531063000016,0.5680039068000016
2026-03-27 13:00:00+00:00,0.5680006544000016,0.5680292176000016,0.5667419356000016,0.5672531890000015
2026-03-27 14:00:00+00:00,0.5673779712000016,0.5679384374000016,0.5672945994000016,0.5679384374000016
2026-03-27 15:00:00+00:00,0.5681553031000016,0.5688439587000016,0.5679569966000015,0.5681017872000016
2026-03-27 16:00:00+00:00,0.5681254866000015,0.5681254866000015,0.5670380415000015,0.5676359882000016
2026-03-27 17:00:00+00:00,0.5676380274000017,0.5678804820000016,0.5668352936000015,0.5671181751000015
2026-03-27 18:00:00+00:00,0.5671240432000016,0.5679615136000016,0.5671240432000016,0.5679615136000016
2026-03-27 19:00:00+00:00,0.5680159941000015,0.5682269920000016,0.5678806435000016,0.5680785322000015
2026-03-27 20:00:00+00:00,0.5679010195000016,0.5688555054000016,0.5673012226000017,0.5673012226000017
2026-03-29 21:00:00+00:00,0.5666745042000016,0.5666745042000016,0.5635288659000018,0.5642964054000018
2026-03-29 22:00:00+00:00,0.5647555397000018,0.5649981006000019,0.5641591044000019,0.5644600814000018
2026-03-29 23:00:00+00:00,0.5647038075000018,0.5648460055000019,0.5643011994000019,0.5645227962000019
2026-03-30 00:00:00+00:00,0.5644056960000019,0.5644056960000019,0.5635123500000019,0.5638516809000019
2026-03-30 01:00:00+00:00,0.5639693075000018,0.5643597995000019,0.5637057224000018,0.563977152000002
2026-03-30 02:00:00+00:00,0.5640315335000018,0.5645623263000019,0.5639986058000019,0.5642266920000019
2026-03-30 03:00:00+00:00,0.5642463870000018,0.5652503010000018,0.5642463870000018,0.5652032592000019
2026-03-30 04:00:00+00:00,0.5651843073000019,0.5652385485000019,0.5648598942000018,0.5649392162000019
2026-03-30 05:00:00+00:00,0.5649882600000019,0.5653754872000019,0.5649111748000019,0.5650772956000019
2026-03-30 06:00:00+00:00,0.5650845559000018,0.5652140368000019,0.5646312750000019,0.5646312750000019
2026-03-30 07:00:00+00:00,0.5647147854000019,0.5652088211000018,0.5643229662000019,0.5645244720000019
2026-03-30 08:00:00+00:00,0.564497286400002,0.5653833990000018,0.5644939601000019,0.5649743952000018
2026-03-30 09:00:00+00:00,0.5649434448000019,0.5650965278000017,0.5646243036000018,0.5648889750000019
2026-03-30 10:00:00+00:00,0.5649701680000018,0.5652102624000019,0.5646899604000019,0.5647124790000019
2026-03-30 11:00:00+00:00,0.5647664061000018,0.5652361156000019,0.5645489076000019,0.5652361156000019
2026-03-30 12:00:00+00:00,0.5652206967000019,0.5658901399000018,0.5652206967000019,0.5654347256000019
2026-03-30 13:00:00+00:00,0.5654356214000018,0.5655704352000018,0.5640826098000018,0.5642075252000018
2026-03-30 14:00:00+00:00,0.5641646535000019,0.5649442806000018,0.5637852045000019,0.5649442806000018
2026-03-30 15:00:00+00:00,0.5650952375000018,0.5653449638000019,0.5645121109000019,0.5652082032000019
2026-03-30 16:00:00+00:00,0.5652617600000018,0.5652617600000018,0.5647828218000018,0.5651421223000018
2026-03-30 17:00:00+00:00,0.5652931172000019,0.5654521062000019,0.5650851579000018,0.5652654896000018
2026-03-30 18:00:00+00:00,0.5652169460000019,0.5652809976000019,0.5644667706000018,0.5646641188000019
2026-03-30 19:00:00+00:00,0.5646749850000019,0.5646879169000019,0.5639974374000019,0.5644441932000018
2026-03-30 20:00:00+00:00,0.5643593272000018,0.5644638272000019,0.5635061010000018,0.5635061010000018
2026-03-30 21:00:00+00:00,0.5632701282000019,0.563919286000002,0.5627142960000018,0.563919286000002
2026-03-30 22:00:00+00:00,0.5643488822000019,0.5647193050000019,0.5642239320000019,0.5646946305000019
2026-03-30 23:00:00+00:00,0.5646590326000018,0.5646590326000018,0.5640735078000019,0.5641901655000019
2026-03-31 00:00:00+00:00,0.5641785072000018,0.5650709162000018,0.5635099784000018,0.5643415312000019
2026-03-31 01:00:00+00:00,0.5642775340000018,0.5651069570000019,0.5641912213000019,0.564808425300002
2026-03-31 02:00:00+00:00,0.5648129207000019,0.5649243219000019,0.5641238400000018,0.5641238400000018
2026-03-31 03:00:00+00:00,0.5639723100000018,0.5642206612000019,0.5634693504000019,0.5636568996000019
2026-03-31 04:00:00+00:00,0.563719100700002,0.5639240916000019,0.5632192020000019,0.5632192020000019
2026-03-31 05:00:00+00:00,0.5632217118000019,0.5642090934000019,0.5629075730000018,0.5640421330000018
2026-03-31 06:00:00+00:00,0.5640446398000019,0.5646118560000019,0.5636572344000018,0.5646118560000019
2026-03-31 07:00:00+00:00,0.5642949840000019,0.5659278685000019,0.5638836836000019,0.5658565344000018
2026-03-31 08:00:00+00:00,0.5659442564000019,0.5660196009000019,0.5649253676000019,0.5654298819000019
2026-03-31 09:00:00+00:00,0.565655002500002,0.5657765600000019,0.5653068369000019,0.5653670825000019
2026-03-31 10:00:00+00:00,0.5653579183000019,0.5655690981000019,0.5651879878000019,0.5654443200000019
2026-03-31 11:00:00+00:00,0.5654511408000019,0.5669535816000019,0.5653999840000019,0.5669053777000018
2026-03-31 12:00:00+00:00,0.5669951690000019,0.567345394100002,0.5665139315000018,0.5668517197000018
2026-03-31 13:00:00+00:00,0.5667500124000019,0.5675543930000019,0.5664465629000018,0.5671648736000019
2026-03-31 14:00:00+00:00,0.5670872694000019,0.5671807708000018,0.5661539565000019,0.5671807708000018
2026-03-31 15:00:00+00:00,0.566815585000002,0.5682497821000019,0.5665398781000018,0.566824859600002
2026-03-31 16:00:00+00:00,0.5670280580000019,0.5688960933000019,0.5669118882000018,0.5681866908000018
2026-03-31 17:00:00+00:00,0.5682741913000019,0.5687142144000019,0.5678215788000018,0.5678372692000018
2026-03-31 18:00:00+00:00,0.568079003600002,0.5683515784000018,0.5678216075000019,0.5680773997000019
2026-03-31 19:00:00+00:00,0.5681132400000019,0.5684772184000019,0.5680861435000019,0.5682374824000018
2026-03-31 20:00:00+00:00,0.5682056614000018,0.5683890380000018,0.5678336586000019,0.5678336586000019
2026-03-31 21:00:00+00:00,0.5685539552000018,0.5690889960000018,0.5682208115000018,0.568643634000002
2026-03-31 22:00:00+00:00,0.569145309200002,0.5694220700000019,0.5689256900000019,0.5693369551000019
2026-03-31 23:00:00+00:00,0.569315485000002,0.5696873400000019,0.5692979776000019,0.5696873400000019
2026-04-01 00:00:00+00:00,0.5695997010000019,0.5701419173000019,0.5695546528000018,0.5696358294000019
2026-04-01 01:00:00+00:00,0.569609064800002,0.5701932813000019,0.569306582000002,0.5695811130000019
2026-04-01 02:00:00+00:00,0.5695692800000018,0.5697472950000019,0.5688977070000019,0.5688977070000019
2026-04-01 03:00:00+00:00,0.5687764596000019,0.568970136800002,0.5683627600000019,0.5687905720000019
2026-04-01 04:00:00+00:00,0.5687420384000019,0.5687476228000019,0.5682857040000019,0.5682857040000019
2026-04-01 05:00:00+00:00,0.5682761955000019,0.5687876949000019,0.567771586800002,0.5678779932000019
2026-04-01 06:00:00+00:00,0.5677851318000019,0.5693768190000019,0.5677851318000019,0.5693768190000019
2026-04-01 07:00:00+00:00,0.5692466320000019,0.5692466320000019,0.5678736140000019,0.5680071906000019
2026-04-01 08:00:00+00:00,0.5679309280000019,0.5690039240000019,0.5679309280000019,0.5684366000000018
2026-04-01 09:00:00+00:00,0.5684192360000019,0.5686201419000019,0.5678669079000019,0.5680875214000018
2026-04-01 10:00:00+00:00,0.5681102856000019,0.5683707744000018,0.5677378080000018,0.5677378080000018
2026-04-01 11:00:00+00:00,0.5676740225000019,0.5688893100000019,0.5676740225000019,0.5681444628000019
2026-04-01 12:00:00+00:00,0.5680299648000019,0.5682931360000019,0.567084344100002,0.5672243313000019
2026-04-01 13:00:00+00:00,0.5671197720000019,0.5683159966000019,0.567022576400002,0.5678860362000019
2026-04-01 14:00:00+00:00,0.5683628946000019,0.5685848750000019,0.567482582800002,0.5679828210000019
2026-04-01 15:00:00+00:00,0.5679788122000019,0.5684994396000018,0.5678703108000018,0.5683807759000019
2026-04-01 16:00:00+00:00,0.5684230518000019,0.5685003816000018,0.5678451452000018,0.5678451452000018
2026-04-01 17:00:00+00:00,0.5678629740000019,0.568184989500002,0.5675272982000019,0.5675625145000018
2026-04-01 18:00:00+00:00,0.5675266377000019,0.5675266377000019,0.566866081600002,0.5672431736000019
2026-04-01 19:00:00+00:00,0.5673208032000019,0.5679833796000019,0.5673208032000019,0.5678011780000018
2026-04-01 20:00:00+00:00,0.567834291200002,0.567979618400002,0.5674275552000019,0.5674275552000019
2026-04-01 21:00:00+00:00,0.5668371735000018,0.5699858202000019,0.5668371735000018,0.569345868000002
2026-04-01 22:00:00+00:00,0.570075779400002,0.570075779400002,0.569495707900002,0.569624178300002
2026-04-01 23:00:00+00:00,0.569626444800002,0.569772276000002,0.569376684400002,0.569533109600002
2026-04-02 00:00:00+00:00,0.569482796400002,0.569810894400002,0.5692542878000021,0.569496728700002
2026-04-02 01:00:00+00:00,0.5692836532000021,0.5697159952000019,0.5679975781000021,0.568298451600002
2026-04-02 02:00:00+00:00,0.568398900600002,0.569237214400002,0.568398900600002,0.5690624590000021
2026-04-02 03:00:00+00:00,0.569091024600002,0.569311130100002,0.568980792100002,0.569300436200002
2026-04-02 04:00:00+00:00,0.569234946000002,0.5692901664000021,0.568710190000002,0.5692054200000021
2026-04-02 05:00:00+00:00,0.569169388200002,0.569588574500002,0.568839722000002,0.5689687689000021
2026-04-02 06:00:00+00:00,0.568894144000002,0.569572665800002,0.568670334000002,0.568973471000002
2026-04-02 07:00:00+00:00,0.569045300000002,0.5702807631000021,0.569045300000002,0.569982362800002
2026-04-02 08:00:00+00:00,0.570027251700002,0.570027251700002,0.569480747600002,0.569657003000002
2026-04-02 09:00:00+00:00,0.569588294200002,0.5698686984000021,0.569193880000002,0.5698686984000021
2026-04-02 10:00:00+00:00,0.569817295000002,0.5699160231000021,0.5694522354000021,0.5695272306000021
2026-04-02 11:00:00+00:00,0.569550352000002,0.569677501100002,0.5691011489000021,0.5691380734000021
2026-04-02 12:00:00+00:00,0.569126304000002,0.5703075000000021,0.5689590408000019,0.5698410300000021
2026-04-02 13:00:00+00:00,0.569678955600002,0.5715695810000021,0.569600812200002,0.571304343500002
2026-04-02 14:00:00+00:00,0.571490663800002,0.572183155600002,0.570918687600002,0.572127909400002
2026-04-02 15:00:00+00:00,0.5719778575000021,0.5720173272000021,0.571335476400002,0.571645031300002
2026-04-02 16:00:00+00:00,0.5716814831000021,0.571906166400002,0.571356957600002,0.5717514789000021
2026-04-02 17:00:00+00:00,0.5717050086000021,0.5718335583000022,0.571488076200002,0.571540662300002
2026-04-02 18:00:00+00:00,0.571575877100002,0.571877952000002,0.571575649200002,0.571723524100002
2026-04-02 19:00:00+00:00,0.5716546470000021,0.5718149019000022,0.5714996724000021,0.571795391800002
2026-04-02 20:00:00+00:00,0.5717752942000021,0.571959993600002,0.571562142600002,0.571562142600002
2026-04-02 21:00:00+00:00,0.572578100400002,0.573283862800002,0.571871260800002,0.5723009578000021
2026-04-02 22:00:00+00:00,0.5736796164000022,0.5737339780000021,0.5735995584000022,0.5736623150000022
2026-04-02 23:00:00+00:00,0.5736678033000021,0.5737217004000021,0.5735885077000022,0.5736184790000022
2026-04-03 00:00:00+00:00,0.5736925506000021,0.5739094720000021,0.5736478720000021,0.5738152467000022
2026-04-03 01:00:00+00:00,0.5738215782000021,0.5738549061000021,0.5736455010000021,0.5736455010000021
2026-04-03 02:00:00+00:00,0.5736501360000021,0.5736568768000021,0.5732308890000021,0.573399833600002
2026-04-03 03:00:00+00:00,0.5733855072000021,0.5734663935000022,0.5732578440000022,0.5732759703000022
2026-04-03 04:00:00+00:00,0.5732759703000022,0.5734027858000021,0.5731441142000022,0.5733155701000021
2026-04-03 05:00:00+00:00,0.5732881770000021,0.5733555966000021,0.5731255662000021,0.5732750925000022
2026-04-03 06:00:00+00:00,0.5732232700000023,0.5734317937000022,0.5731078808000022,0.5732939812000022
2026-04-03 07:00:00+00:00,0.5732956530000022,0.5733553933000022,0.5728304330000021,0.5728351036000021
2026-04-03 08:00:00+00:00,0.5728141176000022,0.5729788758000022,0.5727031128000022,0.5729648925000022
2026-04-03 09:00:00+00:00,0.5729463964000021,0.5729905504000021,0.5727199467000021,0.5728285745000021
2026-04-03 10:00:00+00:00,0.5728260632000022,0.5729081910000022,0.5726357712000022,0.5729081910000022
2026-04-03 11:00:00+00:00,0.5728243880000021,0.5731828018000023,0.5727670984000022,0.5730909786000022
2026-04-03 12:00:00+00:00,0.5730256740000023,0.5737434132000021,0.5729060512000022,0.5731592855000022
2026-04-03 13:00:00+00:00,0.5731887616000022,0.5733563010000021,0.5729140830000022,0.5729966654000022
2026-04-03 14:00:00+00:00,0.5729246276000022,0.5731664406000022,0.5728476416000021,0.5729459928000022
2026-04-03 15:00:00+00:00,0.5729566050000022,0.5733151049000021,0.5722294200000022,0.5731142690000022
2026-04-03 16:00:00+00:00,0.5731963776000022,0.5735851196000021,0.5730868882000022,0.5735191602000022
2026-04-03 17:00:00+00:00,0.5736315158000022,0.5736858030000022,0.5732185120000022,0.5734983360000021
2026-04-03 18:00:00+00:00,0.5733736020000022,0.5735646762000022,0.5732568722000021,0.5734728711000021
2026-04-03 19:00:00+00:00,0.5733168420000022,0.5737139616000022,0.5730713450000022,0.573159908000002
2026-04-03 20:00:00+00:00,0.5732588166000021,0.5732588166000021,0.5708462708000022,0.5712977056000021
2026-04-05 21:00:00+00:00,0.5511966352000001,0.5511966352000001,0.5496065716000003,0.5499557455000001
2026-04-05 22:00:00+00:00,0.5500319803000002,0.5512143627000002,0.5500319803000002,0.5511389595000001
2026-04-05 23:00:00+00:00,0.5511959640000001,0.5514460323000002,0.5510209536000001,0.5514099558000001
2026-04-06 00:00:00+00:00,0.5515546736000002,0.5522335644000002,0.5515546736000002,0.5522335644000002
2026-04-06 01:00:00+00:00,0.5522462865000001,0.5526930780000002,0.5521139729000002,0.5525632026000001
2026-04-06 02:00:00+00:00,0.5526927252000002,0.5534566475000002,0.5526927252000002,0.5527271758000002
2026-04-06 03:00:00+00:00,0.5526303602000001,0.5526964404000002,0.5524390080000002,0.5525381463000002
2026-04-06 04:00:00+00:00,0.5525621214000002,0.5529053580000002,0.5525441504000002,0.5528755386000002
2026-04-06 05:00:00+00:00,0.5528584906000001,0.5529048488000001,0.5526151875000002,0.5526151875000002
2026-04-06 06:00:00+00:00,0.5526002816000002,0.5527535575000002,0.5524831035000002,0.5526006858000002
2026-04-06 07:00:00+00:00,0.5527544256000002,0.5529181728000002,0.5519431134000001,0.5519431134000001
2026-04-06 08:00:00+00:00,0.5521053416000002,0.5525125056000002,0.5520833760000001,0.5523986448000002
2026-04-06 09:00:00+00:00,0.5523720560000002,0.5528065144000003,0.5523118760000002,0.5523118760000002
2026-04-06 10:00:00+00:00,0.5524174360000002,0.5527411904000001,0.5523521472000003,0.5523521472000003
2026-04-06 11:00:00+00:00,0.5523213267000001,0.5528570028000002,0.5523213267000001,0.5526538160000002
2026-04-06 12:00:00+00:00,0.5526553828000002,0.5528465524000002,0.5520411168000002,0.5520411168000002
2026-04-06 13:00:00+00:00,0.5520717444000002,0.5523980980000002,0.5519459972000001,0.5520664593000002
2026-04-06 14:00:00+00:00,0.5522106208000002,0.5522477982000001,0.5514469488000001,0.5520141775000003
2026-04-06 15:00:00+00:00,0.5520038655000001,0.5520787699000002,0.5515820575000001,0.5517552359000002
2026-04-06 16:00:00+00:00,0.5517545080000001,0.5518507931000002,0.5515658620000002,0.5516572788000002
2026-04-06 17:00:00+00:00,0.5515821348000002,0.5518276368000002,0.5512991838000002,0.5518276368000002
2026-04-06 18:00:00+00:00,0.5518265935000002,0.5519969910000001,0.5516583087000002,0.5519599146000003
2026-04-06 19:00:00+00:00,0.5519893951000002,0.5521032684000002,0.5518671340000002,0.5520091500000002
2026-04-06 20:00:00+00:00,0.5520202208000002,0.5520548728000002,0.5511190470000003,0.5511190470000003
2026-04-06 21:00:00+00:00,0.5509364784000002,0.5511662174000002,0.5500867460000002,0.5505021210000003
2026-04-06 22:00:00+00:00,0.5512554762000001,0.5513904628000001,0.5508735243000001,0.5509191901000002
2026-04-06 23:00:00+00:00,0.5509769120000002,0.5511493442000002,0.5509148180000002,0.5511164988000001
2026-04-07 00:00:00+00:00,0.5510654135000003,0.5518909280000002,0.5510654135000003,0.5512646440000002
2026-04-07 01:00:00+00:00,0.5512199875000002,0.5516446672000002,0.5508425904000003,0.5511771660000001
2026-04-07 02:00:00+00:00,0.5511909940000002,0.5516213142000003,0.5509603440000002,0.5514506024000002
2026-04-07 03:00:00+00:00,0.5514766092000002,0.5517137079000002,0.5514462015000002,0.5515793110000002
2026-04-07 04:00:00+00:00,0.5515495308000002,0.5518092125000001,0.5514008984000002,0.5515504616000003
2026-04-07 05:00:00+00:00,0.5514726308000002,0.5515298532000001,0.5511964040000003,0.5514369600000002
2026-04-07 06:00:00+00:00,0.5515152302000002,0.5519869056000002,0.5514793854000002,0.5518788116000002
2026-04-07 07:00:00+00:00,0.5518414880000002,0.5522384732000002,0.5514906291000002,0.5522384732000002
2026-04-07 08:00:00+00:00,0.5523282492000002,0.5533856350000003,0.5520095290000002,0.5533856350000003
2026-04-07 09:00:00+00:00,0.5533557904000003,0.5535506172000002,0.5530791792000003,0.5533037348000003
2026-04-07 10:00:00+00:00,0.5534051880000002,0.5534758901000002,0.5529374965000002,0.5530984704000003
2026-04-07 11:00:00+00:00,0.5532673734000002,0.5536116768000002,0.5531326346000003,0.5535680040000002
2026-04-07 12:00:00+00:00,0.5536008920000002,0.5540115208000003,0.5534787006000003,0.5538671800000003
2026-04-07 13:00:00+00:00,0.5538749504000002,0.5541670764000002,0.5535048750000002,0.5535048750000002
2026-04-07 14:00:00+00:00,0.5535236265000002,0.5546880900000003,0.5533811382000002,0.5541461805000003
2026-04-07 15:00:00+00:00,0.5540365971000002,0.5545800675000002,0.5539067211000002,0.5543462436000002
2026-04-07 16:00:00+00:00,0.5543392888000003,0.5546583380000002,0.5541145676000002,0.5542990859000002
2026-04-07 17:00:00+00:00,0.5542176087000001,0.5548080848000002,0.5542176087000001,0.5547055560000003
2026-04-07 18:00:00+00:00,0.5546578016000002,0.5547284640000002,0.5542979644000002,0.5543370007000002
2026-04-07 19:00:00+00:00,0.5543558610000002,0.5552375383000002,0.5543248975000002,0.5552375383000002
2026-04-07 20:00:00+00:00,0.5552555722000001,0.5555679262000002,0.5549815278000002,0.5549815278000002
2026-04-07 21:00:00+00:00,0.5554529984000001,0.5557493760000002,0.5545992830000002,0.555152784
2026-04-07 22:00:00+00:00,0.556350552,0.5590006525000001,0.556350552,0.55877076
2026-04-07 23:00:00+00:00,0.5588806720000001,0.5601803955,0.5586895481,0.5591352786
2026-04-08 00:00:00+00:00,0.5591275965000001,0.5596052476000001,0.5577504188000001,0.5579409142
2026-04-08 01:00:00+00:00,0.5579816066000001,0.5585043739000001,0.557751316,0.5581233280000001
2026-04-08 02:00:00+00:00,0.5581617672000001,0.5582531664000001,0.5571822534,0.5572806096
2026-04-08 03:00:00+00:00,0.5572390483000002,0.5572494066,0.5565000656,0.5572374003000001
2026-04-08 04:00:00+00:00,0.5572247600000001,0.5579991105000001,0.5572046820000001,0.5578173200000001
2026-04-08 05:00:00+00:00,0.5578557824000001,0.5581154240000001,0.557467488,0.5575997229
2026-04-08 06:00:00+00:00,0.5574886614000001,0.5574886614000001,0.5564715468000001,0.5571070643000001
2026-04-08 07:00:00+00:00,0.557041027,0.5573231112,0.5559189296000001,0.5559244254
2026-04-08 08:00:00+00:00,0.555827727,0.5558882456,0.5548070097000001,0.555495261
2026-04-08 09:00:00+00:00,0.5554909404,0.555887286,0.5547379368,0.5548766425000001
2026-04-08 10:00:00+00:00,0.5548799529,0.5553425301,0.5548117140000001,0.5548146696000001
2026-04-08 11:00:00+00:00,0.5548235004000001,0.5560376720000001,0.5546652475000001,0.5559983260000001
2026-04-08 12:00:00+00:00,0.5558516894000001,0.5567189412000001,0.5557141062000001,0.5566255090000001
2026-04-08 13:00:00+00:00,0.5566544098,0.5570355649000001,0.556243196,0.5566423380000001
2026-04-08 14:00:00+00:00,0.5567930134000001,0.5568849156000001,0.5555443356,0.5564176698000001
2026-04-08 15:00:00+00:00,0.5563154922000001,0.5576009760000001,0.5562851673,0.5574936430000001
2026-04-08 16:00:00+00:00,0.5575420928000001,0.5576981937000001,0.5571276635000001,0.5576280129000001
2026-04-08 17:00:00+00:00,0.5576462196,0.5576892198,0.557192216,0.5574941904
2026-04-08 18:00:00+00:00,0.5574717816,0.5575979635000001,0.5569620360000002,0.5569929365
2026-04-08 19:00:00+00:00,0.5569650922000001,0.5578278806,0.556898152,0.5577875680000001
2026-04-08 20:00:00+00:00,0.557797128,0.5578806600000001,0.5567722200000002,0.5567722200000002
2026-04-08 21:00:00+00:00,0.5567053800000001,0.5579492054,0.5566983264000002,0.5578393436000001
2026-04-08 22:00:00+00:00,0.5582705990000001,0.5585250720000001,0.5582697728000001,0.5585166250000001
2026-04-08 23:00:00+00:00,0.5584426196000001,0.5584962828000001,0.5580637547000001,0.5580637547000001
2026-04-09 00:00:00+00:00,0.5580532770000001,0.5581680531000002,0.5576634784000001,0.5580531216000002
2026-04-09 01:00:00+00:00,0.5580538293000001,0.5580538293000001,0.5574420971000001,0.5576973000000002
2026-04-09 02:00:00+00:00,0.5577053695,0.5579532,0.5574926238000001,0.5577738880000002
2026-04-09 03:00:00+00:00,0.5577379887000001,0.5581248677000001,0.5576984502000002,0.5580678018000002
2026-04-09 04:00:00+00:00,0.5581081984000003,0.5581352500000002,0.5579442049000002,0.5579935884000001
2026-04-09 05:00:00+00:00,0.5580452813000002,0.5583629772000002,0.5579069274000001,0.5579605941000002
2026-04-09 06:00:00+00:00,0.5579341125000001,0.5582907168000002,0.5578205976000002,0.5581496865000002
2026-04-09 07:00:00+00:00,0.5581744989000001,0.5581744989000001,0.5569506755000002,0.5569777000000002
2026-04-09 08:00:00+00:00,0.5570242755000002,0.5571827261000002,0.5567135554000001,0.5568618380000002
2026-04-09 09:00:00+00:00,0.5568374850000002,0.5575336060000001,0.5567725632000002,0.5573424252000002
2026-04-09 10:00:00+00:00,0.5573125142000003,0.5576429404000001,0.5573125142000003,0.5575288420000002
2026-04-09 11:00:00+00:00,0.5575402195000002,0.5579444160000001,0.5574130847000002,0.5579254095000002
2026-04-09 12:00:00+00:00,0.5577700477000002,0.5578950903000002,0.5574146436000003,0.5576201325000002
2026-04-09 13:00:00+00:00,0.5576113876000002,0.5581119348000001,0.5573778648000002,0.5576153913000002
2026-04-09 14:00:00+00:00,0.5578826574000002,0.5591325390000003,0.5576478846000003,0.5591001120000002
2026-04-09 15:00:00+00:00,0.5590443234000001,0.5599911336000002,0.5588161257000003,0.5599911336000002
2026-04-09 16:00:00+00:00,0.5599422036000002,0.5601542090000001,0.5596715526000001,0.5597086200000002
2026-04-09 17:00:00+00:00,0.5596542326000001,0.5603230911000002,0.5596542326000001,0.5603183208000001
2026-04-09 18:00:00+00:00,0.5602087146000002,0.5605712718000002,0.5600431108000001,0.5605435395000001
2026-04-09 19:00:00+00:00,0.5605852992000002,0.5610745126000002,0.5605265544000002,0.5610745126000002
2026-04-09 20:00:00+00:00,0.5610460075000002,0.5611091100000002,0.5602299989000001,0.5602299989000001
2026-04-09 21:00:00+00:00,0.5596393608000002,0.5598689463000002,0.55839422,0.558691796
2026-04-09 22:00:00+00:00,0.5598500193,0.560036958,0.5597378820000001,0.559830104
2026-04-09 23:00:00+00:00,0.559834804,0.559945206,0.5596710724,0.5596710724
2026-04-10 00:00:00+00:00,0.5596778032000002,0.5599398400000001,0.5595820108,0.5599398400000001
2026-04-10 01:00:00+00:00,0.5598940704,0.5600013321,0.5594743021,0.5594743021
2026-04-10 02:00:00+00:00,0.5594498292000001,0.5596620824999999,0.5590377120000001,0.5590636191000001
2026-04-10 03:00:00+00:00,0.5591291856,0.5591291856,0.5587936480000001,0.5588425920000001
2026-04-10 04:00:00+00:00,0.5588939433000001,0.5588963520000001,0.5584971028,0.5586658088
2026-04-10 05:00:00+00:00,0.5585972311999999,0.55897816,0.5585780079,0.5589348459
2026-04-10 06:00:00+00:00,0.5588301774000001,0.558972024,0.5580527900000001,0.5582462912
2026-04-10 07:00:00+00:00,0.5580895734000001,0.5582018163,0.5577238656000001,0.5578384630000001
2026-04-10 08:00:00+00:00,0.557835997,0.5580946461,0.5576268447,0.5578567672000001
2026-04-10 09:00:00+00:00,0.5578866880000001,0.5584590683999999,0.5576339523,0.55834488
2026-04-10 10:00:00+00:00,0.5583102714000001,0.5584565844000001,0.5577663875000001,0.5579727192
2026-04-10 11:00:00+00:00,0.5580033492,0.558153177,0.557809824,0.5579295942
2026-04-10 12:00:00+00:00,0.5580177798000001,0.558355856,0.5577272040000001,0.5579025892
2026-04-10 13:00:00+00:00,0.5579261938,0.5580961855000001,0.5568892151000001,0.5570788881000001
2026-04-10 14:00:00+00:00,0.5569993498,0.5594407140000001,0.5566753836,0.5589509727
2026-04-10 15:00:00+00:00,0.5586364800000001,0.5586644350000001,0.5582362784000001,0.5586644350000001
2026-04-10 16:00:00+00:00,0.5587503012,0.5587503012,0.5582124589999999,0.5583594512000001
2026-04-10 17:00:00+00:00,0.5583350156000001,0.5587329202000001,0.5583350156000001,0.5586509808000001
2026-04-10 18:00:00+00:00,0.5586044869000001,0.5586044869000001,0.558359522,0.5584421018000001
2026-04-10 19:00:00+00:00,0.5584979891999999,0.5586415464000001,0.5583918015,0.5585517648000001
2026-04-10 20:00:00+00:00,0.558586434,0.558665208,0.5562761477,0.5562761477
2026-04-12 21:00:00+00:00,0.554841253,0.5575380525,0.554841253,0.557491592
2026-04-12 22:00:00+00:00,0.5578138008,0.560239632,0.55772225,0.5600228465
2026-04-12 23:00:00+00:00,0.5600378352,0.5600378352,0.5595836358,0.5598470232
2026-04-13 00:00:00+00:00,0.5599137225999999,0.5608726334999999,0.5596694609999999,0.5608537011
2026-04-13 01:00:00+00:00,0.5609705101,0.5612339282,0.5604795825,0.5606745052
2026-04-13 02:00:00+00:00,0.560596377,0.5608306533999999,0.5603675164999999,0.5607209073
2026-04-13 03:00:00+00:00,0.5607461340000001,0.5607846972,0.5604669363999999,0.5607333744999999
2026-04-13 04:00:00+00:00,0.5607239316,0.5610877932,0.5606663832,0.5608062021
2026-04-13 05:00:00+00:00,0.5607809673999999,0.5612021180000001,0.560755778,0.5609836764
2026-04-13 06:00:00+00:00,0.5609263848,0.5613050542,0.5606815815,0.5606815815
2026-04-13 07:00:00+00:00,0.5606883469999999,0.5609419305,0.5605407525999999,0.560890743
2026-04-13 08:00:00+00:00,0.5608877729999999,0.56101978,0.560682814,0.5608181586
2026-04-13 09:00:00+00:00,0.560769395,0.560769395,0.5602997808,0.5604342186
2026-04-13 10:00:00+00:00,0.5604016495999999,0.56050064,0.5602394446,0.560331622
2026-04-13 11:00:00+00:00,0.5604316735999999,0.5604541207,0.5596996679999999,0.5599195896
2026-04-13 12:00:00+00:00,0.5597210584,0.5599106067,0.5590928719999999,0.5596011148
2026-04-13 13:00:00+00:00,0.5596288236,0.5602726338,0.5595531726,0.5601624688
2026-04-13 14:00:00+00:00,0.5603053763999999,0.5604123294,0.5595708506,0.5597642357
2026-04-13 15:00:00+00:00,0.559726506,0.5598634792,0.5593598976,0.5596052490000001
2026-04-13 16:00:00+00:00,0.559569584,0.559970422,0.5592379799999999,0.5598684147999999
2026-04-13 17:00:00+00:00,0.5598632871,0.5601039941999999,0.5596958007999999,0.5601039941999999
2026-04-13 18:00:00+00:00,0.560102132,0.560102132,0.5593342224,0.5593342224
2026-04-13 19:00:00+00:00,0.5594246821,0.5596395407999999,0.5594047019,0.5595751713
2026-04-13 20:00:00+00:00,0.559634432,0.559700864,0.5584936375999999,0.5584936375999999
2026-04-13 21:00:00+00:00,0.5573555740999999,0.5584725926999999,0.5573555740999999,0.5581219841999999
2026-04-13 22:00:00+00:00,0.5591689231999999,0.5592747168,0.5589210193999999,0.5592076671999999
2026-04-13 23:00:00+00:00,0.5591777291999999,0.5592289024999999,0.558731264,0.5588547299999999
2026-04-14 00:00:00+00:00,0.5587941351999999,0.5588455635999999,0.5579549654999999,0.5580476724
2026-04-14 01:00:00+00:00,0.5579478069999999,0.5581274075999999,0.5575167125999999,0.5575342541999999
2026-04-14 02:00:00+00:00,0.5575492019999999,0.5580119388,0.5574666674999998,0.5578468719999999
2026-04-14 03:00:00+00:00,0.5578299807999999,0.5582245289999999,0.5576255633999999,0.5576255633999999
2026-04-14 04:00:00+00:00,0.5576704097999999,0.5580737819999999,0.5576339949,0.5579705540999998
2026-04-14 05:00:00+00:00,0.5578340774999999,0.5578975107999999,0.5575069071,0.5575250769
2026-04-14 06:00:00+00:00,0.5574811883999999,0.5579490762999999,0.5574361259999999,0.5576980991999999
2026-04-14 07:00:00+00:00,0.5577581855999999,0.5577756131999999,0.55663104,0.5572121411999998
2026-04-14 08:00:00+00:00,0.5573280301999999,0.5578628197999999,0.5570930799999999,0.5573886875999998
2026-04-14 09:00:00+00:00,0.5574215419999998,0.5581441692,0.5572659294999999,0.5580950543999998
2026-04-14 10:00:00+00:00,0.5582152665,0.5587959734999999,0.5581440031999999,0.5587043972999999
2026-04-14 11:00:00+00:00,0.5587510226999999,0.5589815118,0.5586230063999998,0.5589034879999999
2026-04-14 12:00:00+00:00,0.5589849323999999,0.5593912606999999,0.5583903083999999,0.5593912606999999
2026-04-14 13:00:00+00:00,0.5593297237999999,0.5600016895999999,0.5593297237999999,0.5599329759999999
2026-04-14 14:00:00+00:00,0.5599463535999999,0.5599463535999999,0.5593775297999999,0.5596855219999999
2026-04-14 15:00:00+00:00,0.5597017446999999,0.5600520171,0.5594611005,0.5597343019
2026-04-14 16:00:00+00:00,0.5597446951999998,0.5598218607,0.5595408,0.5597118777
2026-04-14 17:00:00+00:00,0.5597012285999999,0.5599005499999999,0.5595946902,0.5597606719999999
2026-04-14 18:00:00+00:00,0.5597375231999999,0.5597862533999999,0.5593853655,0.5595330733999999
2026-04-14 19:00:00+00:00,0.5595733687999999,0.5597222499999999,0.5595267176,0.5596375615999999
2026-04-14 20:00:00+00:00,0.5596502154999998,0.5596502154999998,0.5592233231999999,0.5592233231999999
2026-04-14 21:00:00+00:00,0.5580735029999999,0.5580735029999999,0.5564803914999998,0.5572511063999999
2026-04-14 22:00:00+00:00,0.5575137433999998,0.5579676239999999,0.5575137433999998,0.5579245043999999
2026-04-14 23:00:00+00:00,0.5579316909999998,0.5581367054999998,0.5578497568999998,0.5579561342999998
2026-04-15 00:00:00+00:00,0.5580130539999998,0.5581455483999999,0.5576815177999997,0.5577657599999998
2026-04-15 01:00:00+00:00,0.5577550929999998,0.5581929439999999,0.5576038797999998,0.5580905994999998
2026-04-15 02:00:00+00:00,0.5581199231999998,0.5586261059999998,0.5581121559999997,0.5585573331999998
2026-04-15 03:00:00+00:00,0.5585227465999998,0.5585648939999999,0.5583261605999998,0.5583822724999997
2026-04-15 04:00:00+00:00,0.5583960707999999,0.5586141454999998,0.5583451719999999,0.5585051231999998
2026-04-15 05:00:00+00:00,0.5585606363999999,0.5590617845999998,0.5585606363999999,0.5587052039999998
2026-04-15 06:00:00+00:00,0.5588140487999999,0.5590703660999998,0.5587890677999998,0.5588152079999998
2026-04-15 07:00:00+00:00,0.5588979975999999,0.5594511061999999,0.5588464818999999,0.5591443751999999
2026-04-15 08:00:00+00:00,0.5591505604999998,0.5591505604999998,0.5585565832999998,0.5590414061999999
2026-04-15 09:00:00+00:00,0.5591256719999999,0.5596158689999998,0.5590672099999998,0.5596158689999998
2026-04-15 10:00:00+00:00,0.5595474283999998,0.5598424717999998,0.5591916425999998,0.5597834527999997
2026-04-15 11:00:00+00:00,0.5596679339999999,0.5600430919999998,0.5596679339999999,0.5600168287999998
2026-04-15 12:00:00+00:00,0.5599909301999998,0.5599909301999998,0.5595642920999999,0.5597832408999999
2026-04-15 13:00:00+00:00,0.5598699567999998,0.5599885319999998,0.5595715215999998,0.5599885319999998
2026-04-15 14:00:00+00:00,0.5599868231999998,0.5605400107999998,0.5597804879999999,0.5605000547999998
2026-04-15 15:00:00+00:00,0.5603801923999998,0.5609063985999998,0.5603801923999998,0.5608186001999999
2026-04-15 16:00:00+00:00,0.5608607471999998,0.5614092167999999,0.5608379903999997,0.5614092167999999
2026-04-15 17:00:00+00:00,0.5613741847999998,0.5617615679999998,0.5612336495999999,0.5616332448999998
2026-04-15 18:00:00+00:00,0.5616377051999998,0.5620375749999998,0.5616030810999998,0.5620335692999998
2026-04-15 19:00:00+00:00,0.5620775055999998,0.5621123442999998,0.5619322271999998,0.5620075683999998
2026-04-15 20:00:00+00:00,0.5619510143999998,0.5620108304999998,0.5613026435999997,0.5613026435999997
2026-04-15 21:00:00+00:00,0.5617365389999996,0.5637519929999998,0.5617365389999996,0.5636166161999997
2026-04-15 22:00:00+00:00,0.5639814203999998,0.5639814203999998,0.5637854759999997,0.5639385924999998
2026-04-15 23:00:00+00:00,0.5638556489999998,0.5640194555999999,0.5637508847999998,0.5639804775999999
2026-04-16 00:00:00+00:00,0.5639197972999999,0.5639721729999999,0.5635845993999998,0.5638107524999999
2026-04-16 01:00:00+00:00,0.5637818112999998,0.5641631249999999,0.5632483895999999,0.5640745844999998
2026-04-16 02:00:00+00:00,0.5642188031999997,0.5647631964999998,0.5639676898999999,0.5644049903999998
2026-04-16 03:00:00+00:00,0.5643563969999998,0.5647814000999999,0.5641765359999998,0.5646514796999998
2026-04-16 04:00:00+00:00,0.5646592665999999,0.5648974624999998,0.5645507177999998,0.5646186578999998
2026-04-16 05:00:00+00:00,0.5646159443999998,0.5649430214999999,0.5644101103999999,0.5648612623999999
2026-04-16 06:00:00+00:00,0.5648388183999998,0.5648850302999999,0.5642560944999998,0.5645724599999998
2026-04-16 07:00:00+00:00,0.5646151997999999,0.5653563259999999,0.5645487154999999,0.5651033049999998
2026-04-16 08:00:00+00:00,0.5650670924999998,0.5650670924999998,0.5644121185999998,0.5646470099999998
2026-04-16 09:00:00+00:00,0.5647378229999999,0.5652582111999999,0.5647111721999999,0.5652247379999998
2026-04-16 10:00:00+00:00,0.5653373072999999,0.5654212451999998,0.5651544703999999,0.5651695175999998
2026-04-16 11:00:00+00:00,0.5651369459999999,0.5654501431999998,0.5650870199999998,0.5652288543999999
2026-04-16 12:00:00+00:00,0.5652499703999998,0.5654432783999999,0.5648955049999999,0.5652785379999998
2026-04-16 13:00:00+00:00,0.5653285713999998,0.5654499284999999,0.5648273615999999,0.5650254389999999
2026-04-16 14:00:00+00:00,0.5652967131999999,0.5654632983999999,0.5644488344999998,0.5647886894999999
2026-04-16 15:00:00+00:00,0.5648434651999998,0.5654408834999999,0.5648169938,0.5649801473999998
2026-04-16 16:00:00+00:00,0.5649897239999999,0.5651764799999999,0.5643577114999998,0.5646280499999998
2026-04-16 17:00:00+00:00,0.56444157,0.5648018108999998,0.5642622191999999,0.5647000715999999
2026-04-16 18:00:00+00:00,0.5647025967999999,0.5647025967999999,0.5640446543999998,0.5641733399999999
2026-04-16 19:00:00+00:00,0.5640933207999999,0.5643434071999999,0.5639850522999998,0.5643248027999999
2026-04-16 20:00:00+00:00,0.5642592246999999,0.5645148519999998,0.5642424048999999,0.5644715983999998
2026-04-16 21:00:00+00:00,0.5641312028,0.5641312028,0.5620954859999999,0.5620954859999999
2026-04-16 22:00:00+00:00,0.5630319153999999,0.5632667734999999,0.5629767159999999,0.5632361459999999
2026-04-16 23:00:00+00:00,0.563242194,0.5632901827999999,0.5628674879999999,0.5628819167999999
2026-04-17 00:00:00+00:00,0.5628904556,0.5632388387999999,0.5625830651999999,0.5630469339999999
2026-04-17 01:00:00+00:00,0.5630824315999999,0.5634355271999999,0.5630621303999999,0.5631748928
2026-04-17 02:00:00+00:00,0.5632043486999999,0.5635412186,0.5632043486999999,0.5634202911999999
2026-04-17 03:00:00+00:00,0.5634640205999999,0.5635100651999999,0.5633428186999999,0.5634384416999999
2026-04-17 04:00:00+00:00,0.5634263274999999,0.5637499871999999,0.5633595952,0.5636898776
2026-04-17 05:00:00+00:00,0.5636508636,0.5638765684999999,0.5635896006,0.5637982406
2026-04-17 06:00:00+00:00,0.5636355142999999,0.5637785639999999,0.5634008063999999,0.5636344511999999
2026-04-17 07:00:00+00:00,0.5635902675,0.5638695892,0.5633998145999999,0.563832877
2026-04-17 08:00:00+00:00,0.5638524857999999,0.5640392779999999,0.5637322609999998,0.5637589919999999
2026-04-17 09:00:00+00:00,0.5637205893,0.5639304159999999,0.5630817589999999,0.5633442233999999
2026-04-17 10:00:00+00:00,0.5632862666999999,0.5636152153999999,0.5632102655999999,0.5633206965999998
2026-04-17 11:00:00+00:00,0.5633073795999999,0.5635991651,0.5631619395999999,0.5634899219999999
2026-04-17 12:00:00+00:00,0.5634159388,0.5641668287999999,0.5634159388,0.564057273
2026-04-17 13:00:00+00:00,0.5639013223999999,0.5644113749999998,0.5634395249999999,0.5635974959999999
2026-04-17 14:00:00+00:00,0.5633918975999999,0.5633918975999999,0.5626517072,0.5629928049999999
2026-04-17 15:00:00+00:00,0.5630090606999999,0.5630158141999999,0.5621680349999999,0.5626891686
2026-04-17 16:00:00+00:00,0.5626735928,0.5627331176999999,0.5623402608,0.5624609003999999
2026-04-17 17:00:00+00:00,0.5624199134,0.562573044,0.5622082559999999,0.562346448
2026-04-17 18:00:00+00:00,0.5622760335999999,0.5623404079999998,0.5619805239999999,0.5621420451
2026-04-17 19:00:00+00:00,0.562137114,0.5625135449999998,0.5621063004999999,0.5624446079
2026-04-17 20:00:00+00:00,0.5624090328,0.5625413025,0.5619263948999998,0.5619263948999998
2026-04-19 21:00:00+00:00,0.5611900670999999,0.5631957704999998,0.5611900670999999,0.5627813993999998
2026-04-19 22:00:00+00:00,0.5636851166999999,0.5656733229999998,0.5636851166999999,0.5655892241999999
2026-04-19 23:00:00+00:00,0.5655329613999999,0.5656060511999998,0.5650616306999998,0.5652704624999999
2026-04-20 00:00:00+00:00,0.5651026559999999,0.5656230213999999,0.5650330119999998,0.5656213815999999
2026-04-20 01:00:00+00:00,0.5657472589999999,0.5659141032999999,0.5654569205999999,0.5654569205999999
2026-04-20 02:00:00+00:00,0.5654079431999999,0.5660492543999999,0.5653015109999999,0.5659444019999998
2026-04-20 03:00:00+00:00,0.5658809279999999,0.5660635397999999,0.5656487359999999,0.5657105618999999
2026-04-20 04:00:00+00:00,0.5656549121999999,0.5661009134999999,0.5656229435999999,0.5659804590999998
2026-04-20 05:00:00+00:00,0.5659643239999999,0.5660670179999999,0.5655971299999999,0.5657760537
2026-04-20 06:00:00+00:00,0.5657130119999999,0.5658869611999998,0.5653077599999999,0.5657067844999999
2026-04-20 07:00:00+00:00,0.5656076117999999,0.5660188409999999,0.5650191335999999,0.5652199779999999
2026-04-20 08:00:00+00:00,0.5651802815999999,0.5652988199999999,0.5650202141999999,0.5651411079999998
2026-04-20 09:00:00+00:00,0.5652042758999999,0.5653320977999999,0.5650829361999998,0.5653320977999999
2026-04-20 10:00:00+00:00,0.5652418199999999,0.5654649887999998,0.5650257815999999,0.5650784305999998
2026-04-20 11:00:00+00:00,0.5650161569999999,0.5655438959999999,0.5647266969999999,0.5654582954999998
2026-04-20 12:00:00+00:00,0.5654624315999999,0.5655380345999999,0.5649296585999999,0.5650805852999999
2026-04-20 13:00:00+00:00,0.5649970059999999,0.5651096124999998,0.5646599306999999,0.5651061215999998
2026-04-20 14:00:00+00:00,0.5649321419999999,0.5652076625999999,0.5636289199999999,0.5636289199999999
2026-04-20 15:00:00+00:00,0.5636525549999999,0.5642998515,0.5636114349999999,0.5642998515
2026-04-20 16:00:00+00:00,0.5642614383999999,0.5643691695999998,0.5641281971999998,0.5642067902999999
2026-04-20 17:00:00+00:00,0.5641732859999998,0.5645326995,0.5641732859999998,0.5645278289999999
2026-04-20 18:00:00+00:00,0.5644696129999999,0.5648319891999999,0.5644496987999998,0.5647941515999998
2026-04-20 19:00:00+00:00,0.5647844087999999,0.5648724969999999,0.5646116251999999,0.5648724969999999
2026-04-20 20:00:00+00:00,0.5648327607999999,0.5648652148999999,0.5644324866999999,0.5644324866999999
2026-04-20 21:00:00+00:00,0.5636304251999998,0.5645320288,0.5636304251999998,0.5640811755
2026-04-20 22:00:00+00:00,0.5645431496,0.56468825,0.5644141932,0.56468825
2026-04-20 23:00:00+00:00,0.564592923,0.56472852,0.5643840693,0.5644293011999999
2026-04-21 00:00:00+00:00,0.5645306004999999,0.5646508836999999,0.5642834634999999,0.5644584119999999
2026-04-21 01:00:00+00:00,0.5644191530999999,0.5650546823999999,0.5643954053999999,0.5646902619999999
2026-04-21 02:00:00+00:00,0.564682983,0.5648493558,0.5645463043999999,0.5646389112
2026-04-21 03:00:00+00:00,0.5646020432,0.56464088,0.5643477971999998,0.5644462531
2026-04-21 04:00:00+00:00,0.5644540163999999,0.5645209328999999,0.5643250019,0.5644229631999998
2026-04-21 05:00:00+00:00,0.5644026288999999,0.5644880862999999,0.5639978992,0.5639998178
2026-04-21 06:00:00+00:00,0.5639905957,0.5641140748,0.5637213983999999,0.56384653
2026-04-21 07:00:00+00:00,0.5638702985999999,0.5641261416999999,0.5635254308,0.5635485744
2026-04-21 08:00:00+00:00,0.5634724455,0.5644322965999999,0.5634724455,0.5643021995999999
2026-04-21 09:00:00+00:00,0.5643364369999999,0.5643405999999999,0.5635769488,0.5636092883999999
2026-04-21 10:00:00+00:00,0.5637062449999999,0.5642807099999999,0.5636803083999999,0.5642366289999999
2026-04-21 11:00:00+00:00,0.5642361215999999,0.5644371557999999,0.5641560449999999,0.564270663
2026-04-21 12:00:00+00:00,0.564210044,0.5645367955999999,0.5640325807999998,0.5645367955999999
2026-04-21 13:00:00+00:00,0.5645491256999999,0.5649683108999999,0.5643852598999999,0.5649513407999999
2026-04-21 14:00:00+00:00,0.5649091447999999,0.5653607939999999,0.5646623900999999,0.5646623900999999
2026-04-21 15:00:00+00:00,0.5647145717,0.564925575,0.5643717492,0.5647020192
2026-04-21 16:00:00+00:00,0.5647133169999999,0.5648784998999998,0.5642912824999999,0.5642912824999999
2026-04-21 17:00:00+00:00,0.5643493184999999,0.5644847303999999,0.5639037063999999,0.5644458081
2026-04-21 18:00:00+00:00,0.5644919885999999,0.564579477,0.5642400968999999,0.564382065
2026-04-21 19:00:00+00:00,0.5643250519999999,0.5646974696999999,0.5637690096,0.564029445
2026-04-21 20:00:00+00:00,0.5640957048999999,0.5649030719999999,0.5640539814,0.5640819578999999
2026-04-21 21:00:00+00:00,0.5635377849,0.5635377849,0.5613758580000001,0.5622226540000002
2026-04-21 22:00:00+00:00,0.5624445560000003,0.5627231428000002,0.5624445560000003,0.5625871290000003
2026-04-21 23:00:00+00:00,0.5626021390000002,0.5626995308000001,0.5624974824000003,0.5626089644000002
2026-04-22 00:00:00+00:00,0.5626315044000002,0.5630725665000003,0.5624551044000002,0.5630118144000003
2026-04-22 01:00:00+00:00,0.5629969947000002,0.5631074174000004,0.5627140386000001,0.5628121404000002
2026-04-22 02:00:00+00:00,0.5628301512000002,0.5630537514000002,0.5627070578000003,0.5627167520000003
2026-04-22 03:00:00+00:00,0.5626919588000002,0.5629750248000002,0.5626035651000002,0.5626836936000001
2026-04-22 04:00:00+00:00,0.5627017407000002,0.5629545180000002,0.5626872349000002,0.5628171070000003
2026-04-22 05:00:00+00:00,0.5629214836000003,0.5632182904000003,0.5628734293000002,0.5630699232000003
2026-04-22 06:00:00+00:00,0.5630961006000001,0.5635054836000003,0.5628166468000002,0.5631711872000003
2026-04-22 07:00:00+00:00,0.5631135264000002,0.5631421132000003,0.5625817218000002,0.5630646212000002
2026-04-22 08:00:00+00:00,0.5630946084000003,0.5631454017000003,0.5627919385000003,0.5629236375000002
2026-04-22 09:00:00+00:00,0.5628461265000002,0.5636761570000002,0.5628170805000002,0.5634886439000002
2026-04-22 10:00:00+00:00,0.5634746280000003,0.5634746280000003,0.5631411864000002,0.5633149212000003
2026-04-22 11:00:00+00:00,0.5633772444000003,0.5636100316000002,0.5631985998000002,0.5633048082000003
2026-04-22 12:00:00+00:00,0.5632690614000002,0.5639776387000003,0.5632218211000003,0.5638091184000003
2026-04-22 13:00:00+00:00,0.5636878368000002,0.5645878589000003,0.5635721420000003,0.5645291606000002
2026-04-22 14:00:00+00:00,0.5645736240000002,0.5648694760000003,0.5642534992000003,0.5647273236000003
2026-04-22 15:00:00+00:00,0.5647086120000002,0.5651167214000002,0.5645711695000002,0.5651167214000002
2026-04-22 16:00:00+00:00,0.5651483916000003,0.5652572736000002,0.5648311116000003,0.5651811492000003
2026-04-22 17:00:00+00:00,0.5651774035000002,0.5656659008000002,0.5651689644000003,0.5656398536000002
2026-04-22 18:00:00+00:00,0.5656180784000003,0.5656903434000002,0.5654818480000002,0.5656017114000002
2026-04-22 19:00:00+00:00,0.5655578903000001,0.5660131689000002,0.5655578903000001,0.5659266360000001
2026-04-22 20:00:00+00:00,0.5659774308000002,0.5661670053000001,0.5658263364000002,0.5659833950000002
2026-04-22 21:00:00+00:00,0.5648316856000002,0.5653875200000001,0.5645913285000002,0.5651706844000002
2026-04-22 22:00:00+00:00,0.5656081470000002,0.5658696680000002,0.5656081470000002,0.5657626656000001
2026-04-22 23:00:00+00:00,0.5657610387000002,0.5659522006000001,0.5657610387000002,0.5658698682000002
2026-04-23 00:00:00+00:00,0.5658198000000001,0.5660714878000002,0.5650508578000001,0.5658527278000002
2026-04-23 01:00:00+00:00,0.5657363544000001,0.5657987048000003,0.5651936970000001,0.5655876688000001
2026-04-23 02:00:00+00:00,0.5655519404000001,0.5657673848000001,0.5653517120000002,0.5654476512000001
2026-04-23 03:00:00+00:00,0.5654057962000001,0.5655157446000001,0.5649499140000002,0.5651653242000001
2026-04-23 04:00:00+00:00,0.5651849250000002,0.5656517440000002,0.5650600050000002,0.5656294458000002
2026-04-23 05:00:00+00:00,0.5655987816000001,0.5658462029000002,0.5655079144000001,0.5657736799000002
2026-04-23 06:00:00+00:00,0.5658065300000001,0.5658065300000001,0.5651240892000001,0.5652301102000001
2026-04-23 07:00:00+00:00,0.5651733420000001,0.5657231350000002,0.5649951120000002,0.5657231350000002
2026-04-23 08:00:00+00:00,0.5657314752000002,0.5657314752000002,0.5650508422000002,0.5650508422000002
2026-04-23 09:00:00+00:00,0.5650330916000001,0.5653635723000002,0.5648999445000001,0.5653067300000002
2026-04-23 10:00:00+00:00,0.5653925575000002,0.5653925575000002,0.5645206121000002,0.5646831775000002
2026-04-23 11:00:00+00:00,0.5647083142000002,0.5651617812000002,0.5646172791000001,0.5650479274000001
2026-04-23 12:00:00+00:00,0.5650762312000002,0.5655433896000002,0.5649437196000002,0.5654148090000002
2026-04-23 13:00:00+00:00,0.5654181756000001,0.5659287837000002,0.5651173332000002,0.5655112288
2026-04-23 14:00:00+00:00,0.5653711724000001,0.5657785268000002,0.5651344917000001,0.5651836304000001
2026-04-23 15:00:00+00:00,0.5652153033000002,0.5654215700000002,0.5650889598000002,0.565291567
2026-04-23 16:00:00+00:00,0.5653272905000002,0.5656837752000001,0.5652756356000002,0.5654919300000002
2026-04-23 17:00:00+00:00,0.5655922064000001,0.5655922064000001,0.5641025760000001,0.5652590226000002
2026-04-23 18:00:00+00:00,0.5654112134000002,0.5654477404000002,0.5650532418000002,0.5650532418000002
2026-04-23 19:00:00+00:00,0.5650248842000002,0.5650798626000002,0.5648029376000002,0.5650152951000001
2026-04-23 20:00:00+00:00,0.5649860104000002,0.5650684655000002,0.5645123796000001,0.5646144322000002
2026-04-23 21:00:00+00:00,0.5632497860000002,0.5639731107000002,0.5626504380000001,0.5632468680000001
2026-04-23 22:00:00+00:00,0.5635905510000001,0.5640240924000001,0.5635141003000002,0.5640240924000001
2026-04-23 23:00:00+00:00,0.5640469240000001,0.5640735672000002,0.5636886795000001,0.5636993458000001
2026-04-24 00:00:00+00:00,0.5638113970000002,0.5640412200000001,0.5636274120000002,0.5639478000000002
2026-04-24 01:00:00+00:00,0.5639934610000001,0.5641077704000002,0.5637103590000002,0.5638650148000001
2026-04-24 02:00:00+00:00,0.5638075856000002,0.5638174848,0.5634472360000001,0.5634886088000002
2026-04-24 03:00:00+00:00,0.5635533888000002,0.5636378630000002,0.5633226635000002,0.5634161661000002
2026-04-24 04:00:00+00:00,0.5634896310000002,0.5638888800000001,0.5634193500000002,0.5638888800000001
2026-04-24 05:00:00+00:00,0.5638082652000002,0.5640031727000001,0.5636632008000002,0.5638933176000002
2026-04-24 06:00:00+00:00,0.5639991120000002,0.5641771868000002,0.5635945490000002,0.5641098309000002
2026-04-24 07:00:00+00:00,0.5640443896000003,0.5644957059000002,0.5640138448000003,0.5642728016000002
2026-04-24 08:00:00+00:00,0.5643761024000001,0.5644009899000002,0.5637642080000002,0.5638170900000001
2026-04-24 09:00:00+00:00,0.5637898728000001,0.5642676972000001,0.5637511440000001,0.5642454348000001
2026-04-24 10:00:00+00:00,0.5642954498000001,0.5643532714000002,0.5637982375000001,0.5638289802000002
2026-04-24 11:00:00+00:00,0.5638051170000001,0.5647250128000002,0.5637148627000002,0.5641651872000002
2026-04-24 12:00:00+00:00,0.5641744845000002,0.5643780480000002,0.5639413716000001,0.5640738688000002
2026-04-24 13:00:00+00:00,0.5640844902000002,0.5646991500000001,0.5639438884000001,0.5644772147000001
2026-04-24 14:00:00+00:00,0.5644303889000002,0.5645590080000001,0.5639732819000002,0.5644587389000001
2026-04-24 15:00:00+00:00,0.5643484970000001,0.5644999296000002,0.5641552344000001,0.5644586755000002
2026-04-24 16:00:00+00:00,0.5643166480000001,0.5645137194000001,0.5640946176000002,0.5644227120000002
2026-04-24 17:00:00+00:00,0.5644310346000001,0.5647371306000001,0.5644234908000001,0.5646043458000001
2026-04-24 18:00:00+00:00,0.5646099571000002,0.5647241106000002,0.5644959440000002,0.5646965589000003
2026-04-24 19:00:00+00:00,0.5646965589000003,0.5647392894000002,0.5644801679000002,0.5644801679000002
2026-04-24 20:00:00+00:00,0.5644589580000002,0.5644780151000002,0.5634638100000001,0.5634638100000001
2026-04-26 21:00:00+00:00,0.5632722990000001,0.56380674,0.5620457619999999,0.562305277
2026-04-26 22:00:00+00:00,0.5635544604,0.5642255195999999,0.5633317430999999,0.5642255195999999
2026-04-26 23:00:00+00:00,0.5642011492,0.5643721317999999,0.5642011492,0.5642119216
2026-04-27 00:00:00+00:00,0.5642156598,0.564849672,0.5641752105,0.564849672
2026-04-27 01:00:00+00:00,0.5649006887999999,0.5652657896,0.5648333739999999,0.565156118
2026-04-27 02:00:00+00:00,0.5650425715999999,0.5655301288,0.5650124886,0.56532735
2026-04-27 03:00:00+00:00,0.5653612722,0.5654279502999999,0.5652665828,0.5653441887999999
2026-04-27 04:00:00+00:00,0.5653223344,0.5653223344,0.5648756584,0.5649746255999999
2026-04-27 05:00:00+00:00,0.5650027758,0.5650338246,0.5648572206,0.5650221148
2026-04-27 06:00:00+00:00,0.5649866211000001,0.565272793,0.564681996,0.5649076636
2026-04-27 07:00:00+00:00,0.5649872536,0.5657653638,0.5649872536,0.5656795101
2026-04-27 08:00:00+00:00,0.5656230981,0.5658809751,0.5653637794,0.5656574511
2026-04-27 09:00:00+00:00,0.5657035,0.5659585281,0.5655849869999999,0.5659069440000001
2026-04-27 10:00:00+00:00,0.5659229169,0.5661236122,0.5658996895999999,0.5660324218999999
2026-04-27 11:00:00+00:00,0.5659726655999999,0.5663903464,0.565856791,0.566307758
2026-04-27 12:00:00+00:00,0.5663488935,0.5664187974,0.566133708,0.5663211908
2026-04-27 13:00:00+00:00,0.566246824,0.5664060038000001,0.566035536,0.5664047025
2026-04-27 14:00:00+00:00,0.566300595,0.5665781308,0.5659287448,0.5665187942
2026-04-27 15:00:00+00:00,0.5666091596,0.5667429264,0.5662573376,0.5666621352
2026-04-27 16:00:00+00:00,0.5666388576,0.5671134088,0.5666388576,0.5670960068
2026-04-27 17:00:00+00:00,0.5671275447,0.5673263682,0.5670357496999999,0.5671885696
2026-04-27 18:00:00+00:00,0.5671565510000001,0.5672314296000001,0.566913585,0.5669700758
2026-04-27 19:00:00+00:00,0.5669938575,0.5670517643999999,0.5668712106,0.5670517643999999
2026-04-27 20:00:00+00:00,0.5670474975,0.5671402816,0.5668509642,0.5668509642
2026-04-27 21:00:00+00:00,0.5663061599999999,0.5663061599999999,0.5647017713999999,0.5649461054999999
2026-04-27 22:00:00+00:00,0.5658974020999998,0.5659995875999998,0.5657884019999999,0.5659443899999999
2026-04-27 23:00:00+00:00,0.5660018559999999,0.5662044231999999,0.5659006031999999,0.5661939111
2026-04-28 00:00:00+00:00,0.5661400821999998,0.5667465759999999,0.5660930479999999,0.5666123781999999
2026-04-28 01:00:00+00:00,0.5666360689999999,0.5666360689999999,0.5661293409999999,0.5661982886999999
2026-04-28 02:00:00+00:00,0.5660419874999998,0.5663434835999999,0.5659492607999999,0.5662197770999999
2026-04-28 03:00:00+00:00,0.5662877769999999,0.5666852579999999,0.5661745095999999,0.5666633714999998
2026-04-28 04:00:00+00:00,0.5665774581999998,0.5667864475999999,0.5665119967999999,0.5667122434999999
2026-04-28 05:00:00+00:00,0.5666967032999999,0.5667675856,0.5664281509999999,0.5666609365999999
2026-04-28 06:00:00+00:00,0.5665829693999999,0.5672301830999998,0.5665197431999999,0.5672301830999998
2026-04-28 07:00:00+00:00,0.5672515119999999,0.5683957108999999,0.5670820008999999,0.5683957108999999
2026-04-28 08:00:00+00:00,0.5681756967999999,0.5681778759999999,0.5673225962999999,0.5678422559999998
2026-04-28 09:00:00+00:00,0.5677027561999999,0.5683136418999999,0.5673497495999998,0.5682773142999998
2026-04-28 10:00:00+00:00,0.5681944947999998,0.5683590611999998,0.5671460114999999,0.5671460114999999
2026-04-28 11:00:00+00:00,0.5671589979999999,0.5673997663999998,0.5668814644999999,0.5672993339999999
2026-04-28 12:00:00+00:00,0.5673201929999999,0.5677091839999998,0.5672375624999999,0.5673383024999998
2026-04-28 13:00:00+00:00,0.5674515740999998,0.5684225119999998,0.5672758629999999,0.5681312349999998
2026-04-28 14:00:00+00:00,0.5681322475999998,0.5687232383999999,0.5675331779999998,0.5676273386999999
2026-04-28 15:00:00+00:00,0.5676138029999999,0.5679867721999998,0.5675368164999999,0.5679397359999999
2026-04-28 16:00:00+00:00,0.5679799826999999,0.5684279951999999,0.5678761889999998,0.5682786394999999
2026-04-28 17:00:00+00:00,0.5682997319999998,0.5686112699999999,0.5682280661999999,0.5685179191999998
2026-04-28 18:00:00+00:00,0.5685267041999998,0.56878084,0.5685135987999999,0.5687740484999998
2026-04-28 19:00:00+00:00,0.5687395836,0.5687395836,0.5684646879999998,0.5684646879999998
2026-04-28 20:00:00+00:00,0.5684068648999999,0.5685499479999999,0.5683196105999998,0.5683243976999999
2026-04-28 21:00:00+00:00,0.5675143914999999,0.5675216819999999,0.5652529471999999,0.5657980572
2026-04-28 22:00:00+00:00,0.5662012287999999,0.5664685151999999,0.5661842914999999,0.5663875454999999
2026-04-28 23:00:00+00:00,0.5664021308999999,0.5666581725,0.56633555,0.5666581725
2026-04-29 00:00:00+00:00,0.5667263448,0.5667690414,0.566442821,0.5665814583
2026-04-29 01:00:00+00:00,0.5664219204,0.5665087823999999,0.5651619259999999,0.5652793776
2026-04-29 02:00:00+00:00,0.5653875328,0.5654474465999999,0.5644593151999999,0.5645407722
2026-04-29 03:00:00+00:00,0.564588444,0.564878001,0.564505995,0.5646722781
2026-04-29 04:00:00+00:00,0.5647086396,0.5648872392,0.564588346,0.5648323914
2026-04-29 05:00:00+00:00,0.564830916,0.5651635086,0.5648158769999999,0.5649867823999999
2026-04-29 06:00:00+00:00,0.5650020135999999,0.5650020135999999,0.5644306479999999,0.5645921616
2026-04-29 07:00:00+00:00,0.5643810089999999,0.5651346869999999,0.5643810089999999,0.5649201695999999
2026-04-29 08:00:00+00:00,0.5648877297,0.5649839931999999,0.564477256,0.5646932382
2026-04-29 09:00:00+00:00,0.5647010095999999,0.5649100424999999,0.5644990561,0.5646869376
2026-04-29 10:00:00+00:00,0.564755901,0.565190376,0.5645787399,0.564668667
2026-04-29 11:00:00+00:00,0.564759686,0.564759686,0.5643401871,0.5646937625999999
2026-04-29 12:00:00+00:00,0.5646849959999999,0.5651993842999999,0.5644883968,0.5650259579999999
2026-04-29 13:00:00+00:00,0.56501432,0.5652068432999999,0.563686452,0.5636875472
2026-04-29 14:00:00+00:00,0.5636186616,0.5639819091,0.563304346,0.5636259599
2026-04-29 15:00:00+00:00,0.5637425383999999,0.5637425383999999,0.5626463084,0.5630226168
2026-04-29 16:00:00+00:00,0.5631103112,0.5634284039999999,0.5630799932999999,0.5631871501
2026-04-29 17:00:00+00:00,0.563207775,0.5635448364,0.5630153381999999,0.5630153381999999
2026-04-29 18:00:00+00:00,0.56298414,0.5631719279999999,0.5624201376,0.5627813254999999
2026-04-29 19:00:00+00:00,0.5628015035999999,0.5628015035999999,0.562408917,0.5627125835
2026-04-29 20:00:00+00:00,0.5627520681999999,0.5631785378999999,0.5617947888,0.5617947888
2026-04-29 21:00:00+00:00,0.5615493168,0.5625546770000002,0.5611528631999999,0.5620799932000003
2026-04-29 22:00:00+00:00,0.5632567920000003,0.5635824501000004,0.5632567920000003,0.5634416930000004
2026-04-29 23:00:00+00:00,0.5634806580000004,0.5638545984000003,0.5634806580000004,0.5637175992000003
2026-04-30 00:00:00+00:00,0.5637056964000002,0.5637315303000002,0.5634176625000002,0.5634234369000003
2026-04-30 01:00:00+00:00,0.5634584900000004,0.5637717478000004,0.5631447000000003,0.5637717478000004
2026-04-30 02:00:00+00:00,0.5637756672000004,0.5643062215000003,0.5637337290000004,0.5642522082000003
2026-04-30 03:00:00+00:00,0.5643335040000003,0.5644776900000003,0.5641325028000004,0.5641325028000004
2026-04-30 04:00:00+00:00,0.5640979710000003,0.5642176716000004,0.5637727638000003,0.5637727638000003
2026-04-30 05:00:00+00:00,0.5639489394000002,0.5640917240000003,0.5634930956000003,0.5635609952000002
2026-04-30 06:00:00+00:00,0.5634829872000002,0.5636567445000003,0.5631723328000003,0.5634711766000002
2026-04-30 07:00:00+00:00,0.5635179999000003,0.5639042358000003,0.5634173150000004,0.5636390580000002
2026-04-30 08:00:00+00:00,0.5635748130000003,0.5637370616000003,0.5630451750000003,0.5631124532000004
2026-04-30 09:00:00+00:00,0.5631711568000003,0.5631754506000003,0.5625006240000002,0.5627198055000003
2026-04-30 10:00:00+00:00,0.5627668312000004,0.5629477612000002,0.5621807336000003,0.5622280740000003
2026-04-30 11:00:00+00:00,0.5621377476000003,0.5626162475000003,0.5616613359000002,0.5616798772000003
2026-04-30 12:00:00+00:00,0.5618539773000003,0.5618804224000004,0.5604112664000003,0.5606023230000002
2026-04-30 13:00:00+00:00,0.5606917580000003,0.5621326672000003,0.5606300280000003,0.5617778448000003
2026-04-30 14:00:00+00:00,0.5617863454000003,0.5630582115000002,0.5613631596000003,0.5622378958000003
2026-04-30 15:00:00+00:00,0.5621610550000002,0.5622346656000003,0.5613824752000003,0.5620554032000002
2026-04-30 16:00:00+00:00,0.5620566350000002,0.5624503522000004,0.5617232445000003,0.5620529342000004
2026-04-30 17:00:00+00:00,0.5621661390000003,0.5622460298000003,0.5618203748000002,0.5620538404000003
2026-04-30 18:00:00+00:00,0.5621596640000003,0.5625148615000003,0.5621543820000002,0.5623952334000003
2026-04-30 19:00:00+00:00,0.5623370505000003,0.5625872230000004,0.5622065616000003,0.5624125461000004
2026-04-30 20:00:00+00:00,0.5623613576000003,0.5627823192000003,0.5623271445000003,0.5626391380000002
2026-04-30 21:00:00+00:00,0.5613707442000003,0.5627478156000001,0.5603216229000003,0.5624102370000001
2026-04-30 22:00:00+00:00,0.5633392002000002,0.5635455190000003,0.5632625520000002,0.5632625520000002
2026-04-30 23:00:00+00:00,0.5632568095000002,0.5637351586000002,0.5632568095000002,0.5635150872000002
2026-05-01 00:00:00+00:00,0.5634680590000003,0.5636048088000002,0.5631333510000003,0.5634939375000002
2026-05-01 01:00:00+00:00,0.5634984906000003,0.5636472723000002,0.5632917972000002,0.5635051750000003
2026-05-01 02:00:00+00:00,0.5635109205000003,0.5635692032000003,0.5631841103000003,0.5632775674000003
2026-05-01 03:00:00+00:00,0.5632829123000002,0.5634286205000002,0.5630181672000003,0.5630721050000003
2026-05-01 04:00:00+00:00,0.5630632047000003,0.5631814104000002,0.5628750535000003,0.5631546042000002
2026-05-01 05:00:00+00:00,0.5631850422000002,0.5635839440000002,0.5631825852000003,0.5633747793000002
2026-05-01 06:00:00+00:00,0.5634921770000002,0.5636761262000003,0.5619570046000003,0.5625524905000003
2026-05-01 07:00:00+00:00,0.5628864462000003,0.5634397821000002,0.5628512988000003,0.5632247621000003
2026-05-01 08:00:00+00:00,0.5632372590000003,0.5632865048000003,0.5625359184000003,0.5625359184000003
2026-05-01 09:00:00+00:00,0.5625343488000003,0.5628343080000002,0.5620335822000003,0.5622119590000002
2026-05-01 10:00:00+00:00,0.5622768144000003,0.5624114706000002,0.5620710544000003,0.5620791475000002
2026-05-01 11:00:00+00:00,0.5621772420000003,0.5624290450000003,0.5620300038000002,0.5623521464000003
2026-05-01 12:00:00+00:00,0.5623579080000003,0.5626771150000003,0.5619820960000004,0.5625859438000003
2026-05-01 13:00:00+00:00,0.5625420592000003,0.5633277030000002,0.5625420592000003,0.5630332266000002
2026-05-01 14:00:00+00:00,0.5631147900000003,0.5631299550000003,0.5626563912000002,0.5626668740000003
2026-05-01 15:00:00+00:00,0.5627977280000003,0.5634652581000003,0.5627684160000003,0.5632779805000003
2026-05-01 16:00:00+00:00,0.5633450134000002,0.5635781750000003,0.5631921589000003,0.5635495328000003
2026-05-01 17:00:00+00:00,0.5635309022000002,0.5637686880000002,0.5635309022000002,0.5636548820000002
2026-05-01 18:00:00+00:00,0.5636413648000003,0.5638202544000003,0.5633905280000003,0.5638202544000003
2026-05-01 19:00:00+00:00,0.5639177142000003,0.5640171610000003,0.5637856356000003,0.5638468521000003
2026-05-01 20:00:00+00:00,0.5638403140000003,0.5639273358000003,0.5632613730000003,0.5633869884000003
2026-05-03 21:00:00+00:00,0.5638036250000003,0.5642059500000003,0.5608294228000003,0.5617305162000004
2026-05-03 22:00:00+00:00,0.5607449518000004,0.5616683712000003,0.5607449518000004,0.5612537538000004
2026-05-03 23:00:00+00:00,0.5612328476000004,0.5612957656000004,0.5611279386000003,0.5612054916000003
2026-05-04 00:00:00+00:00,0.5611859526000004,0.5613799376000004,0.5609494524000004,0.5609494524000004
2026-05-04 01:00:00+00:00,0.5609091764000004,0.5612474757000003,0.5608428672000004,0.5611601518000005
2026-05-04 02:00:00+00:00,0.5610606575000004,0.5611494356000004,0.5607095508000004,0.5609168563000003
2026-05-04 03:00:00+00:00,0.5609483271000004,0.5610563824000004,0.5607570907000003,0.5608345521000003
2026-05-04 04:00:00+00:00,0.5608561150000004,0.5609756628000004,0.5607176256000004,0.5608415645000003
2026-05-04 05:00:00+00:00,0.5608604538000004,0.5608868895000003,0.5605697364000004,0.5607466242000004
2026-05-04 06:00:00+00:00,0.5606417600000004,0.5607810740000003,0.5600723562000004,0.5603672880000005
2026-05-04 07:00:00+00:00,0.5603273118000004,0.5610743785000003,0.5602086870000004,0.5609070720000003
2026-05-04 08:00:00+00:00,0.5609527000000004,0.5615687000000004,0.5609460360000004,0.5609727900000003
2026-05-04 09:00:00+00:00,0.5610995627000004,0.5616091922000004,0.5609391000000004,0.5615796142000004
2026-05-04 10:00:00+00:00,0.5615633934000004,0.5615633934000004,0.5602312862000004,0.5611355478000003
2026-05-04 11:00:00+00:00,0.5612104495000003,0.5612811498000004,0.5608679283000003,0.5610359070000004
2026-05-04 12:00:00+00:00,0.5610367848000004,0.5612826240000004,0.5609341424000004,0.5609589282000004
2026-05-04 13:00:00+00:00,0.5606205069000003,0.5608131690000003,0.5602696316000004,0.5603829956000004
2026-05-04 14:00:00+00:00,0.5603894460000003,0.5606467920000004,0.5602534080000003,0.5602534080000003
2026-05-04 15:00:00+00:00,0.5603239170000004,0.5603738100000004,0.5593740322000004,0.5594600500000004
2026-05-04 16:00:00+00:00,0.5594154096000004,0.5598412650000004,0.5590348416000004,0.5597285160000004
2026-05-04 17:00:00+00:00,0.5597231178000004,0.5601298230000004,0.5596931564000004,0.5598241635000003
2026-05-04 18:00:00+00:00,0.5597997174000003,0.5599349026000005,0.5597113880000004,0.5597659560000005
2026-05-04 19:00:00+00:00,0.5597671240000004,0.5600663691000003,0.5597098980000005,0.5600309154000004
2026-05-04 20:00:00+00:00,0.5600337743000003,0.5600549997000004,0.5597813260000004,0.5597813260000004
2026-05-04 21:00:00+00:00,0.5590708200000004,0.5594308154000004,0.5584661532000004,0.5590901778000004
2026-05-04 22:00:00+00:00,0.5592976363000004,0.5596826124000004,0.5592976363000004,0.5596137079000004
2026-05-04 23:00:00+00:00,0.5596581705000003,0.5597061691000004,0.5595760674000004,0.5596137079000004
2026-05-05 00:00:00+00:00,0.5596218550000004,0.5598838250000003,0.5592253680000003,0.5593201459000003
2026-05-05 01:00:00+00:00,0.5592439366000004,0.5592439366000004,0.5588350259000003,0.5588708508000004
2026-05-05 02:00:00+00:00,0.5588567985000004,0.5594102568000004,0.5588567985000004,0.5591532648000004
2026-05-05 03:00:00+00:00,0.5591074776000005,0.5591759335000004,0.5586133590000004,0.5586292296000004
2026-05-05 04:00:00+00:00,0.5586373933000004,0.5598613702000004,0.5586206598000004,0.5588678280000003
2026-05-05 05:00:00+00:00,0.5588173668000004,0.5589463320000003,0.5572685183000003,0.5576602752000004
2026-05-05 06:00:00+00:00,0.5577647058000004,0.5582782755000004,0.5577647058000004,0.5579043610000003
2026-05-05 07:00:00+00:00,0.5581075134000004,0.5583794580000004,0.5579252365000004,0.5580661044000004
2026-05-05 08:00:00+00:00,0.5581086588000004,0.5586196000000004,0.5579468365000004,0.5584383744000003
2026-05-05 09:00:00+00:00,0.5584533269000004,0.5588660000000004,0.5584058604000004,0.5587197210000003
2026-05-05 10:00:00+00:00,0.5587089592000004,0.5590622832000004,0.5585413824000004,0.5590284468000004
2026-05-05 11:00:00+00:00,0.5589957835000005,0.5600132020000004,0.5589957835000005,0.5597300506000005
2026-05-05 12:00:00+00:00,0.5596389370000003,0.5602600199000004,0.5596389370000003,0.5599469810000003
2026-05-05 13:00:00+00:00,0.5600629260000004,0.5601710075000004,0.5596900812000003,0.5596900812000003
2026-05-05 14:00:00+00:00,0.5601637300000003,0.5602524675000004,0.5595411177000004,0.5595427097000004
2026-05-05 15:00:00+00:00,0.5594594062000005,0.5604918935000003,0.5593849832000003,0.5603685132000004
2026-05-05 16:00:00+00:00,0.5601714497000003,0.5604050944000003,0.5601665428000003,0.5603095008000004
2026-05-05 17:00:00+00:00,0.5603067236000003,0.5603880744000004,0.5601343051000003,0.5602387193000004
2026-05-05 18:00:00+00:00,0.5602707120000003,0.5603876653000003,0.5601561532000003,0.5602399448000004
2026-05-05 19:00:00+00:00,0.5602334770000004,0.5603292912000004,0.5600395944000004,0.5601473328000004
2026-05-05 20:00:00+00:00,0.5602059807000004,0.5602059807000004,0.5599765980000004,0.5599765980000004
2026-05-05 21:00:00+00:00,0.5591565000000004,0.5596305380000004,0.5582314395000003,0.5596220295000003
2026-05-05 22:00:00+00:00,0.5596409866000004,0.5601388965000004,0.5596357653000004,0.5601296325000004
2026-05-05 23:00:00+00:00,0.5599795200000004,0.5602873452000003,0.5599442264000004,0.5601114112000003
2026-05-06 00:00:00+00:00,0.5602903500000004,0.5615739985000003,0.5602903500000004,0.5615739985000003
2026-05-06 01:00:00+00:00,0.5616238194000004,0.5622103196000003,0.5614787368000004,0.5620619000000003
2026-05-06 02:00:00+00:00,0.5620133986000003,0.5627021100000004,0.5619579612000004,0.5627021100000004
2026-05-06 03:00:00+00:00,0.5627254864000004,0.5630584095000004,0.5624690099000004,0.5624690099000004
2026-05-06 04:00:00+00:00,0.5624205200000003,0.5627924000000004,0.5618227314000004,0.5618852844000004
2026-05-06 05:00:00+00:00,0.5618960732000003,0.5626710700000004,0.5618960732000003,0.5625724320000004
2026-05-06 06:00:00+00:00,0.5624294255000003,0.5628978080000003,0.5620945828000004,0.5628978080000003
2026-05-06 07:00:00+00:00,0.5627821062000004,0.5631494604000004,0.5618626838000004,0.5618626838000004
2026-05-06 08:00:00+00:00,0.5620042734000004,0.5626252723000004,0.5617525200000004,0.5625806900000003
2026-05-06 09:00:00+00:00,0.5624536212000004,0.5630997021000004,0.5622227340000003,0.5627171862000003
2026-05-06 10:00:00+00:00,0.5626424502000004,0.5628202272000004,0.5621182604000003,0.5622501170000004
2026-05-06 11:00:00+00:00,0.5620502514000003,0.5621591218000004,0.5614333350000004,0.5615958460000003
2026-05-06 12:00:00+00:00,0.5615528240000004,0.5616269046000004,0.5610098499000004,0.5611893914000005
2026-05-06 13:00:00+00:00,0.5612266975000004,0.5615065560000004,0.5609554489000004,0.5613476985000004
2026-05-06 14:00:00+00:00,0.5613569892000003,0.5616039352000004,0.5609626771000004,0.5611887000000003
2026-05-06 15:00:00+00:00,0.5612024275000004,0.5612898207000003,0.5606203900000004,0.5609346113000003
2026-05-06 16:00:00+00:00,0.5608657352000004,0.5610486285000004,0.5606142564000004,0.5606994732000004
2026-05-06 17:00:00+00:00,0.5606751633000003,0.5607226072000004,0.5605195860000003,0.5606875872000003
2026-05-06 18:00:00+00:00,0.5606834791000004,0.5607462784000004,0.5605773622000004,0.5606304732000004
2026-05-06 19:00:00+00:00,0.5606109600000003,0.5608635186000004,0.5605950512000003,0.5607496818000004
2026-05-06 20:00:00+00:00,0.5607187846000004,0.5608865040000004,0.5606231400000004,0.5607025520000003
2026-05-06 21:00:00+00:00,0.5597911781000003,0.5607299194000004,0.5594060856000003,0.5607299194000004
2026-05-06 22:00:00+00:00,0.5607855396000003,0.5609506434000003,0.5607243844000004,0.5608543392000004
2026-05-06 23:00:00+00:00,0.5608372000000004,0.5609882544000002,0.5608228367000003,0.5608905925000003
2026-05-07 00:00:00+00:00,0.5609826744000004,0.5612288286000002,0.5608578024000003,0.5610382232000003
2026-05-07 01:00:00+00:00,0.5608600684000002,0.5612740650000002,0.5608600684000002,0.5611700251000004
2026-05-07 02:00:00+00:00,0.5612182365000002,0.5614534260000004,0.5611570692000002,0.5613182292000003
2026-05-07 03:00:00+00:00,0.5612766515000003,0.5616755508000003,0.5612020257000003,0.5616381966000003
2026-05-07 04:00:00+00:00,0.5617198796000004,0.5619624377000002,0.5616253666000003,0.5618967504000002
2026-05-07 05:00:00+00:00,0.5618835651000003,0.5620732676000003,0.5618456270000002,0.5618652473000003
2026-05-07 06:00:00+00:00,0.5617125744000002,0.5620738630000003,0.5615553156000003,0.5617593264000003
2026-05-07 07:00:00+00:00,0.5618410558000002,0.5620949680000003,0.5613984359000003,0.5620047150000003
2026-05-07 08:00:00+00:00,0.5620731567000002,0.5622631784000003,0.5617052784000003,0.5617465100000003
2026-05-07 09:00:00+00:00,0.5617273476000002,0.5617863349000003,0.5614215817000003,0.5617645320000003
2026-05-07 10:00:00+00:00,0.5618724297000003,0.5619103848000003,0.5614361100000003,0.5617378424000002
2026-05-07 11:00:00+00:00,0.5617384074000004,0.5621228802000003,0.5614035070000003,0.5619658500000003
2026-05-07 12:00:00+00:00,0.5620629040000003,0.5620685730000002,0.5610746724000003,0.5610746724000003
2026-05-07 13:00:00+00:00,0.5609344720000004,0.5609459397000003,0.5604466746000003,0.5605919252000002
2026-05-07 14:00:00+00:00,0.5606187615000002,0.5612211440000002,0.5604282710000003,0.5610230176000003
2026-05-07 15:00:00+00:00,0.5609560000000003,0.5611645776000003,0.5603978094000003,0.5603978094000003
2026-05-07 16:00:00+00:00,0.5603422637000003,0.5607173792000003,0.5602051476000003,0.5607173792000003
2026-05-07 17:00:00+00:00,0.5607286950000002,0.5609748100000003,0.5606251664000003,0.5608727839000002
2026-05-07 18:00:00+00:00,0.5608645050000003,0.5608771743000002,0.5602321232000003,0.5605219200000003
2026-05-07 19:00:00+00:00,0.5604447996000003,0.5606185310000003,0.5603109120000002,0.5603109120000002
2026-05-07 20:00:00+00:00,0.5604091188000002,0.5607014742000003,0.5592248970000002,0.5592248970000002
2026-05-07 21:00:00+00:00,0.5594301788000003,0.5596891155000003,0.5578142170000004,0.5585191990000004
2026-05-07 22:00:00+00:00,0.5589636408000004,0.5592754980000004,0.5588381293000004,0.5590880800000004
2026-05-07 23:00:00+00:00,0.5591190807000004,0.5593791600000004,0.5590395070000004,0.5593340768000005
2026-05-08 00:00:00+00:00,0.5593682262000004,0.5593752042000005,0.5589279462000004,0.5592797652000004
2026-05-08 01:00:00+00:00,0.5591806865000005,0.5595122964000004,0.5591806865000005,0.5593411028000005
2026-05-08 02:00:00+00:00,0.5592781050000004,0.5597030340000004,0.5592781050000004,0.5595752568000004
2026-05-08 03:00:00+00:00,0.5595902220000004,0.5601947988000004,0.5595592340000005,0.5598836910000005
2026-05-08 04:00:00+00:00,0.5599077048000004,0.5599944009000004,0.5596565770000004,0.5598066945000004
2026-05-08 05:00:00+00:00,0.5597714502000004,0.5600861133000004,0.5596480332000004,0.5599703658000005
2026-05-08 06:00:00+00:00,0.5599607232000005,0.5599806397000004,0.5597128152000005,0.5597452566000005
2026-05-08 07:00:00+00:00,0.5597948928000004,0.5597948928000004,0.5595012804000004,0.5595541416000004
2026-05-08 08:00:00+00:00,0.5595671523000004,0.5597092179000005,0.5593282002000004,0.5596317535000005
2026-05-08 09:00:00+00:00,0.5595355500000004,0.5597699316000004,0.5592338856000004,0.5593590274000004
2026-05-08 10:00:00+00:00,0.5593532021000004,0.5600823060000005,0.5593532021000004,0.5599604187000004
2026-05-08 11:00:00+00:00,0.5600306668000004,0.5602845816000004,0.5595150912000004,0.5596576860000004
2026-05-08 12:00:00+00:00,0.5596772568000005,0.5601192530000004,0.5593990620000004,0.5594964867000005
2026-05-08 13:00:00+00:00,0.5594879730000004,0.5597148284000004,0.5590708662000005,0.5596800528000004
2026-05-08 14:00:00+00:00,0.5596431846000004,0.5601512246000006,0.5596431846000004,0.5597322885000005
2026-05-08 15:00:00+00:00,0.5597102700000005,0.5598992124000004,0.5594908488000003,0.5595724250000005
2026-05-08 16:00:00+00:00,0.5595987500000005,0.5596588935000004,0.5593861155000004,0.5593861155000004
2026-05-08 17:00:00+00:00,0.5594230866000004,0.5594926284000005,0.5593342635000004,0.5594872400000005
2026-05-08 18:00:00+00:00,0.5593729348000005,0.5594242446000004,0.5589501360000004,0.5590235160000004
2026-05-08 19:00:00+00:00,0.5590940300000005,0.5596151418000005,0.5590541294000003,0.5596151418000005
2026-05-08 20:00:00+00:00,0.5596354848000005,0.5596354848000005,0.5588656771000003,0.5588656771000003
2026-05-10 21:00:00+00:00,0.5587773312000004,0.5587773312000004,0.5573883948000006,0.5576976639000006
2026-05-10 22:00:00+00:00,0.5586431774000006,0.5598424904000007,0.5586431774000006,0.5597741870000006
2026-05-10 23:00:00+00:00,0.5597597664000007,0.5600188192000006,0.5596707912000005,0.5597532360000006
2026-05-11 00:00:00+00:00,0.5597529641000006,0.5601535510000005,0.5596563700000007,0.5600569152000007
2026-05-11 01:00:00+00:00,0.5601020940000007,0.5601850392000006,0.5598297576000006,0.5601850392000006
2026-05-11 02:00:00+00:00,0.5602700271000006,0.5604233492000006,0.5601034320000007,0.5601454980000007
2026-05-11 03:00:00+00:00,0.5601884080000006,0.5603941200000006,0.5601296688000006,0.5602829931000006
2026-05-11 04:00:00+00:00,0.5602674416000006,0.5604090000000006,0.5600887032000006,0.5604090000000006
2026-05-11 05:00:00+00:00,0.5604090000000006,0.5606717855000006,0.5603372748000006,0.5605628704000006
2026-05-11 06:00:00+00:00,0.5604706070000006,0.5609223183000006,0.5601579287000006,0.5602497820000006
2026-05-11 07:00:00+00:00,0.5603012600000007,0.5605423286000006,0.5601688880000006,0.5605423286000006
2026-05-11 08:00:00+00:00,0.5606079680000006,0.5608167530000007,0.5603243816000005,0.5605360772000006
2026-05-11 09:00:00+00:00,0.5605826480000006,0.5607912510000006,0.5604938802000007,0.5607077742000006
2026-05-11 10:00:00+00:00,0.5607725123000007,0.5609614738000006,0.5606341120000006,0.5609375148000005
2026-05-11 11:00:00+00:00,0.5609832720000006,0.5610903372000006,0.5608551328000005,0.5610421200000006
2026-05-11 12:00:00+00:00,0.5611020536000005,0.5611020536000005,0.5607065320000006,0.5607407908000005
2026-05-11 13:00:00+00:00,0.5607665775000006,0.5612817441000006,0.5607655191000006,0.5610117840000006
2026-05-11 14:00:00+00:00,0.5610127752000007,0.5611299336000006,0.5607657198000007,0.5609499000000006
2026-05-11 15:00:00+00:00,0.5609255949000007,0.5612136832000006,0.5608138554000007,0.5611599014000006
2026-05-11 16:00:00+00:00,0.5611810355000005,0.5612483450000005,0.5609280660000007,0.5610245536000007
2026-05-11 17:00:00+00:00,0.5610481771000005,0.5612688730000006,0.5609444856000005,0.5610885540000007
2026-05-11 18:00:00+00:00,0.5611271480000006,0.5612914779000006,0.5611271480000006,0.5611750293000006
2026-05-11 19:00:00+00:00,0.5611455825000006,0.5612567940000006,0.5610696192000005,0.5611976370000006
2026-05-11 20:00:00+00:00,0.5611529442000006,0.5611529442000006,0.5609165958000006,0.5609165958000006
2026-05-11 21:00:00+00:00,0.5600696462000007,0.5609250570000006,0.5599818500000007,0.5604594318000006
2026-05-11 22:00:00+00:00,0.5608935352000006,0.5610860170000006,0.5608772876000007,0.5610085460000006
2026-05-11 23:00:00+00:00,0.5610534938000007,0.5611881807000006,0.5609169075000007,0.5609692110000006
2026-05-12 00:00:00+00:00,0.5607572080000006,0.5609778018000007,0.5605431540000007,0.5606888574000006
2026-05-12 01:00:00+00:00,0.5607764379000006,0.5608745464000006,0.5602967424000006,0.5608712538000006
2026-05-12 02:00:00+00:00,0.5608935800000006,0.5611872000000007,0.5607922530000007,0.5611602778000007
2026-05-12 03:00:00+00:00,0.5611461570000007,0.5611461570000007,0.5608559736000006,0.5609443777000006
2026-05-12 04:00:00+00:00,0.5609828742000007,0.5613334272000007,0.5609828742000007,0.5610777924000006
2026-05-12 05:00:00+00:00,0.5610866031000007,0.5611186148000007,0.5604991128000006,0.5604991128000006
2026-05-12 06:00:00+00:00,0.5603340980000006,0.5604900284000007,0.5597911500000007,0.5597927335000007
2026-05-12 07:00:00+00:00,0.5597783984000007,0.5607571090000006,0.5597783984000007,0.5606656440000006
2026-05-12 08:00:00+00:00,0.5607720892000007,0.5607720892000007,0.5603689600000006,0.5605932904000006
2026-05-12 09:00:00+00:00,0.5605725615000007,0.5612425634000007,0.5605037431000006,0.5611254894000006
2026-05-12 10:00:00+00:00,0.5611520210000007,0.5615349948000006,0.5610796002000006,0.5614587909000007
2026-05-12 11:00:00+00:00,0.5615190640000007,0.5617434528000006,0.5613900864000007,0.5617434528000006
2026-05-12 12:00:00+00:00,0.5617345624000006,0.5617345624000006,0.5610433500000007,0.5614191233000007
2026-05-12 13:00:00+00:00,0.5614194240000006,0.5618964912000007,0.5612304672000007,0.5615606130000006
2026-05-12 14:00:00+00:00,0.5616168637000006,0.5622794115000006,0.5616168637000006,0.5620047789000007
2026-05-12 15:00:00+00:00,0.5618456176000006,0.5620387856000008,0.5615219862000006,0.5617749192000007
2026-05-12 16:00:00+00:00,0.5617296160000006,0.5618932605000005,0.5614290565000006,0.5614373816000006
2026-05-12 17:00:00+00:00,0.5614820190000006,0.5618349246000006,0.5614683558000007,0.5618138616000007
2026-05-12 18:00:00+00:00,0.5618215172000007,0.5621494530000006,0.5618215172000007,0.5620114794000006
2026-05-12 19:00:00+00:00,0.5620294730000006,0.5622983217000006,0.5619483363000006,0.5622662560000007
2026-05-12 20:00:00+00:00,0.5622050736000007,0.5622874228000007,0.5621256854000006,0.5622177330000007
2026-05-12 21:00:00+00:00,0.5617596240000007,0.5626991180000005,0.5617596240000007,0.5622679498000005
2026-05-12 22:00:00+00:00,0.5626506621000005,0.5628098704000006,0.5625906437000006,0.5625906437000006
2026-05-12 23:00:00+00:00,0.5626280050000005,0.5627124777000005,0.5625043630000005,0.5625160310000006
2026-05-13 00:00:00+00:00,0.5626002228000005,0.5626002228000005,0.5621250100000005,0.5621691040000005
2026-05-13 01:00:00+00:00,0.5621323590000005,0.5629210848000006,0.5621134428000005,0.5627713686000005
2026-05-13 02:00:00+00:00,0.5627946132000006,0.5628575710000006,0.5624268064000005,0.5624991216000005
2026-05-13 03:00:00+00:00,0.5624467626000006,0.5624676105000005,0.5621872261000005,0.5623118280000005
2026-05-13 04:00:00+00:00,0.5622971328000005,0.5623699960000005,0.5621563024000006,0.5623182582000005
2026-05-13 05:00:00+00:00,0.5623418296000005,0.5626105964000006,0.5622971328000005,0.5625826920000006
2026-05-13 06:00:00+00:00,0.5625123175000005,0.5629140175000005,0.5624281600000006,0.5628944766000005
2026-05-13 07:00:00+00:00,0.5628880628000006,0.5631749732000005,0.5628222356000006,0.5630060568000006
2026-05-13 08:00:00+00:00,0.5631561678000006,0.5640134500000006,0.5630676828000005,0.5640134500000006
2026-05-13 09:00:00+00:00,0.5640128166000006,0.5641502496000005,0.5636784696000006,0.5641500960000005
2026-05-13 10:00:00+00:00,0.5641807680000005,0.5642175560000006,0.5639078760000005,0.5640194862000005
2026-05-13 11:00:00+00:00,0.5640433824000006,0.5642930515000005,0.5639428552000005,0.5641957375000006
2026-05-13 12:00:00+00:00,0.5641447994000005,0.5646116934000005,0.5639041160000006,0.5644121460000006
2026-05-13 13:00:00+00:00,0.5644476306000005,0.5647316334000005,0.5639306655000005,0.5642737107000007
2026-05-13 14:00:00+00:00,0.5643006687000005,0.5656048284000005,0.5643006687000005,0.5655354300000005
2026-05-13 15:00:00+00:00,0.5654850571000005,0.5662596096000005,0.5652959760000005,0.5658380105000006
2026-05-13 16:00:00+00:00,0.5659212216000006,0.5660283510000006,0.5656308936000005,0.5656553624000006
2026-05-13 17:00:00+00:00,0.5656937244000005,0.5657312358000005,0.5653865250000005,0.5653865250000005
2026-05-13 18:00:00+00:00,0.5653490736000005,0.5655931740000005,0.5650345134000005,0.5652704288000006
2026-05-13 19:00:00+00:00,0.5652893610000005,0.5652893610000005,0.5646465955000005,0.5646465955000005
2026-05-13 20:00:00+00:00,0.5646542616000005,0.5650328465000005,0.5644923648000005,0.5649155028000005
2026-05-13 21:00:00+00:00,0.5648854330000005,0.5656739160000005,0.5648854330000005,0.5651928198000007
2026-05-13 22:00:00+00:00,0.5657758470000006,0.5658261390000006,0.5655817778000006,0.5658104888000005
2026-05-13 23:00:00+00:00,0.5658101870000006,0.5658488608000006,0.5653994280000006,0.5655071975000007
2026-05-14 00:00:00+00:00,0.5653564672000007,0.5655510822000006,0.5649672420000006,0.5651449839000006
2026-05-14 01:00:00+00:00,0.5651035104000006,0.5651035104000006,0.5647741295000006,0.5647741295000006
2026-05-14 02:00:00+00:00,0.5647121007000006,0.5654292021000006,0.5647047426000006,0.5653825239000007
2026-05-14 03:00:00+00:00,0.5653754694000006,0.5655136392000006,0.5651215297000006,0.5654098004000006
2026-05-14 04:00:00+00:00,0.5654386320000007,0.5658360354000006,0.5653527520000006,0.5657574366000007
2026-05-14 05:00:00+00:00,0.5657359400000006,0.5661891360000006,0.5655863806000005,0.5658728790000006
2026-05-14 06:00:00+00:00,0.5659373948000006,0.5661332928000006,0.5654908212000007,0.5654908212000007
2026-05-14 07:00:00+00:00,0.5655276927000007,0.5658470500000007,0.5650344726000006,0.5650344726000006
2026-05-14 08:00:00+00:00,0.5651609448000006,0.5656976528000006,0.5651395149000006,0.5655755872000007
2026-05-14 09:00:00+00:00,0.5655777705000007,0.5655777705000007,0.5649699542000006,0.5649958568000006
2026-05-14 10:00:00+00:00,0.5651238340000005,0.5651634912000006,0.5646064803000006,0.5647425092000007
2026-05-14 11:00:00+00:00,0.5646094080000006,0.5648272783000006,0.5645458072000006,0.5646646475000006
2026-05-14 12:00:00+00:00,0.5644244820000006,0.5646689482000007,0.5642776080000006,0.5642826433000006
2026-05-14 13:00:00+00:00,0.5642960123000007,0.5642960123000007,0.5633608624000006,0.5633608624000006
2026-05-14 14:00:00+00:00,0.5635637637000006,0.5644560659000006,0.5634533880000007,0.5644508804000006
2026-05-14 15:00:00+00:00,0.5644057950000007,0.5645815770000007,0.5641653486000007,0.5641653486000007
2026-05-14 16:00:00+00:00,0.5641359990000007,0.5641827705000005,0.5639232352000006,0.5640817260000006
2026-05-14 17:00:00+00:00,0.5641387539000007,0.5644295685000006,0.5640670570000007,0.5642655970000007
2026-05-14 18:00:00+00:00,0.5641938867000006,0.5645171874000007,0.5641378974000006,0.5644829880000006
2026-05-14 19:00:00+00:00,0.5645386032000007,0.5645386032000007,0.5642622954000006,0.5643487681000007
2026-05-14 20:00:00+00:00,0.5643498544000006,0.5645437995000007,0.5643484056000007,0.5643788265000006
2026-05-14 21:00:00+00:00,0.5636510450000006,0.5637209283000005,0.5632257310000006,0.5637198708000005
2026-05-14 22:00:00+00:00,0.5642665221000006,0.5644381008000006,0.5642269812000006,0.5644381008000006
2026-05-14 23:00:00+00:00,0.5644670844000006,0.5645965926000006,0.5640702086000006,0.5640702086000006
2026-05-15 00:00:00+00:00,0.5641218712000006,0.5643828940000005,0.5637066708000006,0.5638203176000006
2026-05-15 01:00:00+00:00,0.5637787200000006,0.5639270140000006,0.5629590260000006,0.5629947120000006
2026-05-15 02:00:00+00:00,0.5630247368000005,0.5632637292000006,0.5627813632000005,0.5630307843000006
2026-05-15 03:00:00+00:00,0.5631410565000006,0.5631866244000006,0.5628495130000005,0.5631793175000005
2026-05-15 04:00:00+00:00,0.5631391740000005,0.5631480864000006,0.5626260396000006,0.5626260396000006
2026-05-15 05:00:00+00:00,0.5625614022000005,0.5625614022000005,0.5612064990000005,0.5612747760000005
2026-05-15 06:00:00+00:00,0.5612955514000006,0.5614730226000005,0.5608747029000006,0.5611291456000006
2026-05-15 07:00:00+00:00,0.5610656600000006,0.5615462184000005,0.5609599008000005,0.5612027815000006
2026-05-15 08:00:00+00:00,0.5612486040000005,0.5612486040000005,0.5607168252000005,0.5607514112000005
2026-05-15 09:00:00+00:00,0.5606788880000005,0.5608138641000006,0.5599436744000006,0.5603309139000006
2026-05-15 10:00:00+00:00,0.5603808549000004,0.5611303471000005,0.5601692803000006,0.5610292860000005
2026-05-15 11:00:00+00:00,0.5610292860000005,0.5610555236000007,0.5605524191000005,0.5606572896000006
2026-05-15 12:00:00+00:00,0.5605951049000005,0.5611813606000005,0.5605385901000006,0.5611777182000006
2026-05-15 13:00:00+00:00,0.5610696004000005,0.5612730800000005,0.5604809832000005,0.5607002968000006
2026-05-15 14:00:00+00:00,0.5606729635000005,0.5614588175000006,0.5605978095000006,0.5610882431000005
2026-05-15 15:00:00+00:00,0.5612344780000006,0.5612359415000006,0.5608311754000006,0.5610922310000005
2026-05-15 16:00:00+00:00,0.5611262415000005,0.5615088276000005,0.5610308964000006,0.5613675900000006
2026-05-15 17:00:00+00:00,0.5613494316000006,0.5615812940000006,0.5613494316000006,0.5615438400000006
2026-05-15 18:00:00+00:00,0.5616274344000005,0.5616560756000005,0.5612841749000006,0.5613375834000006
2026-05-15 19:00:00+00:00,0.5612757842000006,0.5612985000000005,0.5608783713000006,0.5608783713000006
2026-05-15 20:00:00+00:00,0.5608220132000006,0.5609264500000005,0.5603112654000005,0.5603112654000005
2026-05-17 21:00:00+00:00,0.5609460153000005,0.5623812675000006,0.5609460153000005,0.5610771003000009
2026-05-17 22:00:00+00:00,0.561571575900001,0.5624324277000009,0.561571575900001,0.562123796000001
2026-05-17 23:00:00+00:00,0.5622038188000008,0.5622038188000008,0.5608522512000009,0.5609551681000009
2026-05-18 00:00:00+00:00,0.560870591400001,0.560870591400001,0.5602330620000009,0.5605675875000009
2026-05-18 01:00:00+00:00,0.5605134600000009,0.560793305600001,0.5603641120000009,0.5606583301000009
2026-05-18 02:00:00+00:00,0.5606525989000009,0.5608476285000009,0.5602863417000009,0.5603877906000009
2026-05-18 03:00:00+00:00,0.560638573200001,0.5609038656000009,0.560358311800001,0.5609038656000009
2026-05-18 04:00:00+00:00,0.560842519500001,0.5609836258000009,0.5607436800000009,0.5607528228000009
2026-05-18 05:00:00+00:00,0.560684217500001,0.5608612440000009,0.560532172200001,0.5606453853000009
2026-05-18 06:00:00+00:00,0.5606137788000009,0.561064123200001,0.560577261600001,0.561064123200001
2026-05-18 07:00:00+00:00,0.561023350700001,0.5614027926000009,0.5607960810000009,0.561179539200001
2026-05-18 08:00:00+00:00,0.561270857600001,0.5616701382000009,0.5608943548000009,0.561353064200001
2026-05-18 09:00:00+00:00,0.561383893800001,0.5618192000000009,0.5613406785000009,0.5616623208000009
2026-05-18 10:00:00+00:00,0.5616528696000009,0.5617219968000009,0.5613506760000009,0.5616532929000009
2026-05-18 11:00:00+00:00,0.5616346008000009,0.5622102691000009,0.5613093472000009,0.5619070481000009
2026-05-18 12:00:00+00:00,0.5618457432000009,0.5630815872000009,0.5618457432000009,0.562989487100001
2026-05-18 13:00:00+00:00,0.5631075374000009,0.5631075374000009,0.5623127767000009,0.5625963434000009
2026-05-18 14:00:00+00:00,0.562509992000001,0.562509992000001,0.5617493397000008,0.5621272650000009
2026-05-18 15:00:00+00:00,0.5621872718000009,0.5621872718000009,0.561695920800001,0.561915603900001
2026-05-18 16:00:00+00:00,0.5619648614000009,0.5619648614000009,0.5614091662000009,0.5615868092000009
2026-05-18 17:00:00+00:00,0.5614716285000009,0.5618754966000009,0.5614716285000009,0.5616347256000008
2026-05-18 18:00:00+00:00,0.5616472054000009,0.5616472054000009,0.5612811498000009,0.561486888800001
2026-05-18 19:00:00+00:00,0.5614377483000008,0.5619780039000009,0.5614377483000008,0.561845427000001
2026-05-18 20:00:00+00:00,0.5617891310000009,0.561839775600001,0.5616250038000009,0.5617279200000008
2026-05-18 21:00:00+00:00,0.560835086000001,0.561731780600001,0.560835086000001,0.561624628500001
2026-05-18 22:00:00+00:00,0.5619216922000011,0.562249269000001,0.561903465000001,0.562249269000001
2026-05-18 23:00:00+00:00,0.562271974400001,0.562506272000001,0.562170616000001,0.5622541062000009
2026-05-19 00:00:00+00:00,0.562313298400001,0.562313298400001,0.561304554300001,0.5613276942000011
2026-05-19 01:00:00+00:00,0.561241098300001,0.561412975200001,0.560619086400001,0.560858949300001
2026-05-19 02:00:00+00:00,0.560847256600001,0.560884940000001,0.560536084500001,0.5608715600000009
2026-05-19 03:00:00+00:00,0.560806219200001,0.560994005000001,0.5606182656000009,0.5606182656000009
2026-05-19 04:00:00+00:00,0.560616899700001,0.560681828000001,0.5600378160000009,0.5600742752000009
2026-05-19 05:00:00+00:00,0.5601909870000009,0.5602146996000009,0.5597715691000008,0.560037283000001
2026-05-19 06:00:00+00:00,0.5600812067000009,0.560536511600001,0.5599301822000009,0.5604665780000009
2026-05-19 07:00:00+00:00,0.5603512460000009,0.5606014052000009,0.5593521660000008,0.5593521660000008
2026-05-19 08:00:00+00:00,0.5592867500000008,0.5600655368000009,0.5590017888000008,0.5598790890000009
2026-05-19 09:00:00+00:00,0.559746225500001,0.5600977551000009,0.5596157752000009,0.559934013600001
2026-05-19 10:00:00+00:00,0.5599489875000009,0.560200830000001,0.5597018556000009,0.5599258943000008
2026-05-19 11:00:00+00:00,0.5600418578000008,0.5605133506000008,0.5599489875000009,0.5604353568000009
2026-05-19 12:00:00+00:00,0.5603095736000008,0.5606472120000008,0.5602006248000009,0.5604084579000008
2026-05-19 13:00:00+00:00,0.5603924792000008,0.5609848552000009,0.5602572987000008,0.5607729565000008
2026-05-19 14:00:00+00:00,0.5609026580000008,0.5609026580000008,0.5594250690000008,0.5599918380000009
2026-05-19 15:00:00+00:00,0.5599762924000008,0.5606995680000009,0.5596069408000008,0.5606003060000008
2026-05-19 16:00:00+00:00,0.5606468546000009,0.5609863760000008,0.5604834008000009,0.5609341738000008
2026-05-19 17:00:00+00:00,0.5609165595000009,0.5611111716000008,0.5607382560000008,0.5608332688000008
2026-05-19 18:00:00+00:00,0.5608580362000009,0.5609346870000008,0.5607233396000008,0.5607584637000009
2026-05-19 19:00:00+00:00,0.5608189440000009,0.5609083515000008,0.5606417178000008,0.5607202500000008
2026-05-19 20:00:00+00:00,0.5606592810000008,0.5607321422000008,0.5605006590000008,0.5605714487000008
2026-05-19 21:00:00+00:00,0.5603250000000007,0.5608544935000007,0.5602749255000009,0.5604226460000008
2026-05-19 22:00:00+00:00,0.5607806824000008,0.5610499440000007,0.5607057544000008,0.5609718702000008
2026-05-19 23:00:00+00:00,0.5610390604000008,0.5610778505000008,0.5606803194000007,0.5606803194000007
2026-05-20 00:00:00+00:00,0.5605534389000008,0.5606946432000008,0.5601711200000008,0.5601711200000008
2026-05-20 01:00:00+00:00,0.5602725399000008,0.5612525881000008,0.5601216128000008,0.5612525881000008
2026-05-20 02:00:00+00:00,0.5612592780000007,0.5613690676000008,0.5607485200000007,0.5608099660000009
2026-05-20 03:00:00+00:00,0.5607823149000007,0.5612263035000008,0.5607823149000007,0.5611165781000008
2026-05-20 04:00:00+00:00,0.5612483156000009,0.5613843060000008,0.5610268538000008,0.5611494820000008
2026-05-20 05:00:00+00:00,0.5611813839000008,0.5615210952000008,0.5610490688000008,0.5614442848000007
2026-05-20 06:00:00+00:00,0.5615409520000009,0.5618803185000009,0.5613749196000009,0.5618570088000008
2026-05-20 07:00:00+00:00,0.5618588420000008,0.5623403392000008,0.5618588420000008,0.5620713470000008
2026-05-20 08:00:00+00:00,0.5621678048000008,0.5627168272000008,0.5619898704000008,0.5623052131000008
2026-05-20 09:00:00+00:00,0.5623724802000007,0.5627104696000008,0.5622969130000008,0.5625772866000007
2026-05-20 10:00:00+00:00,0.5626686163000009,0.5629795008000008,0.5626686163000009,0.5629251584000008
2026-05-20 11:00:00+00:00,0.5629132920000008,0.5637440400000008,0.5629132920000008,0.5634611903000007
2026-05-20 12:00:00+00:00,0.5635559396000008,0.5640523128000008,0.5633648509000009,0.5634513766000008
2026-05-20 13:00:00+00:00,0.5635151036000008,0.5636539165000009,0.5630178631000008,0.5632539575000008
2026-05-20 14:00:00+00:00,0.5633451243000008,0.5637995118000008,0.5628750848000008,0.5634333000000008
2026-05-20 15:00:00+00:00,0.5634533730000008,0.5640750744000008,0.5633955936000008,0.5634581100000008
2026-05-20 16:00:00+00:00,0.5634596490000008,0.5637232176000009,0.5632938337000007,0.5634169695000008
2026-05-20 17:00:00+00:00,0.5634146780000008,0.5636130878000007,0.5633477816000008,0.5635796735000008
2026-05-20 18:00:00+00:00,0.5635888120000008,0.5636013264000008,0.5633440020000008,0.5633882640000009
2026-05-20 19:00:00+00:00,0.5634076440000008,0.5635903572000008,0.5633581258000008,0.5635903572000008
2026-05-20 20:00:00+00:00,0.5635125442000007,0.5635125442000007,0.5631101967000007,0.5631101967000007
2026-05-20 21:00:00+00:00,0.5617697250000008,0.5630602152000008,0.5617697250000008,0.5630047183000008
2026-05-20 22:00:00+00:00,0.5631334760000007,0.5631334760000007,0.5628895872000008,0.5630502030000007
2026-05-20 23:00:00+00:00,0.5630292811000008,0.5631351488000008,0.5629177760000009,0.5629791146000008
2026-05-21 00:00:00+00:00,0.5629421340000008,0.5630678120000009,0.5627078259000008,0.5628057792000009
2026-05-21 01:00:00+00:00,0.5627907681000007,0.5629641380000009,0.5599185488000008,0.5603032224000007
2026-05-21 02:00:00+00:00,0.5603892660000008,0.5606018908000008,0.5595293091000009,0.5599250552000008
2026-05-21 03:00:00+00:00,0.5600122200000008,0.5607065217000008,0.5600105232000008,0.5607065217000008
2026-05-21 04:00:00+00:00,0.5607152472000009,0.5612583768000008,0.5607080016000009,0.5611094816000008
2026-05-21 05:00:00+00:00,0.5611496032000008,0.5611496032000008,0.5605445004000008,0.5608571150000008
2026-05-21 06:00:00+00:00,0.5610084354000008,0.5611520376000008,0.5601268095000008,0.5602803830000008
2026-05-21 07:00:00+00:00,0.5603872344000008,0.5610146455000008,0.5603867358000008,0.5608561920000008
2026-05-21 08:00:00+00:00,0.5607153486000008,0.5617747432000009,0.5607153486000008,0.5615528961000008
2026-05-21 09:00:00+00:00,0.5615717952000008,0.5618120530000008,0.5612591270000009,0.5612591270000009
2026-05-21 10:00:00+00:00,0.5613036336000008,0.5617589728000009,0.5609698360000007,0.5616769620000008
2026-05-21 11:00:00+00:00,0.5617336554000009,0.5622182168000008,0.5614591139000008,0.5619284720000008
2026-05-21 12:00:00+00:00,0.5619576590000008,0.5624836512000008,0.5619576590000008,0.5623113214000008
2026-05-21 13:00:00+00:00,0.5623603536000008,0.5630298234000009,0.5621206684000009,0.5629555184000008
2026-05-21 14:00:00+00:00,0.5629930400000008,0.5632215040000008,0.5626672920000008,0.5631773328000008
2026-05-21 15:00:00+00:00,0.5631215700000007,0.5633021464000009,0.5626942500000008,0.5632989009000009
2026-05-21 16:00:00+00:00,0.5633311572000008,0.5636447960000008,0.5631563938000008,0.5632684232000008
2026-05-21 17:00:00+00:00,0.5633280060000009,0.5636433481000008,0.5632044100000008,0.5633389719000008
2026-05-21 18:00:00+00:00,0.5633323360000008,0.5633372143000008,0.5628602985000009,0.5629702986000008
2026-05-21 19:00:00+00:00,0.5629845399000007,0.5630205696000007,0.5626675048000008,0.5626675048000008
2026-05-21 20:00:00+00:00,0.5626869768000008,0.5627763525000008,0.5625503044000008,0.5625503044000008
2026-05-21 21:00:00+00:00,0.5617983600000008,0.5628580884000008,0.561742008000001,0.5620464624000009
2026-05-21 22:00:00+00:00,0.562514344700001,0.562791782800001,0.562514344700001,0.562685334400001
2026-05-21 23:00:00+00:00,0.562665801600001,0.562698505200001,0.5623508992000009,0.5624300992000009
2026-05-22 00:00:00+00:00,0.562337109000001,0.5624489520000009,0.5620925779000009,0.5621443776000009
2026-05-22 01:00:00+00:00,0.562091160400001,0.562237008000001,0.561811183900001,0.5619646164000008
2026-05-22 02:00:00+00:00,0.5620293970000009,0.5621764380000009,0.561775216500001,0.561883041600001
2026-05-22 03:00:00+00:00,0.5618481372000009,0.5619125683000009,0.5616500232000009,0.5619125683000009
2026-05-22 04:00:00+00:00,0.5618869956000009,0.5619318097000009,0.5616161600000009,0.5616838755000009
2026-05-22 05:00:00+00:00,0.5617162032000009,0.562170851200001,0.5616838755000009,0.561968439600001
2026-05-22 06:00:00+00:00,0.5619799880000009,0.5619919956000009,0.5613574995000009,0.5616040843000009
2026-05-22 07:00:00+00:00,0.561556320000001,0.561775926600001,0.5608493084000009,0.561102409200001
2026-05-22 08:00:00+00:00,0.5610957760000009,0.561363502500001,0.560789370000001,0.5610405644000009
2026-05-22 09:00:00+00:00,0.5609679904000009,0.5609679904000009,0.5604979809000009,0.560693642400001
2026-05-22 10:00:00+00:00,0.5608351646000009,0.560855130000001,0.5605142125000009,0.560818885000001
2026-05-22 11:00:00+00:00,0.560842581600001,0.5608599360000011,0.560194535400001,0.560222546400001
2026-05-22 12:00:00+00:00,0.560344316400001,0.560595425400001,0.5601659856000011,0.560589893400001
2026-05-22 13:00:00+00:00,0.560552204000001,0.5607231124000011,0.559975973700001,0.560418971200001
2026-05-22 14:00:00+00:00,0.5602548736000009,0.560747868800001,0.5601813540000011,0.5603060466000009
2026-05-22 15:00:00+00:00,0.5603510621000011,0.560626425000001,0.560302228200001,0.560491338400001
2026-05-22 16:00:00+00:00,0.560502072000001,0.560614481700001,0.559767354300001,0.559815438100001
2026-05-22 17:00:00+00:00,0.5597441244000011,0.560217429200001,0.5597441244000011,0.5600803976000011
2026-05-22 18:00:00+00:00,0.560045889900001,0.560240608200001,0.560008230600001,0.560118510900001
2026-05-22 19:00:00+00:00,0.560062212500001,0.560153925900001,0.5599354950000011,0.559945058900001
2026-05-22 20:00:00+00:00,0.559929624700001,0.5599808766000011,0.559201427200001,0.559201427200001
2026-05-24 21:00:00+00:00,0.559180611000001,0.559180611000001,0.558580393800001,0.5590277328000012
2026-05-24 22:00:00+00:00,0.5585304797000011,0.5589329495000012,0.5578975380000012,0.5580088448000011
2026-05-24 23:00:00+00:00,0.558188927400001,0.5582320114000011,0.5580418429000011,0.5581865448000012
2026-05-25 00:00:00+00:00,0.5581661367000011,0.5583947012000011,0.5580090240000011,0.5583604880000012
2026-05-25 01:00:00+00:00,0.5584293360000011,0.5589084120000011,0.5583825723000011,0.558741061700001
2026-05-25 02:00:00+00:00,0.5587676444000012,0.5589387533000011,0.5585884416000011,0.5585884416000011
2026-05-25 03:00:00+00:00,0.5586069015000011,0.5586405630000012,0.5583230350000011,0.5584006285000012
2026-05-25 04:00:00+00:00,0.5585171448000011,0.5588878500000012,0.5584731735000011,0.5588058000000011
2026-05-25 05:00:00+00:00,0.5587673280000011,0.5588874718000012,0.5586185250000012,0.5586577110000011
2026-05-25 06:00:00+00:00,0.5587931908000011,0.5588244172000012,0.5582692072000012,0.5583780967000012
2026-05-25 07:00:00+00:00,0.5583238200000011,0.5583238200000011,0.5578029688000012,0.5582093667000011
2026-05-25 08:00:00+00:00,0.5582095310000011,0.5586138743000012,0.5581108872000011,0.5584759324000012
2026-05-25 09:00:00+00:00,0.5584913172000011,0.5585930400000011,0.5582414612000012,0.5583892422000012
2026-05-25 10:00:00+00:00,0.5584678712000012,0.5585140154000011,0.5581782683000012,0.5582418912000011
2026-05-25 11:00:00+00:00,0.558240170000001,0.5585646780000011,0.558152985600001,0.5584448070000011
2026-05-25 12:00:00+00:00,0.5583909847000011,0.558524241800001,0.558181225000001,0.5582196540000011
2026-05-25 13:00:00+00:00,0.558159860400001,0.5598391344000011,0.558159860400001,0.5596755228000011
2026-05-25 14:00:00+00:00,0.559809806200001,0.560330282200001,0.5597620704000011,0.5602913232000011
2026-05-25 15:00:00+00:00,0.5602728713000011,0.5604315136000011,0.559736747400001,0.559781219400001
2026-05-25 16:00:00+00:00,0.5598067750000011,0.5600557371000011,0.559721138400001,0.5599287404000011
2026-05-25 17:00:00+00:00,0.5599355685000011,0.560029910000001,0.559799363200001,0.5598211696000011
2026-05-25 18:00:00+00:00,0.559776691800001,0.559856646400001,0.559713780000001,0.5597249472000011
2026-05-25 19:00:00+00:00,0.5597467524000012,0.5598605425000011,0.5597458866000011,0.559814766000001
2026-05-25 20:00:00+00:00,0.559815630400001,0.5599118616000011,0.5593789773000011,0.5593789773000011
2026-05-25 21:00:00+00:00,0.5586237366000011,0.5596552066000011,0.5586237366000011,0.5595335835000012
2026-05-25 22:00:00+00:00,0.559848368100001,0.5600390615000012,0.5597966270000012,0.5599643686000011
2026-05-25 23:00:00+00:00,0.5599969258000012,0.5600589900000011,0.5598342625000012,0.5598520462000012
2026-05-26 00:00:00+00:00,0.5598398655000011,0.5601184344000011,0.5597890350000011,0.5600656708000011
2026-05-26 01:00:00+00:00,0.5600189706000012,0.5601123696000012,0.5597264660000011,0.5597736879000011
2026-05-26 02:00:00+00:00,0.5597800450000011,0.5599542487000011,0.5596711848000012,0.5598344727000012
2026-05-26 03:00:00+00:00,0.5598140418000012,0.5600465365000011,0.5598140418000012,0.5598721645000011
2026-05-26 04:00:00+00:00,0.5598571932000012,0.5599256660000012,0.5593849760000011,0.5594566386000012
2026-05-26 05:00:00+00:00,0.5593876968000011,0.5596547364000012,0.5591327808000012,0.5596320527000012
2026-05-26 06:00:00+00:00,0.5596388460000011,0.5609907248000011,0.5596383850000012,0.5607614716000011
2026-05-26 07:00:00+00:00,0.5605114065000012,0.5606268926000012,0.5601229920000012,0.5603475564000011
2026-05-26 08:00:00+00:00,0.5601730600000011,0.5605959783000012,0.5601730600000011,0.5605004426000011
2026-05-26 09:00:00+00:00,0.5605430630000012,0.5605430630000012,0.5599924272000012,0.5602400640000011
2026-05-26 10:00:00+00:00,0.5602246272000011,0.5607140031000012,0.5601659804000011,0.5605886215000011
2026-05-26 11:00:00+00:00,0.5606471644000012,0.5611068960000012,0.5605760232000012,0.5610689460000011
2026-05-26 12:00:00+00:00,0.561011061900001,0.5612546584000011,0.5609523360000012,0.5611883646000011
2026-05-26 13:00:00+00:00,0.5611747676000012,0.5616520308000011,0.5611466430000012,0.5613354810000012
2026-05-26 14:00:00+00:00,0.5614343568000011,0.5615423023000012,0.5609658616000012,0.5614198320000011
2026-05-26 15:00:00+00:00,0.5614156110000011,0.5614697308000012,0.5612453561000011,0.561283556400001
2026-05-26 16:00:00+00:00,0.5612337315000012,0.5614609212000011,0.5611165950000011,0.5612723247000011
2026-05-26 17:00:00+00:00,0.5612882688000012,0.5614092560000011,0.5612470987000012,0.5613352504000011
2026-05-26 18:00:00+00:00,0.5613555835000011,0.5616550530000012,0.5613555835000011,0.5616095954000011
2026-05-26 19:00:00+00:00,0.5615875230000011,0.5617740876000011,0.5615730010000011,0.5617581486000012
2026-05-26 20:00:00+00:00,0.5616787220000011,0.5617265261000012,0.5614631424000012,0.5614631424000012
2026-05-26 21:00:00+00:00,0.5606275521000011,0.5609658616000013,0.5604039018000012,0.5608082805000012
2026-05-26 22:00:00+00:00,0.5612033544000012,0.5612033544000012,0.5609916558000012,0.5610466680000012
2026-05-26 23:00:00+00:00,0.5611021396000012,0.5612363211000012,0.5610104892000012,0.5611354455000012
2026-05-27 00:00:00+00:00,0.5610809759000012,0.5617205502000012,0.5609305918000012,0.5615061735000012
2026-05-27 01:00:00+00:00,0.5615143502000013,0.5617338168000012,0.5600983648000013,0.5602929728000012
2026-05-27 02:00:00+00:00,0.5602397022000012,0.5608204800000012,0.5601388016000012,0.5605931820000013
2026-05-27 03:00:00+00:00,0.5605800750000013,0.5607433986000012,0.5602827418000013,0.5603942042000013
2026-05-27 04:00:00+00:00,0.5603806368000012,0.5605398038000012,0.5602177584000012,0.5603422650000012
2026-05-27 05:00:00+00:00,0.5602891400000013,0.5603633042000012,0.5599871524000013,0.5599871524000013
2026-05-27 06:00:00+00:00,0.5599698000000012,0.5600306488000012,0.5589825192000013,0.5589825192000013
2026-05-27 07:00:00+00:00,0.5590765908000012,0.5591923848000012,0.5586023190000012,0.5589512791000012
2026-05-27 08:00:00+00:00,0.5589936849000012,0.5595773316000012,0.5587094544000013,0.5595603769000012
2026-05-27 09:00:00+00:00,0.5594139504000013,0.5596268472000012,0.5592377026000013,0.5593033248000012
2026-05-27 10:00:00+00:00,0.5593332560000012,0.5596264968000012,0.5587859268000013,0.5589148485000013
2026-05-27 11:00:00+00:00,0.5589225806000013,0.5591096280000012,0.5588718480000012,0.5591096280000012
2026-05-27 12:00:00+00:00,0.5589853345000012,0.5589853345000012,0.5581841072000012,0.5583216160000012
2026-05-27 13:00:00+00:00,0.5583888387000012,0.5587091466000013,0.5581877274000012,0.5587091466000013
2026-05-27 14:00:00+00:00,0.5586897432000012,0.5588584762000012,0.5580907995000012,0.5588584762000012
2026-05-27 15:00:00+00:00,0.5589224355000012,0.5597760323000012,0.5588924250000012,0.5597760323000012
2026-05-27 16:00:00+00:00,0.5598488464000012,0.5600020860000012,0.5596636320000012,0.5596636320000012
2026-05-27 17:00:00+00:00,0.5596641353000011,0.5597802045000012,0.5596151924000012,0.5596887600000012
2026-05-27 18:00:00+00:00,0.5597084024000013,0.5599257663000012,0.5596774348000012,0.5598661728000012
2026-05-27 19:00:00+00:00,0.5598119942000012,0.5602028718000013,0.5598119942000012,0.5601764556000012
2026-05-27 20:00:00+00:00,0.5602276152000012,0.5602695147000012,0.5601045964000012,0.5602018588000012
2026-05-27 21:00:00+00:00,0.5591944206000012,0.5598515350000014,0.5589939960000014,0.5596124940000013
2026-05-27 22:00:00+00:00,0.5600379595000013,0.5603349920000014,0.5600379595000013,0.5602967868000014
2026-05-27 23:00:00+00:00,0.5602972914000014,0.5605133950000014,0.5602144128000014,0.5602144128000014
2026-05-28 00:00:00+00:00,0.5600929098000014,0.5603146920000014,0.5599447250000014,0.5600852730000013
2026-05-28 01:00:00+00:00,0.5600495556000014,0.5602484614000014,0.5595561972000014,0.5596875672000015
2026-05-28 02:00:00+00:00,0.5596597930000013,0.5600115435000014,0.5596536617000014,0.5600043236000014
2026-05-28 03:00:00+00:00,0.5600530040000014,0.5602014340000013,0.5591107865000013,0.5592296372000014
2026-05-28 04:00:00+00:00,0.5592768300000014,0.5593357848000013,0.5589726476000013,0.5592006990000014
2026-05-28 05:00:00+00:00,0.5590082325000013,0.5598069459000014,0.5590082325000013,0.5595208377000013
2026-05-28 06:00:00+00:00,0.5596057368000014,0.5598502864000013,0.5591293275000013,0.5591523420000013
2026-05-28 07:00:00+00:00,0.5592013376000013,0.5596371960000014,0.5591052236000014,0.5596371960000014
2026-05-28 08:00:00+00:00,0.5596626016000014,0.5599690286000014,0.5596278180000014,0.5597282529000014
2026-05-28 09:00:00+00:00,0.5596539375000014,0.5602230179000014,0.5595326238000015,0.5601836538000013
2026-05-28 10:00:00+00:00,0.5602247532000013,0.5605294061000015,0.5599096720000014,0.5600011275000013
2026-05-28 11:00:00+00:00,0.5600072996000014,0.5601210793000013,0.5597037693000014,0.5597886936000014
2026-05-28 12:00:00+00:00,0.5598180945000013,0.5599894900000014,0.5593047936000014,0.5593496562000014
2026-05-28 13:00:00+00:00,0.5594904954000014,0.5594904954000014,0.5588403918000013,0.5592325128000013
2026-05-28 14:00:00+00:00,0.5593722645000013,0.5599576799000013,0.5590524764000014,0.5591706534000014
2026-05-28 15:00:00+00:00,0.5593484952000014,0.5597604456000015,0.5593484952000014,0.5597226544000015
2026-05-28 16:00:00+00:00,0.5596945670000014,0.5600008766000014,0.5596266066000014,0.5598124720000014
2026-05-28 17:00:00+00:00,0.5598393030000014,0.5599210890000014,0.5596474953000014,0.5596474953000014
2026-05-28 18:00:00+00:00,0.5596701720000014,0.5598471885000014,0.5595019430000014,0.5597891292000015
2026-05-28 19:00:00+00:00,0.5598113584000014,0.5598208858000014,0.5595228628000014,0.5595228628000014
2026-05-28 20:00:00+00:00,0.5594983732000015,0.5596857006000014,0.5594983732000015,0.5595981534000014
2026-05-28 21:00:00+00:00,0.5594593680000014,0.5594593680000014,0.5574118680000015,0.5581705800000014
2026-05-28 22:00:00+00:00,0.5581265922000015,0.5583780967000015,0.5581265922000015,0.5583767980000015
2026-05-28 23:00:00+00:00,0.5583909642000014,0.5584806756000015,0.5582431113000015,0.5583277134000015
2026-05-29 00:00:00+00:00,0.5582790501000016,0.5585029110000015,0.5579881344000016,0.5581114932000015
2026-05-29 01:00:00+00:00,0.5581931670000014,0.5582660601000016,0.5578080400000015,0.5582515463000015
2026-05-29 02:00:00+00:00,0.5581794120000015,0.5582541575000015,0.5578623000000015,0.5580267016000015
2026-05-29 03:00:00+00:00,0.5579873557000015,0.5582275884000014,0.5579327808000014,0.5581217385000015
2026-05-29 04:00:00+00:00,0.5582253694000014,0.5585604490000015,0.5581079988000015,0.5585241515000015
2026-05-29 05:00:00+00:00,0.5585074600000015,0.5586977229000014,0.5583200223000014,0.5583798255000014
2026-05-29 06:00:00+00:00,0.5583469710000014,0.5585370875000015,0.5577661918000014,0.5577661918000014
2026-05-29 07:00:00+00:00,0.5577764070000014,0.5582309145000015,0.5576532885000015,0.5580633000000015
2026-05-29 08:00:00+00:00,0.5581053850000015,0.5581710460000016,0.5576822865000014,0.5578975380000015
2026-05-29 09:00:00+00:00,0.5578997715000015,0.5578997715000015,0.5574001920000015,0.5574454307000014
2026-05-29 10:00:00+00:00,0.5574645680000015,0.5576236530000014,0.5570854380000015,0.5570854380000015
2026-05-29 11:00:00+00:00,0.5571720352000015,0.5577021039000015,0.5570491118000015,0.5576150462000015
2026-05-29 12:00:00+00:00,0.5576029578000015,0.5579922907000014,0.5576029578000015,0.5577608745000014
2026-05-29 13:00:00+00:00,0.5577888000000015,0.5584278600000016,0.5577368368000014,0.5584278600000016
2026-05-29 14:00:00+00:00,0.5585018496000015,0.5592235710000015,0.5577517341000015,0.5592235710000015
2026-05-29 15:00:00+00:00,0.5590252239000015,0.5596009524000015,0.5584067040000015,0.5584067040000015
2026-05-29 16:00:00+00:00,0.5583553240000014,0.5587794260000015,0.5583553240000014,0.5584753850000015
2026-05-29 17:00:00+00:00,0.5585187132000015,0.5587966552000015,0.5584516158000015,0.5587910832000015
2026-05-29 18:00:00+00:00,0.5587906837000015,0.5589243814000014,0.5577475800000015,0.5578250106000016
2026-05-29 19:00:00+00:00,0.5577231088000015,0.5577702316000015,0.5573737910000015,0.5576819072000014
2026-05-29 20:00:00+00:00,0.5577474560000014,0.5580740880000015,0.5571681199000015,0.5572408829000014
2026-05-31 21:00:00+00:00,0.5570892194000013,0.5590328926000012,0.5570892194000013,0.5588845042000014
2026-05-31 22:00:00+00:00,0.5594019080000014,0.5598270909000014,0.5594019080000014,0.5597426142000014
2026-05-31 23:00:00+00:00,0.5597640885000014,0.5602356155000013,0.5597636968000014,0.5600684372000014
2026-06-01 00:00:00+00:00,0.5601827050000014,0.5610069896000015,0.5601827050000014,0.5609503785000015
2026-06-01 01:00:00+00:00,0.5609917467000013,0.5613368585000015,0.5608977348000014,0.5612708024000014
2026-06-01 02:00:00+00:00,0.5612938835000014,0.5615840178000014,0.5612474010000014,0.5612894912000015
2026-06-01 03:00:00+00:00,0.5612599135000015,0.5612739840000014,0.5608366680000014,0.5609796747000014
2026-06-01 04:00:00+00:00,0.5610481230000014,0.5613064800000014,0.5610481230000014,0.5612631087000014
2026-06-01 05:00:00+00:00,0.5612100510000013,0.5613321804000014,0.5610643675000014,0.5610643675000014
2026-06-01 06:00:00+00:00,0.5610822048000014,0.5611471200000014,0.5603015197000014,0.5603015197000014
2026-06-01 07:00:00+00:00,0.5604008420000014,0.5611059366000014,0.5601931543000015,0.5609343145000014
2026-06-01 08:00:00+00:00,0.5610226017000014,0.5612656050000014,0.5608330695000013,0.5612656050000014
2026-06-01 09:00:00+00:00,0.5611800752000015,0.5616461895000014,0.5611800752000015,0.5615068706000015
2026-06-01 10:00:00+00:00,0.5615724689000013,0.5616291097000015,0.5611947795000014,0.5612255911000015
2026-06-01 11:00:00+00:00,0.5611866590000014,0.5613949836000014,0.5609834340000014,0.5610519253000015
2026-06-01 12:00:00+00:00,0.5610989895000014,0.5615838718000014,0.5606973445000014,0.5615838718000014
2026-06-01 13:00:00+00:00,0.5616057100000015,0.5618161648000014,0.5607471528000014,0.5611134690000014
2026-06-01 14:00:00+00:00,0.5612366680000014,0.5614770533000014,0.5609886026000014,0.5609886026000014
2026-06-01 15:00:00+00:00,0.5608798361000015,0.5616449465000014,0.5608798361000015,0.5614978400000015
2026-06-01 16:00:00+00:00,0.5615713635000014,0.5619256072000014,0.5614677037000014,0.5618115177000015
2026-06-01 17:00:00+00:00,0.5618483262000014,0.5621988075000014,0.5617941342000015,0.5621614585000014
2026-06-01 18:00:00+00:00,0.5621336960000014,0.5621336960000014,0.5619433444000014,0.5619433444000014
2026-06-01 19:00:00+00:00,0.5619392350000014,0.5620942215000014,0.5619392350000014,0.5620505925000014
2026-06-01 20:00:00+00:00,0.5620728652000014,0.5620728652000014,0.5618732742000014,0.5618732742000014
2026-06-01 21:00:00+00:00,0.5616161344000015,0.5619615290000015,0.5612744303000013,0.5617778448000014
2026-06-01 22:00:00+00:00,0.5621474496000014,0.5622215130000014,0.5620287780000015,0.5621769626000014
2026-06-01 23:00:00+00:00,0.5621560623000014,0.5621819940000015,0.5619842344000016,0.5621692544000014
2026-06-02 00:00:00+00:00,0.5620515308000015,0.5623892368000014,0.5620087306000014,0.5621745600000014
2026-06-02 01:00:00+00:00,0.5622291516000015,0.5625716765000015,0.5617965878000014,0.5617965878000014
2026-06-02 02:00:00+00:00,0.5618640322000014,0.5620446216000015,0.5617166695000014,0.5619895830000016
2026-06-02 03:00:00+00:00,0.5620378118000015,0.5620378118000015,0.5616005658000015,0.5619451323000014
2026-06-02 04:00:00+00:00,0.5618624084000015,0.5619837768000014,0.5617496961000015,0.5619047070000015
2026-06-02 05:00:00+00:00,0.5619283372000013,0.5621865144000014,0.5618092544000014,0.5619306210000015
2026-06-02 06:00:00+00:00,0.5620478847000014,0.5622117480000014,0.5617343312000014,0.5619579270000014
2026-06-02 07:00:00+00:00,0.5619900308000014,0.5628029275000015,0.5619158788000015,0.5625134374000015
2026-06-02 08:00:00+00:00,0.5625553680000015,0.5632340800000015,0.5624238582000014,0.5631036390000015
2026-06-02 09:00:00+00:00,0.5630533830000014,0.5633842500000015,0.5627673832000015,0.5632564112000015
2026-06-02 10:00:00+00:00,0.5632435300000015,0.5633546463000014,0.5629243872000014,0.5629573654000015
2026-06-02 11:00:00+00:00,0.5629590618000014,0.5630186880000014,0.5625065664000014,0.5625400716000014
2026-06-02 12:00:00+00:00,0.5625623700000014,0.5628282888000015,0.5624624994000015,0.5627064800000015
2026-06-02 13:00:00+00:00,0.5626567600000014,0.5632060224000014,0.5624277646000014,0.5631066808000015
2026-06-02 14:00:00+00:00,0.5632184880000015,0.5635490280000015,0.5631183090000015,0.5634979809000015
2026-06-02 15:00:00+00:00,0.5634546340000014,0.5637400320000014,0.5633516604000014,0.5634250239000015
2026-06-02 16:00:00+00:00,0.5635001250000015,0.5639831135000014,0.5635001250000015,0.5639106600000015
2026-06-02 17:00:00+00:00,0.5638846101000015,0.5640206338000014,0.5637942896000014,0.5638667195000016
2026-06-02 18:00:00+00:00,0.5638995159000014,0.5642228410000015,0.5638995159000014,0.5640336954000015
2026-06-02 19:00:00+00:00,0.5640136132000014,0.5641670111000014,0.5639641636000015,0.5639955399000015
2026-06-02 20:00:00+00:00,0.5639796312000014,0.5640982704000014,0.5639080275000015,0.5639948604000015
2026-06-02 21:00:00+00:00,0.5631208107000014,0.5638081559000016,0.5630402220000015,0.5636113286000015
2026-06-02 22:00:00+00:00,0.5637730366000016,0.5640228200000015,0.5637648600000015,0.5639436384000015
2026-06-02 23:00:00+00:00,0.5639613657000015,0.5643187608000014,0.5639499788000015,0.5643187608000014
2026-06-03 00:00:00+00:00,0.5643652476000014,0.5645133788000014,0.5641995600000015,0.5644350150000015
2026-06-03 01:00:00+00:00,0.5643758637000015,0.5644008968000015,0.5638662850000016,0.5641326625000015
2026-06-03 02:00:00+00:00,0.5641103466000015,0.5643261900000015,0.5638092005000015,0.5639281956000015
2026-06-03 03:00:00+00:00,0.5639022192000015,0.5641398978000015,0.5638639667000015,0.5640350555000015
2026-06-03 04:00:00+00:00,0.5640838400000014,0.5643683504000014,0.5639125845000015,0.5639865420000014
2026-06-03 05:00:00+00:00,0.5639996952000015,0.5641269310000016,0.5636099182000014,0.5637621888000015
2026-06-03 06:00:00+00:00,0.5639589536000015,0.5639589536000015,0.5632045265000014,0.5636949570000015
2026-06-03 07:00:00+00:00,0.5636595816000015,0.5644347366000015,0.5636595816000015,0.5644065960000015
2026-06-03 08:00:00+00:00,0.5643043056000016,0.5645002188000015,0.5639571168000014,0.5641505944000015
2026-06-03 09:00:00+00:00,0.5642063648000015,0.5645705280000015,0.5641466703000014,0.5642883075000015
2026-06-03 10:00:00+00:00,0.5643484355000016,0.5649345530000015,0.5643327831000015,0.5644117584000015
2026-06-03 11:00:00+00:00,0.5644272672000015,0.5645377240000016,0.5639399822000015,0.5639637096000015
2026-06-03 12:00:00+00:00,0.5638887098000015,0.5643264800000015,0.5638887098000015,0.5641695642000015
2026-06-03 13:00:00+00:00,0.5641587680000015,0.5642865777000015,0.5630344839000015,0.5630344839000015
2026-06-03 14:00:00+00:00,0.5631368004000016,0.5640860701000014,0.5631368004000016,0.5634868150000014
2026-06-03 15:00:00+00:00,0.5634574240000015,0.5636378624000015,0.5630981004000014,0.5633611920000015
2026-06-03 16:00:00+00:00,0.5633476494000015,0.5639638806000015,0.5633284170000016,0.5639545681000016
2026-06-03 17:00:00+00:00,0.5639346927000014,0.5641567239000015,0.5638804085000015,0.5640770520000015
2026-06-03 18:00:00+00:00,0.5640687187000014,0.5641616316000015,0.5638811220000015,0.5639079036000015
2026-06-03 19:00:00+00:00,0.5638483368000015,0.5638510658000014,0.5636629600000015,0.5636796208000014
2026-06-03 20:00:00+00:00,0.5636144572000015,0.5637447844000015,0.5634182096000016,0.5634182096000016
2026-06-03 21:00:00+00:00,0.5627008443000016,0.5634960556000016,0.5622896753000016,0.5632926390000016
2026-06-03 22:00:00+00:00,0.5634091924000016,0.5637932600000016,0.5633663049000016,0.5636477946000015
2026-06-03 23:00:00+00:00,0.5637084264000015,0.5637084264000015,0.5629931217000016,0.5632681803000015
2026-06-04 00:00:00+00:00,0.5632360191000015,0.5633743824000015,0.5629544025000015,0.5631357824000015
2026-06-04 01:00:00+00:00,0.5630432584000015,0.5632347384000016,0.5626947090000015,0.5627830620000016
2026-06-04 02:00:00+00:00,0.5627182412000015,0.5627570992000015,0.5622128210000015,0.5623512960000016
2026-06-04 03:00:00+00:00,0.5623299071000016,0.5627654928000014,0.5623189348000015,0.5627437767000015
2026-06-04 04:00:00+00:00,0.5626515603000015,0.5628920180000015,0.5625997410000014,0.5625997410000014
2026-06-04 05:00:00+00:00,0.5626214616000015,0.5627161160000016,0.5624228790000015,0.5625956784000016
2026-06-04 06:00:00+00:00,0.5626060902000015,0.5635786330000015,0.5625787062000015,0.5635364431000015
2026-06-04 07:00:00+00:00,0.5635774490000015,0.5636642064000015,0.5633934540000015,0.5635469312000015
2026-06-04 08:00:00+00:00,0.5635308250000016,0.5636991040000016,0.5626767237000015,0.5629190661000015
2026-06-04 09:00:00+00:00,0.5628450564000015,0.5628450564000015,0.5623791255000015,0.5624008875000015
2026-06-04 10:00:00+00:00,0.5622999750000015,0.5624717408000016,0.5620655601000015,0.5621483364000015
2026-06-04 11:00:00+00:00,0.5621440718000015,0.5621440718000015,0.5610997824000015,0.5613976104000016
2026-06-04 12:00:00+00:00,0.5613873826000015,0.5614654176000015,0.5612022984000015,0.5613923131000015
2026-06-04 13:00:00+00:00,0.5611945596000014,0.5618503328000015,0.5611945596000014,0.5617265280000016
2026-06-04 14:00:00+00:00,0.5617028900000015,0.5620237434000016,0.5616011474000016,0.5617054703000015
2026-06-04 15:00:00+00:00,0.5617147032000016,0.5620717550000015,0.5617147032000016,0.5620179825000016
2026-06-04 16:00:00+00:00,0.5619734747000016,0.5621932890000015,0.5619339225000015,0.5621400224000016
2026-06-04 17:00:00+00:00,0.5621515072000015,0.5622342828000015,0.5620324896000015,0.5621064967000016
2026-06-04 18:00:00+00:00,0.5621052720000016,0.5623241330000015,0.5620586276000016,0.5621130454000015
2026-06-04 19:00:00+00:00,0.5621548800000015,0.5622316320000015,0.5620748580000015,0.5621260086000015
2026-06-04 20:00:00+00:00,0.5620732416000015,0.5622591002000015,0.5620521390000015,0.5621111200000014
2026-06-04 21:00:00+00:00,0.5612705000000014,0.5618578844000015,0.5610010254000015,0.5616191504000015
2026-06-04 22:00:00+00:00,0.5619346992000017,0.5621147292000016,0.5618627810000016,0.5620257400000016
2026-06-04 23:00:00+00:00,0.5620578018000015,0.5621156960000017,0.5615514585000017,0.5616119600000017
2026-06-05 00:00:00+00:00,0.5615323344000016,0.5615323344000016,0.5609998224000016,0.5610018480000016
2026-06-05 01:00:00+00:00,0.5609506044000017,0.5609506044000017,0.5598719265000016,0.5608579088000016
2026-06-05 02:00:00+00:00,0.5607993666000016,0.5614227080000016,0.5607782124000016,0.5613254640000016
2026-06-05 03:00:00+00:00,0.5613182280000015,0.5614940484000016,0.5610167433000016,0.5610255494000016
2026-06-05 04:00:00+00:00,0.5609966190000016,0.5614407946000016,0.5609868590000017,0.5613146550000017
2026-06-05 05:00:00+00:00,0.5613218931000016,0.5613280966000017,0.5606662551000017,0.5607438141000016
2026-06-05 06:00:00+00:00,0.5607857430000016,0.5608828960000016,0.5602216410000016,0.5605124785000016
2026-06-05 07:00:00+00:00,0.5604665100000016,0.5607997204000016,0.5602459242000016,0.5606034550000016
2026-06-05 08:00:00+00:00,0.5607113494000016,0.5610640314000016,0.5606521555000016,0.5608594005000016
2026-06-05 09:00:00+00:00,0.5609515104000016,0.5612689460000015,0.5609515104000016,0.5611348860000016
2026-06-05 10:00:00+00:00,0.5612587500000017,0.5613572890000016,0.5610609248000017,0.5613250902000017
2026-06-05 11:00:00+00:00,0.5613618380000016,0.5618004075000016,0.5611117904000016,0.5616776070000016
2026-06-05 12:00:00+00:00,0.5616780988000016,0.5626573800000015,0.5614950276000017,0.5622755712000016
2026-06-05 13:00:00+00:00,0.5622371777000016,0.5622371777000016,0.5608742176000017,0.5609046869000016
2026-06-05 14:00:00+00:00,0.5607817288000017,0.5613099310000016,0.5605646466000016,0.5612953476000017
2026-06-05 15:00:00+00:00,0.5612850848000016,0.5612850848000016,0.5605780026000016,0.5605780026000016
2026-06-05 16:00:00+00:00,0.5605317239000016,0.5605995087000016,0.5601880592000016,0.5605772900000017
2026-06-05 17:00:00+00:00,0.5606047135000016,0.5610556727000017,0.5605550916000016,0.5608976950000016
2026-06-05 18:00:00+00:00,0.5608735464000016,0.5608735464000016,0.5598706956000016,0.5598706956000016
2026-06-05 19:00:00+00:00,0.5598775925000017,0.5600464320000016,0.5596968828000016,0.5599042332000017
2026-06-05 20:00:00+00:00,0.5599471668000017,0.5599471668000017,0.5589767032000016,0.5589767032000016
2026-06-07 21:00:00+00:00,0.5590209408000016,0.5590209408000016,0.5571131811000016,0.5584572393000015
2026-06-07 22:00:00+00:00,0.5600260884000015,0.5604636366000014,0.5598871680000015,0.5601944922000015
2026-06-07 23:00:00+00:00,0.5602944576000014,0.5606112168000015,0.5602944576000014,0.5606112168000015
2026-06-08 00:00:00+00:00,0.5605095321000014,0.5615165160000014,0.5605095321000014,0.5613214544000014
2026-06-08 01:00:00+00:00,0.5613077205000013,0.5618018449000014,0.5607264440000015,0.5618018449000014
2026-06-08 02:00:00+00:00,0.5617450656000014,0.5620830722000013,0.5615700640000014,0.5619916788000014
2026-06-08 03:00:00+00:00,0.5620732773000015,0.5620797567000014,0.5612767434000014,0.5614117995000014
2026-06-08 04:00:00+00:00,0.5614744003000014,0.5616125259000013,0.5609697030000014,0.5609697030000014
2026-06-08 05:00:00+00:00,0.5610466555000014,0.5611409220000014,0.5608012375000013,0.5610046078000014
2026-06-08 06:00:00+00:00,0.5611636234000015,0.5613872700000014,0.5609949800000014,0.5612784303000014
2026-06-08 07:00:00+00:00,0.5613710779000014,0.5621900994000014,0.5613710779000014,0.5620305908000014
2026-06-08 08:00:00+00:00,0.5620117230000015,0.5624112510000014,0.5617876810000014,0.5621511948000013
2026-06-08 09:00:00+00:00,0.5622465750000014,0.5624868935000014,0.5618077357000013,0.5624314624000014
2026-06-08 10:00:00+00:00,0.5624372165000014,0.5626965050000015,0.5619871286000014,0.5623688496000013
2026-06-08 11:00:00+00:00,0.5622866090000014,0.5629893528000014,0.5622866090000014,0.5627453403000013
2026-06-08 12:00:00+00:00,0.5628541863000015,0.5629383400000014,0.5621598539000014,0.5622664252000014
2026-06-08 13:00:00+00:00,0.5621112266000015,0.5621926190000014,0.5613659331000014,0.5616017583000014
2026-06-08 14:00:00+00:00,0.5616062208000013,0.5623689020000014,0.5615851626000014,0.5621494060000014
2026-06-08 15:00:00+00:00,0.5620978395000014,0.5623069243000014,0.5617705459000014,0.5619891070000015
2026-06-08 16:00:00+00:00,0.5619290864000014,0.5620713248000014,0.5617842236000015,0.5619284116000014
2026-06-08 17:00:00+00:00,0.5618096750000013,0.5619028064000013,0.5615584534000014,0.5617724470000014
2026-06-08 18:00:00+00:00,0.5618214022000014,0.5620191220000014,0.5617150920000015,0.5617811776000015
2026-06-08 19:00:00+00:00,0.5618243450000013,0.5620047730000015,0.5614941160000014,0.5620047730000015
2026-06-08 20:00:00+00:00,0.5619689240000014,0.5620134492000014,0.5616116260000014,0.5616116260000014
2026-06-08 21:00:00+00:00,0.5606039300000014,0.5614958800000013,0.5605765872000014,0.5614730502000014
2026-06-08 22:00:00+00:00,0.5616783908000014,0.5618543568000013,0.5616087944000013,0.5618321800000013
2026-06-08 23:00:00+00:00,0.5618106676000013,0.5618762064000012,0.5615573040000014,0.5616558368000013
2026-06-09 00:00:00+00:00,0.5616712517000013,0.5619140580000013,0.5613746803000014,0.5619140580000013
2026-06-09 01:00:00+00:00,0.5619724182000013,0.5625810408000013,0.5619153954000012,0.5625039675000013
2026-06-09 02:00:00+00:00,0.5625189816000014,0.5625352895000013,0.5617808688000013,0.5619564032000013
2026-06-09 03:00:00+00:00,0.5619002550000013,0.5620249250000013,0.5614401033000013,0.5616698976000013
2026-06-09 04:00:00+00:00,0.5615810919000013,0.5622292140000014,0.5615327681000013,0.5620672790000013
2026-06-09 05:00:00+00:00,0.5622147880000014,0.5622173700000013,0.5616465525000013,0.5617896130000013
2026-06-09 06:00:00+00:00,0.5618772293000014,0.5625329080000013,0.5618264260000013,0.5619551277000013
2026-06-09 07:00:00+00:00,0.5618583351000013,0.5621317087000013,0.5615962352000012,0.5617940290000014
2026-06-09 08:00:00+00:00,0.5618749305000014,0.5620256496000013,0.5612714854000013,0.5614266264000013
2026-06-09 09:00:00+00:00,0.5614866260000013,0.5616057460000013,0.5611925483000013,0.5612121422000014
2026-06-09 10:00:00+00:00,0.5611827942000013,0.5616839510000013,0.5610798820000014,0.5616355875000013
2026-06-09 11:00:00+00:00,0.5615487616000013,0.5616043090000014,0.5612540385000013,0.5614949912000013
2026-06-09 12:00:00+00:00,0.5614003164000012,0.5615531100000014,0.5612865489000013,0.5615062260000013
2026-06-09 13:00:00+00:00,0.5614134360000014,0.5616068778000013,0.5606925346000013,0.5608892312000013
2026-06-09 14:00:00+00:00,0.5609744187000013,0.5611621728000014,0.5604702810000014,0.5608177500000013
2026-06-09 15:00:00+00:00,0.5609011156000013,0.5609847204000014,0.5599569480000014,0.5599569480000014
2026-06-09 16:00:00+00:00,0.5600202508000013,0.5602480125000013,0.5596480320000013,0.5599470840000013
2026-06-09 17:00:00+00:00,0.5600312340000013,0.5605219260000013,0.5600146825000013,0.5604204963000012
2026-06-09 18:00:00+00:00,0.5604395496000013,0.5610242259000013,0.5604395496000013,0.5609257430000013
2026-06-09 19:00:00+00:00,0.5609332750000013,0.5610404723000013,0.5606587168000013,0.5610404723000013
2026-06-09 20:00:00+00:00,0.5609927232000014,0.5610964736000013,0.5607172028000014,0.5607172028000014
2026-06-09 21:00:00+00:00,0.5617493486000014,0.5619252380000013,0.5607755010000012,0.5615493822000012
2026-06-09 22:00:00+00:00,0.5619226668000011,0.5621764352000013,0.5618320957000011,0.5619178656000012
2026-06-09 23:00:00+00:00,0.5619528840000012,0.5625477120000012,0.5618591487000012,0.5625477120000012
2026-06-10 00:00:00+00:00,0.5624654805000012,0.5627309409000013,0.5621157696000012,0.5626168138000012
2026-06-10 01:00:00+00:00,0.5626333440000012,0.5628701295000011,0.5624733114000012,0.5627772765000013
2026-06-10 02:00:00+00:00,0.5627143122000012,0.5627143122000012,0.5623110273000012,0.5623346244000013
2026-06-10 03:00:00+00:00,0.5623153245000012,0.5625389054000012,0.5622695638000011,0.5624367085000012
2026-06-10 04:00:00+00:00,0.5624496031000012,0.5624696502000013,0.5618384386000012,0.5619364110000011
2026-06-10 05:00:00+00:00,0.5618734974000011,0.5619156928000012,0.5611904442000012,0.5612753510000013
2026-06-10 06:00:00+00:00,0.5613988888000012,0.5616807728000012,0.5611548462000012,0.5613605032000012
2026-06-10 07:00:00+00:00,0.5613883704000012,0.5616798804000012,0.5612423292000012,0.5614583744000012
2026-06-10 08:00:00+00:00,0.5613533742000012,0.5616327040000011,0.5611238714000012,0.5611238714000012
2026-06-10 09:00:00+00:00,0.5611209758000012,0.5611394880000012,0.5607258579000013,0.5609268942000012
2026-06-10 10:00:00+00:00,0.5608383594000013,0.5611418407000012,0.5606184320000012,0.5611418407000012
2026-06-10 11:00:00+00:00,0.5610982848000012,0.5611928040000012,0.5604377408000012,0.5607263346000012
2026-06-10 12:00:00+00:00,0.5607206815000012,0.5612911860000012,0.5605645896000012,0.5608227196000012
2026-06-10 13:00:00+00:00,0.5608548550000011,0.5616487515000013,0.5607370368000011,0.5616132375000012
2026-06-10 14:00:00+00:00,0.5615036276000012,0.5616746327000012,0.5612338800000012,0.5613551840000012
2026-06-10 15:00:00+00:00,0.5614402703000011,0.5619661809000012,0.5612347944000012,0.5617019538000012
2026-06-10 16:00:00+00:00,0.5616490080000013,0.5618694054000012,0.5614423820000012,0.5615162517000012
2026-06-10 17:00:00+00:00,0.5615376591000012,0.5617655604000013,0.5614050148000012,0.5616898850000012
2026-06-10 18:00:00+00:00,0.5616563022000012,0.5617733781000013,0.5613027581000012,0.5615250460000012
2026-06-10 19:00:00+00:00,0.5614562700000012,0.5615486461000012,0.5610631320000012,0.5611053100000013
2026-06-10 20:00:00+00:00,0.5611195650000013,0.5611615842000012,0.5609133772000011,0.5609133816000011
2026-06-10 21:00:00+00:00,0.5611734930000012,0.5611734930000012,0.5599197864000012,0.5601306348000012
2026-06-10 22:00:00+00:00,0.5605915870000012,0.5607306880000013,0.5604118320000012,0.5605767440000012
2026-06-10 23:00:00+00:00,0.5606243425000013,0.5609048068000013,0.5604878240000013,0.5605590640000012
2026-06-11 00:00:00+00:00,0.5606240740000012,0.5607747090000013,0.5602041858000013,0.5603242190000013
2026-06-11 01:00:00+00:00,0.5603893030000013,0.5606006795000013,0.5601531098000012,0.5604372144000013
2026-06-11 02:00:00+00:00,0.5603836807000013,0.5604078405000013,0.5600515852000012,0.5603064484000012
2026-06-11 03:00:00+00:00,0.5603114940000012,0.5604077600000013,0.5600506025000013,0.5602699710000013
2026-06-11 04:00:00+00:00,0.5602920911000012,0.5606635076000013,0.5602771032000013,0.5605892614000012
2026-06-11 05:00:00+00:00,0.5605200020000012,0.5607355866000012,0.5604778944000013,0.5604778944000013
2026-06-11 06:00:00+00:00,0.5604485544000013,0.5607734005000012,0.5603892467000012,0.5604639920000013
2026-06-11 07:00:00+00:00,0.5604903427000012,0.5606382082000012,0.5602557066000012,0.5606128869000012
2026-06-11 08:00:00+00:00,0.5606271495000013,0.5607123990000012,0.5603114776000012,0.5606037100000013
2026-06-11 09:00:00+00:00,0.5606014690000013,0.5609443820000012,0.5604643304000013,0.5604643304000013
2026-06-11 10:00:00+00:00,0.5605850025000012,0.5608191744000013,0.5604205750000012,0.5604576821000012
2026-06-11 11:00:00+00:00,0.5604535128000012,0.5604535128000012,0.5600275975000013,0.5600853468000012
2026-06-11 12:00:00+00:00,0.5601396240000013,0.5604321345000013,0.5594721298000013,0.5594721298000013
2026-06-11 13:00:00+00:00,0.5594748000000013,0.5599942953000012,0.5593221408000012,0.5599696172000012
2026-06-11 14:00:00+00:00,0.5599138224000013,0.5605751910000013,0.5598192789000013,0.5601423003000013
2026-06-11 15:00:00+00:00,0.5601423003000013,0.5611480750000012,0.5600790794000012,0.5610719920000012
2026-06-11 16:00:00+00:00,0.5612201320000012,0.5613168834000013,0.5608378544000012,0.5608538982000012
2026-06-11 17:00:00+00:00,0.5608737335000012,0.5617009829000013,0.5607034429000012,0.5614782096000013
2026-06-11 18:00:00+00:00,0.5614925228000013,0.5614925228000013,0.5611532250000012,0.5611667328000012
2026-06-11 19:00:00+00:00,0.5612427581000011,0.5614557390000012,0.5611216366000013,0.5612628171000013
2026-06-11 20:00:00+00:00,0.5611602552000012,0.5613791256000014,0.5608944840000013,0.5612014122000012
2026-06-11 21:00:00+00:00,0.5598007528000012,0.5608729575000012,0.5598007528000012,0.5601901472000014
2026-06-11 22:00:00+00:00,0.5608873539000014,0.5609527020000015,0.5607582368000015,0.5608632986000014
2026-06-11 23:00:00+00:00,0.5608096000000015,0.5610624684000014,0.5607189257000014,0.5610090320000014
2026-06-12 00:00:00+00:00,0.5609968682000014,0.5613570011000014,0.5608621496000014,0.5613570011000014
2026-06-12 01:00:00+00:00,0.5613048310000014,0.5613048310000014,0.5603695735000014,0.5607752283000014
2026-06-12 02:00:00+00:00,0.5607882337000013,0.5610361947000014,0.5603963820000013,0.5608678271000014
2026-06-12 03:00:00+00:00,0.5608932890000013,0.5610257775000014,0.5607344160000013,0.5608126290000014
2026-06-12 04:00:00+00:00,0.5607546041000013,0.5612291940000014,0.5607546041000013,0.5610668640000014
2026-06-12 05:00:00+00:00,0.5610192735000014,0.5610786012000013,0.5604207886000014,0.5606074020000014
2026-06-12 06:00:00+00:00,0.5606510157000013,0.5610596700000013,0.5605536833000013,0.5606981510000013
2026-06-12 07:00:00+00:00,0.5606726720000014,0.5609526849000014,0.5602331225000015,0.5607781058000014
2026-06-12 08:00:00+00:00,0.5607094428000015,0.5612076960000013,0.5605860587000013,0.5609084490000014
2026-06-12 09:00:00+00:00,0.5608732500000013,0.5614988202000013,0.5608549926000014,0.5610816908000014
2026-06-12 10:00:00+00:00,0.5611403842000013,0.5614474112000014,0.5610185146000014,0.5613824580000014
2026-06-12 11:00:00+00:00,0.5614196100000014,0.5614515746000014,0.5611431399000014,0.5612069515000013
2026-06-12 12:00:00+00:00,0.5611371612000013,0.5616844960000014,0.5611214112000014,0.5615158998000014
2026-06-12 13:00:00+00:00,0.5615149939000014,0.5619473136000013,0.5613775318000014,0.5617644651000013
2026-06-12 14:00:00+00:00,0.5620331154000013,0.5623643157000013,0.5617668384000013,0.5623643157000013
2026-06-12 15:00:00+00:00,0.5623884546000013,0.5624927352000013,0.5618677552000013,0.5618677552000013
2026-06-12 16:00:00+00:00,0.5619179943000013,0.5624198430000014,0.5618044278000013,0.5621750865000014
2026-06-12 17:00:00+00:00,0.5621718102000014,0.5622664164000014,0.5620191220000014,0.5622423092000014
2026-06-12 18:00:00+00:00,0.5621998905000014,0.5622383956000013,0.5621045486000014,0.5621835744000013
2026-06-12 19:00:00+00:00,0.5622292584000014,0.5624035254000014,0.5620693715000015,0.5623826369000013
2026-06-12 20:00:00+00:00,0.5624257187000014,0.5624374630000013,0.5616906300000014,0.5618898602000014
2026-06-14 21:00:00+00:00,0.5617274775000014,0.5635023360000014,0.5609344149000014,0.5634357310000014
2026-06-14 22:00:00+00:00,0.5634280974000013,0.5636761390000014,0.5626730280000014,0.5628478920000014
2026-06-14 23:00:00+00:00,0.5628046182000014,0.5630970314000014,0.5625988160000015,0.5628804720000015
2026-06-15 00:00:00+00:00,0.5627974059000014,0.5634459960000014,0.5626911192000015,0.5627506092000014
2026-06-15 01:00:00+00:00,0.5627733174000014,0.5633100900000014,0.5626357330000014,0.5632379616000014
2026-06-15 02:00:00+00:00,0.5632908420000015,0.5633912260000015,0.5630378509000015,0.5631562320000014
2026-06-15 03:00:00+00:00,0.5631862736000014,0.5635204149000014,0.5631490200000013,0.5633096772000014
2026-06-15 04:00:00+00:00,0.5633114400000014,0.5633114400000014,0.5628618477000014,0.5629915368000014
2026-06-15 05:00:00+00:00,0.5630418366000014,0.5631088608000013,0.5626199895000014,0.5626199895000014
2026-06-15 06:00:00+00:00,0.5627507914000013,0.5629760136000013,0.5626390350000013,0.5627434725000013
2026-06-15 07:00:00+00:00,0.5628077720000013,0.5628077720000013,0.5616767780000013,0.5622066225000014
2026-06-15 08:00:00+00:00,0.5621034354000013,0.5623515966000013,0.5618669216000013,0.5621442201000013
2026-06-15 09:00:00+00:00,0.5622216304000013,0.5622341660000013,0.5619062603000013,0.5619766912000014
2026-06-15 10:00:00+00:00,0.5619731362000013,0.5620572270000014,0.5616272595000014,0.5618341813000013
2026-06-15 11:00:00+00:00,0.5618334150000014,0.5622090804000013,0.5617434036000013,0.5622090804000013
2026-06-15 12:00:00+00:00,0.5621436264000013,0.5621676928000013,0.5616313710000014,0.5617975554000013
2026-06-15 13:00:00+00:00,0.5617377024000013,0.5619165934000014,0.5615715658000013,0.5616699352000013
2026-06-15 14:00:00+00:00,0.5617131916000013,0.5629284936000013,0.5617131916000013,0.5628309830000013
2026-06-15 15:00:00+00:00,0.5629052595000014,0.5631721176000013,0.5629016295000013,0.5631360519000014
2026-06-15 16:00:00+00:00,0.5631937791000013,0.5633120272000013,0.5629497874000013,0.5630794991000014
2026-06-15 17:00:00+00:00,0.5630716960000014,0.5631348751000013,0.5628455236000014,0.5629824550000013
2026-06-15 18:00:00+00:00,0.5629410588000013,0.5629494572000014,0.5627679660000013,0.5628847000000013
2026-06-15 19:00:00+00:00,0.5629333303000014,0.5632293858000014,0.5628805107000013,0.5632293858000014
2026-06-15 20:00:00+00:00,0.5631211850000013,0.5631627027000013,0.5627195525000014,0.5627195525000014
2026-06-15 21:00:00+00:00,0.5629855072000014,0.5630691017000014,0.5617719640000014,0.5624367038000014
2026-06-15 22:00:00+00:00,0.5629940052000013,0.5630078624000014,0.5627181402000014,0.5628900174000014
2026-06-15 23:00:00+00:00,0.5629381068000014,0.5630523270000014,0.5628342528000014,0.5629105455000014
2026-06-16 00:00:00+00:00,0.5628648901000015,0.5628811140000015,0.5627146770000014,0.5628000298000014
2026-06-16 01:00:00+00:00,0.5628613008000015,0.5628613008000015,0.5623515625000015,0.5624432898000015
2026-06-16 02:00:00+00:00,0.5624348592000015,0.5625471450000015,0.5621670466000015,0.5625471450000015
2026-06-16 03:00:00+00:00,0.5625152678000015,0.5626637547000015,0.5623671524000015,0.5625559814000014
2026-06-16 04:00:00+00:00,0.5624899688000015,0.5625372522000014,0.5618374710000015,0.5621261226000015
2026-06-16 05:00:00+00:00,0.5621090097000014,0.5622702244000015,0.5614788040000016,0.5619893131000014
2026-06-16 06:00:00+00:00,0.5619814902000014,0.5622810250000014,0.5618412906000014,0.5619100608000015
2026-06-16 07:00:00+00:00,0.5619228773000015,0.5623774527000015,0.5619228773000015,0.5623657660000014
2026-06-16 08:00:00+00:00,0.5624077116000015,0.5627680598000014,0.5620696944000014,0.5626797920000014
2026-06-16 09:00:00+00:00,0.5626696326000015,0.5630836320000014,0.5626161737000015,0.5628508448000015
2026-06-16 10:00:00+00:00,0.5628592692000015,0.5632210824000015,0.5627910308000015,0.5630780040000015
2026-06-16 11:00:00+00:00,0.5630540732000014,0.5631841943000014,0.5628799176000014,0.5631823568000015
2026-06-16 12:00:00+00:00,0.5631883350000014,0.5632486692000015,0.5630070080000015,0.5630983488000015
2026-06-16 13:00:00+00:00,0.5630701399000014,0.5634280944000014,0.5629512063000015,0.5631484375000015
2026-06-16 14:00:00+00:00,0.5631159944000014,0.5632572204000015,0.5622157590000014,0.5624576516000015
2026-06-16 15:00:00+00:00,0.5625471359000015,0.5626563536000015,0.5619369970000015,0.5620522146000014
2026-06-16 16:00:00+00:00,0.5620773375000014,0.5621284062000016,0.5616673698000015,0.5617330720000014
2026-06-16 17:00:00+00:00,0.5616701522000014,0.5618485971000015,0.5615925456000015,0.5618024152000014
2026-06-16 18:00:00+00:00,0.5618425626000014,0.5619934708000015,0.5617973700000015,0.5619855472000014
2026-06-16 19:00:00+00:00,0.5619524472000015,0.5620036321000015,0.5616197580000014,0.5616197580000014
2026-06-16 20:00:00+00:00,0.5615225595000014,0.5616851736000015,0.5614889316000016,0.5614889316000016
2026-06-16 21:00:00+00:00,0.5605981736000015,0.5612986180000016,0.5604801782000014,0.5612447536000015
2026-06-16 22:00:00+00:00,0.5612981272000015,0.5615103463000015,0.5612633850000015,0.5614072488000015
2026-06-16 23:00:00+00:00,0.5613515028000016,0.5614612185000015,0.5612232192000015,0.5613360224000015
2026-06-17 00:00:00+00:00,0.5612796450000015,0.5613843410000016,0.5610838576000016,0.5611203158000014
2026-06-17 01:00:00+00:00,0.5610723984000016,0.5612513896000015,0.5610384000000015,0.5610766560000015
2026-06-17 02:00:00+00:00,0.5611156110000015,0.5611156110000015,0.5606205552000015,0.5606877003000015
2026-06-17 03:00:00+00:00,0.5606906688000015,0.5606984592000015,0.5604233670000015,0.5604982900000015
2026-06-17 04:00:00+00:00,0.5605396160000016,0.5605396160000016,0.5601751008000015,0.5602032909000014
2026-06-17 05:00:00+00:00,0.5603039180000015,0.5603236116000015,0.5599157315000016,0.5600038220000015
2026-06-17 06:00:00+00:00,0.5599865310000015,0.5600794208000015,0.5596142256000015,0.5597096175000015
2026-06-17 07:00:00+00:00,0.5597468469000015,0.5599508795000014,0.5594396616000016,0.5597991290000015
2026-06-17 08:00:00+00:00,0.5597406384000015,0.5601660123000015,0.5595584421000015,0.5600749567000015
2026-06-17 09:00:00+00:00,0.5600492478000015,0.5602049338000016,0.5597391116000014,0.5598631920000015
2026-06-17 10:00:00+00:00,0.5598596832000016,0.5602087936000014,0.5597608780000015,0.5602087936000014
2026-06-17 11:00:00+00:00,0.5601626625000015,0.5608993140000015,0.5601626625000015,0.5606991596000015
2026-06-17 12:00:00+00:00,0.5606284200000016,0.5608369116000015,0.5605588704000015,0.5606857368000016
2026-06-17 13:00:00+00:00,0.5607589060000014,0.5613678490000015,0.5607390784000015,0.5611257556000016
2026-06-17 14:00:00+00:00,0.5612157184000015,0.5618462475000014,0.5612157184000015,0.5613821640000015
2026-06-17 15:00:00+00:00,0.5614691710000015,0.5619287160000015,0.5613678087000015,0.5616213648000015
2026-06-17 16:00:00+00:00,0.5616123885000015,0.5619401592000015,0.5615639256000016,0.5619172658000015
2026-06-17 17:00:00+00:00,0.5618837046000015,0.5620083489000016,0.5614922712000016,0.5614922712000016
2026-06-17 18:00:00+00:00,0.5622473906000015,0.5625429222000015,0.5616476775000014,0.5623452576000015
2026-06-17 19:00:00+00:00,0.5623832572000015,0.5627298674000015,0.5616957654000015,0.5620717575000015
2026-06-17 20:00:00+00:00,0.5622407739000015,0.5623279647000016,0.5618463837000015,0.5619814794000015
2026-06-17 21:00:00+00:00,0.5611640424000015,0.5617083936000015,0.5609618010000015,0.5615018689000015
2026-06-17 22:00:00+00:00,0.5619557430000015,0.5622824179000016,0.5618799836000016,0.5620279392000016
2026-06-17 23:00:00+00:00,0.5620636674000016,0.5621865000000016,0.5620113120000015,0.5621278662000015
2026-06-18 00:00:00+00:00,0.5620943747000016,0.5625533430000015,0.5620080609000015,0.5620585912000016
2026-06-18 01:00:00+00:00,0.5621826457000015,0.5627466669000014,0.5621826457000015,0.5627166293000017
2026-06-18 02:00:00+00:00,0.5627186888000015,0.5632389851000015,0.5627186888000015,0.5630594169000015
2026-06-18 03:00:00+00:00,0.5631495585000015,0.5633110098000015,0.5630641944000014,0.5632594360000014
2026-06-18 04:00:00+00:00,0.5632778460000014,0.5632949000000015,0.5626333792000014,0.5626965318000015
2026-06-18 05:00:00+00:00,0.5626473846000014,0.5631599772000014,0.5626473846000014,0.5630876144000014
2026-06-18 06:00:00+00:00,0.5629778583000015,0.5632881979000014,0.5626681379000014,0.5632881979000014
2026-06-18 07:00:00+00:00,0.5632823898000014,0.5638004379000014,0.5629442850000015,0.5637174048000014
2026-06-18 08:00:00+00:00,0.5636862840000014,0.5643713254000015,0.5635279499000014,0.5637829264000015
2026-06-18 09:00:00+00:00,0.5636796165000014,0.5643428640000014,0.5636313789000015,0.5641670450000015
2026-06-18 10:00:00+00:00,0.5641889578000014,0.5644749240000014,0.5640507306000015,0.5642125032000015
2026-06-18 11:00:00+00:00,0.5642043236000014,0.5646913875000015,0.5640016556000015,0.5646564792000014
2026-06-18 12:00:00+00:00,0.5646778896000014,0.5652545600000015,0.5644603450000015,0.5651152800000016
2026-06-18 13:00:00+00:00,0.5651322336000014,0.5654938464000014,0.5649534900000015,0.5654938464000014
2026-06-18 14:00:00+00:00,0.5654141225000014,0.5655631437000015,0.5650708228000014,0.5655093696000015
2026-06-18 15:00:00+00:00,0.5653839024000015,0.5657078392000014,0.5651705266000014,0.5654115248000015
2026-06-18 16:00:00+00:00,0.5654487530000015,0.5658910435000014,0.5654036196000015,0.5658459755000015
2026-06-18 17:00:00+00:00,0.5657811747000014,0.5661823590000015,0.5657811747000014,0.5659934520000015
2026-06-18 18:00:00+00:00,0.5659500660000015,0.5660606498000015,0.5658515120000015,0.5658515120000015
2026-06-18 19:00:00+00:00,0.5658420598000015,0.5661780480000014,0.5655722304000015,0.5655722304000015
2026-06-18 20:00:00+00:00,0.5656224987000015,0.5656492772000015,0.5647762065000015,0.5647762065000015
2026-06-18 21:00:00+00:00,0.5644493845000015,0.5652722480000015,0.5638476750000015,0.5648303385000014
2026-06-18 22:00:00+00:00,0.5651747070000014,0.5653436789000014,0.5651652848000014,0.5653064940000014
2026-06-18 23:00:00+00:00,0.5653320752000014,0.5654822336000014,0.5652869060000014,0.5653922859000015
2026-06-19 00:00:00+00:00,0.5653751600000014,0.5653917421000014,0.5650998414000014,0.5651590315000015
2026-06-19 01:00:00+00:00,0.5651176845000014,0.5653501272000014,0.5648916493000015,0.5652954726000015
2026-06-19 02:00:00+00:00,0.5653651855000015,0.5658571372000014,0.5653168872000014,0.5658571372000014
2026-06-19 03:00:00+00:00,0.5660331096000014,0.5661110832000015,0.5656245898000014,0.5656245898000014
2026-06-19 04:00:00+00:00,0.5655959848000014,0.5662612843000014,0.5655322944000014,0.5662612843000014
2026-06-19 05:00:00+00:00,0.5662999344000015,0.5668801530000014,0.5662508762000015,0.5667484578000015
2026-06-19 06:00:00+00:00,0.5668476716000014,0.5668476716000014,0.5664675395000015,0.5664675395000015
2026-06-19 07:00:00+00:00,0.5665070775000015,0.5669851509000015,0.5664179325000014,0.5669502225000014
2026-06-19 08:00:00+00:00,0.5670169001000015,0.5671428992000015,0.5663849346000014,0.5665137625000014
2026-06-19 09:00:00+00:00,0.5664795346000014,0.5664795346000014,0.5660869500000015,0.5662411704000014
2026-06-19 10:00:00+00:00,0.5662590860000014,0.5666029876000014,0.5662590860000014,0.5664990285000014
2026-06-19 11:00:00+00:00,0.5664808352000015,0.5667007061000015,0.5663745472000014,0.5666493006000014
2026-06-19 12:00:00+00:00,0.5666770159000014,0.5671919321000014,0.5665983040000014,0.5671919321000014
2026-06-19 13:00:00+00:00,0.5671443695000015,0.5675757777000014,0.5668541424000014,0.5668970520000014
2026-06-19 14:00:00+00:00,0.5669557840000015,0.5674050886000015,0.5668176714000014,0.5673820745000014
2026-06-19 15:00:00+00:00,0.5673217130000013,0.5673550037000015,0.5669724396000014,0.5671422720000014
2026-06-19 16:00:00+00:00,0.5671827294000015,0.5671827294000015,0.5669240220000015,0.5669240220000015
2026-06-19 17:00:00+00:00,0.5668565760000014,0.5670169001000015,0.5667470490000014,0.5668588728000015
2026-06-19 18:00:00+00:00,0.5668223584000015,0.5668223584000015,0.5665380064000014,0.5665785385000015
2026-06-19 19:00:00+00:00,0.5665260557000015,0.5667091570000014,0.5664968046000014,0.5665596354000014
2026-06-19 20:00:00+00:00,0.5667167505000015,0.5668206390000013,0.5658767700000015,0.5665001242000015
2026-06-21 21:00:00+00:00,0.5665499541000014,0.5665499541000014,0.5653655175000015,0.5657285403000015
2026-06-21 22:00:00+00:00,0.5661305100000015,0.5663106939000015,0.5658815958000014,0.5661027715000015
2026-06-21 23:00:00+00:00,0.5660457412000015,0.5661448410000015,0.5659100864000015,0.5660668400000015
2026-06-22 00:00:00+00:00,0.5660073705000015,0.5668763000000014,0.5660073705000015,0.5667248420000015
2026-06-22 01:00:00+00:00,0.5667517932000015,0.5670168898000015,0.5665407306000015,0.5666042022000015
2026-06-22 02:00:00+00:00,0.5665319776000015,0.5665319776000015,0.5660100880000015,0.5662123362000014
2026-06-22 03:00:00+00:00,0.5661758505000015,0.5666303160000016,0.5661758505000015,0.5664412116000015
2026-06-22 04:00:00+00:00,0.5664204936000015,0.5666489118000015,0.5663367129000015,0.5665482246000015
2026-06-22 05:00:00+00:00,0.5665981640000014,0.5667182103000016,0.5662705725000015,0.5663077108000015
2026-06-22 06:00:00+00:00,0.5663887320000015,0.5664642256000015,0.5657955066000016,0.5661249023000016
2026-06-22 07:00:00+00:00,0.5660432250000015,0.5665092534000015,0.5659346834000014,0.5662143106000015
2026-06-22 08:00:00+00:00,0.5662890555000015,0.5663237766000015,0.5654574932000015,0.5654574932000015
2026-06-22 09:00:00+00:00,0.5654607332000015,0.5656466990000014,0.5652900500000014,0.5653992838000015
2026-06-22 10:00:00+00:00,0.5654588247000014,0.5660170934000015,0.5654588247000014,0.5658701548000016
2026-06-22 11:00:00+00:00,0.5658889956000016,0.5664882656000015,0.5658889956000016,0.5664835710000015
2026-06-22 12:00:00+00:00,0.5665010808000015,0.5668175842000015,0.5662686318000015,0.5667118776000015
2026-06-22 13:00:00+00:00,0.5669189602000015,0.5674956616000015,0.5668727560000014,0.5672564983000015
2026-06-22 14:00:00+00:00,0.5671604960000015,0.5673439802000015,0.5662392538000015,0.5664384064000014
2026-06-22 15:00:00+00:00,0.5663987168000015,0.5667571110000015,0.5663312443000015,0.5665772750000015
2026-06-22 16:00:00+00:00,0.5665893120000015,0.5668555696000015,0.5665298898000015,0.5667380623000016
2026-06-22 17:00:00+00:00,0.5667991916000015,0.5668855979000015,0.5667127875000015,0.5667704624000015
2026-06-22 18:00:00+00:00,0.5667759625000015,0.5668053048000015,0.5665993016000015,0.5666846760000015
2026-06-22 19:00:00+00:00,0.5667378576000015,0.5667409053000015,0.5662961850000015,0.5662961850000015
2026-06-22 20:00:00+00:00,0.5662646000000015,0.5663856077000015,0.5660064432000015,0.5660064432000015
2026-06-22 21:00:00+00:00,0.5656570389000015,0.5666257420000015,0.5656570389000015,0.5660745170000014
2026-06-22 22:00:00+00:00,0.5663462808000015,0.5665991064000014,0.5663401666000015,0.5663401666000015
2026-06-22 23:00:00+00:00,0.5663776630000015,0.5664202103000014,0.5661007135000015,0.5661007135000015
2026-06-23 00:00:00+00:00,0.5660464425000015,0.5660464425000015,0.5653768050000014,0.5654643408000015
2026-06-23 01:00:00+00:00,0.5654166786000014,0.5655864942000015,0.5648418300000014,0.5650178314000015
2026-06-23 02:00:00+00:00,0.5650165323000015,0.5651611637000015,0.5645164655000015,0.5645164655000015
2026-06-23 03:00:00+00:00,0.5645374009000015,0.5645930180000015,0.5641436414000015,0.5645065011000014
2026-06-23 04:00:00+00:00,0.5645265672000014,0.5645729730000015,0.5641655068000014,0.5642026968000015
2026-06-23 05:00:00+00:00,0.5640800245000015,0.5642075252000015,0.5636157461000014,0.5637187376000015
2026-06-23 06:00:00+00:00,0.5636367000000014,0.5638277024000015,0.5625756045000014,0.5629983086000014
2026-06-23 07:00:00+00:00,0.5628345216000015,0.5630707200000015,0.5623583541000015,0.5626232456000015
2026-06-23 08:00:00+00:00,0.5627302776000015,0.5631469884000014,0.5625979215000014,0.5629753958000016
2026-06-23 09:00:00+00:00,0.5631283650000015,0.5638869780000014,0.5631036157000014,0.5638090265000015
2026-06-23 10:00:00+00:00,0.5639114405000015,0.5640433740000015,0.5630311570000015,0.5630311570000015
2026-06-23 11:00:00+00:00,0.5629630680000015,0.5631487514000014,0.5621122182000015,0.5621122182000015
2026-06-23 12:00:00+00:00,0.5621026873000015,0.5622858550000015,0.5615721000000015,0.5618132478000014
2026-06-23 13:00:00+00:00,0.5617019394000015,0.5620764680000014,0.5607785824000016,0.5614590160000015
2026-06-23 14:00:00+00:00,0.5613601608000014,0.5621778876000014,0.5613601608000014,0.5615894886000015
2026-06-23 15:00:00+00:00,0.5615065516000015,0.5615604379000015,0.5609776370000015,0.5611889255000014
2026-06-23 16:00:00+00:00,0.5612692272000015,0.5613757682000015,0.5608909500000014,0.5609932692000015
2026-06-23 17:00:00+00:00,0.5609877870000015,0.5611087692000014,0.5606228000000014,0.5606500545000015
2026-06-23 18:00:00+00:00,0.5606794362000015,0.5607250740000015,0.5602575615000014,0.5602679916000015
2026-06-23 19:00:00+00:00,0.5602970710000014,0.5605702145000016,0.5602970710000014,0.5604237672000015
2026-06-23 20:00:00+00:00,0.5604041916000014,0.5605626930000015,0.5602933875000015,0.5604599780000015
2026-06-23 21:00:00+00:00,0.5600318006000015,0.5604988416000014,0.5599682094000015,0.5601853660000015
2026-06-23 22:00:00+00:00,0.5604495168000014,0.5606991000000014,0.5600966160000015,0.5600966160000015
2026-06-23 23:00:00+00:00,0.5602075016000015,0.5604499746000015,0.5600365725000014,0.5604499746000015
2026-06-24 00:00:00+00:00,0.5606479515000015,0.5611167656000013,0.5605127080000014,0.5609416852000014
2026-06-24 01:00:00+00:00,0.5608964300000014,0.5613835350000015,0.5603157390000014,0.5606222676000014
2026-06-24 02:00:00+00:00,0.5606406795000015,0.5608050378000015,0.5600154246000014,0.5600396496000014
2026-06-24 03:00:00+00:00,0.5600653962000014,0.5607592820000015,0.5600559698000015,0.5601439210000014
2026-06-24 04:00:00+00:00,0.5601439210000014,0.5607978712000015,0.5599717048000015,0.5607745360000015
2026-06-24 05:00:00+00:00,0.5607928738000014,0.5611973256000015,0.5607693486000014,0.5609874123000015
2026-06-24 06:00:00+00:00,0.5609935276000014,0.5614412552000014,0.5608175172000014,0.5610515779000015
2026-06-24 07:00:00+00:00,0.5610102903000015,0.5611050081000014,0.5605557210000015,0.5605557210000015
2026-06-24 08:00:00+00:00,0.5606012643000015,0.5606725104000014,0.5601802752000015,0.5602978450000015
2026-06-24 09:00:00+00:00,0.5602664924000015,0.5604475312000015,0.5599770036000015,0.5600211126000014
2026-06-24 10:00:00+00:00,0.5599812171000014,0.5604281914000014,0.5598861414000015,0.5604209120000014
2026-06-24 11:00:00+00:00,0.5605179553000015,0.5609989545000015,0.5604762564000014,0.5609277360000016
2026-06-24 12:00:00+00:00,0.5608926060000015,0.5613173800000015,0.5607307125000015,0.5611867940000015
2026-06-24 13:00:00+00:00,0.5611095729000015,0.5614211982000015,0.5606231000000015,0.5612004784000014
2026-06-24 14:00:00+00:00,0.5611956984000014,0.5612394013000015,0.5605781964000015,0.5611788703000015
2026-06-24 15:00:00+00:00,0.5611510242000014,0.5611510242000014,0.5603517675000015,0.5608373433000015
2026-06-24 16:00:00+00:00,0.5607843340000015,0.5609857775000016,0.5606476980000015,0.5608886920000015
2026-06-24 17:00:00+00:00,0.5608183770000015,0.5609276311000014,0.5601504240000015,0.5602021388000015
2026-06-24 18:00:00+00:00,0.5601958842000014,0.5604565119000016,0.5599363329000014,0.5600362350000014
2026-06-24 19:00:00+00:00,0.5600069496000014,0.5607928920000014,0.5599176984000015,0.5607928920000014
2026-06-24 20:00:00+00:00,0.5607519976000015,0.5612627811000015,0.5607464525000015,0.5607464525000015
2026-06-24 21:00:00+00:00,0.5605266576000015,0.5610421376000011,0.5602672920000014,0.5609343045000009
2026-06-24 22:00:00+00:00,0.561598502100001,0.561598502100001,0.561309630600001,0.561353722800001
2026-06-24 23:00:00+00:00,0.561366834000001,0.561754066500001,0.561326916000001,0.5617150896000009
2026-06-25 00:00:00+00:00,0.561533680600001,0.5615435760000009,0.561219647200001,0.561238142600001
2026-06-25 01:00:00+00:00,0.561311901500001,0.5616173152000009,0.5605830993000009,0.560742657300001
2026-06-25 02:00:00+00:00,0.560731252500001,0.560841235200001,0.559850208500001,0.5605220466000009
2026-06-25 03:00:00+00:00,0.5604489192000011,0.560519292000001,0.560066465400001,0.560310208800001
2026-06-25 04:00:00+00:00,0.5603669120000009,0.560889682400001,0.5602924052000009,0.560875607200001
2026-06-25 05:00:00+00:00,0.560855003800001,0.560989565500001,0.5605405610000009,0.560551767000001
2026-06-25 06:00:00+00:00,0.5605247676000009,0.560853946800001,0.560331965600001,0.560615731500001
2026-06-25 07:00:00+00:00,0.5604407998000009,0.5610126852000009,0.560435330000001,0.5609113358000011
2026-06-25 08:00:00+00:00,0.5609539539000009,0.5609539539000009,0.560589460200001,0.560741892800001
2026-06-25 09:00:00+00:00,0.560842686600001,0.561113950000001,0.560701526000001,0.561048763600001
2026-06-25 10:00:00+00:00,0.561055320000001,0.5612087982000009,0.560913822400001,0.5611896264000009
2026-06-25 11:00:00+00:00,0.561217108400001,0.561542588100001,0.561187713600001,0.561476729300001
2026-06-25 12:00:00+00:00,0.561522046800001,0.561969884800001,0.5613038220000011,0.561906065400001
2026-06-25 13:00:00+00:00,0.561791534400001,0.561899880000001,0.560022912000001,0.560022912000001
2026-06-25 14:00:00+00:00,0.5600533862000009,0.560659683000001,0.559995182600001,0.560514114300001
2026-06-25 15:00:00+00:00,0.560527213400001,0.561258868800001,0.560497210800001,0.561181379200001
2026-06-25 16:00:00+00:00,0.561252840500001,0.5615782419000009,0.561158370000001,0.5612925570000009
2026-06-25 17:00:00+00:00,0.561326911200001,0.561496587600001,0.5611737516000009,0.561404888200001
2026-06-25 18:00:00+00:00,0.561385347600001,0.5614540650000011,0.5609037140000009,0.561037393800001
2026-06-25 19:00:00+00:00,0.561051495000001,0.561051495000001,0.560608714000001,0.560754570600001
2026-06-25 20:00:00+00:00,0.560744324400001,0.560931144900001,0.560110007600001,0.560110007600001
2026-06-25 21:00:00+00:00,0.560305865000001,0.5609530521000009,0.5602899540000009,0.5605355357000009
2026-06-25 22:00:00+00:00,0.5609915136000009,0.5611002196000009,0.560961188200001,0.5610175386000009
2026-06-25 23:00:00+00:00,0.5610748106000009,0.561415695800001,0.560820811500001,0.5608395600000009
2026-06-26 00:00:00+00:00,0.5608235489000009,0.5608939760000009,0.5603739456000009,0.5604630198000009
2026-06-26 01:00:00+00:00,0.5605740540000009,0.5606673884000009,0.559906396500001,0.5600574571000009
2026-06-26 02:00:00+00:00,0.560025572700001,0.5601100032000009,0.559075400900001,0.5591991100000009
2026-06-26 03:00:00+00:00,0.5590871952000009,0.5593205876000009,0.558702557400001,0.5593205876000009
2026-06-26 04:00:00+00:00,0.5593829048000009,0.5594760456000009,0.5581933500000009,0.5582700660000008
2026-06-26 05:00:00+00:00,0.558342546000001,0.5591056984000009,0.5582667552000009,0.558963829200001
2026-06-26 06:00:00+00:00,0.5589386896000009,0.5595583824000009,0.558673052000001,0.5594901381000009
2026-06-26 07:00:00+00:00,0.559411706900001,0.559445933800001,0.5583996354000008,0.5586984592000009
2026-06-26 08:00:00+00:00,0.5586474229000009,0.5590023936000009,0.5583217372000009,0.558840692700001
2026-06-26 09:00:00+00:00,0.5587535352000009,0.5595557760000008,0.5587535352000009,0.5591177980000009
2026-06-26 10:00:00+00:00,0.5591609289000009,0.5595144476000009,0.559129555200001,0.5594526810000009
2026-06-26 11:00:00+00:00,0.5594958244000009,0.559732921200001,0.559326662700001,0.559444601200001
2026-06-26 12:00:00+00:00,0.5593935204000009,0.5595734914000009,0.5586220790000009,0.5586220790000009
2026-06-26 13:00:00+00:00,0.558625665800001,0.559218237400001,0.558540413700001,0.558945088000001
2026-06-26 14:00:00+00:00,0.5590764036000009,0.560080489000001,0.5590077000000009,0.5597171580000009
2026-06-26 15:00:00+00:00,0.5595770507000009,0.5598659718000009,0.5593872780000009,0.5594867108000009
2026-06-26 16:00:00+00:00,0.5596584200000009,0.5600020929000009,0.5595432360000009,0.5599989304000008
2026-06-26 17:00:00+00:00,0.5600130032000009,0.560085213600001,0.5598869346000009,0.559977279400001
2026-06-26 18:00:00+00:00,0.5600091266000009,0.560181507600001,0.5595532488000008,0.559664398800001
2026-06-26 19:00:00+00:00,0.559653131400001,0.559969516000001,0.5596198400000009,0.5597353710000009
2026-06-26 20:00:00+00:00,0.5598317998000009,0.5598317998000009,0.5588672610000008,0.5588672610000008
2026-06-28 21:00:00+00:00,0.558784926000001,0.5592958806000009,0.558784926000001,0.558865403200001
2026-06-28 22:00:00+00:00,0.559559186200001,0.559833075200001,0.559559186200001,0.5597501566000009
2026-06-28 23:00:00+00:00,0.5597195911000009,0.559923693600001,0.5597195911000009,0.559804347600001
2026-06-29 00:00:00+00:00,0.559640604600001,0.559640604600001,0.558709514500001,0.558816224000001
2026-06-29 01:00:00+00:00,0.558723563900001,0.559191672000001,0.5585897856000009,0.558921187200001
2026-06-29 02:00:00+00:00,0.5589478494000011,0.559293193800001,0.5588213922000009,0.559150648600001
2026-06-29 03:00:00+00:00,0.559221640600001,0.559400261200001,0.559121024000001,0.559195416000001
2026-06-29 04:00:00+00:00,0.559186918400001,0.559326775800001,0.559136406500001,0.559184139500001
2026-06-29 05:00:00+00:00,0.5590886735000009,0.5593051056000009,0.559015556000001,0.559225578800001
2026-06-29 06:00:00+00:00,0.559258650000001,0.5597161104000009,0.559160164200001,0.559273993800001
2026-06-29 07:00:00+00:00,0.5592975003000009,0.559574459900001,0.5588912673000009,0.5588912673000009
2026-06-29 08:00:00+00:00,0.5588535940000009,0.5590069611000009,0.558703816000001,0.558758147500001
2026-06-29 09:00:00+00:00,0.558763905000001,0.5591141628000009,0.558679508000001,0.559042612400001
2026-06-29 10:00:00+00:00,0.5589835930000009,0.559128887000001,0.558844449500001,0.558947840000001
2026-06-29 11:00:00+00:00,0.5589313527000009,0.559162272000001,0.558686177400001,0.5588784784000009
2026-06-29 12:00:00+00:00,0.558860809000001,0.559195318900001,0.558828160000001,0.5589831884000009
2026-06-29 13:00:00+00:00,0.558936434000001,0.558966394200001,0.5578538616000009,0.557894216000001
2026-06-29 14:00:00+00:00,0.557870868400001,0.558019550400001,0.5573083396000009,0.557469823000001
2026-06-29 15:00:00+00:00,0.5574942214000009,0.557716823400001,0.5572793520000009,0.557518691000001
2026-06-29 16:00:00+00:00,0.557544326400001,0.557657262400001,0.557428111000001,0.557428111000001
2026-06-29 17:00:00+00:00,0.557460748800001,0.557609896200001,0.557302735200001,0.557364372800001
2026-06-29 18:00:00+00:00,0.557454309600001,0.557614373400001,0.5574288906000009,0.557531811200001
2026-06-29 19:00:00+00:00,0.5575521678000009,0.5575521678000009,0.5573832749000011,0.557417527800001
2026-06-29 20:00:00+00:00,0.5574499803000009,0.5574499803000009,0.556883283000001,0.556883283000001
2026-06-29 21:00:00+00:00,0.557016767500001,0.557600828400001,0.556964222400001,0.557323818000001
2026-06-29 22:00:00+00:00,0.557579303700001,0.557843199300001,0.557579303700001,0.557657510400001
2026-06-29 23:00:00+00:00,0.5576822256000009,0.557768610200001,0.5574719925000009,0.5575177943000009
2026-06-30 00:00:00+00:00,0.5573656737000009,0.5573656737000009,0.5566426341000009,0.556842515600001
2026-06-30 01:00:00+00:00,0.556783215000001,0.557672607000001,0.556664547600001,0.5572520005000009
2026-06-30 02:00:00+00:00,0.557300191800001,0.557334332500001,0.556869081600001,0.557085061000001
2026-06-30 03:00:00+00:00,0.557139340800001,0.5574047430000011,0.557139340800001,0.5573710436000009
2026-06-30 04:00:00+00:00,0.557452861500001,0.557838304800001,0.5574000220000009,0.5577265724000009
2026-06-30 05:00:00+00:00,0.557793448200001,0.5582222732000011,0.557793448200001,0.557945732400001
2026-06-30 06:00:00+00:00,0.558045757800001,0.5581925370000009,0.557753690600001,0.5577985880000009
2026-06-30 07:00:00+00:00,0.557700906900001,0.558277212500001,0.557496936400001,0.558200473600001
2026-06-30 08:00:00+00:00,0.558251017300001,0.5586257820000009,0.558251017300001,0.5585608064000009
2026-06-30 09:00:00+00:00,0.558650203800001,0.5591689290000009,0.558650203800001,0.558882832700001
2026-06-30 10:00:00+00:00,0.558965696800001,0.558965696800001,0.558612624800001,0.558803073000001
2026-06-30 11:00:00+00:00,0.5586927026000009,0.559192632900001,0.5586927026000009,0.559142108400001
2026-06-30 12:00:00+00:00,0.559207617600001,0.5592372696000009,0.558551650800001,0.558683795400001
2026-06-30 13:00:00+00:00,0.5588315980000009,0.5591681400000009,0.558830127500001,0.559043081900001
2026-06-30 14:00:00+00:00,0.559236500000001,0.560381695200001,0.559236500000001,0.5601106101000011
2026-06-30 15:00:00+00:00,0.5603134656000011,0.5604408238000009,0.560200302000001,0.5603468182000009
2026-06-30 16:00:00+00:00,0.560457003000001,0.560542195200001,0.5601823648000009,0.560473477600001
2026-06-30 17:00:00+00:00,0.560425910000001,0.560624854700001,0.5604147549000009,0.560572822800001
2026-06-30 18:00:00+00:00,0.560597535000001,0.5608340470000011,0.5604245556000009,0.560823452200001
2026-06-30 19:00:00+00:00,0.560872882200001,0.561046703000001,0.5607457944000009,0.5608490070000011
2026-06-30 20:00:00+00:00,0.560894897200001,0.560912535000001,0.560720199000001,0.560781935000001
2026-06-30 21:00:00+00:00,0.559917405000001,0.5604598830000009,0.559655550000001,0.560108792400001
2026-06-30 22:00:00+00:00,0.560973398400001,0.561025476000001,0.560817043800001,0.5609026912000009
2026-06-30 23:00:00+00:00,0.5608991232000009,0.560943247200001,0.560765287400001,0.560772339100001
2026-07-01 00:00:00+00:00,0.560781936000001,0.5608977775000009,0.5600172780000009,0.5600172780000009
2026-07-01 01:00:00+00:00,0.5601011216000009,0.5601215919000009,0.5593855932000009,0.559481466600001
2026-07-01 02:00:00+00:00,0.5593789536000009,0.559505700000001,0.5588650509000009,0.559316760000001
2026-07-01 03:00:00+00:00,0.559238114600001,0.559598217900001,0.559238114600001,0.559598217900001
2026-07-01 04:00:00+00:00,0.559539719200001,0.5595406482000009,0.5591763962000009,0.559435020300001
2026-07-01 05:00:00+00:00,0.5594316834000009,0.5597464650000009,0.559344728600001,0.559679466000001
2026-07-01 06:00:00+00:00,0.559604859600001,0.559639476000001,0.559330408000001,0.559639476000001
2026-07-01 07:00:00+00:00,0.5596882824000009,0.559910102400001,0.5595131685000009,0.5598371556000009
2026-07-01 08:00:00+00:00,0.5599252620000009,0.560121254700001,0.559787203000001,0.559845237600001
2026-07-01 09:00:00+00:00,0.5599249480000009,0.5602483602000009,0.559765510200001,0.5601410100000009
2026-07-01 10:00:00+00:00,0.560113340200001,0.560349984600001,0.560070571500001,0.5603383315000009
2026-07-01 11:00:00+00:00,0.560361292800001,0.560822682700001,0.5602677898000009,0.5607982947000009
2026-07-01 12:00:00+00:00,0.5607725202000009,0.561279386800001,0.5605697790000009,0.561137640000001
2026-07-01 13:00:00+00:00,0.561083395500001,0.561158047200001,0.560408767100001,0.560408767100001
2026-07-01 14:00:00+00:00,0.560549075000001,0.560549075000001,0.559568440200001,0.5597794496000009
2026-07-01 15:00:00+00:00,0.559703592400001,0.5600754314000009,0.559544850000001,0.559860126000001
2026-07-01 16:00:00+00:00,0.5599373184000009,0.559958942400001,0.5596176240000009,0.559919620000001
2026-07-01 17:00:00+00:00,0.5598742100000009,0.559941118500001,0.559744018100001,0.559749875200001
2026-07-01 18:00:00+00:00,0.559795764000001,0.5598841674000009,0.5596800318000009,0.5597749500000009
2026-07-01 19:00:00+00:00,0.559876549200001,0.5599670960000009,0.559709089200001,0.559721305000001
2026-07-01 20:00:00+00:00,0.5597081642000008,0.5598930114000009,0.5590855846000009,0.5590855846000009
2026-07-01 21:00:00+00:00,0.5595832280000009,0.5603983428000009,0.559023177000001,0.560032616400001
2026-07-01 22:00:00+00:00,0.560061267500001,0.560268012000001,0.559992388400001,0.560027547900001
2026-07-01 23:00:00+00:00,0.559988660000001,0.560088034800001,0.5597244304000011,0.559731459200001
2026-07-02 00:00:00+00:00,0.5596874337000011,0.5598448561000011,0.559232140500001,0.5597811369000011
2026-07-02 01:00:00+00:00,0.5598949590000011,0.560210722200001,0.5598949590000011,0.559994131200001
2026-07-02 02:00:00+00:00,0.5599780400000012,0.5601437233000011,0.5598271758000011,0.5598399387000011
2026-07-02 03:00:00+00:00,0.5599012174000011,0.5599082516000011,0.5593459476000011,0.5596820574000011
2026-07-02 04:00:00+00:00,0.5596444986000011,0.5597816360000011,0.5594989935000011,0.559733888000001
2026-07-02 05:00:00+00:00,0.5597057536000011,0.559880475000001,0.559560809500001,0.5596833641000011
2026-07-02 06:00:00+00:00,0.559716238000001,0.559752575700001,0.5593739550000011,0.5593739550000011
2026-07-02 07:00:00+00:00,0.559237211200001,0.5593112160000011,0.5579989836000011,0.5579989836000011
2026-07-02 08:00:00+00:00,0.5580003476000011,0.558261473600001,0.557546712000001,0.5577443454000011
2026-07-02 09:00:00+00:00,0.557688951600001,0.558052105000001,0.557582498500001,0.558052105000001
2026-07-02 10:00:00+00:00,0.557890122000001,0.5582648736000011,0.557848465900001,0.557848465900001
2026-07-02 11:00:00+00:00,0.5578897944000011,0.558020682500001,0.557666354400001,0.5576688378000011
2026-07-02 12:00:00+00:00,0.5576969454000011,0.558650527500001,0.557685368000001,0.5581868628000011
2026-07-02 13:00:00+00:00,0.5580565459000011,0.5593099365000012,0.558039240000001,0.5589033856000011
2026-07-02 14:00:00+00:00,0.5589169446000011,0.5589169446000011,0.5580871350000011,0.5584727190000011
2026-07-02 15:00:00+00:00,0.5584616960000011,0.5584616960000011,0.5579678345000011,0.5579956350000012
2026-07-02 16:00:00+00:00,0.557919648000001,0.5580410880000011,0.557682680700001,0.557957849600001
2026-07-02 17:00:00+00:00,0.5579619016000011,0.558318071700001,0.557884047000001,0.5579720410000011
2026-07-02 18:00:00+00:00,0.5579763090000011,0.5582807955000011,0.5579718117000011,0.5581057170000011
2026-07-02 19:00:00+00:00,0.5580399214000011,0.5582330634000011,0.5577899254000012,0.558223465600001
2026-07-02 20:00:00+00:00,0.5581763070000011,0.5582672226000011,0.557687293800001,0.557687293800001
2026-07-02 21:00:00+00:00,0.557673184600001,0.557673184600001,0.5567478049000011,0.557495100000001
2026-07-02 22:00:00+00:00,0.557921031300001,0.5583855222000011,0.557860644000001,0.5582411925000011
2026-07-02 23:00:00+00:00,0.558310678200001,0.558444149000001,0.5582121104000011,0.5583839776000011
2026-07-03 00:00:00+00:00,0.5583519616000011,0.558456399800001,0.558088633600001,0.558186435300001
2026-07-03 01:00:00+00:00,0.558171468800001,0.5587583220000011,0.5581342232000011,0.5586684704000011
2026-07-03 02:00:00+00:00,0.558649765700001,0.5590356000000011,0.5585091783000011,0.5589653244000011
2026-07-03 03:00:00+00:00,0.5589320750000011,0.559028179500001,0.558659253600001,0.558826429000001
2026-07-03 04:00:00+00:00,0.558826429000001,0.5590487520000011,0.5587648848000011,0.558767807400001
2026-07-03 05:00:00+00:00,0.5587544700000011,0.5588044014000011,0.558598201100001,0.5586744330000011
2026-07-03 06:00:00+00:00,0.558759055400001,0.558943539000001,0.558423037800001,0.5585856680000011
2026-07-03 07:00:00+00:00,0.558609775800001,0.559101255300001,0.5585417220000011,0.5588976524000011
2026-07-03 08:00:00+00:00,0.5589140624000011,0.559148821800001,0.5588381921000011,0.559028087800001
2026-07-03 09:00:00+00:00,0.5590294479000011,0.5592938680000011,0.5589627384000011,0.559248348400001
2026-07-03 10:00:00+00:00,0.5592832740000011,0.559351456200001,0.5589839220000011,0.559292360000001
2026-07-03 11:00:00+00:00,0.5592653504000011,0.5594135040000011,0.5589834106000011,0.559009561600001
2026-07-03 12:00:00+00:00,0.559066188800001,0.559318193200001,0.5588728920000011,0.5591863224000011
2026-07-03 13:00:00+00:00,0.5593132342000011,0.559499320000001,0.559168400200001,0.559347006100001
2026-07-03 14:00:00+00:00,0.559436064000001,0.559436064000001,0.5589952758000011,0.559148521000001
2026-07-03 15:00:00+00:00,0.5590898320000011,0.5593952748000011,0.5590898320000011,0.5593095403000011
2026-07-03 16:00:00+00:00,0.559329936000001,0.5595192855000011,0.559232150500001,0.5595192855000011
2026-07-03 17:00:00+00:00,0.5594839020000011,0.5595097188000011,0.5592595635000011,0.559391904900001
2026-07-03 18:00:00+00:00,0.5593810611000011,0.559529680200001,0.5591687481000011,0.5595084489000011
2026-07-03 19:00:00+00:00,0.5596000077000011,0.5596533252000011,0.5593818880000011,0.5595521724000011
2026-07-03 20:00:00+00:00,0.559625425000001,0.559625425000001,0.5585694282000011,0.5585731948000011
2026-07-05 21:00:00+00:00,0.5587048530000011,0.559688299800001,0.558623743500001,0.559688299800001
2026-07-05 22:00:00+00:00,0.560094134000001,0.560098392000001,0.559899347000001,0.560070075600001
2026-07-05 23:00:00+00:00,0.560072572200001,0.5602204055000011,0.5600475790000009,0.560055085000001
2026-07-06 00:00:00+00:00,0.559889336400001,0.560076662400001,0.559681217400001,0.5597703016000011
2026-07-06 01:00:00+00:00,0.5596166800000009,0.5602461453000009,0.5596166800000009,0.5600777916000009
2026-07-06 02:00:00+00:00,0.5601892149000011,0.560280866500001,0.5597536567000009,0.5597878560000009
2026-07-06 03:00:00+00:00,0.559776244500001,0.559776244500001,0.559446528300001,0.559729639800001
2026-07-06 04:00:00+00:00,0.5596979670000011,0.5602951992000009,0.559682980400001,0.560254768200001
2026-07-06 05:00:00+00:00,0.560202201000001,0.560447674500001,0.560170839600001,0.5604056436000009
2026-07-06 06:00:00+00:00,0.560376817000001,0.560812808400001,0.560352762000001,0.560743582700001
2026-07-06 07:00:00+00:00,0.560727374200001,0.5610903128000009,0.560648038800001,0.560710559000001
2026-07-06 08:00:00+00:00,0.560803434400001,0.560969055900001,0.5606475643000011,0.560878552500001
2026-07-06 09:00:00+00:00,0.560880746700001,0.5611443885000009,0.560780006500001,0.561077291000001
2026-07-06 10:00:00+00:00,0.561128326200001,0.561253414400001,0.561044179600001,0.5611973168000011
2026-07-06 11:00:00+00:00,0.561189386700001,0.561680910300001,0.561117393900001,0.561374460000001
2026-07-06 12:00:00+00:00,0.561366067500001,0.561437285500001,0.560756652500001,0.561070993800001
2026-07-06 13:00:00+00:00,0.561047181600001,0.561955833000001,0.560843615000001,0.561696958400001
2026-07-06 14:00:00+00:00,0.561775632600001,0.562347966900001,0.561775632600001,0.562066181100001
2026-07-06 15:00:00+00:00,0.5621181040000011,0.562505635500001,0.5621181040000011,0.5623716028000009
2026-07-06 16:00:00+00:00,0.562376704000001,0.562448349000001,0.5622518880000009,0.562448349000001
2026-07-06 17:00:00+00:00,0.562458817200001,0.562629743000001,0.562365586500001,0.562365586500001
2026-07-06 18:00:00+00:00,0.562397298100001,0.562626124200001,0.562397298100001,0.562534645600001
2026-07-06 19:00:00+00:00,0.562534333400001,0.562688864200001,0.5624341200000009,0.562688864200001
2026-07-06 20:00:00+00:00,0.562747312400001,0.562747312400001,0.562130219600001,0.562130219600001
2026-07-06 21:00:00+00:00,0.561868560000001,0.562495539300001,0.561393241900001,0.5616502998000009
2026-07-06 22:00:00+00:00,0.5626064711000008,0.562662947000001,0.5625059362000009,0.5625622233000009
2026-07-06 23:00:00+00:00,0.5625442130000009,0.5626149774000009,0.562451791800001,0.562478529600001
2026-07-07 00:00:00+00:00,0.562488586000001,0.562676052900001,0.562403911700001,0.562403911700001
2026-07-07 01:00:00+00:00,0.5623083700000009,0.562712292000001,0.562196509400001,0.5626479222000009
2026-07-07 02:00:00+00:00,0.562661624700001,0.5627430270000009,0.562375598000001,0.5624085538000009
2026-07-07 03:00:00+00:00,0.562408147500001,0.562495762500001,0.5618226222000009,0.562087649900001
2026-07-07 04:00:00+00:00,0.5621256154000009,0.562232883200001,0.561865456800001,0.561865456800001
2026-07-07 05:00:00+00:00,0.561813327200001,0.562180859400001,0.561513948900001,0.5621392050000009
2026-07-07 06:00:00+00:00,0.5621400556000009,0.562309530000001,0.562104360000001,0.5623080750000009
2026-07-07 07:00:00+00:00,0.562249996500001,0.562582497000001,0.562164112000001,0.562350055200001
2026-07-07 08:00:00+00:00,0.562455878400001,0.562624728000001,0.5622585150000009,0.562266722400001
2026-07-07 09:00:00+00:00,0.5622624574000009,0.562933727700001,0.5622624574000009,0.5628925176000009
2026-07-07 10:00:00+00:00,0.5628942352000009,0.5630919840000009,0.562717170900001,0.562816126600001
2026-07-07 11:00:00+00:00,0.562772172100001,0.5629289600000009,0.562674348600001,0.562811823900001
2026-07-07 12:00:00+00:00,0.562751713500001,0.5628484128000009,0.5624724096000009,0.5626751832000009
2026-07-07 13:00:00+00:00,0.562717266600001,0.562738543500001,0.5620944192000009,0.5620944192000009
2026-07-07 14:00:00+00:00,0.5622440584000009,0.562407743500001,0.5619665955000009,0.562008569500001
2026-07-07 15:00:00+00:00,0.561995522400001,0.5622184925000009,0.561853553800001,0.562187057500001
2026-07-07 16:00:00+00:00,0.562205540000001,0.5625275264000009,0.562201920000001,0.562476815300001
2026-07-07 17:00:00+00:00,0.562442280000001,0.5626288792000009,0.5624058396000009,0.5625668322000009
2026-07-07 18:00:00+00:00,0.5625750024000009,0.562656572000001,0.5624300124000009,0.562519024200001
2026-07-07 19:00:00+00:00,0.562459059400001,0.562848949500001,0.562327366800001,0.562848949500001
2026-07-07 20:00:00+00:00,0.5628198030000009,0.5628870252000009,0.562096800000001,0.562096800000001
2026-07-07 21:00:00+00:00,0.5623900776000009,0.5623900776000009,0.560792980800001,0.561448409000001
2026-07-07 22:00:00+00:00,0.5619321918000011,0.562249630900001,0.5619321918000011,0.5621948280000011
2026-07-07 23:00:00+00:00,0.562248741600001,0.562483559400001,0.562184201700001,0.562212882000001
2026-07-08 00:00:00+00:00,0.562241736000001,0.5631806138000011,0.562237382400001,0.5631806138000011
2026-07-08 01:00:00+00:00,0.563146120500001,0.563546792000001,0.563015210800001,0.563392005900001
2026-07-08 02:00:00+00:00,0.563335386000001,0.563682805200001,0.563256601600001,0.563359219200001
2026-07-08 03:00:00+00:00,0.5633396860000011,0.563610879900001,0.5632237815000011,0.563252900400001
2026-07-08 04:00:00+00:00,0.563214949400001,0.563354722900001,0.563149597500001,0.5631723943000011
2026-07-08 05:00:00+00:00,0.563292581400001,0.563406664800001,0.563017391000001,0.5630447219000011
2026-07-08 06:00:00+00:00,0.562999338000001,0.562999338000001,0.5619536703000011,0.5619659292000011
2026-07-08 07:00:00+00:00,0.561896353800001,0.562162040000001,0.5618417805000011,0.561894766400001
2026-07-08 08:00:00+00:00,0.561835953000001,0.561856136800001,0.560613420000001,0.560808110800001
2026-07-08 09:00:00+00:00,0.560756715500001,0.5613142712000011,0.560501960900001,0.5610649976000011
2026-07-08 10:00:00+00:00,0.5611939930000011,0.561603014100001,0.5611939930000011,0.5613760512000011
2026-07-08 11:00:00+00:00,0.561320310600001,0.561790212200001,0.5610918180000011,0.561775021500001
2026-07-08 12:00:00+00:00,0.561676770000001,0.562323804000001,0.561676770000001,0.561988457000001
2026-07-08 13:00:00+00:00,0.562057518000001,0.562504521600001,0.562042695000001,0.562252687500001
2026-07-08 14:00:00+00:00,0.562272201700001,0.562369618800001,0.5617932804000011,0.561952709400001
2026-07-08 15:00:00+00:00,0.5620947788000011,0.562458833400001,0.561842365500001,0.5623202472000011
2026-07-08 16:00:00+00:00,0.562373075000001,0.562544730000001,0.562257724600001,0.5624501080000011
2026-07-08 17:00:00+00:00,0.5623839020000011,0.562666797000001,0.562243512600001,0.562243512600001
2026-07-08 18:00:00+00:00,0.562379616000001,0.562539075600001,0.562349095600001,0.562380123600001
2026-07-08 19:00:00+00:00,0.5623957782000011,0.5626443760000011,0.5622657768000011,0.5626037582000011
2026-07-08 20:00:00+00:00,0.5625702160000011,0.5626329400000011,0.5617813770000011,0.5617813770000011
2026-07-08 21:00:00+00:00,0.5622008680000011,0.562541308000001,0.561099617000001,0.5619060000000011
2026-07-08 22:00:00+00:00,0.5624140632000011,0.5624140632000011,0.5621083005000009,0.5621250816000011
2026-07-08 23:00:00+00:00,0.562110940800001,0.5626560114000011,0.562110940800001,0.5625649762000011
2026-07-09 00:00:00+00:00,0.562514473400001,0.562527526400001,0.5617970631000011,0.561907303000001
2026-07-09 01:00:00+00:00,0.561806649600001,0.5618959800000011,0.5615986140000011,0.561649427800001
2026-07-09 02:00:00+00:00,0.5616900080000011,0.562114701000001,0.5616043870000011,0.561847438200001
2026-07-09 03:00:00+00:00,0.5617794285000011,0.5619315762000011,0.5615154468000011,0.5617815688000012
2026-07-09 04:00:00+00:00,0.5617931195000011,0.561960747000001,0.5616025331000012,0.5619410692000011
2026-07-09 05:00:00+00:00,0.5619816285000011,0.5619816285000011,0.5615082364000011,0.5617709955000011
2026-07-09 06:00:00+00:00,0.5617694296000011,0.5617694296000011,0.5612265444000011,0.561338648400001
2026-07-09 07:00:00+00:00,0.561395289200001,0.5616723223000011,0.5613500060000012,0.5614711368000012
2026-07-09 08:00:00+00:00,0.5614376976000011,0.561730156800001,0.561129104800001,0.561730156800001
2026-07-09 09:00:00+00:00,0.561755000000001,0.562166103200001,0.5616965060000011,0.5618400625000011
2026-07-09 10:00:00+00:00,0.561795213200001,0.562126975900001,0.561719625000001,0.561843856800001
2026-07-09 11:00:00+00:00,0.561890742600001,0.5620224816000011,0.5617926080000011,0.5619265344000011
2026-07-09 12:00:00+00:00,0.5619899184000011,0.562000089600001,0.561686910000001,0.5618623607000011
2026-07-09 13:00:00+00:00,0.5619585600000011,0.5622352372000011,0.561828482000001,0.5620515735000011
2026-07-09 14:00:00+00:00,0.561918731600001,0.5622830708000011,0.5617628368000012,0.561785152500001
2026-07-09 15:00:00+00:00,0.5618621568000011,0.5622708793000011,0.5618297377000011,0.5618957960000011
2026-07-09 16:00:00+00:00,0.5619487768000011,0.5621737376000011,0.561693523500001,0.5618399808000011
2026-07-09 17:00:00+00:00,0.5617980650000011,0.5619543854000011,0.561609568500001,0.561894321000001
2026-07-09 18:00:00+00:00,0.5618968542000011,0.5620774276000011,0.5618543394000012,0.5620536232000011
2026-07-09 19:00:00+00:00,0.562066938300001,0.5622135902000011,0.5619530280000011,0.562080340900001
2026-07-09 20:00:00+00:00,0.5620430095000011,0.5621949179000011,0.5613808329000012,0.5613808329000012
2026-07-09 21:00:00+00:00,0.5615977890000011,0.561670100000001,0.5606481727000009,0.561190713600001
2026-07-09 22:00:00+00:00,0.561702780000001,0.5617671153000009,0.5614502298000009,0.5615289600000009
2026-07-09 23:00:00+00:00,0.561578248000001,0.5616720010000009,0.5615182024000009,0.5616371614000009
2026-07-10 00:00:00+00:00,0.5616612410000009,0.5616612410000009,0.5610709585000009,0.5612032398000009
2026-07-10 01:00:00+00:00,0.5612624280000009,0.5612624280000009,0.5605619547000008,0.560752435200001
2026-07-10 02:00:00+00:00,0.560622072400001,0.5613329760000009,0.5606095664000009,0.5612247740000009
2026-07-10 03:00:00+00:00,0.5612168761000009,0.5613108600000009,0.5609167559000009,0.5611065696000008
2026-07-10 04:00:00+00:00,0.5610977069000009,0.5612493968000009,0.5610541434000009,0.5612006161000009
2026-07-10 05:00:00+00:00,0.561235263600001,0.561235263600001,0.5607630000000009,0.5608338750000009
2026-07-10 06:00:00+00:00,0.560767120000001,0.5612436760000009,0.560767120000001,0.5610856088000009
2026-07-10 07:00:00+00:00,0.5611236328000009,0.5614433724000009,0.5608306964000009,0.5610057170000009
2026-07-10 08:00:00+00:00,0.5608761088000009,0.561510534000001,0.560785272000001,0.5614442577000008
2026-07-10 09:00:00+00:00,0.5614609600000009,0.5620700610000009,0.5613896080000009,0.5620700610000009
2026-07-10 10:00:00+00:00,0.5621544852000009,0.5622777087000009,0.5620625400000009,0.5620983180000009
2026-07-10 11:00:00+00:00,0.5622051401000009,0.5623264800000009,0.561995254400001,0.562283107000001
2026-07-10 12:00:00+00:00,0.5622935741000009,0.562661866800001,0.5622935741000009,0.562517546400001
2026-07-10 13:00:00+00:00,0.5625107680000009,0.5633544060000009,0.5625107680000009,0.562971732000001
2026-07-10 14:00:00+00:00,0.5630640848000009,0.563219784000001,0.5625578084000009,0.5628510762000009
2026-07-10 15:00:00+00:00,0.5627853790000009,0.562966965000001,0.5626348761000008,0.562711092500001
2026-07-10 16:00:00+00:00,0.562750734000001,0.5633201032000009,0.562750734000001,0.5632976668000009
2026-07-10 17:00:00+00:00,0.5633260556000009,0.563699449600001,0.5632621808000009,0.5635932930000008
2026-07-10 18:00:00+00:00,0.5635986741000009,0.5639639977000009,0.5635898710000009,0.5637574912000008
2026-07-10 19:00:00+00:00,0.5637813415000009,0.5639470278000009,0.5637364328000009,0.5638363543000009
2026-07-10 20:00:00+00:00,0.5638707360000009,0.563985271600001,0.5631725233000008,0.5631725233000008
2026-07-12 21:00:00+00:00,0.5632860463000008,0.5652585238000006,0.5632860463000008,0.5649708702000007
2026-07-12 22:00:00+00:00,0.5660258198000007,0.5660258198000007,0.5654829946000007,0.5657287728000007
2026-07-12 23:00:00+00:00,0.5657845296000007,0.5660735840000007,0.5656490700000008,0.5657234940000008
2026-07-13 00:00:00+00:00,0.5656215469000008,0.5660985330000007,0.5654919636000006,0.5656371613000007
2026-07-13 01:00:00+00:00,0.5655873384000007,0.5658620737000007,0.5654644336000006,0.5654885270000007
2026-07-13 02:00:00+00:00,0.5654742885000007,0.5658909210000007,0.5654441565000007,0.5654526350000006
2026-07-13 03:00:00+00:00,0.5654411724000007,0.5654561103000006,0.5650093325000007,0.5650877400000007
2026-07-13 04:00:00+00:00,0.5650008597000007,0.5650008597000007,0.5647772736000007,0.5649684690000006
2026-07-13 05:00:00+00:00,0.5649162085000007,0.5652493885000007,0.5647731796000007,0.5650415407000008
2026-07-13 06:00:00+00:00,0.5651701308000007,0.5652462304000008,0.5645449624000006,0.5646158400000008
2026-07-13 07:00:00+00:00,0.5645344528000007,0.5649596016000007,0.5645344528000007,0.5648338252000007
2026-07-13 08:00:00+00:00,0.5648062860000008,0.5649802084000006,0.5646835725000008,0.5648758156000008
2026-07-13 09:00:00+00:00,0.5649238448000007,0.5656179802000006,0.5649228564000007,0.5656179802000006
2026-07-13 10:00:00+00:00,0.5655816340000007,0.5660594940000008,0.5655799080000007,0.5657630175000007
2026-07-13 11:00:00+00:00,0.5657897520000007,0.5660869244000007,0.5657795836000007,0.5660869244000007
2026-07-13 12:00:00+00:00,0.5659635812000008,0.5663867550000007,0.5659635812000008,0.5661862272000007
2026-07-13 13:00:00+00:00,0.5661454032000007,0.5663418948000007,0.5659619910000007,0.5662850648000007
2026-07-13 14:00:00+00:00,0.5663135412000007,0.5671591068000007,0.5663135412000007,0.5669131270000007
2026-07-13 15:00:00+00:00,0.5670292628000008,0.5674693437000008,0.5669945214000007,0.5671720992000008
2026-07-13 16:00:00+00:00,0.5671976805000007,0.5673685500000006,0.5669466558000007,0.5670787194000007
2026-07-13 17:00:00+00:00,0.5671852628000007,0.5675994600000007,0.5670952132000007,0.5674629884000008
2026-07-13 18:00:00+00:00,0.5675073264000007,0.5675568360000007,0.5673922624000007,0.5674484192000008
2026-07-13 19:00:00+00:00,0.5674578168000007,0.5675092654000008,0.5672247285000007,0.5673942424000007
2026-07-13 20:00:00+00:00,0.5674135341000007,0.5675825662000008,0.5673638208000007,0.5675610208000007
2026-07-13 21:00:00+00:00,0.5667825034000007,0.5674517532000007,0.5667122400000008,0.5674022688000007
2026-07-13 22:00:00+00:00,0.5676746014000007,0.5677971048000007,0.5675333488000006,0.5676194930000006
2026-07-13 23:00:00+00:00,0.5675799584000005,0.5677160760000005,0.5674903328000006,0.5677160760000005
2026-07-14 00:00:00+00:00,0.5677476057000006,0.5677878544000006,0.5673898260000007,0.5676184103000006
2026-07-14 01:00:00+00:00,0.5675415832000005,0.5678049456000006,0.5673380576000007,0.5674912788000006
2026-07-14 02:00:00+00:00,0.5674384980000006,0.5676281688000006,0.5672683104000006,0.5674315160000006
2026-07-14 03:00:00+00:00,0.5674560322000006,0.5679252129000005,0.5672999128000006,0.5678323550000006
2026-07-14 04:00:00+00:00,0.5679224136000006,0.5682330400000005,0.5677875885000007,0.5682330400000005
2026-07-14 05:00:00+00:00,0.5682873114000005,0.5684373680000006,0.5680961120000007,0.5683231270000006
2026-07-14 06:00:00+00:00,0.5683136170000006,0.5684858328000006,0.5682501440000006,0.5683767621000005
2026-07-14 07:00:00+00:00,0.5684664107000006,0.5691363580000006,0.5684362539000006,0.5687673166000006
2026-07-14 08:00:00+00:00,0.5686886646000006,0.5686973100000006,0.5679468030000006,0.5681810818000006
2026-07-14 09:00:00+00:00,0.5681015637000006,0.5685699690000007,0.5681015637000006,0.5683972468000005
2026-07-14 10:00:00+00:00,0.5683883481000006,0.5686093560000006,0.5680829475000005,0.5681422070000006
2026-07-14 11:00:00+00:00,0.5681641530000007,0.5681641530000007,0.5673900581000006,0.5675958682000005
2026-07-14 12:00:00+00:00,0.5675593680000005,0.5675593680000005,0.5669712425000005,0.5670423160000005
2026-07-14 13:00:00+00:00,0.5670469140000005,0.5674882864000006,0.5669720696000006,0.5674644339000007
2026-07-14 14:00:00+00:00,0.5673774288000006,0.5681509953000006,0.5669386406000005,0.5680930640000006
2026-07-14 15:00:00+00:00,0.5681331910000005,0.5683494994000007,0.5678500188000006,0.5680502919000006
2026-07-14 16:00:00+00:00,0.5680723328000006,0.5681997615000005,0.5678842304000006,0.5681922161000006
2026-07-14 17:00:00+00:00,0.5681599146000005,0.5685194060000006,0.5681078858000006,0.5684457870000006
2026-07-14 18:00:00+00:00,0.5684126919000005,0.5684819250000006,0.5682340176000006,0.5682340176000006
2026-07-14 19:00:00+00:00,0.5682063563000006,0.5683358286000005,0.5680784398000005,0.5682882976000005
2026-07-14 20:00:00+00:00,0.5682982867000006,0.5683452960000006,0.5681211964000005,0.5681211964000005
2026-07-14 21:00:00+00:00,0.5678048504000005,0.5686676250000006,0.5675687848000005,0.5685351000000005
2026-07-14 22:00:00+00:00,0.5690016389000006,0.5691022500000005,0.5688023922000005,0.5688023922000005
2026-07-14 23:00:00+00:00,0.5688203213000005,0.5690148387000005,0.5687855634000005,0.5688751388000005
2026-07-15 00:00:00+00:00,0.5689087702000005,0.5692607870000005,0.5689087702000005,0.5691279000000005
2026-07-15 01:00:00+00:00,0.5690271531000005,0.5693428320000006,0.5687887335000006,0.5693428320000006
2026-07-15 02:00:00+00:00,0.5693247868000004,0.5698416368000004,0.5692454131000005,0.5698025844000005
2026-07-15 03:00:00+00:00,0.5697256800000005,0.5698643793000004,0.5696388104000005,0.5697942264000005
2026-07-15 04:00:00+00:00,0.5698169322000005,0.5699177270000005,0.5694725190000005,0.5695807628000005
2026-07-15 05:00:00+00:00,0.5696777616000005,0.5697445278000005,0.5694824216000005,0.5695594995000005
2026-07-15 06:00:00+00:00,0.5694927342000006,0.5697211806000005,0.5694121122000005,0.5696774028000005
2026-07-15 07:00:00+00:00,0.5696358940000006,0.5702616216000005,0.5694785154000005,0.5701485994000005
2026-07-15 08:00:00+00:00,0.5701317750000006,0.5705245845000004,0.5701317750000006,0.5705245845000004
2026-07-15 09:00:00+00:00,0.5705279893000006,0.5709420382000006,0.5704982370000006,0.5709420382000006
2026-07-15 10:00:00+00:00,0.5708086400000005,0.5710330976000005,0.5706838522000006,0.5706875664000005
2026-07-15 11:00:00+00:00,0.5707738224000005,0.5710294128000005,0.5705708181000004,0.5710010944000005
2026-07-15 12:00:00+00:00,0.5709828960000005,0.5710918391000005,0.5703479496000006,0.5704213656000005
2026-07-15 13:00:00+00:00,0.5704697310000004,0.5704697310000004,0.5695814884000004,0.5696884512000004
2026-07-15 14:00:00+00:00,0.5697371147000005,0.5699490080000006,0.5692801997000005,0.5694721568000005
2026-07-15 15:00:00+00:00,0.5694006528000005,0.5694006528000005,0.5688490360000005,0.5689063556000005
2026-07-15 16:00:00+00:00,0.5688905564000005,0.5688932400000005,0.5684617626000005,0.5687689488000005
2026-07-15 17:00:00+00:00,0.5686963664000005,0.5689302380000005,0.5685489036000005,0.5685489036000005
2026-07-15 18:00:00+00:00,0.5686226130000005,0.5686226130000005,0.5682661662000005,0.5682661662000005
2026-07-15 19:00:00+00:00,0.5682350232000005,0.5685210104000005,0.5682023192000004,0.5685209115000005
2026-07-15 20:00:00+00:00,0.5685574878000005,0.5687491968000005,0.5680471875000005,0.5680471875000005
2026-07-15 21:00:00+00:00,0.5680340862000005,0.5681342156000005,0.5671620600000005,0.5677735830000004
2026-07-15 22:00:00+00:00,0.5681175366000004,0.5684202996000004,0.5681175366000004,0.5683026888000005
2026-07-15 23:00:00+00:00,0.5682637466000005,0.5685020523000004,0.5682032944000003,0.5682605232000003
2026-07-16 00:00:00+00:00,0.5683510583000004,0.5684321314000004,0.5674963282000003,0.5675868580000004
2026-07-16 01:00:00+00:00,0.5676305250000003,0.5677911385000003,0.5673566274000004,0.5677002311000003
2026-07-16 02:00:00+00:00,0.5677087960000003,0.5683527798000004,0.5675088789000003,0.5682760888000004
2026-07-16 03:00:00+00:00,0.5682799629000004,0.5684841190000003,0.5681946423000004,0.5684834436000004
2026-07-16 04:00:00+00:00,0.5684802100000004,0.5689466826000004,0.5684802100000004,0.5685490850000003
2026-07-16 05:00:00+00:00,0.5684664315000003,0.5685937387000004,0.5682754707000003,0.5683703382000004
2026-07-16 06:00:00+00:00,0.5682736390000004,0.5684896448000004,0.5682040497000004,0.5684896448000004
2026-07-16 07:00:00+00:00,0.5684315206000004,0.5684797300000003,0.5682488581000004,0.5684495274000003
2026-07-16 08:00:00+00:00,0.5685354360000003,0.5691512190000003,0.5685354360000003,0.5690943264000003
2026-07-16 09:00:00+00:00,0.5691198646000004,0.5695853315000005,0.5691198646000004,0.5694169260000004
2026-07-16 10:00:00+00:00,0.5694097806000004,0.5698921509000004,0.5694097806000004,0.5698190155000004
2026-07-16 11:00:00+00:00,0.5697736576000003,0.5698494894000004,0.5692956969000004,0.5695807032000003
2026-07-16 12:00:00+00:00,0.5696794856000003,0.5699235516000003,0.5695292348000003,0.5699235516000003
2026-07-16 13:00:00+00:00,0.5699150996000003,0.5704041883000004,0.5699109326000004,0.5702130428000004
2026-07-16 14:00:00+00:00,0.5701800464000003,0.5712819255000003,0.5701494680000003,0.5708260796000004
2026-07-16 15:00:00+00:00,0.5707630500000004,0.5707630500000004,0.5700543534000003,0.5700846000000003
2026-07-16 16:00:00+00:00,0.5701010661000003,0.5705342782000004,0.5699769669000003,0.5705342782000004
2026-07-16 17:00:00+00:00,0.5704703510000004,0.5705080664000004,0.5700323337000003,0.5700839984000003
2026-07-16 18:00:00+00:00,0.5700680272000003,0.5703294012000003,0.5700293000000004,0.5702239761000003
2026-07-16 19:00:00+00:00,0.5702458480000003,0.5702515875000004,0.5700827808000003,0.5702407900000003
2026-07-16 20:00:00+00:00,0.5701928800000003,0.5703062869000004,0.5701475416000004,0.5701937580000004
2026-07-16 21:00:00+00:00,0.5701618029000003,0.5705904512000004,0.5697148613000004,0.5701323904000004
2026-07-16 22:00:00+00:00,0.5706097776000004,0.5708287838000005,0.5706097776000004,0.5707938960000004
2026-07-16 23:00:00+00:00,0.5707812864000005,0.5709632500000005,0.5707283153000003,0.5709632500000005
2026-07-17 00:00:00+00:00,0.5709506202000004,0.5709506202000004,0.5703307083000005,0.5706504580000005
2026-07-17 01:00:00+00:00,0.5706449775000003,0.5708925844000003,0.5699032498000004,0.5699917548000003
2026-07-17 02:00:00+00:00,0.5698519444000004,0.5700083116000004,0.5696099210000005,0.5697211640000005
2026-07-17 03:00:00+00:00,0.5697600216000004,0.5701509630000005,0.5697246128000004,0.5698359656000005
2026-07-17 04:00:00+00:00,0.5696904384000004,0.5698421352000005,0.5695444839000003,0.5697773325000004
2026-07-17 05:00:00+00:00,0.5697470901000005,0.5698484022000004,0.5692030084000004,0.5694131520000005
2026-07-17 06:00:00+00:00,0.5694189060000004,0.5696901028000004,0.5692903550000005,0.5693637952000005
2026-07-17 07:00:00+00:00,0.5693495583000004,0.5695179242000005,0.5686049888000003,0.5687468215000004
2026-07-17 08:00:00+00:00,0.5688299025000004,0.5689444698000005,0.5673569825000004,0.5673569825000004
2026-07-17 09:00:00+00:00,0.5673641050000005,0.5681612480000005,0.5671903900000005,0.5680062808000004
2026-07-17 10:00:00+00:00,0.5680102620000004,0.5682506424000004,0.5679245286000003,0.5681911001000004
2026-07-17 11:00:00+00:00,0.5680888420000004,0.5680888420000004,0.5676289083000005,0.5679927900000004
2026-07-17 12:00:00+00:00,0.5680419640000004,0.5680419640000004,0.5677297058000005,0.5677490808000004
2026-07-17 13:00:00+00:00,0.5677997715000005,0.5684491778000005,0.5676696270000003,0.5684198196000004
2026-07-17 14:00:00+00:00,0.5686007047000003,0.5686913371000004,0.5681280434000004,0.5681607516000005
2026-07-17 15:00:00+00:00,0.5681746011000004,0.5685701574000004,0.5678973700000004,0.5685059541000004
2026-07-17 16:00:00+00:00,0.5684912928000004,0.5690233644000003,0.5684551950000004,0.5688244494000004
2026-07-17 17:00:00+00:00,0.5688643199000004,0.5690363760000003,0.5687924880000005,0.5688386554000004
2026-07-17 18:00:00+00:00,0.5687874162000004,0.5689301508000005,0.5686884308000004,0.5687878896000004
2026-07-17 19:00:00+00:00,0.5687950212000005,0.5690132894000004,0.5687629920000005,0.5688017930000004
2026-07-17 20:00:00+00:00,0.5687413662000005,0.5688524392000004,0.5680424910000004,0.5680424910000004
2026-07-19 21:00:00+00:00,0.5679217206000005,0.5681452105000004,0.5672769770000005,0.5679389140000002
2026-07-19 22:00:00+00:00,0.5689243336000002,0.5693721600000001,0.5688202542000002,0.5693465670000002
2026-07-19 23:00:00+00:00,0.5693935800000002,0.5696224521000001,0.5693365314000002,0.5695638822000001
2026-07-20 00:00:00+00:00,0.5694791580000002,0.5699892058000001,0.5693200380000001,0.5697340464
2026-07-20 01:00:00+00:00,0.5697209859000001,0.5700482832000001,0.5696827836000001,0.5699048628000001
2026-07-20 02:00:00+00:00,0.5699381778000001,0.5701295856000002,0.5697879795,0.5699524313000002
2026-07-20 03:00:00+00:00,0.5699779364,0.5700377846000001,0.5697183719000001,0.5699502004000001
2026-07-20 04:00:00+00:00,0.5699319390000002,0.5701541076000001,0.5699319390000002,0.5699607057000001
2026-07-20 05:00:00+00:00,0.5699400190000001,0.5699400190000001,0.5695428264000001,0.5697336072000001
2026-07-20 06:00:00+00:00,0.5696978307000001,0.5697385344000001,0.5691781806000001,0.5696468289000001
2026-07-20 07:00:00+00:00,0.5697041792,0.5701380004000002,0.5696485494000001,0.5698093792000001
2026-07-20 08:00:00+00:00,0.5699088304000001,0.5702328963000001,0.5697776265000001,0.5702328963000001
2026-07-20 09:00:00+00:00,0.5701588680000002,0.5709348855,0.5701214136000001,0.5708425712000001
2026-07-20 10:00:00+00:00,0.5707780116000001,0.5713948414000002,0.5707780116000001,0.5713948414000002
2026-07-20 11:00:00+00:00,0.5714163462000001,0.5715733086000001,0.5713348365,0.5715159174000002
2026-07-20 12:00:00+00:00,0.5715661590000002,0.5721274422000001,0.5714099083,0.571896676
2026-07-20 13:00:00+00:00,0.5719134366000002,0.5728472508000001,0.5719134366000002,0.5728472508000001
2026-07-20 14:00:00+00:00,0.5727259860000001,0.5731782480000001,0.5726179808,0.5726179808
2026-07-20 15:00:00+00:00,0.5726554600000001,0.5728114406000001,0.5724496120000001,0.5728026240000001
2026-07-20 16:00:00+00:00,0.5728370643000001,0.5729759784,0.5727138860000001,0.5728442322000001
2026-07-20 17:00:00+00:00,0.5727942888000002,0.5727942888000002,0.5725661064,0.5726826553000002
2026-07-20 18:00:00+00:00,0.572702734,0.5728028636000001,0.5724823412000001,0.5725054844
2026-07-20 19:00:00+00:00,0.5725327325,0.5725327325,0.5723214948,0.5723719050000001
2026-07-20 20:00:00+00:00,0.5723928252000001,0.5724694461000002,0.5716327808000001,0.5716327808000001
2026-07-20 21:00:00+00:00,0.5714531466,0.5721421107000001,0.5709574304000001,0.5719912550000001
2026-07-20 22:00:00+00:00,0.5721755654000001,0.5722041978000002,0.5719138398000001,0.5720240604000002
2026-07-20 23:00:00+00:00,0.5719689495000001,0.5724338496000001,0.5719689495000001,0.5722526178000003
2026-07-21 00:00:00+00:00,0.5721424170000001,0.5728216494000001,0.5721118095000001,0.5726645170000001
2026-07-21 01:00:00+00:00,0.5726733417000002,0.5730245148000002,0.5726455168000001,0.5729818040000001
2026-07-21 02:00:00+00:00,0.5729412800000001,0.5732701800000002,0.5729057100000001,0.5731485948000001
2026-07-21 03:00:00+00:00,0.5731422536000002,0.5732246580000002,0.5729704983000001,0.5730346944000001
2026-07-21 04:00:00+00:00,0.5730388469000001,0.5730984167000002,0.5728483836000001,0.5730071256000001
2026-07-21 05:00:00+00:00,0.5730294570000002,0.5731810880000002,0.5729630436000002,0.5730790572000002
2026-07-21 06:00:00+00:00,0.5730577632000002,0.5735901735000002,0.5729559191000001,0.5735901735000002
2026-07-21 07:00:00+00:00,0.5736374002000001,0.5737589488000001,0.5731634960000002,0.5735863280000001
2026-07-21 08:00:00+00:00,0.5736102920000001,0.5742745920000002,0.5735090169000001,0.5741803914000002
2026-07-21 09:00:00+00:00,0.5741859573000002,0.5742737821000001,0.5739633690000001,0.5740935120000001
2026-07-21 10:00:00+00:00,0.5740559768000002,0.5740559768000002,0.5736357840000001,0.5738433204000001
2026-07-21 11:00:00+00:00,0.5737857640000001,0.5741111676000001,0.5737800849000001,0.5741111676000001
2026-07-21 12:00:00+00:00,0.5740225635000002,0.5742049314000002,0.5738208435000002,0.574082084
2026-07-21 13:00:00+00:00,0.5741290464000001,0.5742690549,0.5737486944000001,0.5737550234000002
2026-07-21 14:00:00+00:00,0.5737760592000002,0.5746788784000001,0.5737136568000001,0.5744147765000002
2026-07-21 15:00:00+00:00,0.5744489082000002,0.5746965625000001,0.5743038896000001,0.5744017870000001
2026-07-21 16:00:00+00:00,0.5744616704000001,0.5744861256000001,0.5741668908000002,0.5744199180000001
2026-07-21 17:00:00+00:00,0.5744410056000001,0.5745400916000001,0.5744253972000002,0.5745189780000002
2026-07-21 18:00:00+00:00,0.5745628320000001,0.5747969376000002,0.5745429188000001,0.5747297490000002
2026-07-21 19:00:00+00:00,0.5746778765000001,0.5748111452000001,0.5742817610000002,0.5743974066000002
2026-07-21 20:00:00+00:00,0.5743556192000002,0.5743656825000002,0.5740509808000002,0.5740509808000002
2026-07-21 21:00:00+00:00,0.5748557886000001,0.5748557886000001,0.5739817008000001,0.5746613608000002
2026-07-21 22:00:00+00:00,0.5747329688000001,0.5751005700000001,0.5747329688000001,0.5750196000000002
2026-07-21 23:00:00+00:00,0.5749588376000002,0.5751170390000001,0.5749245740000002,0.5750582352000002
2026-07-22 00:00:00+00:00,0.5750309061000002,0.5757701918000002,0.5750117968000003,0.5757701918000002
2026-07-22 01:00:00+00:00,0.5758641540000002,0.5758853220000002,0.5756394413000002,0.5757265920000002
2026-07-22 02:00:00+00:00,0.5756525749000002,0.5756525749000002,0.5752491900000002,0.5753902560000002
2026-07-22 03:00:00+00:00,0.5753848142000002,0.5754874653000003,0.5750237448000002,0.5750326425000002
2026-07-22 04:00:00+00:00,0.5750460972000002,0.5752284060000002,0.5750436930000001,0.5751767424000003
2026-07-22 05:00:00+00:00,0.5751847738000002,0.5751847738000002,0.5746791594000003,0.5747718195000001
2026-07-22 06:00:00+00:00,0.5747438268000002,0.5747859222000002,0.5742883839000003,0.5745475008000003
2026-07-22 07:00:00+00:00,0.5745798180000001,0.5747049598000001,0.5743112736000002,0.5743112736000002
2026-07-22 08:00:00+00:00,0.5743462005000002,0.5743468200000001,0.5739641215000003,0.5742365788000002
2026-07-22 09:00:00+00:00,0.5742185397000003,0.5744855998000001,0.5741202260000002,0.5744711112000002
2026-07-22 10:00:00+00:00,0.5745344613000002,0.5746945312000002,0.5743798204000001,0.5744096818000002
2026-07-22 11:00:00+00:00,0.5744499886000003,0.5746903290000002,0.5742622248000002,0.5745533178000002
2026-07-22 12:00:00+00:00,0.5745648309000002,0.5745780794000002,0.5737230115000002,0.5737763351000001
2026-07-22 13:00:00+00:00,0.5738350541000002,0.5744030292000002,0.5738190003000002,0.5743876396000003
2026-07-22 14:00:00+00:00,0.5744221120000003,0.5754145470000003,0.5744112528000002,0.5754145470000003
2026-07-22 15:00:00+00:00,0.5753501205000002,0.5756017347000002,0.5751074426000002,0.5756017347000002
2026-07-22 16:00:00+00:00,0.5755856625000002,0.5758879568000002,0.5754952539000002,0.5758879568000002
2026-07-22 17:00:00+00:00,0.5759066404000002,0.5759066404000002,0.5757610656000003,0.5757610656000003
2026-07-22 18:00:00+00:00,0.5758612328000002,0.5760606648000002,0.5757628592000001,0.5760329276000002
2026-07-22 19:00:00+00:00,0.5760186132000003,0.5761125489000002,0.5759568675000002,0.5759568675000002
2026-07-22 20:00:00+00:00,0.5759979908000001,0.5761965013000001,0.5759550422000002,0.5759559302000002
2026-07-22 21:00:00+00:00,0.5754969238000002,0.5755973952000003,0.5751450950000002,0.5753506902000002
2026-07-22 22:00:00+00:00,0.5757852150000001,0.5757852150000001,0.5753944140000002,0.5754686775000002
2026-07-22 23:00:00+00:00,0.5754239797000001,0.5754946208000001,0.575257725,0.5753167205
2026-07-23 00:00:00+00:00,0.5753032940000001,0.5754622802000001,0.5752398487000001,0.5754604368000001
2026-07-23 01:00:00+00:00,0.5755094758000001,0.5774612060000001,0.5754371140000002,0.5769530820000001
2026-07-23 02:00:00+00:00,0.5769906884000001,0.5773632954000001,0.5768017983000001,0.5769013194000001
2026-07-23 03:00:00+00:00,0.5768269650000001,0.5770123292000001,0.5766796639000001,0.5770123292000001
2026-07-23 04:00:00+00:00,0.5770042936,0.5770042936,0.5766082140000001,0.5766601685000001
2026-07-23 05:00:00+00:00,0.5765921460000001,0.5767399770000001,0.5764693536000001,0.5765347840000001
2026-07-23 06:00:00+00:00,0.5765720916000001,0.5768513235,0.5764855254000001,0.5764855254000001
2026-07-23 07:00:00+00:00,0.5765143569000001,0.5772251083000001,0.5764716405000001,0.5768101872000001
2026-07-23 08:00:00+00:00,0.5767314606,0.5769196926000001,0.5764757111000001,0.5765695860000001
2026-07-23 09:00:00+00:00,0.5765641960000001,0.5767862490000001,0.5763334356,0.5763521974000001
2026-07-23 10:00:00+00:00,0.5762923020000001,0.5766834017000001,0.5762449330000001,0.5765930136
2026-07-23 11:00:00+00:00,0.5765384290000001,0.5769687846000001,0.5765151654000001,0.5768880000000001
2026-07-23 12:00:00+00:00,0.576848482,0.576848482,0.5761573030000001,0.5762082179
2026-07-23 13:00:00+00:00,0.5762234280000001,0.5763473191000001,0.5756676321,0.57576596
2026-07-23 14:00:00+00:00,0.5757362064000001,0.5759689032000002,0.5756288520000001,0.5756288520000001
2026-07-23 15:00:00+00:00,0.5755984472000001,0.5763337844,0.5754377500000001,0.5762581020000002
2026-07-23 16:00:00+00:00,0.5761786632000001,0.5762684112,0.5757255804000001,0.5758633452
2026-07-23 17:00:00+00:00,0.5757748914000002,0.5759310808000001,0.5755077166000001,0.5758695684000001
2026-07-23 18:00:00+00:00,0.5758581336000002,0.5758581336000002,0.5753688060000001,0.5753688060000001
2026-07-23 19:00:00+00:00,0.5753787631000001,0.5753992062000001,0.5750064735000002,0.5752519262000001
2026-07-23 20:00:00+00:00,0.5753320812,0.5754613589000002,0.5752356390000002,0.5753168821000001
2026-07-23 21:00:00+00:00,0.5744643606000001,0.5757608147000001,0.5744643606000001,0.5754709092000001
2026-07-23 22:00:00+00:00,0.575532243,0.5757893343000001,0.575532243,0.575688991
2026-07-23 23:00:00+00:00,0.575700422,0.575792595,0.575660052,0.5757541920000001
2026-07-24 00:00:00+00:00,0.5758820230000001,0.5762152830000001,0.5756732512000001,0.5760573965000001
2026-07-24 01:00:00+00:00,0.5759081160000001,0.5762333520000001,0.5757278175000001,0.5761892994000001
2026-07-24 02:00:00+00:00,0.5760657576000001,0.5766466258000001,0.5760554726,0.5763752634000001
2026-07-24 03:00:00+00:00,0.5764954893,0.5767998213000001,0.5763852256,0.5764464728000002
2026-07-24 04:00:00+00:00,0.5764616868000001,0.5766445118000001,0.576431259,0.5765983485000001
2026-07-24 05:00:00+00:00,0.5765750518000001,0.5768646114000001,0.5765260492000001,0.5765260492000001
2026-07-24 06:00:00+00:00,0.5765896032000001,0.5769366723000001,0.576549029,0.5769366723000001
2026-07-24 07:00:00+00:00,0.5770568540000001,0.5770838549000001,0.5763837153000001,0.5766725245000002
2026-07-24 08:00:00+00:00,0.5766492396,0.577227573,0.5766492396,0.5771542278000001
2026-07-24 09:00:00+00:00,0.5770889572000001,0.5774104893,0.5770262304000001,0.5773940194000001
2026-07-24 10:00:00+00:00,0.5774288733000001,0.5777738880000001,0.5773982320000002,0.5777275023000001
2026-07-24 11:00:00+00:00,0.577706962,0.5780426844000001,0.577582785,0.5779587490000001
2026-07-24 12:00:00+00:00,0.5778471366000001,0.5779792668000001,0.5772029380000001,0.5773057206000001
2026-07-24 13:00:00+00:00,0.577306669,0.5775679440000001,0.5772038856,0.5772409622000001
2026-07-24 14:00:00+00:00,0.5772388062000001,0.5778825850000001,0.5771656724,0.5778825850000001
2026-07-24 15:00:00+00:00,0.5779006146000001,0.5780325132,0.5775774669000001,0.5779609675000001
2026-07-24 16:00:00+00:00,0.577944627,0.5780129058000001,0.5776860772000001,0.5779953816000001
2026-07-24 17:00:00+00:00,0.578017768,0.5783078166000001,0.5779586904000001,0.5782455495000001
2026-07-24 18:00:00+00:00,0.5782698180000001,0.5783089400000001,0.5779571616000001,0.5779742841000001
2026-07-24 19:00:00+00:00,0.5779223814000001,0.577947183,0.5777168874,0.5778577678000001
2026-07-24 20:00:00+00:00,0.5778182644000001,0.5779882332,0.5772566092000001,0.5772566092000001
2026-07-26 21:00:00+00:00,0.5772566092000001,0.5783172633000002,0.5771656724000002,0.5779639760000002
2026-07-26 22:00:00+00:00,0.5780901330000001,0.5784095471000001,0.5779432225000002,0.5780735571000001
2026-07-26 23:00:00+00:00,0.5780612321000002,0.5781378944000002,0.5778889106000001,0.5778889106000001
2026-07-27 00:00:00+00:00,0.5779196402000002,0.5779196402000002,0.5769099390000001,0.5769099390000001
2026-07-27 01:00:00+00:00,0.5768200408000002,0.5771143430000002,0.5767565958000002,0.5770808034000002
2026-07-27 02:00:00+00:00,0.5770537920000001,0.5772549706000002,0.5770110185000001,0.5771895160000001
2026-07-27 03:00:00+00:00,0.5771818386,0.5773513228000001,0.5770702432000001,0.5772733038000001
2026-07-27 04:00:00+00:00,0.5772642725000001,0.5772737225000002,0.5771168640000001,0.5771839214000002
2026-07-27 05:00:00+00:00,0.577264336,0.5777843442000002,0.5772581470000001,0.5777277296000002
2026-07-27 06:00:00+00:00,0.5776747508000002,0.5777256060000002,0.5771960788000001,0.5776205400000001
2026-07-27 07:00:00+00:00,0.5775232819000001,0.5778315530000001,0.5773231450000001,0.5776411744000001
2026-07-27 08:00:00+00:00,0.5777138480000001,0.5778592200000001,0.5775235460000002,0.5776237993000002
2026-07-27 09:00:00+00:00,0.5775329790000001,0.5776196384000001,0.5773743264000002,0.5775348632000001
2026-07-27 10:00:00+00:00,0.5775010296000002,0.5776305535000001,0.5773124851000001,0.5776305535000001
2026-07-27 11:00:00+00:00,0.5776057467000001,0.5778077696000001,0.5773927835000002,0.5775122556000001
2026-07-27 12:00:00+00:00,0.5775146043000001,0.5780884992000002,0.5772124892000001,0.5780884992000002
2026-07-27 13:00:00+00:00,0.5788544955000002,0.5796420211000002,0.5785498888000002,0.5795283304000002
2026-07-27 14:00:00+00:00,0.5794262150000001,0.5794938309000002,0.5789407501000001,0.5794153580000002
2026-07-27 15:00:00+00:00,0.5795092920000001,0.5796080752000001,0.5792020052000001,0.5794205151000001
2026-07-27 16:00:00+00:00,0.5794246818000002,0.5794767960000001,0.5791334120000001,0.5791506240000002
2026-07-27 17:00:00+00:00,0.5791548191000002,0.5794121592000002,0.5790817724000001,0.5794121592000002
2026-07-27 18:00:00+00:00,0.5793776658,0.5793778204000002,0.5792077095000001,0.5793542843000001
2026-07-27 19:00:00+00:00,0.5793174725000002,0.5797781936000002,0.5793174725000002,0.5797567922000001
2026-07-27 20:00:00+00:00,0.5797242846000001,0.5797242846000001,0.5789387697000001,0.5789387697000001
2026-07-27 21:00:00+00:00,0.5795574268000001,0.5799652319000002,0.5791597904000002,0.5795930888000002
2026-07-27 22:00:00+00:00,0.5800181562000002,0.5802757920000001,0.5799692375000002,0.5802107976000002
2026-07-27 23:00:00+00:00,0.5801935176000003,0.5802200250000001,0.5799665432000002,0.5802200250000001
2026-07-28 00:00:00+00:00,0.5802221810000002,0.5802435680000002,0.5795909327000002,0.5799527043000001
2026-07-28 01:00:00+00:00,0.5798976371000002,0.5802839019000002,0.5796923902000002,0.5801411560000002
2026-07-28 02:00:00+00:00,0.5801849547000002,0.5805575658000002,0.5801655408000002,0.5802289768000002
2026-07-28 03:00:00+00:00,0.5801893200000002,0.5802238260000002,0.5792665184000002,0.5793154752000002
2026-07-28 04:00:00+00:00,0.5791874550000001,0.5791874550000001,0.5786182094000002,0.5787940538000002
2026-07-28 05:00:00+00:00,0.5788194480000002,0.5788662214000001,0.5783920740000001,0.5785864419000001
2026-07-28 06:00:00+00:00,0.5784360295000002,0.5790858988000002,0.5782743360000001,0.5789587125000001
2026-07-28 07:00:00+00:00,0.5789942320000001,0.5791642116000002,0.5788394228000001,0.5791545890000003
2026-07-28 08:00:00+00:00,0.5790794416000002,0.5792718294000001,0.5788772790000002,0.5790431788000002
2026-07-28 09:00:00+00:00,0.5790584475000002,0.5793665020000002,0.5790065512000001,0.5790441930000002
2026-07-28 10:00:00+00:00,0.5790197556000002,0.5791794148000002,0.5787924202000002,0.5789822889000003
2026-07-28 11:00:00+00:00,0.5789893976000002,0.5790530529000001,0.5784640599000002,0.5785892490000002
2026-07-28 12:00:00+00:00,0.5787020673000002,0.5793526998000001,0.5787020673000002,0.5789229644000002
2026-07-28 13:00:00+00:00,0.5789168784000002,0.5790584053000001,0.5781709318000001,0.5783997043000002
2026-07-28 14:00:00+00:00,0.5785846827000001,0.5786131348000001,0.5778297000000001,0.5778672846000001
2026-07-28 15:00:00+00:00,0.5780247526000001,0.5782240296000002,0.5778117675000001,0.5782014510000002
2026-07-28 16:00:00+00:00,0.5781697625000002,0.5787432244000001,0.5781697625000002,0.5786822356000001
2026-07-28 17:00:00+00:00,0.5787226796000001,0.5787226796000001,0.5785424272000003,0.5786648856000002
2026-07-28 18:00:00+00:00,0.5786505932000001,0.5789913310000001,0.5785866300000001,0.5789730334000002
2026-07-28 19:00:00+00:00,0.5789882700000002,0.5791703060000002,0.5789647745000003,0.5791703060000002
2026-07-28 20:00:00+00:00,0.5792079340000001,0.5792282694000002,0.5785663599000002,0.5785663599000002
2026-07-28 21:00:00+00:00,0.5783600700000001,0.5783600700000001,0.5772862091000001,0.5774192504000001
2026-07-28 22:00:00+00:00,0.5783255042000001,0.5784667636,0.5782330131000001,0.5784047640000001
2026-07-28 23:00:00+00:00,0.5783894913000001,0.5787707120000001,0.5783864606000001,0.5785114979000001
2026-07-29 00:00:00+00:00,0.5784565215,0.5785928088000001,0.5778043016000001,0.5778043016000001
2026-07-29 01:00:00+00:00,0.5777240628000001,0.5779505853,0.575473247,0.5755705449
2026-07-29 02:00:00+00:00,0.5754395504,0.5761575955,0.5753852676000001,0.575488896
2026-07-29 03:00:00+00:00,0.5755498508000001,0.5756979376,0.5748928728000001,0.5751768024
2026-07-29 04:00:00+00:00,0.575042948,0.5752270654,0.5744940190000001,0.575154108
2026-07-29 05:00:00+00:00,0.5752230275000001,0.5757684219,0.5750882700000001,0.5757491376
2026-07-29 06:00:00+00:00,0.5757694776000001,0.5761130508000001,0.5757035414,0.5759200440000001
2026-07-29 07:00:00+00:00,0.5759585907,0.5761310885,0.575578604,0.57581685
2026-07-29 08:00:00+00:00,0.5757599792000001,0.575964252,0.5756018575000001,0.5756566590000001
2026-07-29 09:00:00+00:00,0.575617878,0.5761716144000001,0.5756060343,0.5760464310000001
2026-07-29 10:00:00+00:00,0.5760298559000001,0.5763894948000001,0.5760018376000001,0.5761232667000001
2026-07-29 11:00:00+00:00,0.5761922738,0.5762951822000001,0.5758662503,0.5760968554000001
2026-07-29 12:00:00+00:00,0.5761524690000001,0.5762975680000001,0.5759003057000001,0.576056962
2026-07-29 13:00:00+00:00,0.576035716,0.5761443347,0.575354358,0.5756753912000001
2026-07-29 14:00:00+00:00,0.5756997536,0.5758714742000001,0.574800264,0.5750416896
2026-07-29 15:00:00+00:00,0.5750048148000001,0.5754035327000001,0.574939222,0.5751631833000002
2026-07-29 16:00:00+00:00,0.5751128844000001,0.575432448,0.5750031404,0.5753846760000001
2026-07-29 17:00:00+00:00,0.5754975744,0.575570997,0.5751908418,0.5751908418
2026-07-29 18:00:00+00:00,0.5752747140000001,0.5761490592,0.5750862540000001,0.5760447156
2026-07-29 19:00:00+00:00,0.5759644308,0.57598753,0.5732497602000001,0.5733959322
2026-07-29 20:00:00+00:00,0.573377588,0.5734561371000001,0.5723554126,0.5724048404000001
2026-07-29 21:00:00+00:00,0.5722828253000001,0.5725523251,0.5716256793,0.5720541632
2026-07-29 22:00:00+00:00,0.5725975906,0.573149304,0.5725667644000001,0.5731147902
2026-07-29 23:00:00+00:00,0.5731367904,0.5732127258,0.5728638148999999,0.5728783158
2026-07-30 00:00:00+00:00,0.57299421,0.5737822056,0.5729757496,0.5735523372
2026-07-30 01:00:00+00:00,0.5735198105,0.574249138,0.5734764462,0.5740334112000001
2026-07-30 02:00:00+00:00,0.5741130999999999,0.574402658,0.5737353374999999,0.5737353374999999
2026-07-30 03:00:00+00:00,0.573827424,0.5739233318,0.5735749964000001,0.5737146272
2026-07-30 04:00:00+00:00,0.5737560832,0.5738612675000001,0.573664788,0.5736731700000001
2026-07-30 05:00:00+00:00,0.5736884268,0.5738752282999999,0.5734393856000001,0.5737349751999999
2026-07-30 06:00:00+00:00,0.573706616,0.5741731721,0.5736774681,0.57410742
2026-07-30 07:00:00+00:00,0.5741272784,0.5751622583,0.5741272784,0.5748946866
2026-07-30 08:00:00+00:00,0.5748460725,0.5750339925,0.5744470375,0.5750146859999999
2026-07-30 09:00:00+00:00,0.5750399769,0.5752453013999999,0.5744523752,0.5745564313999999
2026-07-30 10:00:00+00:00,0.57456221,0.574651191,0.5737599564,0.5739623174999999
2026-07-30 11:00:00+00:00,0.573964655,0.574579196,0.57381757,0.5742358296
2026-07-30 12:00:00+00:00,0.5741048028,0.5741569085999999,0.5735912964000001,0.5739205811
2026-07-30 13:00:00+00:00,0.5738427639,0.573935471,0.5726917559999999,0.5727814785
2026-07-30 14:00:00+00:00,0.5725830578,0.5732560281,0.5714484018,0.5725162951999999
2026-07-30 15:00:00+00:00,0.5724457094999998,0.5726362574999999,0.5722684943999999,0.5724363431999999
2026-07-30 16:00:00+00:00,0.5724361123999999,0.5726736143999999,0.5721051248,0.5721727262999999
2026-07-30 17:00:00+00:00,0.5722079186999999,0.5727521423999999,0.572071862,0.5722736744999999
2026-07-30 18:00:00+00:00,0.5722848913999999,0.572457005,0.5718521308,0.5718521308
2026-07-30 19:00:00+00:00,0.5719054598999999,0.5726491523999999,0.5719054598999999,0.5725527949999999
2026-07-30 20:00:00+00:00,0.572583792,0.5729270449999999,0.5721946567999999,0.5721946567999999
2026-07-30 21:00:00+00:00,0.5716420935,0.5727676120999999,0.5713070300999998,0.5727094655999999
2026-07-30 22:00:00+00:00,0.573035553,0.5732630099999999,0.5729200332000001,0.5732246846999999
2026-07-30 23:00:00+00:00,0.5732274042,0.5733713299999998,0.5731115176999999,0.5732614964999999
2026-07-31 00:00:00+00:00,0.5733406656,0.5741376152,0.5732944502999999,0.5739276533999998
2026-07-31 01:00:00+00:00,0.5739903350999999,0.5740623629999999,0.5733701654999999,0.5740231283999999
2026-07-31 02:00:00+00:00,0.5738667484,0.5740623400999999,0.5734664063999999,0.5740298955999998
2026-07-31 03:00:00+00:00,0.5740319865,0.5742823919,0.5737498837999999,0.5740762709999999
2026-07-31 04:00:00+00:00,0.5741656469999998,0.57462696,0.5740699495999999,0.5744148479999999
2026-07-31 05:00:00+00:00,0.5744177849999998,0.5750542864999999,0.5744177849999998,0.5750525885
2026-07-31 06:00:00+00:00,0.5749534317999999,0.5749534317999999,0.5743435700999999,0.5744356946999999
2026-07-31 07:00:00+00:00,0.5743636289999999,0.5748871869,0.5743177439999999,0.5746594665
2026-07-31 08:00:00+00:00,0.5748012089,0.5753001435999999,0.5748012089,0.574879296
2026-07-31 09:00:00+00:00,0.5747263678,0.57590855,0.5746577883999999,0.5757857249999999
2026-07-31 10:00:00+00:00,0.575871328,0.5760945781999999,0.5756878799999999,0.576070529
2026-07-31 11:00:00+00:00,0.5761298915,0.5763459617999999,0.5755716592999999,0.5756765591999999
2026-07-31 12:00:00+00:00,0.5756991191999999,0.5760418999999999,0.5756215776,0.5757074135999999
2026-07-31 13:00:00+00:00,0.5756850385999999,0.5765903186999999,0.5753649329999999,0.5763705216
2026-07-31 14:00:00+00:00,0.5763580856,0.5763580856,0.5752049088,0.5754018428
2026-07-31 15:00:00+00:00,0.5753953239999999,0.5756027779999999,0.5748786203999999,0.5749187409
2026-07-31 16:00:00+00:00,0.5750316572999999,0.5756850379999999,0.5750316572999999,0.5755398855999999
2026-07-31 17:00:00+00:00,0.5755657080000001,0.5757564494,0.575286789,0.5756131268999999
2026-07-31 18:00:00+00:00,0.5756291702999999,0.5760600786,0.5754615932,0.5759817141999999
2026-07-31 19:00:00+00:00,0.5759897465,0.5762443613999999,0.5758888278,0.575961812
2026-07-31 20:00:00+00:00,0.576024696,0.576341542,0.5740556172,0.5740556172
2026-08-02 21:00:00+00:00,0.5741888399999999,0.5747711544000002,0.5724566678,0.5726715750000002
2026-08-02 22:00:00+00:00,0.5736130400000001,0.5747138856000001,0.5733812608000002,0.5744442912000001
2026-08-02 23:00:00+00:00,0.5744076102000001,0.574595637,0.5741643495000001,0.5743970463000001
2026-08-03 00:00:00+00:00,0.5744937772,0.5744937772,0.573386747,0.5740242375
2026-08-03 01:00:00+00:00,0.5739701800000001,0.5748980851000001,0.5739218982000002,0.5747666680000001
2026-08-03 02:00:00+00:00,0.5747774528,0.5748760410000001,0.5745526072000001,0.5745926524
2026-08-03 03:00:00+00:00,0.5746275248000001,0.574852812,0.5745266705000001,0.574613352
2026-08-03 04:00:00+00:00,0.5745856405,0.5746829640000001,0.5744121075,0.5744121075
2026-08-03 05:00:00+00:00,0.5744432474000001,0.5746034140000001,0.5742545195000001,0.5745452895000002
2026-08-03 06:00:00+00:00,0.5744253688000001,0.5746701488000001,0.5743196224000001,0.5745455308
2026-08-03 07:00:00+00:00,0.5746178755000001,0.5746178755000001,0.5730787953,0.5731671240000001
2026-08-03 08:00:00+00:00,0.5731296480000001,0.5731820549,0.5728129648,0.5728785247000001
2026-08-03 09:00:00+00:00,0.5728572395000001,0.5728572395000001,0.5720264358000001,0.5723074494000001
2026-08-03 10:00:00+00:00,0.5722369688000001,0.5722996121000001,0.5719961476000001,0.5722996121000001
2026-08-03 11:00:00+00:00,0.5721955412000002,0.5725731909000001,0.5721138185000001,0.5721138185000001
2026-08-03 12:00:00+00:00,0.5720603316,0.5722254458000001,0.5719097832000001,0.572066768
2026-08-03 13:00:00+00:00,0.5719358825,0.5721737736000001,0.5711326236000001,0.5712550740000001
2026-08-03 14:00:00+00:00,0.571672766,0.5730110991,0.57150319,0.5730110991
2026-08-03 15:00:00+00:00,0.5730847564000001,0.5736652669000001,0.5730847564000001,0.5732819716
2026-08-03 16:00:00+00:00,0.5732389167000002,0.5734466676000001,0.573143571,0.5733511504000001
2026-08-03 17:00:00+00:00,0.5732782517000001,0.5734244208000001,0.5731541475,0.5732722350000001
2026-08-03 18:00:00+00:00,0.5732722350000001,0.5732722350000001,0.5727548043000001,0.572894707
2026-08-03 19:00:00+00:00,0.5729002636000001,0.5730587674000001,0.5727049692000001,0.5729891200000001
2026-08-03 20:00:00+00:00,0.5730176000000001,0.5732395709000001,0.5727451912000001,0.5727451912000001
2026-08-03 21:00:00+00:00,0.5725818240000001,0.573065888,0.5723196072000001,0.5725604605000001
2026-08-03 22:00:00+00:00,0.5731361655,0.5732389167000002,0.5730132628000001,0.5730299832000001
2026-08-03 23:00:00+00:00,0.5730442228000001,0.573137976,0.5729148342000001,0.5731029686000002
2026-08-04 00:00:00+00:00,0.5730355224000001,0.5732674352000001,0.5728971903000001,0.573171768
2026-08-04 01:00:00+00:00,0.5731317905000001,0.5740863347000001,0.5730231644,0.5740863347000001
2026-08-04 02:00:00+00:00,0.5740470120000001,0.5744657492000002,0.5739507400000001,0.5744657492000002
2026-08-04 03:00:00+00:00,0.5745037506000001,0.5748360814000001,0.5744875024000001,0.5748064609000001
2026-08-04 04:00:00+00:00,0.5747958279000002,0.5748295401000002,0.5745723984000001,0.5746869130000002
2026-08-04 05:00:00+00:00,0.5746528944,0.5748474711000001,0.5745815054000001,0.5748037240000001
2026-08-04 06:00:00+00:00,0.5748180020000001,0.5749047480000001,0.5742117984,0.5743424346000001
2026-08-04 07:00:00+00:00,0.5744051840000002,0.5748002334000001,0.5743563013000001,0.5746099119000001
2026-08-04 08:00:00+00:00,0.5746243388000001,0.5750981241000002,0.5746013619000001,0.5749785036
2026-08-04 09:00:00+00:00,0.5749025436,0.5753165700000001,0.5747997245000002,0.5753165700000001
2026-08-04 10:00:00+00:00,0.5753273231000001,0.5755929688,0.5752710400000002,0.5755276968000002
2026-08-04 11:00:00+00:00,0.5755053290000002,0.5755571808000002,0.5747568728000001,0.5748571143000002
2026-08-04 12:00:00+00:00,0.5748293860000001,0.5750163575000001,0.5745945124,0.5749088657000001
2026-08-04 13:00:00+00:00,0.5749349112000001,0.5754284304000001,0.5746768920000002,0.5747591096000001
2026-08-04 14:00:00+00:00,0.5747404203,0.5753374200000001,0.5747404203,0.5752740092
2026-08-04 15:00:00+00:00,0.5752507788000001,0.5755694784000001,0.5752199543000001,0.5754039762000002
2026-08-04 16:00:00+00:00,0.5754862377000001,0.5762386656,0.5754862377000001,0.5762386656
2026-08-04 17:00:00+00:00,0.5761849050000001,0.576408596,0.5761213535,0.5762296400000001
2026-08-04 18:00:00+00:00,0.5762072723000001,0.5763011840000001,0.575995035,0.57615444
2026-08-04 19:00:00+00:00,0.5761401078000001,0.5763814981000001,0.5761060233,0.5762591394000001
2026-08-04 20:00:00+00:00,0.5761811799000001,0.5763000320000001,0.5759698636000001,0.5759698636000001
2026-08-04 21:00:00+00:00,0.5759839930000001,0.5762176130000001,0.5753896616000002,0.5760025557
2026-08-04 22:00:00+00:00,0.5762315167000002,0.5766993666000001,0.5762171849000001,0.5766993666000001
2026-08-04 23:00:00+00:00,0.5766869472000001,0.5768546059000002,0.5764606812,0.5764606812
2026-08-05 00:00:00+00:00,0.5765197698000001,0.5768004816000001,0.5760230100000001,0.576060894
2026-08-05 01:00:00+00:00,0.5760655500000001,0.5762718832000001,0.5759744341,0.5761199598000001
2026-08-05 02:00:00+00:00,0.5761119177000001,0.5762046027000001,0.5755487936000001,0.575793945
2026-08-05 03:00:00+00:00,0.5757632963000001,0.5758720282,0.5755874860000001,0.5757002373000001
2026-08-05 04:00:00+00:00,0.5757518599000001,0.5761904128,0.5757518599000001,0.5759700672000001
2026-08-05 05:00:00+00:00,0.575937295,0.5759581422000002,0.5757320316000001,0.5758501788
2026-08-05 06:00:00+00:00,0.5758877508000001,0.5760834129000001,0.5756750025000001,0.5756750025000001
2026-08-05 07:00:00+00:00,0.5756534940000001,0.5765563286000001,0.5756534940000001,0.5765384886000001
2026-08-05 08:00:00+00:00,0.5764720640000002,0.5768873753000001,0.5762670000000001,0.5767038438000001
2026-08-05 09:00:00+00:00,0.5766956361000002,0.5768003692000001,0.5763328620000001,0.5765377585
2026-08-05 10:00:00+00:00,0.5765727120000002,0.5766572448000001,0.5764336328000002,0.5764532106
2026-08-05 11:00:00+00:00,0.5763895370000001,0.5764706091000001,0.5760715246000001,0.5763059185000001
2026-08-05 12:00:00+00:00,0.5763602208,0.5768154720000002,0.5763565152000001,0.5767731200000001
2026-08-05 13:00:00+00:00,0.5767453260000001,0.5767610958,0.5758742892000001,0.5762286090000001
2026-08-05 14:00:00+00:00,0.5762305688000001,0.5765880606000001,0.575631285,0.5757545580000002
2026-08-05 15:00:00+00:00,0.5757110448000001,0.5760425338000001,0.5756316905000001,0.5757598898000001
2026-08-05 16:00:00+00:00,0.5758034745,0.5760610551000002,0.5757796800000001,0.5759635210000001
2026-08-05 17:00:00+00:00,0.5759669526000001,0.5760622120000001,0.5757674832,0.5759943508
2026-08-05 18:00:00+00:00,0.5760319365000001,0.5760729400000001,0.5759554614000001,0.5760294144000001
2026-08-05 19:00:00+00:00,0.5760792256000001,0.5763140640000001,0.5758473762000001,0.5758473762000001
2026-08-05 20:00:00+00:00,0.5757689016,0.5760159075000001,0.5757562420000001,0.5758313946000001
2026-08-05 21:00:00+00:00,0.5756355002000001,0.5756355002000001,0.5746109474,0.5750969279999999
2026-08-05 22:00:00+00:00,0.5756346539999999,0.5757511839999999,0.5755286723999999,0.5756409919
2026-08-05 23:00:00+00:00,0.5756633669999999,0.5756633669999999,0.575374643,0.5753893991999999
2026-08-06 00:00:00+00:00,0.575356075,0.5755505945,0.5751534923999999,0.5752906092
2026-08-06 01:00:00+00:00,0.5752302107999999,0.5753783105,0.5750053388999999,0.5750639496
2026-08-06 02:00:00+00:00,0.5751866606999999,0.5752701296999999,0.574954275,0.5750644185
2026-08-06 03:00:00+00:00,0.5751066304,0.5751066304,0.5748396196999999,0.5749763179999999
2026-08-06 04:00:00+00:00,0.5749083949999999,0.5751233809999999,0.5748270329999999,0.5750918414999999
2026-08-06 05:00:00+00:00,0.5750909835999999,0.5751827119999999,0.57485793,0.5750631746999999
2026-08-06 06:00:00+00:00,0.5750430678999999,0.575306,0.5749404095999999,0.5753058327999999
2026-08-06 07:00:00+00:00,0.5753236467999999,0.5754304972000001,0.5751185621999999,0.575222404
2026-08-06 08:00:00+00:00,0.5751955351999999,0.5757806394999999,0.5750815958999999,0.5757322415999999
2026-08-06 09:00:00+00:00,0.5756796497999999,0.5762008512,0.5755159602,0.5761910366999999
2026-08-06 10:00:00+00:00,0.576166899,0.5762995,0.5759457896999999,0.5762160585999999
2026-08-06 11:00:00+00:00,0.5761336481999999,0.5764255214999999,0.5759416632,0.5764236749999999
2026-08-06 12:00:00+00:00,0.5764343774999999,0.5764578321,0.5760794359999999,0.57612149
2026-08-06 13:00:00+00:00,0.5760963824999998,0.5760963824999998,0.5756752079999999,0.5757266778
2026-08-06 14:00:00+00:00,0.5757837214,0.576668169,0.575652438,0.576668169
2026-08-06 15:00:00+00:00,0.5767693161999999,0.578081856,0.5765402219,0.5774828804
2026-08-06 16:00:00+00:00,0.5774002079999999,0.5775388189999999,0.5772041552,0.5773975729
2026-08-06 17:00:00+00:00,0.5773906555,0.5778123135,0.5773055363999999,0.5775410726999999
2026-08-06 18:00:00+00:00,0.5776287474999999,0.5776675072,0.5773710444,0.5774079401999999
2026-08-06 19:00:00+00:00,0.5774196913,0.5776242629999999,0.5773904221999999,0.5774713925
2026-08-06 20:00:00+00:00,0.5774723135999998,0.5775670654,0.5768192819999999,0.5768192819999999
2026-08-06 21:00:00+00:00,0.5767229649999999,0.5773159008,0.5762871199999999,0.5769065063999999
2026-08-06 22:00:00+00:00,0.5774809930999999,0.5777566804,0.5773703187,0.5775254536
2026-08-06 23:00:00+00:00,0.5775658495999999,0.5777288824999999,0.5774713368,0.5776580377999999
2026-08-07 00:00:00+00:00,0.577717497,0.5778234567,0.5774735354,0.5775885413999999
2026-08-07 01:00:00+00:00,0.5775726959999999,0.577597556,0.5772231149999999,0.5773884141999999
2026-08-07 02:00:00+00:00,0.5773716225,0.577439674,0.5769816906,0.5770944465
2026-08-07 03:00:00+00:00,0.5771068574999999,0.5772681096,0.577045032,0.5771476019999999
2026-08-07 04:00:00+00:00,0.5771494719999999,0.5775018399999999,0.5771314439999999,0.5772964339999999
2026-08-07 05:00:00+00:00,0.5772973682,0.5775021470999999,0.5772389424,0.5774285031999999
2026-08-07 06:00:00+00:00,0.5773088628999999,0.5773664344,0.5770878035999999,0.5773424375999999
2026-08-07 07:00:00+00:00,0.5773048375,0.5774886671999999,0.5771359563999999,0.5772580895999999
2026-08-07 08:00:00+00:00,0.5772250599999998,0.5773540017,0.5769433047999999,0.5771725164
2026-08-07 09:00:00+00:00,0.5771099319999999,0.5771368504,0.5767281544,0.5768480745
2026-08-07 10:00:00+00:00,0.576869553,0.5769017552999999,0.5763567552,0.5764058988999999
2026-08-07 11:00:00+00:00,0.5764533785999999,0.5768346527999999,0.5763827343,0.5767165152
2026-08-07 12:00:00+00:00,0.5767317348,0.5770517863999999,0.576439364,0.5766455973999999
2026-08-07 13:00:00+00:00,0.5765989622,0.5770142419999998,0.5764052504999999,0.5767717955999999
2026-08-07 14:00:00+00:00,0.5768343616,0.5770172723999999,0.5766164268999999,0.5769449403
2026-08-07 15:00:00+00:00,0.5769247934999999,0.5769247934999999,0.5764395056,0.5767838720999999
2026-08-07 16:00:00+00:00,0.5767416308,0.5768904141,0.5766609573999999,0.5768904141
2026-08-07 17:00:00+00:00,0.5768316624,0.5770712928,0.5768316624,0.5770332670999999
2026-08-07 18:00:00+00:00,0.5770552434999999,0.5771118752,0.576912714,0.5770492784
2026-08-07 19:00:00+00:00,0.5770725229999999,0.5772427982999999,0.5770351872,0.5771735342999998
2026-08-07 20:00:00+00:00,0.5771870712,0.5772851603,0.5766694062,0.5766694062
2026-08-09 21:00:00+00:00,0.5766694062,0.5766694062,0.574280564,0.5751770793999998
2026-08-09 22:00:00+00:00,0.5762507849999998,0.5765846234999998,0.5762507849999998,0.5763241613999999
2026-08-09 23:00:00+00:00,0.5762954105999999,0.5763717142999998,0.5760684125999999,0.5760684125999999
2026-08-10 00:00:00+00:00,0.5760529781999999,0.5765547629999997,0.5760274879999999,0.5760755971999999
2026-08-10 01:00:00+00:00,0.5759738643999999,0.5765673808999999,0.5759728080999998,0.5765673808999999
2026-08-10 02:00:00+00:00,0.5765162385999999,0.5766290559999998,0.5764479819999998,0.5764479819999998
2026-08-10 03:00:00+00:00,0.5763909687999998,0.5765481462999998,0.5762351249999998,0.5765012477999998
2026-08-10 04:00:00+00:00,0.5765037857999998,0.5766148907999998,0.5763584449999999,0.5765667311999998
2026-08-10 05:00:00+00:00,0.5765849043999999,0.5770725229999999,0.5765849043999999,0.5770146967999998
2026-08-10 06:00:00+00:00,0.5769610287999998,0.5771015039999999,0.5764723616999998,0.5765235155999998
2026-08-10 07:00:00+00:00,0.5765721779999998,0.5766703252999998,0.5758252879999999,0.5759371307999999
2026-08-10 08:00:00+00:00,0.5759882967999997,0.5766796676999999,0.5759284341999998,0.5765635371999999
2026-08-10 09:00:00+00:00,0.5765464424999999,0.5765464424999999,0.5761167953999998,0.5762688650999999
2026-08-10 10:00:00+00:00,0.5762367926999998,0.5766465636999999,0.5761007888999998,0.5766402057999999
2026-08-10 11:00:00+00:00,0.5766371698999998,0.5766515496999999,0.5763108477999999,0.5763738530999999
2026-08-10 12:00:00+00:00,0.5763806999999999,0.5764483847999999,0.5760302987999999,0.5764483847999999
2026-08-10 13:00:00+00:00,0.5764399682999999,0.5768504311999999,0.5762519987999998,0.5768504311999999
2026-08-10 14:00:00+00:00,0.5768986399999999,0.5769181263999998,0.5764335071999999,0.5764335071999999
2026-08-10 15:00:00+00:00,0.5764436887999999,0.5770476384999998,0.5764436887999999,0.5767697987999999
2026-08-10 16:00:00+00:00,0.5767739797999999,0.5769364667999999,0.5766781776,0.5769140684999998
2026-08-10 17:00:00+00:00,0.5769419543999998,0.5770389988999999,0.5767686865999999,0.5767686865999999
2026-08-10 18:00:00+00:00,0.5768025459999998,0.5770410519999999,0.5767405134999998,0.5769699087999999
2026-08-10 19:00:00+00:00,0.5769630407999998,0.5770669781999999,0.5767859222999998,0.5767948185999998
2026-08-10 20:00:00+00:00,0.5767480124999999,0.5769018941999998,0.5766857481999998,0.5767440177999998
2026-08-10 21:00:00+00:00,0.5759795627999998,0.5764343424,0.5759795627999998,0.5761531411999999
2026-08-10 22:00:00+00:00,0.576561475,0.5767290880999999,0.576561475,0.5766963635
2026-08-10 23:00:00+00:00,0.5767767224999999,0.5767839,0.576370632,0.5764429344
2026-08-11 00:00:00+00:00,0.576440047,0.5766374519999999,0.576379213,0.5763809268
2026-08-11 01:00:00+00:00,0.5763255573,0.5767589282,0.5762380599999999,0.5766497594
2026-08-11 02:00:00+00:00,0.576623096,0.576903336,0.576623096,0.5767152641
2026-08-11 03:00:00+00:00,0.5767454342,0.5769343276,0.5767454342,0.5769013194
2026-08-11 04:00:00+00:00,0.57689874,0.5770829411999999,0.5758309411,0.576264403
2026-08-11 05:00:00+00:00,0.5762029423999999,0.5769969128,0.5756679472,0.576778452
2026-08-11 06:00:00+00:00,0.5767675524,0.5770998222,0.5767675524,0.576856355
2026-08-11 07:00:00+00:00,0.5768133194,0.5769382844,0.5765938073999999,0.5767561482
2026-08-11 08:00:00+00:00,0.5767364019,0.577174176,0.5767364019,0.5770715329999999
2026-08-11 09:00:00+00:00,0.5770062952,0.5774074385,0.5770062952,0.5773905179
2026-08-11 10:00:00+00:00,0.5774246664,0.5777220858,0.5772435110999999,0.5777022672
2026-08-11 11:00:00+00:00,0.5777286690000001,0.5777334048,0.5773746663999999,0.5777051328
2026-08-11 12:00:00+00:00,0.5777375799,0.5777620779,0.5773876662,0.577745322
2026-08-11 13:00:00+00:00,0.5776431984,0.5779083775999999,0.5774601536,0.5777384375
2026-08-11 14:00:00+00:00,0.5778712205,0.5782167504,0.5777381379,0.5777381379
2026-08-11 15:00:00+00:00,0.5777711628,0.5779140648,0.5775870554999999,0.5776870415
2026-08-11 16:00:00+00:00,0.5777284037,0.577999312,0.5776853159,0.577999312
2026-08-11 17:00:00+00:00,0.5780539168,0.5782384845,0.5779955925,0.5781346704
2026-08-11 18:00:00+00:00,0.5781696928,0.5782227488999999,0.5772641742,0.5776797720000001
2026-08-11 19:00:00+00:00,0.5777254503,0.5779455754999999,0.5775345086,0.5775345086
2026-08-11 20:00:00+00:00,0.5775910972,0.5778892416,0.5770545578,0.5770545578
2026-08-11 21:00:00+00:00,0.5772928806000001,0.5780715924000001,0.5768954746,0.5778640174
2026-08-11 22:00:00+00:00,0.5784121659,0.5787125604,0.57820171,0.5786111165000001
2026-08-11 23:00:00+00:00,0.5785958784,0.5788085688000001,0.578561918,0.5786964488
2026-08-12 00:00:00+00:00,0.5787745950000001,0.5791785484,0.5787512977,0.5790931292000001
2026-08-12 01:00:00+00:00,0.5790529963000001,0.5791015220000001,0.5785656862,0.5786687104000001
2026-08-12 02:00:00+00:00,0.5786052168000001,0.5787046044,0.5784376956,0.5786993058
2026-08-12 03:00:00+00:00,0.5787056001,0.5789102847,0.5786904588,0.5789102847
2026-08-12 04:00:00+00:00,0.5788618869000001,0.579028726,0.578803641,0.5788834158
2026-08-12 05:00:00+00:00,0.5788933134,0.579178332,0.5788565822,0.5791648599000001
2026-08-12 06:00:00+00:00,0.5792455269000001,0.5792455269000001,0.5786194629,0.5788219983
2026-08-12 07:00:00+00:00,0.5790425816,0.579296025,0.5790425816,0.5792045015
2026-08-12 08:00:00+00:00,0.5792188569,0.5796136062,0.5791650795,0.579601035
2026-08-12 09:00:00+00:00,0.5796081766,0.5799032148000001,0.5792636388,0.5797963345
2026-08-12 10:00:00+00:00,0.579909421,0.5800833285,0.579777536,0.5798968218000001
2026-08-12 11:00:00+00:00,0.5799228032000001,0.5799228032000001,0.5794013092,0.5795039665
2026-08-12 12:00:00+00:00,0.5795131299,0.580104618,0.5793797359,0.5796953575
2026-08-12 13:00:00+00:00,0.5796839746,0.5805631560000001,0.5796251648,0.5803729065000001
2026-08-12 14:00:00+00:00,0.580306365,0.5804636200000001,0.5796394848,0.5796732118
2026-08-12 15:00:00+00:00,0.5796037632000001,0.5800853405,0.5795318591999999,0.5796445018
2026-08-12 16:00:00+00:00,0.5797680553000001,0.58008816,0.5796357588000001,0.5799509088
2026-08-12 17:00:00+00:00,0.5799678744000001,0.5803944670000001,0.5799678744000001,0.5803944670000001
2026-08-12 18:00:00+00:00,0.5804474110000001,0.5805641756,0.5803253076,0.5804734635000001
2026-08-12 19:00:00+00:00,0.5804824675,0.580627938,0.5803720354,0.580627938
2026-08-12 20:00:00+00:00,0.5806432044000001,0.5806432044000001,0.5798998368,0.5798998368
2026-08-12 21:00:00+00:00,0.5796611788,0.5801960315999999,0.5788581975000001,0.5798092282999999
2026-08-12 22:00:00+00:00,0.5804690015999999,0.580544426,0.5804519189999998,0.5804833705999999
2026-08-12 23:00:00+00:00,0.5804681063999999,0.5805713639999998,0.5803594607999998,0.5804070169999999
2026-08-13 00:00:00+00:00,0.5804096983999998,0.5804733185999997,0.5799205126999998,0.5799482855999998
2026-08-13 01:00:00+00:00,0.5798773550999999,0.5802309125999998,0.5797365499999998,0.5801196270999998
2026-08-13 02:00:00+00:00,0.5800693859999998,0.5801157209999999,0.5798884043999999,0.5800725556999997
2026-08-13 03:00:00+00:00,0.5800177787999998,0.5800985111999998,0.5796691679999998,0.5798779831999998
2026-08-13 04:00:00+00:00,0.5799057383999997,0.5799947206999998,0.5796317977999997,0.5796317977999997
2026-08-13 05:00:00+00:00,0.5796362256999998,0.5798732826999998,0.5794350349999998,0.5796192839999998
2026-08-13 06:00:00+00:00,0.5795432579999997,0.5798987567999998,0.5795432579999997,0.5796845843999998
2026-08-13 07:00:00+00:00,0.5797437741999998,0.5798049482999998,0.5789335754999998,0.5790240655999999
2026-08-13 08:00:00+00:00,0.5790258781999998,0.5790749584999998,0.5787471047999998,0.5789182569999998
2026-08-13 09:00:00+00:00,0.5788824821999997,0.5792860871999997,0.5786342710999998,0.5791846946999999
2026-08-13 10:00:00+00:00,0.5791695041999998,0.5792843489999998,0.5785776499999998,0.5788547604999998
2026-08-13 11:00:00+00:00,0.5787588071999997,0.5790772079999998,0.5786799647999998,0.5790395428999997
2026-08-13 12:00:00+00:00,0.5791014085999998,0.5795902985999998,0.5789937897999998,0.5793407533999998
2026-08-13 13:00:00+00:00,0.5792640887999998,0.5796072845999998,0.5792161445999998,0.5793633047999998
2026-08-13 14:00:00+00:00,0.5794035022999998,0.5796709715999998,0.5791170423999998,0.5794530909999999
2026-08-13 15:00:00+00:00,0.5795203983999998,0.5797545029999999,0.5792721533999998,0.5797096359999998
2026-08-13 16:00:00+00:00,0.5797652717999997,0.5800722047999998,0.5797482204999997,0.5800398923999999
2026-08-13 17:00:00+00:00,0.5800012929999998,0.5801574596999999,0.5800012929999998,0.5800344035999998
2026-08-13 18:00:00+00:00,0.5800128713999998,0.5804014464999998,0.5799410973999998,0.5804014464999998
2026-08-13 19:00:00+00:00,0.5803951751999998,0.5810909667999998,0.5803610189999998,0.5810909667999998
2026-08-13 20:00:00+00:00,0.5811242475999998,0.5811870539999998,0.5805972461999999,0.5805972461999999
2026-08-13 21:00:00+00:00,0.5799329649999999,0.5801295199999997,0.5793202629999998,0.5799203584999998
2026-08-13 22:00:00+00:00,0.5803666175999997,0.5805453250999998,0.5803091711999998,0.5805058139999998
2026-08-13 23:00:00+00:00,0.5805282667999998,0.5807276227999999,0.5804815679999998,0.5806908029999999
2026-08-14 00:00:00+00:00,0.5807177468999999,0.5808093463999998,0.5802257009999998,0.5802364700999998
2026-08-14 01:00:00+00:00,0.5802562231999998,0.5805820887999998,0.5801116799999999,0.5801663132999999
2026-08-14 02:00:00+00:00,0.5802346351999998,0.5802346351999998,0.5799474113999998,0.5800684811999999
2026-08-14 03:00:00+00:00,0.5799912822,0.5802634052999999,0.5799374849999999,0.5802400647999998
2026-08-14 04:00:00+00:00,0.580201464,0.5803136738999999,0.5801206583999999,0.5801870639999999
2026-08-14 05:00:00+00:00,0.5802202652999999,0.5804794499999999,0.5800263578999999,0.5804794499999999
2026-08-14 06:00:00+00:00,0.5804031344999999,0.5807768531999998,0.5803645353999999,0.5806492287999999
2026-08-14 07:00:00+00:00,0.5806123959999998,0.5810945834999999,0.5805808829999999,0.5809426449999998
2026-08-14 08:00:00+00:00,0.5808669021999998,0.5812824919999999,0.5808097679999998,0.5809767167999998
2026-08-14 09:00:00+00:00,0.5809621888,0.5809621888,0.5807024809999999,0.5808251399999999
2026-08-14 10:00:00+00:00,0.5808440996999998,0.5811930164999999,0.5808244474999998,0.5808367114999998
2026-08-14 11:00:00+00:00,0.5808626729999998,0.5808626729999998,0.5803837967999999,0.5805010889999999
2026-08-14 12:00:00+00:00,0.5804036913999999,0.5804702255999998,0.5800857651999999,0.5803481375999998
2026-08-14 13:00:00+00:00,0.5803291019999998,0.5808101921999999,0.5803291019999998,0.5806131275999998
2026-08-14 14:00:00+00:00,0.5805787471999998,0.5810720669999999,0.5805787471999998,0.5809859832
2026-08-14 15:00:00+00:00,0.5810071499999999,0.5812167090999999,0.5808553218999999,0.5810326892999998
2026-08-14 16:00:00+00:00,0.5810755157999999,0.5812463771999999,0.5810369207999998,0.5811950819999998
2026-08-14 17:00:00+00:00,0.5812034480999999,0.5816191159999998,0.5812034480999999,0.5814139743999999
2026-08-14 18:00:00+00:00,0.5813727349999999,0.5814423039999999,0.5812295853999998,0.5814298849999998
2026-08-14 19:00:00+00:00,0.5814647825999999,0.5818544171999999,0.5814272743999999,0.5817092161999999
2026-08-14 20:00:00+00:00,0.5816913299999998,0.5818498289999998,0.5811181599999999,0.5811181599999999
2026-08-16 21:00:00+00:00,0.5811181599999999,0.5811746324999999,0.580361118,0.5807203836
2026-08-16 22:00:00+00:00,0.581886806,0.5820954816,0.5817905604,0.5818463406000001
2026-08-16 23:00:00+00:00,0.5818751569999999,0.5818803908,0.5814824975999999,0.5814960260999998
2026-08-17 00:00:00+00:00,0.581626738,0.5817647715,0.5814013832,0.5814358946
2026-08-17 01:00:00+00:00,0.5814249071999998,0.5819003242,0.5812126222,0.5817891
2026-08-17 02:00:00+00:00,0.5817916607999999,0.5817916607999999,0.5814291892,0.581454944
2026-08-17 03:00:00+00:00,0.5815076332999999,0.581946624,0.5814681594,0.5819160631999999
2026-08-17 04:00:00+00:00,0.5819360165999999,0.5822236924,0.5818897377,0.5820272639999999
2026-08-17 05:00:00+00:00,0.5819623056,0.5828811883999999,0.5819240657999999,0.5827344217999999
2026-08-17 06:00:00+00:00,0.5827983314999999,0.5831125382,0.5826215621999999,0.5830659627999999
2026-08-17 07:00:00+00:00,0.5829724399999999,0.5831526848,0.5810054410000001,0.5811938503999999
2026-08-17 08:00:00+00:00,0.5809962568,0.5817575027999999,0.5805760219999999,0.5816738985
2026-08-17 09:00:00+00:00,0.5817052248,0.5826591249999999,0.581527595,0.5825810845999999
2026-08-17 10:00:00+00:00,0.582647065,0.583075146,0.5825617811999999,0.5830493149999999
2026-08-17 11:00:00+00:00,0.5831330240999999,0.5831483761999999,0.5826695936999999,0.5826921228
2026-08-17 12:00:00+00:00,0.5825883321999998,0.582715188,0.5820719179999999,0.5820719179999999
2026-08-17 13:00:00+00:00,0.5820831743999999,0.5821193625,0.5811112784999999,0.5812181551999999
2026-08-17 14:00:00+00:00,0.5813700187999999,0.5818145859999999,0.5811241443999999,0.5813689085999999
2026-08-17 15:00:00+00:00,0.581319128,0.5816677103999999,0.581315868,0.5814597243999999
2026-08-17 16:00:00+00:00,0.5815231463999999,0.5818058669999999,0.5814724215,0.58178172
2026-08-17 17:00:00+00:00,0.5817978179999999,0.582137038,0.5817769537999999,0.5821264544
2026-08-17 18:00:00+00:00,0.5821672535,0.582169036,0.5820009306999999,0.5820009306999999
2026-08-17 19:00:00+00:00,0.5820200463999999,0.582073956,0.5817190427999999,0.5817654144
2026-08-17 20:00:00+00:00,0.581767086,0.5818509018,0.5816087705999999,0.5816087705999999
2026-08-17 21:00:00+00:00,0.582644178,0.582724899,0.5820029990000001,0.5823231856000001
2026-08-17 22:00:00+00:00,0.5829096495,0.5831127537,0.5828293814000001,0.583066866
2026-08-17 23:00:00+00:00,0.5830167096000001,0.5831276502,0.5829080035,0.5830448025
2026-08-18 00:00:00+00:00,0.5830932315,0.5834047142000001,0.5829950852,0.5831977625
2026-08-18 01:00:00+00:00,0.5831913858,0.5833456509,0.583150487,0.5832134634
2026-08-18 02:00:00+00:00,0.5832695316000001,0.583492274,0.5832061488,0.5834370094
2026-08-18 03:00:00+00:00,0.5834102437,0.5834752750000001,0.5831590128,0.5832640632
2026-08-18 04:00:00+00:00,0.5832449963999999,0.583374359,0.5830109595,0.5831927875
2026-08-18 05:00:00+00:00,0.5831659372000001,0.5831659372000001,0.5828637625,0.583098986
2026-08-18 06:00:00+00:00,0.5830666612,0.583335612,0.5828310528,0.5829942087000001
2026-08-18 07:00:00+00:00,0.5829419715999999,0.5831543808,0.58258376,0.5829646925
2026-08-18 08:00:00+00:00,0.5830071372,0.5834759788,0.5829591936,0.5832654633
2026-08-18 09:00:00+00:00,0.583352952,0.5838479675,0.5833290243,0.5838173559000001
2026-08-18 10:00:00+00:00,0.5838956,0.584167647,0.583826294,0.583990857
2026-08-18 11:00:00+00:00,0.5839972139,0.5844759232,0.5839972139,0.5844643328
2026-08-18 12:00:00+00:00,0.584538625,0.5846883263999999,0.584417202,0.584417202
2026-08-18 13:00:00+00:00,0.5844160023,0.5849050801000001,0.5840887040999999,0.5843494376
2026-08-18 14:00:00+00:00,0.5842443915,0.5843064657,0.5830103673000001,0.5831373452999999
2026-08-18 15:00:00+00:00,0.5832282639999999,0.5834664495,0.5830823349,0.5830823349
2026-08-18 16:00:00+00:00,0.5831162,0.5831162,0.58239767,0.582670468
2026-08-18 17:00:00+00:00,0.5826372552,0.5827312832,0.582396932,0.582396932
2026-08-18 18:00:00+00:00,0.5824105658,0.5824600860000001,0.582175043,0.5824053321
2026-08-18 19:00:00+00:00,0.5824054077999999,0.582518231,0.5823566124999999,0.5824611485
2026-08-18 20:00:00+00:00,0.5824737651,0.582511545,0.5822251049999999,0.5822251049999999
2026-08-18 21:00:00+00:00,0.5818616813,0.582141336,0.5814973248,0.5819997123999999
2026-08-18 22:00:00+00:00,0.5823016639999999,0.5825024037000001,0.5822865832999999,0.5823216904
2026-08-18 23:00:00+00:00,0.5823045363,0.5823335835,0.5820106956,0.5820115224
2026-08-19 00:00:00+00:00,0.5819405808,0.582176595,0.5814535056,0.5814535056
2026-08-19 01:00:00+00:00,0.5816188578,0.5818435616,0.581299833,0.5813662659
2026-08-19 02:00:00+00:00,0.5814318324,0.581519064,0.5810011863,0.5813434919999999
2026-08-19 03:00:00+00:00,0.5812904741,0.5812904741,0.5808765424,0.5808793347
2026-08-19 04:00:00+00:00,0.580892767,0.580892767,0.5801565439999999,0.5805486728999999
2026-08-19 05:00:00+00:00,0.5804803363000001,0.580563846,0.5801097815999999,0.5802633269999999
2026-08-19 06:00:00+00:00,0.5802704573999999,0.5804194876,0.5798229559999999,0.5802950664
2026-08-19 07:00:00+00:00,0.5804789451999999,0.5805372024,0.5798248507,0.5802434209
2026-08-19 08:00:00+00:00,0.5802694999999999,0.5808921562,0.5802551964,0.5807421215999999
2026-08-19 09:00:00+00:00,0.580678414,0.5809860842,0.5803674434999999,0.5803909983
2026-08-19 10:00:00+00:00,0.5804154144,0.5804154144,0.5801618705999999,0.5802838896
2026-08-19 11:00:00+00:00,0.580170573,0.5803721076999999,0.579881918,0.5799994112
2026-08-19 12:00:00+00:00,0.5798817487,0.5802634607999999,0.5794190809999998,0.5796362126999999
2026-08-19 13:00:00+00:00,0.5797891063999999,0.5801796951999999,0.5779147603999999,0.5780030777999999
2026-08-19 14:00:00+00:00,0.5779444509999999,0.5780343451999999,0.5758987058999999,0.5773734252
2026-08-19 15:00:00+00:00,0.5774709989,0.5774724904999999,0.5760014264,0.5763206735999999
2026-08-19 16:00:00+00:00,0.5763518092,0.5766717632,0.5757993381,0.576031872
2026-08-19 17:00:00+00:00,0.5760548954,0.5761546811999999,0.5758278515999999,0.5760775295999999
2026-08-19 18:00:00+00:00,0.5759274569999999,0.5759274569999999,0.5748726728,0.5749491186
2026-08-19 19:00:00+00:00,0.5750255419999999,0.575109766,0.5746577291999999,0.5746577291999999
2026-08-19 20:00:00+00:00,0.5746838919999999,0.57483218,0.5745215687999999,0.5746915721999999
2026-08-19 21:00:00+00:00,0.5736790079999999,0.5744204963999999,0.5736720873999999,0.5743654374999999
2026-08-19 22:00:00+00:00,0.5744912184,0.574808814,0.5744094978,0.5747021091
2026-08-19 23:00:00+00:00,0.5747448399999999,0.5749437735999999,0.5747315229999999,0.5747994303999999
2026-08-20 00:00:00+00:00,0.574669866,0.5752607627999999,0.5745865276000001,0.5751913416
2026-08-20 01:00:00+00:00,0.5752990908,0.5759499798,0.5742197616,0.5752990070999999
2026-08-20 02:00:00+00:00,0.5753214236,0.5756842328,0.575180366,0.5756401271
2026-08-20 03:00:00+00:00,0.5755504491,0.5759608683999999,0.5753292165,0.575801067
2026-08-20 04:00:00+00:00,0.575840868,0.5760557807,0.5755895289999999,0.5757037087999999
2026-08-20 05:00:00+00:00,0.575652376,0.5759602164,0.5756047204,0.575733488
2026-08-20 06:00:00+00:00,0.575699544,0.5757957316,0.5752658249999999,0.5752966528
2026-08-20 07:00:00+00:00,0.5752453857000001,0.5761049385,0.5752453857000001,0.5753544354
2026-08-20 08:00:00+00:00,0.575390017,0.5755342802,0.5749099200000001,0.5749099200000001
2026-08-20 09:00:00+00:00,0.5747847590999999,0.5749222829999999,0.5736683634,0.5738115095999999
2026-08-20 10:00:00+00:00,0.5739074566,0.5740573433,0.5734358444000001,0.5740285311999999
2026-08-20 11:00:00+00:00,0.5740791943999999,0.5744243504,0.5737707912,0.5741223306
2026-08-20 12:00:00+00:00,0.5740363746,0.5743011942,0.573467256,0.5742288821
2026-08-20 13:00:00+00:00,0.5742908454,0.57528385,0.5742253737,0.5752672612999999
2026-08-20 14:00:00+00:00,0.575448038,0.5758596624,0.5751326523,0.5752794186
2026-08-20 15:00:00+00:00,0.5753170271999999,0.5762259888,0.5752778955,0.5759978298999999
2026-08-20 16:00:00+00:00,0.5759507831999999,0.5761673516,0.5756346314999999,0.575905176
2026-08-20 17:00:00+00:00,0.5758560688,0.5761494032,0.5758560688,0.5759463099
2026-08-20 18:00:00+00:00,0.5759101764,0.5760044047999999,0.5757291178,0.5759720147999999
2026-08-20 19:00:00+00:00,0.5760325557,0.5760911023999999,0.5758964651999999,0.576013581
2026-08-20 20:00:00+00:00,0.576042489,0.5761060424,0.5757945492000001,0.5757945492000001
2026-08-20 21:00:00+00:00,0.575651875,0.5758541749999999,0.5751028462,0.5752758349999999
2026-08-20 22:00:00+00:00,0.5758553279999999,0.5760310073999999,0.5757644819999999,0.5757775984999999
2026-08-20 23:00:00+00:00,0.5758051639999999,0.5759739417999999,0.5756779489999999,0.57581913
2026-08-21 00:00:00+00:00,0.5760861474,0.5765573659999998,0.5760861474,0.5764595204999999
2026-08-21 01:00:00+00:00,0.5763980519999999,0.5768836541999999,0.5762439609,0.5768610719999999
2026-08-21 02:00:00+00:00,0.5768531131,0.5771834591999999,0.5768531131,0.577001418
2026-08-21 03:00:00+00:00,0.5770383871999999,0.5777402465999999,0.5770135763999998,0.5776328272
2026-08-21 04:00:00+00:00,0.577611252,0.5778055451999999,0.5775680536,0.5777149419
2026-08-21 05:00:00+00:00,0.5776513901999999,0.5777607589999999,0.5774481467999999,0.5774759232
2026-08-21 06:00:00+00:00,0.5774762103,0.5781791399999999,0.5774762103,0.5780079468
2026-08-21 07:00:00+00:00,0.5781166104,0.5789058905999999,0.5779846701,0.5788534049999999
2026-08-21 08:00:00+00:00,0.5788744968999999,0.5794149344999999,0.5788744968999999,0.5790577283999999
2026-08-21 09:00:00+00:00,0.5790861469999999,0.5792575970999999,0.5784037424999998,0.5787780669999999
2026-08-21 10:00:00+00:00,0.5788874262,0.5789169805999999,0.5784937367999999,0.5786228349999999
2026-08-21 11:00:00+00:00,0.5786373823999998,0.5794209134999999,0.5785566911999999,0.57918324
2026-08-21 12:00:00+00:00,0.5791874913999999,0.5799342541999999,0.5791874913999999,0.5797573599999999
2026-08-21 13:00:00+00:00,0.5798133249999999,0.5802688975999999,0.5796601524999999,0.5802582149999999
2026-08-21 14:00:00+00:00,0.5802841649999999,0.5806867079999999,0.5802147609999999,0.5804139187999999
2026-08-21 15:00:00+00:00,0.5806315619999999,0.581539992,0.5806066433999999,0.5811938845999999
2026-08-21 16:00:00+00:00,0.5812396729999999,0.5813407972999999,0.5809960792,0.5811507584999999
2026-08-21 17:00:00+00:00,0.5811760616,0.5816069279999999,0.5811375619,0.5816012598
2026-08-21 18:00:00+00:00,0.5815973864999999,0.5816254067999999,0.5813957259999999,0.581401855
2026-08-21 19:00:00+00:00,0.5814383175,0.5814754609999999,0.5810806410999999,0.5810879281999999
2026-08-21 20:00:00+00:00,0.5810459934999999,0.5813072693999999,0.5809049014,0.5809049014
2026-08-23 21:00:00+00:00,0.5733827268,0.5737166253,0.5731162836,0.5734798816
2026-08-23 22:00:00+00:00,0.5744300297,0.5744928492,0.5741015279999999,0.574408956
2026-08-23 23:00:00+00:00,0.5744473318,0.5744528138999999,0.5741086971,0.5741287755
2026-08-24 00:00:00+00:00,0.5740578935999999,0.5741208720000001,0.573631695,0.5739141302
2026-08-24 01:00:00+00:00,0.5738208435,0.5741641975999999,0.5735011788,0.573515514
2026-08-24 02:00:00+00:00,0.573401822,0.5736823862,0.573294905,0.5733339872000001
2026-08-24 03:00:00+00:00,0.5733323156,0.57344658,0.5732822562,0.5733572512
2026-08-24 04:00:00+00:00,0.5734339292,0.5736163383999999,0.573239646,0.573446004
2026-08-24 05:00:00+00:00,0.5734274975,0.5739893334,0.5734274975,0.5738147640000001
2026-08-24 06:00:00+00:00,0.5737612419,0.5744549134,0.573607022,0.5742550402
2026-08-24 07:00:00+00:00,0.5742427821,0.5745851923999999,0.5740724352,0.5745026520000001
2026-08-24 08:00:00+00:00,0.57448062,0.574886578,0.5743874997,0.574399266
2026-08-24 09:00:00+00:00,0.5744150343000001,0.5748734586,0.5743732078,0.574755399
2026-08-24 10:00:00+00:00,0.5747155535999999,0.5748588456,0.5745316038,0.574709119
2026-08-24 11:00:00+00:00,0.5746767861000001,0.57476399,0.5743870211,0.5746797306
2026-08-24 12:00:00+00:00,0.574644217,0.5748932272,0.574402512,0.5747997702
2026-08-24 13:00:00+00:00,0.5747763,0.5749814528,0.5743674816000001,0.574632461
2026-08-24 14:00:00+00:00,0.574675164,0.5746925972,0.5740556165,0.5741318839999999
2026-08-24 15:00:00+00:00,0.5741433984000001,0.5741433984000001,0.573620431,0.5737695472
2026-08-24 16:00:00+00:00,0.5738241254,0.5738241254,0.5735030489999999,0.5735946144
2026-08-24 17:00:00+00:00,0.573583968,0.5736404639999999,0.5732740559999999,0.5733248685
2026-08-24 18:00:00+00:00,0.573325752,0.5736973285,0.573325752,0.5735859974
2026-08-24 19:00:00+00:00,0.5736332708,0.5738201880000001,0.5736190989,0.5737645694
2026-08-24 20:00:00+00:00,0.5737922832,0.573814485,0.5735946144,0.5735946144
2026-08-24 21:00:00+00:00,0.5726893218000001,0.5734195456,0.5726893218000001,0.5732214800000001
2026-08-24 22:00:00+00:00,0.5737686732,0.5737909983999999,0.5735820632,0.5736561795
2026-08-24 23:00:00+00:00,0.5736390954,0.5739866752,0.573542823,0.5739439580000001
2026-08-25 00:00:00+00:00,0.5739211885,0.5742514143999999,0.5739211885,0.574186128
2026-08-25 01:00:00+00:00,0.5741347698,0.57457351,0.5741347698,0.5743708468000001
2026-08-25 02:00:00+00:00,0.5744066073,0.57481839,0.5744066073,0.5746541892
2026-08-25 03:00:00+00:00,0.5747434458,0.5749346304,0.5745810816000001,0.5745810816000001
2026-08-25 04:00:00+00:00,0.5745596999999999,0.574639321,0.5743633144000001,0.5746348416
2026-08-25 05:00:00+00:00,0.5746625469,0.5749680732,0.5746625469,0.574710806
2026-08-25 06:00:00+00:00,0.574914501,0.574914501,0.5741631648000001,0.574516926
2026-08-25 07:00:00+00:00,0.57441513,0.5744936988,0.5740641353999999,0.5743427499
2026-08-25 08:00:00+00:00,0.5742972258,0.5742972258,0.5738029465,0.5738029465
2026-08-25 09:00:00+00:00,0.5738369308,0.5741928867999999,0.5735979376,0.5741102415999999
2026-08-25 10:00:00+00:00,0.5740969890000001,0.5742378432,0.573860432,0.5742124784
2026-08-25 11:00:00+00:00,0.5741740900000001,0.5743828076000002,0.5741142462,0.5742739152
2026-08-25 12:00:00+00:00,0.5742444260000001,0.5743068966000002,0.5739445064000002,0.5741861391000002
2026-08-25 13:00:00+00:00,0.5741604976000002,0.5745166716000002,0.5740634312000003,0.5742665950000002
2026-08-25 14:00:00+00:00,0.5742505500000001,0.5747086476000002,0.5741191170000002,0.5745121200000002
2026-08-25 15:00:00+00:00,0.5744023504000003,0.5745253056000003,0.5742262360000002,0.5744593932000002
2026-08-25 16:00:00+00:00,0.5745218544000003,0.5745604953000002,0.5741948351000002,0.5741948351000002
2026-08-25 17:00:00+00:00,0.5742145640000003,0.5742306136000003,0.5739982976000002,0.5740206326000002
2026-08-25 18:00:00+00:00,0.5740627178000002,0.5742359832000004,0.5740160580000002,0.5741569624000004
2026-08-25 19:00:00+00:00,0.5741274645000004,0.5742459445000004,0.5739681374000003,0.5741036375000004
2026-08-25 20:00:00+00:00,0.5741554890000005,0.5741905273000003,0.5738450296000003,0.5738450296000003
2026-08-25 21:00:00+00:00,0.5729132930000004,0.5736285053999999,0.5729132930000004,0.5736221948999999
2026-08-25 22:00:00+00:00,0.5739745883999998,0.5741091071999999,0.5738034159999998,0.5741002463
2026-08-25 23:00:00+00:00,0.5740842205,0.5745753414,0.5740808252999999,0.5743888815999999
2026-08-26 00:00:00+00:00,0.5744381759999999,0.5747399574,0.5742358804,0.57424542
2026-08-26 01:00:00+00:00,0.57418608,0.5758727404,0.5741297474,0.5756333967999999
2026-08-26 02:00:00+00:00,0.5755088677999999,0.5765945695999999,0.5754109283999999,0.576353736
2026-08-26 03:00:00+00:00,0.5762874306,0.5770903208,0.5762600256,0.5768007839999999
2026-08-26 04:00:00+00:00,0.5767961483999999,0.5768777016,0.5764699184,0.576715012
2026-08-26 05:00:00+00:00,0.5767531569,0.5770911047999999,0.5766283521,0.577014171
2026-08-26 06:00:00+00:00,0.5769156959999999,0.5773151277999999,0.5766507007999999,0.5768122965
2026-08-26 07:00:00+00:00,0.5767388006999999,0.5768825703999999,0.5765556996,0.5766329799999999
2026-08-26 08:00:00+00:00,0.5765864964,0.5770364359999999,0.5765864964,0.5770364359999999
2026-08-26 09:00:00+00:00,0.5771188481999999,0.5773790952,0.5769417199999999,0.5773110304
2026-08-26 10:00:00+00:00,0.5773549761,0.5774810828,0.5772171366999999,0.5774810828
2026-08-26 11:00:00+00:00,0.5774155999999999,0.5776404595999999,0.5772627952,0.5775547704999999
2026-08-26 12:00:00+00:00,0.5776110428,0.577947909,0.57742678,0.5777036927999999
2026-08-26 13:00:00+00:00,0.5776175711999999,0.5781903558,0.5773559516,0.5780017555999999
2026-08-26 14:00:00+00:00,0.5778273052999999,0.5781017246,0.5775929407999999,0.5776512588
2026-08-26 15:00:00+00:00,0.5776879818999999,0.5777157479999999,0.5771980242,0.5773313376
2026-08-26 16:00:00+00:00,0.5773080611,0.5775721800000001,0.577294612,0.5774433588000001
2026-08-26 17:00:00+00:00,0.5773645152000001,0.5775980159,0.5773286772,0.5775522258
2026-08-26 18:00:00+00:00,0.5775665694000001,0.5776088241000001,0.5774472873000001,0.5775720860000001
2026-08-26 19:00:00+00:00,0.5775917274000001,0.5777269992000001,0.5774778660000001,0.5776829664
2026-08-26 20:00:00+00:00,0.5776740314000002,0.5777447553,0.5775040160000001,0.5775040160000001
2026-08-26 21:00:00+00:00,0.576707219,0.5774018223,0.5764094754000001,0.577308546
2026-08-26 22:00:00+00:00,0.5777082500000001,0.5779945688000001,0.5776627524000001,0.5779936980000001
2026-08-26 23:00:00+00:00,0.5779982637000001,0.5783056818000001,0.5779756400000001,0.578120767
2026-08-27 00:00:00+00:00,0.5782006287000001,0.5782006287000001,0.5776977536000001,0.5781827833000001
2026-08-27 01:00:00+00:00,0.5782633023,0.578582154,0.5780987739000001,0.578462864
2026-08-27 02:00:00+00:00,0.5784924684,0.5786809964,0.5783877872,0.5784659272
2026-08-27 03:00:00+00:00,0.5784731099000001,0.5786433345,0.5783594856000001,0.57853601
2026-08-27 04:00:00+00:00,0.5786093745,0.5788055262,0.5783640478000001,0.578775915
2026-08-27 05:00:00+00:00,0.5787554530000001,0.5787554530000001,0.578320535,0.5786132703000001
2026-08-27 06:00:00+00:00,0.5785821028000001,0.5789967066,0.5785437376,0.5788283747
2026-08-27 07:00:00+00:00,0.5788675815000001,0.5788934928,0.5785931200000001,0.5787302737000001
2026-08-27 08:00:00+00:00,0.5788252305000001,0.5791935378,0.5786263548,0.5787765333
2026-08-27 09:00:00+00:00,0.5787854656000001,0.5787854656000001,0.5781980122,0.5783183658000001
2026-08-27 10:00:00+00:00,0.5783326055,0.5787115184,0.5783088933000001,0.5786174435000001
2026-08-27 11:00:00+00:00,0.5785951600000001,0.5787194231,0.5783533704,0.5786992328
2026-08-27 12:00:00+00:00,0.5787984596,0.57894254,0.578270355,0.578461792
2026-08-27 13:00:00+00:00,0.5782335174,0.5782881187,0.5777007604000001,0.5782528800000001
2026-08-27 14:00:00+00:00,0.5782917887000001,0.5784610600000001,0.5778780672,0.5781445635000001
2026-08-27 15:00:00+00:00,0.5781195964000001,0.5784500645,0.57800613,0.5783525976
2026-08-27 16:00:00+00:00,0.5783606334,0.5784779427,0.5780543340000001,0.5784779427
2026-08-27 17:00:00+00:00,0.5784170051,0.5787488808,0.5783818644,0.5787302575
2026-08-27 18:00:00+00:00,0.5787662370000001,0.5787662370000001,0.5785414197,0.578613858
2026-08-27 19:00:00+00:00,0.5786011616000001,0.5786984998,0.578552912,0.5786739599999999
2026-08-27 20:00:00+00:00,0.5787035884,0.5787035884,0.5783705025,0.5783705025
2026-08-27 21:00:00+00:00,0.5779942680000001,0.5780370588999999,0.5768517138,0.577876629
2026-08-27 22:00:00+00:00,0.5786320496,0.5786409347999999,0.578394633,0.578427635
2026-08-27 23:00:00+00:00,0.5783489321999999,0.5783870208,0.5782524284,0.5783806427999999
2026-08-28 00:00:00+00:00,0.5784208338,0.5788174409000001,0.5784208338,0.5786032648
2026-08-28 01:00:00+00:00,0.578572792,0.5789249856,0.578572792,0.5789249856
2026-08-28 02:00:00+00:00,0.578941074,0.5794706662000001,0.578941074,0.5793863872999999
2026-08-28 03:00:00+00:00,0.5793681302,0.579574047,0.5792654168,0.5794653159
2026-08-28 04:00:00+00:00,0.5794568479000001,0.579669067,0.5793788615000001,0.5794047126
2026-08-28 05:00:00+00:00,0.5794432575,0.5794665552,0.5790260412,0.5792884652
2026-08-28 06:00:00+00:00,0.5792279904000001,0.5796118804,0.579221144,0.5794123644
2026-08-28 07:00:00+00:00,0.5795059527,0.5795059527,0.5789198976,0.5789499300000001
2026-08-28 08:00:00+00:00,0.5789507804,0.5789507804,0.5783916731,0.5783916731
2026-08-28 09:00:00+00:00,0.5784471112,0.5787057024,0.5783277478000001,0.5787057024
2026-08-28 10:00:00+00:00,0.5787289822,0.5787632735999999,0.5782064718,0.5783696328
2026-08-28 11:00:00+00:00,0.5783862315,0.5785626175,0.578189416,0.578189416
2026-08-28 12:00:00+00:00,0.5782808068,0.5788783195999999,0.5781822228,0.5788548966
2026-08-28 13:00:00+00:00,0.5788612608,0.5791391089,0.5786775752,0.5786775752
2026-08-28 14:00:00+00:00,0.5786521094999999,0.5798933679,0.5786521094999999,0.579812569
2026-08-28 15:00:00+00:00,0.5798249688,0.5799734748,0.579180744,0.579180744
2026-08-28 16:00:00+00:00,0.5791886215000001,0.5796732944999999,0.5791673363,0.5795207465
2026-08-28 17:00:00+00:00,0.5794223712000001,0.5796050832,0.5793053469,0.5795007687999999
2026-08-28 18:00:00+00:00,0.5794907945,0.5795755107,0.579235264,0.5795755107
2026-08-28 19:00:00+00:00,0.5795917029000001,0.579785966,0.5795860535,0.5795860535
2026-08-28 20:00:00+00:00,0.5795446668,0.5798127837,0.5792714174,0.5792714174
2026-08-30 21:00:00+00:00,0.5788503937999999,0.5794538128000001,0.5787567276,0.5793962155
2026-08-30 22:00:00+00:00,0.579606252,0.5796309035,0.5793405128000001,0.5793971553999999
2026-08-30 23:00:00+00:00,0.5794313844,0.5795309952000001,0.5790566443999999,0.5790566443999999
2026-08-31 00:00:00+00:00,0.5790291999999999,0.5792889077000001,0.5788275532,0.579224438
2026-08-31 01:00:00+00:00,0.5791269189999999,0.5794807909999999,0.5791153783999999,0.5794159348000001
2026-08-31 02:00:00+00:00,0.5793835932,0.5794581987999999,0.57909621,0.5794150155
2026-08-31 03:00:00+00:00,0.579464258,0.5798584926,0.579464258,0.5797682203
2026-08-31 04:00:00+00:00,0.5797333064,0.5798838176000001,0.5796725305,0.579815392
2026-08-31 05:00:00+00:00,0.5798357175,0.5800453656,0.5797140552,0.5799094763999999
2026-08-31 06:00:00+00:00,0.5799344324000001,0.5800129848,0.5791767718,0.5792660159999999
2026-08-31 07:00:00+00:00,0.5792265007999999,0.5792585943999999,0.578221951,0.5784457536000001
2026-08-31 08:00:00+00:00,0.5784236916000001,0.5790868575,0.5784236916000001,0.5789247240000001
2026-08-31 09:00:00+00:00,0.5788764758,0.5792661223,0.5788074105,0.5789354343
2026-08-31 10:00:00+00:00,0.5789543751999999,0.57909735,0.5787168776,0.578721894
2026-08-31 11:00:00+00:00,0.5787741352,0.5790160522,0.5785619414000001,0.5788887741
2026-08-31 12:00:00+00:00,0.5789527502,0.5790423834,0.5786154802,0.5787979910000001
2026-08-31 13:00:00+00:00,0.578779042,0.5790791173,0.578744859,0.5788677294
2026-08-31 14:00:00+00:00,0.5789245756,0.5794694934,0.5784898284,0.578979407
2026-08-31 15:00:00+00:00,0.5789652345,0.5793354448,0.5786581983,0.5792867629999999
2026-08-31 16:00:00+00:00,0.5792338491,0.5793410922,0.5791051935,0.5792558475
2026-08-31 17:00:00+00:00,0.5791948523,0.579229773,0.5789399187,0.579015393
2026-08-31 18:00:00+00:00,0.579001062,0.5790912876,0.578924835,0.579023136
2026-08-31 19:00:00+00:00,0.5789808858,0.579320938,0.578908512,0.5791981992999999
2026-08-31 20:00:00+00:00,0.5791544458,0.5792906112,0.5791432764,0.5792573612999999
2026-08-31 21:00:00+00:00,0.5789107008000001,0.578949219,0.5781435842,0.5786928189999999
2026-08-31 22:00:00+00:00,0.5793433545,0.5793514390000001,0.5791487855999999,0.5793010937999999
2026-08-31 23:00:00+00:00,0.5793565763999999,0.579607681,0.57933876,0.579607681
2026-09-01 00:00:00+00:00,0.5797205839999999,0.5802777465,0.5797205839999999,0.5798237171999999
2026-09-01 01:00:00+00:00,0.57979488,0.5805092328,0.5797494838,0.5804766768
2026-09-01 02:00:00+00:00,0.5803985092999999,0.5806920595999999,0.58036293,0.5805925554
2026-09-01 03:00:00+00:00,0.5805195052000001,0.5805972375999999,0.5802500055,0.5804023662000001
2026-09-01 04:00:00+00:00,0.5803350719999999,0.5805500008,0.5803045436000001,0.5803319016
2026-09-01 05:00:00+00:00,0.5803922894,0.5804448045,0.5801524585000001,0.5801996591999999
2026-09-01 06:00:00+00:00,0.5802320328,0.58034674,0.579825504,0.5798731365
2026-09-01 07:00:00+00:00,0.5798389021,0.5799965079,0.5795679492,0.5795850983999999
2026-09-01 08:00:00+00:00,0.579600876,0.5798922679999999,0.5786306435,0.5786335124
2026-09-01 09:00:00+00:00,0.578528215,0.5786553878999999,0.578051969,0.578490141
2026-09-01 10:00:00+00:00,0.5785687545,0.5788631654999999,0.5784382296,0.578711137
2026-09-01 11:00:00+00:00,0.5786915328000001,0.578912206,0.5783858496000001,0.5788493046
2026-09-01 12:00:00+00:00,0.5787897177,0.5793768,0.5786885052,0.5793681728
2026-09-01 13:00:00+00:00,0.579369216,0.5795494167,0.5790375081,0.579386262
2026-09-01 14:00:00+00:00,0.5794959863,0.5810384085,0.5794959863,0.5809639651999999
2026-09-01 15:00:00+00:00,0.5808105442999999,0.5811828970999999,0.580488471,0.581026811
2026-09-01 16:00:00+00:00,0.5810521185,0.5812863124,0.58060145,0.5808393467999999
2026-09-01 17:00:00+00:00,0.5808383735,0.5808383735,0.5804978542,0.5804978542
2026-09-01 18:00:00+00:00,0.5804835608,0.5804835608,0.5799248964,0.5801963721
2026-09-01 19:00:00+00:00,0.5800866098999999,0.5801557836,0.5795839909,0.5795839909
2026-09-01 20:00:00+00:00,0.5797047795,0.5799658228,0.579662565,0.5797703484
2026-09-01 21:00:00+00:00,0.5790272256,0.5795956261,0.5790272256,0.579564144
2026-09-01 22:00:00+00:00,0.5798969308999999,0.5800628752,0.5798760913,0.58005052
2026-09-01 23:00:00+00:00,0.5800810464,0.5801876304,0.5799781672,0.5801269069999999
2026-09-02 00:00:00+00:00,0.5801636076,0.5802743605,0.579987536,0.5802052659
2026-09-02 01:00:00+00:00,0.5801988496999999,0.5813788371999999,0.5801038215,0.5810404565999999
2026-09-02 02:00:00+00:00,0.5809020462,0.5811065598,0.5803559670999999,0.580383298
2026-09-02 03:00:00+00:00,0.5804177682,0.5806864752,0.5802722331,0.580408402
2026-09-02 04:00:00+00:00,0.5804532216,0.5804532216,0.579976099,0.5800586950000001
2026-09-02 05:00:00+00:00,0.58005556,0.5805756427,0.5799519712,0.5805475709000001
2026-09-02 06:00:00+00:00,0.5804773759999999,0.5808613547999999,0.5803404078,0.5806394467999999
2026-09-02 07:00:00+00:00,0.5806095281,0.581433882,0.5805920735999999,0.581433882
2026-09-02 08:00:00+00:00,0.5814192144,0.5814221895,0.580676362,0.5807252767
2026-09-02 09:00:00+00:00,0.5806733453999999,0.580846476,0.5803046624,0.5806151145
2026-09-02 10:00:00+00:00,0.5806405934,0.5813374482,0.5805977856,0.5813140326
2026-09-02 11:00:00+00:00,0.5813191296,0.5818369363,0.5813191296,0.5817867744
2026-09-02 12:00:00+00:00,0.5817143292999999,0.5824720771999999,0.5816067868,0.58245478
2026-09-02 13:00:00+00:00,0.5823881304,0.5827479471,0.5820172654,0.5822267424
2026-09-02 14:00:00+00:00,0.5823501600000001,0.5828671401,0.5823501600000001,0.5828187024
2026-09-02 15:00:00+00:00,0.5827785056,0.5831113295,0.5827187862,0.5828296474
2026-09-02 16:00:00+00:00,0.58291287,0.5830471737,0.5827177499999999,0.58286592
2026-09-02 17:00:00+00:00,0.582870735,0.583046637,0.582789282,0.583038504
2026-09-02 18:00:00+00:00,0.5829906707,0.5830935076,0.5828916994000001,0.5829418733
2026-09-02 19:00:00+00:00,0.5829337403999999,0.5829786774,0.5828085759999999,0.5828378354999999
2026-09-02 20:00:00+00:00,0.5828387936,0.58287798,0.582617405,0.582617405
2026-09-02 21:00:00+00:00,0.5817316064,0.582361752,0.581531886,0.5820655075
2026-09-02 22:00:00+00:00,0.582764679,0.582891806,0.5825452095,0.5825968631999999
2026-09-02 23:00:00+00:00,0.5826274552,0.58266746,0.5823280785,0.5823280785
2026-09-03 00:00:00+00:00,0.5823275099999999,0.5824318278,0.582099375,0.5823411464
2026-09-03 01:00:00+00:00,0.5822890655999999,0.5824888368,0.5822197739999999,0.582454833
2026-09-03 02:00:00+00:00,0.5824668120000001,0.5824668120000001,0.58170096,0.58170096
2026-09-03 03:00:00+00:00,0.5816966799,0.5822379485999999,0.5815926220000001,0.5821600305
2026-09-03 04:00:00+00:00,0.582120383,0.5822340546,0.5818972899,0.5818972899
2026-09-03 05:00:00+00:00,0.5818795842,0.5818795842,0.5807943648,0.5811800189
2026-09-03 06:00:00+00:00,0.581060222,0.5811218230999999,0.5795833131000001,0.5802752832
2026-09-03 07:00:00+00:00,0.5802428390000001,0.580536425,0.5797422346000001,0.580536425
2026-09-03 08:00:00+00:00,0.5804742828999999,0.5814225744,0.5804742828999999,0.5809240822
2026-09-03 09:00:00+00:00,0.5808218925,0.581987064,0.5807975936,0.5815484423999999
2026-09-03 10:00:00+00:00,0.5815259792,0.5818741251999999,0.5811348399999999,0.5818741251999999
2026-09-03 11:00:00+00:00,0.5818479993000001,0.5819155067999999,0.5814867512999999,0.581624232
2026-09-03 12:00:00+00:00,0.5816700945,0.5818597102,0.5813169478000001,0.5813904712000001
2026-09-03 13:00:00+00:00,0.5813581928,0.5814259018,0.5803997062999999,0.5805003608
2026-09-03 14:00:00+00:00,0.5807856483,0.5817346181999999,0.5806995525,0.5816179349
2026-09-03 15:00:00+00:00,0.581775156,0.5818218248,0.580921788,0.5810810187
2026-09-03 16:00:00+00:00,0.5810666225,0.581120508,0.5802614566000001,0.58060772
2026-09-03 17:00:00+00:00,0.5806730397,0.5811843215,0.5805643701,0.5811501304
2026-09-03 18:00:00+00:00,0.58114089,0.5814135216,0.5811118949999999,0.5813071589
2026-09-03 19:00:00+00:00,0.5813198475,0.5816632023,0.5812855412,0.5815315926
2026-09-03 20:00:00+00:00,0.5815407666,0.5815750306999999,0.581375775,0.581375775
2026-09-03 21:00:00+00:00,0.5812564032,0.5812564032,0.580104317,0.580104317
2026-09-03 22:00:00+00:00,0.58122436,0.5816149404,0.58122436,0.5815945712
2026-09-03 23:00:00+00:00,0.5815989657,0.5818037379,0.5813775252,0.5813775252
2026-09-04 00:00:00+00:00,0.5813351999999999,0.5820168195,0.5813009468,0.5820144404
2026-09-04 01:00:00+00:00,0.5819712092000001,0.5827437504,0.5818624938,0.582618241
2026-09-04 02:00:00+00:00,0.582569779,0.582569779,0.5820947202,0.5822775260999999
2026-09-04 03:00:00+00:00,0.5822991503999999,0.5825992661999999,0.582145425,0.5825992661999999
2026-09-04 04:00:00+00:00,0.582579392,0.582860891,0.5823952219999999,0.5825094507
2026-09-04 05:00:00+00:00,0.5824520254000001,0.582544872,0.5821388356,0.5823698592000001
2026-09-04 06:00:00+00:00,0.5823441404,0.5823441404,0.581872947,0.5820967317
2026-09-04 07:00:00+00:00,0.5821037365,0.5824533995000001,0.5820429842999999,0.5821261901
2026-09-04 08:00:00+00:00,0.58205683,0.5824770396000001,0.58205683,0.5823035484000001
2026-09-04 09:00:00+00:00,0.5823333351000001,0.582879616,0.5820859946000001,0.582879616
2026-09-04 10:00:00+00:00,0.5829137916,0.5829137916,0.5826024,0.5826024
2026-09-04 11:00:00+00:00,0.5825555624000001,0.5828703143999999,0.5824935097,0.5828703143999999
2026-09-04 12:00:00+00:00,0.5828612320000001,0.5836440359999999,0.5826774632,0.5833775466
2026-09-04 13:00:00+00:00,0.583458012,0.5835834624,0.5831054853,0.5832962636
2026-09-04 14:00:00+00:00,0.5834168295,0.5837518276,0.5831629089,0.5834997261
2026-09-04 15:00:00+00:00,0.5835456384,0.5836864354000001,0.5832745366000001,0.5835227524
2026-09-04 16:00:00+00:00,0.5835459083000001,0.5836439179999999,0.5833556514,0.5834502656999999
2026-09-04 17:00:00+00:00,0.5834693928,0.5836282844,0.5834693928,0.5834745033000001
2026-09-04 18:00:00+00:00,0.5834870844,0.5836644864,0.58337369,0.5836644864
2026-09-04 19:00:00+00:00,0.5836662836000001,0.583696896,0.5835426930000001,0.583572411
2026-09-04 20:00:00+00:00,0.5835788023999999,0.5836923117999999,0.5832098879000001,0.5832098879000001
2026-09-06 22:00:00+00:00,0.5834898068,0.5837662007,0.5834898068,0.5835969
2026-09-06 23:00:00+00:00,0.583628352,0.5837516229999999,0.5835958911999999,0.583666169
2026-09-07 00:00:00+00:00,0.5836833171000001,0.5837805732,0.5833149368,0.5835192
2026-09-07 01:00:00+00:00,0.5835561264,0.5838354924,0.5834482752,0.5836059701999999
2026-09-07 02:00:00+00:00,0.5836221735,0.5838254911999999,0.5835393046,0.5837120446999999
2026-09-07 03:00:00+00:00,0.5837903999999999,0.5840192399999999,0.5835860274,0.5839598464
2026-09-07 04:00:00+00:00,0.5839436351999999,0.5839742548,0.5837833296,0.5839742548
2026-09-07 05:00:00+00:00,0.5839994736,0.5843092415999999,0.5839481396999999,0.5842353572
2026-09-07 06:00:00+00:00,0.5843174184,0.5846637402,0.584312025,0.5846549759999999
2026-09-07 07:00:00+00:00,0.5846621904,0.5851163967999999,0.584646872,0.5848699519999999
2026-09-07 08:00:00+00:00,0.5848655715,0.5848729945,0.5839564759999999,0.5842879212
2026-09-07 09:00:00+00:00,0.5842726085,0.5842726085,0.5838498284,0.5838498284
2026-09-07 10:00:00+00:00,0.5838290489,0.5839096843999999,0.5835995549999999,0.5838250615
2026-09-07 11:00:00+00:00,0.5838215823,0.5839416734,0.5835610094999999,0.5836243984999999
2026-09-07 12:00:00+00:00,0.5836340312,0.5839389906,0.5835159745,0.5837700275
2026-09-07 13:00:00+00:00,0.58373395,0.5841859865,0.58373395,0.5840642313
2026-09-07 14:00:00+00:00,0.5841251794,0.5841251794,0.5838854327999999,0.5839899648
2026-09-07 15:00:00+00:00,0.584017711,0.5841320988,0.5838681068,0.5839832335999999
2026-09-07 16:00:00+00:00,0.583996795,0.584173062,0.583996795,0.58411966
2026-09-07 17:00:00+00:00,0.58414132,0.5842428592000001,0.584135457,0.5841914556
2026-09-07 18:00:00+00:00,0.5842247027999999,0.5843250945,0.5841907907999999,0.5843106587
2026-09-07 19:00:00+00:00,0.5843684019000001,0.5843684019000001,0.5842476523,0.5843062692
2026-09-07 20:00:00+00:00,0.5843495736,0.5844132684,0.5842638425,0.5842638425
2026-09-07 21:00:00+00:00,0.583268684,0.583268684,0.583268684,0.583268684
2026-09-07 22:00:00+00:00,0.5843662385,0.5843662385,0.5840715938,0.5841218934
2026-09-07 23:00:00+00:00,0.5841074561999999,0.5843375034,0.583829127,0.5841228679999999
2026-09-08 00:00:00+00:00,0.5841543565,0.5841543565,0.5837496585999999,0.5840293833
2026-09-08 01:00:00+00:00,0.5840129777999999,0.5840175731999999,0.5833336199,0.5833469193999999
2026-09-08 02:00:00+00:00,0.5832718801,0.5835422334,0.5831120468,0.5835008825
2026-09-08 03:00:00+00:00,0.583363293,0.5840243265999999,0.5832803357999999,0.583990194
2026-09-08 04:00:00+00:00,0.5839703055000001,0.584163876,0.5837364749999999,0.5840322214
2026-09-08 05:00:00+00:00,0.5840492831999999,0.5840492831999999,0.5834996544,0.5834996544
2026-09-08 06:00:00+00:00,0.58342228,0.584171211,0.5833074359,0.584171211
2026-09-08 07:00:00+00:00,0.5842658464,0.5849922,0.5842658464,0.5846804184000001
2026-09-08 08:00:00+00:00,0.5847408017,0.585269874,0.5845075176,0.5852392799999999
2026-09-08 09:00:00+00:00,0.585186998,0.5853933382,0.5847163904,0.5851284694000001
2026-09-08 10:00:00+00:00,0.5851654506,0.585478278,0.5849698338,0.585478278
2026-09-08 11:00:00+00:00,0.5855044428,0.5855288153,0.5852970768,0.5854431528
2026-09-08 12:00:00+00:00,0.5854386413,0.5856550403,0.5850469979999999,0.5850971528000001
2026-09-08 13:00:00+00:00,0.5850358607999999,0.5851643430000001,0.5845678155999999,0.5847021956999999
2026-09-08 14:00:00+00:00,0.5847261876000001,0.5849997447999999,0.5838629048,0.5839523808
2026-09-08 15:00:00+00:00,0.5839365366,0.5841569584,0.5837824576,0.5839589602999999
2026-09-08 16:00:00+00:00,0.5839410297,0.5843089035,0.5838736728,0.5841039622
2026-09-08 17:00:00+00:00,0.5840702472,0.584236668,0.5840702472,0.5842173353000001
2026-09-08 18:00:00+00:00,0.5842317794999999,0.5845770536,0.5842317794999999,0.5842390016
2026-09-08 19:00:00+00:00,0.5842779912,0.5843891808,0.5840435964,0.5843587296
2026-09-08 20:00:00+00:00,0.5843307422999999,0.584425443,0.5840171109,0.5840171109
2026-09-08 21:00:00+00:00,0.5838957054,0.5838957054,0.5838957054,0.5838957054
2026-09-08 22:00:00+00:00,0.584435802,0.584435802,0.5841435492,0.5842157352
2026-09-08 23:00:00+00:00,0.5841877349000001,0.5842531068,0.5839722900000001,0.5841916032
2026-09-09 00:00:00+00:00,0.5842002892,0.5846492988,0.5841814822,0.5844758724
2026-09-09 01:00:00+00:00,0.5843799864,0.5845961156,0.5842325634000001,0.5843487900000001
2026-09-09 02:00:00+00:00,0.5843256668,0.5846891472,0.5842918233,0.5845524997
2026-09-09 03:00:00+00:00,0.5845678155999999,0.58469931,0.5843126745,0.5843126745
2026-09-09 04:00:00+00:00,0.5843415668999999,0.5847109326000001,0.5842340856,0.5847109326000001
2026-09-09 05:00:00+00:00,0.5846918136,0.58469733,0.5843902567999999,0.58459611
2026-09-09 06:00:00+00:00,0.5845263732,0.5848518528,0.5844719412,0.5846187119999999
2026-09-09 07:00:00+00:00,0.5845731948,0.5850778516,0.5845025690000001,0.5845055541
2026-09-09 08:00:00+00:00,0.584425584,0.5848379757,0.584274401,0.5848379757
2026-09-09 09:00:00+00:00,0.5848226559999999,0.584861723,0.5844673087,0.5846953866999999
2026-09-09 10:00:00+00:00,0.5845961385,0.5848037195,0.5837260714,0.5838749419
2026-09-09 11:00:00+00:00,0.5837846651999999,0.5839421202,0.5832273075,0.5833255958
2026-09-09 12:00:00+00:00,0.5832411000000001,0.583578,0.5826654294,0.5835126206
2026-09-09 13:00:00+00:00,0.5835483498,0.583935902,0.583122423,0.5832036031
2026-09-09 14:00:00+00:00,0.58340451,0.5841652885,0.5832431100000001,0.583967484
2026-09-09 15:00:00+00:00,0.5838521412,0.5849059202,0.5838521412,0.5848556775
2026-09-09 16:00:00+00:00,0.584881758,0.5849107568,0.5845454224,0.5847847794000001
2026-09-09 17:00:00+00:00,0.5847865376,0.5848364643999999,0.5845373271,0.5846795497
2026-09-09 18:00:00+00:00,0.5846983604,0.5849134174999999,0.5846469299999999,0.5848160472
2026-09-09 19:00:00+00:00,0.584850231,0.5849307396,0.5847619843,0.5847619843
2026-09-09 20:00:00+00:00,0.5847728705,0.5848099487999999,0.5846104336000001,0.5846104336000001
2026-09-09 21:00:00+00:00,0.5835653759999999,0.5837566828,0.5834963015,0.5834963015
2026-09-09 22:00:00+00:00,0.584591434,0.5846460325999999,0.5842809099999999,0.5842809099999999
2026-09-09 23:00:00+00:00,0.584325972,0.5849071481,0.5843097812,0.5848900716
2026-09-10 00:00:00+00:00,0.584965109,0.5851535668,0.5843616985,0.5843853846
2026-09-10 01:00:00+00:00,0.5843285573999999,0.5843285573999999,0.5834361345,0.5838007978
2026-09-10 02:00:00+00:00,0.5838296706,0.5841748058,0.583771551,0.5841000501
2026-09-10 03:00:00+00:00,0.5841217157999999,0.5842898256,0.583876951,0.5840251900000001
2026-09-10 04:00:00+00:00,0.584038757,0.5842517100000001,0.5840289235,0.5842238284000001
2026-09-10 05:00:00+00:00,0.5842082868,0.5842089135999999,0.5837378352,0.5838551189
2026-09-10 06:00:00+00:00,0.5836647899999999,0.5837203931999999,0.5832798845,0.5836537059999999
2026-09-10 07:00:00+00:00,0.583686285,0.58406868,0.583686285,0.5838946421
2026-09-10 08:00:00+00:00,0.5839145297999999,0.5844487305,0.5837778223,0.5843162399999999
2026-09-10 09:00:00+00:00,0.584265756,0.5847264888,0.5840493959999999,0.5844966048
2026-09-10 10:00:00+00:00,0.5843957568,0.5844332718,0.5838958311,0.5840126886
2026-09-10 11:00:00+00:00,0.5839045010999999,0.584042501,0.583648134,0.5837653799999999
2026-09-10 12:00:00+00:00,0.5837565552,0.5837565552,0.5824194272,0.5824767456
2026-09-10 13:00:00+00:00,0.5825123927,0.5828117468999999,0.5814903987000001,0.5820922107000001
2026-09-10 14:00:00+00:00,0.581954616,0.5819546784,0.5813828514,0.5814470304
2026-09-10 15:00:00+00:00,0.5813268705000001,0.581932674,0.581253867,0.581677761
2026-09-10 16:00:00+00:00,0.5816868171,0.5820956180000001,0.5816274852,0.582046886
2026-09-10 17:00:00+00:00,0.58212333,0.5822294042,0.5820492249,0.5821165854
2026-09-10 18:00:00+00:00,0.582091765,0.5821679336,0.581943099,0.5819810559999999
2026-09-10 19:00:00+00:00,0.5819512284,0.5820032812,0.5816949819999999,0.5819684577
2026-09-10 20:00:00+00:00,0.581958387,0.5821832316,0.5816393224,0.5816393224
2026-09-10 21:00:00+00:00,0.5811134316,0.581699217,0.5811134316,0.581699217
2026-09-10 22:00:00+00:00,0.5821708736000001,0.5821708736000001,0.5819161460000001,0.5821070299000001
2026-09-10 23:00:00+00:00,0.5821018098,0.5823686799000001,0.5818862363999999,0.5819041203
2026-09-11 00:00:00+00:00,0.5819245344,0.5825847768,0.5818457875999999,0.5823669228
2026-09-11 01:00:00+00:00,0.5823061759999999,0.582340068,0.5819444544000001,0.582203993
2026-09-11 02:00:00+00:00,0.5821757144,0.5823960385,0.5821268744,0.5821961767999999
2026-09-11 03:00:00+00:00,0.5821483382,0.5823328830000001,0.5820618073,0.582242598
2026-09-11 04:00:00+00:00,0.5822862432,0.5825127702,0.5819913007999999,0.5824656594000001
2026-09-11 05:00:00+00:00,0.5824607894,0.5829086043,0.5823373725,0.5827857280000001
2026-09-11 06:00:00+00:00,0.5827231106999999,0.5834025692,0.5827149838,0.5834025692
2026-09-11 07:00:00+00:00,0.5833289408,0.5835685739,0.5831632704,0.5834794468
2026-09-11 08:00:00+00:00,0.5835631592,0.5836433327999999,0.582957388,0.5836045698
2026-09-11 09:00:00+00:00,0.583680418,0.5841604326000001,0.5834628072,0.5841483732
2026-09-11 10:00:00+00:00,0.5841020966,0.5846378624,0.5840075688,0.584596105
2026-09-11 11:00:00+00:00,0.58460103,0.5852474537000001,0.5845710829,0.584767416
2026-09-11 12:00:00+00:00,0.5847546936,0.585045327,0.58422456,0.584985926
2026-09-11 13:00:00+00:00,0.5849964718,0.5851534811,0.5845384986,0.5847143885
2026-09-11 14:00:00+00:00,0.5845912204,0.585145932,0.5844719808,0.5847778454
2026-09-11 15:00:00+00:00,0.5846966605999999,0.5854169622,0.5846813364000001,0.5852613879999999
2026-09-11 16:00:00+00:00,0.5852806618999999,0.5855873499,0.5851528903,0.5855628677999999
2026-09-11 17:00:00+00:00,0.5856009882,0.5856009882,0.5854016280000001,0.5855693282
2026-09-11 18:00:00+00:00,0.585553992,0.5858360208,0.5855275320000001,0.5857318411
2026-09-11 19:00:00+00:00,0.5857483908,0.5859272888,0.5857125288,0.5857125288
2026-09-11 20:00:00+00:00,0.5856920050000001,0.5857483908,0.584992041,0.584992041
