datetime,open,high,low,close
2026-03-12 02:00:00+00:00,185.66599999999988,185.7099999999999,185.6049999999999,185.6979999999999
2026-03-12 03:00:00+00:00,185.6979999999999,185.6989999999999,185.59499999999989,185.6499999999999
2026-03-12 04:00:00+00:00,185.6499999999999,185.71999999999989,185.6399999999999,185.67799999999988
2026-03-12 05:00:00+00:00,185.67799999999988,185.7829999999999,185.6299999999999,185.7679999999999
2026-03-12 06:00:00+00:00,185.7679999999999,185.8479999999999,185.6439999999999,185.6599999999999
2026-03-12 07:00:00+00:00,185.6599999999999,185.7739999999999,185.5289999999999,185.5909999999999
2026-03-12 08:00:00+00:00,185.5909999999999,185.6859999999999,185.5049999999999,185.6299999999999
2026-03-12 09:00:00+00:00,185.6299999999999,185.7529999999999,185.6049999999999,185.6669999999999
2026-03-12 10:00:00+00:00,185.6669999999999,185.71399999999988,185.5359999999999,185.6039999999999
2026-03-12 11:00:00+00:00,185.6039999999999,185.6309999999999,185.4969999999999,185.55299999999988
2026-03-12 12:00:00+00:00,185.55299999999988,185.5959999999999,185.4009999999999,185.5149999999999
2026-03-12 13:00:00+00:00,185.5149999999999,185.6239999999999,185.3779999999999,185.42799999999988
2026-03-12 14:00:00+00:00,185.42799999999988,185.6049999999999,185.3969999999999,185.5499999999999
2026-03-12 15:00:00+00:00,185.5499999999999,185.6389999999999,185.4849999999999,185.6049999999999
2026-03-12 16:00:00+00:00,185.6049999999999,185.6919999999999,185.55899999999988,185.6019999999999
2026-03-12 17:00:00+00:00,185.6019999999999,185.7759999999999,185.5979999999999,185.7249999999999
2026-03-12 18:00:00+00:00,185.7249999999999,185.7749999999999,185.6479999999999,185.67199999999988
2026-03-12 19:00:00+00:00,185.67199999999988,185.7619999999999,185.6499999999999,185.6799999999999
2026-03-12 20:00:00+00:00,185.6799999999999,185.7099999999999,185.5629999999999,185.5839999999999
2026-03-12 21:00:00+00:00,185.5839999999999,185.6299999999999,185.43399999999988,185.57099999999988
2026-03-12 22:00:00+00:00,185.57099999999988,185.7369999999999,185.57099999999988,185.6299999999999
2026-03-12 23:00:00+00:00,185.6299999999999,185.6949999999999,185.5739999999999,185.6289999999999
2026-03-13 00:00:00+00:00,185.6289999999999,185.6289999999999,185.4449999999999,185.4909999999999
2026-03-13 01:00:00+00:00,185.4909999999999,185.5909999999999,185.4829999999999,185.5869999999999
2026-03-13 02:00:00+00:00,185.5869999999999,185.6729999999999,185.54099999999988,185.5549999999999
2026-03-13 03:00:00+00:00,185.5549999999999,185.6179999999999,185.5149999999999,185.56499999999988
2026-03-13 04:00:00+00:00,185.56499999999988,185.8159999999999,185.5249999999999,185.6429999999999
2026-03-13 05:00:00+00:00,185.6429999999999,185.6459999999999,185.4569999999999,185.5189999999999
2026-03-13 06:00:00+00:00,185.5189999999999,185.5259999999999,185.2159999999999,185.2309999999999
2026-03-13 07:00:00+00:00,185.2309999999999,185.2399999999999,184.7649999999999,184.8429999999999
2026-03-13 08:00:00+00:00,184.8429999999999,184.8429999999999,184.4619999999999,184.5189999999999
2026-03-13 09:00:00+00:00,184.5189999999999,184.85699999999989,184.4929999999999,184.8079999999999
2026-03-13 10:00:00+00:00,184.8079999999999,184.9559999999999,184.7759999999999,184.80899999999988
2026-03-13 11:00:00+00:00,184.80899999999988,184.9999999999999,184.7809999999999,184.8429999999999
2026-03-13 12:00:00+00:00,184.8429999999999,185.0799999999999,184.8199999999999,185.0419999999999
2026-03-13 13:00:00+00:00,185.0419999999999,185.0859999999999,184.7649999999999,184.7719999999999
2026-03-13 14:00:00+00:00,184.7719999999999,184.9269999999999,184.73199999999989,184.7549999999999
2026-03-13 15:00:00+00:00,184.7549999999999,184.8409999999999,184.6389999999999,184.7269999999999
2026-03-13 16:00:00+00:00,184.7269999999999,184.8159999999999,184.6879999999999,184.7959999999999
2026-03-13 17:00:00+00:00,184.7959999999999,184.8529999999999,184.7239999999999,184.7499999999999
2026-03-13 18:00:00+00:00,184.7499999999999,184.8119999999999,184.6979999999999,184.7189999999999
2026-03-13 19:00:00+00:00,184.7189999999999,184.7189999999999,184.5289999999999,184.5509999999999
2026-03-13 20:00:00+00:00,184.5509999999999,184.5519999999999,184.41599999999988,184.4919999999999
2026-03-15 21:00:00+00:00,184.4919999999999,184.4919999999999,184.3309999999999,184.4389999999999
2026-03-15 22:00:00+00:00,184.4389999999999,184.6289999999999,184.37799999999996,184.46499999999992
2026-03-15 23:00:00+00:00,184.46499999999992,184.60399999999996,184.41299999999995,184.59099999999992
2026-03-16 00:00:00+00:00,184.59099999999992,184.68499999999992,184.50599999999991,184.6049999999999
2026-03-16 01:00:00+00:00,184.6049999999999,184.68599999999992,184.5389999999999,184.6519999999999
2026-03-16 02:00:00+00:00,184.6519999999999,184.8549999999999,184.6399999999999,184.82799999999992
2026-03-16 03:00:00+00:00,184.82799999999992,184.8609999999999,184.74399999999991,184.7649999999999
2026-03-16 04:00:00+00:00,184.7649999999999,184.83399999999992,184.69099999999992,184.69099999999992
2026-03-16 05:00:00+00:00,184.69099999999992,184.71599999999992,184.32999999999996,184.3309999999999
2026-03-16 06:00:00+00:00,184.3309999999999,184.3429999999999,184.15599999999992,184.2259999999999
2026-03-16 07:00:00+00:00,184.2259999999999,184.2299999999999,183.9979999999999,184.13099999999991
2026-03-16 08:00:00+00:00,184.13099999999991,184.50699999999992,184.11299999999991,184.50099999999992
2026-03-16 09:00:00+00:00,184.50099999999992,184.56699999999992,184.4679999999999,184.5529999999999
2026-03-16 10:00:00+00:00,184.5529999999999,184.90699999999995,184.5279999999999,184.8429999999999
2026-03-16 11:00:00+00:00,184.8429999999999,184.90599999999992,184.76799999999992,184.79799999999992
2026-03-16 12:00:00+00:00,184.79799999999992,184.8129999999999,184.6229999999999,184.71699999999996
2026-03-16 13:00:00+00:00,184.71699999999996,184.94199999999992,184.69799999999992,184.9079999999999
2026-03-16 14:00:00+00:00,184.9079999999999,184.97699999999992,184.79399999999995,184.9699999999999
2026-03-16 15:00:00+00:00,184.9699999999999,185.14399999999992,184.9679999999999,185.10799999999992
2026-03-16 16:00:00+00:00,185.10799999999992,185.20299999999992,184.98899999999992,185.1829999999999
2026-03-16 17:00:00+00:00,185.1829999999999,185.26199999999992,185.14999999999992,185.1649999999999
2026-03-16 18:00:00+00:00,185.1649999999999,185.30499999999992,185.16199999999992,185.2369999999999
2026-03-16 19:00:00+00:00,185.2369999999999,185.30999999999992,185.2359999999999,185.2839999999999
2026-03-16 20:00:00+00:00,185.2839999999999,185.30999999999992,185.03699999999992,185.1059999999999
2026-03-16 21:00:00+00:00,185.1059999999999,185.24999999999997,185.07999999999996,185.135
2026-03-16 22:00:00+00:00,185.135,185.21399999999997,185.10199999999995,185.152
2026-03-16 23:00:00+00:00,185.152,185.21499999999995,185.11,185.153
2026-03-17 00:00:00+00:00,185.153,185.272,185.10599999999997,185.271
2026-03-17 01:00:00+00:00,185.271,185.385,185.23399999999995,185.35099999999997
2026-03-17 02:00:00+00:00,185.35099999999997,185.40099999999995,185.331,185.367
2026-03-17 03:00:00+00:00,185.367,185.41799999999995,185.277,185.29999999999995
2026-03-17 04:00:00+00:00,185.29999999999995,185.32799999999995,185.247,185.24999999999997
2026-03-17 05:00:00+00:00,185.24999999999997,185.313,185.18299999999996,185.20899999999995
2026-03-17 06:00:00+00:00,185.20899999999995,185.23299999999995,184.99399999999997,185.13899999999995
2026-03-17 07:00:00+00:00,185.13899999999995,185.284,185.12499999999997,185.218
2026-03-17 08:00:00+00:00,185.218,185.40699999999995,185.03699999999995,185.32299999999995
2026-03-17 09:00:00+00:00,185.32299999999995,185.50499999999997,185.30999999999997,185.44099999999997
2026-03-17 10:00:00+00:00,185.44099999999997,185.449,185.242,185.26899999999995
2026-03-17 11:00:00+00:00,185.26899999999995,185.32299999999995,185.217,185.265
2026-03-17 12:00:00+00:00,185.265,185.473,185.24599999999995,185.45099999999996
2026-03-17 13:00:00+00:00,185.45099999999996,185.563,185.314,185.36899999999997
2026-03-17 14:00:00+00:00,185.36899999999997,185.48799999999997,185.344,185.486
2026-03-17 15:00:00+00:00,185.486,185.54399999999995,185.409,185.463
2026-03-17 16:00:00+00:00,185.463,185.505,185.354,185.409
2026-03-17 17:00:00+00:00,185.409,185.628,185.40499999999997,185.62599999999995
2026-03-17 18:00:00+00:00,185.62599999999995,185.707,185.62499999999997,185.707
2026-03-17 19:00:00+00:00,185.707,185.72699999999995,185.60699999999997,185.648
2026-03-17 20:00:00+00:00,185.648,185.701,185.60099999999997,185.64499999999995
2026-03-17 21:00:00+00:00,185.64499999999995,185.64499999999995,185.469,185.60699999999997
2026-03-17 22:00:00+00:00,185.60699999999997,185.695,185.606,185.63899999999995
2026-03-17 23:00:00+00:00,185.63899999999995,185.64499999999995,185.547,185.57099999999997
2026-03-18 00:00:00+00:00,185.57099999999997,185.749,185.46399999999997,185.647
2026-03-18 01:00:00+00:00,185.647,185.69699999999995,185.57299999999995,185.604
2026-03-18 02:00:00+00:00,185.604,185.63299999999995,185.42999999999995,185.468
2026-03-18 03:00:00+00:00,185.468,185.57,185.462,185.546
2026-03-18 04:00:00+00:00,185.546,185.577,185.44,185.498
2026-03-18 05:00:00+00:00,185.498,185.50099999999995,185.345,185.427
2026-03-18 06:00:00+00:00,185.427,185.45399999999995,185.309,185.427
2026-03-18 07:00:00+00:00,185.427,185.535,185.161,185.194
2026-03-18 08:00:00+00:00,185.194,185.53099999999995,185.194,185.511
2026-03-18 09:00:00+00:00,185.511,185.59699999999995,185.492,185.558
2026-03-18 10:00:00+00:00,185.558,185.729,185.55599999999995,185.69799999999995
2026-03-18 11:00:00+00:00,185.69799999999995,185.81699999999995,185.642,185.76399999999995
2026-03-18 12:00:00+00:00,185.76399999999995,185.802,185.62599999999995,185.683
2026-03-18 13:00:00+00:00,185.683,185.85899999999995,185.557,185.85899999999995
2026-03-18 14:00:00+00:00,185.85899999999995,185.999,185.699,185.801
2026-03-18 15:00:00+00:00,185.801,185.973,185.773,185.814
2026-03-18 16:00:00+00:00,185.814,185.896,185.735,185.76
2026-03-18 17:00:00+00:00,185.76,185.785,185.677,185.719
2026-03-18 18:00:00+00:00,185.719,185.78699999999995,185.505,185.53
2026-03-18 19:00:00+00:00,185.53,185.58999999999995,185.474,185.511
2026-03-18 20:00:00+00:00,185.511,185.52599999999995,185.23999999999995,185.23999999999995
2026-03-18 21:00:00+00:00,185.23999999999995,185.51,185.09699999999995,185.369
2026-03-18 22:00:00+00:00,185.369,185.426,185.305,185.322
2026-03-18 23:00:00+00:00,185.322,185.476,185.319,185.468
2026-03-19 00:00:00+00:00,185.468,185.609,185.432,185.599
2026-03-19 01:00:00+00:00,185.599,185.684,185.478,185.502
2026-03-19 02:00:00+00:00,185.502,185.69,185.418,185.592
2026-03-19 03:00:00+00:00,185.592,185.616,185.426,185.442
2026-03-19 04:00:00+00:00,185.442,185.449,185.339,185.378
2026-03-19 05:00:00+00:00,185.378,185.452,185.368,185.396
2026-03-19 06:00:00+00:00,185.396,185.521,185.257,185.35
2026-03-19 07:00:00+00:00,185.35,185.367,184.584,184.633
2026-03-19 08:00:00+00:00,184.633,184.826,184.314,184.55
2026-03-19 09:00:00+00:00,184.55,185.046,184.545,184.983
2026-03-19 10:00:00+00:00,184.983,184.983,184.773,184.846
2026-03-19 11:00:00+00:00,184.846,184.942,184.691,184.865
2026-03-19 12:00:00+00:00,184.865,185.016,184.743,184.807
2026-03-19 13:00:00+00:00,184.807,184.854,184.327,184.493
2026-03-19 14:00:00+00:00,184.493,184.656,184.329,184.653
2026-03-19 15:00:00+00:00,184.653,184.831,184.314,184.42
2026-03-19 16:00:00+00:00,184.42,184.661,184.358,184.59
2026-03-19 17:00:00+00:00,184.59,184.805,184.59,184.704
2026-03-19 18:00:00+00:00,184.704,184.958,184.634,184.931
2026-03-19 19:00:00+00:00,184.931,185.248,184.792,184.901
2026-03-19 20:00:00+00:00,184.901,185.028,184.867,185.0
2026-03-19 21:00:00+00:00,185.0,185.068,184.856,184.975
2026-03-19 22:00:00+00:00,184.975,185.158,184.975,185.056
2026-03-19 23:00:00+00:00,185.056,185.162,185.025,185.089
2026-03-20 00:00:00+00:00,185.089,185.126,184.918,184.962
2026-03-20 01:00:00+00:00,184.962,185.154,184.856,185.114
2026-03-20 02:00:00+00:00,185.114,185.357,185.114,185.324
2026-03-20 03:00:00+00:00,185.324,185.344,185.236,185.313
2026-03-20 04:00:00+00:00,185.313,185.352,185.283,185.285
2026-03-20 05:00:00+00:00,185.285,185.347,185.278,185.287
2026-03-20 06:00:00+00:00,185.287,185.451,185.287,185.382
2026-03-20 07:00:00+00:00,185.382,185.571,185.363,185.462
2026-03-20 08:00:00+00:00,185.462,185.687,185.44,185.6
2026-03-20 09:00:00+00:00,185.6,185.774,185.544,185.696
2026-03-20 10:00:00+00:00,185.696,185.749,185.527,185.741
2026-03-20 11:00:00+00:00,185.741,185.871,185.657,185.769
2026-03-20 12:00:00+00:00,185.769,185.869,185.747,185.789
2026-03-20 13:00:00+00:00,185.789,185.882,185.715,185.793
2026-03-20 14:00:00+00:00,185.793,185.882,185.696,185.815
2026-03-20 15:00:00+00:00,185.815,186.124,185.803,186.079
2026-03-20 16:00:00+00:00,186.079,186.396,186.068,186.366
2026-03-20 17:00:00+00:00,186.366,186.414,186.285,186.293
2026-03-20 18:00:00+00:00,186.293,186.474,186.234,186.323
2026-03-20 19:00:00+00:00,186.323,186.391,186.241,186.391
2026-03-20 20:00:00+00:00,186.391,186.505,186.374,186.483
2026-03-22 21:00:00+00:00,186.483,186.52800000000005,186.22800000000004,186.38100000000003
2026-03-22 22:00:00+00:00,186.38100000000003,186.725,186.284,186.639
2026-03-22 23:00:00+00:00,186.639,186.646,186.47100000000003,186.531
2026-03-23 00:00:00+00:00,186.531,186.65500000000003,186.34600000000003,186.653
2026-03-23 01:00:00+00:00,186.653,186.856,186.623,186.79200000000003
2026-03-23 02:00:00+00:00,186.79200000000003,186.80300000000005,186.656,186.72100000000003
2026-03-23 03:00:00+00:00,186.72100000000003,186.79700000000005,186.53600000000003,186.64400000000003
2026-03-23 04:00:00+00:00,186.64400000000003,186.682,186.546,186.633
2026-03-23 05:00:00+00:00,186.633,186.67200000000005,186.53000000000003,186.57200000000003
2026-03-23 06:00:00+00:00,186.57200000000003,186.59000000000003,186.367,186.398
2026-03-23 07:00:00+00:00,186.398,186.57100000000003,186.324,186.481
2026-03-23 08:00:00+00:00,186.481,186.64300000000003,186.266,186.347
2026-03-23 09:00:00+00:00,186.347,186.377,185.90500000000003,185.91600000000005
2026-03-23 10:00:00+00:00,185.91600000000005,185.966,185.802,185.861
2026-03-23 11:00:00+00:00,185.861,186.73800000000003,185.68,186.19000000000003
2026-03-23 12:00:00+00:00,186.19000000000003,186.60200000000003,186.117,186.582
2026-03-23 13:00:00+00:00,186.582,186.611,186.28000000000003,186.32200000000003
2026-03-23 14:00:00+00:00,186.32200000000003,186.76300000000003,186.16700000000003,186.54200000000003
2026-03-23 15:00:00+00:00,186.54200000000003,186.645,186.355,186.396
2026-03-23 16:00:00+00:00,186.396,186.516,186.28500000000005,186.45800000000003
2026-03-23 17:00:00+00:00,186.45800000000003,186.49,186.32200000000003,186.34500000000003
2026-03-23 18:00:00+00:00,186.34500000000003,186.475,186.253,186.438
2026-03-23 19:00:00+00:00,186.438,186.511,186.35,186.497
2026-03-23 20:00:00+00:00,186.497,186.549,186.42,186.492
2026-03-23 21:00:00+00:00,186.492,186.498,186.343,186.47100000000003
2026-03-23 22:00:00+00:00,186.47100000000003,186.47700000000003,186.374,186.408
2026-03-23 23:00:00+00:00,186.408,186.499,186.341,186.48900000000003
2026-03-24 00:00:00+00:00,186.48900000000003,186.50600000000003,186.159,186.281
2026-03-24 01:00:00+00:00,186.281,186.311,186.14400000000003,186.23300000000003
2026-03-24 02:00:00+00:00,186.23300000000003,186.367,186.216,186.35
2026-03-24 03:00:00+00:00,186.35,186.386,186.246,186.379
2026-03-24 04:00:00+00:00,186.379,186.398,186.299,186.36300000000003
2026-03-24 05:00:00+00:00,186.36300000000003,186.384,186.27,186.271
2026-03-24 06:00:00+00:00,186.271,186.391,186.252,186.36900000000003
2026-03-24 07:00:00+00:00,186.36900000000003,186.58,186.347,186.511
2026-03-24 08:00:00+00:00,186.511,186.511,186.19100000000003,186.372
2026-03-24 09:00:00+00:00,186.372,186.503,186.272,186.45
2026-03-24 10:00:00+00:00,186.45,186.531,186.408,186.475
2026-03-24 11:00:00+00:00,186.475,186.534,186.385,186.523
2026-03-24 12:00:00+00:00,186.523,186.63100000000003,186.444,186.508
2026-03-24 13:00:00+00:00,186.508,186.57,186.33400000000003,186.377
2026-03-24 14:00:00+00:00,186.377,186.576,186.374,186.472
2026-03-24 15:00:00+00:00,186.472,186.508,186.402,186.49400000000003
2026-03-24 16:00:00+00:00,186.49400000000003,186.646,186.48200000000003,186.59600000000003
2026-03-24 17:00:00+00:00,186.59600000000003,186.706,186.383,186.668
2026-03-24 18:00:00+00:00,186.668,186.687,186.605,186.647
2026-03-24 19:00:00+00:00,186.647,186.75100000000003,186.642,186.718
2026-03-24 20:00:00+00:00,186.718,186.772,186.587,186.706
2026-03-24 21:00:00+00:00,186.706,186.743,186.52,186.707
2026-03-24 22:00:00+00:00,186.707,186.85200000000003,186.659,186.819
2026-03-24 23:00:00+00:00,186.819,186.88,186.764,186.835
2026-03-25 00:00:00+00:00,186.835,187.07700000000003,186.802,186.919
2026-03-25 01:00:00+00:00,186.919,186.95300000000003,186.823,186.82800000000003
2026-03-25 02:00:00+00:00,186.82800000000003,186.868,186.73300000000003,186.799
2026-03-25 03:00:00+00:00,186.799,186.82700000000003,186.73800000000003,186.788
2026-03-25 04:00:00+00:00,186.788,186.914,186.765,186.793
2026-03-25 05:00:00+00:00,186.793,186.88200000000003,186.754,186.83
2026-03-25 06:00:00+00:00,186.83,186.936,186.787,186.907
2026-03-25 07:00:00+00:00,186.907,187.124,186.88,187.079
2026-03-25 08:00:00+00:00,187.079,187.097,186.707,186.73800000000003
2026-03-25 09:00:00+00:00,186.73800000000003,186.85800000000003,186.71500000000003,186.82700000000003
2026-03-25 10:00:00+00:00,186.82700000000003,186.957,186.826,186.906
2026-03-25 11:00:00+00:00,186.906,186.95200000000003,186.79800000000003,186.871
2026-03-25 12:00:00+00:00,186.871,186.93,186.783,186.849
2026-03-25 13:00:00+00:00,186.849,186.908,186.654,186.7
2026-03-25 14:00:00+00:00,186.7,186.835,186.634,186.79800000000003
2026-03-25 15:00:00+00:00,186.79800000000003,186.842,186.55900000000003,186.718
2026-03-25 16:00:00+00:00,186.718,186.771,186.56000000000003,186.73200000000003
2026-03-25 17:00:00+00:00,186.73200000000003,186.93500000000003,186.722,186.91100000000003
2026-03-25 18:00:00+00:00,186.91100000000003,186.974,186.84500000000003,186.908
2026-03-25 19:00:00+00:00,186.908,186.966,186.87600000000003,186.907
2026-03-25 20:00:00+00:00,186.907,186.909,186.817,186.831
2026-03-25 21:00:00+00:00,186.831,186.862,186.747,186.778
2026-03-25 22:00:00+00:00,186.778,186.83900000000003,186.776,186.802
2026-03-25 23:00:00+00:00,186.802,186.837,186.758,186.79700000000005
2026-03-26 00:00:00+00:00,186.79700000000005,186.892,186.73800000000003,186.842
2026-03-26 01:00:00+00:00,186.842,186.975,186.83,186.94600000000003
2026-03-26 02:00:00+00:00,186.94600000000003,186.968,186.835,186.909
2026-03-26 03:00:00+00:00,186.909,186.997,186.861,186.985
2026-03-26 04:00:00+00:00,186.985,186.99500000000003,186.925,186.973
2026-03-26 05:00:00+00:00,186.973,186.984,186.831,186.85100000000003
2026-03-26 06:00:00+00:00,186.85100000000003,186.86300000000003,186.70200000000003,186.78500000000005
2026-03-26 07:00:00+00:00,186.78500000000005,186.817,186.683,186.802
2026-03-26 08:00:00+00:00,186.802,186.88100000000003,186.718,186.86
2026-03-26 09:00:00+00:00,186.86,186.93400000000003,186.755,186.88700000000003
2026-03-26 10:00:00+00:00,186.88700000000003,186.96400000000003,186.825,186.84500000000003
2026-03-26 11:00:00+00:00,186.84500000000003,186.86300000000003,186.49,186.51200000000003
2026-03-26 12:00:00+00:00,186.51200000000003,186.676,186.503,186.66000000000005
2026-03-26 13:00:00+00:00,186.66000000000005,186.784,186.639,186.654
2026-03-26 14:00:00+00:00,186.654,186.807,186.63200000000003,186.766
2026-03-26 15:00:00+00:00,186.766,186.83400000000003,186.67200000000005,186.784
2026-03-26 16:00:00+00:00,186.784,186.814,186.659,186.701
2026-03-26 17:00:00+00:00,186.701,186.746,186.64300000000003,186.66000000000005
2026-03-26 18:00:00+00:00,186.66000000000005,186.78500000000005,186.651,186.761
2026-03-26 19:00:00+00:00,186.761,186.766,186.668,186.67
2026-03-26 20:00:00+00:00,186.67,186.79800000000003,186.617,186.689
2026-03-26 21:00:00+00:00,186.689,186.719,186.54300000000003,186.64400000000003
2026-03-26 22:00:00+00:00,186.64400000000003,186.76800000000003,186.64400000000003,186.71600000000004
2026-03-26 23:00:00+00:00,186.71600000000004,186.75100000000003,186.69000000000003,186.74600000000004
2026-03-27 00:00:00+00:00,186.74600000000004,186.75600000000003,186.37700000000004,186.492
2026-03-27 01:00:00+00:00,186.492,186.65000000000003,186.443,186.55
2026-03-27 02:00:00+00:00,186.55,186.66200000000003,186.54300000000003,186.58
2026-03-27 03:00:00+00:00,186.58,186.694,186.53000000000003,186.688
2026-03-27 04:00:00+00:00,186.688,186.76200000000003,186.629,186.75700000000003
2026-03-27 05:00:00+00:00,186.75700000000003,186.784,186.693,186.73400000000004
2026-03-27 06:00:00+00:00,186.73400000000004,186.79,186.66200000000003,186.77
2026-03-27 07:00:00+00:00,186.77,186.85200000000003,186.72100000000003,186.747
2026-03-27 08:00:00+00:00,186.747,186.749,186.61400000000003,186.654
2026-03-27 09:00:00+00:00,186.654,186.72100000000003,186.6,186.664
2026-03-27 10:00:00+00:00,186.664,186.73400000000004,186.586,186.59600000000003
2026-03-27 11:00:00+00:00,186.59600000000003,186.60900000000004,186.43600000000004,186.46500000000003
2026-03-27 12:00:00+00:00,186.46500000000003,186.647,186.373,186.606
2026-03-27 13:00:00+00:00,186.606,186.909,186.606,186.77
2026-03-27 14:00:00+00:00,186.77,186.90600000000003,186.743,186.855
2026-03-27 15:00:00+00:00,186.855,187.017,186.802,187.01
2026-03-27 16:00:00+00:00,187.01,187.169,186.904,186.98200000000003
2026-03-27 17:00:00+00:00,186.98200000000003,187.122,186.962,187.094
2026-03-27 18:00:00+00:00,187.094,187.153,187.00600000000003,187.011
2026-03-27 19:00:00+00:00,187.011,187.03100000000003,186.949,186.95300000000003
2026-03-27 20:00:00+00:00,186.95300000000003,187.052,186.91200000000003,186.95900000000003
2026-03-29 21:00:00+00:00,186.95900000000003,187.252,186.759,187.16900000000007
2026-03-29 22:00:00+00:00,187.16900000000007,187.4000000000001,187.10000000000005,187.19400000000007
2026-03-29 23:00:00+00:00,187.19400000000007,187.2750000000001,187.0300000000001,187.0420000000001
2026-03-30 00:00:00+00:00,187.0420000000001,187.0550000000001,186.8640000000001,186.86800000000005
2026-03-30 01:00:00+00:00,186.86800000000005,186.97400000000007,186.8530000000001,186.89600000000007
2026-03-30 02:00:00+00:00,186.89600000000007,186.95800000000008,186.7930000000001,186.90300000000008
2026-03-30 03:00:00+00:00,186.90300000000008,186.93800000000007,186.82600000000005,186.90800000000007
2026-03-30 04:00:00+00:00,186.90800000000007,186.9240000000001,186.79400000000007,186.88100000000009
2026-03-30 05:00:00+00:00,186.88100000000009,186.89800000000005,186.7270000000001,186.84200000000007
2026-03-30 06:00:00+00:00,186.84200000000007,186.92100000000005,186.71400000000008,186.87800000000007
2026-03-30 07:00:00+00:00,186.87800000000007,186.87800000000007,186.43800000000007,186.6080000000001
2026-03-30 08:00:00+00:00,186.6080000000001,186.62500000000009,186.36800000000005,186.4780000000001
2026-03-30 09:00:00+00:00,186.4780000000001,186.5010000000001,186.24400000000009,186.34800000000007
2026-03-30 10:00:00+00:00,186.34800000000007,186.35000000000005,186.23100000000005,186.27700000000007
2026-03-30 11:00:00+00:00,186.27700000000007,186.29000000000005,186.09200000000007,186.10500000000008
2026-03-30 12:00:00+00:00,186.10500000000008,186.10600000000005,185.88400000000007,185.90700000000007
2026-03-30 13:00:00+00:00,185.90700000000007,185.9780000000001,185.73600000000008,185.78200000000007
2026-03-30 14:00:00+00:00,185.78200000000007,185.87800000000007,185.69500000000005,185.80800000000005
2026-03-30 15:00:00+00:00,185.80800000000005,185.83100000000007,185.51200000000009,185.5660000000001
2026-03-30 16:00:00+00:00,185.5660000000001,185.6380000000001,185.49000000000007,185.62200000000007
2026-03-30 17:00:00+00:00,185.62200000000007,185.7800000000001,185.61200000000005,185.7270000000001
2026-03-30 18:00:00+00:00,185.7270000000001,185.8820000000001,185.69400000000007,185.8470000000001
2026-03-30 19:00:00+00:00,185.8470000000001,185.91600000000008,185.80200000000008,185.90800000000007
2026-03-30 20:00:00+00:00,185.90800000000007,186.01400000000007,185.87300000000008,185.9840000000001
2026-03-30 21:00:00+00:00,185.9840000000001,186.04400000000007,185.83800000000008,186.00300000000007
2026-03-30 22:00:00+00:00,186.00300000000007,186.05800000000008,185.99100000000007,186.03300000000007
2026-03-30 23:00:00+00:00,186.03300000000007,186.04000000000008,185.95200000000008,186.0360000000001
2026-03-31 00:00:00+00:00,186.0360000000001,186.37400000000008,185.95000000000007,186.36700000000008
2026-03-31 01:00:00+00:00,186.36700000000008,186.48200000000008,186.21900000000008,186.23800000000008
2026-03-31 02:00:00+00:00,186.23800000000008,186.25500000000008,186.05100000000007,186.06800000000007
2026-03-31 03:00:00+00:00,186.06800000000007,186.12500000000009,186.04600000000008,186.11000000000007
2026-03-31 04:00:00+00:00,186.11000000000007,186.13500000000008,185.98200000000008,185.98500000000007
2026-03-31 05:00:00+00:00,185.98500000000007,186.01200000000009,185.73500000000007,185.90100000000007
2026-03-31 06:00:00+00:00,185.90100000000007,186.1740000000001,185.8470000000001,186.14700000000008
2026-03-31 07:00:00+00:00,186.14700000000008,186.17200000000008,185.9890000000001,186.0600000000001
2026-03-31 08:00:00+00:00,186.0600000000001,186.0910000000001,185.88100000000009,185.89200000000008
2026-03-31 09:00:00+00:00,185.89200000000008,186.0250000000001,185.79400000000007,185.99800000000008
2026-03-31 10:00:00+00:00,185.99800000000008,186.07600000000008,185.94500000000008,185.9480000000001
2026-03-31 11:00:00+00:00,185.9480000000001,186.11100000000008,185.92500000000007,186.0970000000001
2026-03-31 12:00:00+00:00,186.0970000000001,186.33900000000008,186.0900000000001,186.2270000000001
2026-03-31 13:00:00+00:00,186.2270000000001,186.4120000000001,186.16400000000007,186.3640000000001
2026-03-31 14:00:00+00:00,186.3640000000001,186.55700000000007,186.13600000000008,186.1920000000001
2026-03-31 15:00:00+00:00,186.1920000000001,186.2680000000001,185.9780000000001,186.1260000000001
2026-03-31 16:00:00+00:00,186.1260000000001,186.52200000000008,186.1140000000001,186.34800000000007
2026-03-31 17:00:00+00:00,186.34800000000007,186.4650000000001,186.32000000000008,186.33700000000007
2026-03-31 18:00:00+00:00,186.33700000000007,186.3760000000001,186.22500000000008,186.3230000000001
2026-03-31 19:00:00+00:00,186.3230000000001,186.40200000000007,186.29500000000007,186.36100000000008
2026-03-31 20:00:00+00:00,186.36100000000008,186.3990000000001,186.2040000000001,186.2570000000001
2026-03-31 21:00:00+00:00,186.2570000000001,186.47500000000008,186.2570000000001,186.3580000000001
2026-03-31 22:00:00+00:00,186.3580000000001,186.4950000000001,186.3580000000001,186.4660000000001
2026-03-31 23:00:00+00:00,186.4660000000001,186.54500000000007,186.40100000000007,186.53900000000007
2026-04-01 00:00:00+00:00,186.53900000000007,186.84300000000007,186.4180000000001,186.7800000000001
2026-04-01 01:00:00+00:00,186.7800000000001,186.8520000000001,186.51700000000008,186.5480000000001
2026-04-01 02:00:00+00:00,186.5480000000001,186.64000000000007,186.52700000000007,186.61900000000009
2026-04-01 03:00:00+00:00,186.61900000000009,186.65800000000007,186.4350000000001,186.65300000000008
2026-04-01 04:00:00+00:00,186.65300000000008,186.76000000000008,186.6260000000001,186.63400000000007
2026-04-01 05:00:00+00:00,186.63400000000007,186.8170000000001,186.5480000000001,186.55000000000007
2026-04-01 06:00:00+00:00,186.55000000000007,186.6500000000001,186.40300000000008,186.4950000000001
2026-04-01 07:00:00+00:00,186.4950000000001,186.90900000000008,186.4050000000001,186.8880000000001
2026-04-01 08:00:00+00:00,186.8880000000001,187.05000000000007,186.8230000000001,186.8880000000001
2026-04-01 09:00:00+00:00,186.8880000000001,187.0670000000001,186.69300000000007,187.0310000000001
2026-04-01 10:00:00+00:00,187.0310000000001,187.07000000000008,186.8520000000001,186.87500000000009
2026-04-01 11:00:00+00:00,186.87500000000009,186.9410000000001,186.79600000000008,186.80000000000007
2026-04-01 12:00:00+00:00,186.80000000000007,187.04100000000008,186.71400000000008,186.96300000000008
2026-04-01 13:00:00+00:00,186.96300000000008,187.2870000000001,186.9240000000001,187.19000000000008
2026-04-01 14:00:00+00:00,187.19000000000008,187.30300000000008,187.07700000000008,187.2030000000001
2026-04-01 15:00:00+00:00,187.2030000000001,187.25600000000009,187.0960000000001,187.2280000000001
2026-04-01 16:00:00+00:00,187.2280000000001,187.24700000000007,187.15100000000007,187.21800000000007
2026-04-01 17:00:00+00:00,187.21800000000007,187.22400000000007,186.99000000000007,187.00600000000009
2026-04-01 18:00:00+00:00,187.00600000000009,187.03800000000007,186.8580000000001,186.9290000000001
2026-04-01 19:00:00+00:00,186.9290000000001,187.11700000000008,186.9230000000001,187.0550000000001
2026-04-01 20:00:00+00:00,187.0550000000001,187.09500000000008,186.93900000000008,187.00800000000007
2026-04-01 21:00:00+00:00,187.00800000000007,187.01700000000005,186.71200000000007,186.90200000000007
2026-04-01 22:00:00+00:00,186.90200000000007,186.96900000000008,186.79400000000007,186.81900000000007
2026-04-01 23:00:00+00:00,186.81900000000007,186.93100000000007,186.7870000000001,186.92700000000008
2026-04-02 00:00:00+00:00,186.92700000000008,187.04100000000005,186.8460000000001,186.96300000000008
2026-04-02 01:00:00+00:00,186.96300000000008,187.06300000000007,186.78300000000007,186.99000000000007
2026-04-02 02:00:00+00:00,186.99000000000007,187.11000000000007,186.91600000000005,187.05900000000003
2026-04-02 03:00:00+00:00,187.05900000000003,187.08200000000008,186.87400000000008,186.88900000000007
2026-04-02 04:00:00+00:00,186.88900000000007,186.9120000000001,186.78900000000007,186.81200000000007
2026-04-02 05:00:00+00:00,186.81200000000007,186.86800000000008,186.7040000000001,186.74300000000008
2026-04-02 06:00:00+00:00,186.74300000000008,186.85400000000007,186.50800000000007,186.82400000000007
2026-04-02 07:00:00+00:00,186.82400000000007,187.16000000000005,186.8110000000001,187.0070000000001
2026-04-02 08:00:00+00:00,187.0070000000001,187.08300000000008,186.94500000000008,187.01500000000007
2026-04-02 09:00:00+00:00,187.01500000000007,187.0660000000001,186.8990000000001,186.9000000000001
2026-04-02 10:00:00+00:00,186.9000000000001,186.9060000000001,186.7750000000001,186.80900000000003
2026-04-02 11:00:00+00:00,186.80900000000003,186.96700000000007,186.77800000000008,186.9170000000001
2026-04-02 12:00:00+00:00,186.9170000000001,187.01200000000009,186.90700000000007,186.94500000000008
2026-04-02 13:00:00+00:00,186.94500000000008,187.01200000000009,186.82700000000008,186.86600000000007
2026-04-02 14:00:00+00:00,186.86600000000007,187.16900000000007,186.79000000000008,187.0610000000001
2026-04-02 15:00:00+00:00,187.0610000000001,187.09800000000007,186.92100000000008,186.94400000000007
2026-04-02 16:00:00+00:00,186.94400000000007,187.11200000000008,186.88700000000009,187.04400000000007
2026-04-02 17:00:00+00:00,187.04400000000007,187.2150000000001,187.02900000000005,187.1140000000001
2026-04-02 18:00:00+00:00,187.1140000000001,187.20600000000007,187.10500000000008,187.14000000000007
2026-04-02 19:00:00+00:00,187.14000000000007,187.17200000000005,187.07000000000008,187.14200000000008
2026-04-02 20:00:00+00:00,187.14200000000008,187.14800000000005,187.0610000000001,187.06800000000007
2026-04-02 21:00:00+00:00,187.06800000000007,187.1430000000001,186.871,186.972
2026-04-02 22:00:00+00:00,186.972,186.991,186.908,186.938
2026-04-02 23:00:00+00:00,186.938,186.956,186.912,186.918
2026-04-03 00:00:00+00:00,186.918,187.032,186.849,186.988
2026-04-03 01:00:00+00:00,186.988,187.035,186.949,186.995
2026-04-03 02:00:00+00:00,186.995,187.049,186.979,187.04
2026-04-03 03:00:00+00:00,187.04,187.061,186.929,186.939
2026-04-03 04:00:00+00:00,186.939,186.973,186.865,186.948
2026-04-03 05:00:00+00:00,186.948,187.05,186.882,187.047
2026-04-03 06:00:00+00:00,187.047,187.065,186.986,187.053
2026-04-03 07:00:00+00:00,187.053,187.085,187.029,187.048
2026-04-03 08:00:00+00:00,187.048,187.109,187.03,187.077
2026-04-03 09:00:00+00:00,187.077,187.105,187.032,187.067
2026-04-03 10:00:00+00:00,187.067,187.134,187.061,187.098
2026-04-03 11:00:00+00:00,187.098,187.108,186.99,187.04
2026-04-03 12:00:00+00:00,187.04,187.069,186.801,186.906
2026-04-03 13:00:00+00:00,186.906,186.949,186.753,186.84
2026-04-03 14:00:00+00:00,186.84,186.871,186.719,186.723
2026-04-03 15:00:00+00:00,186.723,186.801,186.717,186.783
2026-04-03 16:00:00+00:00,186.783,186.792,186.709,186.72
2026-04-03 17:00:00+00:00,186.72,186.774,186.709,186.737
2026-04-03 18:00:00+00:00,186.737,186.764,186.637,186.665
2026-04-03 19:00:00+00:00,186.665,186.696,186.64,186.646
2026-04-03 20:00:00+00:00,186.646,186.914,186.531,186.894
2026-04-05 21:00:00+00:00,183.913,183.913,183.53099999999995,183.751
2026-04-05 22:00:00+00:00,183.751,183.775,183.502,183.701
2026-04-05 23:00:00+00:00,183.701,183.785,183.61499999999995,183.731
2026-04-06 00:00:00+00:00,183.731,183.82899999999995,183.649,183.73
2026-04-06 01:00:00+00:00,183.73,183.73,183.533,183.587
2026-04-06 02:00:00+00:00,183.587,183.75699999999995,183.57,183.64999999999995
2026-04-06 03:00:00+00:00,183.64999999999995,183.715,183.593,183.705
2026-04-06 04:00:00+00:00,183.705,183.72699999999995,183.646,183.724
2026-04-06 05:00:00+00:00,183.724,183.789,183.705,183.74499999999995
2026-04-06 06:00:00+00:00,183.74499999999995,183.946,183.682,183.909
2026-04-06 07:00:00+00:00,183.909,184.267,183.86,184.148
2026-04-06 08:00:00+00:00,184.148,184.208,183.998,184.00699999999995
2026-04-06 09:00:00+00:00,184.00699999999995,184.07299999999995,183.959,183.985
2026-04-06 10:00:00+00:00,183.985,184.03099999999995,183.91299999999995,183.97799999999995
2026-04-06 11:00:00+00:00,183.97799999999995,184.072,183.976,184.052
2026-04-06 12:00:00+00:00,184.052,184.06699999999995,183.959,184.004
2026-04-06 13:00:00+00:00,184.004,184.212,183.976,184.176
2026-04-06 14:00:00+00:00,184.176,184.292,184.117,184.189
2026-04-06 15:00:00+00:00,184.189,184.23999999999995,184.141,184.202
2026-04-06 16:00:00+00:00,184.202,184.218,184.14499999999995,184.18099999999995
2026-04-06 17:00:00+00:00,184.18099999999995,184.28199999999995,184.128,184.232
2026-04-06 18:00:00+00:00,184.232,184.274,184.17499999999995,184.205
2026-04-06 19:00:00+00:00,184.205,184.21599999999995,184.13799999999995,184.165
2026-04-06 20:00:00+00:00,184.165,184.19,184.09599999999995,184.1
2026-04-06 21:00:00+00:00,184.1,184.205,184.048,184.089
2026-04-06 22:00:00+00:00,184.089,184.143,184.082,184.13
2026-04-06 23:00:00+00:00,184.13,184.158,184.09599999999995,184.13299999999995
2026-04-07 00:00:00+00:00,184.13299999999995,184.247,184.122,184.23299999999995
2026-04-07 01:00:00+00:00,184.23299999999995,184.267,184.146,184.179
2026-04-07 02:00:00+00:00,184.179,184.197,184.112,184.161
2026-04-07 03:00:00+00:00,184.161,184.209,184.14499999999995,184.18699999999995
2026-04-07 04:00:00+00:00,184.18699999999995,184.196,184.106,184.142
2026-04-07 05:00:00+00:00,184.142,184.19199999999995,184.095,184.13199999999995
2026-04-07 06:00:00+00:00,184.13199999999995,184.307,184.105,184.295
2026-04-07 07:00:00+00:00,184.295,184.375,184.243,184.35199999999995
2026-04-07 08:00:00+00:00,184.35199999999995,184.481,184.318,184.417
2026-04-07 09:00:00+00:00,184.417,184.467,184.373,184.416
2026-04-07 10:00:00+00:00,184.416,184.453,184.26299999999995,184.451
2026-04-07 11:00:00+00:00,184.451,184.599,184.375,184.59599999999995
2026-04-07 12:00:00+00:00,184.59599999999995,184.65099999999995,184.529,184.54299999999995
2026-04-07 13:00:00+00:00,184.54299999999995,184.731,184.518,184.72099999999995
2026-04-07 14:00:00+00:00,184.72099999999995,184.975,184.68099999999995,184.928
2026-04-07 15:00:00+00:00,184.928,184.986,184.84699999999995,184.85299999999995
2026-04-07 16:00:00+00:00,184.85299999999995,184.88899999999995,184.79999999999995,184.869
2026-04-07 17:00:00+00:00,184.869,184.874,184.753,184.82
2026-04-07 18:00:00+00:00,184.82,184.848,184.777,184.844
2026-04-07 19:00:00+00:00,184.844,184.94799999999995,184.832,184.87099999999995
2026-04-07 20:00:00+00:00,184.87099999999995,185.004,184.836,184.84599999999995
2026-04-07 21:00:00+00:00,184.84599999999995,184.962,184.81199999999995,184.874
2026-04-07 22:00:00+00:00,184.874,185.256,184.848,185.254
2026-04-07 23:00:00+00:00,185.254,185.381,185.082,185.308
2026-04-08 00:00:00+00:00,185.308,185.316,184.87599999999995,185.051
2026-04-08 01:00:00+00:00,185.051,185.09699999999995,184.765,184.777
2026-04-08 02:00:00+00:00,184.777,184.905,184.708,184.783
2026-04-08 03:00:00+00:00,184.783,184.80599999999995,184.636,184.747
2026-04-08 04:00:00+00:00,184.747,184.857,184.71599999999995,184.732
2026-04-08 05:00:00+00:00,184.732,185.01899999999995,184.697,184.884
2026-04-08 06:00:00+00:00,184.884,184.93599999999995,184.72199999999995,184.868
2026-04-08 07:00:00+00:00,184.868,184.902,184.761,184.872
2026-04-08 08:00:00+00:00,184.872,184.914,184.708,184.834
2026-04-08 09:00:00+00:00,184.834,184.968,184.766,184.93699999999995
2026-04-08 10:00:00+00:00,184.93699999999995,185.04399999999995,184.92,185.041
2026-04-08 11:00:00+00:00,185.041,185.154,184.967,184.99499999999995
2026-04-08 12:00:00+00:00,184.99499999999995,185.027,184.825,184.927
2026-04-08 13:00:00+00:00,184.927,184.952,184.796,184.91899999999995
2026-04-08 14:00:00+00:00,184.91899999999995,185.03699999999995,184.891,184.933
2026-04-08 15:00:00+00:00,184.933,185.047,184.89,184.929
2026-04-08 16:00:00+00:00,184.929,184.953,184.849,184.899
2026-04-08 17:00:00+00:00,184.899,184.938,184.79,184.822
2026-04-08 18:00:00+00:00,184.822,184.892,184.73,184.765
2026-04-08 19:00:00+00:00,184.765,184.832,184.69799999999995,184.81
2026-04-08 20:00:00+00:00,184.81,184.842,184.70399999999995,184.718
2026-04-08 21:00:00+00:00,184.718,184.8179999999999,184.63899999999992,184.70999999999992
2026-04-08 22:00:00+00:00,184.70999999999992,184.76199999999992,184.6769999999999,184.7239999999999
2026-04-08 23:00:00+00:00,184.7239999999999,184.8019999999999,184.70999999999992,184.76899999999992
2026-04-09 00:00:00+00:00,184.76899999999992,184.9919999999999,184.7169999999999,184.9819999999999
2026-04-09 01:00:00+00:00,184.9819999999999,185.02999999999992,184.92999999999992,185.01899999999992
2026-04-09 02:00:00+00:00,185.01899999999992,185.0459999999999,184.9459999999999,184.9459999999999
2026-04-09 03:00:00+00:00,184.9459999999999,185.0029999999999,184.9009999999999,184.94599999999988
2026-04-09 04:00:00+00:00,184.94599999999988,185.0179999999999,184.9059999999999,184.99299999999988
2026-04-09 05:00:00+00:00,184.99299999999988,185.0599999999999,184.9499999999999,185.0219999999999
2026-04-09 06:00:00+00:00,185.0219999999999,185.06999999999988,184.9299999999999,185.01099999999988
2026-04-09 07:00:00+00:00,185.01099999999988,185.20799999999988,185.01099999999988,185.20699999999988
2026-04-09 08:00:00+00:00,185.20699999999988,185.4109999999999,185.16599999999988,185.3879999999999
2026-04-09 09:00:00+00:00,185.3879999999999,185.4799999999999,185.3699999999999,185.4089999999999
2026-04-09 10:00:00+00:00,185.4089999999999,185.5279999999999,185.4019999999999,185.46999999999989
2026-04-09 11:00:00+00:00,185.46999999999989,185.5259999999999,185.4419999999999,185.5209999999999
2026-04-09 12:00:00+00:00,185.5209999999999,185.6799999999999,185.4659999999999,185.60599999999988
2026-04-09 13:00:00+00:00,185.60599999999988,185.6849999999999,185.5389999999999,185.6409999999999
2026-04-09 14:00:00+00:00,185.6409999999999,185.83899999999988,185.5809999999999,185.8059999999999
2026-04-09 15:00:00+00:00,185.8059999999999,186.0219999999999,185.71299999999988,185.7639999999999
2026-04-09 16:00:00+00:00,185.7639999999999,185.7659999999999,185.5839999999999,185.7209999999999
2026-04-09 17:00:00+00:00,185.7209999999999,185.8889999999999,185.70699999999988,185.78499999999988
2026-04-09 18:00:00+00:00,185.78499999999988,185.84499999999989,185.74299999999988,185.8289999999999
2026-04-09 19:00:00+00:00,185.8289999999999,186.03499999999988,185.8189999999999,185.95199999999988
2026-04-09 20:00:00+00:00,185.95199999999988,185.95799999999988,185.6909999999999,185.70699999999988
2026-04-09 21:00:00+00:00,185.70699999999988,185.8309999999999,185.6979999999999,185.8259999999999
2026-04-09 22:00:00+00:00,185.8259999999999,185.8599999999999,185.7989999999999,185.83899999999988
2026-04-09 23:00:00+00:00,185.83899999999988,185.8639999999999,185.8009999999999,185.8059999999999
2026-04-10 00:00:00+00:00,185.8059999999999,185.9139999999999,185.7969999999999,185.8529999999999
2026-04-10 01:00:00+00:00,185.8529999999999,185.9089999999999,185.7389999999999,185.7449999999999
2026-04-10 02:00:00+00:00,185.7449999999999,185.8919999999999,185.7379999999999,185.8749999999999
2026-04-10 03:00:00+00:00,185.8749999999999,185.9569999999999,185.8469999999999,185.9229999999999
2026-04-10 04:00:00+00:00,185.9229999999999,185.9709999999999,185.8969999999999,185.9219999999999
2026-04-10 05:00:00+00:00,185.9219999999999,185.9809999999999,185.9049999999999,185.9649999999999
2026-04-10 06:00:00+00:00,185.9649999999999,186.0109999999999,185.8959999999999,185.9099999999999
2026-04-10 07:00:00+00:00,185.9099999999999,185.98199999999989,185.8669999999999,185.9059999999999
2026-04-10 08:00:00+00:00,185.9059999999999,185.9939999999999,185.8609999999999,185.9779999999999
2026-04-10 09:00:00+00:00,185.9779999999999,186.3259999999999,185.9319999999999,186.2789999999999
2026-04-10 10:00:00+00:00,186.2789999999999,186.3489999999999,186.2539999999999,186.2689999999999
2026-04-10 11:00:00+00:00,186.2689999999999,186.3529999999999,186.2279999999999,186.2629999999999
2026-04-10 12:00:00+00:00,186.2629999999999,186.3549999999999,186.0189999999999,186.3459999999999
2026-04-10 13:00:00+00:00,186.3459999999999,186.5189999999999,186.3199999999999,186.4669999999999
2026-04-10 14:00:00+00:00,186.4669999999999,186.5909999999999,186.4219999999999,186.4249999999999
2026-04-10 15:00:00+00:00,186.4249999999999,186.5299999999999,186.3369999999999,186.4529999999999
2026-04-10 16:00:00+00:00,186.4529999999999,186.5379999999999,186.4209999999999,186.4689999999999
2026-04-10 17:00:00+00:00,186.4689999999999,186.5539999999999,186.4679999999999,186.5489999999999
2026-04-10 18:00:00+00:00,186.5489999999999,186.6839999999999,186.5139999999999,186.6619999999999
2026-04-10 19:00:00+00:00,186.6619999999999,186.6829999999999,186.60099999999989,186.6189999999999
2026-04-10 20:00:00+00:00,186.6189999999999,186.6669999999999,186.4769999999999,186.4949999999999
2026-04-12 21:00:00+00:00,186.4949999999999,186.5619999999999,186.34799999999987,186.47699999999983
2026-04-12 22:00:00+00:00,186.47699999999983,186.82799999999983,186.4539999999999,186.75599999999983
2026-04-12 23:00:00+00:00,186.75599999999983,186.79799999999983,186.58599999999987,186.65399999999983
2026-04-13 00:00:00+00:00,186.65399999999983,187.01899999999983,186.62899999999988,186.89499999999987
2026-04-13 01:00:00+00:00,186.89499999999987,186.92499999999987,186.81099999999984,186.84599999999983
2026-04-13 02:00:00+00:00,186.84599999999983,186.93699999999987,186.82799999999983,186.91499999999988
2026-04-13 03:00:00+00:00,186.91499999999988,186.93399999999983,186.86899999999983,186.87599999999983
2026-04-13 04:00:00+00:00,186.87599999999983,186.96199999999988,186.85899999999987,186.89199999999985
2026-04-13 05:00:00+00:00,186.89199999999985,186.91799999999984,186.84999999999988,186.86499999999987
2026-04-13 06:00:00+00:00,186.86499999999987,186.90099999999987,186.71599999999987,186.82199999999983
2026-04-13 07:00:00+00:00,186.82199999999983,187.01999999999987,186.81799999999987,186.92899999999983
2026-04-13 08:00:00+00:00,186.92899999999983,186.94299999999987,186.81499999999983,186.87099999999987
2026-04-13 09:00:00+00:00,186.87099999999987,186.95699999999988,186.84899999999988,186.90599999999984
2026-04-13 10:00:00+00:00,186.90599999999984,186.98299999999983,186.83299999999983,186.96799999999988
2026-04-13 11:00:00+00:00,186.96799999999988,187.08499999999987,186.93699999999987,186.96099999999987
2026-04-13 12:00:00+00:00,186.96099999999987,187.11199999999988,186.93899999999988,187.10799999999983
2026-04-13 13:00:00+00:00,187.10799999999983,187.18699999999987,186.98199999999983,186.99599999999987
2026-04-13 14:00:00+00:00,186.99599999999987,187.22099999999983,186.96799999999988,187.09899999999988
2026-04-13 15:00:00+00:00,187.09899999999988,187.31999999999988,187.08599999999987,187.28999999999988
2026-04-13 16:00:00+00:00,187.28999999999988,187.34399999999988,187.24099999999987,187.27999999999983
2026-04-13 17:00:00+00:00,187.27999999999983,187.3289999999999,187.22799999999987,187.28299999999987
2026-04-13 18:00:00+00:00,187.28299999999987,187.69699999999983,187.23699999999988,187.67299999999983
2026-04-13 19:00:00+00:00,187.67299999999983,187.68899999999988,187.52299999999985,187.67599999999987
2026-04-13 20:00:00+00:00,187.67599999999987,187.74899999999985,187.67499999999987,187.70999999999987
2026-04-13 21:00:00+00:00,187.70999999999987,187.70999999999987,187.55099999999987,187.56599999999983
2026-04-13 22:00:00+00:00,187.56599999999983,187.74599999999987,187.56599999999983,187.68299999999988
2026-04-13 23:00:00+00:00,187.68299999999988,187.68299999999988,187.55699999999987,187.58899999999983
2026-04-14 00:00:00+00:00,187.58899999999983,187.65699999999987,187.49199999999988,187.51299999999983
2026-04-14 01:00:00+00:00,187.51299999999983,187.5789999999999,187.38599999999985,187.46799999999988
2026-04-14 02:00:00+00:00,187.46799999999988,187.51099999999985,187.36199999999988,187.39799999999985
2026-04-14 03:00:00+00:00,187.39799999999985,187.45299999999983,187.35299999999987,187.44399999999987
2026-04-14 04:00:00+00:00,187.44399999999987,187.46699999999987,187.35999999999987,187.36199999999988
2026-04-14 05:00:00+00:00,187.36199999999988,187.47099999999983,187.31899999999987,187.44299999999987
2026-04-14 06:00:00+00:00,187.44299999999987,187.71299999999988,187.41099999999983,187.69399999999987
2026-04-14 07:00:00+00:00,187.69399999999987,187.77299999999985,187.60999999999987,187.61899999999983
2026-04-14 08:00:00+00:00,187.61899999999983,187.70099999999988,187.56199999999987,187.65699999999987
2026-04-14 09:00:00+00:00,187.65699999999987,187.75799999999987,187.48799999999983,187.64599999999987
2026-04-14 10:00:00+00:00,187.64599999999987,187.70099999999988,187.53499999999983,187.59599999999983
2026-04-14 11:00:00+00:00,187.59599999999983,187.63499999999988,187.53999999999988,187.57999999999987
2026-04-14 12:00:00+00:00,187.57999999999987,187.62899999999988,187.49299999999988,187.59199999999987
2026-04-14 13:00:00+00:00,187.59199999999987,187.70299999999983,187.54099999999983,187.67899999999983
2026-04-14 14:00:00+00:00,187.67899999999983,187.6979999999999,187.41999999999987,187.69299999999987
2026-04-14 15:00:00+00:00,187.69299999999987,187.70799999999983,187.48999999999987,187.59899999999988
2026-04-14 16:00:00+00:00,187.59899999999988,187.62099999999987,187.54199999999983,187.56899999999987
2026-04-14 17:00:00+00:00,187.56899999999987,187.61499999999987,187.46099999999987,187.47299999999987
2026-04-14 18:00:00+00:00,187.47299999999987,187.54299999999984,187.42399999999984,187.52499999999984
2026-04-14 19:00:00+00:00,187.52499999999984,187.60699999999983,187.51499999999987,187.56599999999983
2026-04-14 20:00:00+00:00,187.56599999999983,187.61199999999988,187.49399999999983,187.49499999999983
2026-04-14 21:00:00+00:00,187.49499999999983,187.52499999999984,187.42599999999987,187.47799999999987
2026-04-14 22:00:00+00:00,187.47799999999987,187.58799999999988,187.47799999999987,187.58499999999987
2026-04-14 23:00:00+00:00,187.58499999999987,187.64299999999983,187.58299999999983,187.59699999999987
2026-04-15 00:00:00+00:00,187.59699999999987,187.60499999999988,187.4539999999999,187.54299999999984
2026-04-15 01:00:00+00:00,187.54299999999984,187.68699999999987,187.54299999999984,187.60199999999983
2026-04-15 02:00:00+00:00,187.60199999999983,187.65099999999987,187.52799999999988,187.63799999999983
2026-04-15 03:00:00+00:00,187.63799999999983,187.68599999999984,187.57799999999983,187.63099999999983
2026-04-15 04:00:00+00:00,187.63099999999983,187.67999999999984,187.61499999999987,187.65599999999984
2026-04-15 05:00:00+00:00,187.65599999999984,187.73399999999987,187.61199999999988,187.68099999999987
2026-04-15 06:00:00+00:00,187.68099999999987,187.70199999999983,187.57699999999983,187.62699999999987
2026-04-15 07:00:00+00:00,187.62699999999987,187.64999999999984,187.49299999999988,187.54399999999987
2026-04-15 08:00:00+00:00,187.54399999999987,187.56199999999987,187.33599999999987,187.42099999999988
2026-04-15 09:00:00+00:00,187.42099999999988,187.50299999999987,187.33999999999983,187.43899999999988
2026-04-15 10:00:00+00:00,187.43899999999988,187.51799999999983,187.38399999999987,187.45899999999983
2026-04-15 11:00:00+00:00,187.45899999999983,187.63499999999988,187.41799999999984,187.61799999999988
2026-04-15 12:00:00+00:00,187.61799999999988,187.8289999999999,187.61599999999987,187.78999999999988
2026-04-15 13:00:00+00:00,187.78999999999988,187.82599999999988,187.66999999999987,187.69299999999987
2026-04-15 14:00:00+00:00,187.69299999999987,187.81799999999987,187.66299999999987,187.78699999999984
2026-04-15 15:00:00+00:00,187.78699999999984,187.87599999999983,187.74399999999983,187.85599999999988
2026-04-15 16:00:00+00:00,187.85599999999988,187.87299999999988,187.56499999999983,187.72999999999988
2026-04-15 17:00:00+00:00,187.72999999999988,187.90099999999987,187.72299999999987,187.89399999999983
2026-04-15 18:00:00+00:00,187.89399999999983,187.93299999999988,187.84599999999983,187.88899999999987
2026-04-15 19:00:00+00:00,187.88899999999987,187.90699999999987,187.81399999999988,187.82399999999987
2026-04-15 20:00:00+00:00,187.82399999999987,187.84099999999987,187.74599999999987,187.80699999999987
2026-04-15 21:00:00+00:00,187.80699999999987,187.81499999999988,187.67199999999988,187.69599999999988
2026-04-15 22:00:00+00:00,187.69599999999988,187.75499999999988,187.6739999999999,187.71199999999988
2026-04-15 23:00:00+00:00,187.71199999999988,187.7469999999999,187.65299999999988,187.7239999999999
2026-04-16 00:00:00+00:00,187.7239999999999,187.7289999999999,187.5929999999999,187.6279999999999
2026-04-16 01:00:00+00:00,187.6279999999999,187.6399999999999,187.5329999999999,187.57999999999996
2026-04-16 02:00:00+00:00,187.57999999999996,187.7469999999999,187.51999999999992,187.52599999999995
2026-04-16 03:00:00+00:00,187.52599999999995,187.6519999999999,187.3069999999999,187.6479999999999
2026-04-16 04:00:00+00:00,187.6479999999999,187.6939999999999,187.60799999999992,187.6399999999999
2026-04-16 05:00:00+00:00,187.6399999999999,187.7429999999999,187.57799999999992,187.7179999999999
2026-04-16 06:00:00+00:00,187.7179999999999,187.7489999999999,187.5699999999999,187.6339999999999
2026-04-16 07:00:00+00:00,187.6339999999999,187.6529999999999,187.4979999999999,187.5339999999999
2026-04-16 08:00:00+00:00,187.5339999999999,187.5989999999999,187.4989999999999,187.5869999999999
2026-04-16 09:00:00+00:00,187.5869999999999,187.61299999999991,187.49999999999991,187.5459999999999
2026-04-16 10:00:00+00:00,187.5459999999999,187.5689999999999,187.48899999999992,187.53199999999995
2026-04-16 11:00:00+00:00,187.53199999999995,187.5699999999999,187.47799999999992,187.5289999999999
2026-04-16 12:00:00+00:00,187.5289999999999,187.6829999999999,187.4729999999999,187.66699999999992
2026-04-16 13:00:00+00:00,187.66699999999992,187.6829999999999,187.50799999999992,187.65099999999995
2026-04-16 14:00:00+00:00,187.65099999999995,187.7259999999999,187.56199999999995,187.68499999999992
2026-04-16 15:00:00+00:00,187.68499999999992,187.7319999999999,187.60299999999992,187.63299999999992
2026-04-16 16:00:00+00:00,187.63299999999992,187.6769999999999,187.61299999999991,187.64299999999992
2026-04-16 17:00:00+00:00,187.64299999999992,187.73799999999991,187.6119999999999,187.7129999999999
2026-04-16 18:00:00+00:00,187.7129999999999,187.77999999999992,187.67399999999992,187.7609999999999
2026-04-16 19:00:00+00:00,187.7609999999999,187.78099999999992,187.6759999999999,187.7349999999999
2026-04-16 20:00:00+00:00,187.7349999999999,187.77599999999995,187.5949999999999,187.6299999999999
2026-04-16 21:00:00+00:00,187.6299999999999,187.69699999999992,187.5829999999999,187.64299999999992
2026-04-16 22:00:00+00:00,187.64299999999992,187.75199999999992,187.62599999999992,187.7259999999999
2026-04-16 23:00:00+00:00,187.7259999999999,187.7909999999999,187.70299999999992,187.76899999999992
2026-04-17 00:00:00+00:00,187.76899999999992,187.9279999999999,187.7299999999999,187.88199999999992
2026-04-17 01:00:00+00:00,187.88199999999992,187.9509999999999,187.8139999999999,187.8729999999999
2026-04-17 02:00:00+00:00,187.8729999999999,187.94699999999992,187.86299999999991,187.9089999999999
2026-04-17 03:00:00+00:00,187.9089999999999,188.0409999999999,187.8919999999999,188.02399999999992
2026-04-17 04:00:00+00:00,188.02399999999992,188.1159999999999,188.00699999999992,188.1039999999999
2026-04-17 05:00:00+00:00,188.1039999999999,188.1589999999999,188.0809999999999,188.0879999999999
2026-04-17 06:00:00+00:00,188.0879999999999,188.12699999999992,187.8789999999999,187.9099999999999
2026-04-17 07:00:00+00:00,187.9099999999999,187.9689999999999,187.8389999999999,187.8729999999999
2026-04-17 08:00:00+00:00,187.8729999999999,187.94799999999992,187.78199999999995,187.8969999999999
2026-04-17 09:00:00+00:00,187.8969999999999,187.9729999999999,187.7299999999999,187.7729999999999
2026-04-17 10:00:00+00:00,187.7729999999999,187.94299999999996,187.7489999999999,187.9379999999999
2026-04-17 11:00:00+00:00,187.9379999999999,188.0339999999999,187.91099999999992,187.9389999999999
2026-04-17 12:00:00+00:00,187.9389999999999,187.95999999999992,187.6579999999999,187.69199999999992
2026-04-17 13:00:00+00:00,187.69199999999992,187.75099999999992,187.33999999999992,187.4039999999999
2026-04-17 14:00:00+00:00,187.4039999999999,187.4329999999999,186.5219999999999,186.6889999999999
2026-04-17 15:00:00+00:00,186.6889999999999,186.88899999999992,186.6529999999999,186.7769999999999
2026-04-17 16:00:00+00:00,186.7769999999999,186.79899999999992,186.6349999999999,186.6779999999999
2026-04-17 17:00:00+00:00,186.6779999999999,186.8189999999999,186.6649999999999,186.76999999999992
2026-04-17 18:00:00+00:00,186.76999999999992,186.8499999999999,186.7489999999999,186.84599999999992
2026-04-17 19:00:00+00:00,186.84599999999992,186.87499999999991,186.79199999999992,186.82199999999992
2026-04-17 20:00:00+00:00,186.82199999999992,186.88799999999992,186.6939999999999,186.76999999999992
2026-04-19 21:00:00+00:00,186.76999999999992,186.87099999999995,186.694,186.83
2026-04-19 22:00:00+00:00,186.83,187.14499999999995,186.82199999999995,187.135
2026-04-19 23:00:00+00:00,187.135,187.32899999999995,187.10599999999997,187.29099999999997
2026-04-20 00:00:00+00:00,187.29099999999997,187.51099999999997,187.23799999999997,187.35899999999995
2026-04-20 01:00:00+00:00,187.35899999999995,187.38099999999997,187.22199999999995,187.22599999999997
2026-04-20 02:00:00+00:00,187.22599999999997,187.29399999999995,187.2,187.254
2026-04-20 03:00:00+00:00,187.254,187.32299999999995,187.207,187.307
2026-04-20 04:00:00+00:00,187.307,187.36199999999997,187.27499999999995,187.31199999999995
2026-04-20 05:00:00+00:00,187.31199999999995,187.38699999999997,187.24499999999995,187.27299999999997
2026-04-20 06:00:00+00:00,187.27299999999997,187.444,187.213,187.37499999999997
2026-04-20 07:00:00+00:00,187.37499999999997,187.43999999999997,187.259,187.39499999999995
2026-04-20 08:00:00+00:00,187.39499999999995,187.54,187.36899999999997,187.44099999999997
2026-04-20 09:00:00+00:00,187.44099999999997,187.48799999999997,187.30999999999997,187.44099999999997
2026-04-20 10:00:00+00:00,187.44099999999997,187.53799999999995,187.372,187.509
2026-04-20 11:00:00+00:00,187.509,187.552,187.344,187.36799999999997
2026-04-20 12:00:00+00:00,187.36799999999997,187.43599999999995,187.29999999999995,187.38199999999995
2026-04-20 13:00:00+00:00,187.38199999999995,187.41799999999995,187.217,187.25599999999997
2026-04-20 14:00:00+00:00,187.25599999999997,187.378,187.223,187.308
2026-04-20 15:00:00+00:00,187.308,187.47199999999995,187.28799999999995,187.438
2026-04-20 16:00:00+00:00,187.438,187.503,187.40099999999995,187.44799999999995
2026-04-20 17:00:00+00:00,187.44799999999995,187.53799999999995,187.44099999999997,187.53799999999995
2026-04-20 18:00:00+00:00,187.53799999999995,187.671,187.503,187.65399999999997
2026-04-20 19:00:00+00:00,187.65399999999997,187.701,187.60199999999995,187.67199999999997
2026-04-20 20:00:00+00:00,187.67199999999997,187.754,187.62399999999997,187.62999999999997
2026-04-20 21:00:00+00:00,187.62999999999997,187.6359999999999,187.5329999999999,187.55999999999992
2026-04-20 22:00:00+00:00,187.55999999999992,187.6629999999999,187.5579999999999,187.6569999999999
2026-04-20 23:00:00+00:00,187.6569999999999,187.6689999999999,187.61399999999992,187.6479999999999
2026-04-21 00:00:00+00:00,187.6479999999999,187.79299999999992,187.63699999999992,187.7469999999999
2026-04-21 01:00:00+00:00,187.7469999999999,187.7779999999999,187.69799999999992,187.7069999999999
2026-04-21 02:00:00+00:00,187.7069999999999,187.7519999999999,187.6469999999999,187.69199999999992
2026-04-21 03:00:00+00:00,187.69199999999992,187.6959999999999,187.6219999999999,187.67299999999992
2026-04-21 04:00:00+00:00,187.67299999999992,187.6829999999999,187.62499999999991,187.63699999999992
2026-04-21 05:00:00+00:00,187.63699999999992,187.66199999999992,187.5929999999999,187.6209999999999
2026-04-21 06:00:00+00:00,187.6209999999999,187.64399999999992,187.4499999999999,187.4579999999999
2026-04-21 07:00:00+00:00,187.4579999999999,187.6149999999999,187.4509999999999,187.5329999999999
2026-04-21 08:00:00+00:00,187.5329999999999,187.7639999999999,187.5139999999999,187.72699999999992
2026-04-21 09:00:00+00:00,187.72699999999992,187.7599999999999,187.5859999999999,187.66699999999992
2026-04-21 10:00:00+00:00,187.66699999999992,187.7109999999999,187.6299999999999,187.6829999999999
2026-04-21 11:00:00+00:00,187.6829999999999,187.7709999999999,187.60199999999992,187.6099999999999
2026-04-21 12:00:00+00:00,187.6099999999999,187.6939999999999,187.54799999999992,187.6419999999999
2026-04-21 13:00:00+00:00,187.6419999999999,187.6929999999999,187.5929999999999,187.6389999999999
2026-04-21 14:00:00+00:00,187.6389999999999,187.79299999999992,187.63699999999992,187.7639999999999
2026-04-21 15:00:00+00:00,187.7639999999999,187.8089999999999,187.6419999999999,187.7729999999999
2026-04-21 16:00:00+00:00,187.7729999999999,187.8239999999999,187.6819999999999,187.69699999999992
2026-04-21 17:00:00+00:00,187.69699999999992,187.7239999999999,187.5099999999999,187.5529999999999
2026-04-21 18:00:00+00:00,187.5529999999999,187.59599999999992,187.49499999999992,187.5759999999999
2026-04-21 19:00:00+00:00,187.5759999999999,187.6399999999999,187.4839999999999,187.6099999999999
2026-04-21 20:00:00+00:00,187.6099999999999,187.7429999999999,187.5409999999999,187.5409999999999
2026-04-21 21:00:00+00:00,187.5409999999999,187.6829999999999,187.4739999999999,187.5929999999999
2026-04-21 22:00:00+00:00,187.5929999999999,187.6569999999999,187.5739999999999,187.6109999999999
2026-04-21 23:00:00+00:00,187.6109999999999,187.69699999999992,187.59599999999992,187.6589999999999
2026-04-22 00:00:00+00:00,187.6589999999999,187.6759999999999,187.4689999999999,187.5499999999999
2026-04-22 01:00:00+00:00,187.5499999999999,187.5619999999999,187.4959999999999,187.5209999999999
2026-04-22 02:00:00+00:00,187.5209999999999,187.5989999999999,187.5199999999999,187.5739999999999
2026-04-22 03:00:00+00:00,187.5739999999999,187.6349999999999,187.55999999999992,187.5889999999999
2026-04-22 04:00:00+00:00,187.5889999999999,187.5999999999999,187.5159999999999,187.5429999999999
2026-04-22 05:00:00+00:00,187.5429999999999,187.63699999999992,187.5279999999999,187.58999999999992
2026-04-22 06:00:00+00:00,187.58999999999992,187.6109999999999,187.4459999999999,187.4509999999999
2026-04-22 07:00:00+00:00,187.4509999999999,187.6879999999999,187.4389999999999,187.6509999999999
2026-04-22 08:00:00+00:00,187.6509999999999,187.7909999999999,187.6039999999999,187.7829999999999
2026-04-22 09:00:00+00:00,187.7829999999999,187.8079999999999,187.6559999999999,187.6709999999999
2026-04-22 10:00:00+00:00,187.6709999999999,187.7039999999999,187.5889999999999,187.6009999999999
2026-04-22 11:00:00+00:00,187.6009999999999,187.6009999999999,187.3329999999999,187.3589999999999
2026-04-22 12:00:00+00:00,187.3589999999999,187.3959999999999,187.23799999999991,187.36899999999991
2026-04-22 13:00:00+00:00,187.36899999999991,187.3879999999999,187.2119999999999,187.36399999999992
2026-04-22 14:00:00+00:00,187.36399999999992,187.3729999999999,187.2449999999999,187.2669999999999
2026-04-22 15:00:00+00:00,187.2669999999999,187.3889999999999,187.23299999999992,187.3049999999999
2026-04-22 16:00:00+00:00,187.3049999999999,187.3289999999999,187.2629999999999,187.3069999999999
2026-04-22 17:00:00+00:00,187.3069999999999,187.3169999999999,187.1929999999999,187.1959999999999
2026-04-22 18:00:00+00:00,187.1959999999999,187.2509999999999,187.17899999999992,187.2149999999999
2026-04-22 19:00:00+00:00,187.2149999999999,187.2439999999999,187.1839999999999,187.2389999999999
2026-04-22 20:00:00+00:00,187.2389999999999,187.2529999999999,187.1079999999999,187.1079999999999
2026-04-22 21:00:00+00:00,187.1079999999999,187.15299999999988,187.04499999999987,187.15299999999988
2026-04-22 22:00:00+00:00,187.15299999999988,187.1969999999999,187.1379999999999,187.1809999999999
2026-04-22 23:00:00+00:00,187.1809999999999,187.20099999999988,187.13499999999988,187.1799999999999
2026-04-23 00:00:00+00:00,187.1799999999999,187.2499999999999,187.0539999999999,187.08799999999988
2026-04-23 01:00:00+00:00,187.08799999999988,187.16599999999988,187.0669999999999,187.11099999999988
2026-04-23 02:00:00+00:00,187.11099999999988,187.1929999999999,187.0979999999999,187.10599999999988
2026-04-23 03:00:00+00:00,187.10599999999988,187.1309999999999,187.05899999999988,187.0859999999999
2026-04-23 04:00:00+00:00,187.0859999999999,187.18999999999988,187.08299999999988,187.1609999999999
2026-04-23 05:00:00+00:00,187.1609999999999,187.26599999999988,187.1509999999999,187.2569999999999
2026-04-23 06:00:00+00:00,187.2569999999999,187.39699999999988,187.23199999999989,187.34299999999988
2026-04-23 07:00:00+00:00,187.34299999999988,187.4549999999999,187.1989999999999,187.2579999999999
2026-04-23 08:00:00+00:00,187.2579999999999,187.37299999999988,187.25399999999988,187.35699999999989
2026-04-23 09:00:00+00:00,187.35699999999989,187.3649999999999,187.2159999999999,187.2749999999999
2026-04-23 10:00:00+00:00,187.2749999999999,187.31499999999988,187.04499999999987,187.0719999999999
2026-04-23 11:00:00+00:00,187.0719999999999,187.1039999999999,187.00499999999988,187.0189999999999
2026-04-23 12:00:00+00:00,187.0189999999999,187.0729999999999,186.9229999999999,186.9829999999999
2026-04-23 13:00:00+00:00,186.9829999999999,187.1209999999999,186.93999999999988,187.0479999999999
2026-04-23 14:00:00+00:00,187.0479999999999,187.24199999999988,187.0059999999999,187.15799999999987
2026-04-23 15:00:00+00:00,187.15799999999987,187.18199999999987,187.06999999999988,187.08899999999988
2026-04-23 16:00:00+00:00,187.08899999999988,187.1249999999999,187.01499999999987,187.08899999999988
2026-04-23 17:00:00+00:00,187.08899999999988,187.15199999999987,187.0079999999999,187.05899999999988
2026-04-23 18:00:00+00:00,187.05899999999988,187.0899999999999,187.0259999999999,187.08099999999988
2026-04-23 19:00:00+00:00,187.08099999999988,187.1319999999999,187.0599999999999,187.1189999999999
2026-04-23 20:00:00+00:00,187.1189999999999,187.1429999999999,187.03499999999988,187.0379999999999
2026-04-23 21:00:00+00:00,187.0379999999999,187.14099999999988,186.9059999999999,187.08199999999988
2026-04-23 22:00:00+00:00,187.08199999999988,187.1849999999999,187.08199999999988,187.16499999999988
2026-04-23 23:00:00+00:00,187.16499999999988,187.2219999999999,187.12999999999988,187.1859999999999
2026-04-24 00:00:00+00:00,187.1859999999999,187.26099999999988,187.1559999999999,187.2559999999999
2026-04-24 01:00:00+00:00,187.2559999999999,187.2799999999999,187.2089999999999,187.2679999999999
2026-04-24 02:00:00+00:00,187.2679999999999,187.28899999999987,187.1189999999999,187.1319999999999
2026-04-24 03:00:00+00:00,187.1319999999999,187.1689999999999,187.1139999999999,187.14099999999988
2026-04-24 04:00:00+00:00,187.14099999999988,187.16399999999987,187.0789999999999,187.13999999999987
2026-04-24 05:00:00+00:00,187.13999999999987,187.1919999999999,187.11699999999988,187.1789999999999
2026-04-24 06:00:00+00:00,187.1789999999999,187.1859999999999,186.99799999999988,187.02799999999988
2026-04-24 07:00:00+00:00,187.02799999999988,187.2399999999999,186.97299999999987,187.1979999999999
2026-04-24 08:00:00+00:00,187.1979999999999,187.29999999999987,187.12799999999987,187.2439999999999
2026-04-24 09:00:00+00:00,187.2439999999999,187.25499999999988,187.17199999999988,187.2219999999999
2026-04-24 10:00:00+00:00,187.2219999999999,187.4009999999999,187.21399999999988,187.3829999999999
2026-04-24 11:00:00+00:00,187.3829999999999,187.4179999999999,187.2209999999999,187.30199999999988
2026-04-24 12:00:00+00:00,187.30199999999988,187.38599999999988,187.2449999999999,187.34999999999988
2026-04-24 13:00:00+00:00,187.34999999999988,187.3889999999999,187.26699999999988,187.3629999999999
2026-04-24 14:00:00+00:00,187.3629999999999,187.3889999999999,187.2089999999999,187.2629999999999
2026-04-24 15:00:00+00:00,187.2629999999999,187.32499999999987,187.21299999999988,187.25999999999988
2026-04-24 16:00:00+00:00,187.25999999999988,187.30599999999987,187.22399999999988,187.2859999999999
2026-04-24 17:00:00+00:00,187.2859999999999,187.3099999999999,187.24199999999988,187.2639999999999
2026-04-24 18:00:00+00:00,187.2639999999999,187.3639999999999,187.25899999999987,187.34499999999989
2026-04-24 19:00:00+00:00,187.34499999999989,187.3749999999999,187.3049999999999,187.35399999999987
2026-04-24 20:00:00+00:00,187.35399999999987,187.37799999999987,187.20699999999988,187.22999999999988
2026-04-26 21:00:00+00:00,187.22999999999988,187.3019999999999,187.06599999999992,187.2499999999999
2026-04-26 22:00:00+00:00,187.2499999999999,187.34199999999987,187.22899999999987,187.2979999999999
2026-04-26 23:00:00+00:00,187.2979999999999,187.33099999999988,187.25899999999987,187.29599999999988
2026-04-27 00:00:00+00:00,187.29599999999988,187.36499999999987,187.25999999999988,187.34799999999987
2026-04-27 01:00:00+00:00,187.34799999999987,187.38499999999988,187.24699999999987,187.30599999999987
2026-04-27 02:00:00+00:00,187.30599999999987,187.33699999999988,187.25799999999987,187.3039999999999
2026-04-27 03:00:00+00:00,187.3039999999999,187.32699999999988,187.24799999999988,187.26999999999987
2026-04-27 04:00:00+00:00,187.26999999999987,187.26999999999987,187.18999999999988,187.23499999999987
2026-04-27 05:00:00+00:00,187.23499999999987,187.39099999999988,187.21999999999989,187.37299999999988
2026-04-27 06:00:00+00:00,187.37299999999988,187.39999999999984,187.26599999999988,187.31399999999988
2026-04-27 07:00:00+00:00,187.31399999999988,187.50699999999983,187.25199999999987,187.49699999999987
2026-04-27 08:00:00+00:00,187.49699999999987,187.52299999999988,187.38199999999983,187.47599999999989
2026-04-27 09:00:00+00:00,187.47599999999989,187.49699999999987,187.3929999999999,187.46599999999987
2026-04-27 10:00:00+00:00,187.46599999999987,187.4949999999999,187.3759999999999,187.43999999999988
2026-04-27 11:00:00+00:00,187.43999999999988,187.45599999999988,187.3519999999999,187.41799999999984
2026-04-27 12:00:00+00:00,187.41799999999984,187.57499999999987,187.40199999999987,187.5059999999999
2026-04-27 13:00:00+00:00,187.5059999999999,187.60099999999989,187.43199999999987,187.4709999999999
2026-04-27 14:00:00+00:00,187.4709999999999,187.4889999999999,187.2979999999999,187.36199999999988
2026-04-27 15:00:00+00:00,187.36199999999988,187.41299999999987,187.3289999999999,187.36799999999988
2026-04-27 16:00:00+00:00,187.36799999999988,187.45799999999988,187.34999999999988,187.39999999999984
2026-04-27 17:00:00+00:00,187.39999999999984,187.42399999999984,187.33899999999988,187.35399999999987
2026-04-27 18:00:00+00:00,187.35399999999987,187.3989999999999,187.33299999999988,187.3699999999999
2026-04-27 19:00:00+00:00,187.3699999999999,187.39599999999987,187.34499999999989,187.3579999999999
2026-04-27 20:00:00+00:00,187.3579999999999,187.39199999999988,187.31199999999987,187.3219999999999
2026-04-27 21:00:00+00:00,187.3219999999999,187.47699999999983,187.3039999999999,187.45099999999985
2026-04-27 22:00:00+00:00,187.45099999999985,187.53199999999987,187.43999999999983,187.51499999999984
2026-04-27 23:00:00+00:00,187.51499999999984,187.56099999999984,187.44499999999985,187.47299999999984
2026-04-28 00:00:00+00:00,187.47299999999984,187.53599999999983,187.41799999999984,187.52399999999983
2026-04-28 01:00:00+00:00,187.52399999999983,187.55499999999984,187.46699999999984,187.52399999999983
2026-04-28 02:00:00+00:00,187.52399999999983,187.54399999999987,187.40699999999987,187.41099999999983
2026-04-28 03:00:00+00:00,187.41099999999983,187.46799999999985,186.91999999999985,186.97999999999985
2026-04-28 04:00:00+00:00,186.97999999999985,186.99499999999983,186.88099999999983,186.97099999999983
2026-04-28 05:00:00+00:00,186.97099999999983,187.02599999999987,186.94099999999983,187.00399999999985
2026-04-28 06:00:00+00:00,187.00399999999985,187.02099999999984,186.74999999999983,186.88699999999983
2026-04-28 07:00:00+00:00,186.88699999999983,187.28199999999987,186.84299999999985,187.24899999999985
2026-04-28 08:00:00+00:00,187.24899999999985,187.49599999999987,187.24899999999985,187.26699999999985
2026-04-28 09:00:00+00:00,187.26699999999985,187.31599999999983,187.13999999999984,187.22399999999985
2026-04-28 10:00:00+00:00,187.22399999999985,187.3289999999999,187.19099999999983,187.31199999999987
2026-04-28 11:00:00+00:00,187.31199999999987,187.45799999999983,187.28899999999985,187.29299999999984
2026-04-28 12:00:00+00:00,187.29299999999984,187.35399999999984,187.12499999999983,187.16899999999987
2026-04-28 13:00:00+00:00,187.16899999999987,187.35199999999983,187.13499999999985,187.23099999999985
2026-04-28 14:00:00+00:00,187.23099999999985,187.53799999999987,187.19999999999985,187.53499999999983
2026-04-28 15:00:00+00:00,187.53499999999983,187.59199999999984,187.48899999999983,187.53299999999984
2026-04-28 16:00:00+00:00,187.53299999999984,187.56499999999983,187.45599999999985,187.49799999999985
2026-04-28 17:00:00+00:00,187.49799999999985,187.56299999999985,187.46999999999983,187.53099999999984
2026-04-28 18:00:00+00:00,187.53099999999984,187.62599999999983,187.51999999999987,187.59299999999985
2026-04-28 19:00:00+00:00,187.59299999999985,187.61299999999983,187.54499999999985,187.60399999999984
2026-04-28 20:00:00+00:00,187.60399999999984,187.62799999999984,187.56899999999985,187.56999999999985
2026-04-28 21:00:00+00:00,187.56999999999985,187.57799999999983,187.40699999999987,187.49199999999988
2026-04-28 22:00:00+00:00,187.49199999999988,187.61799999999985,187.49199999999988,187.56599999999983
2026-04-28 23:00:00+00:00,187.56599999999983,187.59399999999985,187.53099999999984,187.57999999999987
2026-04-29 00:00:00+00:00,187.57999999999987,187.61399999999983,187.51099999999985,187.53799999999987
2026-04-29 01:00:00+00:00,187.53799999999987,187.58699999999988,187.50499999999985,187.55599999999987
2026-04-29 02:00:00+00:00,187.55599999999987,187.59199999999987,187.49199999999988,187.49999999999983
2026-04-29 03:00:00+00:00,187.49999999999983,187.53099999999984,187.45799999999983,187.46799999999988
2026-04-29 04:00:00+00:00,187.46799999999988,187.51499999999987,187.45599999999988,187.48099999999985
2026-04-29 05:00:00+00:00,187.48099999999985,187.51099999999985,187.40299999999988,187.48699999999985
2026-04-29 06:00:00+00:00,187.48699999999985,187.52199999999988,187.36399999999983,187.41499999999988
2026-04-29 07:00:00+00:00,187.41499999999988,187.56099999999984,187.38499999999988,187.52299999999985
2026-04-29 08:00:00+00:00,187.52299999999985,187.57499999999987,187.38099999999983,187.56599999999983
2026-04-29 09:00:00+00:00,187.56599999999983,187.64799999999985,187.51699999999985,187.58399999999983
2026-04-29 10:00:00+00:00,187.58399999999983,187.68099999999987,187.53799999999987,187.67899999999983
2026-04-29 11:00:00+00:00,187.67899999999983,187.72999999999988,187.63699999999983,187.64399999999983
2026-04-29 12:00:00+00:00,187.64399999999983,187.77599999999987,187.63299999999987,187.77599999999987
2026-04-29 13:00:00+00:00,187.77599999999987,187.85399999999987,187.66699999999983,187.84799999999987
2026-04-29 14:00:00+00:00,187.84799999999987,187.95999999999987,187.75799999999987,187.95299999999983
2026-04-29 15:00:00+00:00,187.95299999999983,188.10299999999987,187.90999999999983,188.00299999999987
2026-04-29 16:00:00+00:00,188.00299999999987,188.01199999999983,187.90099999999987,187.93599999999984
2026-04-29 17:00:00+00:00,187.93599999999984,187.94599999999983,187.79499999999987,187.80399999999983
2026-04-29 18:00:00+00:00,187.80399999999983,187.88799999999983,187.68799999999987,187.78499999999983
2026-04-29 19:00:00+00:00,187.78499999999983,187.91299999999987,187.72599999999983,187.88499999999988
2026-04-29 20:00:00+00:00,187.88499999999988,187.93699999999987,187.83999999999983,187.92399999999984
2026-04-29 21:00:00+00:00,187.92399999999984,187.97999999999988,187.87599999999983,187.94999999999987
2026-04-29 22:00:00+00:00,187.94999999999987,188.03299999999987,187.93599999999984,187.97699999999983
2026-04-29 23:00:00+00:00,187.97699999999983,187.9939999999999,187.89699999999988,187.9319999999999
2026-04-30 00:00:00+00:00,187.9319999999999,188.0129999999999,187.8299999999999,187.9599999999999
2026-04-30 01:00:00+00:00,187.9599999999999,187.9779999999999,187.80199999999988,187.8119999999999
2026-04-30 02:00:00+00:00,187.8119999999999,187.8829999999999,187.7739999999999,187.8219999999999
2026-04-30 03:00:00+00:00,187.8219999999999,187.92099999999988,187.8179999999999,187.8989999999999
2026-04-30 04:00:00+00:00,187.8989999999999,187.9549999999999,187.8039999999999,187.9379999999999
2026-04-30 05:00:00+00:00,187.9379999999999,188.06399999999988,187.9069999999999,188.06399999999988
2026-04-30 06:00:00+00:00,188.06399999999988,188.19599999999988,188.0129999999999,188.1909999999999
2026-04-30 07:00:00+00:00,188.1909999999999,188.2929999999999,187.42199999999988,187.7709999999999
2026-04-30 08:00:00+00:00,187.7709999999999,187.95799999999988,186.9609999999999,187.14799999999988
2026-04-30 09:00:00+00:00,187.14799999999988,187.2049999999999,186.8049999999999,187.08799999999988
2026-04-30 10:00:00+00:00,187.08799999999988,187.1039999999999,184.58799999999988,184.8609999999999
2026-04-30 11:00:00+00:00,184.8609999999999,185.0779999999999,183.0069999999999,183.7829999999999
2026-04-30 12:00:00+00:00,183.7829999999999,184.4109999999999,183.7029999999999,184.1169999999999
2026-04-30 13:00:00+00:00,184.1169999999999,184.26699999999988,183.47599999999989,184.1909999999999
2026-04-30 14:00:00+00:00,184.1909999999999,184.6089999999999,184.0479999999999,184.4949999999999
2026-04-30 15:00:00+00:00,184.4949999999999,184.65299999999988,184.4599999999999,184.4959999999999
2026-04-30 16:00:00+00:00,184.4959999999999,184.53399999999988,184.3169999999999,184.34499999999989
2026-04-30 17:00:00+00:00,184.34499999999989,184.4889999999999,184.2289999999999,184.23199999999989
2026-04-30 18:00:00+00:00,184.23199999999989,184.3809999999999,184.1509999999999,184.3239999999999
2026-04-30 19:00:00+00:00,184.3239999999999,184.4959999999999,184.2639999999999,184.4619999999999
2026-04-30 20:00:00+00:00,184.4619999999999,184.5019999999999,184.41599999999988,184.4349999999999
2026-04-30 21:00:00+00:00,184.4349999999999,184.4999999999999,184.33299999999988,184.4229999999999
2026-04-30 22:00:00+00:00,184.4229999999999,184.6159999999999,184.4229999999999,184.53499999999988
2026-04-30 23:00:00+00:00,184.53499999999988,184.93899999999988,184.5269999999999,184.88599999999988
2026-05-01 00:00:00+00:00,184.88599999999988,185.2329999999999,184.8649999999999,184.98199999999989
2026-05-01 01:00:00+00:00,184.98199999999989,185.2089999999999,184.9259999999999,185.1729999999999
2026-05-01 02:00:00+00:00,185.1729999999999,185.3129999999999,185.09999999999988,185.25399999999988
2026-05-01 03:00:00+00:00,185.25399999999988,185.3179999999999,184.99799999999988,185.1579999999999
2026-05-01 04:00:00+00:00,185.1579999999999,185.2059999999999,185.04699999999988,185.1569999999999
2026-05-01 05:00:00+00:00,185.1569999999999,185.1869999999999,185.0749999999999,185.1339999999999
2026-05-01 06:00:00+00:00,185.1339999999999,185.1499999999999,183.3839999999999,183.7869999999999
2026-05-01 07:00:00+00:00,183.7869999999999,184.6329999999999,183.72499999999988,184.54599999999988
2026-05-01 08:00:00+00:00,184.54599999999988,184.62299999999988,184.29699999999988,184.5149999999999
2026-05-01 09:00:00+00:00,184.5149999999999,184.70099999999988,184.3829999999999,184.4479999999999
2026-05-01 10:00:00+00:00,184.4479999999999,184.6799999999999,184.4379999999999,184.6689999999999
2026-05-01 11:00:00+00:00,184.6689999999999,184.7749999999999,184.63599999999988,184.7619999999999
2026-05-01 12:00:00+00:00,184.7619999999999,184.9129999999999,184.7289999999999,184.8779999999999
2026-05-01 13:00:00+00:00,184.8779999999999,184.9549999999999,184.5079999999999,184.80199999999988
2026-05-01 14:00:00+00:00,184.80199999999988,185.1869999999999,184.7859999999999,185.0839999999999
2026-05-01 15:00:00+00:00,185.0839999999999,185.1849999999999,185.0299999999999,185.0329999999999
2026-05-01 16:00:00+00:00,185.0329999999999,185.05799999999988,184.9169999999999,184.9839999999999
2026-05-01 17:00:00+00:00,184.9839999999999,184.9879999999999,184.85599999999988,184.89199999999988
2026-05-01 18:00:00+00:00,184.89199999999988,184.9659999999999,184.7419999999999,184.8959999999999
2026-05-01 19:00:00+00:00,184.8959999999999,184.9199999999999,184.8059999999999,184.8279999999999
2026-05-01 20:00:00+00:00,184.8279999999999,184.8669999999999,184.074,184.08
2026-05-03 21:00:00+00:00,184.08,184.10199999999995,183.85299999999995,183.867
2026-05-03 22:00:00+00:00,183.867,184.004,183.84099999999995,183.961
2026-05-03 23:00:00+00:00,183.961,183.967,183.862,183.92399999999995
2026-05-04 00:00:00+00:00,183.92399999999995,183.991,183.903,183.94799999999995
2026-05-04 01:00:00+00:00,183.94799999999995,184.105,183.60699999999997,184.076
2026-05-04 02:00:00+00:00,184.076,184.278,184.064,184.211
2026-05-04 03:00:00+00:00,184.211,184.33,182.70299999999995,183.284
2026-05-04 04:00:00+00:00,183.284,183.83399999999995,183.213,183.76899999999995
2026-05-04 05:00:00+00:00,183.76899999999995,183.885,183.55999999999997,183.856
2026-05-04 06:00:00+00:00,183.856,184.00099999999995,183.81499999999997,183.993
2026-05-04 07:00:00+00:00,183.993,184.034,183.72599999999997,183.78199999999995
2026-05-04 08:00:00+00:00,183.78199999999995,183.934,183.729,183.87699999999995
2026-05-04 09:00:00+00:00,183.87699999999995,183.949,183.81099999999995,183.868
2026-05-04 10:00:00+00:00,183.868,183.91899999999995,183.66699999999997,183.848
2026-05-04 11:00:00+00:00,183.848,183.854,183.724,183.72799999999995
2026-05-04 12:00:00+00:00,183.72799999999995,183.962,183.70899999999995,183.94099999999997
2026-05-04 13:00:00+00:00,183.94099999999997,183.943,183.796,183.886
2026-05-04 14:00:00+00:00,183.886,183.951,183.765,183.855
2026-05-04 15:00:00+00:00,183.855,183.92499999999995,183.748,183.819
2026-05-04 16:00:00+00:00,183.819,183.88199999999995,183.65599999999995,183.66699999999997
2026-05-04 17:00:00+00:00,183.66699999999997,183.82799999999995,183.66699999999997,183.797
2026-05-04 18:00:00+00:00,183.797,183.82899999999995,183.051,183.271
2026-05-04 19:00:00+00:00,183.271,183.74599999999995,183.271,183.66799999999995
2026-05-04 20:00:00+00:00,183.66799999999995,183.79199999999997,183.641,183.72199999999995
2026-05-04 21:00:00+00:00,183.72199999999995,183.77299999999997,183.559,183.596
2026-05-04 22:00:00+00:00,183.596,183.75,183.596,183.715
2026-05-04 23:00:00+00:00,183.715,183.737,183.667,183.72
2026-05-05 00:00:00+00:00,183.72,183.749,183.621,183.635
2026-05-05 01:00:00+00:00,183.635,183.692,183.582,183.639
2026-05-05 02:00:00+00:00,183.639,183.712,183.623,183.665
2026-05-05 03:00:00+00:00,183.665,183.684,183.627,183.657
2026-05-05 04:00:00+00:00,183.657,183.71,183.58,183.587
2026-05-05 05:00:00+00:00,183.587,183.663,183.564,183.661
2026-05-05 06:00:00+00:00,183.661,183.718,183.61,183.646
2026-05-05 07:00:00+00:00,183.646,183.724,183.594,183.703
2026-05-05 08:00:00+00:00,183.703,183.85,183.685,183.751
2026-05-05 09:00:00+00:00,183.751,184.389,183.576,184.041
2026-05-05 10:00:00+00:00,184.041,184.209,184.019,184.155
2026-05-05 11:00:00+00:00,184.155,184.326,184.141,184.298
2026-05-05 12:00:00+00:00,184.298,184.419,184.186,184.376
2026-05-05 13:00:00+00:00,184.376,184.514,184.366,184.434
2026-05-05 14:00:00+00:00,184.434,184.553,184.416,184.486
2026-05-05 15:00:00+00:00,184.486,184.576,184.443,184.501
2026-05-05 16:00:00+00:00,184.501,184.556,184.425,184.512
2026-05-05 17:00:00+00:00,184.512,184.619,184.509,184.574
2026-05-05 18:00:00+00:00,184.574,184.657,184.565,184.621
2026-05-05 19:00:00+00:00,184.621,184.638,184.529,184.557
2026-05-05 20:00:00+00:00,184.557,184.57,184.491,184.494
2026-05-05 21:00:00+00:00,184.494,184.522,184.389,184.52
2026-05-05 22:00:00+00:00,184.52,184.594,184.403,184.519
2026-05-05 23:00:00+00:00,184.519,184.697,184.463,184.612
2026-05-06 00:00:00+00:00,184.612,184.638,184.531,184.605
2026-05-06 01:00:00+00:00,184.605,184.755,184.594,184.739
2026-05-06 02:00:00+00:00,184.739,184.83,184.724,184.816
2026-05-06 03:00:00+00:00,184.816,184.941,184.751,184.778
2026-05-06 04:00:00+00:00,184.778,184.837,181.935,182.907
2026-05-06 05:00:00+00:00,182.907,183.366,182.704,183.311
2026-05-06 06:00:00+00:00,183.311,183.464,183.28,183.394
2026-05-06 07:00:00+00:00,183.394,183.513,182.648,182.786
2026-05-06 08:00:00+00:00,182.786,183.476,182.745,183.359
2026-05-06 09:00:00+00:00,183.359,183.579,183.326,183.506
2026-05-06 10:00:00+00:00,183.506,183.624,183.378,183.521
2026-05-06 11:00:00+00:00,183.521,183.752,183.452,183.612
2026-05-06 12:00:00+00:00,183.612,183.659,183.46,183.587
2026-05-06 13:00:00+00:00,183.587,183.615,183.315,183.361
2026-05-06 14:00:00+00:00,183.361,183.646,183.334,183.611
2026-05-06 15:00:00+00:00,183.611,183.776,183.573,183.76
2026-05-06 16:00:00+00:00,183.76,183.806,183.573,183.612
2026-05-06 17:00:00+00:00,183.612,183.772,183.586,183.744
2026-05-06 18:00:00+00:00,183.744,183.754,183.618,183.666
2026-05-06 19:00:00+00:00,183.666,183.733,183.643,183.663
2026-05-06 20:00:00+00:00,183.663,183.687,183.54,183.576
2026-05-06 21:00:00+00:00,183.576,183.576,183.413,183.456
2026-05-06 22:00:00+00:00,183.456,183.633,183.456,183.6
2026-05-06 23:00:00+00:00,183.6,183.775,183.537,183.77
2026-05-07 00:00:00+00:00,183.77,183.775,183.505,183.548
2026-05-07 01:00:00+00:00,183.548,183.595,183.389,183.583
2026-05-07 02:00:00+00:00,183.583,183.702,183.522,183.686
2026-05-07 03:00:00+00:00,183.686,183.692,183.588,183.66
2026-05-07 04:00:00+00:00,183.66,183.676,183.58,183.622
2026-05-07 05:00:00+00:00,183.622,183.686,183.588,183.657
2026-05-07 06:00:00+00:00,183.657,183.68,183.403,183.502
2026-05-07 07:00:00+00:00,183.502,183.77,183.422,183.762
2026-05-07 08:00:00+00:00,183.762,183.918,183.699,183.911
2026-05-07 09:00:00+00:00,183.911,184.025,183.894,183.949
2026-05-07 10:00:00+00:00,183.949,184.059,183.89,183.923
2026-05-07 11:00:00+00:00,183.923,183.979,183.823,183.977
2026-05-07 12:00:00+00:00,183.977,183.985,183.873,183.882
2026-05-07 13:00:00+00:00,183.882,183.99,183.876,183.878
2026-05-07 14:00:00+00:00,183.878,184.015,183.801,183.89
2026-05-07 15:00:00+00:00,183.89,184.052,183.89,183.977
2026-05-07 16:00:00+00:00,183.977,184.116,183.972,184.101
2026-05-07 17:00:00+00:00,184.101,184.132,183.924,183.966
2026-05-07 18:00:00+00:00,183.966,184.114,183.918,184.07
2026-05-07 19:00:00+00:00,184.07,184.089,183.944,183.962
2026-05-07 20:00:00+00:00,183.962,184.032,183.825,183.851
2026-05-07 21:00:00+00:00,183.851,183.971,183.747,183.885
2026-05-07 22:00:00+00:00,183.885,184.019,183.853,183.942
2026-05-07 23:00:00+00:00,183.942,184.005,183.92,183.976
2026-05-08 00:00:00+00:00,183.976,184.1,183.96,184.058
2026-05-08 01:00:00+00:00,184.058,184.108,183.999,184.068
2026-05-08 02:00:00+00:00,184.068,184.108,183.965,183.973
2026-05-08 03:00:00+00:00,183.973,183.983,183.909,183.929
2026-05-08 04:00:00+00:00,183.929,184.084,183.925,184.05
2026-05-08 05:00:00+00:00,184.05,184.092,184.026,184.062
2026-05-08 06:00:00+00:00,184.062,184.175,184.035,184.171
2026-05-08 07:00:00+00:00,184.171,184.185,184.091,184.15
2026-05-08 08:00:00+00:00,184.15,184.328,184.147,184.328
2026-05-08 09:00:00+00:00,184.328,184.41,184.308,184.378
2026-05-08 10:00:00+00:00,184.378,184.478,184.367,184.408
2026-05-08 11:00:00+00:00,184.408,184.478,184.384,184.407
2026-05-08 12:00:00+00:00,184.407,184.433,184.257,184.415
2026-05-08 13:00:00+00:00,184.415,184.429,184.258,184.351
2026-05-08 14:00:00+00:00,184.351,184.429,184.303,184.402
2026-05-08 15:00:00+00:00,184.402,184.477,184.296,184.397
2026-05-08 16:00:00+00:00,184.397,184.467,184.374,184.434
2026-05-08 17:00:00+00:00,184.434,184.475,184.384,184.443
2026-05-08 18:00:00+00:00,184.443,184.576,184.416,184.545
2026-05-08 19:00:00+00:00,184.545,184.66,184.538,184.615
2026-05-08 20:00:00+00:00,184.615,184.713,184.568,184.606
2026-05-10 21:00:00+00:00,184.606,185.27700000000007,184.575,185.2210000000001
2026-05-10 22:00:00+00:00,185.2210000000001,185.50000000000009,185.21900000000005,185.4950000000001
2026-05-10 23:00:00+00:00,185.4950000000001,185.54600000000008,185.4600000000001,185.50500000000005
2026-05-11 00:00:00+00:00,185.50500000000005,185.72400000000007,185.49900000000005,185.62900000000008
2026-05-11 01:00:00+00:00,185.62900000000008,185.72000000000008,185.59500000000008,185.70800000000008
2026-05-11 02:00:00+00:00,185.70800000000008,185.7930000000001,185.67200000000005,185.70800000000008
2026-05-11 03:00:00+00:00,185.70800000000008,185.7220000000001,185.63900000000007,185.68100000000007
2026-05-11 04:00:00+00:00,185.68100000000007,185.6860000000001,185.52700000000007,185.55000000000007
2026-05-11 05:00:00+00:00,185.55000000000007,185.5790000000001,185.52200000000008,185.55300000000005
2026-05-11 06:00:00+00:00,185.55300000000005,185.68900000000005,185.54100000000005,185.66600000000005
2026-05-11 07:00:00+00:00,185.66600000000005,185.88700000000009,185.64600000000007,185.88300000000007
2026-05-11 08:00:00+00:00,185.88300000000007,185.93900000000005,185.78400000000008,185.83300000000008
2026-05-11 09:00:00+00:00,185.83300000000008,185.89100000000008,185.79500000000007,185.83900000000008
2026-05-11 10:00:00+00:00,185.83900000000008,185.88500000000008,185.75600000000009,185.86300000000008
2026-05-11 11:00:00+00:00,185.86300000000008,185.90200000000007,185.76200000000009,185.8230000000001
2026-05-11 12:00:00+00:00,185.8230000000001,185.91500000000008,185.76100000000005,185.91400000000007
2026-05-11 13:00:00+00:00,185.91400000000007,186.04500000000007,185.90800000000007,185.99200000000008
2026-05-11 14:00:00+00:00,185.99200000000008,186.03500000000005,185.84400000000005,185.85500000000008
2026-05-11 15:00:00+00:00,185.85500000000008,185.95800000000008,185.85000000000005,185.9180000000001
2026-05-11 16:00:00+00:00,185.9180000000001,185.98600000000008,185.88900000000007,185.94400000000007
2026-05-11 17:00:00+00:00,185.94400000000007,186.0130000000001,185.9300000000001,185.9660000000001
2026-05-11 18:00:00+00:00,185.9660000000001,186.0480000000001,185.9590000000001,186.0310000000001
2026-05-11 19:00:00+00:00,186.0310000000001,186.1380000000001,186.0240000000001,186.11000000000007
2026-05-11 20:00:00+00:00,186.11000000000007,186.1740000000001,186.0790000000001,186.10600000000005
2026-05-11 21:00:00+00:00,186.10600000000005,186.12400000000005,185.98700000000005,186.07100000000003
2026-05-11 22:00:00+00:00,186.07100000000003,186.21700000000007,186.07000000000005,186.18100000000007
2026-05-11 23:00:00+00:00,186.18100000000007,186.19000000000003,186.10500000000008,186.12400000000005
2026-05-12 00:00:00+00:00,186.12400000000005,186.17700000000008,186.0850000000001,186.1560000000001
2026-05-12 01:00:00+00:00,186.1560000000001,186.25800000000007,186.12500000000009,186.2040000000001
2026-05-12 02:00:00+00:00,186.2040000000001,186.31400000000005,186.19400000000007,186.2800000000001
2026-05-12 03:00:00+00:00,186.2800000000001,186.2860000000001,186.1670000000001,186.2150000000001
2026-05-12 04:00:00+00:00,186.2150000000001,186.26700000000005,186.1560000000001,186.19400000000007
2026-05-12 05:00:00+00:00,186.19400000000007,186.37800000000007,185.3230000000001,185.93200000000007
2026-05-12 06:00:00+00:00,185.93200000000007,186.0610000000001,185.68700000000007,185.99900000000005
2026-05-12 07:00:00+00:00,185.99900000000005,186.04100000000005,185.84800000000007,185.9530000000001
2026-05-12 08:00:00+00:00,185.9530000000001,186.0900000000001,185.89200000000005,186.0310000000001
2026-05-12 09:00:00+00:00,186.0310000000001,186.12200000000007,185.99900000000005,186.01100000000005
2026-05-12 10:00:00+00:00,186.01100000000005,186.07700000000008,185.90100000000007,185.90700000000007
2026-05-12 11:00:00+00:00,185.90700000000007,185.99200000000008,185.8460000000001,185.9710000000001
2026-05-12 12:00:00+00:00,185.9710000000001,186.03500000000005,185.87300000000008,186.01100000000005
2026-05-12 13:00:00+00:00,186.01100000000005,186.0430000000001,185.81200000000007,185.84200000000007
2026-05-12 14:00:00+00:00,185.84200000000007,185.92100000000008,185.78900000000007,185.9060000000001
2026-05-12 15:00:00+00:00,185.9060000000001,185.97400000000007,185.81900000000007,185.95800000000008
2026-05-12 16:00:00+00:00,185.95800000000008,186.03400000000008,185.92600000000007,185.93800000000007
2026-05-12 17:00:00+00:00,185.93800000000007,185.9540000000001,185.89600000000007,185.9470000000001
2026-05-12 18:00:00+00:00,185.9470000000001,185.96900000000005,185.86900000000009,185.9470000000001
2026-05-12 19:00:00+00:00,185.9470000000001,185.99000000000007,185.9240000000001,185.99000000000007
2026-05-12 20:00:00+00:00,185.99000000000007,185.9950000000001,185.90300000000008,185.90400000000005
2026-05-12 21:00:00+00:00,185.90400000000005,185.93800000000007,185.7740000000001,185.85600000000005
2026-05-12 22:00:00+00:00,185.85600000000005,185.94600000000003,185.85500000000008,185.9300000000001
2026-05-12 23:00:00+00:00,185.9300000000001,185.96800000000007,185.87700000000007,185.94500000000005
2026-05-13 00:00:00+00:00,185.94500000000005,186.06800000000007,185.92600000000007,186.04000000000008
2026-05-13 01:00:00+00:00,186.04000000000008,186.07400000000007,185.90700000000007,185.9830000000001
2026-05-13 02:00:00+00:00,185.9830000000001,186.05000000000007,185.93100000000007,185.96200000000007
2026-05-13 03:00:00+00:00,185.96200000000007,185.96800000000007,185.90800000000007,185.9480000000001
2026-05-13 04:00:00+00:00,185.9480000000001,186.00900000000007,185.94300000000007,185.99600000000007
2026-05-13 05:00:00+00:00,185.99600000000007,186.03900000000007,185.94300000000007,185.94600000000003
2026-05-13 06:00:00+00:00,185.94600000000003,185.98200000000008,185.7690000000001,185.82400000000007
2026-05-13 07:00:00+00:00,185.82400000000007,185.83300000000008,185.65700000000007,185.69600000000003
2026-05-13 08:00:00+00:00,185.69600000000003,185.70700000000005,185.54600000000008,185.5970000000001
2026-05-13 09:00:00+00:00,185.5970000000001,185.70100000000005,185.55900000000003,185.6850000000001
2026-05-13 10:00:00+00:00,185.6850000000001,185.79700000000005,185.58200000000005,185.76100000000005
2026-05-13 11:00:00+00:00,185.76100000000005,185.80000000000007,185.68900000000005,185.6970000000001
2026-05-13 12:00:00+00:00,185.6970000000001,185.75900000000007,185.58000000000007,185.62700000000007
2026-05-13 13:00:00+00:00,185.62700000000007,185.70800000000008,185.61000000000007,185.6790000000001
2026-05-13 14:00:00+00:00,185.6790000000001,185.77800000000008,185.64100000000008,185.74100000000007
2026-05-13 15:00:00+00:00,185.74100000000007,185.81200000000007,185.7270000000001,185.7630000000001
2026-05-13 16:00:00+00:00,185.7630000000001,185.79500000000007,185.7340000000001,185.7450000000001
2026-05-13 17:00:00+00:00,185.7450000000001,185.77900000000005,185.73500000000007,185.75600000000009
2026-05-13 18:00:00+00:00,185.75600000000009,185.78800000000007,185.7340000000001,185.77700000000007
2026-05-13 19:00:00+00:00,185.77700000000007,185.82100000000003,185.76600000000008,185.78200000000007
2026-05-13 20:00:00+00:00,185.78200000000007,185.86600000000007,185.74200000000008,185.74200000000008
2026-05-13 21:00:00+00:00,185.74200000000008,185.86000000000007,185.62900000000008,185.78500000000005
2026-05-13 22:00:00+00:00,185.78500000000005,185.8640000000001,185.77700000000007,185.8410000000001
2026-05-13 23:00:00+00:00,185.8410000000001,185.86600000000004,185.7920000000001,185.8640000000001
2026-05-14 00:00:00+00:00,185.8640000000001,185.90300000000005,185.81400000000005,185.87700000000004
2026-05-14 01:00:00+00:00,185.87700000000004,185.93400000000003,185.85700000000008,185.89500000000004
2026-05-14 02:00:00+00:00,185.89500000000004,185.93800000000005,185.88100000000009,185.88400000000004
2026-05-14 03:00:00+00:00,185.88400000000004,185.9710000000001,185.88300000000004,185.94200000000004
2026-05-14 04:00:00+00:00,185.94200000000004,185.94800000000004,185.4710000000001,185.85400000000004
2026-05-14 05:00:00+00:00,185.85400000000004,185.91900000000004,185.81300000000005,185.83200000000005
2026-05-14 06:00:00+00:00,185.83200000000005,185.93900000000005,185.76100000000005,185.88500000000005
2026-05-14 07:00:00+00:00,185.88500000000005,185.93600000000004,185.7810000000001,185.7980000000001
2026-05-14 08:00:00+00:00,185.7980000000001,185.85700000000008,185.77300000000005,185.83900000000008
2026-05-14 09:00:00+00:00,185.83900000000008,185.87300000000005,185.75900000000004,185.79500000000004
2026-05-14 10:00:00+00:00,185.79500000000004,185.84300000000005,185.7750000000001,185.84100000000004
2026-05-14 11:00:00+00:00,185.84100000000004,185.84400000000005,185.70500000000004,185.74900000000005
2026-05-14 12:00:00+00:00,185.74900000000005,185.7930000000001,185.68600000000004,185.70700000000005
2026-05-14 13:00:00+00:00,185.70700000000005,185.7810000000001,184.94200000000004,185.51200000000009
2026-05-14 14:00:00+00:00,185.51200000000009,185.6730000000001,185.45500000000004,185.62500000000009
2026-05-14 15:00:00+00:00,185.62500000000009,185.65100000000004,185.51200000000009,185.52700000000004
2026-05-14 16:00:00+00:00,185.52700000000004,185.62400000000005,185.50900000000004,185.60500000000005
2026-05-14 17:00:00+00:00,185.60500000000005,185.68600000000004,185.59900000000005,185.6610000000001
2026-05-14 18:00:00+00:00,185.6610000000001,185.66500000000005,185.59900000000005,185.6440000000001
2026-05-14 19:00:00+00:00,185.6440000000001,185.76200000000009,185.62800000000004,185.73800000000008
2026-05-14 20:00:00+00:00,185.73800000000008,185.7630000000001,185.68600000000004,185.69000000000003
2026-05-14 21:00:00+00:00,185.69000000000003,185.72600000000008,185.60100000000008,185.69000000000003
2026-05-14 22:00:00+00:00,185.69000000000003,185.76700000000005,185.6730000000001,185.73800000000008
2026-05-14 23:00:00+00:00,185.73800000000008,185.74300000000005,185.56900000000007,185.6260000000001
2026-05-15 00:00:00+00:00,185.6260000000001,185.6610000000001,185.5490000000001,185.62500000000009
2026-05-15 01:00:00+00:00,185.62500000000009,185.65700000000007,185.49300000000005,185.56200000000007
2026-05-15 02:00:00+00:00,185.56200000000007,185.66900000000007,185.55800000000008,185.66300000000007
2026-05-15 03:00:00+00:00,185.66300000000007,185.6680000000001,185.57100000000003,185.5960000000001
2026-05-15 04:00:00+00:00,185.5960000000001,185.61700000000008,185.5240000000001,185.55600000000007
2026-05-15 05:00:00+00:00,185.55600000000007,185.6030000000001,185.40900000000008,185.43200000000007
2026-05-15 06:00:00+00:00,185.43200000000007,185.61700000000008,185.25400000000008,185.26000000000008
2026-05-15 07:00:00+00:00,185.26000000000008,185.42000000000007,185.24900000000005,185.3050000000001
2026-05-15 08:00:00+00:00,185.3050000000001,185.38900000000007,185.1920000000001,185.37800000000007
2026-05-15 09:00:00+00:00,185.37800000000007,185.39800000000005,185.10000000000005,185.24600000000007
2026-05-15 10:00:00+00:00,185.24600000000007,185.48500000000007,185.23600000000008,185.4120000000001
2026-05-15 11:00:00+00:00,185.4120000000001,185.46700000000007,185.33200000000005,185.36800000000005
2026-05-15 12:00:00+00:00,185.36800000000005,185.37500000000009,185.1730000000001,185.28900000000007
2026-05-15 13:00:00+00:00,185.28900000000007,185.43200000000007,185.2340000000001,185.37300000000008
2026-05-15 14:00:00+00:00,185.37300000000008,185.52700000000007,185.35500000000008,185.36100000000008
2026-05-15 15:00:00+00:00,185.36100000000008,185.44600000000003,185.31800000000007,185.43300000000008
2026-05-15 16:00:00+00:00,185.43300000000008,185.5130000000001,185.39000000000007,185.50300000000007
2026-05-15 17:00:00+00:00,185.50300000000007,185.52700000000007,185.46400000000008,185.47900000000007
2026-05-15 18:00:00+00:00,185.47900000000007,185.48100000000005,185.3340000000001,185.36600000000004
2026-05-15 19:00:00+00:00,185.36600000000004,185.44500000000005,185.34700000000004,185.43700000000004
2026-05-15 20:00:00+00:00,185.43700000000004,185.5250000000001,185.40800000000004,185.45800000000008
2026-05-17 21:00:00+00:00,185.45800000000008,185.5510000000001,185.2250000000001,185.2370000000001
2026-05-17 22:00:00+00:00,185.2370000000001,185.43800000000013,185.2200000000001,185.41400000000013
2026-05-17 23:00:00+00:00,185.41400000000013,185.4300000000001,185.33100000000013,185.3390000000001
2026-05-18 00:00:00+00:00,185.3390000000001,185.44700000000012,185.3090000000001,185.40100000000007
2026-05-18 01:00:00+00:00,185.40100000000007,185.50200000000007,185.3350000000001,185.4930000000001
2026-05-18 02:00:00+00:00,185.4930000000001,185.5000000000001,185.40800000000013,185.44100000000012
2026-05-18 03:00:00+00:00,185.44100000000012,185.69700000000012,185.43800000000013,185.6860000000001
2026-05-18 04:00:00+00:00,185.6860000000001,185.73600000000013,185.4930000000001,185.60400000000013
2026-05-18 05:00:00+00:00,185.60400000000013,185.61600000000013,185.52400000000011,185.59800000000013
2026-05-18 06:00:00+00:00,185.59800000000013,185.7430000000001,185.54800000000012,185.74000000000007
2026-05-18 07:00:00+00:00,185.74000000000007,185.79500000000013,185.66900000000007,185.71100000000013
2026-05-18 08:00:00+00:00,185.71100000000013,185.78300000000013,185.66300000000007,185.7510000000001
2026-05-18 09:00:00+00:00,185.7510000000001,185.7960000000001,185.7250000000001,185.7750000000001
2026-05-18 10:00:00+00:00,185.7750000000001,185.80000000000013,185.63400000000013,185.6420000000001
2026-05-18 11:00:00+00:00,185.6420000000001,185.82400000000013,185.6320000000001,185.76500000000013
2026-05-18 12:00:00+00:00,185.76500000000013,185.88900000000007,185.74700000000013,185.7490000000001
2026-05-18 13:00:00+00:00,185.7490000000001,185.82800000000012,185.71100000000013,185.81300000000013
2026-05-18 14:00:00+00:00,185.81300000000013,185.89700000000013,185.77700000000013,185.77700000000013
2026-05-18 15:00:00+00:00,185.77700000000013,185.91400000000013,185.7430000000001,185.8700000000001
2026-05-18 16:00:00+00:00,185.8700000000001,186.0670000000001,185.81300000000013,186.0350000000001
2026-05-18 17:00:00+00:00,186.0350000000001,186.05000000000013,185.96100000000013,185.96100000000013
2026-05-18 18:00:00+00:00,185.96100000000013,185.9890000000001,185.8350000000001,185.84600000000012
2026-05-18 19:00:00+00:00,185.84600000000012,185.99800000000013,185.84600000000012,185.9760000000001
2026-05-18 20:00:00+00:00,185.9760000000001,186.05400000000012,185.9210000000001,185.9690000000001
2026-05-18 21:00:00+00:00,185.9690000000001,185.9840000000001,185.83100000000013,185.9330000000001
2026-05-18 22:00:00+00:00,185.9330000000001,186.0190000000001,185.92500000000013,186.0110000000001
2026-05-18 23:00:00+00:00,186.0110000000001,186.0350000000001,185.9720000000001,186.0110000000001
2026-05-19 00:00:00+00:00,186.0110000000001,186.06600000000012,185.9520000000001,186.01400000000007
2026-05-19 01:00:00+00:00,186.01400000000007,186.0250000000001,185.95900000000012,186.0120000000001
2026-05-19 02:00:00+00:00,186.0120000000001,186.01400000000007,185.93100000000013,185.9400000000001
2026-05-19 03:00:00+00:00,185.9400000000001,185.95500000000013,185.89700000000013,185.8980000000001
2026-05-19 04:00:00+00:00,185.8980000000001,185.91300000000007,185.84200000000013,185.8750000000001
2026-05-19 05:00:00+00:00,185.8750000000001,186.00200000000007,185.8200000000001,185.9710000000001
2026-05-19 06:00:00+00:00,185.9710000000001,186.0470000000001,185.9350000000001,185.9650000000001
2026-05-19 07:00:00+00:00,185.9650000000001,186.0250000000001,185.8530000000001,185.90300000000013
2026-05-19 08:00:00+00:00,185.90300000000013,185.9120000000001,185.78300000000016,185.84200000000016
2026-05-19 09:00:00+00:00,185.84200000000016,185.84600000000012,185.68200000000016,185.72700000000012
2026-05-19 10:00:00+00:00,185.72700000000012,185.8090000000001,185.6720000000001,185.76300000000012
2026-05-19 11:00:00+00:00,185.76300000000012,185.78800000000012,185.71500000000012,185.7190000000001
2026-05-19 12:00:00+00:00,185.7190000000001,185.80400000000012,185.2310000000001,185.64600000000016
2026-05-19 13:00:00+00:00,185.64600000000016,185.7320000000001,185.41400000000016,185.58100000000016
2026-05-19 14:00:00+00:00,185.58100000000016,185.64500000000012,185.28700000000012,185.31100000000012
2026-05-19 15:00:00+00:00,185.31100000000012,185.5050000000001,185.21800000000016,185.47100000000012
2026-05-19 16:00:00+00:00,185.47100000000012,185.4760000000001,185.06900000000016,185.2070000000001
2026-05-19 17:00:00+00:00,185.2070000000001,185.3260000000001,185.2020000000001,185.3140000000001
2026-05-19 18:00:00+00:00,185.3140000000001,185.4810000000001,185.31100000000012,185.40600000000012
2026-05-19 19:00:00+00:00,185.40600000000012,185.46800000000016,185.40300000000013,185.46700000000016
2026-05-19 20:00:00+00:00,185.46700000000016,185.5060000000001,185.4270000000001,185.4270000000001
2026-05-19 21:00:00+00:00,185.4270000000001,185.52300000000017,185.37000000000012,185.49400000000017
2026-05-19 22:00:00+00:00,185.49400000000017,185.56800000000013,185.47200000000012,185.53500000000017
2026-05-19 23:00:00+00:00,185.53500000000017,185.54100000000017,185.47600000000017,185.47800000000012
2026-05-20 00:00:00+00:00,185.47800000000012,185.53000000000011,185.33200000000016,185.34100000000012
2026-05-20 01:00:00+00:00,185.34100000000012,185.38500000000016,185.27000000000012,185.32000000000016
2026-05-20 02:00:00+00:00,185.32000000000016,185.35000000000016,185.17500000000013,185.20000000000016
2026-05-20 03:00:00+00:00,185.20000000000016,185.2620000000001,185.16800000000012,185.21400000000017
2026-05-20 04:00:00+00:00,185.21400000000017,185.29800000000012,185.19900000000013,185.25900000000016
2026-05-20 05:00:00+00:00,185.25900000000016,185.30100000000016,185.15500000000011,185.21200000000016
2026-05-20 06:00:00+00:00,185.21200000000016,185.29500000000016,185.19100000000012,185.24500000000012
2026-05-20 07:00:00+00:00,185.24500000000012,185.29800000000012,185.22400000000016,185.28600000000012
2026-05-20 08:00:00+00:00,185.28600000000012,185.29800000000012,185.15700000000012,185.22700000000012
2026-05-20 09:00:00+00:00,185.22700000000012,185.28000000000011,185.20100000000016,185.21200000000016
2026-05-20 10:00:00+00:00,185.21200000000016,185.35100000000017,185.20100000000016,185.33300000000017
2026-05-20 11:00:00+00:00,185.33300000000017,185.38800000000012,185.26800000000011,185.37400000000017
2026-05-20 12:00:00+00:00,185.37400000000017,185.40800000000016,185.24800000000016,185.26600000000016
2026-05-20 13:00:00+00:00,185.26600000000016,185.32200000000012,185.22300000000016,185.30000000000013
2026-05-20 14:00:00+00:00,185.30000000000013,185.57700000000017,185.23800000000017,185.46000000000012
2026-05-20 15:00:00+00:00,185.46000000000012,185.57000000000016,185.39700000000016,185.44800000000012
2026-05-20 16:00:00+00:00,185.44800000000012,185.57200000000012,185.44200000000012,185.53600000000012
2026-05-20 17:00:00+00:00,185.53600000000012,185.60100000000017,185.49200000000016,185.51500000000016
2026-05-20 18:00:00+00:00,185.51500000000016,185.67000000000016,185.51300000000012,185.63100000000017
2026-05-20 19:00:00+00:00,185.63100000000017,185.66700000000012,185.59300000000016,185.60100000000017
2026-05-20 20:00:00+00:00,185.60100000000017,185.64600000000016,185.56700000000012,185.56700000000012
2026-05-20 21:00:00+00:00,185.56700000000012,185.57200000000012,185.4510000000001,185.52100000000016
2026-05-20 22:00:00+00:00,185.52100000000016,185.5940000000001,185.50700000000012,185.5760000000001
2026-05-20 23:00:00+00:00,185.5760000000001,185.60500000000016,185.54900000000012,185.58700000000016
2026-05-21 00:00:00+00:00,185.58700000000016,185.6370000000001,185.57300000000012,185.61500000000012
2026-05-21 01:00:00+00:00,185.61500000000012,185.69300000000013,185.5590000000001,185.60300000000012
2026-05-21 02:00:00+00:00,185.60300000000012,185.6300000000001,185.50600000000017,185.57200000000017
2026-05-21 03:00:00+00:00,185.57200000000017,185.61300000000017,185.53400000000016,185.58600000000013
2026-05-21 04:00:00+00:00,185.58600000000013,185.68200000000016,185.57600000000016,185.67200000000017
2026-05-21 05:00:00+00:00,185.67200000000017,185.70400000000015,185.63400000000016,185.67600000000016
2026-05-21 06:00:00+00:00,185.67600000000016,185.76900000000015,185.64500000000012,185.71400000000017
2026-05-21 07:00:00+00:00,185.71400000000017,185.72100000000017,185.28400000000016,185.46900000000016
2026-05-21 08:00:00+00:00,185.46900000000016,185.82200000000017,185.41100000000017,185.67500000000013
2026-05-21 09:00:00+00:00,185.67500000000013,185.76700000000017,185.63100000000017,185.72700000000015
2026-05-21 10:00:00+00:00,185.72700000000015,185.78900000000016,185.44700000000017,185.58100000000016
2026-05-21 11:00:00+00:00,185.58100000000016,185.63000000000017,185.43700000000013,185.48400000000015
2026-05-21 12:00:00+00:00,185.48400000000015,185.58000000000013,185.41400000000016,185.46800000000016
2026-05-21 13:00:00+00:00,185.46800000000016,185.51800000000017,185.27300000000017,185.46200000000016
2026-05-21 14:00:00+00:00,185.46200000000016,185.52000000000012,185.32800000000017,185.39900000000017
2026-05-21 15:00:00+00:00,185.39900000000017,185.44500000000016,185.27400000000017,185.33300000000017
2026-05-21 16:00:00+00:00,185.33300000000017,185.43500000000017,185.28500000000017,185.41100000000017
2026-05-21 17:00:00+00:00,185.41100000000017,185.63500000000016,185.38100000000017,185.58500000000015
2026-05-21 18:00:00+00:00,185.58500000000015,185.65200000000016,185.52400000000017,185.59200000000016
2026-05-21 19:00:00+00:00,185.59200000000016,185.62500000000017,185.53000000000017,185.56800000000013
2026-05-21 20:00:00+00:00,185.56800000000013,185.60600000000017,185.53200000000012,185.53900000000016
2026-05-21 21:00:00+00:00,185.53900000000016,185.56000000000017,185.4030000000002,185.4900000000002
2026-05-21 22:00:00+00:00,185.4900000000002,185.5620000000002,185.4890000000002,185.5580000000002
2026-05-21 23:00:00+00:00,185.5580000000002,185.59200000000016,185.5180000000002,185.5820000000002
2026-05-22 00:00:00+00:00,185.5820000000002,185.62800000000016,185.5330000000002,185.6020000000002
2026-05-22 01:00:00+00:00,185.6020000000002,185.6380000000002,185.5380000000002,185.5430000000002
2026-05-22 02:00:00+00:00,185.5430000000002,185.5580000000002,185.4710000000002,185.4930000000002
2026-05-22 03:00:00+00:00,185.4930000000002,185.5060000000002,185.4540000000002,185.50300000000016
2026-05-22 04:00:00+00:00,185.50300000000016,185.5960000000002,185.4820000000002,185.5890000000002
2026-05-22 05:00:00+00:00,185.5890000000002,185.6320000000002,185.5330000000002,185.5730000000002
2026-05-22 06:00:00+00:00,185.5730000000002,185.61000000000016,185.4770000000002,185.5490000000002
2026-05-22 07:00:00+00:00,185.5490000000002,185.5670000000002,185.4520000000002,185.5500000000002
2026-05-22 08:00:00+00:00,185.5500000000002,185.5890000000002,185.4620000000002,185.49700000000016
2026-05-22 09:00:00+00:00,185.49700000000016,185.5120000000002,185.3690000000002,185.4560000000002
2026-05-22 10:00:00+00:00,185.4560000000002,185.4940000000002,185.3360000000002,185.37200000000016
2026-05-22 11:00:00+00:00,185.37200000000016,185.4460000000002,185.3200000000002,185.37200000000016
2026-05-22 12:00:00+00:00,185.37200000000016,185.4760000000002,185.3490000000002,185.4240000000002
2026-05-22 13:00:00+00:00,185.4240000000002,185.5610000000002,185.4140000000002,185.4260000000002
2026-05-22 14:00:00+00:00,185.4260000000002,185.4540000000002,185.27700000000016,185.3520000000002
2026-05-22 15:00:00+00:00,185.3520000000002,185.5870000000002,185.3400000000002,185.5420000000002
2026-05-22 16:00:00+00:00,185.5420000000002,185.6550000000002,185.5110000000002,185.6500000000002
2026-05-22 17:00:00+00:00,185.6500000000002,185.6900000000002,185.5820000000002,185.6310000000002
2026-05-22 18:00:00+00:00,185.6310000000002,185.6510000000002,185.5910000000002,185.6110000000002
2026-05-22 19:00:00+00:00,185.6110000000002,185.6230000000002,185.5320000000002,185.5560000000002
2026-05-22 20:00:00+00:00,185.5560000000002,185.5710000000002,184.691,184.699
2026-05-24 21:00:00+00:00,184.699,184.86599999999987,184.6499999999999,184.6859999999999
2026-05-24 22:00:00+00:00,184.6859999999999,185.0019999999999,184.6859999999999,185.0009999999999
2026-05-24 23:00:00+00:00,185.0009999999999,185.0859999999999,184.9889999999999,185.0659999999999
2026-05-25 00:00:00+00:00,185.0659999999999,185.0729999999999,184.91499999999988,184.9239999999999
2026-05-25 01:00:00+00:00,184.9239999999999,184.95099999999988,184.8529999999999,184.9289999999999
2026-05-25 02:00:00+00:00,184.9289999999999,184.96199999999988,184.8709999999999,184.8819999999999
2026-05-25 03:00:00+00:00,184.8819999999999,184.92099999999988,184.8639999999999,184.9129999999999
2026-05-25 04:00:00+00:00,184.9129999999999,184.9839999999999,184.8889999999999,184.9609999999999
2026-05-25 05:00:00+00:00,184.9609999999999,185.0059999999999,184.93199999999987,184.9909999999999
2026-05-25 06:00:00+00:00,184.9909999999999,185.06399999999988,184.9469999999999,184.9949999999999
2026-05-25 07:00:00+00:00,184.9949999999999,185.04099999999988,184.9599999999999,185.0139999999999
2026-05-25 08:00:00+00:00,185.0139999999999,185.09899999999988,184.9609999999999,185.0489999999999
2026-05-25 09:00:00+00:00,185.0489999999999,185.0729999999999,185.01599999999988,185.0249999999999
2026-05-25 10:00:00+00:00,185.0249999999999,185.0839999999999,185.0209999999999,185.06899999999987
2026-05-25 11:00:00+00:00,185.06899999999987,185.13499999999988,185.03999999999988,185.07599999999988
2026-05-25 12:00:00+00:00,185.07599999999988,185.1549999999999,185.0419999999999,185.1089999999999
2026-05-25 13:00:00+00:00,185.1089999999999,185.1269999999999,184.9709999999999,184.97599999999989
2026-05-25 14:00:00+00:00,184.97599999999989,185.0799999999999,184.96399999999988,185.0309999999999
2026-05-25 15:00:00+00:00,185.0309999999999,185.10699999999989,185.0019999999999,185.00399999999988
2026-05-25 16:00:00+00:00,185.00399999999988,185.0239999999999,184.9359999999999,184.9829999999999
2026-05-25 17:00:00+00:00,184.9829999999999,185.0359999999999,184.96999999999989,185.0189999999999
2026-05-25 18:00:00+00:00,185.0189999999999,185.0379999999999,184.99899999999988,185.0309999999999
2026-05-25 19:00:00+00:00,185.0309999999999,185.0359999999999,185.00399999999988,185.02299999999988
2026-05-25 20:00:00+00:00,185.02299999999988,185.0549999999999,184.98599999999988,184.98599999999988
2026-05-25 21:00:00+00:00,184.98599999999988,184.98599999999988,184.76599999999985,184.83799999999985
2026-05-25 22:00:00+00:00,184.83799999999985,184.94599999999983,184.83799999999985,184.92099999999985
2026-05-25 23:00:00+00:00,184.92099999999985,184.97099999999983,184.85899999999987,184.87599999999983
2026-05-26 00:00:00+00:00,184.87599999999983,184.95799999999983,184.85399999999984,184.93999999999983
2026-05-26 01:00:00+00:00,184.93999999999983,184.95699999999985,184.80999999999983,184.85599999999985
2026-05-26 02:00:00+00:00,184.85599999999985,184.86299999999983,184.81099999999984,184.83299999999983
2026-05-26 03:00:00+00:00,184.83299999999983,184.86299999999983,184.81499999999983,184.85799999999983
2026-05-26 04:00:00+00:00,184.85799999999983,184.85899999999987,184.80299999999983,184.83399999999983
2026-05-26 05:00:00+00:00,184.83399999999983,184.84599999999983,184.79999999999987,184.83399999999983
2026-05-26 06:00:00+00:00,184.83399999999983,185.0669999999999,184.81899999999985,185.02599999999987
2026-05-26 07:00:00+00:00,185.02599999999987,185.19599999999983,184.93499999999983,185.17699999999985
2026-05-26 08:00:00+00:00,185.17699999999985,185.27599999999987,185.15399999999983,185.18199999999985
2026-05-26 09:00:00+00:00,185.18199999999985,185.25899999999984,185.10699999999983,185.22299999999984
2026-05-26 10:00:00+00:00,185.22299999999984,185.23499999999984,185.10499999999985,185.18799999999985
2026-05-26 11:00:00+00:00,185.18799999999985,185.23699999999985,185.11999999999983,185.13099999999983
2026-05-26 12:00:00+00:00,185.13099999999983,185.16599999999983,185.10399999999984,185.12999999999985
2026-05-26 13:00:00+00:00,185.12999999999985,185.17199999999983,184.97499999999985,185.07999999999984
2026-05-26 14:00:00+00:00,185.07999999999984,185.13799999999983,185.00399999999985,185.12899999999985
2026-05-26 15:00:00+00:00,185.12899999999985,185.14199999999985,185.01999999999987,185.08599999999984
2026-05-26 16:00:00+00:00,185.08599999999984,185.17099999999985,185.07099999999983,185.09699999999987
2026-05-26 17:00:00+00:00,185.09699999999987,185.17099999999985,185.06599999999983,185.16099999999983
2026-05-26 18:00:00+00:00,185.16099999999983,185.21799999999985,185.14999999999984,185.21399999999983
2026-05-26 19:00:00+00:00,185.21399999999983,185.23599999999985,185.17999999999984,185.23599999999985
2026-05-26 20:00:00+00:00,185.23599999999985,185.24299999999985,185.18199999999985,185.18499999999983
2026-05-26 21:00:00+00:00,185.18499999999983,185.19299999999984,185.06499999999983,185.12299999999985
2026-05-26 22:00:00+00:00,185.12299999999985,185.22499999999985,185.11999999999983,185.18099999999987
2026-05-26 23:00:00+00:00,185.18099999999987,185.24199999999985,185.18099999999987,185.22999999999985
2026-05-27 00:00:00+00:00,185.22999999999985,185.33899999999983,185.18999999999983,185.28699999999984
2026-05-27 01:00:00+00:00,185.28699999999984,185.30099999999987,185.19899999999987,185.24499999999983
2026-05-27 02:00:00+00:00,185.24499999999983,185.29199999999983,185.19999999999985,185.22899999999987
2026-05-27 03:00:00+00:00,185.22899999999987,185.26099999999985,185.19299999999987,185.21199999999985
2026-05-27 04:00:00+00:00,185.21199999999985,185.30599999999987,185.20699999999985,185.29699999999983
2026-05-27 05:00:00+00:00,185.29699999999983,185.41899999999987,185.28999999999985,185.39499999999987
2026-05-27 06:00:00+00:00,185.39499999999987,185.50399999999985,185.37099999999987,185.49299999999985
2026-05-27 07:00:00+00:00,185.49299999999985,185.54099999999983,185.41199999999984,185.41899999999987
2026-05-27 08:00:00+00:00,185.41899999999987,185.62599999999983,185.37899999999985,185.52999999999983
2026-05-27 09:00:00+00:00,185.52999999999983,185.53399999999985,185.43999999999983,185.48299999999983
2026-05-27 10:00:00+00:00,185.48299999999983,185.48399999999987,185.36999999999983,185.42499999999987
2026-05-27 11:00:00+00:00,185.42499999999987,185.49199999999985,185.39799999999985,185.45999999999987
2026-05-27 12:00:00+00:00,185.45999999999987,185.70499999999987,185.42399999999984,185.53799999999987
2026-05-27 13:00:00+00:00,185.53799999999987,185.58999999999983,185.41599999999983,185.46099999999987
2026-05-27 14:00:00+00:00,185.46099999999987,185.66899999999987,185.33599999999987,185.35799999999983
2026-05-27 15:00:00+00:00,185.35799999999983,185.45599999999985,185.32599999999985,185.38599999999985
2026-05-27 16:00:00+00:00,185.38599999999985,185.45699999999985,185.34099999999987,185.4479999999999
2026-05-27 17:00:00+00:00,185.4479999999999,185.46799999999985,185.34699999999987,185.40199999999987
2026-05-27 18:00:00+00:00,185.40199999999987,185.43299999999985,185.34899999999985,185.41399999999987
2026-05-27 19:00:00+00:00,185.41399999999987,185.47199999999987,185.40699999999987,185.44299999999987
2026-05-27 20:00:00+00:00,185.44299999999987,185.45299999999983,185.33399999999983,185.33999999999983
2026-05-27 21:00:00+00:00,185.33999999999983,185.3959999999999,185.30199999999985,185.39299999999992
2026-05-27 22:00:00+00:00,185.39299999999992,185.4489999999999,185.3619999999999,185.3969999999999
2026-05-27 23:00:00+00:00,185.3969999999999,185.43799999999996,185.31099999999995,185.33599999999996
2026-05-28 00:00:00+00:00,185.33599999999996,185.41399999999996,185.32899999999995,185.37199999999996
2026-05-28 01:00:00+00:00,185.37199999999996,185.38199999999995,185.22899999999996,185.24099999999996
2026-05-28 02:00:00+00:00,185.24099999999996,185.26899999999995,185.22099999999995,185.24799999999996
2026-05-28 03:00:00+00:00,185.24799999999996,185.25599999999997,184.91099999999997,184.91199999999995
2026-05-28 04:00:00+00:00,184.91199999999995,184.95999999999995,184.85499999999996,184.93599999999995
2026-05-28 05:00:00+00:00,184.93599999999995,185.06199999999995,184.87499999999997,185.03699999999995
2026-05-28 06:00:00+00:00,185.03699999999995,185.14999999999995,185.02899999999997,185.12699999999992
2026-05-28 07:00:00+00:00,185.12699999999992,185.22199999999992,185.11999999999995,185.13799999999995
2026-05-28 08:00:00+00:00,185.13799999999995,185.19799999999995,185.10899999999992,185.17699999999996
2026-05-28 09:00:00+00:00,185.17699999999996,185.20099999999996,185.08799999999997,185.08999999999995
2026-05-28 10:00:00+00:00,185.08999999999995,185.09799999999996,184.99199999999996,184.99399999999997
2026-05-28 11:00:00+00:00,184.99399999999997,185.28599999999997,184.98099999999997,185.20099999999996
2026-05-28 12:00:00+00:00,185.20099999999996,185.41199999999995,185.17399999999995,185.40699999999995
2026-05-28 13:00:00+00:00,185.40699999999995,185.48799999999997,185.35799999999995,185.40999999999997
2026-05-28 14:00:00+00:00,185.40999999999997,185.61599999999996,185.37999999999997,185.42299999999997
2026-05-28 15:00:00+00:00,185.42299999999997,185.56999999999996,185.42099999999996,185.50499999999997
2026-05-28 16:00:00+00:00,185.50499999999997,185.58099999999996,185.45499999999996,185.49599999999992
2026-05-28 17:00:00+00:00,185.49599999999992,185.50399999999996,185.44599999999997,185.47999999999996
2026-05-28 18:00:00+00:00,185.47999999999996,185.49599999999992,185.44099999999997,185.46099999999996
2026-05-28 19:00:00+00:00,185.46099999999996,185.48599999999996,185.42999999999995,185.44699999999995
2026-05-28 20:00:00+00:00,185.44699999999995,185.47899999999996,185.40599999999995,185.47299999999996
2026-05-28 21:00:00+00:00,185.47299999999996,185.48299999999995,185.37399999999997,185.47399999999996
2026-05-28 22:00:00+00:00,185.47399999999996,185.53099999999995,185.461,185.50499999999997
2026-05-28 23:00:00+00:00,185.50499999999997,185.54899999999995,185.46799999999996,185.54799999999997
2026-05-29 00:00:00+00:00,185.54799999999997,185.60599999999997,185.50599999999997,185.50899999999996
2026-05-29 01:00:00+00:00,185.50899999999996,185.60399999999996,185.46299999999997,185.47899999999996
2026-05-29 02:00:00+00:00,185.47899999999996,185.51899999999995,185.449,185.47899999999996
2026-05-29 03:00:00+00:00,185.47899999999996,185.48599999999996,185.37499999999997,185.40999999999997
2026-05-29 04:00:00+00:00,185.40999999999997,185.45699999999997,185.35099999999997,185.37299999999996
2026-05-29 05:00:00+00:00,185.37299999999996,185.45199999999997,185.35999999999996,185.43099999999995
2026-05-29 06:00:00+00:00,185.43099999999995,185.53499999999997,185.42799999999997,185.49599999999995
2026-05-29 07:00:00+00:00,185.49599999999995,185.51799999999997,185.35199999999995,185.38099999999997
2026-05-29 08:00:00+00:00,185.38099999999997,185.38099999999997,185.14299999999997,185.18999999999997
2026-05-29 09:00:00+00:00,185.18999999999997,185.41199999999995,185.16299999999995,185.40599999999995
2026-05-29 10:00:00+00:00,185.40599999999995,185.45299999999995,185.35699999999997,185.41899999999995
2026-05-29 11:00:00+00:00,185.41899999999995,185.46499999999995,185.35299999999995,185.449
2026-05-29 12:00:00+00:00,185.449,185.48599999999996,185.39599999999996,185.47799999999995
2026-05-29 13:00:00+00:00,185.47799999999995,185.55999999999997,185.43499999999997,185.50599999999997
2026-05-29 14:00:00+00:00,185.50599999999997,185.79699999999997,185.44999999999996,185.70999999999995
2026-05-29 15:00:00+00:00,185.70999999999995,185.94099999999997,185.67299999999997,185.90899999999996
2026-05-29 16:00:00+00:00,185.90899999999996,185.91699999999997,185.73699999999997,185.77899999999997
2026-05-29 17:00:00+00:00,185.77899999999997,185.79099999999997,185.69199999999995,185.71599999999995
2026-05-29 18:00:00+00:00,185.71599999999995,185.76999999999995,185.69399999999996,185.72599999999997
2026-05-29 19:00:00+00:00,185.72599999999997,185.79599999999996,185.71199999999996,185.73499999999996
2026-05-29 20:00:00+00:00,185.73499999999996,185.73899999999995,185.60599999999997,185.709
2026-05-31 21:00:00+00:00,185.709,185.814,185.705,185.777
2026-05-31 22:00:00+00:00,185.777,185.83,185.742,185.794
2026-05-31 23:00:00+00:00,185.794,185.801,185.666,185.674
2026-06-01 00:00:00+00:00,185.674,185.807,185.671,185.768
2026-06-01 01:00:00+00:00,185.768,185.782,185.713,185.757
2026-06-01 02:00:00+00:00,185.757,185.769,185.725,185.757
2026-06-01 03:00:00+00:00,185.757,185.787,185.692,185.731
2026-06-01 04:00:00+00:00,185.731,185.792,185.722,185.779
2026-06-01 05:00:00+00:00,185.779,185.881,185.777,185.832
2026-06-01 06:00:00+00:00,185.832,186.018,185.829,186.003
2026-06-01 07:00:00+00:00,186.003,186.003,185.858,185.921
2026-06-01 08:00:00+00:00,185.921,185.954,185.864,185.918
2026-06-01 09:00:00+00:00,185.918,185.961,185.79,185.82
2026-06-01 10:00:00+00:00,185.82,185.826,185.741,185.761
2026-06-01 11:00:00+00:00,185.761,185.807,185.687,185.783
2026-06-01 12:00:00+00:00,185.783,185.827,185.751,185.801
2026-06-01 13:00:00+00:00,185.801,185.832,185.481,185.488
2026-06-01 14:00:00+00:00,185.488,185.613,185.432,185.595
2026-06-01 15:00:00+00:00,185.595,185.645,185.508,185.611
2026-06-01 16:00:00+00:00,185.611,185.662,185.553,185.652
2026-06-01 17:00:00+00:00,185.652,185.798,185.619,185.769
2026-06-01 18:00:00+00:00,185.769,185.862,185.747,185.849
2026-06-01 19:00:00+00:00,185.849,185.851,185.735,185.789
2026-06-01 20:00:00+00:00,185.789,185.808,185.722,185.722
2026-06-01 21:00:00+00:00,185.722,185.765,185.626,185.719
2026-06-01 22:00:00+00:00,185.719,185.782,185.719,185.775
2026-06-01 23:00:00+00:00,185.775,185.801,185.745,185.792
2026-06-02 00:00:00+00:00,185.792,185.828,185.732,185.749
2026-06-02 01:00:00+00:00,185.749,185.815,185.741,185.786
2026-06-02 02:00:00+00:00,185.786,185.826,185.779,185.8
2026-06-02 03:00:00+00:00,185.8,185.872,185.8,185.858
2026-06-02 04:00:00+00:00,185.858,185.941,185.856,185.927
2026-06-02 05:00:00+00:00,185.927,185.947,185.907,185.931
2026-06-02 06:00:00+00:00,185.931,186.139,185.921,186.101
2026-06-02 07:00:00+00:00,186.101,186.11,186.021,186.061
2026-06-02 08:00:00+00:00,186.061,186.092,186.004,186.037
2026-06-02 09:00:00+00:00,186.037,186.043,185.969,186.026
2026-06-02 10:00:00+00:00,186.026,186.052,185.949,186.024
2026-06-02 11:00:00+00:00,186.024,186.178,186.019,186.134
2026-06-02 12:00:00+00:00,186.134,186.244,186.106,186.192
2026-06-02 13:00:00+00:00,186.192,186.226,186.07,186.106
2026-06-02 14:00:00+00:00,186.106,186.22,186.04,186.171
2026-06-02 15:00:00+00:00,186.171,186.212,186.081,186.142
2026-06-02 16:00:00+00:00,186.142,186.143,185.971,185.984
2026-06-02 17:00:00+00:00,185.984,186.007,185.921,185.94
2026-06-02 18:00:00+00:00,185.94,186.011,185.841,185.986
2026-06-02 19:00:00+00:00,185.986,186.091,185.984,186.072
2026-06-02 20:00:00+00:00,186.072,186.103,186.027,186.032
2026-06-02 21:00:00+00:00,186.032,186.047,185.895,185.996
2026-06-02 22:00:00+00:00,185.996,186.027,185.97,186.013
2026-06-02 23:00:00+00:00,186.013,186.024,185.94,185.957
2026-06-03 00:00:00+00:00,185.957,186.049,185.94,186.029
2026-06-03 01:00:00+00:00,186.029,186.033,185.929,185.946
2026-06-03 02:00:00+00:00,185.946,185.965,185.891,185.939
2026-06-03 03:00:00+00:00,185.939,185.989,185.927,185.949
2026-06-03 04:00:00+00:00,185.949,185.95,185.899,185.92
2026-06-03 05:00:00+00:00,185.92,185.942,185.851,185.856
2026-06-03 06:00:00+00:00,185.856,185.89,185.776,185.875
2026-06-03 07:00:00+00:00,185.875,185.882,185.484,185.545
2026-06-03 08:00:00+00:00,185.545,185.596,185.147,185.488
2026-06-03 09:00:00+00:00,185.488,185.704,185.487,185.61
2026-06-03 10:00:00+00:00,185.61,185.733,185.586,185.656
2026-06-03 11:00:00+00:00,185.656,185.784,185.646,185.737
2026-06-03 12:00:00+00:00,185.737,185.753,185.493,185.55
2026-06-03 13:00:00+00:00,185.55,185.671,185.522,185.646
2026-06-03 14:00:00+00:00,185.646,185.787,185.541,185.772
2026-06-03 15:00:00+00:00,185.772,185.778,185.674,185.682
2026-06-03 16:00:00+00:00,185.682,185.691,185.575,185.625
2026-06-03 17:00:00+00:00,185.625,185.675,185.595,185.669
2026-06-03 18:00:00+00:00,185.669,185.672,185.62,185.648
2026-06-03 19:00:00+00:00,185.648,185.703,185.627,185.693
2026-06-03 20:00:00+00:00,185.693,185.731,185.667,185.667
2026-06-03 21:00:00+00:00,185.667,185.672,185.574,185.608
2026-06-03 22:00:00+00:00,185.608,185.675,185.595,185.628
2026-06-03 23:00:00+00:00,185.628,185.735,185.616,185.718
2026-06-04 00:00:00+00:00,185.718,185.736,185.636,185.639
2026-06-04 01:00:00+00:00,185.639,185.664,185.607,185.655
2026-06-04 02:00:00+00:00,185.655,185.695,185.625,185.679
2026-06-04 03:00:00+00:00,185.679,185.701,185.631,185.7
2026-06-04 04:00:00+00:00,185.7,185.717,185.361,185.64
2026-06-04 05:00:00+00:00,185.64,185.674,185.623,185.66
2026-06-04 06:00:00+00:00,185.66,185.717,185.626,185.694
2026-06-04 07:00:00+00:00,185.694,185.704,185.514,185.588
2026-06-04 08:00:00+00:00,185.588,185.716,185.583,185.702
2026-06-04 09:00:00+00:00,185.702,185.919,185.701,185.883
2026-06-04 10:00:00+00:00,185.883,186.03,185.876,185.981
2026-06-04 11:00:00+00:00,185.981,186.13,185.973,186.035
2026-06-04 12:00:00+00:00,186.035,186.139,186.025,186.07
2026-06-04 13:00:00+00:00,186.07,186.14,186.036,186.116
2026-06-04 14:00:00+00:00,186.116,186.15,186.058,186.11
2026-06-04 15:00:00+00:00,186.11,186.146,185.994,186.057
2026-06-04 16:00:00+00:00,186.057,186.072,185.963,185.977
2026-06-04 17:00:00+00:00,185.977,185.997,185.932,185.962
2026-06-04 18:00:00+00:00,185.962,185.973,185.877,185.908
2026-06-04 19:00:00+00:00,185.908,185.919,185.828,185.853
2026-06-04 20:00:00+00:00,185.853,185.868,185.812,185.817
2026-06-04 21:00:00+00:00,185.817,185.883,185.752,185.792
2026-06-04 22:00:00+00:00,185.792,185.85,185.792,185.829
2026-06-04 23:00:00+00:00,185.829,185.852,185.804,185.824
2026-06-05 00:00:00+00:00,185.824,185.851,185.752,185.789
2026-06-05 01:00:00+00:00,185.789,185.824,185.735,185.805
2026-06-05 02:00:00+00:00,185.805,185.86,185.795,185.828
2026-06-05 03:00:00+00:00,185.828,185.856,185.795,185.82
2026-06-05 04:00:00+00:00,185.82,185.857,185.807,185.845
2026-06-05 05:00:00+00:00,185.845,185.867,185.799,185.841
2026-06-05 06:00:00+00:00,185.841,185.932,185.796,185.921
2026-06-05 07:00:00+00:00,185.921,186.128,185.912,186.09
2026-06-05 08:00:00+00:00,186.09,186.197,186.087,186.16
2026-06-05 09:00:00+00:00,186.16,186.24,186.136,186.188
2026-06-05 10:00:00+00:00,186.188,186.236,186.148,186.176
2026-06-05 11:00:00+00:00,186.176,186.181,186.041,186.118
2026-06-05 12:00:00+00:00,186.118,186.151,185.661,185.667
2026-06-05 13:00:00+00:00,185.667,185.735,185.26,185.352
2026-06-05 14:00:00+00:00,185.352,185.412,185.131,185.292
2026-06-05 15:00:00+00:00,185.292,185.301,184.794,184.859
2026-06-05 16:00:00+00:00,184.859,184.875,184.751,184.872
2026-06-05 17:00:00+00:00,184.872,184.893,184.732,184.791
2026-06-05 18:00:00+00:00,184.791,184.804,184.533,184.591
2026-06-05 19:00:00+00:00,184.591,184.707,184.531,184.653
2026-06-05 20:00:00+00:00,184.653,184.752,184.589,184.706
2026-06-07 21:00:00+00:00,184.706,184.85600000000005,184.689,184.85500000000005
2026-06-07 22:00:00+00:00,184.85500000000005,185.12100000000004,184.85500000000005,185.04100000000005
2026-06-07 23:00:00+00:00,185.04100000000005,185.187,185.014,185.177
2026-06-08 00:00:00+00:00,185.177,185.35,185.097,185.348
2026-06-08 01:00:00+00:00,185.348,185.383,185.033,185.248
2026-06-08 02:00:00+00:00,185.248,185.374,185.186,185.337
2026-06-08 03:00:00+00:00,185.337,185.35700000000003,185.29800000000003,185.349
2026-06-08 04:00:00+00:00,185.349,185.367,185.287,185.34
2026-06-08 05:00:00+00:00,185.34,185.439,185.03000000000003,185.052
2026-06-08 06:00:00+00:00,185.052,185.213,184.97600000000003,184.98800000000003
2026-06-08 07:00:00+00:00,184.98800000000003,185.135,184.966,184.971
2026-06-08 08:00:00+00:00,184.971,185.025,184.439,184.60100000000003
2026-06-08 09:00:00+00:00,184.60100000000003,184.686,184.471,184.653
2026-06-08 10:00:00+00:00,184.653,184.872,184.612,184.841
2026-06-08 11:00:00+00:00,184.841,185.064,184.814,184.993
2026-06-08 12:00:00+00:00,184.993,185.084,184.962,185.069
2026-06-08 13:00:00+00:00,185.069,185.257,185.058,185.144
2026-06-08 14:00:00+00:00,185.144,185.227,185.13100000000003,185.214
2026-06-08 15:00:00+00:00,185.214,185.312,185.177,185.29
2026-06-08 16:00:00+00:00,185.29,185.3,185.223,185.247
2026-06-08 17:00:00+00:00,185.247,185.294,185.235,185.245
2026-06-08 18:00:00+00:00,185.245,185.292,185.187,185.194
2026-06-08 19:00:00+00:00,185.194,185.248,185.174,185.181
2026-06-08 20:00:00+00:00,185.181,185.203,185.141,185.165
2026-06-08 21:00:00+00:00,185.165,185.268,185.125,185.176
2026-06-08 22:00:00+00:00,185.176,185.188,185.122,185.183
2026-06-08 23:00:00+00:00,185.183,185.197,185.094,185.098
2026-06-09 00:00:00+00:00,185.098,185.226,185.046,185.214
2026-06-09 01:00:00+00:00,185.214,185.299,185.197,185.298
2026-06-09 02:00:00+00:00,185.298,185.312,185.276,185.298
2026-06-09 03:00:00+00:00,185.298,185.348,185.267,185.345
2026-06-09 04:00:00+00:00,185.345,185.432,185.321,185.393
2026-06-09 05:00:00+00:00,185.393,185.4,185.284,185.336
2026-06-09 06:00:00+00:00,185.336,185.416,185.277,185.339
2026-06-09 07:00:00+00:00,185.339,185.375,185.263,185.3
2026-06-09 08:00:00+00:00,185.3,185.487,185.262,185.459
2026-06-09 09:00:00+00:00,185.459,185.658,185.455,185.647
2026-06-09 10:00:00+00:00,185.647,185.731,185.635,185.686
2026-06-09 11:00:00+00:00,185.686,185.817,185.686,185.789
2026-06-09 12:00:00+00:00,185.789,185.858,185.752,185.84
2026-06-09 13:00:00+00:00,185.84,185.91,185.7,185.736
2026-06-09 14:00:00+00:00,185.736,185.822,185.614,185.732
2026-06-09 15:00:00+00:00,185.732,185.804,185.514,185.589
2026-06-09 16:00:00+00:00,185.589,185.622,185.409,185.563
2026-06-09 17:00:00+00:00,185.563,185.634,185.529,185.624
2026-06-09 18:00:00+00:00,185.624,185.701,185.608,185.652
2026-06-09 19:00:00+00:00,185.652,185.661,185.535,185.585
2026-06-09 20:00:00+00:00,185.585,185.617,185.529,185.529
2026-06-09 21:00:00+00:00,185.529,185.533,185.419,185.443
2026-06-09 22:00:00+00:00,185.443,185.519,185.434,185.486
2026-06-09 23:00:00+00:00,185.486,185.533,185.427,185.455
2026-06-10 00:00:00+00:00,185.455,185.567,185.418,185.559
2026-06-10 01:00:00+00:00,185.559,185.567,185.398,185.484
2026-06-10 02:00:00+00:00,185.484,185.559,185.464,185.544
2026-06-10 03:00:00+00:00,185.544,185.686,185.543,185.664
2026-06-10 04:00:00+00:00,185.664,185.667,185.567,185.612
2026-06-10 05:00:00+00:00,185.612,185.74,185.588,185.711
2026-06-10 06:00:00+00:00,185.711,185.792,185.66,185.668
2026-06-10 07:00:00+00:00,185.668,185.793,185.633,185.757
2026-06-10 08:00:00+00:00,185.757,185.791,185.682,185.791
2026-06-10 09:00:00+00:00,185.791,185.913,185.737,185.881
2026-06-10 10:00:00+00:00,185.881,185.918,185.798,185.815
2026-06-10 11:00:00+00:00,185.815,185.819,185.587,185.605
2026-06-10 12:00:00+00:00,185.605,185.879,185.592,185.725
2026-06-10 13:00:00+00:00,185.725,186.018,185.712,185.891
2026-06-10 14:00:00+00:00,185.891,185.951,185.758,185.839
2026-06-10 15:00:00+00:00,185.839,185.884,185.602,185.779
2026-06-10 16:00:00+00:00,185.779,185.944,185.766,185.868
2026-06-10 17:00:00+00:00,185.868,185.885,185.767,185.866
2026-06-10 18:00:00+00:00,185.866,185.924,185.753,185.791
2026-06-10 19:00:00+00:00,185.791,185.8,185.718,185.727
2026-06-10 20:00:00+00:00,185.727,185.728,185.626,185.626
2026-06-10 21:00:00+00:00,185.626,185.639,185.563,185.587
2026-06-10 22:00:00+00:00,185.587,185.622,185.502,185.544
2026-06-10 23:00:00+00:00,185.544,185.65,185.49,185.617
2026-06-11 00:00:00+00:00,185.617,185.734,185.606,185.715
2026-06-11 01:00:00+00:00,185.715,185.88,185.715,185.869
2026-06-11 02:00:00+00:00,185.869,185.873,185.773,185.805
2026-06-11 03:00:00+00:00,185.805,185.825,185.753,185.756
2026-06-11 04:00:00+00:00,185.756,185.832,185.733,185.798
2026-06-11 05:00:00+00:00,185.798,185.848,185.772,185.827
2026-06-11 06:00:00+00:00,185.827,185.843,185.738,185.749
2026-06-11 07:00:00+00:00,185.749,185.913,185.739,185.747
2026-06-11 08:00:00+00:00,185.747,185.752,185.547,185.573
2026-06-11 09:00:00+00:00,185.573,185.658,185.544,185.598
2026-06-11 10:00:00+00:00,185.598,185.608,185.443,185.549
2026-06-11 11:00:00+00:00,185.549,185.70100000000005,185.546,185.67100000000005
2026-06-11 12:00:00+00:00,185.67100000000005,185.74100000000004,185.37700000000004,185.69300000000004
2026-06-11 13:00:00+00:00,185.69300000000004,185.713,185.36500000000004,185.47400000000005
2026-06-11 14:00:00+00:00,185.47400000000005,185.487,185.261,185.33600000000004
2026-06-11 15:00:00+00:00,185.33600000000004,185.38100000000003,185.23500000000004,185.26000000000005
2026-06-11 16:00:00+00:00,185.26000000000005,185.28600000000003,185.18000000000004,185.19500000000005
2026-06-11 17:00:00+00:00,185.19500000000005,185.65100000000004,185.09600000000003,185.40000000000003
2026-06-11 18:00:00+00:00,185.40000000000003,185.48400000000004,185.37300000000005,185.45600000000005
2026-06-11 19:00:00+00:00,185.45600000000005,185.56500000000003,185.34600000000003,185.46400000000003
2026-06-11 20:00:00+00:00,185.46400000000003,185.68000000000004,185.45900000000003,185.57800000000003
2026-06-11 21:00:00+00:00,185.57800000000003,185.648,185.52600000000004,185.58300000000003
2026-06-11 22:00:00+00:00,185.58300000000003,185.82300000000004,185.582,185.81900000000005
2026-06-11 23:00:00+00:00,185.81900000000005,185.83400000000003,185.72100000000003,185.81000000000003
2026-06-12 00:00:00+00:00,185.81000000000003,185.82700000000003,185.70400000000004,185.75200000000004
2026-06-12 01:00:00+00:00,185.75200000000004,185.76800000000003,185.60700000000003,185.76200000000003
2026-06-12 02:00:00+00:00,185.76200000000003,185.86700000000005,185.749,185.84300000000005
2026-06-12 03:00:00+00:00,185.84300000000005,185.89300000000003,185.82000000000005,185.862
2026-06-12 04:00:00+00:00,185.862,185.91700000000003,185.84600000000003,185.88200000000003
2026-06-12 05:00:00+00:00,185.88200000000003,185.90300000000005,185.755,185.755
2026-06-12 06:00:00+00:00,185.755,185.99800000000005,185.75300000000004,185.97900000000004
2026-06-12 07:00:00+00:00,185.97900000000004,185.98800000000003,185.76800000000003,185.83300000000003
2026-06-12 08:00:00+00:00,185.83300000000003,185.91100000000003,185.73300000000003,185.78100000000003
2026-06-12 09:00:00+00:00,185.78100000000003,185.892,185.72100000000003,185.86000000000004
2026-06-12 10:00:00+00:00,185.86000000000004,185.87800000000004,185.72400000000005,185.73500000000004
2026-06-12 11:00:00+00:00,185.73500000000004,185.84600000000003,185.73300000000003,185.78500000000005
2026-06-12 12:00:00+00:00,185.78500000000005,185.81300000000005,185.69300000000004,185.75200000000004
2026-06-12 13:00:00+00:00,185.75200000000004,185.94500000000005,185.737,185.86400000000003
2026-06-12 14:00:00+00:00,185.86400000000003,185.94800000000004,185.83700000000005,185.89400000000003
2026-06-12 15:00:00+00:00,185.89400000000003,185.99000000000004,185.86700000000005,185.89600000000004
2026-06-12 16:00:00+00:00,185.89600000000004,185.92300000000003,185.81200000000004,185.90100000000004
2026-06-12 17:00:00+00:00,185.90100000000004,185.91600000000005,185.84500000000003,185.86400000000003
2026-06-12 18:00:00+00:00,185.86400000000003,185.93600000000004,185.85500000000005,185.91100000000003
2026-06-12 19:00:00+00:00,185.91100000000003,185.92200000000005,185.80000000000004,185.82600000000005
2026-06-12 20:00:00+00:00,185.82600000000005,185.84000000000003,185.72100000000003,185.75900000000004
2026-06-14 21:00:00+00:00,185.75900000000004,185.8930000000001,185.63500000000005,185.85400000000004
2026-06-14 22:00:00+00:00,185.85400000000004,186.10700000000008,185.78800000000004,186.07900000000004
2026-06-14 23:00:00+00:00,186.07900000000004,186.0840000000001,185.97600000000008,186.01600000000005
2026-06-15 00:00:00+00:00,186.01600000000005,186.1740000000001,186.00400000000005,186.1260000000001
2026-06-15 01:00:00+00:00,186.1260000000001,186.2690000000001,186.08600000000004,186.22500000000005
2026-06-15 02:00:00+00:00,186.22500000000005,186.25300000000004,186.13400000000004,186.1730000000001
2026-06-15 03:00:00+00:00,186.1730000000001,186.18000000000004,186.10700000000008,186.14800000000005
2026-06-15 04:00:00+00:00,186.14800000000005,186.28200000000004,186.14800000000005,186.2740000000001
2026-06-15 05:00:00+00:00,186.2740000000001,186.37400000000005,186.2630000000001,186.34400000000005
2026-06-15 06:00:00+00:00,186.34400000000005,186.36500000000004,186.20700000000005,186.26700000000005
2026-06-15 07:00:00+00:00,186.26700000000005,186.27600000000004,186.18200000000004,186.24300000000005
2026-06-15 08:00:00+00:00,186.24300000000005,186.30000000000004,186.13500000000005,186.1910000000001
2026-06-15 09:00:00+00:00,186.1910000000001,186.31700000000004,186.18700000000004,186.2680000000001
2026-06-15 10:00:00+00:00,186.2680000000001,186.36900000000009,186.2330000000001,186.33000000000004
2026-06-15 11:00:00+00:00,186.33000000000004,186.42800000000005,186.30600000000004,186.3760000000001
2026-06-15 12:00:00+00:00,186.3760000000001,186.4710000000001,186.29100000000005,186.4240000000001
2026-06-15 13:00:00+00:00,186.4240000000001,186.43900000000005,186.33000000000004,186.3700000000001
2026-06-15 14:00:00+00:00,186.3700000000001,186.37100000000004,186.21200000000005,186.2990000000001
2026-06-15 15:00:00+00:00,186.2990000000001,186.30300000000005,186.17200000000005,186.22500000000005
2026-06-15 16:00:00+00:00,186.22500000000005,186.35100000000008,186.2090000000001,186.32400000000004
2026-06-15 17:00:00+00:00,186.32400000000004,186.34300000000005,186.28300000000004,186.32300000000004
2026-06-15 18:00:00+00:00,186.32300000000004,186.3640000000001,186.25900000000004,186.29000000000005
2026-06-15 19:00:00+00:00,186.29000000000005,186.30000000000004,186.21900000000005,186.22900000000004
2026-06-15 20:00:00+00:00,186.22900000000004,186.25600000000009,186.20500000000004,186.22000000000008
2026-06-15 21:00:00+00:00,186.22000000000008,186.29400000000004,186.1440000000001,186.21200000000005
2026-06-15 22:00:00+00:00,186.21200000000005,186.24900000000005,186.13900000000004,186.19300000000004
2026-06-15 23:00:00+00:00,186.19300000000004,186.20600000000005,186.12400000000005,186.13300000000004
2026-06-16 00:00:00+00:00,186.13300000000004,186.16000000000005,186.03800000000004,186.10700000000008
2026-06-16 01:00:00+00:00,186.10700000000008,186.13300000000004,185.97200000000004,185.9830000000001
2026-06-16 02:00:00+00:00,185.9830000000001,185.99100000000004,185.91800000000003,185.9590000000001
2026-06-16 03:00:00+00:00,185.9590000000001,186.06700000000004,185.84200000000004,186.0130000000001
2026-06-16 04:00:00+00:00,186.0130000000001,186.04500000000004,185.90900000000005,185.95000000000005
2026-06-16 05:00:00+00:00,185.95000000000005,186.01700000000005,185.92700000000005,185.93700000000004
2026-06-16 06:00:00+00:00,185.93700000000004,186.03300000000004,185.8820000000001,186.03100000000003
2026-06-16 07:00:00+00:00,186.03100000000003,186.26600000000005,186.00800000000004,186.19500000000005
2026-06-16 08:00:00+00:00,186.19500000000005,186.46900000000005,186.17200000000005,186.45400000000004
2026-06-16 09:00:00+00:00,186.45400000000004,186.5130000000001,186.36300000000008,186.40200000000004
2026-06-16 10:00:00+00:00,186.40200000000004,186.5540000000001,186.3880000000001,186.5190000000001
2026-06-16 11:00:00+00:00,186.5190000000001,186.53100000000003,186.34500000000008,186.39000000000004
2026-06-16 12:00:00+00:00,186.39000000000004,186.39800000000005,186.28500000000005,186.35900000000004
2026-06-16 13:00:00+00:00,186.35900000000004,186.46600000000004,186.31500000000003,186.33600000000004
2026-06-16 14:00:00+00:00,186.33600000000004,186.59500000000008,186.28800000000004,186.56500000000003
2026-06-16 15:00:00+00:00,186.56500000000003,186.69900000000004,186.5180000000001,186.67400000000004
2026-06-16 16:00:00+00:00,186.67400000000004,186.71200000000005,186.64500000000004,186.6610000000001
2026-06-16 17:00:00+00:00,186.6610000000001,186.70100000000005,186.64600000000004,186.68200000000004
2026-06-16 18:00:00+00:00,186.68200000000004,186.70700000000005,186.62100000000004,186.66600000000005
2026-06-16 19:00:00+00:00,186.66600000000005,186.69000000000003,186.62300000000005,186.66500000000005
2026-06-16 20:00:00+00:00,186.66500000000005,186.68600000000004,186.60600000000005,186.60600000000005
2026-06-16 21:00:00+00:00,186.60600000000005,186.66700000000003,186.59500000000008,186.61500000000004
2026-06-16 22:00:00+00:00,186.61500000000004,186.69800000000004,186.61500000000004,186.6490000000001
2026-06-16 23:00:00+00:00,186.6490000000001,186.69500000000005,186.64100000000005,186.6430000000001
2026-06-17 00:00:00+00:00,186.6430000000001,186.70600000000005,186.60900000000004,186.63100000000009
2026-06-17 01:00:00+00:00,186.63100000000009,186.65900000000005,186.55000000000004,186.59300000000005
2026-06-17 02:00:00+00:00,186.59300000000005,186.60600000000005,186.52500000000003,186.52800000000005
2026-06-17 03:00:00+00:00,186.52800000000005,186.56500000000003,186.51100000000005,186.53000000000003
2026-06-17 04:00:00+00:00,186.53000000000003,186.53700000000003,186.48100000000005,186.49700000000004
2026-06-17 05:00:00+00:00,186.49700000000004,186.56800000000004,186.49100000000004,186.56100000000004
2026-06-17 06:00:00+00:00,186.56100000000004,186.58900000000008,186.37600000000003,186.40900000000005
2026-06-17 07:00:00+00:00,186.40900000000005,186.53500000000005,186.33000000000004,186.34500000000008
2026-06-17 08:00:00+00:00,186.34500000000008,186.34500000000008,186.16000000000005,186.25900000000004
2026-06-17 09:00:00+00:00,186.25900000000004,186.29700000000005,186.23100000000005,186.26900000000003
2026-06-17 10:00:00+00:00,186.26900000000003,186.29400000000004,186.16500000000005,186.21800000000005
2026-06-17 11:00:00+00:00,186.21800000000005,186.23000000000005,186.10900000000004,186.21600000000004
2026-06-17 12:00:00+00:00,186.21600000000004,186.32100000000003,186.20200000000008,186.31100000000004
2026-06-17 13:00:00+00:00,186.31100000000004,186.33900000000008,186.16600000000005,186.16600000000005
2026-06-17 14:00:00+00:00,186.16600000000005,186.22000000000008,186.07400000000004,186.19200000000004
2026-06-17 15:00:00+00:00,186.19200000000004,186.21500000000003,186.09400000000005,186.12900000000005
2026-06-17 16:00:00+00:00,186.12900000000005,186.13200000000003,186.05700000000004,186.08900000000008
2026-06-17 17:00:00+00:00,186.08900000000008,186.18200000000004,186.06500000000003,186.12000000000003
2026-06-17 18:00:00+00:00,186.12000000000003,186.12000000000003,185.51700000000005,185.57700000000008
2026-06-17 19:00:00+00:00,185.57700000000008,185.60300000000004,184.93100000000004,185.14000000000004
2026-06-17 20:00:00+00:00,185.14000000000004,185.27000000000004,185.04300000000003,185.12700000000004
2026-06-17 21:00:00+00:00,185.12700000000004,185.16000000000005,185.0280000000001,185.0560000000001
2026-06-17 22:00:00+00:00,185.0560000000001,185.1930000000001,185.05300000000008,185.1670000000001
2026-06-17 23:00:00+00:00,185.1670000000001,185.2110000000001,185.1330000000001,185.1990000000001
2026-06-18 00:00:00+00:00,185.1990000000001,185.48000000000008,185.18900000000008,185.44400000000007
2026-06-18 01:00:00+00:00,185.44400000000007,185.5240000000001,185.38700000000009,185.3990000000001
2026-06-18 02:00:00+00:00,185.3990000000001,185.42600000000007,185.3360000000001,185.3470000000001
2026-06-18 03:00:00+00:00,185.3470000000001,185.4490000000001,185.3470000000001,185.44400000000007
2026-06-18 04:00:00+00:00,185.44400000000007,185.4900000000001,185.40400000000008,185.4480000000001
2026-06-18 05:00:00+00:00,185.4480000000001,185.4790000000001,185.30200000000008,185.3050000000001
2026-06-18 06:00:00+00:00,185.3050000000001,185.5920000000001,185.30100000000007,185.44000000000008
2026-06-18 07:00:00+00:00,185.44000000000008,185.46800000000007,185.2290000000001,185.2870000000001
2026-06-18 08:00:00+00:00,185.2870000000001,185.3100000000001,184.9660000000001,185.00600000000009
2026-06-18 09:00:00+00:00,185.00600000000009,185.0180000000001,184.6800000000001,184.9300000000001
2026-06-18 10:00:00+00:00,184.9300000000001,184.9530000000001,184.7820000000001,184.8180000000001
2026-06-18 11:00:00+00:00,184.8180000000001,184.9110000000001,184.74300000000008,184.77800000000008
2026-06-18 12:00:00+00:00,184.77800000000008,185.05300000000008,184.72600000000008,184.9060000000001
2026-06-18 13:00:00+00:00,184.9060000000001,185.0780000000001,184.8220000000001,184.9650000000001
2026-06-18 14:00:00+00:00,184.9650000000001,185.1610000000001,184.90400000000008,185.1610000000001
2026-06-18 15:00:00+00:00,185.1610000000001,185.47600000000008,185.0550000000001,185.46900000000008
2026-06-18 16:00:00+00:00,185.46900000000008,185.4790000000001,185.3100000000001,185.47400000000007
2026-06-18 17:00:00+00:00,185.47400000000007,185.57600000000008,185.43200000000007,185.45100000000008
2026-06-18 18:00:00+00:00,185.45100000000008,185.6730000000001,185.4230000000001,185.66600000000008
2026-06-18 19:00:00+00:00,185.66600000000008,185.7650000000001,184.7160000000001,185.3520000000001
2026-06-18 20:00:00+00:00,185.3520000000001,185.3990000000001,185.2810000000001,185.28300000000007
2026-06-18 21:00:00+00:00,185.28300000000007,185.39700000000008,185.20800000000008,185.30700000000007
2026-06-18 22:00:00+00:00,185.30700000000007,185.4070000000001,185.1210000000001,185.26000000000008
2026-06-18 23:00:00+00:00,185.26000000000008,185.3120000000001,185.19600000000008,185.21400000000008
2026-06-19 00:00:00+00:00,185.21400000000008,185.2860000000001,184.9790000000001,185.0490000000001
2026-06-19 01:00:00+00:00,185.0490000000001,185.1090000000001,184.9350000000001,185.01700000000008
2026-06-19 02:00:00+00:00,185.01700000000008,185.09300000000007,184.97000000000008,185.0780000000001
2026-06-19 03:00:00+00:00,185.0780000000001,185.0920000000001,184.9130000000001,185.01100000000008
2026-06-19 04:00:00+00:00,185.01100000000008,185.0540000000001,184.80200000000008,184.8240000000001
2026-06-19 05:00:00+00:00,184.8240000000001,184.8780000000001,184.69500000000008,184.8160000000001
2026-06-19 06:00:00+00:00,184.8160000000001,184.97400000000007,184.8000000000001,184.9230000000001
2026-06-19 07:00:00+00:00,184.9230000000001,185.0800000000001,184.92000000000007,185.04700000000008
2026-06-19 08:00:00+00:00,185.04700000000008,185.3230000000001,185.04100000000008,185.29700000000008
2026-06-19 09:00:00+00:00,185.29700000000008,185.3180000000001,185.1870000000001,185.1930000000001
2026-06-19 10:00:00+00:00,185.1930000000001,185.2760000000001,185.1270000000001,185.2570000000001
2026-06-19 11:00:00+00:00,185.2570000000001,185.3360000000001,185.1620000000001,185.2160000000001
2026-06-19 12:00:00+00:00,185.2160000000001,185.3420000000001,185.2160000000001,185.2700000000001
2026-06-19 13:00:00+00:00,185.2700000000001,185.3040000000001,185.1620000000001,185.2870000000001
2026-06-19 14:00:00+00:00,185.2870000000001,185.33700000000007,185.1790000000001,185.22500000000008
2026-06-19 15:00:00+00:00,185.22500000000008,185.3640000000001,185.21900000000008,185.32700000000008
2026-06-19 16:00:00+00:00,185.32700000000008,185.42800000000008,185.30300000000008,185.42600000000007
2026-06-19 17:00:00+00:00,185.42600000000007,185.51100000000008,185.4050000000001,185.45000000000007
2026-06-19 18:00:00+00:00,185.45000000000007,185.5300000000001,185.43300000000008,185.4720000000001
2026-06-19 19:00:00+00:00,185.4720000000001,185.5070000000001,185.42600000000007,185.4780000000001
2026-06-19 20:00:00+00:00,185.4780000000001,185.5180000000001,185.2980000000001,185.3780000000001
2026-06-21 21:00:00+00:00,185.3780000000001,185.74600000000007,185.3620000000001,185.63900000000012
2026-06-21 22:00:00+00:00,185.63900000000012,185.83700000000016,185.56700000000012,185.8210000000001
2026-06-21 23:00:00+00:00,185.8210000000001,185.86800000000017,185.76800000000011,185.80400000000012
2026-06-22 00:00:00+00:00,185.80400000000012,185.95100000000016,185.78800000000012,185.93600000000012
2026-06-22 01:00:00+00:00,185.93600000000012,186.03200000000012,185.87300000000016,185.94100000000012
2026-06-22 02:00:00+00:00,185.94100000000012,186.00500000000017,185.89600000000016,185.9700000000001
2026-06-22 03:00:00+00:00,185.9700000000001,186.00200000000012,185.85000000000016,185.87800000000016
2026-06-22 04:00:00+00:00,185.87800000000016,185.97700000000012,185.84600000000012,185.96500000000012
2026-06-22 05:00:00+00:00,185.96500000000012,186.05100000000016,185.93600000000012,185.97700000000012
2026-06-22 06:00:00+00:00,185.97700000000012,186.07500000000016,185.90800000000016,186.0470000000001
2026-06-22 07:00:00+00:00,186.0470000000001,186.09100000000012,185.86400000000012,185.88400000000016
2026-06-22 08:00:00+00:00,185.88400000000016,186.01000000000016,185.8210000000001,186.0060000000001
2026-06-22 09:00:00+00:00,186.0060000000001,186.13400000000016,185.99700000000016,186.08200000000016
2026-06-22 10:00:00+00:00,186.08200000000016,186.1370000000001,186.01800000000011,186.04000000000016
2026-06-22 11:00:00+00:00,186.04000000000016,186.04900000000012,185.94200000000012,185.96100000000013
2026-06-22 12:00:00+00:00,185.96100000000013,186.1540000000001,185.94500000000016,186.06800000000013
2026-06-22 13:00:00+00:00,186.06800000000013,186.07300000000012,185.78000000000011,185.78900000000016
2026-06-22 14:00:00+00:00,185.78900000000016,185.80700000000016,185.13800000000012,185.39500000000012
2026-06-22 15:00:00+00:00,185.39500000000012,185.48300000000012,185.22700000000012,185.39400000000012
2026-06-22 16:00:00+00:00,185.39400000000012,185.4940000000001,185.34300000000016,185.43200000000016
2026-06-22 17:00:00+00:00,185.43200000000016,185.43500000000012,185.3330000000001,185.34100000000012
2026-06-22 18:00:00+00:00,185.34100000000012,185.38500000000016,185.14600000000016,185.1660000000001
2026-06-22 19:00:00+00:00,185.1660000000001,185.43800000000016,185.1660000000001,185.39300000000011
2026-06-22 20:00:00+00:00,185.39300000000011,185.45600000000016,185.34100000000012,185.34100000000012
2026-06-22 21:00:00+00:00,185.34100000000012,185.3870000000001,185.22800000000012,185.34600000000012
2026-06-22 22:00:00+00:00,185.34600000000012,185.46500000000012,185.34600000000012,185.40000000000012
2026-06-22 23:00:00+00:00,185.40000000000012,185.41100000000012,185.35300000000012,185.38600000000017
2026-06-23 00:00:00+00:00,185.38600000000017,185.43700000000013,185.2730000000001,185.39200000000017
2026-06-23 01:00:00+00:00,185.39200000000017,185.43700000000013,185.30700000000016,185.40000000000012
2026-06-23 02:00:00+00:00,185.40000000000012,185.43700000000013,185.3750000000001,185.37900000000016
2026-06-23 03:00:00+00:00,185.37900000000016,185.41700000000012,185.27400000000011,185.40800000000016
2026-06-23 04:00:00+00:00,185.40800000000016,185.43900000000016,185.31400000000016,185.33600000000013
2026-06-23 05:00:00+00:00,185.33600000000013,185.44400000000016,185.31200000000013,185.41300000000012
2026-06-23 06:00:00+00:00,185.41300000000012,185.60300000000012,185.38000000000017,185.4040000000001
2026-06-23 07:00:00+00:00,185.4040000000001,185.49200000000016,185.00900000000016,185.01400000000012
2026-06-23 08:00:00+00:00,185.01400000000012,185.03400000000016,184.82800000000012,184.92700000000016
2026-06-23 09:00:00+00:00,184.92700000000016,184.98000000000016,184.8090000000001,184.91700000000012
2026-06-23 10:00:00+00:00,184.91700000000012,184.95700000000016,184.72700000000012,184.82600000000016
2026-06-23 11:00:00+00:00,184.82600000000016,184.88900000000012,184.72400000000016,184.73900000000012
2026-06-23 12:00:00+00:00,184.73900000000012,184.82200000000012,184.60000000000016,184.75200000000012
2026-06-23 13:00:00+00:00,184.75200000000012,184.85800000000012,184.68100000000013,184.73100000000017
2026-06-23 14:00:00+00:00,184.73100000000017,184.75100000000012,184.55500000000012,184.62800000000016
2026-06-23 15:00:00+00:00,184.62800000000016,184.68700000000013,184.53800000000012,184.64900000000011
2026-06-23 16:00:00+00:00,184.64900000000011,184.67300000000012,184.6070000000001,184.64600000000016
2026-06-23 17:00:00+00:00,184.64600000000016,184.67500000000013,184.58200000000016,184.60500000000016
2026-06-23 18:00:00+00:00,184.60500000000016,184.64400000000012,184.54400000000012,184.6010000000001
2026-06-23 19:00:00+00:00,184.6010000000001,184.6540000000001,184.58000000000013,184.6190000000001
2026-06-23 20:00:00+00:00,184.6190000000001,184.66700000000012,184.59600000000012,184.59600000000012
2026-06-23 21:00:00+00:00,184.59600000000012,184.65700000000012,184.54900000000012,184.59800000000016
2026-06-23 22:00:00+00:00,184.59800000000016,184.65600000000012,184.58800000000016,184.6310000000001
2026-06-23 23:00:00+00:00,184.6310000000001,184.68700000000013,184.60200000000012,184.64300000000011
2026-06-24 00:00:00+00:00,184.64300000000011,184.65200000000016,184.52700000000016,184.62300000000016
2026-06-24 01:00:00+00:00,184.62300000000016,184.62700000000012,184.48100000000017,184.56700000000012
2026-06-24 02:00:00+00:00,184.56700000000012,184.58000000000013,184.39600000000016,184.39900000000011
2026-06-24 03:00:00+00:00,184.39900000000011,184.43000000000012,184.3270000000001,184.40000000000012
2026-06-24 04:00:00+00:00,184.40000000000012,184.40600000000012,184.28900000000016,184.33800000000016
2026-06-24 05:00:00+00:00,184.33800000000016,184.48300000000012,184.3330000000001,184.47900000000016
2026-06-24 06:00:00+00:00,184.47900000000016,184.61500000000012,184.41900000000012,184.44700000000012
2026-06-24 07:00:00+00:00,184.44700000000012,184.46700000000016,184.30800000000016,184.33500000000012
2026-06-24 08:00:00+00:00,184.33500000000012,184.4100000000001,184.14900000000011,184.39300000000011
2026-06-24 09:00:00+00:00,184.39300000000011,184.40900000000016,184.25200000000012,184.26700000000017
2026-06-24 10:00:00+00:00,184.26700000000017,184.28100000000012,184.09200000000016,184.11000000000016
2026-06-24 11:00:00+00:00,184.11000000000016,184.22300000000016,184.05500000000012,184.07900000000012
2026-06-24 12:00:00+00:00,184.07900000000012,184.15500000000011,183.92600000000016,184.01100000000017
2026-06-24 13:00:00+00:00,184.01100000000017,184.29500000000016,183.9280000000001,184.24800000000016
2026-06-24 14:00:00+00:00,184.24800000000016,184.33600000000013,184.1190000000001,184.26100000000017
2026-06-24 15:00:00+00:00,184.26100000000017,184.53600000000012,184.24700000000016,184.32500000000016
2026-06-24 16:00:00+00:00,184.32500000000016,184.57900000000012,184.30600000000013,184.50800000000012
2026-06-24 17:00:00+00:00,184.50800000000012,184.52800000000016,184.38600000000017,184.41200000000012
2026-06-24 18:00:00+00:00,184.41200000000012,184.55800000000016,184.41200000000012,184.44100000000012
2026-06-24 19:00:00+00:00,184.44100000000012,184.53000000000011,184.4340000000001,184.48100000000017
2026-06-24 20:00:00+00:00,184.48100000000017,184.57800000000012,184.47200000000012,184.50100000000012
2026-06-24 21:00:00+00:00,184.50100000000012,184.54800000000012,184.40000000000012,184.48200000000017
2026-06-24 22:00:00+00:00,184.48200000000017,184.51900000000015,184.44600000000017,184.45300000000012
2026-06-24 23:00:00+00:00,184.45300000000012,184.4810000000002,184.43100000000015,184.4450000000002
2026-06-25 00:00:00+00:00,184.4450000000002,184.45400000000015,184.29200000000017,184.36000000000016
2026-06-25 01:00:00+00:00,184.36000000000016,184.5520000000002,184.35800000000015,184.44700000000017
2026-06-25 02:00:00+00:00,184.44700000000017,184.5330000000002,184.4150000000002,184.53000000000017
2026-06-25 03:00:00+00:00,184.53000000000017,184.66900000000015,184.5230000000002,184.64600000000016
2026-06-25 04:00:00+00:00,184.64600000000016,184.66700000000017,184.6060000000002,184.64600000000016
2026-06-25 05:00:00+00:00,184.64600000000016,184.65700000000015,184.55400000000017,184.60900000000015
2026-06-25 06:00:00+00:00,184.60900000000015,184.67900000000017,184.5160000000002,184.5520000000002
2026-06-25 07:00:00+00:00,184.5520000000002,184.6230000000002,184.4280000000002,184.57400000000015
2026-06-25 08:00:00+00:00,184.57400000000015,184.7600000000002,184.56800000000015,184.69200000000015
2026-06-25 09:00:00+00:00,184.69200000000015,184.79800000000017,184.6130000000002,184.61600000000016
2026-06-25 10:00:00+00:00,184.61600000000016,184.61600000000016,184.39500000000015,184.4260000000002
2026-06-25 11:00:00+00:00,184.4260000000002,184.43600000000015,184.16100000000017,184.2850000000002
2026-06-25 12:00:00+00:00,184.2850000000002,184.6290000000002,184.2850000000002,184.5100000000002
2026-06-25 13:00:00+00:00,184.5100000000002,184.6950000000002,184.44700000000017,184.5640000000002
2026-06-25 14:00:00+00:00,184.5640000000002,184.7490000000002,184.55500000000015,184.67500000000015
2026-06-25 15:00:00+00:00,184.67500000000015,184.8620000000002,184.6650000000002,184.8190000000002
2026-06-25 16:00:00+00:00,184.8190000000002,184.8620000000002,184.7250000000002,184.7600000000002
2026-06-25 17:00:00+00:00,184.7600000000002,184.8140000000002,184.7260000000002,184.78000000000017
2026-06-25 18:00:00+00:00,184.78000000000017,184.8680000000002,184.76300000000015,184.77700000000016
2026-06-25 19:00:00+00:00,184.77700000000016,184.8390000000002,184.7260000000002,184.76300000000015
2026-06-25 20:00:00+00:00,184.76300000000015,184.7970000000002,184.7000000000002,184.7000000000002
2026-06-25 21:00:00+00:00,184.7000000000002,184.78000000000017,184.62600000000015,184.7080000000002
2026-06-25 22:00:00+00:00,184.7080000000002,184.74700000000016,184.6540000000002,184.70900000000017
2026-06-25 23:00:00+00:00,184.70900000000017,184.71100000000015,184.57900000000015,184.59000000000017
2026-06-26 00:00:00+00:00,184.59000000000017,184.7200000000002,184.57900000000015,184.6780000000002
2026-06-26 01:00:00+00:00,184.6780000000002,184.7320000000002,184.5120000000002,184.56100000000015
2026-06-26 02:00:00+00:00,184.56100000000015,184.61000000000016,184.47800000000015,184.52500000000015
2026-06-26 03:00:00+00:00,184.52500000000015,184.59100000000015,184.47800000000015,184.5820000000002
2026-06-26 04:00:00+00:00,184.5820000000002,184.6530000000002,184.47800000000015,184.6410000000002
2026-06-26 05:00:00+00:00,184.6410000000002,184.65600000000015,184.5640000000002,184.5710000000002
2026-06-26 06:00:00+00:00,184.5710000000002,184.7790000000002,184.5580000000002,184.7190000000002
2026-06-26 07:00:00+00:00,184.7190000000002,184.84200000000016,184.65700000000015,184.80000000000015
2026-06-26 08:00:00+00:00,184.80000000000015,185.1010000000002,184.7360000000002,184.9920000000002
2026-06-26 09:00:00+00:00,184.9920000000002,185.13200000000015,184.8790000000002,185.1010000000002
2026-06-26 10:00:00+00:00,185.1010000000002,185.11400000000015,185.0180000000002,185.0810000000002
2026-06-26 11:00:00+00:00,185.0810000000002,185.11400000000015,184.9690000000002,185.03000000000017
2026-06-26 12:00:00+00:00,185.03000000000017,185.58500000000015,185.01500000000016,185.48900000000015
2026-06-26 13:00:00+00:00,185.48900000000015,185.53100000000015,185.3020000000002,185.41800000000015
2026-06-26 14:00:00+00:00,185.41800000000015,185.4640000000002,185.02000000000015,185.03800000000015
2026-06-26 15:00:00+00:00,185.03800000000015,185.1600000000002,185.01400000000015,185.10900000000015
2026-06-26 16:00:00+00:00,185.10900000000015,185.11600000000016,184.9030000000002,184.99500000000015
2026-06-26 17:00:00+00:00,184.99500000000015,185.03100000000015,184.91900000000015,184.96000000000015
2026-06-26 18:00:00+00:00,184.96000000000015,185.0120000000002,184.9100000000002,184.9140000000002
2026-06-26 19:00:00+00:00,184.9140000000002,184.9750000000002,184.8320000000002,184.9520000000002
2026-06-26 20:00:00+00:00,184.9520000000002,185.0180000000002,184.83600000000015,184.85200000000015
2026-06-28 21:00:00+00:00,184.85200000000015,184.85200000000015,184.59800000000016,184.67100000000016
2026-06-28 22:00:00+00:00,184.67100000000016,184.81100000000012,184.67100000000016,184.78900000000016
2026-06-28 23:00:00+00:00,184.78900000000016,184.81500000000017,184.73600000000016,184.78500000000017
2026-06-29 00:00:00+00:00,184.78500000000017,184.80200000000016,184.70200000000017,184.78200000000012
2026-06-29 01:00:00+00:00,184.78200000000012,184.84400000000016,184.74300000000017,184.78400000000016
2026-06-29 02:00:00+00:00,184.78400000000016,184.8750000000001,184.74300000000017,184.81900000000016
2026-06-29 03:00:00+00:00,184.81900000000016,184.85000000000016,184.75400000000016,184.75700000000012
2026-06-29 04:00:00+00:00,184.75700000000012,184.80400000000012,184.72700000000012,184.76700000000017
2026-06-29 05:00:00+00:00,184.76700000000017,184.95100000000016,184.76300000000012,184.94400000000016
2026-06-29 06:00:00+00:00,184.94400000000016,185.25400000000016,184.91000000000017,185.21700000000016
2026-06-29 07:00:00+00:00,185.21700000000016,185.23900000000012,185.06200000000013,185.09900000000016
2026-06-29 08:00:00+00:00,185.09900000000016,185.16400000000016,184.96400000000017,185.02900000000017
2026-06-29 09:00:00+00:00,185.02900000000017,185.19100000000012,184.99800000000016,185.18200000000016
2026-06-29 10:00:00+00:00,185.18200000000016,185.21400000000017,185.1130000000001,185.16900000000012
2026-06-29 11:00:00+00:00,185.16900000000012,185.24900000000017,185.06400000000016,185.22200000000012
2026-06-29 12:00:00+00:00,185.22200000000012,185.23100000000017,185.14000000000016,185.18200000000016
2026-06-29 13:00:00+00:00,185.18200000000016,185.38000000000017,185.15900000000016,185.3750000000001
2026-06-29 14:00:00+00:00,185.3750000000001,185.55800000000016,185.23700000000017,185.53100000000012
2026-06-29 15:00:00+00:00,185.53100000000012,185.59100000000012,185.44700000000012,185.57200000000012
2026-06-29 16:00:00+00:00,185.57200000000012,185.66700000000012,185.56400000000016,185.61100000000016
2026-06-29 17:00:00+00:00,185.61100000000016,185.64100000000016,185.54900000000012,185.6190000000001
2026-06-29 18:00:00+00:00,185.6190000000001,185.67800000000017,185.61100000000016,185.64000000000016
2026-06-29 19:00:00+00:00,185.64000000000016,185.64500000000012,185.57700000000017,185.60800000000012
2026-06-29 20:00:00+00:00,185.60800000000012,185.63500000000016,185.53400000000016,185.53700000000012
2026-06-29 21:00:00+00:00,185.53700000000012,185.57900000000012,185.42000000000016,185.55900000000017
2026-06-29 22:00:00+00:00,185.55900000000017,185.6010000000001,185.54300000000012,185.57000000000016
2026-06-29 23:00:00+00:00,185.57000000000016,185.57400000000013,185.4820000000001,185.4820000000001
2026-06-30 00:00:00+00:00,185.4820000000001,185.94100000000012,185.42700000000016,185.67700000000016
2026-06-30 01:00:00+00:00,185.67700000000016,185.75900000000016,185.51400000000012,185.53500000000017
2026-06-30 02:00:00+00:00,185.53500000000017,185.56600000000012,185.45000000000016,185.48400000000012
2026-06-30 03:00:00+00:00,185.48400000000012,185.55400000000012,185.31700000000012,185.43400000000017
2026-06-30 04:00:00+00:00,185.43400000000017,185.45800000000017,185.30800000000016,185.32000000000016
2026-06-30 05:00:00+00:00,185.32000000000016,185.42900000000012,185.25200000000012,185.34900000000016
2026-06-30 06:00:00+00:00,185.34900000000016,185.60000000000016,185.33800000000016,185.54100000000017
2026-06-30 07:00:00+00:00,185.54100000000017,185.60800000000012,185.48600000000016,185.53200000000012
2026-06-30 08:00:00+00:00,185.53200000000012,185.56100000000012,185.39700000000016,185.51500000000016
2026-06-30 09:00:00+00:00,185.51500000000016,185.56800000000013,185.42600000000016,185.54800000000012
2026-06-30 10:00:00+00:00,185.54800000000012,185.67200000000017,185.51000000000016,185.64900000000011
2026-06-30 11:00:00+00:00,185.64900000000011,185.69600000000017,185.50200000000012,185.62000000000012
2026-06-30 12:00:00+00:00,185.62000000000012,185.74700000000016,185.21400000000017,185.65600000000012
2026-06-30 13:00:00+00:00,185.65600000000012,185.78200000000012,185.62400000000017,185.73600000000016
2026-06-30 14:00:00+00:00,185.73600000000016,186.42300000000012,185.64400000000012,186.38500000000016
2026-06-30 15:00:00+00:00,186.38500000000016,186.44700000000012,186.19600000000017,186.2380000000001
2026-06-30 16:00:00+00:00,186.2380000000001,186.26900000000012,186.17900000000012,186.2260000000001
2026-06-30 17:00:00+00:00,186.2260000000001,186.27900000000017,186.21000000000012,186.27500000000012
2026-06-30 18:00:00+00:00,186.27500000000012,186.37700000000012,186.25200000000012,186.29400000000012
2026-06-30 19:00:00+00:00,186.29400000000012,186.3690000000001,186.23000000000016,186.35500000000016
2026-06-30 20:00:00+00:00,186.35500000000016,186.37300000000016,186.22900000000016,186.22900000000016
2026-06-30 21:00:00+00:00,186.22900000000016,186.30900000000017,186.18400000000017,186.25400000000016
2026-06-30 22:00:00+00:00,186.25400000000016,186.32400000000013,186.2500000000001,186.27600000000012
2026-06-30 23:00:00+00:00,186.27600000000012,186.27700000000016,186.16500000000016,186.19800000000012
2026-07-01 00:00:00+00:00,186.19800000000012,186.29500000000016,186.17300000000012,186.19600000000017
2026-07-01 01:00:00+00:00,186.19600000000017,186.21000000000012,186.02500000000012,186.11400000000012
2026-07-01 02:00:00+00:00,186.11400000000012,186.26500000000016,186.10600000000017,186.20500000000013
2026-07-01 03:00:00+00:00,186.20500000000013,186.28900000000016,186.19800000000012,186.2380000000001
2026-07-01 04:00:00+00:00,186.2380000000001,186.24500000000012,186.02300000000017,186.22900000000016
2026-07-01 05:00:00+00:00,186.22900000000016,186.28000000000011,186.10800000000012,186.16600000000017
2026-07-01 06:00:00+00:00,186.16600000000017,186.2440000000001,186.05200000000016,186.08000000000013
2026-07-01 07:00:00+00:00,186.08000000000013,186.09600000000012,185.90800000000016,186.05700000000016
2026-07-01 08:00:00+00:00,186.05700000000016,186.09400000000016,185.90300000000016,185.96300000000016
2026-07-01 09:00:00+00:00,185.96300000000016,186.01800000000011,185.83100000000016,185.90000000000012
2026-07-01 10:00:00+00:00,185.90000000000012,186.04300000000012,185.86500000000012,186.0120000000001
2026-07-01 11:00:00+00:00,186.0120000000001,186.02300000000017,185.81200000000013,185.82200000000012
2026-07-01 12:00:00+00:00,185.82200000000012,185.86200000000017,185.58300000000017,185.58500000000012
2026-07-01 13:00:00+00:00,185.58500000000012,185.80400000000012,185.46100000000013,185.64500000000012
2026-07-01 14:00:00+00:00,185.64500000000012,185.74100000000016,185.51700000000017,185.63600000000017
2026-07-01 15:00:00+00:00,185.63600000000017,185.64600000000016,185.44600000000017,185.47200000000012
2026-07-01 16:00:00+00:00,185.47200000000012,185.57200000000012,185.43300000000016,185.49700000000016
2026-07-01 17:00:00+00:00,185.49700000000016,185.5950000000001,185.46300000000016,185.56000000000012
2026-07-01 18:00:00+00:00,185.56000000000012,185.57500000000016,185.50200000000012,185.52800000000016
2026-07-01 19:00:00+00:00,185.52800000000016,185.57600000000016,185.51000000000016,185.56600000000012
2026-07-01 20:00:00+00:00,185.56600000000012,185.59300000000016,185.53200000000012,185.53300000000016
2026-07-01 21:00:00+00:00,185.53300000000016,185.55500000000012,185.4820000000001,185.52900000000017
2026-07-01 22:00:00+00:00,185.52900000000017,185.55500000000012,185.51900000000012,185.53400000000016
2026-07-01 23:00:00+00:00,185.53400000000016,185.57600000000016,185.48500000000016,185.5230000000001
2026-07-02 00:00:00+00:00,185.5230000000001,185.59200000000016,185.48000000000016,185.5230000000001
2026-07-02 01:00:00+00:00,185.5230000000001,185.60800000000012,185.50700000000012,185.57200000000012
2026-07-02 02:00:00+00:00,185.57200000000012,185.66900000000012,185.55000000000013,185.56800000000013
2026-07-02 03:00:00+00:00,185.56800000000013,185.5950000000001,185.45700000000016,185.49700000000016
2026-07-02 04:00:00+00:00,185.49700000000016,185.54500000000016,185.4520000000001,185.53700000000012
2026-07-02 05:00:00+00:00,185.53700000000012,185.54900000000012,185.37300000000016,185.4100000000001
2026-07-02 06:00:00+00:00,185.4100000000001,185.4160000000001,184.31900000000016,184.97400000000016
2026-07-02 07:00:00+00:00,184.97400000000016,185.09100000000012,184.6660000000001,184.74200000000016
2026-07-02 08:00:00+00:00,184.74200000000016,184.79200000000012,184.33200000000016,184.47100000000012
2026-07-02 09:00:00+00:00,184.47100000000012,184.7250000000001,184.45100000000016,184.5060000000001
2026-07-02 10:00:00+00:00,184.5060000000001,184.79000000000016,184.5000000000001,184.69700000000012
2026-07-02 11:00:00+00:00,184.69700000000012,184.7850000000001,184.65300000000016,184.72800000000012
2026-07-02 12:00:00+00:00,184.72800000000012,185.00300000000016,184.4990000000001,184.97700000000012
2026-07-02 13:00:00+00:00,184.97700000000012,185.02100000000016,184.7610000000001,184.76500000000016
2026-07-02 14:00:00+00:00,184.76500000000016,184.92700000000016,184.73300000000012,184.8740000000001
2026-07-02 15:00:00+00:00,184.8740000000001,184.87900000000016,184.61500000000012,184.7790000000001
2026-07-02 16:00:00+00:00,184.7790000000001,184.8150000000001,184.6960000000001,184.71500000000012
2026-07-02 17:00:00+00:00,184.71500000000012,184.76300000000012,184.67900000000012,184.69700000000012
2026-07-02 18:00:00+00:00,184.69700000000012,184.7620000000001,184.68200000000016,184.70700000000016
2026-07-02 19:00:00+00:00,184.70700000000016,184.77700000000016,184.69700000000012,184.76400000000012
2026-07-02 20:00:00+00:00,184.76400000000012,184.81800000000013,184.71100000000013,184.72300000000016
2026-07-02 21:00:00+00:00,184.72300000000016,184.83900000000017,184.68200000000016,184.78500000000017
2026-07-02 22:00:00+00:00,184.78500000000017,184.96200000000016,184.78500000000017,184.93000000000012
2026-07-02 23:00:00+00:00,184.93000000000012,185.05900000000017,184.90300000000016,185.04600000000016
2026-07-03 00:00:00+00:00,185.04600000000016,185.10800000000012,184.86600000000016,184.87800000000016
2026-07-03 01:00:00+00:00,184.87800000000016,185.05900000000017,184.77200000000016,185.03300000000016
2026-07-03 02:00:00+00:00,185.03300000000016,185.11100000000016,184.97400000000016,185.00700000000012
2026-07-03 03:00:00+00:00,185.00700000000012,185.04300000000012,184.98000000000016,185.02600000000012
2026-07-03 04:00:00+00:00,185.02600000000012,185.11600000000016,184.99800000000016,185.05600000000013
2026-07-03 05:00:00+00:00,185.05600000000013,185.20200000000017,184.99400000000017,185.14300000000011
2026-07-03 06:00:00+00:00,185.14300000000011,185.14300000000011,184.54700000000017,184.89300000000011
2026-07-03 07:00:00+00:00,184.89300000000011,184.96400000000017,184.73000000000016,184.81400000000016
2026-07-03 08:00:00+00:00,184.81400000000016,185.06100000000012,184.78400000000016,185.05500000000012
2026-07-03 09:00:00+00:00,185.05500000000012,185.08500000000012,184.93000000000012,184.97100000000012
2026-07-03 10:00:00+00:00,184.97100000000012,185.09600000000012,184.96700000000016,185.03300000000016
2026-07-03 11:00:00+00:00,185.03300000000016,185.19400000000016,185.03200000000012,185.11800000000017
2026-07-03 12:00:00+00:00,185.11800000000017,185.15900000000016,185.06900000000016,185.11700000000016
2026-07-03 13:00:00+00:00,185.11700000000016,185.17500000000013,185.08200000000016,185.11000000000016
2026-07-03 14:00:00+00:00,185.11000000000016,185.18800000000016,185.09900000000016,185.17200000000017
2026-07-03 15:00:00+00:00,185.17200000000017,185.23800000000017,185.10800000000012,185.13000000000017
2026-07-03 16:00:00+00:00,185.13000000000017,185.20700000000016,185.11800000000017,185.17300000000012
2026-07-03 17:00:00+00:00,185.17300000000012,185.23600000000016,185.11800000000017,185.16700000000012
2026-07-03 18:00:00+00:00,185.16700000000012,185.21900000000016,185.15400000000017,185.20000000000016
2026-07-03 19:00:00+00:00,185.20000000000016,185.22400000000016,185.15300000000016,185.16900000000012
2026-07-03 20:00:00+00:00,185.16900000000012,185.22600000000017,185.09200000000016,185.09900000000016
2026-07-05 21:00:00+00:00,185.09900000000016,185.10500000000016,184.8810000000001,184.93800000000016
2026-07-05 22:00:00+00:00,184.93800000000016,185.13300000000012,184.91400000000016,185.09200000000016
2026-07-05 23:00:00+00:00,185.09200000000016,185.17500000000013,185.09100000000012,185.14500000000012
2026-07-06 00:00:00+00:00,185.14500000000012,185.3390000000001,185.14300000000011,185.25400000000013
2026-07-06 01:00:00+00:00,185.25400000000013,185.42400000000012,185.2370000000001,185.41400000000016
2026-07-06 02:00:00+00:00,185.41400000000016,185.47200000000012,185.39500000000012,185.45400000000012
2026-07-06 03:00:00+00:00,185.45400000000012,185.5120000000001,185.41400000000016,185.50200000000012
2026-07-06 04:00:00+00:00,185.50200000000012,185.6370000000001,185.4820000000001,185.63300000000012
2026-07-06 05:00:00+00:00,185.63300000000012,185.67500000000013,185.53200000000012,185.6420000000001
2026-07-06 06:00:00+00:00,185.6420000000001,185.8570000000001,185.6420000000001,185.82400000000013
2026-07-06 07:00:00+00:00,185.82400000000013,185.89900000000011,185.74200000000016,185.78000000000011
2026-07-06 08:00:00+00:00,185.78000000000011,185.8510000000001,185.69900000000013,185.78400000000013
2026-07-06 09:00:00+00:00,185.78400000000013,185.8210000000001,185.72300000000016,185.7610000000001
2026-07-06 10:00:00+00:00,185.7610000000001,185.87100000000012,185.71500000000012,185.84000000000012
2026-07-06 11:00:00+00:00,185.84000000000012,185.85300000000012,185.74800000000016,185.79800000000012
2026-07-06 12:00:00+00:00,185.79800000000012,185.88800000000012,185.78400000000013,185.83600000000013
2026-07-06 13:00:00+00:00,185.83600000000013,185.9100000000001,185.69300000000013,185.7610000000001
2026-07-06 14:00:00+00:00,185.7610000000001,185.90300000000013,185.72800000000012,185.8570000000001
2026-07-06 15:00:00+00:00,185.8570000000001,185.93500000000012,185.79800000000012,185.9040000000001
2026-07-06 16:00:00+00:00,185.9040000000001,185.9940000000001,185.90100000000012,185.9640000000001
2026-07-06 17:00:00+00:00,185.9640000000001,186.02100000000016,185.94100000000012,185.9580000000001
2026-07-06 18:00:00+00:00,185.9580000000001,186.01800000000011,185.89700000000013,185.91900000000012
2026-07-06 19:00:00+00:00,185.91900000000012,185.95900000000012,185.87600000000012,185.90000000000012
2026-07-06 20:00:00+00:00,185.90000000000012,185.9520000000001,185.87800000000016,185.91800000000012
2026-07-06 21:00:00+00:00,185.91800000000012,186.00100000000012,185.88200000000012,185.97700000000012
2026-07-06 22:00:00+00:00,185.97700000000012,186.00300000000016,185.92900000000012,185.97900000000016
2026-07-06 23:00:00+00:00,185.97900000000016,185.9810000000001,185.91200000000012,185.94700000000012
2026-07-07 00:00:00+00:00,185.94700000000012,186.02100000000016,185.9390000000001,185.94900000000013
2026-07-07 01:00:00+00:00,185.94900000000013,185.97200000000012,185.56100000000012,185.73500000000016
2026-07-07 02:00:00+00:00,185.73500000000016,185.75700000000012,185.66300000000012,185.7190000000001
2026-07-07 03:00:00+00:00,185.7190000000001,185.7490000000001,185.59800000000016,185.62100000000012
2026-07-07 04:00:00+00:00,185.62100000000012,185.65300000000013,185.4330000000001,185.5110000000001
2026-07-07 05:00:00+00:00,185.5110000000001,185.5460000000001,185.42900000000012,185.53600000000012
2026-07-07 06:00:00+00:00,185.53600000000012,185.69400000000016,185.4870000000001,185.6840000000001
2026-07-07 07:00:00+00:00,185.6840000000001,185.71700000000016,185.28600000000012,185.53100000000012
2026-07-07 08:00:00+00:00,185.53100000000012,185.64100000000013,185.4750000000001,185.5050000000001
2026-07-07 09:00:00+00:00,185.5050000000001,185.55100000000016,185.41400000000016,185.50800000000012
2026-07-07 10:00:00+00:00,185.50800000000012,185.64900000000011,185.48000000000016,185.64500000000012
2026-07-07 11:00:00+00:00,185.64500000000012,185.68600000000012,185.52400000000011,185.59900000000016
2026-07-07 12:00:00+00:00,185.59900000000016,185.63200000000012,185.51500000000016,185.57900000000012
2026-07-07 13:00:00+00:00,185.57900000000012,185.69700000000012,185.52000000000012,185.64000000000016
2026-07-07 14:00:00+00:00,185.64000000000016,185.67900000000012,185.52600000000012,185.6070000000001
2026-07-07 15:00:00+00:00,185.6070000000001,185.64300000000011,185.4340000000001,185.44100000000012
2026-07-07 16:00:00+00:00,185.44100000000012,185.47700000000012,185.3630000000001,185.4760000000001
2026-07-07 17:00:00+00:00,185.4760000000001,185.50900000000016,185.4390000000001,185.50100000000012
2026-07-07 18:00:00+00:00,185.50100000000012,185.52500000000012,185.39000000000016,185.3920000000001
2026-07-07 19:00:00+00:00,185.3920000000001,185.52800000000013,185.3870000000001,185.52500000000012
2026-07-07 20:00:00+00:00,185.52500000000012,185.52800000000013,185.45600000000016,185.4690000000001
2026-07-07 21:00:00+00:00,185.4690000000001,185.48500000000016,185.34100000000012,185.41400000000016
2026-07-07 22:00:00+00:00,185.41400000000016,185.51800000000011,185.39100000000016,185.48100000000017
2026-07-07 23:00:00+00:00,185.48100000000017,185.61100000000016,185.46400000000017,185.60300000000012
2026-07-08 00:00:00+00:00,185.60300000000012,185.74600000000012,185.55000000000013,185.68800000000016
2026-07-08 01:00:00+00:00,185.68800000000016,185.71900000000016,185.62400000000017,185.66100000000012
2026-07-08 02:00:00+00:00,185.66100000000012,185.80600000000013,185.64500000000012,185.74300000000017
2026-07-08 03:00:00+00:00,185.74300000000017,185.80000000000013,185.72400000000016,185.78900000000016
2026-07-08 04:00:00+00:00,185.78900000000016,185.86100000000016,185.75700000000012,185.82000000000016
2026-07-08 05:00:00+00:00,185.82000000000016,185.86900000000017,185.73400000000012,185.82000000000016
2026-07-08 06:00:00+00:00,185.82000000000016,185.83900000000017,185.63400000000016,185.76600000000016
2026-07-08 07:00:00+00:00,185.76600000000016,185.90000000000012,185.72500000000016,185.84000000000012
2026-07-08 08:00:00+00:00,185.84000000000012,185.95000000000016,185.66800000000012,185.88900000000012
2026-07-08 09:00:00+00:00,185.88900000000012,185.89400000000012,185.6370000000001,185.76100000000017
2026-07-08 10:00:00+00:00,185.76100000000017,185.87400000000017,185.70500000000013,185.84700000000012
2026-07-08 11:00:00+00:00,185.84700000000012,185.8750000000001,185.67300000000012,185.75100000000012
2026-07-08 12:00:00+00:00,185.75100000000012,185.82500000000016,185.68800000000016,185.69600000000017
2026-07-08 13:00:00+00:00,185.69600000000017,185.98500000000016,185.69000000000017,185.94300000000013
2026-07-08 14:00:00+00:00,185.94300000000013,185.99000000000012,185.87900000000016,185.98200000000017
2026-07-08 15:00:00+00:00,185.98200000000017,186.04100000000017,185.82200000000012,185.85000000000016
2026-07-08 16:00:00+00:00,185.85000000000016,186.01100000000017,185.82900000000012,186.00300000000016
2026-07-08 17:00:00+00:00,186.00300000000016,186.15300000000016,185.99200000000016,186.07900000000012
2026-07-08 18:00:00+00:00,186.07900000000012,186.16200000000012,186.06600000000012,186.12000000000012
2026-07-08 19:00:00+00:00,186.12000000000012,186.19700000000012,186.12000000000012,186.16000000000017
2026-07-08 20:00:00+00:00,186.16000000000017,186.17400000000012,186.08500000000012,186.08600000000013
2026-07-08 21:00:00+00:00,186.08600000000013,186.14400000000015,186.00900000000016,186.0710000000002
2026-07-08 22:00:00+00:00,186.0710000000002,186.1430000000002,186.0710000000002,186.12200000000016
2026-07-08 23:00:00+00:00,186.12200000000016,186.15400000000017,186.07000000000016,186.12900000000016
2026-07-09 00:00:00+00:00,186.12900000000016,186.13600000000017,186.01400000000012,186.09200000000016
2026-07-09 01:00:00+00:00,186.09200000000016,186.19100000000017,186.05400000000017,186.09300000000016
2026-07-09 02:00:00+00:00,186.09300000000016,186.15200000000016,186.09300000000016,186.10400000000016
2026-07-09 03:00:00+00:00,186.10400000000016,186.14900000000017,186.08600000000013,186.11800000000017
2026-07-09 04:00:00+00:00,186.11800000000017,186.12500000000017,186.02700000000016,186.09300000000016
2026-07-09 05:00:00+00:00,186.09300000000016,186.14600000000016,186.07000000000016,186.08800000000016
2026-07-09 06:00:00+00:00,186.08800000000016,186.26700000000017,186.08800000000016,186.18700000000013
2026-07-09 07:00:00+00:00,186.18700000000013,186.22200000000015,186.09100000000015,186.14000000000016
2026-07-09 08:00:00+00:00,186.14000000000016,186.17800000000017,186.01400000000012,186.05100000000016
2026-07-09 09:00:00+00:00,186.05100000000016,186.14100000000016,186.02800000000016,186.12700000000012
2026-07-09 10:00:00+00:00,186.12700000000012,186.15200000000016,186.07100000000017,186.10100000000017
2026-07-09 11:00:00+00:00,186.10100000000017,186.19700000000017,186.08100000000016,186.18800000000016
2026-07-09 12:00:00+00:00,186.18800000000016,186.21500000000017,186.04300000000015,186.07400000000013
2026-07-09 13:00:00+00:00,186.07400000000013,186.19500000000016,186.06200000000013,186.19500000000016
2026-07-09 14:00:00+00:00,186.19500000000016,186.30700000000016,186.10300000000015,186.12000000000015
2026-07-09 15:00:00+00:00,186.12000000000015,186.18900000000016,186.08200000000016,186.12900000000016
2026-07-09 16:00:00+00:00,186.12900000000016,186.15900000000016,186.09100000000015,186.12800000000016
2026-07-09 17:00:00+00:00,186.12800000000016,186.14800000000017,186.08800000000016,186.10700000000017
2026-07-09 18:00:00+00:00,186.10700000000017,186.12300000000016,186.08000000000013,186.09400000000016
2026-07-09 19:00:00+00:00,186.09400000000016,186.10700000000017,186.04000000000016,186.05900000000017
2026-07-09 20:00:00+00:00,186.05900000000017,186.10700000000017,186.03100000000015,186.06800000000013
2026-07-09 21:00:00+00:00,186.06800000000013,186.10400000000016,186.03400000000016,186.06300000000016
2026-07-09 22:00:00+00:00,186.06300000000016,186.13600000000017,186.05600000000013,186.11700000000016
2026-07-09 23:00:00+00:00,186.11700000000016,186.13600000000017,186.09900000000016,186.12300000000016
2026-07-10 00:00:00+00:00,186.12300000000016,186.16900000000012,185.70500000000013,185.88000000000017
2026-07-10 01:00:00+00:00,185.88000000000017,185.90400000000017,185.50900000000016,185.63200000000015
2026-07-10 02:00:00+00:00,185.63200000000015,185.65500000000017,185.31300000000016,185.48400000000015
2026-07-10 03:00:00+00:00,185.48400000000015,185.52600000000012,185.31400000000016,185.41500000000016
2026-07-10 04:00:00+00:00,185.41500000000016,185.52800000000016,185.40600000000015,185.43900000000016
2026-07-10 05:00:00+00:00,185.43900000000016,185.45700000000016,185.25000000000017,185.34100000000015
2026-07-10 06:00:00+00:00,185.34100000000015,185.39400000000015,185.22000000000017,185.37100000000015
2026-07-10 07:00:00+00:00,185.37100000000015,185.56700000000015,185.35500000000016,185.42200000000017
2026-07-10 08:00:00+00:00,185.42200000000017,185.43400000000017,185.22000000000017,185.30200000000016
2026-07-10 09:00:00+00:00,185.30200000000016,185.48200000000017,185.28300000000016,185.41000000000017
2026-07-10 10:00:00+00:00,185.41000000000017,185.49800000000016,185.34000000000017,185.44400000000016
2026-07-10 11:00:00+00:00,185.44400000000016,185.52000000000012,185.36700000000016,185.49500000000015
2026-07-10 12:00:00+00:00,185.49500000000015,185.52300000000017,185.32600000000016,185.40600000000015
2026-07-10 13:00:00+00:00,185.40600000000015,185.41600000000017,185.22300000000016,185.24300000000017
2026-07-10 14:00:00+00:00,185.24300000000017,185.36400000000015,185.17900000000017,185.33500000000015
2026-07-10 15:00:00+00:00,185.33500000000015,185.36800000000017,184.94600000000017,185.00500000000017
2026-07-10 16:00:00+00:00,185.00500000000017,185.14300000000017,184.98400000000015,185.09100000000015
2026-07-10 17:00:00+00:00,185.09100000000015,185.11100000000016,185.00600000000017,185.05400000000017
2026-07-10 18:00:00+00:00,185.05400000000017,185.09200000000016,185.03700000000015,185.07900000000015
2026-07-10 19:00:00+00:00,185.07900000000015,185.12300000000016,185.06100000000015,185.12300000000016
2026-07-10 20:00:00+00:00,185.12300000000016,185.15100000000012,185.02200000000016,185.04500000000016
2026-07-12 21:00:00+00:00,185.04500000000016,185.2620000000001,185.04500000000016,185.18500000000012
2026-07-12 22:00:00+00:00,185.18500000000012,185.39500000000012,185.17100000000016,185.35600000000017
2026-07-12 23:00:00+00:00,185.35600000000017,185.41500000000016,185.33000000000013,185.35200000000012
2026-07-13 00:00:00+00:00,185.35200000000012,185.45300000000012,185.29900000000012,185.44200000000012
2026-07-13 01:00:00+00:00,185.44200000000012,185.47800000000012,185.27300000000017,185.34000000000012
2026-07-13 02:00:00+00:00,185.34000000000012,185.44200000000012,185.32300000000012,185.40300000000016
2026-07-13 03:00:00+00:00,185.40300000000016,185.47200000000012,185.38600000000017,185.47000000000017
2026-07-13 04:00:00+00:00,185.47000000000017,185.49000000000012,185.41700000000012,185.46700000000016
2026-07-13 05:00:00+00:00,185.46700000000016,185.78300000000016,185.44500000000016,185.69400000000016
2026-07-13 06:00:00+00:00,185.69400000000016,185.83400000000012,185.66500000000016,185.70200000000017
2026-07-13 07:00:00+00:00,185.70200000000017,186.00700000000012,185.37900000000016,185.92900000000012
2026-07-13 08:00:00+00:00,185.92900000000012,186.19800000000012,185.91400000000016,186.08100000000016
2026-07-13 09:00:00+00:00,186.08100000000016,186.10800000000012,185.85200000000012,185.91500000000016
2026-07-13 10:00:00+00:00,185.91500000000016,186.07800000000012,185.91000000000017,186.06400000000016
2026-07-13 11:00:00+00:00,186.06400000000016,186.07000000000016,185.95700000000016,185.99300000000017
2026-07-13 12:00:00+00:00,185.99300000000017,186.07000000000016,185.93500000000012,186.03900000000016
2026-07-13 13:00:00+00:00,186.03900000000016,186.04700000000017,185.88400000000016,185.90200000000016
2026-07-13 14:00:00+00:00,185.90200000000016,185.95800000000017,185.80400000000012,185.90400000000017
2026-07-13 15:00:00+00:00,185.90400000000017,185.92700000000016,185.74100000000016,185.80200000000016
2026-07-13 16:00:00+00:00,185.80200000000016,185.82700000000017,185.63900000000012,185.74100000000016
2026-07-13 17:00:00+00:00,185.74100000000016,185.76700000000017,185.68800000000016,185.71500000000012
2026-07-13 18:00:00+00:00,185.71500000000012,185.74300000000017,185.61000000000016,185.61500000000012
2026-07-13 19:00:00+00:00,185.61500000000012,185.66200000000012,185.61000000000016,185.65600000000012
2026-07-13 20:00:00+00:00,185.65600000000012,185.65900000000016,185.58100000000016,185.58600000000013
2026-07-13 21:00:00+00:00,185.58600000000013,185.70000000000016,185.54500000000016,185.59200000000016
2026-07-13 22:00:00+00:00,185.59200000000016,185.67000000000016,185.59200000000016,185.60900000000012
2026-07-13 23:00:00+00:00,185.60900000000012,185.62900000000016,185.57200000000012,185.62400000000017
2026-07-14 00:00:00+00:00,185.62400000000017,185.67800000000017,185.48600000000016,185.59900000000016
2026-07-14 01:00:00+00:00,185.59900000000016,185.71400000000017,185.57600000000016,185.68300000000016
2026-07-14 02:00:00+00:00,185.68300000000016,185.72600000000017,185.63000000000017,185.63300000000012
2026-07-14 03:00:00+00:00,185.63300000000012,185.68900000000016,185.59700000000012,185.63500000000016
2026-07-14 04:00:00+00:00,185.63500000000016,185.67000000000016,185.56800000000013,185.62000000000012
2026-07-14 05:00:00+00:00,185.62000000000012,185.67000000000016,185.58100000000016,185.60500000000016
2026-07-14 06:00:00+00:00,185.60500000000016,185.66900000000012,185.55200000000016,185.57900000000012
2026-07-14 07:00:00+00:00,185.57900000000012,185.74200000000016,185.56700000000012,185.73400000000012
2026-07-14 08:00:00+00:00,185.73400000000012,185.81500000000017,185.52200000000016,185.71600000000012
2026-07-14 09:00:00+00:00,185.71600000000012,185.73200000000017,185.56700000000012,185.63900000000012
2026-07-14 10:00:00+00:00,185.63900000000012,185.64300000000011,185.55400000000012,185.57200000000012
2026-07-14 11:00:00+00:00,185.57200000000012,185.78100000000012,185.54000000000016,185.74300000000017
2026-07-14 12:00:00+00:00,185.74300000000017,186.11300000000017,185.54200000000012,186.05300000000017
2026-07-14 13:00:00+00:00,186.05300000000017,186.21300000000016,186.02400000000011,186.15500000000011
2026-07-14 14:00:00+00:00,186.15500000000011,186.22200000000012,186.02000000000012,186.10700000000017
2026-07-14 15:00:00+00:00,186.10700000000017,186.16400000000016,186.0120000000001,186.0120000000001
2026-07-14 16:00:00+00:00,186.0120000000001,186.10600000000017,186.01000000000016,186.06100000000012
2026-07-14 17:00:00+00:00,186.06100000000012,186.08800000000016,185.98700000000017,186.01100000000017
2026-07-14 18:00:00+00:00,186.01100000000017,186.04700000000017,185.98500000000016,186.01400000000012
2026-07-14 19:00:00+00:00,186.01400000000012,186.02200000000016,185.95100000000016,185.98200000000017
2026-07-14 20:00:00+00:00,185.98200000000017,186.05000000000013,185.95700000000016,185.98500000000016
2026-07-14 21:00:00+00:00,185.98500000000016,185.99000000000012,185.88600000000017,185.97000000000017
2026-07-14 22:00:00+00:00,185.97000000000017,186.02300000000017,185.96900000000016,186.01400000000012
2026-07-14 23:00:00+00:00,186.01400000000012,186.02700000000016,185.97900000000016,186.02700000000016
2026-07-15 00:00:00+00:00,186.02700000000016,186.11000000000016,186.00200000000012,186.05800000000016
2026-07-15 01:00:00+00:00,186.05800000000016,186.11000000000016,185.95700000000016,186.09200000000016
2026-07-15 02:00:00+00:00,186.09200000000016,186.19600000000017,186.06400000000016,186.18300000000016
2026-07-15 03:00:00+00:00,186.18300000000016,186.20900000000012,186.14800000000017,186.18700000000013
2026-07-15 04:00:00+00:00,186.18700000000013,186.30100000000016,186.17000000000016,186.25300000000016
2026-07-15 05:00:00+00:00,186.25300000000016,186.34900000000016,186.21100000000013,186.29600000000016
2026-07-15 06:00:00+00:00,186.29600000000016,186.32900000000012,186.10600000000017,186.11600000000016
2026-07-15 07:00:00+00:00,186.11600000000016,186.17600000000016,186.05900000000017,186.09300000000016
2026-07-15 08:00:00+00:00,186.09300000000016,186.19100000000012,186.09200000000016,186.14600000000016
2026-07-15 09:00:00+00:00,186.14600000000016,186.16600000000017,186.07000000000016,186.10000000000016
2026-07-15 10:00:00+00:00,186.10000000000016,186.13000000000017,186.00700000000012,186.03900000000016
2026-07-15 11:00:00+00:00,186.03900000000016,186.13600000000017,185.97100000000012,185.9940000000001
2026-07-15 12:00:00+00:00,185.9940000000001,186.14100000000016,185.94100000000012,186.06000000000012
2026-07-15 13:00:00+00:00,186.06000000000012,186.17800000000017,186.05500000000012,186.13500000000016
2026-07-15 14:00:00+00:00,186.13500000000016,186.26900000000012,186.10800000000012,186.17300000000012
2026-07-15 15:00:00+00:00,186.17300000000012,186.25400000000016,186.07600000000016,186.1310000000001
2026-07-15 16:00:00+00:00,186.1310000000001,186.28400000000016,186.09200000000016,186.28100000000012
2026-07-15 17:00:00+00:00,186.28100000000012,186.61000000000016,186.27700000000016,186.58300000000017
2026-07-15 18:00:00+00:00,186.58300000000017,186.64100000000016,186.50800000000012,186.54000000000013
2026-07-15 19:00:00+00:00,186.54000000000013,186.7330000000001,186.52000000000007,186.70600000000013
2026-07-15 20:00:00+00:00,186.70600000000013,186.7070000000001,186.62800000000013,186.62800000000013
2026-07-15 21:00:00+00:00,186.62800000000013,186.62800000000013,186.49800000000013,186.5600000000001
2026-07-15 22:00:00+00:00,186.5600000000001,186.6600000000001,186.55700000000013,186.61600000000013
2026-07-15 23:00:00+00:00,186.61600000000013,186.6290000000001,186.5780000000001,186.61600000000013
2026-07-16 00:00:00+00:00,186.61600000000013,186.7100000000001,186.5790000000001,186.7020000000001
2026-07-16 01:00:00+00:00,186.7020000000001,186.70600000000013,186.5400000000001,186.58600000000013
2026-07-16 02:00:00+00:00,186.58600000000013,186.6320000000001,186.5370000000001,186.6170000000001
2026-07-16 03:00:00+00:00,186.6170000000001,186.6180000000001,186.5730000000001,186.5790000000001
2026-07-16 04:00:00+00:00,186.5790000000001,186.61600000000013,186.5520000000001,186.5820000000001
2026-07-16 05:00:00+00:00,186.5820000000001,186.6470000000001,186.5720000000001,186.6070000000001
2026-07-16 06:00:00+00:00,186.6070000000001,186.68800000000013,186.6020000000001,186.6410000000001
2026-07-16 07:00:00+00:00,186.6410000000001,186.6650000000001,186.4890000000001,186.6140000000001
2026-07-16 08:00:00+00:00,186.6140000000001,186.65800000000013,186.53300000000013,186.6310000000001
2026-07-16 09:00:00+00:00,186.6310000000001,186.67500000000013,186.5660000000001,186.6680000000001
2026-07-16 10:00:00+00:00,186.6680000000001,186.70500000000013,186.5240000000001,186.5430000000001
2026-07-16 11:00:00+00:00,186.5430000000001,186.7030000000001,186.5070000000001,186.6840000000001
2026-07-16 12:00:00+00:00,186.6840000000001,186.7440000000001,186.4940000000001,186.5070000000001
2026-07-16 13:00:00+00:00,186.5070000000001,186.6550000000001,186.4690000000001,186.57500000000013
2026-07-16 14:00:00+00:00,186.57500000000013,186.67500000000013,186.53800000000007,186.6020000000001
2026-07-16 15:00:00+00:00,186.6020000000001,186.68200000000013,186.52600000000007,186.64500000000007
2026-07-16 16:00:00+00:00,186.64500000000007,186.6490000000001,186.5040000000001,186.50800000000007
2026-07-16 17:00:00+00:00,186.50800000000007,186.5250000000001,186.4600000000001,186.4630000000001
2026-07-16 18:00:00+00:00,186.4630000000001,186.4750000000001,186.4270000000001,186.4660000000001
2026-07-16 19:00:00+00:00,186.4660000000001,186.5180000000001,186.4390000000001,186.51500000000013
2026-07-16 20:00:00+00:00,186.51500000000013,186.5360000000001,186.4510000000001,186.4880000000001
2026-07-16 21:00:00+00:00,186.4880000000001,186.5250000000001,186.4380000000001,186.4920000000001
2026-07-16 22:00:00+00:00,186.4920000000001,186.5210000000001,186.4650000000001,186.5100000000001
2026-07-16 23:00:00+00:00,186.5100000000001,186.5700000000001,186.4960000000001,186.5620000000001
2026-07-17 00:00:00+00:00,186.5620000000001,186.6360000000001,186.4980000000001,186.6320000000001
2026-07-17 01:00:00+00:00,186.6320000000001,186.6640000000001,186.5310000000001,186.5610000000001
2026-07-17 02:00:00+00:00,186.5610000000001,186.5710000000001,186.3930000000001,186.4180000000001
2026-07-17 03:00:00+00:00,186.4180000000001,186.4930000000001,186.4150000000001,186.4810000000001
2026-07-17 04:00:00+00:00,186.4810000000001,186.4990000000001,186.4310000000001,186.4590000000001
2026-07-17 05:00:00+00:00,186.4590000000001,186.5360000000001,186.4500000000001,186.5000000000001
2026-07-17 06:00:00+00:00,186.5000000000001,186.6680000000001,186.3670000000001,186.5030000000001
2026-07-17 07:00:00+00:00,186.5030000000001,186.5190000000001,186.3410000000001,186.4490000000001
2026-07-17 08:00:00+00:00,186.4490000000001,186.5350000000001,186.3890000000001,186.5090000000001
2026-07-17 09:00:00+00:00,186.5090000000001,186.5700000000001,186.4500000000001,186.4640000000001
2026-07-17 10:00:00+00:00,186.4640000000001,186.4700000000001,186.2360000000001,186.2400000000001
2026-07-17 11:00:00+00:00,186.2400000000001,186.3420000000001,186.1890000000001,186.2960000000001
2026-07-17 12:00:00+00:00,186.2960000000001,186.3730000000001,186.2530000000001,186.3350000000001
2026-07-17 13:00:00+00:00,186.3350000000001,186.4420000000001,186.2790000000001,186.3890000000001
2026-07-17 14:00:00+00:00,186.3890000000001,186.5270000000001,186.3480000000001,186.5050000000001
2026-07-17 15:00:00+00:00,186.5050000000001,186.5480000000001,186.4620000000001,186.5390000000001
2026-07-17 16:00:00+00:00,186.5390000000001,186.6180000000001,186.4930000000001,186.5050000000001
2026-07-17 17:00:00+00:00,186.5050000000001,186.5210000000001,186.4610000000001,186.4610000000001
2026-07-17 18:00:00+00:00,186.4610000000001,186.5040000000001,186.4450000000001,186.4740000000001
2026-07-17 19:00:00+00:00,186.4740000000001,186.5480000000001,186.4540000000001,186.5060000000001
2026-07-17 20:00:00+00:00,186.5060000000001,186.5280000000001,186.4290000000001,186.4370000000001
2026-07-19 21:00:00+00:00,186.4370000000001,186.4900000000001,186.37300000000008,186.44000000000008
2026-07-19 22:00:00+00:00,186.44000000000008,186.6510000000001,186.4240000000001,186.5540000000001
2026-07-19 23:00:00+00:00,186.5540000000001,186.5940000000001,186.5270000000001,186.5790000000001
2026-07-20 00:00:00+00:00,186.5790000000001,186.6230000000001,186.4480000000001,186.4650000000001
2026-07-20 01:00:00+00:00,186.4650000000001,186.5370000000001,186.4470000000001,186.5350000000001
2026-07-20 02:00:00+00:00,186.5350000000001,186.6360000000001,186.5130000000001,186.62500000000009
2026-07-20 03:00:00+00:00,186.62500000000009,186.6470000000001,186.5900000000001,186.6410000000001
2026-07-20 04:00:00+00:00,186.6410000000001,186.6860000000001,186.63700000000009,186.6460000000001
2026-07-20 05:00:00+00:00,186.6460000000001,186.6610000000001,186.5840000000001,186.6180000000001
2026-07-20 06:00:00+00:00,186.6180000000001,186.6430000000001,186.5230000000001,186.5770000000001
2026-07-20 07:00:00+00:00,186.5770000000001,186.7350000000001,186.5640000000001,186.6690000000001
2026-07-20 08:00:00+00:00,186.6690000000001,186.6860000000001,186.5680000000001,186.5940000000001
2026-07-20 09:00:00+00:00,186.5940000000001,186.6110000000001,186.4710000000001,186.50000000000009
2026-07-20 10:00:00+00:00,186.50000000000009,186.5690000000001,186.4870000000001,186.50600000000009
2026-07-20 11:00:00+00:00,186.50600000000009,186.5850000000001,186.3950000000001,186.4130000000001
2026-07-20 12:00:00+00:00,186.4130000000001,186.4510000000001,186.2780000000001,186.3940000000001
2026-07-20 13:00:00+00:00,186.3940000000001,186.4020000000001,186.2470000000001,186.3300000000001
2026-07-20 14:00:00+00:00,186.3300000000001,186.4390000000001,186.2070000000001,186.24400000000009
2026-07-20 15:00:00+00:00,186.24400000000009,186.3780000000001,186.24400000000009,186.3720000000001
2026-07-20 16:00:00+00:00,186.3720000000001,186.4270000000001,186.3170000000001,186.3270000000001
2026-07-20 17:00:00+00:00,186.3270000000001,186.3360000000001,186.2830000000001,186.2950000000001
2026-07-20 18:00:00+00:00,186.2950000000001,186.3710000000001,186.2940000000001,186.3640000000001
2026-07-20 19:00:00+00:00,186.3640000000001,186.3840000000001,186.3300000000001,186.3840000000001
2026-07-20 20:00:00+00:00,186.3840000000001,186.3890000000001,186.3090000000001,186.3090000000001
2026-07-20 21:00:00+00:00,186.3090000000001,186.3530000000001,186.25300000000007,186.25500000000008
2026-07-20 22:00:00+00:00,186.25500000000008,186.32400000000007,186.25500000000008,186.3230000000001
2026-07-20 23:00:00+00:00,186.3230000000001,186.36000000000007,186.30700000000007,186.35700000000008
2026-07-21 00:00:00+00:00,186.35700000000008,186.38600000000008,186.3170000000001,186.36600000000007
2026-07-21 01:00:00+00:00,186.36600000000007,186.37700000000007,186.27900000000008,186.35600000000008
2026-07-21 02:00:00+00:00,186.35600000000008,186.39500000000007,186.2750000000001,186.2810000000001
2026-07-21 03:00:00+00:00,186.2810000000001,186.3230000000001,186.2680000000001,186.2980000000001
2026-07-21 04:00:00+00:00,186.2980000000001,186.39200000000008,186.2920000000001,186.3880000000001
2026-07-21 05:00:00+00:00,186.3880000000001,186.44400000000007,186.36600000000007,186.40700000000007
2026-07-21 06:00:00+00:00,186.40700000000007,186.5360000000001,186.39500000000007,186.4890000000001
2026-07-21 07:00:00+00:00,186.4890000000001,186.63500000000008,186.4890000000001,186.59800000000007
2026-07-21 08:00:00+00:00,186.59800000000007,186.70000000000007,186.57400000000007,186.6620000000001
2026-07-21 09:00:00+00:00,186.6620000000001,186.7510000000001,186.6440000000001,186.67000000000007
2026-07-21 10:00:00+00:00,186.67000000000007,186.7810000000001,186.62900000000008,186.63100000000009
2026-07-21 11:00:00+00:00,186.63100000000009,186.75600000000009,186.62700000000007,186.69000000000008
2026-07-21 12:00:00+00:00,186.69000000000008,186.74300000000008,186.60600000000008,186.64500000000007
2026-07-21 13:00:00+00:00,186.64500000000007,186.73500000000007,186.57000000000008,186.71300000000008
2026-07-21 14:00:00+00:00,186.71300000000008,186.8880000000001,186.6800000000001,186.79400000000007
2026-07-21 15:00:00+00:00,186.79400000000007,186.83200000000008,186.7210000000001,186.8170000000001
2026-07-21 16:00:00+00:00,186.8170000000001,186.84900000000007,186.7870000000001,186.81800000000007
2026-07-21 17:00:00+00:00,186.81800000000007,186.85000000000008,186.7930000000001,186.82500000000007
2026-07-21 18:00:00+00:00,186.82500000000007,186.98200000000008,186.7920000000001,186.94400000000007
2026-07-21 19:00:00+00:00,186.94400000000007,186.97400000000007,186.91600000000008,186.94300000000007
2026-07-21 20:00:00+00:00,186.94300000000007,186.9830000000001,186.83800000000008,186.8400000000001
2026-07-21 21:00:00+00:00,186.8400000000001,186.87800000000007,186.7690000000001,186.8640000000001
2026-07-21 22:00:00+00:00,186.8640000000001,186.9110000000001,186.8640000000001,186.90900000000008
2026-07-21 23:00:00+00:00,186.90900000000008,186.95500000000007,186.89500000000007,186.9360000000001
2026-07-22 00:00:00+00:00,186.9360000000001,186.9540000000001,186.8230000000001,186.90400000000008
2026-07-22 01:00:00+00:00,186.90400000000008,186.94400000000007,186.87400000000008,186.90200000000007
2026-07-22 02:00:00+00:00,186.90200000000007,186.95500000000007,186.88900000000007,186.90900000000008
2026-07-22 03:00:00+00:00,186.90900000000008,186.9840000000001,186.90800000000007,186.98000000000008
2026-07-22 04:00:00+00:00,186.98000000000008,187.02300000000008,186.96200000000007,187.01400000000007
2026-07-22 05:00:00+00:00,187.01400000000007,187.02700000000007,186.9060000000001,186.93700000000007
2026-07-22 06:00:00+00:00,186.93700000000007,187.02800000000008,186.91300000000007,186.97900000000007
2026-07-22 07:00:00+00:00,186.97900000000007,187.05100000000007,186.61100000000008,186.76700000000008
2026-07-22 08:00:00+00:00,186.76700000000008,186.92100000000008,186.71700000000007,186.79400000000007
2026-07-22 09:00:00+00:00,186.79400000000007,186.8940000000001,186.78300000000007,186.79700000000008
2026-07-22 10:00:00+00:00,186.79700000000008,186.86600000000007,186.74900000000008,186.76600000000008
2026-07-22 11:00:00+00:00,186.76600000000008,186.88400000000007,186.73600000000008,186.87900000000008
2026-07-22 12:00:00+00:00,186.87900000000008,186.97400000000007,186.86200000000008,186.93300000000008
2026-07-22 13:00:00+00:00,186.93300000000008,187.0550000000001,186.91000000000008,186.9710000000001
2026-07-22 14:00:00+00:00,186.9710000000001,187.04700000000008,186.91000000000008,186.96300000000008
2026-07-22 15:00:00+00:00,186.96300000000008,187.0300000000001,186.92100000000008,186.99700000000007
2026-07-22 16:00:00+00:00,186.99700000000007,187.00300000000007,186.90100000000007,186.95700000000008
2026-07-22 17:00:00+00:00,186.95700000000008,187.04600000000008,186.95600000000007,187.0250000000001
2026-07-22 18:00:00+00:00,187.0250000000001,187.0420000000001,186.96100000000007,187.00600000000009
2026-07-22 19:00:00+00:00,187.00600000000009,187.05000000000007,187.00200000000007,187.03400000000008
2026-07-22 20:00:00+00:00,187.03400000000008,187.06800000000007,186.99100000000007,186.99100000000007
2026-07-22 21:00:00+00:00,186.99100000000007,186.99100000000007,186.9000000000001,186.93300000000008
2026-07-22 22:00:00+00:00,186.93300000000008,186.97400000000007,186.9050000000001,186.94400000000007
2026-07-22 23:00:00+00:00,186.94400000000007,186.99000000000007,186.93400000000008,186.96700000000007
2026-07-23 00:00:00+00:00,186.96700000000007,187.05000000000007,186.9650000000001,187.02800000000008
2026-07-23 01:00:00+00:00,187.02800000000008,187.07000000000008,186.9650000000001,187.0190000000001
2026-07-23 02:00:00+00:00,187.0190000000001,187.2160000000001,187.01700000000008,187.20800000000008
2026-07-23 03:00:00+00:00,187.20800000000008,187.23500000000007,187.1560000000001,187.2040000000001
2026-07-23 04:00:00+00:00,187.2040000000001,187.3220000000001,187.19400000000007,187.29400000000007
2026-07-23 05:00:00+00:00,187.29400000000007,187.3350000000001,187.24600000000007,187.2920000000001
2026-07-23 06:00:00+00:00,187.2920000000001,187.34400000000008,187.1800000000001,187.2210000000001
2026-07-23 07:00:00+00:00,187.2210000000001,187.52600000000007,187.20700000000008,187.44300000000007
2026-07-23 08:00:00+00:00,187.44300000000007,187.47600000000008,187.2270000000001,187.2390000000001
2026-07-23 09:00:00+00:00,187.2390000000001,187.3280000000001,187.23500000000007,187.31300000000007
2026-07-23 10:00:00+00:00,187.31300000000007,187.31800000000007,187.1620000000001,187.18400000000008
2026-07-23 11:00:00+00:00,187.18400000000008,187.1980000000001,186.89100000000008,187.15100000000007
2026-07-23 12:00:00+00:00,187.15100000000007,187.21100000000007,186.9840000000001,187.2040000000001
2026-07-23 13:00:00+00:00,187.2040000000001,187.37400000000008,187.06400000000008,187.32700000000008
2026-07-23 14:00:00+00:00,187.32700000000008,187.35000000000008,187.1680000000001,187.26600000000008
2026-07-23 15:00:00+00:00,187.26600000000008,187.29400000000007,187.0850000000001,187.15400000000008
2026-07-23 16:00:00+00:00,187.15400000000008,187.23500000000007,187.15200000000007,187.2280000000001
2026-07-23 17:00:00+00:00,187.2280000000001,187.23500000000007,187.15700000000007,187.1740000000001
2026-07-23 18:00:00+00:00,187.1740000000001,187.2100000000001,187.1550000000001,187.20700000000008
2026-07-23 19:00:00+00:00,187.20700000000008,187.27200000000008,187.1910000000001,187.25200000000007
2026-07-23 20:00:00+00:00,187.25200000000007,187.31500000000008,187.21900000000008,187.2220000000001
2026-07-23 21:00:00+00:00,187.2220000000001,187.27300000000005,187.1730000000001,187.18100000000007
2026-07-23 22:00:00+00:00,187.18100000000007,187.3160000000001,187.18100000000007,187.31500000000003
2026-07-23 23:00:00+00:00,187.31500000000003,187.32100000000003,187.24100000000007,187.2570000000001
2026-07-24 00:00:00+00:00,187.2570000000001,187.39600000000007,187.24100000000007,187.34900000000007
2026-07-24 01:00:00+00:00,187.34900000000007,187.40400000000005,187.2810000000001,187.3040000000001
2026-07-24 02:00:00+00:00,187.3040000000001,187.3280000000001,187.25300000000007,187.25300000000007
2026-07-24 03:00:00+00:00,187.25300000000007,187.3410000000001,187.2340000000001,187.30800000000008
2026-07-24 04:00:00+00:00,187.30800000000008,187.3530000000001,187.25800000000007,187.28400000000008
2026-07-24 05:00:00+00:00,187.28400000000008,187.34300000000007,187.26000000000008,187.27800000000008
2026-07-24 06:00:00+00:00,187.27800000000008,187.36300000000008,187.22400000000007,187.3400000000001
2026-07-24 07:00:00+00:00,187.3400000000001,187.46900000000008,187.2740000000001,187.39500000000007
2026-07-24 08:00:00+00:00,187.39500000000007,187.40300000000008,187.23800000000008,187.24700000000007
2026-07-24 09:00:00+00:00,187.24700000000007,187.33000000000007,187.2450000000001,187.28900000000007
2026-07-24 10:00:00+00:00,187.28900000000007,187.3820000000001,187.27100000000007,187.30800000000008
2026-07-24 11:00:00+00:00,187.30800000000008,187.36300000000008,187.16000000000005,187.1910000000001
2026-07-24 12:00:00+00:00,187.1910000000001,187.25000000000009,187.1030000000001,187.1620000000001
2026-07-24 13:00:00+00:00,187.1620000000001,187.22500000000008,187.10500000000008,187.19500000000008
2026-07-24 14:00:00+00:00,187.19500000000008,187.2330000000001,187.10600000000008,187.18900000000008
2026-07-24 15:00:00+00:00,187.18900000000008,187.3050000000001,187.1800000000001,187.24300000000005
2026-07-24 16:00:00+00:00,187.24300000000005,187.2690000000001,187.1970000000001,187.2100000000001
2026-07-24 17:00:00+00:00,187.2100000000001,187.22500000000008,187.10100000000008,187.11300000000008
2026-07-24 18:00:00+00:00,187.11300000000008,187.15700000000007,187.09400000000008,187.1500000000001
2026-07-24 19:00:00+00:00,187.1500000000001,187.17700000000008,187.12500000000009,187.16300000000007
2026-07-24 20:00:00+00:00,187.16300000000007,187.1800000000001,186.273,186.279
2026-07-26 21:00:00+00:00,186.279,186.397,186.227,186.263
2026-07-26 22:00:00+00:00,186.263,186.407,186.263,186.354
2026-07-26 23:00:00+00:00,186.354,186.38,186.325,186.356
2026-07-27 00:00:00+00:00,186.356,186.557,186.327,186.483
2026-07-27 01:00:00+00:00,186.483,186.532,186.442,186.518
2026-07-27 02:00:00+00:00,186.518,186.537,186.465,186.484
2026-07-27 03:00:00+00:00,186.484,186.501,186.447,186.454
2026-07-27 04:00:00+00:00,186.454,186.477,186.433,186.455
2026-07-27 05:00:00+00:00,186.455,186.526,186.444,186.51
2026-07-27 06:00:00+00:00,186.51,186.656,186.464,186.464
2026-07-27 07:00:00+00:00,186.464,186.465,186.213,186.274
2026-07-27 08:00:00+00:00,186.274,186.378,186.251,186.368
2026-07-27 09:00:00+00:00,186.368,186.409,186.266,186.287
2026-07-27 10:00:00+00:00,186.287,186.39,186.28,186.337
2026-07-27 11:00:00+00:00,186.337,186.359,186.227,186.259
2026-07-27 12:00:00+00:00,186.259,186.311,186.144,186.25
2026-07-27 13:00:00+00:00,186.25,186.284,186.144,186.17
2026-07-27 14:00:00+00:00,186.17,186.184,186.083,186.097
2026-07-27 15:00:00+00:00,186.097,186.165,186.041,186.143
2026-07-27 16:00:00+00:00,186.143,186.202,186.117,186.152
2026-07-27 17:00:00+00:00,186.152,186.157,186.047,186.114
2026-07-27 18:00:00+00:00,186.114,186.116,186.061,186.105
2026-07-27 19:00:00+00:00,186.105,186.114,186.064,186.089
2026-07-27 20:00:00+00:00,186.089,186.13,186.028,186.028
2026-07-27 21:00:00+00:00,186.028,186.097,185.959,186.061
2026-07-27 22:00:00+00:00,186.061,186.114,186.033,186.083
2026-07-27 23:00:00+00:00,186.083,186.123,186.06,186.121
2026-07-28 00:00:00+00:00,186.121,186.191,186.101,186.17
2026-07-28 01:00:00+00:00,186.17,186.221,186.149,186.171
2026-07-28 02:00:00+00:00,186.171,186.213,186.131,186.176
2026-07-28 03:00:00+00:00,186.176,186.234,186.159,186.191
2026-07-28 04:00:00+00:00,186.191,186.194,186.069,186.083
2026-07-28 05:00:00+00:00,186.083,186.093,185.964,186.022
2026-07-28 06:00:00+00:00,186.022,186.082,185.979,186.034
2026-07-28 07:00:00+00:00,186.034,186.143,186.018,186.053
2026-07-28 08:00:00+00:00,186.053,186.231,186.052,186.227
2026-07-28 09:00:00+00:00,186.227,186.239,186.015,186.024
2026-07-28 10:00:00+00:00,186.024,186.194,185.991,186.161
2026-07-28 11:00:00+00:00,186.161,186.271,186.094,186.228
2026-07-28 12:00:00+00:00,186.228,186.254,186.118,186.179
2026-07-28 13:00:00+00:00,186.179,186.252,186.175,186.238
2026-07-28 14:00:00+00:00,186.238,186.504,186.219,186.489
2026-07-28 15:00:00+00:00,186.489,186.538,186.432,186.484
2026-07-28 16:00:00+00:00,186.484,186.604,186.484,186.519
2026-07-28 17:00:00+00:00,186.519,186.543,186.473,186.48
2026-07-28 18:00:00+00:00,186.48,186.504,186.443,186.503
2026-07-28 19:00:00+00:00,186.503,186.557,186.494,186.506
2026-07-28 20:00:00+00:00,186.506,186.536,186.454,186.454
2026-07-28 21:00:00+00:00,186.454,186.556,186.379,186.499
2026-07-28 22:00:00+00:00,186.499,186.532,186.452,186.464
2026-07-28 23:00:00+00:00,186.464,186.505,186.429,186.504
2026-07-29 00:00:00+00:00,186.504,186.511,186.326,186.395
2026-07-29 01:00:00+00:00,186.395,186.462,186.375,186.423
2026-07-29 02:00:00+00:00,186.423,186.49,186.396,186.473
2026-07-29 03:00:00+00:00,186.473,186.508,186.389,186.404
2026-07-29 04:00:00+00:00,186.404,186.418,186.102,186.244
2026-07-29 05:00:00+00:00,186.244,186.284,186.159,186.274
2026-07-29 06:00:00+00:00,186.274,186.332,186.178,186.213
2026-07-29 07:00:00+00:00,186.213,186.497,186.195,186.479
2026-07-29 08:00:00+00:00,186.479,186.495,186.333,186.35
2026-07-29 09:00:00+00:00,186.35,186.363,186.228,186.312
2026-07-29 10:00:00+00:00,186.312,186.368,186.244,186.261
2026-07-29 11:00:00+00:00,186.261,186.328,186.184,186.195
2026-07-29 12:00:00+00:00,186.195,186.341,186.172,186.306
2026-07-29 13:00:00+00:00,186.306,186.478,186.265,186.471
2026-07-29 14:00:00+00:00,186.471,186.598,186.429,186.449
2026-07-29 15:00:00+00:00,186.449,186.472,186.369,186.447
2026-07-29 16:00:00+00:00,186.447,186.526,186.394,186.525
2026-07-29 17:00:00+00:00,186.525,186.637,186.516,186.528
2026-07-29 18:00:00+00:00,186.528,186.989,186.471,186.954
2026-07-29 19:00:00+00:00,186.954,187.189,186.901,187.115
2026-07-29 20:00:00+00:00,187.115,187.401,187.112,187.259
2026-07-29 21:00:00+00:00,187.259,187.272,187.109,187.201
2026-07-29 22:00:00+00:00,187.201,187.364,187.201,187.358
2026-07-29 23:00:00+00:00,187.358,187.359,187.181,187.19
2026-07-30 00:00:00+00:00,187.19,187.258,187.083,187.256
2026-07-30 01:00:00+00:00,187.256,187.259,187.173,187.19
2026-07-30 02:00:00+00:00,187.19,187.196,187.141,187.166
2026-07-30 03:00:00+00:00,187.166,187.213,187.13,187.132
2026-07-30 04:00:00+00:00,187.132,187.177,187.121,187.142
2026-07-30 05:00:00+00:00,187.142,187.236,187.14,187.177
2026-07-30 06:00:00+00:00,187.177,187.282,187.139,187.246
2026-07-30 07:00:00+00:00,187.246,187.281,187.08,187.193
2026-07-30 08:00:00+00:00,187.193,187.352,187.184,187.289
2026-07-30 09:00:00+00:00,187.289,187.345,187.138,187.165
2026-07-30 10:00:00+00:00,187.165,187.168,186.244,186.745
2026-07-30 11:00:00+00:00,186.745,186.878,186.677,186.865
2026-07-30 12:00:00+00:00,186.865,186.949,186.729,186.889
2026-07-30 13:00:00+00:00,186.889,186.893,184.017,184.027
2026-07-30 14:00:00+00:00,184.027,184.172,182.048,183.162
2026-07-30 15:00:00+00:00,183.162,183.69,182.775,183.669
2026-07-30 16:00:00+00:00,183.669,183.946,183.646,183.901
2026-07-30 17:00:00+00:00,183.901,184.074,182.613,183.25
2026-07-30 18:00:00+00:00,183.25,183.378,183.152,183.231
2026-07-30 19:00:00+00:00,183.231,183.773,183.231,183.684
2026-07-30 20:00:00+00:00,183.684,183.928,183.661,183.818
2026-07-30 21:00:00+00:00,183.818,183.833,183.58,183.831
2026-07-30 22:00:00+00:00,183.831,184.014,183.615,183.904
2026-07-30 23:00:00+00:00,183.904,184.462,183.821,184.429
2026-07-31 00:00:00+00:00,184.429,184.937,184.413,184.747
2026-07-31 01:00:00+00:00,184.747,184.867,184.547,184.849
2026-07-31 02:00:00+00:00,184.849,184.849,184.546,184.619
2026-07-31 03:00:00+00:00,184.619,185.004,184.575,184.763
2026-07-31 04:00:00+00:00,184.763,184.889,184.705,184.758
2026-07-31 05:00:00+00:00,184.758,184.782,184.603,184.632
2026-07-31 06:00:00+00:00,184.632,184.691,184.122,184.442
2026-07-31 07:00:00+00:00,184.442,184.864,184.304,184.304
2026-07-31 08:00:00+00:00,184.304,184.563,182.552,182.949
2026-07-31 09:00:00+00:00,182.949,184.011,182.598,183.923
2026-07-31 10:00:00+00:00,183.923,184.053,183.765,183.863
2026-07-31 11:00:00+00:00,183.863,183.984,183.782,183.845
2026-07-31 12:00:00+00:00,183.845,184.127,183.79,184.084
2026-07-31 13:00:00+00:00,184.084,184.21,182.389,182.725
2026-07-31 14:00:00+00:00,182.725,183.23,182.033,183.04
2026-07-31 15:00:00+00:00,183.04,183.224,182.589,183.174
2026-07-31 16:00:00+00:00,183.174,183.391,183.09,183.387
2026-07-31 17:00:00+00:00,183.387,183.619,182.285,182.658
2026-07-31 18:00:00+00:00,182.658,183.236,182.465,183.059
2026-07-31 19:00:00+00:00,183.059,183.404,183.059,183.395
2026-07-31 20:00:00+00:00,183.395,183.404,181.195,181.305
2026-08-02 21:00:00+00:00,181.305,181.81,181.305,181.752
2026-08-02 22:00:00+00:00,181.752,181.776,181.254,181.55
2026-08-02 23:00:00+00:00,181.55,182.124,181.279,181.801
2026-08-03 00:00:00+00:00,181.801,182.042,179.248,180.08999999999995
2026-08-03 01:00:00+00:00,180.08999999999995,180.367,179.313,180.206
2026-08-03 02:00:00+00:00,180.206,180.502,180.08399999999995,180.328
2026-08-03 03:00:00+00:00,180.328,180.453,180.099,180.356
2026-08-03 04:00:00+00:00,180.356,180.436,180.229,180.353
2026-08-03 05:00:00+00:00,180.353,180.405,180.256,180.324
2026-08-03 06:00:00+00:00,180.324,180.694,180.253,180.603
2026-08-03 07:00:00+00:00,180.603,180.635,180.339,180.589
2026-08-03 08:00:00+00:00,180.589,180.786,180.361,180.776
2026-08-03 09:00:00+00:00,180.776,181.04,180.659,180.89
2026-08-03 10:00:00+00:00,180.89,180.898,180.429,180.586
2026-08-03 11:00:00+00:00,180.586,180.817,180.418,180.563
2026-08-03 12:00:00+00:00,180.563,180.702,180.47,180.672
2026-08-03 13:00:00+00:00,180.672,180.743,180.07399999999998,180.243
2026-08-03 14:00:00+00:00,180.243,180.339,179.92299999999997,180.152
2026-08-03 15:00:00+00:00,180.152,180.574,180.118,180.554
2026-08-03 16:00:00+00:00,180.554,180.557,180.1,180.418
2026-08-03 17:00:00+00:00,180.418,180.507,180.384,180.497
2026-08-03 18:00:00+00:00,180.497,180.562,180.296,180.386
2026-08-03 19:00:00+00:00,180.386,180.566,180.377,180.547
2026-08-03 20:00:00+00:00,180.547,180.821,180.477,180.721
2026-08-03 21:00:00+00:00,180.721,180.831,180.713,180.831
2026-08-03 22:00:00+00:00,180.831,181.054,180.802,180.991
2026-08-03 23:00:00+00:00,180.991,181.312,180.906,181.166
2026-08-04 00:00:00+00:00,181.166,181.199,180.884,181.099
2026-08-04 01:00:00+00:00,181.099,181.341,181.095,181.336
2026-08-04 02:00:00+00:00,181.336,181.445,181.323,181.392
2026-08-04 03:00:00+00:00,181.392,181.4,181.148,181.315
2026-08-04 04:00:00+00:00,181.315,181.327,181.139,181.226
2026-08-04 05:00:00+00:00,181.226,181.37,181.16,181.37
2026-08-04 06:00:00+00:00,181.37,181.405,181.211,181.342
2026-08-04 07:00:00+00:00,181.342,181.569,181.311,181.543
2026-08-04 08:00:00+00:00,181.543,181.575,181.414,181.485
2026-08-04 09:00:00+00:00,181.485,181.668,181.469,181.615
2026-08-04 10:00:00+00:00,181.615,181.685,181.546,181.605
2026-08-04 11:00:00+00:00,181.605,181.624,181.163,181.227
2026-08-04 12:00:00+00:00,181.227,181.355,181.066,181.28
2026-08-04 13:00:00+00:00,181.28,181.312,181.064,181.3
2026-08-04 14:00:00+00:00,181.3,181.497,181.225,181.439
2026-08-04 15:00:00+00:00,181.439,181.505,181.22,181.357
2026-08-04 16:00:00+00:00,181.357,181.437,181.282,181.399
2026-08-04 17:00:00+00:00,181.399,181.538,181.369,181.515
2026-08-04 18:00:00+00:00,181.515,181.718,181.512,181.703
2026-08-04 19:00:00+00:00,181.703,181.874,181.698,181.811
2026-08-04 20:00:00+00:00,181.811,181.826,181.722,181.722
2026-08-04 21:00:00+00:00,181.722,181.833,181.67,181.752
2026-08-04 22:00:00+00:00,181.752,181.825,181.716,181.798
2026-08-04 23:00:00+00:00,181.798,181.854,181.71,181.758
2026-08-05 00:00:00+00:00,181.758,181.826,181.474,181.577
2026-08-05 01:00:00+00:00,181.577,181.648,181.526,181.608
2026-08-05 02:00:00+00:00,181.608,181.692,181.428,181.512
2026-08-05 03:00:00+00:00,181.512,181.61,181.472,181.513
2026-08-05 04:00:00+00:00,181.513,181.777,181.471,181.757
2026-08-05 05:00:00+00:00,181.757,181.789,181.695,181.737
2026-08-05 06:00:00+00:00,181.737,181.91,181.652,181.853
2026-08-05 07:00:00+00:00,181.853,181.879,181.701,181.86
2026-08-05 08:00:00+00:00,181.86,182.056,181.84,181.941
2026-08-05 09:00:00+00:00,181.941,182.026,181.893,181.929
2026-08-05 10:00:00+00:00,181.929,181.998,181.862,181.874
2026-08-05 11:00:00+00:00,181.874,181.944,181.752,181.916
2026-08-05 12:00:00+00:00,181.916,181.975,181.801,181.878
2026-08-05 13:00:00+00:00,181.878,181.96,181.649,181.748
2026-08-05 14:00:00+00:00,181.748,181.903,181.664,181.856
2026-08-05 15:00:00+00:00,181.856,181.93,181.764,181.924
2026-08-05 16:00:00+00:00,181.924,182.02,181.861,182.02
2026-08-05 17:00:00+00:00,182.02,182.114,181.979,182.114
2026-08-05 18:00:00+00:00,182.114,182.13,182.042,182.057
2026-08-05 19:00:00+00:00,182.057,182.088,182.01,182.072
2026-08-05 20:00:00+00:00,182.072,182.175,182.059,182.129
2026-08-05 21:00:00+00:00,182.129,182.146,181.99,182.034
2026-08-05 22:00:00+00:00,182.034,182.109,182.034,182.083
2026-08-05 23:00:00+00:00,182.083,182.083,181.982,182.036
2026-08-06 00:00:00+00:00,182.036,182.225,182.036,182.164
2026-08-06 01:00:00+00:00,182.164,182.181,182.017,182.067
2026-08-06 02:00:00+00:00,182.067,182.101,182.024,182.055
2026-08-06 03:00:00+00:00,182.055,182.101,182.012,182.051
2026-08-06 04:00:00+00:00,182.051,182.066,182.014,182.063
2026-08-06 05:00:00+00:00,182.063,182.101,182.02,182.079
2026-08-06 06:00:00+00:00,182.079,182.145,182.047,182.095
2026-08-06 07:00:00+00:00,182.095,182.145,181.977,182.129
2026-08-06 08:00:00+00:00,182.129,182.154,182.012,182.085
2026-08-06 09:00:00+00:00,182.085,182.097,182.022,182.047
2026-08-06 10:00:00+00:00,182.047,182.094,181.996,182.086
2026-08-06 11:00:00+00:00,182.086,182.217,182.074,182.133
2026-08-06 12:00:00+00:00,182.133,182.17,182.042,182.087
2026-08-06 13:00:00+00:00,182.087,182.189,182.061,182.112
2026-08-06 14:00:00+00:00,182.112,182.451,182.093,182.382
2026-08-06 15:00:00+00:00,182.382,182.522,182.366,182.431
2026-08-06 16:00:00+00:00,182.431,182.518,182.153,182.5
2026-08-06 17:00:00+00:00,182.5,182.505,182.369,182.415
2026-08-06 18:00:00+00:00,182.415,182.434,182.333,182.343
2026-08-06 19:00:00+00:00,182.343,182.475,182.328,182.416
2026-08-06 20:00:00+00:00,182.416,182.511,182.41,182.436
2026-08-06 21:00:00+00:00,182.436,182.482,182.388,182.456
2026-08-06 22:00:00+00:00,182.456,182.524,182.453,182.474
2026-08-06 23:00:00+00:00,182.474,182.487,182.404,182.46
2026-08-07 00:00:00+00:00,182.46,182.58,182.451,182.504
2026-08-07 01:00:00+00:00,182.504,182.526,182.223,182.321
2026-08-07 02:00:00+00:00,182.321,182.377,182.314,182.365
2026-08-07 03:00:00+00:00,182.365,182.462,182.354,182.433
2026-08-07 04:00:00+00:00,182.433,182.457,182.39,182.405
2026-08-07 05:00:00+00:00,182.405,182.429,182.323,182.333
2026-08-07 06:00:00+00:00,182.333,182.371,182.291,182.363
2026-08-07 07:00:00+00:00,182.363,182.477,182.285,182.422
2026-08-07 08:00:00+00:00,182.422,182.462,182.372,182.399
2026-08-07 09:00:00+00:00,182.399,182.487,182.39,182.466
2026-08-07 10:00:00+00:00,182.466,182.509,182.309,182.374
2026-08-07 11:00:00+00:00,182.374,182.499,182.357,182.497
2026-08-07 12:00:00+00:00,182.497,182.581,181.186,182.033
2026-08-07 13:00:00+00:00,182.033,182.25,181.894,182.205
2026-08-07 14:00:00+00:00,182.205,182.385,182.12,182.351
2026-08-07 15:00:00+00:00,182.351,182.389,181.916,181.997
2026-08-07 16:00:00+00:00,181.997,182.017,181.787,181.89
2026-08-07 17:00:00+00:00,181.89,181.975,181.859,181.971
2026-08-07 18:00:00+00:00,181.971,182.138,181.958,182.09
2026-08-07 19:00:00+00:00,182.09,182.169,182.004,182.068
2026-08-07 20:00:00+00:00,182.068,182.369,182.038,182.253
2026-08-09 21:00:00+00:00,182.253,182.304,182.155,182.201
2026-08-09 22:00:00+00:00,182.201,182.426,182.19,182.389
2026-08-09 23:00:00+00:00,182.389,182.408,182.303,182.373
2026-08-10 00:00:00+00:00,182.373,182.472,182.341,182.46
2026-08-10 01:00:00+00:00,182.46,182.805,182.446,182.771
2026-08-10 02:00:00+00:00,182.771,182.797,182.675,182.681
2026-08-10 03:00:00+00:00,182.681,182.687,182.59,182.61
2026-08-10 04:00:00+00:00,182.61,182.815,182.61,182.806
2026-08-10 05:00:00+00:00,182.806,182.885,182.785,182.865
2026-08-10 06:00:00+00:00,182.865,183.0,182.856,182.917
2026-08-10 07:00:00+00:00,182.917,183.176,182.902,183.13
2026-08-10 08:00:00+00:00,183.13,183.37,183.068,183.335
2026-08-10 09:00:00+00:00,183.335,183.538,183.333,183.486
2026-08-10 10:00:00+00:00,183.486,183.521,183.339,183.39
2026-08-10 11:00:00+00:00,183.39,183.43,183.299,183.376
2026-08-10 12:00:00+00:00,183.376,183.453,182.953,183.435
2026-08-10 13:00:00+00:00,183.435,183.549,183.394,183.485
2026-08-10 14:00:00+00:00,183.485,183.553,183.38,183.506
2026-08-10 15:00:00+00:00,183.506,183.556,183.401,183.462
2026-08-10 16:00:00+00:00,183.462,183.561,183.453,183.543
2026-08-10 17:00:00+00:00,183.543,183.651,183.534,183.593
2026-08-10 18:00:00+00:00,183.593,183.822,183.558,183.697
2026-08-10 19:00:00+00:00,183.697,183.834,183.67,183.763
2026-08-10 20:00:00+00:00,183.763,183.818,183.739,183.755
2026-08-10 21:00:00+00:00,183.755,183.778,183.64,183.684
2026-08-10 22:00:00+00:00,183.684,183.787,183.684,183.726
2026-08-10 23:00:00+00:00,183.726,183.759,183.635,183.663
2026-08-11 00:00:00+00:00,183.663,183.738,183.45,183.652
2026-08-11 01:00:00+00:00,183.652,183.701,183.578,183.68
2026-08-11 02:00:00+00:00,183.68,183.754,183.655,183.688
2026-08-11 03:00:00+00:00,183.688,183.71,183.623,183.667
2026-08-11 04:00:00+00:00,183.667,183.693,183.64,183.646
2026-08-11 05:00:00+00:00,183.646,183.655,183.585,183.635
2026-08-11 06:00:00+00:00,183.635,183.664,183.536,183.577
2026-08-11 07:00:00+00:00,183.577,183.735,183.572,183.675
2026-08-11 08:00:00+00:00,183.675,183.749,183.624,183.733
2026-08-11 09:00:00+00:00,183.733,183.769,183.635,183.665
2026-08-11 10:00:00+00:00,183.665,183.718,183.553,183.594
2026-08-11 11:00:00+00:00,183.594,183.626,183.497,183.616
2026-08-11 12:00:00+00:00,183.616,183.748,183.597,183.716
2026-08-11 13:00:00+00:00,183.716,183.757,183.63,183.716
2026-08-11 14:00:00+00:00,183.716,183.746,183.648,183.698
2026-08-11 15:00:00+00:00,183.698,183.744,183.629,183.723
2026-08-11 16:00:00+00:00,183.723,183.726,183.626,183.686
2026-08-11 17:00:00+00:00,183.686,183.726,183.652,183.714
2026-08-11 18:00:00+00:00,183.714,183.745,183.687,183.697
2026-08-11 19:00:00+00:00,183.697,183.771,183.697,183.761
2026-08-11 20:00:00+00:00,183.761,183.816,183.698,183.726
2026-08-11 21:00:00+00:00,183.726,183.736,183.656,183.7
2026-08-11 22:00:00+00:00,183.7,183.774,183.7,183.75
2026-08-11 23:00:00+00:00,183.75,183.768,183.728,183.752
2026-08-12 00:00:00+00:00,183.752,183.814,183.674,183.79
2026-08-12 01:00:00+00:00,183.79,183.81,183.716,183.742
2026-08-12 02:00:00+00:00,183.742,183.844,183.733,183.819
2026-08-12 03:00:00+00:00,183.819,183.865,183.794,183.807
2026-08-12 04:00:00+00:00,183.807,183.823,183.747,183.794
2026-08-12 05:00:00+00:00,183.794,183.798,183.67,183.756
2026-08-12 06:00:00+00:00,183.756,183.784,183.71,183.778
2026-08-12 07:00:00+00:00,183.778,183.823,183.732,183.773
2026-08-12 08:00:00+00:00,183.773,183.775,183.684,183.704
2026-08-12 09:00:00+00:00,183.704,183.732,183.044,183.501
2026-08-12 10:00:00+00:00,183.501,183.574,183.447,183.51
2026-08-12 11:00:00+00:00,183.51,183.57,183.436,183.554
2026-08-12 12:00:00+00:00,183.554,183.62,183.262,183.465
2026-08-12 13:00:00+00:00,183.465,183.615,183.374,183.6
2026-08-12 14:00:00+00:00,183.6,183.725,183.582,183.668
2026-08-12 15:00:00+00:00,183.668,183.712,183.614,183.641
2026-08-12 16:00:00+00:00,183.641,183.657,183.595,183.64
2026-08-12 17:00:00+00:00,183.64,183.734,183.636,183.666
2026-08-12 18:00:00+00:00,183.666,183.715,183.634,183.649
2026-08-12 19:00:00+00:00,183.649,183.678,183.608,183.668
2026-08-12 20:00:00+00:00,183.668,183.69,183.601,183.601
2026-08-12 21:00:00+00:00,183.601,183.618,183.556,183.573
2026-08-12 22:00:00+00:00,183.573,183.664,183.573,183.61400000000003
2026-08-12 23:00:00+00:00,183.61400000000003,183.616,183.539,183.57800000000003
2026-08-13 00:00:00+00:00,183.57800000000003,183.64300000000003,183.51800000000003,183.575
2026-08-13 01:00:00+00:00,183.575,183.60200000000003,183.533,183.54700000000005
2026-08-13 02:00:00+00:00,183.54700000000005,183.62600000000003,183.537,183.59500000000003
2026-08-13 03:00:00+00:00,183.59500000000003,183.648,183.576,183.603
2026-08-13 04:00:00+00:00,183.603,183.642,183.332,183.45
2026-08-13 05:00:00+00:00,183.45,183.573,183.425,183.478
2026-08-13 06:00:00+00:00,183.478,183.552,183.437,183.479
2026-08-13 07:00:00+00:00,183.479,183.6,183.467,183.57700000000003
2026-08-13 08:00:00+00:00,183.57700000000003,183.647,183.552,183.6
2026-08-13 09:00:00+00:00,183.6,183.70200000000003,183.591,183.687
2026-08-13 10:00:00+00:00,183.687,183.75000000000003,183.686,183.716
2026-08-13 11:00:00+00:00,183.716,183.724,183.634,183.676
2026-08-13 12:00:00+00:00,183.676,183.693,183.55400000000003,183.648
2026-08-13 13:00:00+00:00,183.648,183.683,183.57100000000003,183.604
2026-08-13 14:00:00+00:00,183.604,183.72600000000003,183.445,183.641
2026-08-13 15:00:00+00:00,183.641,183.73300000000003,183.635,183.645
2026-08-13 16:00:00+00:00,183.645,183.787,183.633,183.77500000000003
2026-08-13 17:00:00+00:00,183.77500000000003,183.82200000000003,183.73800000000003,183.79100000000005
2026-08-13 18:00:00+00:00,183.79100000000005,183.81500000000003,183.759,183.796
2026-08-13 19:00:00+00:00,183.796,183.825,183.776,183.80300000000005
2026-08-13 20:00:00+00:00,183.80300000000005,183.842,183.741,183.746
2026-08-13 21:00:00+00:00,183.746,183.80900000000003,183.694,183.755
2026-08-13 22:00:00+00:00,183.755,183.836,183.755,183.784
2026-08-13 23:00:00+00:00,183.784,183.824,183.777,183.782
2026-08-14 00:00:00+00:00,183.782,183.873,183.75100000000003,183.787
2026-08-14 01:00:00+00:00,183.787,183.84500000000003,183.753,183.80300000000005
2026-08-14 02:00:00+00:00,183.80300000000005,183.826,183.735,183.77400000000003
2026-08-14 03:00:00+00:00,183.77400000000003,183.807,183.72700000000003,183.778
2026-08-14 04:00:00+00:00,183.778,183.799,183.75100000000003,183.772
2026-08-14 05:00:00+00:00,183.772,183.78100000000003,183.594,183.71400000000003
2026-08-14 06:00:00+00:00,183.71400000000003,183.73900000000003,183.59000000000003,183.73300000000003
2026-08-14 07:00:00+00:00,183.73300000000003,183.835,183.705,183.796
2026-08-14 08:00:00+00:00,183.796,183.844,183.64300000000003,183.84000000000003
2026-08-14 09:00:00+00:00,183.84000000000003,183.847,183.71,183.78000000000003
2026-08-14 10:00:00+00:00,183.78000000000003,183.841,183.72000000000003,183.83900000000003
2026-08-14 11:00:00+00:00,183.83900000000003,183.999,183.837,183.915
2026-08-14 12:00:00+00:00,183.915,183.933,183.497,183.705
2026-08-14 13:00:00+00:00,183.705,183.97700000000003,183.682,183.95800000000003
2026-08-14 14:00:00+00:00,183.95800000000003,184.08900000000003,183.94600000000003,184.064
2026-08-14 15:00:00+00:00,184.064,184.302,184.01900000000003,184.27400000000003
2026-08-14 16:00:00+00:00,184.27400000000003,184.35200000000003,184.266,184.302
2026-08-14 17:00:00+00:00,184.302,184.31000000000003,184.17900000000003,184.198
2026-08-14 18:00:00+00:00,184.198,184.254,184.177,184.229
2026-08-14 19:00:00+00:00,184.229,184.283,184.217,184.253
2026-08-14 20:00:00+00:00,184.253,184.26,184.18400000000003,184.224
2026-08-16 21:00:00+00:00,184.224,184.313,184.19800000000004,184.25800000000004
2026-08-16 22:00:00+00:00,184.25800000000004,184.41600000000005,184.25000000000003,184.25200000000004
2026-08-16 23:00:00+00:00,184.25200000000004,184.348,184.242,184.32900000000004
2026-08-17 00:00:00+00:00,184.32900000000004,184.36700000000005,184.16900000000004,184.18800000000005
2026-08-17 01:00:00+00:00,184.18800000000005,184.31800000000004,184.16000000000005,184.29100000000005
2026-08-17 02:00:00+00:00,184.29100000000005,184.30600000000004,184.17300000000003,184.207
2026-08-17 03:00:00+00:00,184.207,184.33900000000003,184.207,184.33000000000004
2026-08-17 04:00:00+00:00,184.33000000000004,184.39400000000003,184.31700000000004,184.38
2026-08-17 05:00:00+00:00,184.38,184.386,184.24800000000005,184.37600000000003
2026-08-17 06:00:00+00:00,184.37600000000003,184.40300000000005,184.31900000000005,184.37000000000003
2026-08-17 07:00:00+00:00,184.37000000000003,184.576,184.29700000000005,184.53000000000003
2026-08-17 08:00:00+00:00,184.53000000000003,184.67800000000005,184.51500000000004,184.61000000000004
2026-08-17 09:00:00+00:00,184.61000000000004,184.67600000000004,184.56300000000005,184.63100000000003
2026-08-17 10:00:00+00:00,184.63100000000003,184.636,184.51000000000005,184.55000000000004
2026-08-17 11:00:00+00:00,184.55000000000004,184.64700000000005,184.52500000000003,184.63900000000004
2026-08-17 12:00:00+00:00,184.63900000000004,184.73400000000004,184.59900000000005,184.72800000000004
2026-08-17 13:00:00+00:00,184.72800000000004,184.80900000000003,184.69800000000004,184.701
2026-08-17 14:00:00+00:00,184.701,184.73000000000005,184.57100000000003,184.60700000000003
2026-08-17 15:00:00+00:00,184.60700000000003,184.73300000000003,184.57900000000004,184.72300000000004
2026-08-17 16:00:00+00:00,184.72300000000004,184.767,184.69000000000003,184.72000000000003
2026-08-17 17:00:00+00:00,184.72000000000003,184.76400000000004,184.677,184.68800000000005
2026-08-17 18:00:00+00:00,184.68800000000005,184.74800000000005,184.67600000000004,184.73200000000003
2026-08-17 19:00:00+00:00,184.73200000000003,184.74100000000004,184.62200000000004,184.67900000000003
2026-08-17 20:00:00+00:00,184.67900000000003,184.719,184.66200000000003,184.66700000000003
2026-08-17 21:00:00+00:00,184.66700000000003,184.72200000000004,184.528,184.647
2026-08-17 22:00:00+00:00,184.647,184.747,184.647,184.66600000000005
2026-08-17 23:00:00+00:00,184.66600000000005,184.67400000000004,184.618,184.63700000000003
2026-08-18 00:00:00+00:00,184.63700000000003,184.81800000000004,184.63100000000003,184.749
2026-08-18 01:00:00+00:00,184.749,184.808,184.718,184.789
2026-08-18 02:00:00+00:00,184.789,184.81500000000003,184.69700000000003,184.74500000000003
2026-08-18 03:00:00+00:00,184.74500000000003,184.76300000000003,184.69900000000004,184.742
2026-08-18 04:00:00+00:00,184.742,184.94000000000003,184.73800000000003,184.88
2026-08-18 05:00:00+00:00,184.88,184.89300000000003,184.81700000000004,184.868
2026-08-18 06:00:00+00:00,184.868,184.94900000000004,184.81700000000004,184.914
2026-08-18 07:00:00+00:00,184.914,184.998,184.90700000000004,184.94900000000004
2026-08-18 08:00:00+00:00,184.94900000000004,184.95200000000003,184.87100000000004,184.92800000000005
2026-08-18 09:00:00+00:00,184.92800000000005,184.933,184.842,184.903
2026-08-18 10:00:00+00:00,184.903,184.967,184.861,184.96400000000003
2026-08-18 11:00:00+00:00,184.96400000000003,184.98800000000003,184.92800000000005,184.96400000000003
2026-08-18 12:00:00+00:00,184.96400000000003,184.975,184.87600000000003,184.896
2026-08-18 13:00:00+00:00,184.896,184.956,184.87500000000003,184.88900000000004
2026-08-18 14:00:00+00:00,184.88900000000004,184.944,184.795,184.86900000000003
2026-08-18 15:00:00+00:00,184.86900000000003,184.91000000000005,184.80400000000003,184.885
2026-08-18 16:00:00+00:00,184.885,184.944,184.868,184.87000000000003
2026-08-18 17:00:00+00:00,184.87000000000003,184.87500000000003,184.832,184.85300000000004
2026-08-18 18:00:00+00:00,184.85300000000004,184.86500000000004,184.82700000000003,184.84100000000004
2026-08-18 19:00:00+00:00,184.84100000000004,184.909,184.82100000000003,184.872
2026-08-18 20:00:00+00:00,184.872,184.88200000000003,184.82200000000003,184.826
2026-08-18 21:00:00+00:00,184.826,184.89400000000003,184.759,184.79400000000004
2026-08-18 22:00:00+00:00,184.79400000000004,184.87100000000004,184.783,184.83000000000004
2026-08-18 23:00:00+00:00,184.83000000000004,184.84100000000004,184.761,184.78800000000004
2026-08-19 00:00:00+00:00,184.78800000000004,184.78800000000004,184.63200000000003,184.653
2026-08-19 01:00:00+00:00,184.653,184.717,184.63800000000003,184.688
2026-08-19 02:00:00+00:00,184.688,184.71500000000003,184.61900000000003,184.66700000000003
2026-08-19 03:00:00+00:00,184.66700000000003,184.75800000000004,184.66700000000003,184.72200000000004
2026-08-19 04:00:00+00:00,184.72200000000004,184.72800000000004,184.57900000000004,184.68500000000003
2026-08-19 05:00:00+00:00,184.68500000000003,184.717,184.557,184.68600000000004
2026-08-19 06:00:00+00:00,184.68600000000004,184.77000000000004,184.593,184.72700000000003
2026-08-19 07:00:00+00:00,184.72700000000003,184.74500000000003,184.60300000000004,184.65500000000003
2026-08-19 08:00:00+00:00,184.65500000000003,184.724,184.57700000000003,184.67900000000003
2026-08-19 09:00:00+00:00,184.67900000000003,184.80700000000004,184.67900000000003,184.725
2026-08-19 10:00:00+00:00,184.725,184.78800000000004,184.683,184.73500000000004
2026-08-19 11:00:00+00:00,184.73500000000004,184.76800000000003,184.69800000000004,184.72600000000003
2026-08-19 12:00:00+00:00,184.72600000000003,184.74000000000004,184.00000000000003,184.60900000000004
2026-08-19 13:00:00+00:00,184.60900000000004,184.83000000000004,184.50900000000004,184.75800000000004
2026-08-19 14:00:00+00:00,184.75800000000004,184.81900000000005,184.61600000000004,184.76400000000004
2026-08-19 15:00:00+00:00,184.76400000000004,184.92200000000005,184.76400000000004,184.89600000000004
2026-08-19 16:00:00+00:00,184.89600000000004,184.96700000000004,184.844,184.88800000000003
2026-08-19 17:00:00+00:00,184.88800000000003,185.017,184.87600000000003,184.98400000000004
2026-08-19 18:00:00+00:00,184.98400000000004,184.999,184.831,184.891
2026-08-19 19:00:00+00:00,184.891,184.92800000000005,184.67300000000003,184.754
2026-08-19 20:00:00+00:00,184.754,184.82100000000003,184.69100000000003,184.74500000000003
2026-08-19 21:00:00+00:00,184.74500000000003,184.76,184.653,184.68100000000004
2026-08-19 22:00:00+00:00,184.68100000000004,184.779,184.65200000000004,184.76800000000003
2026-08-19 23:00:00+00:00,184.76800000000003,184.844,184.76800000000003,184.83900000000003
2026-08-20 00:00:00+00:00,184.83900000000003,185.01800000000003,184.80300000000005,185.004
2026-08-20 01:00:00+00:00,185.004,185.19800000000004,184.99700000000004,185.18600000000004
2026-08-20 02:00:00+00:00,185.18600000000004,185.20000000000005,185.034,185.058
2026-08-20 03:00:00+00:00,185.058,185.14000000000004,185.04200000000003,185.11900000000003
2026-08-20 04:00:00+00:00,185.11900000000003,185.28200000000004,185.10300000000004,185.18000000000004
2026-08-20 05:00:00+00:00,185.18000000000004,185.32400000000004,185.16800000000003,185.30000000000004
2026-08-20 06:00:00+00:00,185.30000000000004,185.31800000000004,185.135,185.17000000000004
2026-08-20 07:00:00+00:00,185.17000000000004,185.36000000000004,185.06300000000005,185.33400000000003
2026-08-20 08:00:00+00:00,185.33400000000003,185.54400000000004,185.28100000000003,185.492
2026-08-20 09:00:00+00:00,185.492,185.49400000000003,185.31100000000004,185.44800000000004
2026-08-20 10:00:00+00:00,185.44800000000004,185.46500000000003,185.35300000000004,185.44000000000003
2026-08-20 11:00:00+00:00,185.44000000000003,185.54400000000004,185.42800000000005,185.46500000000003
2026-08-20 12:00:00+00:00,185.46500000000003,185.56300000000005,185.45900000000003,185.511
2026-08-20 13:00:00+00:00,185.511,185.53600000000003,185.42300000000003,185.50900000000004
2026-08-20 14:00:00+00:00,185.50900000000004,185.576,185.48400000000004,185.51400000000004
2026-08-20 15:00:00+00:00,185.51400000000004,185.66200000000003,185.34000000000003,185.60200000000003
2026-08-20 16:00:00+00:00,185.60200000000003,185.779,185.599,185.68100000000004
2026-08-20 17:00:00+00:00,185.68100000000004,185.779,185.653,185.761
2026-08-20 18:00:00+00:00,185.761,185.89600000000004,185.75100000000003,185.891
2026-08-20 19:00:00+00:00,185.891,185.91100000000003,185.85700000000003,185.891
2026-08-20 20:00:00+00:00,185.891,185.909,185.802,185.802
2026-08-20 21:00:00+00:00,185.802,185.86300000000003,185.755,185.80000000000004
2026-08-20 22:00:00+00:00,185.80000000000004,185.87100000000004,185.78200000000004,185.78500000000005
2026-08-20 23:00:00+00:00,185.78500000000005,185.814,185.743,185.78500000000005
2026-08-21 00:00:00+00:00,185.78500000000005,186.01300000000003,185.75800000000004,185.95300000000003
2026-08-21 01:00:00+00:00,185.95300000000003,186.00200000000004,185.87800000000004,185.89400000000003
2026-08-21 02:00:00+00:00,185.89400000000003,186.02700000000004,185.879,186.00800000000004
2026-08-21 03:00:00+00:00,186.00800000000004,186.099,185.998,186.01300000000003
2026-08-21 04:00:00+00:00,186.01300000000003,186.04700000000005,185.962,186.00300000000004
2026-08-21 05:00:00+00:00,186.00300000000004,186.02000000000004,185.86400000000003,185.87800000000004
2026-08-21 06:00:00+00:00,185.87800000000004,185.969,185.81800000000004,185.951
2026-08-21 07:00:00+00:00,185.951,185.98400000000004,185.642,185.75300000000004
2026-08-21 08:00:00+00:00,185.75300000000004,185.82100000000003,185.60900000000004,185.63800000000003
2026-08-21 09:00:00+00:00,185.63800000000003,185.70000000000005,185.51200000000003,185.647
2026-08-21 10:00:00+00:00,185.647,185.83300000000003,185.62600000000003,185.78700000000003
2026-08-21 11:00:00+00:00,185.78700000000003,185.86600000000004,185.58500000000004,185.75200000000004
2026-08-21 12:00:00+00:00,185.75200000000004,185.767,185.642,185.67000000000004
2026-08-21 13:00:00+00:00,185.67000000000004,185.71700000000004,185.56900000000005,185.57700000000003
2026-08-21 14:00:00+00:00,185.57700000000003,185.67500000000004,185.53300000000004,185.629
2026-08-21 15:00:00+00:00,185.629,185.78100000000003,185.611,185.742
2026-08-21 16:00:00+00:00,185.742,185.79900000000004,185.70500000000004,185.77700000000004
2026-08-21 17:00:00+00:00,185.77700000000004,185.82300000000004,185.772,185.81700000000004
2026-08-21 18:00:00+00:00,185.81700000000004,185.873,185.81700000000004,185.861
2026-08-21 19:00:00+00:00,185.861,185.861,185.74600000000004,185.772
2026-08-21 20:00:00+00:00,185.772,185.78000000000003,185.67600000000004,185.694
2026-08-23 21:00:00+00:00,185.588,185.609,185.148,185.324
2026-08-23 22:00:00+00:00,185.324,185.63,185.324,185.591
2026-08-23 23:00:00+00:00,185.591,185.653,185.574,185.604
2026-08-24 00:00:00+00:00,185.604,185.659,185.441,185.475
2026-08-24 01:00:00+00:00,185.475,185.603,185.472,185.554
2026-08-24 02:00:00+00:00,185.554,185.627,185.537,185.6
2026-08-24 03:00:00+00:00,185.6,185.66,185.598,185.631
2026-08-24 04:00:00+00:00,185.631,185.632,185.495,185.59
2026-08-24 05:00:00+00:00,185.59,185.635,185.588,185.61
2026-08-24 06:00:00+00:00,185.61,185.711,185.527,185.71
2026-08-24 07:00:00+00:00,185.71,185.799,185.647,185.699
2026-08-24 08:00:00+00:00,185.699,185.763,185.658,185.669
2026-08-24 09:00:00+00:00,185.669,185.711,185.612,185.699
2026-08-24 10:00:00+00:00,185.699,185.727,185.603,185.704
2026-08-24 11:00:00+00:00,185.704,185.741,185.537,185.58
2026-08-24 12:00:00+00:00,185.58,185.603,185.46,185.599
2026-08-24 13:00:00+00:00,185.599,185.751,185.584,185.599
2026-08-24 14:00:00+00:00,185.599,185.727,185.561,185.716
2026-08-24 15:00:00+00:00,185.716,185.74,185.656,185.671
2026-08-24 16:00:00+00:00,185.671,185.677,185.527,185.556
2026-08-24 17:00:00+00:00,185.556,185.58,185.48,185.567
2026-08-24 18:00:00+00:00,185.567,185.674,185.554,185.666
2026-08-24 19:00:00+00:00,185.666,185.667,185.582,185.608
2026-08-24 20:00:00+00:00,185.608,185.639,185.54,185.54
2026-08-24 21:00:00+00:00,185.54,185.601,185.438,185.55
2026-08-24 22:00:00+00:00,185.55,185.608,185.528,185.587
2026-08-24 23:00:00+00:00,185.587,185.69,185.543,185.678
2026-08-25 00:00:00+00:00,185.678,185.75,185.648,185.747
2026-08-25 01:00:00+00:00,185.747,185.79,185.65,185.752
2026-08-25 02:00:00+00:00,185.752,185.852,185.739,185.821
2026-08-25 03:00:00+00:00,185.821,185.845,185.771,185.782
2026-08-25 04:00:00+00:00,185.782,185.786,185.575,185.676
2026-08-25 05:00:00+00:00,185.676,185.737,185.642,185.673
2026-08-25 06:00:00+00:00,185.673,185.776,185.644,185.756
2026-08-25 07:00:00+00:00,185.756,185.899,185.744,185.89
2026-08-25 08:00:00+00:00,185.89,185.952,185.868,185.915
2026-08-25 09:00:00+00:00,185.915,185.928,185.833,185.849
2026-08-25 10:00:00+00:00,185.849,185.874,185.717,185.761
2026-08-25 11:00:00+00:00,185.761,185.789,185.66799999999995,185.67999999999995
2026-08-25 12:00:00+00:00,185.67999999999995,185.845,185.64399999999995,185.843
2026-08-25 13:00:00+00:00,185.843,185.89,185.772,185.869
2026-08-25 14:00:00+00:00,185.869,185.914,185.807,185.842
2026-08-25 15:00:00+00:00,185.842,185.902,185.81699999999995,185.855
2026-08-25 16:00:00+00:00,185.855,185.90099999999995,185.827,185.90099999999995
2026-08-25 17:00:00+00:00,185.90099999999995,185.92999999999995,185.868,185.88
2026-08-25 18:00:00+00:00,185.88,185.916,185.855,185.888
2026-08-25 19:00:00+00:00,185.888,185.914,185.753,185.822
2026-08-25 20:00:00+00:00,185.822,185.906,185.795,185.856
2026-08-25 21:00:00+00:00,185.856,185.9,185.803,185.829
2026-08-25 22:00:00+00:00,185.829,185.91899999999995,185.829,185.90699999999995
2026-08-25 23:00:00+00:00,185.90699999999995,185.93,185.884,185.886
2026-08-26 00:00:00+00:00,185.886,185.926,185.763,185.801
2026-08-26 01:00:00+00:00,185.801,185.813,185.547,185.628
2026-08-26 02:00:00+00:00,185.628,185.629,185.463,185.574
2026-08-26 03:00:00+00:00,185.574,185.574,185.359,185.436
2026-08-26 04:00:00+00:00,185.436,185.492,185.417,185.48
2026-08-26 05:00:00+00:00,185.48,185.506,185.451,185.492
2026-08-26 06:00:00+00:00,185.492,185.589,185.475,185.582
2026-08-26 07:00:00+00:00,185.582,185.627,185.512,185.601
2026-08-26 08:00:00+00:00,185.601,185.649,185.527,185.602
2026-08-26 09:00:00+00:00,185.602,185.617,185.462,185.497
2026-08-26 10:00:00+00:00,185.497,185.587,185.48,185.54999999999995
2026-08-26 11:00:00+00:00,185.54999999999995,185.66899999999995,185.543,185.649
2026-08-26 12:00:00+00:00,185.649,185.708,185.523,185.617
2026-08-26 13:00:00+00:00,185.617,185.76999999999995,185.606,185.752
2026-08-26 14:00:00+00:00,185.752,185.754,185.618,185.649
2026-08-26 15:00:00+00:00,185.649,185.719,185.643,185.684
2026-08-26 16:00:00+00:00,185.684,185.761,185.664,185.73399999999995
2026-08-26 17:00:00+00:00,185.73399999999995,185.77399999999997,185.71599999999995,185.75599999999997
2026-08-26 18:00:00+00:00,185.75599999999997,185.76799999999997,185.715,185.739
2026-08-26 19:00:00+00:00,185.739,185.751,185.685,185.71
2026-08-26 20:00:00+00:00,185.71,185.73,185.606,185.606
2026-08-26 21:00:00+00:00,185.606,185.633,185.538,185.615
2026-08-26 22:00:00+00:00,185.615,185.687,185.611,185.637
2026-08-26 23:00:00+00:00,185.637,185.651,185.589,185.629
2026-08-27 00:00:00+00:00,185.629,185.635,185.482,185.568
2026-08-27 01:00:00+00:00,185.568,185.703,185.542,185.678
2026-08-27 02:00:00+00:00,185.678,185.799,185.677,185.737
2026-08-27 03:00:00+00:00,185.737,185.757,185.709,185.732
2026-08-27 04:00:00+00:00,185.732,185.786,185.727,185.767
2026-08-27 05:00:00+00:00,185.767,185.796,185.705,185.756
2026-08-27 06:00:00+00:00,185.756,185.772,185.72,185.733
2026-08-27 07:00:00+00:00,185.733,185.761,185.655,185.753
2026-08-27 08:00:00+00:00,185.753,185.761,185.596,185.607
2026-08-27 09:00:00+00:00,185.607,185.723,185.56,185.675
2026-08-27 10:00:00+00:00,185.675,185.73,185.644,185.657
2026-08-27 11:00:00+00:00,185.657,185.679,185.597,185.631
2026-08-27 12:00:00+00:00,185.631,185.663,185.572,185.599
2026-08-27 13:00:00+00:00,185.599,185.838,185.588,185.747
2026-08-27 14:00:00+00:00,185.747,185.754,185.516,185.56
2026-08-27 15:00:00+00:00,185.56,185.67,185.553,185.624
2026-08-27 16:00:00+00:00,185.624,185.65699999999995,185.574,185.64
2026-08-27 17:00:00+00:00,185.64,185.72199999999995,185.63299999999995,185.72099999999995
2026-08-27 18:00:00+00:00,185.72099999999995,185.75599999999997,185.70099999999996,185.74999999999997
2026-08-27 19:00:00+00:00,185.74999999999997,185.77499999999995,185.70999999999995,185.73699999999997
2026-08-27 20:00:00+00:00,185.73699999999997,185.777,185.724,185.75499999999997
2026-08-27 21:00:00+00:00,185.75499999999997,185.75499999999997,185.573,185.683
2026-08-27 22:00:00+00:00,185.683,185.736,185.683,185.698
2026-08-27 23:00:00+00:00,185.698,185.722,185.647,185.655
2026-08-28 00:00:00+00:00,185.655,185.713,185.641,185.71
2026-08-28 01:00:00+00:00,185.71,185.766,185.672,185.733
2026-08-28 02:00:00+00:00,185.733,185.758,185.664,185.757
2026-08-28 03:00:00+00:00,185.757,185.781,185.696,185.702
2026-08-28 04:00:00+00:00,185.702,185.757,185.7,185.742
2026-08-28 05:00:00+00:00,185.742,185.793,185.729,185.757
2026-08-28 06:00:00+00:00,185.757,185.793,185.682,185.697
2026-08-28 07:00:00+00:00,185.697,185.788,185.648,185.761
2026-08-28 08:00:00+00:00,185.761,185.853,185.759,185.811
2026-08-28 09:00:00+00:00,185.811,185.885,185.8,185.874
2026-08-28 10:00:00+00:00,185.874,185.977,185.855,185.961
2026-08-28 11:00:00+00:00,185.961,185.987,185.919,185.919
2026-08-28 12:00:00+00:00,185.919,185.931,185.791,185.89
2026-08-28 13:00:00+00:00,185.89,185.914,185.798,185.819
2026-08-28 14:00:00+00:00,185.819,185.856,185.429,185.73
2026-08-28 15:00:00+00:00,185.73,185.757,185.52,185.541
2026-08-28 16:00:00+00:00,185.541,185.647,185.491,185.617
2026-08-28 17:00:00+00:00,185.617,185.618,185.476,185.503
2026-08-28 18:00:00+00:00,185.503,185.509,185.437,185.444
2026-08-28 19:00:00+00:00,185.444,185.499,185.385,185.465
2026-08-28 20:00:00+00:00,185.465,185.477,185.4,185.421
2026-08-30 21:00:00+00:00,185.296,185.402,185.253,185.393
2026-08-30 22:00:00+00:00,185.393,185.485,185.384,185.48
2026-08-30 23:00:00+00:00,185.48,185.582,185.48,185.551
2026-08-31 00:00:00+00:00,185.551,185.555,185.424,185.434
2026-08-31 01:00:00+00:00,185.434,185.452,185.215,185.246
2026-08-31 02:00:00+00:00,185.246,185.275,185.163,185.219
2026-08-31 03:00:00+00:00,185.219,185.272,185.191,185.232
2026-08-31 04:00:00+00:00,185.232,185.239,185.175,185.209
2026-08-31 05:00:00+00:00,185.209,185.262,185.164,185.247
2026-08-31 06:00:00+00:00,185.247,185.306,185.177,185.189
2026-08-31 07:00:00+00:00,185.189,185.203,184.921,185.147
2026-08-31 08:00:00+00:00,185.147,185.21,185.041,185.201
2026-08-31 09:00:00+00:00,185.201,185.288,185.184,185.277
2026-08-31 10:00:00+00:00,185.277,185.329,185.234,185.236
2026-08-31 11:00:00+00:00,185.236,185.249,185.184,185.198
2026-08-31 12:00:00+00:00,185.198,185.393,185.176,185.381
2026-08-31 13:00:00+00:00,185.381,185.407,185.326,185.392
2026-08-31 14:00:00+00:00,185.392,185.558,185.241,185.488
2026-08-31 15:00:00+00:00,185.488,185.621,185.48,185.566
2026-08-31 16:00:00+00:00,185.566,185.566,185.469,185.496
2026-08-31 17:00:00+00:00,185.496,185.519,185.479,185.488
2026-08-31 18:00:00+00:00,185.488,185.63,185.473,185.612
2026-08-31 19:00:00+00:00,185.612,185.624,185.536,185.573
2026-08-31 20:00:00+00:00,185.573,185.587,185.54,185.564
2026-08-31 21:00:00+00:00,185.564,185.609,185.498,185.565
2026-08-31 22:00:00+00:00,185.565,185.625,185.563,185.579
2026-08-31 23:00:00+00:00,185.579,185.625,185.569,185.598
2026-09-01 00:00:00+00:00,185.598,185.695,185.543,185.655
2026-09-01 01:00:00+00:00,185.655,185.669,185.415,185.474
2026-09-01 02:00:00+00:00,185.474,185.53,185.459,185.511
2026-09-01 03:00:00+00:00,185.511,185.516,185.451,185.463
2026-09-01 04:00:00+00:00,185.463,185.542,185.457,185.54
2026-09-01 05:00:00+00:00,185.54,185.611,185.538,185.591
2026-09-01 06:00:00+00:00,185.591,185.638,185.557,185.619
2026-09-01 07:00:00+00:00,185.619,185.652,185.483,185.507
2026-09-01 08:00:00+00:00,185.507,185.52,185.392,185.409
2026-09-01 09:00:00+00:00,185.409,185.595,185.403,185.553
2026-09-01 10:00:00+00:00,185.553,185.607,185.491,185.578
2026-09-01 11:00:00+00:00,185.578,185.663,185.51,185.616
2026-09-01 12:00:00+00:00,185.616,185.705,185.524,185.61
2026-09-01 13:00:00+00:00,185.61,185.707,185.561,185.633
2026-09-01 14:00:00+00:00,185.633,185.721,185.522,185.626
2026-09-01 15:00:00+00:00,185.626,185.656,185.482,185.511
2026-09-01 16:00:00+00:00,185.511,185.618,185.473,185.563
2026-09-01 17:00:00+00:00,185.563,185.709,185.557,185.683
2026-09-01 18:00:00+00:00,185.683,185.716,185.657,185.679
2026-09-01 19:00:00+00:00,185.679,185.722,185.668,185.7
2026-09-01 20:00:00+00:00,185.7,185.713,185.658,185.674
2026-09-01 21:00:00+00:00,185.674,185.674,185.565,185.647
2026-09-01 22:00:00+00:00,185.647,185.726,185.647,185.714
2026-09-01 23:00:00+00:00,185.714,185.747,185.665,185.68
2026-09-02 00:00:00+00:00,185.68,185.688,185.593,185.664
2026-09-02 01:00:00+00:00,185.664,185.694,185.624,185.689
2026-09-02 02:00:00+00:00,185.689,185.693,185.59,185.609
2026-09-02 03:00:00+00:00,185.609,185.615,185.499,185.519
2026-09-02 04:00:00+00:00,185.519,185.52,185.26,185.34
2026-09-02 05:00:00+00:00,185.34,185.344,185.072,185.076
2026-09-02 06:00:00+00:00,185.076,185.076,184.542,184.611
2026-09-02 07:00:00+00:00,184.611,184.905,184.611,184.89
2026-09-02 08:00:00+00:00,184.89,185.021,184.853,185.0
2026-09-02 09:00:00+00:00,185.0,185.054,184.94,184.977
2026-09-02 10:00:00+00:00,184.977,185.036,184.928,185.032
2026-09-02 11:00:00+00:00,185.032,185.044,184.789,184.81
2026-09-02 12:00:00+00:00,184.81,184.937,184.753,184.781
2026-09-02 13:00:00+00:00,184.781,184.842,183.625,183.999
2026-09-02 14:00:00+00:00,183.999,184.194,183.779,184.036
2026-09-02 15:00:00+00:00,184.036,184.097,183.873,184.072
2026-09-02 16:00:00+00:00,184.072,184.141,184.055,184.059
2026-09-02 17:00:00+00:00,184.059,184.163,184.007,184.085
2026-09-02 18:00:00+00:00,184.085,184.17,184.05,184.137
2026-09-02 19:00:00+00:00,184.137,184.196,183.954,183.974
2026-09-02 20:00:00+00:00,183.974,183.989,183.808,183.902
2026-09-02 21:00:00+00:00,183.902,183.908,183.825,183.857
2026-09-02 22:00:00+00:00,183.857,184.027,183.857,183.963
2026-09-02 23:00:00+00:00,183.963,184.122,183.939,184.082
2026-09-03 00:00:00+00:00,184.082,184.179,183.768,183.935
2026-09-03 01:00:00+00:00,183.935,183.945,183.417,183.644
2026-09-03 02:00:00+00:00,183.644,183.665,183.059,183.174
2026-09-03 03:00:00+00:00,183.174,183.176,182.796,182.96
2026-09-03 04:00:00+00:00,182.96,183.065,182.746,182.837
2026-09-03 05:00:00+00:00,182.837,182.942,182.545,182.556
2026-09-03 06:00:00+00:00,182.556,182.59,182.228,182.336
2026-09-03 07:00:00+00:00,182.336,182.572,181.572,182.238
2026-09-03 08:00:00+00:00,182.238,182.321,181.748,181.904
2026-09-03 09:00:00+00:00,181.904,182.084,181.282,181.525
2026-09-03 10:00:00+00:00,181.525,181.535,181.231,181.39
2026-09-03 11:00:00+00:00,181.39,181.427,180.974,181.261
2026-09-03 12:00:00+00:00,181.261,181.325,180.661,180.847
2026-09-03 13:00:00+00:00,180.847,181.016,180.654,180.659
2026-09-03 14:00:00+00:00,180.659,180.938,180.546,180.568
2026-09-03 15:00:00+00:00,180.568,181.009,180.521,180.603
2026-09-03 16:00:00+00:00,180.603,180.835,180.563,180.786
2026-09-03 17:00:00+00:00,180.786,180.926,180.784,180.852
2026-09-03 18:00:00+00:00,180.852,180.989,180.776,180.911
2026-09-03 19:00:00+00:00,180.911,181.18,180.898,181.113
2026-09-03 20:00:00+00:00,181.113,181.15,181.072,181.121
2026-09-03 21:00:00+00:00,181.121,181.206,181.074,181.172
2026-09-03 22:00:00+00:00,181.172,181.472,181.1,181.452
2026-09-03 23:00:00+00:00,181.452,181.503,180.961,180.977
2026-09-04 00:00:00+00:00,180.977,181.309,180.619,181.123
2026-09-04 01:00:00+00:00,181.123,181.486,181.035,181.26
2026-09-04 02:00:00+00:00,181.26,181.49,181.2,181.463
2026-09-04 03:00:00+00:00,181.463,181.825,181.441,181.739
2026-09-04 04:00:00+00:00,181.739,181.848,181.673,181.748
2026-09-04 05:00:00+00:00,181.748,181.836,181.66,181.785
2026-09-04 06:00:00+00:00,181.785,181.945,181.491,181.701
2026-09-04 07:00:00+00:00,181.701,181.855,181.605,181.664
2026-09-04 08:00:00+00:00,181.664,181.856,181.652,181.833
2026-09-04 09:00:00+00:00,181.833,181.96,181.672,181.782
2026-09-04 10:00:00+00:00,181.782,181.791,181.589,181.662
2026-09-04 11:00:00+00:00,181.662,181.707,181.504,181.587
2026-09-04 12:00:00+00:00,181.587,181.646,180.219,180.62
2026-09-04 13:00:00+00:00,180.62,181.093,180.614,180.936
2026-09-04 14:00:00+00:00,180.936,181.419,180.921,181.338
2026-09-04 15:00:00+00:00,181.338,181.399,181.231,181.364
2026-09-04 16:00:00+00:00,181.364,181.424,181.248,181.279
2026-09-04 17:00:00+00:00,181.279,181.421,181.25,181.322
2026-09-04 18:00:00+00:00,181.322,181.431,181.295,181.388
2026-09-04 19:00:00+00:00,181.388,181.478,181.38,181.46
2026-09-04 20:00:00+00:00,181.46,181.493,181.373,181.378
2026-09-06 21:00:00+00:00,181.118,181.256,181.074,181.207
2026-09-06 22:00:00+00:00,181.207,181.486,181.187,181.419
2026-09-06 23:00:00+00:00,181.419,181.448,181.308,181.4
2026-09-07 00:00:00+00:00,181.4,181.453,181.024,181.113
2026-09-07 01:00:00+00:00,181.113,181.326,181.07,181.211
2026-09-07 02:00:00+00:00,181.211,181.379,181.178,181.325
2026-09-07 03:00:00+00:00,181.325,181.344,181.18,181.197
2026-09-07 04:00:00+00:00,181.197,181.32,181.176,181.191
2026-09-07 05:00:00+00:00,181.191,181.228,180.934,180.954
2026-09-07 06:00:00+00:00,180.954,181.04,180.682,181.037
2026-09-07 07:00:00+00:00,181.037,181.064,180.765,180.801
2026-09-07 08:00:00+00:00,180.801,180.825,179.22,179.501
2026-09-07 09:00:00+00:00,179.501,179.612,179.268,179.534
2026-09-07 10:00:00+00:00,179.534,179.888,179.525,179.771
2026-09-07 11:00:00+00:00,179.771,179.892,179.708,179.841
2026-09-07 12:00:00+00:00,179.841,179.898,179.356,179.592
2026-09-07 13:00:00+00:00,179.592,179.747,179.459,179.681
2026-09-07 14:00:00+00:00,179.681,179.82,179.442,179.453
2026-09-07 15:00:00+00:00,179.453,179.569,179.379,179.522
2026-09-07 16:00:00+00:00,179.522,179.543,179.414,179.418
2026-09-07 17:00:00+00:00,179.418,179.47,179.4,179.449
2026-09-07 18:00:00+00:00,179.449,179.451,179.393,179.394
2026-09-07 19:00:00+00:00,179.394,179.424,179.379,179.399
2026-09-07 20:00:00+00:00,179.399,179.425,179.374,179.382
2026-09-07 21:00:00+00:00,179.382,179.401,179.343,179.379
2026-09-07 22:00:00+00:00,179.379,179.443,179.211,179.217
2026-09-07 23:00:00+00:00,179.217,179.222,178.836,178.863
2026-09-08 00:00:00+00:00,178.863,178.928,178.519,178.804
2026-09-08 01:00:00+00:00,178.804,178.814,178.393,178.405
2026-09-08 02:00:00+00:00,178.405,178.405,177.852,178.253
2026-09-08 03:00:00+00:00,178.253,178.262,178.025,178.234
2026-09-08 04:00:00+00:00,178.234,178.524,178.135,178.403
2026-09-08 05:00:00+00:00,178.403,178.533,178.203,178.329
2026-09-08 06:00:00+00:00,178.329,178.879,178.318,178.703
2026-09-08 07:00:00+00:00,178.703,178.876,178.55,178.604
2026-09-08 08:00:00+00:00,178.604,179.142,178.541,178.997
2026-09-08 09:00:00+00:00,178.997,179.023,178.672,178.758
2026-09-08 10:00:00+00:00,178.758,179.127,178.751,179.118
2026-09-08 11:00:00+00:00,179.118,179.286,179.088,179.153
2026-09-08 12:00:00+00:00,179.153,179.219,178.693,178.712
2026-09-08 13:00:00+00:00,178.712,178.917,178.635,178.76
2026-09-08 14:00:00+00:00,178.76,179.151,178.751,179.123
2026-09-08 15:00:00+00:00,179.123,179.396,179.122,179.327
2026-09-08 16:00:00+00:00,179.327,179.422,179.285,179.316
2026-09-08 17:00:00+00:00,179.316,179.386,179.29,179.3
2026-09-08 18:00:00+00:00,179.3,179.475,178.438,178.612
2026-09-08 19:00:00+00:00,178.612,179.0,178.612,178.979
2026-09-08 20:00:00+00:00,178.979,179.009,178.921,178.97
2026-09-08 21:00:00+00:00,178.97,178.97,178.843,178.862
2026-09-08 22:00:00+00:00,178.862,178.986,178.611,178.72
2026-09-08 23:00:00+00:00,178.72,178.72,178.395,178.426
2026-09-09 00:00:00+00:00,178.426,178.802,178.257,178.638
2026-09-09 01:00:00+00:00,178.638,178.874,178.588,178.6
2026-09-09 02:00:00+00:00,178.6,178.729,178.491,178.543
2026-09-09 03:00:00+00:00,178.543,178.637,178.358,178.458
2026-09-09 04:00:00+00:00,178.458,178.53,178.328,178.516
2026-09-09 05:00:00+00:00,178.516,178.532,178.282,178.356
2026-09-09 06:00:00+00:00,178.356,178.516,178.069,178.464
2026-09-09 07:00:00+00:00,178.464,178.499,178.237,178.265
2026-09-09 08:00:00+00:00,178.265,178.815,178.259,178.732
2026-09-09 09:00:00+00:00,178.732,178.749,178.421,178.593
2026-09-09 10:00:00+00:00,178.593,178.699,178.505,178.59
2026-09-09 11:00:00+00:00,178.59,178.63,178.406,178.445
2026-09-09 12:00:00+00:00,178.445,178.737,178.444,178.577
2026-09-09 13:00:00+00:00,178.577,178.697,178.491,178.543
2026-09-09 14:00:00+00:00,178.543,178.578,178.376,178.456
2026-09-09 15:00:00+00:00,178.456,178.767,178.352,178.52
2026-09-09 16:00:00+00:00,178.52,178.711,178.482,178.7
2026-09-09 17:00:00+00:00,178.7,178.728,178.601,178.607
2026-09-09 18:00:00+00:00,178.607,178.701,178.552,178.626
2026-09-09 19:00:00+00:00,178.626,178.734,178.609,178.699
2026-09-09 20:00:00+00:00,178.699,178.718,178.585,178.586
2026-09-09 21:00:00+00:00,178.586,178.705,178.52,178.636
2026-09-09 22:00:00+00:00,178.636,178.678,178.428,178.458
2026-09-09 23:00:00+00:00,178.458,178.695,178.416,178.621
2026-09-10 00:00:00+00:00,178.621,178.796,178.562,178.775
2026-09-10 01:00:00+00:00,178.775,178.837,178.588,178.589
2026-09-10 02:00:00+00:00,178.589,178.696,178.44,178.572
2026-09-10 03:00:00+00:00,178.572,178.612,178.487,178.516
2026-09-10 04:00:00+00:00,178.516,178.594,178.441,178.592
2026-09-10 05:00:00+00:00,178.592,178.84,178.552,178.798
2026-09-10 06:00:00+00:00,178.798,178.801,178.571,178.582
2026-09-10 07:00:00+00:00,178.582,178.705,178.491,178.55
2026-09-10 08:00:00+00:00,178.55,178.847,178.542,178.79
2026-09-10 09:00:00+00:00,178.79,178.904,178.715,178.826
2026-09-10 10:00:00+00:00,178.826,179.22,178.792,179.152
2026-09-10 11:00:00+00:00,179.152,179.237,179.061,179.084
2026-09-10 12:00:00+00:00,179.084,179.477,179.004,179.114
2026-09-10 13:00:00+00:00,179.114,179.127,178.863,178.865
2026-09-10 14:00:00+00:00,178.865,179.144,178.749,178.966
2026-09-10 15:00:00+00:00,178.966,179.199,178.92,179.143
2026-09-10 16:00:00+00:00,179.143,179.417,179.122,179.262
2026-09-10 17:00:00+00:00,179.262,179.336,179.227,179.235
2026-09-10 18:00:00+00:00,179.235,179.319,179.212,179.223
2026-09-10 19:00:00+00:00,179.223,179.251,179.179,179.192
2026-09-10 20:00:00+00:00,179.192,179.373,179.174,179.294
2026-09-10 21:00:00+00:00,179.294,179.294,179.158,179.21
2026-09-10 22:00:00+00:00,179.21,179.388,179.21,179.234
2026-09-10 23:00:00+00:00,179.234,179.492,179.229,179.349
2026-09-11 00:00:00+00:00,179.349,179.54,179.224,179.455
2026-09-11 01:00:00+00:00,179.455,179.48,179.134,179.237
2026-09-11 02:00:00+00:00,179.237,179.344,179.184,179.202
2026-09-11 03:00:00+00:00,179.202,179.256,179.096,179.126
2026-09-11 04:00:00+00:00,179.126,179.205,179.044,179.111
2026-09-11 05:00:00+00:00,179.111,179.137,178.804,178.86
2026-09-11 06:00:00+00:00,178.86,179.038,178.794,178.992
2026-09-11 07:00:00+00:00,178.992,179.044,178.849,178.984
2026-09-11 08:00:00+00:00,178.984,179.123,178.7,178.742
2026-09-11 09:00:00+00:00,178.742,178.872,178.634,178.7
2026-09-11 10:00:00+00:00,178.7,178.74,178.462,178.487
2026-09-11 11:00:00+00:00,178.487,178.614,178.409,178.541
2026-09-11 12:00:00+00:00,178.541,178.754,178.022,178.058
2026-09-11 13:00:00+00:00,178.058,178.244,177.893,178.162
2026-09-11 14:00:00+00:00,178.162,178.374,178.139,178.252
2026-09-11 15:00:00+00:00,178.252,178.358,178.168,178.353
2026-09-11 16:00:00+00:00,178.353,178.379,178.256,178.304
2026-09-11 17:00:00+00:00,178.304,178.319,178.227,178.268
2026-09-11 18:00:00+00:00,178.268,178.29,178.196,178.254
2026-09-11 19:00:00+00:00,178.254,178.291,178.218,178.222
2026-09-11 20:00:00+00:00,178.222,178.249,177.96,178.022
