datetime,open,high,low,close
2026-03-12 02:00:00+00:00,1.8304835264000012,1.8304835264000012,1.8293171416000011,1.829845297500001
2026-03-12 03:00:00+00:00,1.8299125070000015,1.8304813514000013,1.8294118455000012,1.830143006400001
2026-03-12 04:00:00+00:00,1.8301428585000015,1.8302238795000014,1.8290716380000014,1.8293146644000011
2026-03-12 05:00:00+00:00,1.829436302400001,1.8305093406000008,1.8293955108000013,1.8302086138000013
2026-03-12 06:00:00+00:00,1.8301418800000009,1.8310520016000014,1.8289788431000014,1.8310520016000014
2026-03-12 07:00:00+00:00,1.8312144596000013,1.832556148400001,1.8309720330000008,1.832556148400001
2026-03-12 08:00:00+00:00,1.8326380824000013,1.8327055074000012,1.830089231700001,1.830862018800001
2026-03-12 09:00:00+00:00,1.830496559100001,1.8328545025000011,1.8302383490000012,1.8325834245000012
2026-03-12 10:00:00+00:00,1.8327322512000015,1.8333682283000015,1.8318907144000014,1.8332729622000015
2026-03-12 11:00:00+00:00,1.8332325705000012,1.8352927329000008,1.8328942818000011,1.8340319872000013
2026-03-12 12:00:00+00:00,1.833760788000001,1.8339761894000013,1.831303325100001,1.8325504400000012
2026-03-12 13:00:00+00:00,1.8325781529000011,1.8342307840000014,1.8315301220000013,1.832274430800001
2026-03-12 14:00:00+00:00,1.8322905600000015,1.8326829729000014,1.8298460466000013,1.8311988474000012
2026-03-12 15:00:00+00:00,1.8308428948000013,1.8322942853000015,1.8305015040000012,1.8310156687000012
2026-03-12 16:00:00+00:00,1.8309764410000011,1.832182944000001,1.830898924400001,1.8321611600000014
2026-03-12 17:00:00+00:00,1.8320002776000015,1.8336673667000016,1.8320002776000015,1.8329519626000013
2026-03-12 18:00:00+00:00,1.8331007400000014,1.8331131000000012,1.8306198332000012,1.8306725190000013
2026-03-12 19:00:00+00:00,1.8306856572000012,1.8322958472000013,1.8304144947000014,1.8322958472000013
2026-03-12 20:00:00+00:00,1.831982634300001,1.8334041640000014,1.8317953181000013,1.832666364600001
2026-03-12 21:00:00+00:00,1.8313610490000012,1.8323475092000008,1.8307315475000017,1.8313017473000015
2026-03-12 22:00:00+00:00,1.8321549590000017,1.8334260678000018,1.8321549590000017,1.8327422911000015
2026-03-12 23:00:00+00:00,1.8326884788000015,1.8328249773000018,1.8322142904000016,1.8326503530000018
2026-03-13 00:00:00+00:00,1.8326817006000014,1.8333229200000016,1.8323427189000017,1.8333229200000016
2026-03-13 01:00:00+00:00,1.8334328264000017,1.8336499093000016,1.8330189956000016,1.8330189956000016
2026-03-13 02:00:00+00:00,1.8331008413000016,1.8332712678000016,1.8327478144000016,1.8332712678000016
2026-03-13 03:00:00+00:00,1.8331219392000015,1.8331219392000015,1.8321391264000015,1.8326714076000017
2026-03-13 04:00:00+00:00,1.8326708106000016,1.8328295802000019,1.8313711875000016,1.8315206860000017
2026-03-13 05:00:00+00:00,1.8315213840000015,1.8321603256000014,1.8311934846000013,1.8318449436000017
2026-03-13 06:00:00+00:00,1.8319279678000018,1.8319279678000018,1.8303547824000015,1.8304066264000018
2026-03-13 07:00:00+00:00,1.8293280274000017,1.8295506972000017,1.8265833040000017,1.8265928620000016
2026-03-13 08:00:00+00:00,1.8264232800000015,1.8264901020000017,1.8241546890000016,1.8243801498000016
2026-03-13 09:00:00+00:00,1.8248962110000018,1.8267910848000015,1.8246297015000017,1.8254553354000016
2026-03-13 10:00:00+00:00,1.825499249200002,1.8274795592000017,1.8253243188000015,1.8262536480000016
2026-03-13 11:00:00+00:00,1.8260936742000016,1.8265864582000015,1.8239517381000017,1.8239517381000017
2026-03-13 12:00:00+00:00,1.8238857520000018,1.8317485284000015,1.8230393400000016,1.8310248130000017
2026-03-13 13:00:00+00:00,1.8317713401000018,1.8333865425000015,1.8299471558000016,1.8299598717000016
2026-03-13 14:00:00+00:00,1.8294543234000018,1.8311616194000016,1.8285547611000017,1.8303110862000014
2026-03-13 15:00:00+00:00,1.8300603706000016,1.8319056458000016,1.8298424040000016,1.8311568275000016
2026-03-13 16:00:00+00:00,1.8308551992000015,1.8317141544000017,1.8304704000000018,1.8314951075000014
2026-03-13 17:00:00+00:00,1.8313839780000016,1.8324292855000015,1.8310788704000014,1.8316361184000016
2026-03-13 18:00:00+00:00,1.8315947314000016,1.8318284180000017,1.8295422491000017,1.8299012376000015
2026-03-13 19:00:00+00:00,1.8299571840000017,1.8301895982000016,1.8285268125000016,1.8285268125000016
2026-03-13 20:00:00+00:00,1.8284306708000015,1.8286240544000014,1.8255583030000013,1.8255583030000013
2026-03-15 21:00:00+00:00,1.8227853435000014,1.8231751369000013,1.8211093277000012,1.8229651752000016
2026-03-15 22:00:00+00:00,1.8226987470000016,1.8241301655000013,1.8214589482000016,1.8227158185000014
2026-03-15 23:00:00+00:00,1.8227332724000016,1.8236900608000015,1.8222645666000017,1.8236227020000013
2026-03-16 00:00:00+00:00,1.8235796475000017,1.8253293435000015,1.8235796475000017,1.825171930800002
2026-03-16 01:00:00+00:00,1.8253458498000013,1.8254058316000015,1.8239344013000014,1.8244389632000018
2026-03-16 02:00:00+00:00,1.8243429864000014,1.8247214335000015,1.8236971460000013,1.8245270904000015
2026-03-16 03:00:00+00:00,1.8246231242000015,1.8257512158000018,1.8244967855000014,1.8256075298000012
2026-03-16 04:00:00+00:00,1.8256335948000015,1.8256335948000015,1.8243490200000017,1.8248126940000016
2026-03-16 05:00:00+00:00,1.8248867332000014,1.8251542866000015,1.8246202065000017,1.8247709924000017
2026-03-16 06:00:00+00:00,1.8245962119000017,1.8250374888000016,1.8240761340000018,1.8250374888000016
2026-03-16 07:00:00+00:00,1.824929406800002,1.8250438690000013,1.8216501317000016,1.8225204552000018
2026-03-16 08:00:00+00:00,1.8227697664000018,1.8229760700000017,1.8216426825000014,1.822507027000002
2026-03-16 09:00:00+00:00,1.8221220218000016,1.8232386720000013,1.8218117434000016,1.8220534024000015
2026-03-16 10:00:00+00:00,1.8222684337000017,1.8245721090000013,1.8222195537000012,1.8245047123000016
2026-03-16 11:00:00+00:00,1.8240971640000012,1.8243208587000017,1.8227431766000013,1.8241905240000014
2026-03-16 12:00:00+00:00,1.8242300880000017,1.8267151440000016,1.8234609908000015,1.8252160940000017
2026-03-16 13:00:00+00:00,1.8251985993000015,1.8251985993000015,1.8231957240000016,1.8251709140000014
2026-03-16 14:00:00+00:00,1.8249306218000014,1.8257181942000014,1.8239926700000015,1.8244638059000013
2026-03-16 15:00:00+00:00,1.8246306431000012,1.8280509240000016,1.8244279052000014,1.8274488185000013
2026-03-16 16:00:00+00:00,1.8270425195000017,1.8281763708000014,1.8258120045000017,1.826862460500002
2026-03-16 17:00:00+00:00,1.8273005284000015,1.8279899100000014,1.8268595133000014,1.8268595133000014
2026-03-16 18:00:00+00:00,1.8270392796000012,1.8302942250000014,1.8270392796000012,1.8302942250000014
2026-03-16 19:00:00+00:00,1.8303128760000018,1.8314189056000014,1.829579281200001,1.8302138644000019
2026-03-16 20:00:00+00:00,1.8302834000000017,1.8308196886000012,1.8293017770000013,1.8299568336000014
2026-03-16 21:00:00+00:00,1.8289396510000016,1.8297784940000017,1.8286320240000011,1.8286320240000011
2026-03-16 22:00:00+00:00,1.829011395500001,1.829694470600001,1.829011395500001,1.829215855500001
2026-03-16 23:00:00+00:00,1.829432998800001,1.829432998800001,1.828654326600001,1.8291473746000013
2026-03-17 00:00:00+00:00,1.8289923012000016,1.8292379904000013,1.8277234244000011,1.8277568644000013
2026-03-17 01:00:00+00:00,1.827632001600001,1.827955146400001,1.826870342000001,1.827739313000001
2026-03-17 02:00:00+00:00,1.8277112880000008,1.8284426638000009,1.8277112880000008,1.8282340020000007
2026-03-17 03:00:00+00:00,1.828218848400001,1.8286236975000012,1.827703544200001,1.827795772800001
2026-03-17 04:00:00+00:00,1.8278364610000015,1.828872385600001,1.827697159200001,1.8286892550000013
2026-03-17 05:00:00+00:00,1.8286597672000011,1.828894653900001,1.827085852800001,1.8271262660000012
2026-03-17 06:00:00+00:00,1.8269871462000014,1.8271624511000009,1.8251897650000013,1.8271479657000007
2026-03-17 07:00:00+00:00,1.827106725600001,1.829164906800001,1.8267513975000012,1.828499908400001
2026-03-17 08:00:00+00:00,1.8286126320000011,1.8318447970000011,1.8284319138000011,1.8316807728000006
2026-03-17 09:00:00+00:00,1.8317126340000012,1.833453869100001,1.8317126340000012,1.833453869100001
2026-03-17 10:00:00+00:00,1.833169173000001,1.833466370400001,1.831871428800001,1.832689731600001
2026-03-17 11:00:00+00:00,1.832500201000001,1.834268715100001,1.8321356466000007,1.8324713600000009
2026-03-17 12:00:00+00:00,1.8323620240000011,1.8346693080000012,1.8316660650000012,1.833984490000001
2026-03-17 13:00:00+00:00,1.8345032112000008,1.8361264212000008,1.834094830500001,1.834094830500001
2026-03-17 14:00:00+00:00,1.8336285255000009,1.8359335080000008,1.833138784400001,1.8358043750000015
2026-03-17 15:00:00+00:00,1.8363360807000013,1.8377748675000016,1.8359399604000004,1.8359399604000004
2026-03-17 16:00:00+00:00,1.8355972998000012,1.8362832950000008,1.8352899972000007,1.8356413338000006
2026-03-17 17:00:00+00:00,1.8356811935000015,1.836171683400001,1.8349659580000008,1.8360161170000007
2026-03-17 18:00:00+00:00,1.8363545856000008,1.837301064000001,1.8363328200000013,1.8363328200000013
2026-03-17 19:00:00+00:00,1.8365184844000007,1.837033245600001,1.8357856548000009,1.836112585600001
2026-03-17 20:00:00+00:00,1.835655516800001,1.835995840800001,1.835210427500001,1.8352536768000007
2026-03-17 21:00:00+00:00,1.834249630200001,1.8356025876000006,1.834249630200001,1.835117996400001
2026-03-17 22:00:00+00:00,1.8358508514000007,1.8365176160000007,1.8358508514000007,1.8363384684000013
2026-03-17 23:00:00+00:00,1.8362025420000014,1.8362025420000014,1.8356892870000014,1.8356892870000014
2026-03-18 00:00:00+00:00,1.8359956305000011,1.8363313224000009,1.8351381342000013,1.8352322149000013
2026-03-18 01:00:00+00:00,1.8353019846000014,1.8358435008000011,1.8351560284000012,1.8354645612000016
2026-03-18 02:00:00+00:00,1.8356282070000014,1.8360815800000014,1.8352755270000014,1.8360815800000014
2026-03-18 03:00:00+00:00,1.836068793600002,1.8370894422000013,1.8357572520000014,1.8369946700000017
2026-03-18 04:00:00+00:00,1.8372409920000017,1.8379494861000012,1.8372245596000014,1.8378391440000015
2026-03-18 05:00:00+00:00,1.837866468400001,1.8387981227000014,1.8378006690000008,1.8387981227000014
2026-03-18 06:00:00+00:00,1.8386478528000016,1.8398784640000014,1.8384949296000017,1.8387423720000007
2026-03-18 07:00:00+00:00,1.8385640379000014,1.8394875183000015,1.837387867000001,1.8379408608000014
2026-03-18 08:00:00+00:00,1.8376674228000014,1.8385433200000016,1.8350634024000017,1.835551276500002
2026-03-18 09:00:00+00:00,1.8354529966000008,1.8362445360000015,1.8349705440000008,1.8362310876000014
2026-03-18 10:00:00+00:00,1.8360523425000015,1.8365436396000017,1.8352534375000018,1.8363688728000018
2026-03-18 11:00:00+00:00,1.836491595600001,1.8375018788000015,1.8353054163000015,1.8357732348000013
2026-03-18 12:00:00+00:00,1.835841286500001,1.8360582904000013,1.8319359728000013,1.8322300416000015
2026-03-18 13:00:00+00:00,1.832280964200002,1.8350561232000013,1.8322108266000015,1.8341501353000018
2026-03-18 14:00:00+00:00,1.8344031706000012,1.834634529000002,1.8311051976000017,1.8323131392000014
2026-03-18 15:00:00+00:00,1.8328108440000013,1.8337150570000011,1.8314004721000017,1.8318077451000017
2026-03-18 16:00:00+00:00,1.8319395976000012,1.8337172175000012,1.831823632800001,1.8336639963000017
2026-03-18 17:00:00+00:00,1.8335973488000012,1.8350235743000012,1.8329622300000017,1.8340108160000008
2026-03-18 18:00:00+00:00,1.8348038484000015,1.8353591124000013,1.8300024715000012,1.8300024715000012
2026-03-18 19:00:00+00:00,1.8301714095000015,1.8305216961000015,1.8287179930000013,1.8293754375000018
2026-03-18 20:00:00+00:00,1.8295061736000011,1.8297806072000014,1.8270769861000011,1.827223395200001
2026-03-18 21:00:00+00:00,1.8262726800000009,1.8273272002000016,1.8258752512000012,1.8271503168000018
2026-03-18 22:00:00+00:00,1.8284574017000013,1.8284574017000013,1.8273012900000012,1.8280852020000016
2026-03-18 23:00:00+00:00,1.8281104952000016,1.8285395531000015,1.8280517616000012,1.8282910625000013
2026-03-19 00:00:00+00:00,1.8284217068000006,1.8297230732000016,1.8279161758000013,1.8297230732000016
2026-03-19 01:00:00+00:00,1.8300237585000012,1.8300942968000011,1.8293838210000006,1.8297038208000007
2026-03-19 02:00:00+00:00,1.8294948048000013,1.8310001906000013,1.8294948048000013,1.8304234900000016
2026-03-19 03:00:00+00:00,1.830535434000001,1.8306172325000019,1.8300865531000015,1.8301795086000012
2026-03-19 04:00:00+00:00,1.8300671180000014,1.8300671180000014,1.8286828200000012,1.8290404055000016
2026-03-19 05:00:00+00:00,1.8290016344000013,1.8290016344000013,1.8281428278000018,1.8281428278000018
2026-03-19 06:00:00+00:00,1.8281845816000013,1.8289308626000012,1.8272759400000016,1.827604380000002
2026-03-19 07:00:00+00:00,1.8276751080000013,1.8298219686000015,1.8261612900000013,1.8289970160000013
2026-03-19 08:00:00+00:00,1.8287318539000017,1.8294692372000008,1.8275935356000015,1.8286393560000012
2026-03-19 09:00:00+00:00,1.8290721656000006,1.8323276313000014,1.8290592507000012,1.831580421400001
2026-03-19 10:00:00+00:00,1.8314291200000012,1.832075233500001,1.8306998787000008,1.8308926758000015
2026-03-19 11:00:00+00:00,1.8311900636000016,1.8327665925000014,1.8303591705000015,1.832642359800001
2026-03-19 12:00:00+00:00,1.834219446400001,1.8350346300000013,1.832439032700001,1.8324810000000011
2026-03-19 13:00:00+00:00,1.8325896040000016,1.8390611800000016,1.8314552152000012,1.8383311108000013
2026-03-19 14:00:00+00:00,1.8391051590000014,1.8422314531000008,1.8382115640000014,1.8417690368000013
2026-03-19 15:00:00+00:00,1.8415338916000015,1.8443074320000008,1.8389534202000015,1.840235872800001
2026-03-19 16:00:00+00:00,1.8402783483000016,1.8423449748000014,1.839969509400001,1.8423449748000014
2026-03-19 17:00:00+00:00,1.8424431172000013,1.8473478870000013,1.8424431172000013,1.8469200769000018
2026-03-19 18:00:00+00:00,1.8468248462000012,1.8489474837000013,1.8466851848000012,1.848730464000001
2026-03-19 19:00:00+00:00,1.8493909000000015,1.8534019045000016,1.8493909000000015,1.8520622622000011
2026-03-19 20:00:00+00:00,1.8520085472000012,1.8534082880000013,1.851858579200001,1.852061173200001
2026-03-19 21:00:00+00:00,1.8502291220000013,1.8518089431000015,1.849308489600002,1.8497057649000017
2026-03-19 22:00:00+00:00,1.8512868816000019,1.8536755896000017,1.851037580700002,1.8510912603000023
2026-03-19 23:00:00+00:00,1.8513420288000015,1.851394466100002,1.8502466760000018,1.850898912000002
2026-03-20 00:00:00+00:00,1.8509126112000016,1.851254533500002,1.850766510600002,1.8508715136000016
2026-03-20 01:00:00+00:00,1.8510821564000017,1.8510943968000022,1.8490446993000018,1.849221962800002
2026-03-20 02:00:00+00:00,1.8490718960000019,1.849123375500002,1.847647872200002,1.847647872200002
2026-03-20 03:00:00+00:00,1.8476062400000017,1.847722298400002,1.8472136935000019,1.8472136935000019
2026-03-20 04:00:00+00:00,1.8472410789000018,1.8476905392000018,1.8471464426000022,1.8472930077000016
2026-03-20 05:00:00+00:00,1.8472928032000018,1.8479514770000016,1.8472928032000018,1.847839954800002
2026-03-20 06:00:00+00:00,1.8479925776000017,1.8487636629000017,1.8478821256000022,1.848035151000002
2026-03-20 07:00:00+00:00,1.8480174292000018,1.8499650012000015,1.847851287600002,1.8490794016000018
2026-03-20 08:00:00+00:00,1.8491524707000018,1.850141742400002,1.847144988600002,1.847144988600002
2026-03-20 09:00:00+00:00,1.8468723006000018,1.8471553248000017,1.8427479783000016,1.8427479783000016
2026-03-20 10:00:00+00:00,1.8424285410000016,1.843608905200002,1.8411694308000017,1.8430911989000018
2026-03-20 11:00:00+00:00,1.8426799124000017,1.8446158620000017,1.842506902000002,1.8430551054000017
2026-03-20 12:00:00+00:00,1.843357188000002,1.844238227200002,1.8413793552000017,1.8418697958000019
2026-03-20 13:00:00+00:00,1.8422862381000016,1.8422862381000016,1.8382106460000018,1.8391244319000017
2026-03-20 14:00:00+00:00,1.838947757600002,1.838947757600002,1.8333314182000018,1.8340695952000015
2026-03-20 15:00:00+00:00,1.8351378921000019,1.8383635455000018,1.8334342728000017,1.8334342728000017
2026-03-20 16:00:00+00:00,1.8335161327000018,1.8359299425000017,1.8335161327000018,1.833965010000002
2026-03-20 17:00:00+00:00,1.8341033580000021,1.8364530670000019,1.8333591816000017,1.834938756000002
2026-03-20 18:00:00+00:00,1.8351994536000018,1.8373668738000022,1.8351994536000018,1.835958576400002
2026-03-20 19:00:00+00:00,1.8359790616000018,1.8361529358000022,1.833853996200002,1.8360317640000021
2026-03-20 20:00:00+00:00,1.836145593000002,1.837734086100002,1.8360686124000019,1.8367446926000015
2026-03-22 21:00:00+00:00,1.8366450897000013,1.8372784703000016,1.8336654336000016,1.8336654336000016
2026-03-22 22:00:00+00:00,1.8353514186000017,1.8396796460000018,1.8353514186000017,1.839435003000002
2026-03-22 23:00:00+00:00,1.8393787500000018,1.8401091072000015,1.838101072500002,1.8386802574000016
2026-03-23 00:00:00+00:00,1.8387342764000023,1.839614808000002,1.8373217652000018,1.8381901350000018
2026-03-23 01:00:00+00:00,1.838126636500002,1.8393563765000018,1.8378207170000016,1.838381053200002
2026-03-23 02:00:00+00:00,1.8385045335000016,1.8386093368000016,1.8365479944000018,1.837327878000002
2026-03-23 03:00:00+00:00,1.837367936900002,1.837710105000002,1.8368946174000016,1.8369006880000018
2026-03-23 04:00:00+00:00,1.8370438328000018,1.8381456252000015,1.8370438328000018,1.8381456252000015
2026-03-23 05:00:00+00:00,1.8378864672000013,1.838448427800002,1.8370339911000018,1.8370802660000018
2026-03-23 06:00:00+00:00,1.836983303400002,1.836983303400002,1.8349992850000016,1.8355594784000018
2026-03-23 07:00:00+00:00,1.8362806665000015,1.8376693374000017,1.8347967514000016,1.835371811200002
2026-03-23 08:00:00+00:00,1.836039598000002,1.8406092510000023,1.835645364000002,1.838509952000002
2026-03-23 09:00:00+00:00,1.8388592430000017,1.8389907140000024,1.8346117483000024,1.8352558710000018
2026-03-23 10:00:00+00:00,1.8346274466000017,1.8360851760000019,1.8341203230000023,1.8347247996000018
2026-03-23 11:00:00+00:00,1.834666263600002,1.8502211607000019,1.834666263600002,1.8447600446000019
2026-03-23 12:00:00+00:00,1.8442104702000017,1.8508796040000017,1.8442104702000017,1.849961530800002
2026-03-23 13:00:00+00:00,1.8506779137000018,1.8509391576000018,1.8474029700000019,1.8495903192000018
2026-03-23 14:00:00+00:00,1.8485872604000018,1.853484354900002,1.847541371500002,1.8521037360000014
2026-03-23 15:00:00+00:00,1.8521181152000015,1.854008166900002,1.8465362784000023,1.8467994591000014
2026-03-23 16:00:00+00:00,1.846798553600002,1.851309746900002,1.8459144900000017,1.8497722177000016
2026-03-23 17:00:00+00:00,1.8502939455000016,1.8537789468000017,1.8496011400000023,1.8534618711000017
2026-03-23 18:00:00+00:00,1.8538316466000015,1.8565538400000017,1.852737889900002,1.8561446566000017
2026-03-23 19:00:00+00:00,1.8556249716000022,1.855954468400002,1.853702784600002,1.853702784600002
2026-03-23 20:00:00+00:00,1.8534966816000016,1.854490603000002,1.8529603410000024,1.8529603410000024
2026-03-23 21:00:00+00:00,1.8540989489000017,1.8542788480000016,1.8523134582000018,1.8529172312000015
2026-03-23 22:00:00+00:00,1.8543322578000017,1.8550284685000014,1.8542505534000018,1.8546192315000014
2026-03-23 23:00:00+00:00,1.8547416030000012,1.8547837063000019,1.8541869978000014,1.8546096612000018
2026-03-24 00:00:00+00:00,1.8544463871000019,1.8544522518000017,1.8521963562000014,1.8527692908000017
2026-03-24 01:00:00+00:00,1.8525220890000016,1.8528379500000016,1.8516819671000018,1.8528379500000016
2026-03-24 02:00:00+00:00,1.8527827178000016,1.8547037784000016,1.8525867810000014,1.8541217838000015
2026-03-24 03:00:00+00:00,1.8540939752000019,1.8546317568000015,1.8538158012000017,1.8540759900000015
2026-03-24 04:00:00+00:00,1.8540354342000016,1.8540354342000016,1.8531745454000017,1.8538378200000014
2026-03-24 05:00:00+00:00,1.8538382258000015,1.8544184768000016,1.8532287874000015,1.8543467584000015
2026-03-24 06:00:00+00:00,1.8546187280000015,1.8558228602000018,1.8542672184000015,1.8553995840000013
2026-03-24 07:00:00+00:00,1.8553493412000015,1.8568143240000017,1.8551515920000017,1.8566223599000016
2026-03-24 08:00:00+00:00,1.8565940517000017,1.8565940517000017,1.8519925162000017,1.8520461632000018
2026-03-24 09:00:00+00:00,1.8518943744000014,1.8529371178000016,1.8507469632000015,1.8527723508000016
2026-03-24 10:00:00+00:00,1.8531150540000014,1.8531150540000014,1.8507346468000017,1.8521554230000015
2026-03-24 11:00:00+00:00,1.8523342680000014,1.8545773848000016,1.8515390432000016,1.8528431556000016
2026-03-24 12:00:00+00:00,1.8531711898000016,1.8548160261000015,1.8515499321000015,1.8518888934000017
2026-03-24 13:00:00+00:00,1.8515832762000015,1.8518421275000017,1.8487636002000016,1.8495888020000015
2026-03-24 14:00:00+00:00,1.8499342231000016,1.8546616140000012,1.8494943360000013,1.8534958392000018
2026-03-24 15:00:00+00:00,1.8538226052000017,1.8546122176000013,1.8521179005000015,1.8531886626000016
2026-03-24 16:00:00+00:00,1.8530205438000016,1.8551936436000014,1.8527599537000017,1.8544624322000016
2026-03-24 17:00:00+00:00,1.8544761655000017,1.8546665981000017,1.8520007576000017,1.8545714495000014
2026-03-24 18:00:00+00:00,1.8545733743000015,1.8548798995000018,1.8527533830000016,1.8541797704000016
2026-03-24 19:00:00+00:00,1.854378240000002,1.8544233462000015,1.8528537772000018,1.8532734688000017
2026-03-24 20:00:00+00:00,1.8530565372000016,1.8574819488000014,1.8525608145000017,1.8569816790000018
2026-03-24 21:00:00+00:00,1.8558056286000013,1.8558056286000013,1.8543253729000015,1.8554901174000016
2026-03-24 22:00:00+00:00,1.8565768680000014,1.8574501550000018,1.8563680135000014,1.8573303645000017
2026-03-24 23:00:00+00:00,1.8573581719000014,1.8574130531000013,1.8562387533000013,1.8564317120000013
2026-03-25 00:00:00+00:00,1.8564437764000015,1.8583192776000015,1.8564437764000015,1.8580399596000017
2026-03-25 01:00:00+00:00,1.8574493637000018,1.8586535000000013,1.8574493637000018,1.8575679935000013
2026-03-25 02:00:00+00:00,1.8574431102000015,1.8575127067000017,1.8561840420000018,1.8566508960000014
2026-03-25 03:00:00+00:00,1.8566238528000014,1.8569025728000017,1.8556680393000016,1.8556690928000015
2026-03-25 04:00:00+00:00,1.855545120000002,1.8559151487000016,1.8551539966000015,1.8551951899000017
2026-03-25 05:00:00+00:00,1.8550811060000016,1.8553557660000015,1.8532478718000018,1.8535493340000013
2026-03-25 06:00:00+00:00,1.8536066854000015,1.8551792859000014,1.8535866479000014,1.8545788368000018
2026-03-25 07:00:00+00:00,1.8553377618000015,1.8569720268000016,1.8540556450000019,1.8564079425000015
2026-03-25 08:00:00+00:00,1.8565008752000016,1.8606419277000013,1.8565008752000016,1.8592848384000016
2026-03-25 09:00:00+00:00,1.8592302948000012,1.8595442600000014,1.8577065408000017,1.8586235822000017
2026-03-25 10:00:00+00:00,1.8591487200000016,1.8607662530000018,1.8586946992000015,1.8605351380000017
2026-03-25 11:00:00+00:00,1.8608372440000014,1.8621650034000015,1.8603204404000013,1.8615074022000015
2026-03-25 12:00:00+00:00,1.8617343510000015,1.8622605986000016,1.8572257944000015,1.8572257944000015
2026-03-25 13:00:00+00:00,1.8574640112000016,1.8574640112000016,1.8542682054000015,1.8547556564000016
2026-03-25 14:00:00+00:00,1.8535622063000017,1.8578580981000012,1.8528537547000017,1.8572188730000017
2026-03-25 15:00:00+00:00,1.8574433400000014,1.8581024608000016,1.8554313190000014,1.8559282896000018
2026-03-25 16:00:00+00:00,1.8558721888000014,1.8586180734000015,1.8553876650000016,1.8583093452000015
2026-03-25 17:00:00+00:00,1.8583668330000018,1.8594297168000016,1.8574065749000015,1.8591748539000015
2026-03-25 18:00:00+00:00,1.8589969296000015,1.8592150984000015,1.8565690255000018,1.8568305600000015
2026-03-25 19:00:00+00:00,1.8566194128000018,1.8576886241000015,1.8563823824000016,1.8576000750000017
2026-03-25 20:00:00+00:00,1.8572744118000017,1.8572744118000017,1.8554798482000014,1.8563377264000016
2026-03-25 21:00:00+00:00,1.8554081477000015,1.8561973244000012,1.8550178592000015,1.8551268260000018
2026-03-25 22:00:00+00:00,1.8564306662000016,1.856845685100002,1.8561942564000016,1.8564409680000014
2026-03-25 23:00:00+00:00,1.856673340400002,1.8569678940000018,1.8565083720000013,1.8569435614000016
2026-03-26 00:00:00+00:00,1.8567923463000016,1.857497222200002,1.8567519030000017,1.8574022701000013
2026-03-26 01:00:00+00:00,1.8576419540000018,1.8583208412000014,1.8568212300000015,1.857951118900002
2026-03-26 02:00:00+00:00,1.858070934000002,1.8581275790000014,1.8570909738000014,1.8571101664000018
2026-03-26 03:00:00+00:00,1.857081643100002,1.8580283706000014,1.8567314257000018,1.8578923506000016
2026-03-26 04:00:00+00:00,1.8578905776000012,1.8581142738000016,1.8578067134000016,1.8580286656000018
2026-03-26 05:00:00+00:00,1.8579864415000016,1.8582042576000017,1.8571388954000019,1.8572831080000014
2026-03-26 06:00:00+00:00,1.8574760868000015,1.8577885780000014,1.8568754967000018,1.8576220884000016
2026-03-26 07:00:00+00:00,1.857824342400002,1.8578574319000012,1.8568344344000016,1.8571862143000015
2026-03-26 08:00:00+00:00,1.8568093848000016,1.8578420508000018,1.8556917195000018,1.8578282602000018
2026-03-26 09:00:00+00:00,1.8578109485000016,1.8585190442000017,1.8565003400000015,1.8575353544000015
2026-03-26 10:00:00+00:00,1.8570992184000015,1.858433373300002,1.857026495500002,1.8578712225000014
2026-03-26 11:00:00+00:00,1.8576995472000017,1.8588192602000018,1.8561367504000017,1.8561367504000017
2026-03-26 12:00:00+00:00,1.8560771904000017,1.857108036800002,1.8542542176000014,1.8552367899000017
2026-03-26 13:00:00+00:00,1.855391956200002,1.8581470245000014,1.855391956200002,1.8576613181000017
2026-03-26 14:00:00+00:00,1.8576484680000014,1.8609800475000016,1.8568103515000016,1.859634030600002
2026-03-26 15:00:00+00:00,1.8596487700000017,1.8605803771000016,1.8591238452000016,1.860152100300002
2026-03-26 16:00:00+00:00,1.860192509400002,1.8604915780000018,1.8572250697000017,1.8572250697000017
2026-03-26 17:00:00+00:00,1.857442796000002,1.8591042844000019,1.8562028760000013,1.8562028760000013
2026-03-26 18:00:00+00:00,1.8561924384000017,1.856954707400002,1.8558829832000017,1.8564808070000018
2026-03-26 19:00:00+00:00,1.856492820000002,1.8566556232000018,1.8554332208000017,1.8558200003000014
2026-03-26 20:00:00+00:00,1.8556526655000019,1.8596308330000015,1.855446192200002,1.8577878990000014
2026-03-26 21:00:00+00:00,1.8568323306000016,1.858553035200002,1.8568185155000014,1.8570615771000012
2026-03-26 22:00:00+00:00,1.8579321024000013,1.8587382120000013,1.857792747600001,1.8581942760000014
2026-03-26 23:00:00+00:00,1.8581138895000013,1.8582094934000013,1.8577253930000013,1.8581436060000012
2026-03-27 00:00:00+00:00,1.8579410899000013,1.8586523008000013,1.8574416912000014,1.8586523008000013
2026-03-27 01:00:00+00:00,1.858614116800001,1.8589980640000014,1.8582447952000007,1.8584687990000013
2026-03-27 02:00:00+00:00,1.8587075821000014,1.8589996895000016,1.858076325600001,1.8589630521000011
2026-03-27 03:00:00+00:00,1.8592123327000007,1.8592123327000007,1.858306483600001,1.8591745480000013
2026-03-27 04:00:00+00:00,1.859051293000001,1.8593934416000015,1.8587752983000012,1.8590072710000016
2026-03-27 05:00:00+00:00,1.858964797600001,1.8597136044000013,1.8584612728000012,1.8590374803000012
2026-03-27 06:00:00+00:00,1.859107250000001,1.8592706880000012,1.8579021552000015,1.858064313400001
2026-03-27 07:00:00+00:00,1.8578975116000012,1.8579287064000012,1.854767441400001,1.8548536275000014
2026-03-27 08:00:00+00:00,1.8544300950000017,1.8555070800000015,1.8538346642000012,1.854935728100001
2026-03-27 09:00:00+00:00,1.8549682144000015,1.8552240300000014,1.8534221475000014,1.8541421030000014
2026-03-27 10:00:00+00:00,1.8543074462000015,1.8549047594000017,1.8531279286000013,1.853184713800001
2026-03-27 11:00:00+00:00,1.8530304896000014,1.853658082500001,1.8523234895000016,1.8525458994000013
2026-03-27 12:00:00+00:00,1.8522204756000014,1.8532232140000013,1.8511243128000012,1.8528356610000012
2026-03-27 13:00:00+00:00,1.8525616980000013,1.854886471600001,1.8517949745000013,1.8541168185000014
2026-03-27 14:00:00+00:00,1.8542532300000014,1.8568931986000015,1.854107200000001,1.8564849768000014
2026-03-27 15:00:00+00:00,1.8568716257000015,1.859574221700001,1.8555961944000012,1.855770098600001
2026-03-27 16:00:00+00:00,1.855609242000001,1.8564128520000014,1.8527241726000012,1.8536969660000016
2026-03-27 17:00:00+00:00,1.8538550498000013,1.8544935584000013,1.8523530312000016,1.8532667616000014
2026-03-27 18:00:00+00:00,1.8535395375000014,1.8538003680000015,1.8531093175000013,1.8535883678000011
2026-03-27 19:00:00+00:00,1.8536115042000012,1.8537703366000013,1.8529197960000015,1.8532603873000013
2026-03-27 20:00:00+00:00,1.8533441862000013,1.8548377463000014,1.8350147140000006,1.8350147140000006
2026-03-29 21:00:00+00:00,1.8350147140000006,1.8370928712000012,1.8350147140000006,1.8360076140000008
2026-03-29 22:00:00+00:00,1.8376466900000008,1.8376466900000008,1.8358767102000013,1.8361370760000009
2026-03-29 23:00:00+00:00,1.8363103656000006,1.8368355972000012,1.8358230304000007,1.836070886000001
2026-03-30 00:00:00+00:00,1.8360141426000007,1.8375075719000011,1.8357398008000008,1.836317597400001
2026-03-30 01:00:00+00:00,1.836516409600001,1.837223148600001,1.8360837282000007,1.836371718400001
2026-03-30 02:00:00+00:00,1.8362427114000013,1.8382970689000009,1.8360520896000012,1.8379312332000013
2026-03-30 03:00:00+00:00,1.8380909371000012,1.839735144500001,1.8380909371000012,1.839735144500001
2026-03-30 04:00:00+00:00,1.839738685700001,1.8400865661000008,1.8394109656000008,1.8394109656000008
2026-03-30 05:00:00+00:00,1.8395472204000012,1.8401182256000008,1.839397129500001,1.839397129500001
2026-03-30 06:00:00+00:00,1.8395398032000008,1.8414395472000007,1.8388966926000008,1.8389353024000012
2026-03-30 07:00:00+00:00,1.8388112492000006,1.8389315186000008,1.837162845900001,1.8384375652000007
2026-03-30 08:00:00+00:00,1.8382697424000012,1.8385867746000013,1.8373495224000012,1.8381032700000006
2026-03-30 09:00:00+00:00,1.8380861128000012,1.8384253006000009,1.836860604100001,1.8376981794000014
2026-03-30 10:00:00+00:00,1.8377055697000013,1.838342202900001,1.836331371000001,1.836357177000001
2026-03-30 11:00:00+00:00,1.8364617024000012,1.8397698540000005,1.8364617024000012,1.8380121480000011
2026-03-30 12:00:00+00:00,1.8379704504000012,1.8387418375000006,1.8369098258000012,1.838070951200001
2026-03-30 13:00:00+00:00,1.8383793129000008,1.838863606800001,1.831807774500001,1.832654387300001
2026-03-30 14:00:00+00:00,1.832689852500001,1.834200420000001,1.832403665400001,1.833229288100001
2026-03-30 15:00:00+00:00,1.8331910768000013,1.833716160000001,1.8306729360000007,1.8323533956000013
2026-03-30 16:00:00+00:00,1.8323562036000007,1.8326623922000012,1.831496327200001,1.8326623922000012
2026-03-30 17:00:00+00:00,1.8325201020000013,1.833141067200001,1.8315365874000007,1.831770629700001
2026-03-30 18:00:00+00:00,1.8318914220000009,1.832942918300001,1.831711199500001,1.8322292880000008
2026-03-30 19:00:00+00:00,1.8319980379000012,1.8326907735000009,1.8312479412000011,1.8326907735000009
2026-03-30 20:00:00+00:00,1.832586717500001,1.8326847192000009,1.831387360000001,1.8318553935000013
2026-03-30 21:00:00+00:00,1.830017490400001,1.831931265,1.830017490400001,1.8317819837499993
2026-03-30 22:00:00+00:00,1.83295689745,1.8331479114,1.8325084803999998,1.8325084803999998
2026-03-30 23:00:00+00:00,1.8324012299,1.8324012299,1.8312474658499998,1.8317238088499996
2026-03-31 00:00:00+00:00,1.8317348347499998,1.8348782486500002,1.8309003117499998,1.8347559583499995
2026-03-31 01:00:00+00:00,1.8349518000499998,1.8373621130999995,1.834809762999999,1.83607832565
2026-03-31 02:00:00+00:00,1.83613834485,1.8366178468499998,1.8357029295,1.8364131894000004
2026-03-31 03:00:00+00:00,1.83652095805,1.8369079985999994,1.83574724535,1.8358626575499999
2026-03-31 04:00:00+00:00,1.8357764232500005,1.8360126977500004,1.8354595546499999,1.8354595546499999
2026-03-31 05:00:00+00:00,1.8354317544499998,1.8368066641,1.8351272604500002,1.8358222536499997
2026-03-31 06:00:00+00:00,1.8355492008,1.8373391957499998,1.8355492008,1.8369825355000002
2026-03-31 07:00:00+00:00,1.8370700871999992,1.83763957675,1.8357575514,1.8369164712500001
2026-03-31 08:00:00+00:00,1.83688866625,1.8391616088,1.8364931307,1.8387197393999999
2026-03-31 09:00:00+00:00,1.8385868560499998,1.8398534682999996,1.8381584653499998,1.8393834165
2026-03-31 10:00:00+00:00,1.83967349955,1.83971110275,1.83726246755,1.8374683342500004
2026-03-31 11:00:00+00:00,1.83772845285,1.84132294515,1.836785881,1.84132294515
2026-03-31 12:00:00+00:00,1.8418817645500003,1.8434964859499998,1.84053837825,1.8421433971499999
2026-03-31 13:00:00+00:00,1.8423142416000002,1.84443016775,1.8413703593999997,1.8441148931
2026-03-31 14:00:00+00:00,1.8443953765000003,1.8453405186,1.8355320966500002,1.8374400215999995
2026-03-31 15:00:00+00:00,1.837126237,1.84185446585,1.8364417700500002,1.8367694288
2026-03-31 16:00:00+00:00,1.8371754504,1.8405483085500003,1.835734037,1.8385627213499998
2026-03-31 17:00:00+00:00,1.8395348322999996,1.84221014085,1.8395348322999996,1.8409666690000004
2026-03-31 18:00:00+00:00,1.8411189686500002,1.8424959156999998,1.8402139178999999,1.84025763645
2026-03-31 19:00:00+00:00,1.8406012352499996,1.8407773285999998,1.83820791975,1.8385339109999999
2026-03-31 20:00:00+00:00,1.8383081378,1.8390034635,1.8361533756999997,1.8361533756999997
2026-03-31 21:00:00+00:00,1.8357200393500004,1.8372218326000005,1.8355200402500005,1.8360279437500004
2026-03-31 22:00:00+00:00,1.8376678975500005,1.8385876045000005,1.8371475787500005,1.8380873175000005
2026-03-31 23:00:00+00:00,1.8380740757500007,1.8389124546000006,1.8377857806000004,1.8387204835000004
2026-04-01 00:00:00+00:00,1.8387434500000004,1.8394066045000004,1.8382017331000005,1.8384762686000005
2026-04-01 01:00:00+00:00,1.8382402615500002,1.8382402615500002,1.8364436244000004,1.8375469447500006
2026-04-01 02:00:00+00:00,1.8376516112500008,1.8384009358500002,1.8375400351000002,1.8381326518000003
2026-04-01 03:00:00+00:00,1.8379707169500008,1.8384773241000003,1.8375872833500004,1.8383164155500007
2026-04-01 04:00:00+00:00,1.8382766822000005,1.8394078152500004,1.8382495582500002,1.8394078152500004
2026-04-01 05:00:00+00:00,1.8393870502000005,1.8413931681000006,1.8393870502000005,1.8408050104500002
2026-04-01 06:00:00+00:00,1.8412537923000005,1.8442700806500005,1.8410438227500006,1.8436107826500003
2026-04-01 07:00:00+00:00,1.8441518062500002,1.8444164866000001,1.8422885018000008,1.8424248700000005
2026-04-01 08:00:00+00:00,1.8422830797500003,1.8446376321000002,1.8420881815000008,1.8432672295500003
2026-04-01 09:00:00+00:00,1.8437001937500004,1.8440632729999997,1.8421315450999998,1.8436475330000002
2026-04-01 10:00:00+00:00,1.8440948407500006,1.8468929752500003,1.8440948407500006,1.8455454316000004
2026-04-01 11:00:00+00:00,1.8454933378499998,1.8483040797000005,1.8454933378499998,1.8479170394000002
2026-04-01 12:00:00+00:00,1.8480449423000003,1.8487025413500002,1.8452004993000004,1.846260305950001
2026-04-01 13:00:00+00:00,1.8457756065000004,1.8476951920000004,1.8443037558,1.8474931507500003
2026-04-01 14:00:00+00:00,1.8477529140000004,1.8494535226500002,1.8460043042000003,1.8491024505499998
2026-04-01 15:00:00+00:00,1.8490392980500006,1.8490392980500006,1.8471048610000007,1.8471048610000007
2026-04-01 16:00:00+00:00,1.8473654137500004,1.8481255460000003,1.8463833424500002,1.8481255460000003
2026-04-01 17:00:00+00:00,1.8483327130499998,1.8487381067500006,1.8465800742000003,1.8467767035500005
2026-04-01 18:00:00+00:00,1.8466605638500004,1.8467324946000003,1.8448334132000008,1.8454594936500004
2026-04-01 19:00:00+00:00,1.8451556007500003,1.8451556007500003,1.84308314575,1.8440713050000002
2026-04-01 20:00:00+00:00,1.8439813814500003,1.8440385459000006,1.8422663850000003,1.8422663850000003
2026-04-01 21:00:00+00:00,1.8416541595000002,1.8430063260000005,1.8412436965500003,1.8425884592500006
2026-04-01 22:00:00+00:00,1.8433562241500008,1.8439370954000005,1.8432943655500003,1.843463282700001
2026-04-01 23:00:00+00:00,1.8436847771000007,1.8440645330500005,1.8432237101000004,1.8434314074000002
2026-04-02 00:00:00+00:00,1.8433413631500004,1.8444738509000007,1.8429962391500003,1.8440407582500005
2026-04-02 01:00:00+00:00,1.8435654380000006,1.8438044110500005,1.8388427787500001,1.83916417815
2026-04-02 02:00:00+00:00,1.8391689561500004,1.8397668450000004,1.8382547477000002,1.8386696150000006
2026-04-02 03:00:00+00:00,1.8388533595500005,1.8390370939000007,1.8378786352500007,1.8384066662000005
2026-04-02 04:00:00+00:00,1.8385372258500001,1.8391056460000006,1.8382972620500002,1.8386463654000005
2026-04-02 05:00:00+00:00,1.8387630997500006,1.8387630997500006,1.836595094850001,1.836595094850001
2026-04-02 06:00:00+00:00,1.8365772080000005,1.8372605823000001,1.834643386750001,1.8372605823000001
2026-04-02 07:00:00+00:00,1.8372005129500004,1.8372095842500005,1.83436920675,1.83593037765
2026-04-02 08:00:00+00:00,1.8358477522000007,1.8366863152500006,1.8344001808500006,1.8351279985500013
2026-04-02 09:00:00+00:00,1.8352326597000004,1.8354277732500002,1.8340047625000007,1.8348142801999998
2026-04-02 10:00:00+00:00,1.8343878493000003,1.8349021927500002,1.8338808667500002,1.8341107085000008
2026-04-02 11:00:00+00:00,1.8342892837500004,1.835262117250001,1.8337236707500004,1.8348393564000005
2026-04-02 12:00:00+00:00,1.8348203394500004,1.8372107909000008,1.834362643750001,1.8366810560000009
2026-04-02 13:00:00+00:00,1.8364224972,1.8374600985000007,1.8353782722000005,1.8374600985000007
2026-04-02 14:00:00+00:00,1.8376492761000005,1.8416504072000006,1.8362075307000003,1.8413851665000005
2026-04-02 15:00:00+00:00,1.8410247605500003,1.8419592159500007,1.839054897000001,1.8398722616500007
2026-04-02 16:00:00+00:00,1.8399175996500012,1.8403664620000009,1.8384486928500008,1.8384486928500008
2026-04-02 17:00:00+00:00,1.8381868410000006,1.8392583619000005,1.837281213750001,1.837664765750001
2026-04-02 18:00:00+00:00,1.8377367760500005,1.8385630689500008,1.8377367760500005,1.837841602600001
2026-04-02 19:00:00+00:00,1.8381555472500009,1.8386296638000008,1.8377786871000008,1.837892581250001
2026-04-02 20:00:00+00:00,1.8376042185000008,1.8385732968000004,1.8376042185000008,1.8378548370500007
2026-04-02 21:00:00+00:00,1.8380046712500009,1.8380046712500009,1.835874378000001,1.8361816992000013
2026-04-02 22:00:00+00:00,1.837643261300001,1.838405313700001,1.837643261300001,1.8382829241000014
2026-04-02 23:00:00+00:00,1.8382531810500011,1.8387125911000008,1.8379791675000015,1.8385181675000009
2026-04-03 00:00:00+00:00,1.8389267057500012,1.8398146140000011,1.8385901955000012,1.8396780093000011
2026-04-03 01:00:00+00:00,1.839781370700001,1.839873427300001,1.838791774150001,1.839075648250001
2026-04-03 02:00:00+00:00,1.838991630000001,1.839364616700001,1.8384729345500013,1.839112730100001
2026-04-03 03:00:00+00:00,1.839098178050001,1.839471357500001,1.838990972550001,1.839443568300001
2026-04-03 04:00:00+00:00,1.8394038526500012,1.839471357500001,1.838977736400001,1.8390809910000012
2026-04-03 05:00:00+00:00,1.8391332744500009,1.8397002036000012,1.838707784100001,1.8396715338000011
2026-04-03 06:00:00+00:00,1.839653096750001,1.839950012250001,1.839413439350001,1.8395655894000011
2026-04-03 07:00:00+00:00,1.839800440500001,1.8405229428000012,1.8397012611500012,1.840274662750001
2026-04-03 08:00:00+00:00,1.8402304180500009,1.840452675650001,1.8398378367000012,1.840044952350001
2026-04-03 09:00:00+00:00,1.839907341250001,1.8399554242500011,1.8394570556000014,1.839625679150001
2026-04-03 10:00:00+00:00,1.8395820692000011,1.8399273952500013,1.8393190290000012,1.8398927605500008
2026-04-03 11:00:00+00:00,1.8399225012000011,1.8405900397500008,1.8398311000500012,1.8405195537000012
2026-04-03 12:00:00+00:00,1.840697600100001,1.841136826550001,1.8385729011000014,1.839134266800001
2026-04-03 13:00:00+00:00,1.8391210447500008,1.839712996800001,1.8386933005000012,1.8395095754000013
2026-04-03 14:00:00+00:00,1.8395862075000011,1.839595672650001,1.8384588654500011,1.8384588654500011
2026-04-03 15:00:00+00:00,1.838642559150001,1.839151125000001,1.8372478476000007,1.8379052599500014
2026-04-03 16:00:00+00:00,1.8375769907500017,1.8378496107500013,1.8367804920000015,1.837281324000001
2026-04-03 17:00:00+00:00,1.8375378997500014,1.837839762450001,1.8368479251500012,1.8372810870000014
2026-04-03 18:00:00+00:00,1.8372942915500015,1.8374216435000013,1.8364440997500011,1.8367794698500015
2026-04-03 19:00:00+00:00,1.8368279877500018,1.8372061921500014,1.8363181540000013,1.8368244110000012
2026-04-03 20:00:00+00:00,1.8368625775500016,1.8369314419000011,1.8341698638000015,1.835483460900001
2026-04-05 21:00:00+00:00,1.8337780275000004,1.834732089,1.8337780275000004,1.834732089
2026-04-05 22:00:00+00:00,1.8367829945999998,1.8376353579999998,1.836321192,1.8373985564999997
2026-04-05 23:00:00+00:00,1.8375634968000003,1.8378193129999998,1.8368824223999998,1.8369130527000002
2026-04-06 00:00:00+00:00,1.8372232504,1.838363349,1.8371296434000002,1.8382629180000003
2026-04-06 01:00:00+00:00,1.8382614527999999,1.8385319559999997,1.8378338496,1.8381418505999998
2026-04-06 02:00:00+00:00,1.8383853368999998,1.8400547018000002,1.8383699326,1.8396713830000002
2026-04-06 03:00:00+00:00,1.8399052611,1.8399052611,1.8389266038,1.8389266038
2026-04-06 04:00:00+00:00,1.8390812038999997,1.8397323639999998,1.8388420325,1.8395756643999999
2026-04-06 05:00:00+00:00,1.8395756643999999,1.8406156741000002,1.8395346060000002,1.8403426338
2026-04-06 06:00:00+00:00,1.8402833862,1.8409116456,1.8398920488,1.8402309109999997
2026-04-06 07:00:00+00:00,1.8401355709,1.843529079,1.8392351607,1.8428309536
2026-04-06 08:00:00+00:00,1.8432306432,1.8433392880000001,1.8421046175000002,1.8425920843
2026-04-06 09:00:00+00:00,1.8427085955,1.8432085772,1.8417271919999998,1.8419735334
2026-04-06 10:00:00+00:00,1.8420596085999998,1.8431843015,1.8420596085999998,1.8422159084999998
2026-04-06 11:00:00+00:00,1.8421212040000001,1.84246296,1.8402763041999999,1.8405234249
2026-04-06 12:00:00+00:00,1.840848972,1.8414600554,1.8404476803,1.8406735018
2026-04-06 13:00:00+00:00,1.840890645,1.8420127122,1.8404311840000003,1.8415551152
2026-04-06 14:00:00+00:00,1.8423172461,1.8434130138000002,1.8401706848,1.8401773152
2026-04-06 15:00:00+00:00,1.8400819560000001,1.8401752746999998,1.8391767011999998,1.8396292032000001
2026-04-06 16:00:00+00:00,1.8399303669,1.8402660048000001,1.8392923692,1.8399674021999999
2026-04-06 17:00:00+00:00,1.8397759356,1.8397759356,1.8384727707,1.8389450731
2026-04-06 18:00:00+00:00,1.8388351995,1.8407253408000002,1.8387260064,1.8404076276
2026-04-06 19:00:00+00:00,1.840297068,1.840297068,1.8397861118000003,1.839884655
2026-04-06 20:00:00+00:00,1.8398714208,1.8400581459999998,1.838798112,1.838798112
2026-04-06 21:00:00+00:00,1.8394563615000004,1.8394563615000004,1.8381596479999998,1.8386326840000002
2026-04-06 22:00:00+00:00,1.8399495960000003,1.8406777259999998,1.8398469555000005,1.8399454692000001
2026-04-06 23:00:00+00:00,1.83998919,1.840173795,1.8396599847000001,1.8401446420000003
2026-04-07 00:00:00+00:00,1.8401253560000002,1.84107196,1.8400151700000003,1.8406437960000002
2026-04-07 01:00:00+00:00,1.8405576000000001,1.8409209756000007,1.8398368912,1.8400354245000001
2026-04-07 02:00:00+00:00,1.8399519099000003,1.8400243026,1.8392585667999999,1.8395691951000002
2026-04-07 03:00:00+00:00,1.8395712972000002,1.8401174048000002,1.8394217063999998,1.8400603750000002
2026-04-07 04:00:00+00:00,1.8400193232000004,1.8407130064000001,1.8398182012,1.8406943578000003
2026-04-07 05:00:00+00:00,1.8407913812000005,1.8410034626999998,1.8395463030000003,1.8406543026
2026-04-07 06:00:00+00:00,1.8402376240000002,1.8433671301999999,1.8402223428,1.8430371968
2026-04-07 07:00:00+00:00,1.8428323534000004,1.8429191969999998,1.8403746932000002,1.8414547585000003
2026-04-07 08:00:00+00:00,1.8416410908,1.8471367061999997,1.8416410908,1.8467880015000002
2026-04-07 09:00:00+00:00,1.8465294294,1.8474894396000008,1.8453908816,1.8453908816
2026-04-07 10:00:00+00:00,1.8457099038000004,1.8457099038000004,1.8423874493,1.842589278
2026-04-07 11:00:00+00:00,1.8423985146000004,1.8427535640000001,1.8415960667999995,1.8417364278000001
2026-04-07 12:00:00+00:00,1.8418437128,1.8438802656,1.8412458064000001,1.842800037
2026-04-07 13:00:00+00:00,1.8427802085000005,1.8440195731999998,1.8415277936000003,1.8417595674000002
2026-04-07 14:00:00+00:00,1.8417946107000003,1.8424182996000003,1.8408525047999997,1.8415555786000002
2026-04-07 15:00:00+00:00,1.8412437094999998,1.8429425000000004,1.8401442059999997,1.8401442059999997
2026-04-07 16:00:00+00:00,1.8403646151000002,1.8417221823,1.8401951136,1.8410483946
2026-04-07 17:00:00+00:00,1.8411886272000002,1.842724582,1.8403914501,1.8426911184000008
2026-04-07 18:00:00+00:00,1.8431906778,1.8434307238000005,1.842064454,1.842376554
2026-04-07 19:00:00+00:00,1.8423569192000002,1.845551358,1.8422350466,1.8453541120000008
2026-04-07 20:00:00+00:00,1.8450521892000002,1.8463906995000003,1.8438856830000008,1.8438856830000008
2026-04-07 21:00:00+00:00,1.8441956988000001,1.8460052448000006,1.8437026795,1.8456623598000006
2026-04-07 22:00:00+00:00,1.8475823858000002,1.8531984525000003,1.8472139028000008,1.8531984525000003
2026-04-07 23:00:00+00:00,1.8527207580000005,1.8560711784000008,1.8523734684000006,1.8547317880000007
2026-04-08 00:00:00+00:00,1.8546552100000007,1.8548473277000004,1.8525051820000003,1.8538050393000003
2026-04-08 01:00:00+00:00,1.8538796130000004,1.8556125900000005,1.8532342598000004,1.8550412870000006
2026-04-08 02:00:00+00:00,1.8556164600000005,1.8557195148000005,1.8537486550000006,1.8542353545000003
2026-04-08 03:00:00+00:00,1.8542781276000007,1.8543695752000007,1.8534753879000008,1.8539850948000003
2026-04-08 04:00:00+00:00,1.8543464352000008,1.8558461130000004,1.8543464352000008,1.8556805952000008
2026-04-08 05:00:00+00:00,1.8558318807000005,1.8581781386000003,1.8555024735000005,1.8578165508000009
2026-04-08 06:00:00+00:00,1.8587484819000006,1.8602967702000008,1.8577661634000002,1.8588792324000003
2026-04-08 07:00:00+00:00,1.8596242289000007,1.8602251701000005,1.8578675550000003,1.8584669880000004
2026-04-08 08:00:00+00:00,1.8581491030000004,1.861569877500001,1.8580375660000006,1.861569877500001
2026-04-08 09:00:00+00:00,1.8614767006000006,1.8629754120000006,1.8611493390000005,1.8619204674000003
2026-04-08 10:00:00+00:00,1.8621007020000004,1.8643301655000002,1.8618762624000007,1.8637508896000008
2026-04-08 11:00:00+00:00,1.8637173412000003,1.8666106554000004,1.8636555999000006,1.8664874913000007
2026-04-08 12:00:00+00:00,1.8666175476000006,1.8677707948000006,1.8645876662000003,1.8645876662000003
2026-04-08 13:00:00+00:00,1.8649515780000006,1.8659364460000003,1.8628032805000003,1.8632120052000003
2026-04-08 14:00:00+00:00,1.8638387940000005,1.8648143703000006,1.8597746319000006,1.8609281016000003
2026-04-08 15:00:00+00:00,1.8608270860000007,1.8617425950000008,1.8595159317000005,1.8615084048000001
2026-04-08 16:00:00+00:00,1.8611475760000007,1.8612224712000005,1.8576595840000005,1.8578899378000004
2026-04-08 17:00:00+00:00,1.8582329783000002,1.8582574105000005,1.8565543156000006,1.8570610948000006
2026-04-08 18:00:00+00:00,1.8575569388000004,1.8580767270000003,1.8544549200000007,1.8545334390000003
2026-04-08 19:00:00+00:00,1.8543810920000008,1.856212728000001,1.8542876360000007,1.8550933524000008
2026-04-08 20:00:00+00:00,1.8547450629000006,1.8551805272000006,1.8535540153000005,1.8535540153000005
2026-04-08 21:00:00+00:00,1.8524109788000005,1.8548846919000004,1.8516473445000006,1.8545296752000004
2026-04-08 22:00:00+00:00,1.8551265678000008,1.8556520628000004,1.8549918975000008,1.855216015100001
2026-04-08 23:00:00+00:00,1.8552043662000002,1.8554076112000009,1.8550343828000004,1.8551531726000003
2026-04-09 00:00:00+00:00,1.8549629148000006,1.8555931422000005,1.8547407175000006,1.8551718520000005
2026-04-09 01:00:00+00:00,1.8552313094000006,1.8553616640000006,1.8544743360000007,1.8551066792000004
2026-04-09 02:00:00+00:00,1.8550199700000005,1.8562505835000005,1.8550199700000005,1.8553684500000007
2026-04-09 03:00:00+00:00,1.8554506328000007,1.8557892318000004,1.8549311748000004,1.8552581347000006
2026-04-09 04:00:00+00:00,1.8552063087000006,1.8563242287000006,1.8552063087000006,1.8557440286000009
2026-04-09 05:00:00+00:00,1.8558409408000005,1.8558409408000005,1.8548766894000006,1.8548766894000006
2026-04-09 06:00:00+00:00,1.8550660388000006,1.8559722568000006,1.8544235640000006,1.8557655509000004
2026-04-09 07:00:00+00:00,1.8561059544000005,1.8567448500000008,1.8543095025000005,1.8558382748000006
2026-04-09 08:00:00+00:00,1.8555330885000005,1.8570640172000004,1.8548922315000007,1.8564211063000007
2026-04-09 09:00:00+00:00,1.8564910177000005,1.8581038848000007,1.8564910177000005,1.8572502312000003
2026-04-09 10:00:00+00:00,1.8573709050000002,1.8577948286000006,1.8561926400000004,1.8561926400000004
2026-04-09 11:00:00+00:00,1.8557441247000006,1.8581015952000004,1.8557441247000006,1.8580834080000004
2026-04-09 12:00:00+00:00,1.8583248209000007,1.8584725938000006,1.8551595216000005,1.8561926326000004
2026-04-09 13:00:00+00:00,1.8560043268000006,1.8566033472000005,1.8546247201000003,1.8561448989000007
2026-04-09 14:00:00+00:00,1.8554652800000004,1.8563088138000008,1.8537657185000005,1.8545496606000005
2026-04-09 15:00:00+00:00,1.8545508582000005,1.8574136748000007,1.8541220962000007,1.8562111464000004
2026-04-09 16:00:00+00:00,1.8559273360000006,1.8586680924000007,1.8558027618000006,1.8577805246000008
2026-04-09 17:00:00+00:00,1.8579600897000006,1.8592527208000007,1.8578953570000005,1.8582346452000005
2026-04-09 18:00:00+00:00,1.8581787010000004,1.8581787010000004,1.8563453920000006,1.8564324471000004
2026-04-09 19:00:00+00:00,1.8561024055000008,1.8568602150000004,1.8558507995000004,1.8559859409000008
2026-04-09 20:00:00+00:00,1.8559833600000009,1.8568737759000007,1.8550494426000006,1.8550494426000006
2026-04-09 21:00:00+00:00,1.8556702744000004,1.8560363800000006,1.8550976754000004,1.8553167326000006
2026-04-09 22:00:00+00:00,1.8567821200000008,1.8570768125000003,1.8556783426000008,1.8559035018000007
2026-04-09 23:00:00+00:00,1.8560136252000008,1.8572889330000004,1.8560136252000008,1.8569599452000003
2026-04-10 00:00:00+00:00,1.8565937768000005,1.8568156590000007,1.8562309654000004,1.8566218012000006
2026-04-10 01:00:00+00:00,1.8566064400000006,1.8569029005000004,1.8560843904000008,1.8566624046000004
2026-04-10 02:00:00+00:00,1.8565795074000002,1.8567143001000004,1.8562562660000008,1.8564713280000005
2026-04-10 03:00:00+00:00,1.8565404240000007,1.8565930058000006,1.8562536939000003,1.8564724827000005
2026-04-10 04:00:00+00:00,1.8564494481000005,1.8565346415000006,1.8561112528000006,1.8561764628000006
2026-04-10 05:00:00+00:00,1.8562167549000004,1.8563265417000008,1.8556812619000007,1.8561153072000007
2026-04-10 06:00:00+00:00,1.8562033242000007,1.8568594520000008,1.8557523684000006,1.8564284490000005
2026-04-10 07:00:00+00:00,1.8565753377000005,1.8581857898000005,1.8565753377000005,1.8574030534000003
2026-04-10 08:00:00+00:00,1.8573627877000005,1.8585860590000003,1.8570932668000004,1.8577731081000008
2026-04-10 09:00:00+00:00,1.8578516724000007,1.8600497328000007,1.8575998185000004,1.8598292096000006
2026-04-10 10:00:00+00:00,1.8603356046000004,1.8609235392000005,1.8599525360000007,1.8601350240000003
2026-04-10 11:00:00+00:00,1.8599690208000006,1.8606626148000007,1.8592486220000006,1.8592486220000006
2026-04-10 12:00:00+00:00,1.8590875380000005,1.8612331483000004,1.8587653622000004,1.8606711924000008
2026-04-10 13:00:00+00:00,1.8607250640000008,1.8618632345000006,1.8600233600000002,1.8607381474000004
2026-04-10 14:00:00+00:00,1.8603636350000006,1.8626408404000003,1.8596127984000004,1.8625401620000006
2026-04-10 15:00:00+00:00,1.8627379232000008,1.8641279736000005,1.8617340888000005,1.8617340888000005
2026-04-10 16:00:00+00:00,1.8618684075000005,1.8628223328000004,1.8616473864000007,1.8621982208000005
2026-04-10 17:00:00+00:00,1.8622764594000005,1.8627382827000003,1.8618059119000008,1.8619619634000004
2026-04-10 18:00:00+00:00,1.8618921160000006,1.8633082755000006,1.8616787936000003,1.8632021700000005
2026-04-10 19:00:00+00:00,1.8632190800000006,1.8642088626000006,1.8632190800000006,1.8642088626000006
2026-04-10 20:00:00+00:00,1.8641811992000008,1.8649319760000005,1.8619732755000005,1.8626781906000005
2026-04-12 21:00:00+00:00,1.8631201512000002,1.8654453783000005,1.8628598757000001,1.8647139456000001
2026-04-12 22:00:00+00:00,1.8644031624000004,1.8656506224999998,1.8640478972999999,1.8651126060000003
2026-04-12 23:00:00+00:00,1.8651511863999999,1.8656901384000002,1.8642784706000002,1.8656092955999999
2026-04-13 00:00:00+00:00,1.8651994508,1.8656890185000001,1.8648419605000002,1.8653290740000001
2026-04-13 01:00:00+00:00,1.8654255708000003,1.8657573272000005,1.8649870876000003,1.8655064664
2026-04-13 02:00:00+00:00,1.8655330774999996,1.8655390699999996,1.8649384467,1.8654425764000002
2026-04-13 03:00:00+00:00,1.8653872367999997,1.8656192720000004,1.8647731575,1.8653630760000002
2026-04-13 04:00:00+00:00,1.8653599188000005,1.8655875450000001,1.8652140539999997,1.8652835676000006
2026-04-13 05:00:00+00:00,1.8652126556000004,1.8658437885000003,1.8651998716000004,1.8657057888000004
2026-04-13 06:00:00+00:00,1.8658983766000004,1.8660771624000003,1.8647981292000004,1.865576964
2026-04-13 07:00:00+00:00,1.8658990064000003,1.8671692319999997,1.8658950080000005,1.8670055585000005
2026-04-13 08:00:00+00:00,1.8670605240000002,1.8670605240000002,1.8657387105000005,1.8661559855999998
2026-04-13 09:00:00+00:00,1.8664215330000007,1.8671035050000004,1.8661051998000002,1.8665649312000003
2026-04-13 10:00:00+00:00,1.8665934902999997,1.8669738167999999,1.8658143072,1.8669738167999999
2026-04-13 11:00:00+00:00,1.8669623989000002,1.8673030248000002,1.8653618645999996,1.8655065200000003
2026-04-13 12:00:00+00:00,1.8656639672000004,1.8678069967000006,1.865411709,1.8672480177999995
2026-04-13 13:00:00+00:00,1.8668521872000003,1.8692639244999996,1.8666445089000003,1.8682014032000005
2026-04-13 14:00:00+00:00,1.8680157408,1.8680157408,1.8657538572000005,1.8664358168000001
2026-04-13 15:00:00+00:00,1.8660085066000005,1.8665384612999996,1.8651175616,1.8661987728000007
2026-04-13 16:00:00+00:00,1.8662401287000003,1.8677876782000002,1.8658402785000001,1.8664253780000002
2026-04-13 17:00:00+00:00,1.8666594816000002,1.8686287060000006,1.8663760998,1.8683960185000001
2026-04-13 18:00:00+00:00,1.8684926099999997,1.8701152101,1.8682451546,1.8701152101
2026-04-13 19:00:00+00:00,1.8697848813,1.8699326880000002,1.8693476864999996,1.8693769823000004
2026-04-13 20:00:00+00:00,1.8695142404999998,1.870330276,1.8691035363000008,1.8697575328000002
2026-04-13 21:00:00+00:00,1.8687557419999998,1.8690181224999995,1.8678409302999992,1.8678409302999992
2026-04-13 22:00:00+00:00,1.8696028095999995,1.869821593599999,1.8692887493999994,1.869739715999999
2026-04-13 23:00:00+00:00,1.8698217614999997,1.8703332575999991,1.8697113574999993,1.8702510397999996
2026-04-14 00:00:00+00:00,1.8697685663999992,1.8703474964999993,1.8697237583999997,1.8700867705999993
2026-04-14 01:00:00+00:00,1.8699477389999992,1.870059742599999,1.8691065027999993,1.8692695275999989
2026-04-14 02:00:00+00:00,1.8692831129999992,1.8694241299999992,1.8688738299999992,1.869356524799999
2026-04-14 03:00:00+00:00,1.8692051999999992,1.8699527361999995,1.8689852619999991,1.8698991389999988
2026-04-14 04:00:00+00:00,1.8699127352999994,1.8704634688999993,1.8697064387999995,1.8702976679999996
2026-04-14 05:00:00+00:00,1.8704481851999992,1.8706529546999986,1.8696469043999997,1.8704164387999989
2026-04-14 06:00:00+00:00,1.8709573724999995,1.8709711259999997,1.869242342399999,1.8695682655999997
2026-04-14 07:00:00+00:00,1.8695848079999988,1.8708667416999996,1.8695848079999988,1.8702475799999998
2026-04-14 08:00:00+00:00,1.8702484731999998,1.8705507377999997,1.8696163337999991,1.87011851
2026-04-14 09:00:00+00:00,1.8703237036999996,1.8712183385999994,1.8699380807999992,1.870655322499999
2026-04-14 10:00:00+00:00,1.8705182222999992,1.8723506917999988,1.8703535507999993,1.8720894000999992
2026-04-14 11:00:00+00:00,1.8722406377999996,1.8736009083999994,1.8720232885999994,1.8732042939999993
2026-04-14 12:00:00+00:00,1.8734642423999994,1.874880365199999,1.8732940709999992,1.8733766505999991
2026-04-14 13:00:00+00:00,1.8732128417999994,1.8742212995999992,1.871965089599999,1.8737572769999995
2026-04-14 14:00:00+00:00,1.8737718431999992,1.8748664450999992,1.872691189199999,1.8748664450999992
2026-04-14 15:00:00+00:00,1.8747145199999997,1.874955656399999,1.8728004356999988,1.8728004356999988
2026-04-14 16:00:00+00:00,1.8727176187999994,1.8740747843999992,1.8725940541999992,1.8740200257999993
2026-04-14 17:00:00+00:00,1.8739099159999995,1.8749115579999989,1.8737214629999994,1.8747320341999996
2026-04-14 18:00:00+00:00,1.874706291999999,1.8755335319999995,1.8746781789999993,1.8754487414999992
2026-04-14 19:00:00+00:00,1.875570688599999,1.8757080655999994,1.8744940127999994,1.8745751934999992
2026-04-14 20:00:00+00:00,1.8744252203999994,1.8750172814999992,1.874318679199999,1.874318679199999
2026-04-14 21:00:00+00:00,1.8730982367999993,1.873864837099999,1.872931071999999,1.873397900799999
2026-04-14 22:00:00+00:00,1.8746596335999988,1.8747987294999995,1.874099904599999,1.874716399199999
2026-04-14 23:00:00+00:00,1.8748262024999993,1.8761025755999992,1.8746749223999986,1.8756366559999995
2026-04-15 00:00:00+00:00,1.8754586603999994,1.875608434199999,1.8749330140999991,1.8755808749999991
2026-04-15 01:00:00+00:00,1.8754711451999992,1.875855789599999,1.8750847983999994,1.875577427399999
2026-04-15 02:00:00+00:00,1.8757141973999991,1.8758718901999991,1.8752245503999994,1.8752813247999995
2026-04-15 03:00:00+00:00,1.8752670269999991,1.8758615364999998,1.8751969364999996,1.875628256399999
2026-04-15 04:00:00+00:00,1.8755591222999999,1.8759165208999995,1.875504443599999,1.8758622287999995
2026-04-15 05:00:00+00:00,1.8759581531999994,1.8764449791999993,1.874740464299999,1.8750959968999992
2026-04-15 06:00:00+00:00,1.8756602409999996,1.8759084599999998,1.8742979306999992,1.8748854565999988
2026-04-15 07:00:00+00:00,1.8749848760999992,1.8750446679999988,1.8734278431999993,1.8738631018999994
2026-04-15 08:00:00+00:00,1.8736447667999996,1.8744942039999992,1.8734096429999996,1.8741945082999991
2026-04-15 09:00:00+00:00,1.8744834185999992,1.8747723887999996,1.8734983652999988,1.8741055300999991
2026-04-15 10:00:00+00:00,1.8737607519999995,1.8744290144999993,1.8727555263999993,1.8738491410999993
2026-04-15 11:00:00+00:00,1.8738491410999993,1.8754526231999993,1.8737441754999993,1.875425112599999
2026-04-15 12:00:00+00:00,1.875139150499999,1.875139150499999,1.8728941743999992,1.8740214512
2026-04-15 13:00:00+00:00,1.8741047831999993,1.874972417399999,1.872646190799999,1.872742127199999
2026-04-15 14:00:00+00:00,1.8722766782999993,1.8731227283999994,1.8719894855999992,1.8723284571999996
2026-04-15 15:00:00+00:00,1.8721371039999997,1.8725915444999994,1.8709658011999994,1.8712084693999993
2026-04-15 16:00:00+00:00,1.8712094726,1.872153852799999,1.8707737781999993,1.8711165495999997
2026-04-15 17:00:00+00:00,1.8711162399999992,1.8714579911999993,1.8699656159999993,1.8704046879999994
2026-04-15 18:00:00+00:00,1.870404032799999,1.8706526622999997,1.8699136943999999,1.8706526622999997
2026-04-15 19:00:00+00:00,1.8706112309999998,1.8707761889999994,1.8699686783999994,1.8702412023999992
2026-04-15 20:00:00+00:00,1.8703229999999997,1.8707838167999997,1.8694298033999996,1.8697692910999992
2026-04-15 21:00:00+00:00,1.8684291096999992,1.8697160234999992,1.8681985049999996,1.8684445415999993
2026-04-15 22:00:00+00:00,1.8704968265999995,1.8706639749999994,1.8702651338999992,1.8705543911999991
2026-04-15 23:00:00+00:00,1.8706639193999997,1.871130850399999,1.8706639193999997,1.8709392525999993
2026-04-16 00:00:00+00:00,1.8710079103999995,1.8711442595999996,1.8705018639999995,1.8706667249999995
2026-04-16 01:00:00+00:00,1.8705848387999995,1.8707214343999994,1.8697594449999992,1.8699953502999995
2026-04-16 02:00:00+00:00,1.8700920081999999,1.8712037102999992,1.8698734839999986,1.8712037102999992
2026-04-16 03:00:00+00:00,1.8714229798999993,1.871505732799999,1.8698770749999987,1.8699863503999994
2026-04-16 04:00:00+00:00,1.8699042779999995,1.8701090459999996,1.8696162106999994,1.8696433980999998
2026-04-16 05:00:00+00:00,1.8696704111999989,1.8697255043999992,1.8689438327999999,1.8695865765
2026-04-16 06:00:00+00:00,1.870764493499999,1.8709136511999997,1.8691493988999994,1.8693974426999995
2026-04-16 07:00:00+00:00,1.8694117441999987,1.8697265267999992,1.8681613391999996,1.8681614535999993
2026-04-16 08:00:00+00:00,1.8682165204999994,1.8687336947999995,1.8669282251999995,1.8674474103999992
2026-04-16 09:00:00+00:00,1.8674883051999995,1.8677460131999997,1.865789782999999,1.865939839599999
2026-04-16 10:00:00+00:00,1.8657344183999993,1.8673473649999992,1.8657344183999993,1.867251670299999
2026-04-16 11:00:00+00:00,1.8672674539999992,1.8682258415999995,1.8662998199999987,1.8663270751999987
2026-04-16 12:00:00+00:00,1.866504778799999,1.8670750139999992,1.8659015879999994,1.866218253899999
2026-04-16 13:00:00+00:00,1.8660131115999996,1.8665875451999996,1.8638004021999988,1.8646343078999996
2026-04-16 14:00:00+00:00,1.8645233102999994,1.864553759199999,1.8606154280999996,1.8616794566999995
2026-04-16 15:00:00+00:00,1.861638149999999,1.8631453599999992,1.8615273749999992,1.8626297151999995
2026-04-16 16:00:00+00:00,1.8628067015999994,1.8630659427999994,1.8607956331999993,1.861031399999999
2026-04-16 17:00:00+00:00,1.8610863487999993,1.8612622379999997,1.8605369442999995,1.860851731199999
2026-04-16 18:00:00+00:00,1.8611526893999992,1.8615094373999994,1.8606896163999989,1.8611961666999988
2026-04-16 19:00:00+00:00,1.861497487999999,1.861497487999999,1.860119182599999,1.8613312135999995
2026-04-16 20:00:00+00:00,1.8615361561999992,1.8615361561999992,1.859967793599999,1.8606073037999993
2026-04-16 21:00:00+00:00,1.8596111014999994,1.8605681064999993,1.859010851499999,1.8594471139999995
2026-04-16 22:00:00+00:00,1.8605955115999995,1.8614712399999995,1.8604590479999994,1.8607066287999994
2026-04-16 23:00:00+00:00,1.8608018089999994,1.8608973263999993,1.8601312644999992,1.8602948048999994
2026-04-17 00:00:00+00:00,1.8599660196999992,1.8602814515999992,1.8595831952999993,1.8595840352999988
2026-04-17 01:00:00+00:00,1.8595294888999996,1.8596798009999993,1.8590914376999994,1.859118485899999
2026-04-17 02:00:00+00:00,1.8592141169999992,1.8593239999999993,1.8588453470999993,1.8589982137999996
2026-04-17 03:00:00+00:00,1.8589988767999994,1.8593967803999991,1.858601695199999,1.8593147927999993
2026-04-17 04:00:00+00:00,1.8593557865999994,1.8593557865999994,1.858061527999999,1.858061527999999
2026-04-17 05:00:00+00:00,1.8580750229999994,1.8580750229999994,1.8567404135999994,1.8568762123999993
2026-04-17 06:00:00+00:00,1.8564801608999997,1.8565900352999993,1.855211110199999,1.8555765198999994
2026-04-17 07:00:00+00:00,1.855864576799999,1.8577488929999992,1.855864576799999,1.857600199499999
2026-04-17 08:00:00+00:00,1.8573689767999988,1.8573689767999988,1.8559509161999992,1.8571669874999994
2026-04-17 09:00:00+00:00,1.8572760419999992,1.8586530815999993,1.8570987407999993,1.8579295010999992
2026-04-17 10:00:00+00:00,1.8580928582999994,1.8587339147999993,1.8570815599999992,1.8575041583999994
2026-04-17 11:00:00+00:00,1.857600199499999,1.857903286099999,1.8565673199999995,1.8568942223999991
2026-04-17 12:00:00+00:00,1.8570987719999996,1.8633740609999994,1.8568399651999994,1.862717144999999
2026-04-17 13:00:00+00:00,1.861885607999999,1.8640648424999995,1.860741431999999,1.8624327440999993
2026-04-17 14:00:00+00:00,1.8624331136999994,1.8634695631999996,1.861395465299999,1.8615595536999991
2026-04-17 15:00:00+00:00,1.861259706799999,1.8614233219999994,1.8591322435999993,1.8597458573999992
2026-04-17 16:00:00+00:00,1.8597321758999996,1.860455074599999,1.859295764699999,1.8596367581999993
2026-04-17 17:00:00+00:00,1.8593229848999995,1.8601135811999996,1.8591593904999997,1.8597456949999993
2026-04-17 18:00:00+00:00,1.8598819853999993,1.8606592610999992,1.8585841343999994,1.8585841343999994
2026-04-17 19:00:00+00:00,1.858638765499999,1.8587888145999991,1.8573814259999992,1.858236439599999
2026-04-17 20:00:00+00:00,1.8577183445999992,1.8579636899999992,1.8565450057999993,1.8565450057999993
2026-04-19 21:00:00+00:00,1.856762480999999,1.8588347369999996,1.856762480999999,1.8582717660999997
2026-04-19 22:00:00+00:00,1.8584309375999992,1.8611313294999998,1.8584309375999992,1.8606977627999992
2026-04-19 23:00:00+00:00,1.8608617791999995,1.8613677673999993,1.8602821964999996,1.8603672566999994
2026-04-20 00:00:00+00:00,1.859944319999999,1.8610414063999992,1.859944319999999,1.8606356423999995
2026-04-20 01:00:00+00:00,1.860962374999999,1.8617807695999997,1.8605778281999996,1.8617260563999993
2026-04-20 02:00:00+00:00,1.861684953599999,1.8620297149999994,1.8615093123999995,1.8618647443999994
2026-04-20 03:00:00+00:00,1.861823839699999,1.862126451899999,1.8617416051999993,1.8620304299999992
2026-04-20 04:00:00+00:00,1.8618663049999993,1.8619628066999994,1.8612516814999993,1.8619483949999993
2026-04-20 05:00:00+00:00,1.8618935951999998,1.8618937049999993,1.860220888999999,1.8608370408
2026-04-20 06:00:00+00:00,1.8605786289999988,1.862261894099999,1.859551538699999,1.862261894099999
2026-04-20 07:00:00+00:00,1.8618253424999995,1.8628800213999992,1.8608949824999996,1.8614295227999995
2026-04-20 08:00:00+00:00,1.8616750011999996,1.8616750011999996,1.8601310727999991,1.8606913943999994
2026-04-20 09:00:00+00:00,1.8608838247999993,1.863044296199999,1.860663929999999,1.863044296199999
2026-04-20 10:00:00+00:00,1.862483811299999,1.8633581900999991,1.8621833762999993,1.8632074097999993
2026-04-20 11:00:00+00:00,1.8631803445999988,1.8634410654999993,1.8624575099999996,1.8632763603999998
2026-04-20 12:00:00+00:00,1.863030294899999,1.8634391214999992,1.8622907651999991,1.8630706709999993
2026-04-20 13:00:00+00:00,1.8631658634999997,1.8643134350999986,1.8628971742999993,1.863497749899999
2026-04-20 14:00:00+00:00,1.8628558829999997,1.8629102799999997,1.8598821855999992,1.8599504174999995
2026-04-20 15:00:00+00:00,1.8599640569999998,1.8609861314999998,1.8591730999999996,1.8606171869999986
2026-04-20 16:00:00+00:00,1.860630299999999,1.8608349849999994,1.8593486207999992,1.8596893529999992
2026-04-20 17:00:00+00:00,1.8597982493999996,1.8599612387999997,1.8585855210999993,1.8587211775999999
2026-04-20 18:00:00+00:00,1.8589391447999992,1.859103290099999,1.8583247567999994,1.8586673199999995
2026-04-20 19:00:00+00:00,1.8587488511999994,1.8595931792999991,1.8587488511999994,1.859144854799999
2026-04-20 20:00:00+00:00,1.859144991999999,1.8599218644999993,1.858558603999999,1.858667024799999
2026-04-20 21:00:00+00:00,1.8573311231999992,1.859131687499999,1.856500575599999,1.8586540853999989
2026-04-20 22:00:00+00:00,1.8590759147999991,1.859403543899999,1.8588156479999989,1.8588834791999989
2026-04-20 23:00:00+00:00,1.858979360999999,1.8591430119999988,1.858626431999999,1.858681033999999
2026-04-21 00:00:00+00:00,1.858258319999999,1.858258319999999,1.857550134299999,1.8575637183999987
2026-04-21 01:00:00+00:00,1.857591133599999,1.858258524299999,1.857591133599999,1.8576318924999988
2026-04-21 02:00:00+00:00,1.8575911499999989,1.8579180209999988,1.8575370001999991,1.8576187189999986
2026-04-21 03:00:00+00:00,1.8576459897999988,1.8576459897999988,1.8570329687999991,1.857332763199999
2026-04-21 04:00:00+00:00,1.8573872639999987,1.8574690151999989,1.8568558421999988,1.8570193835999986
2026-04-21 05:00:00+00:00,1.8569239784999987,1.8579727245999988,1.856869288799999,1.857428189999999
2026-04-21 06:00:00+00:00,1.857755282999999,1.8589272475999987,1.8570874103999988,1.857537099199999
2026-04-21 07:00:00+00:00,1.857523376499999,1.858055128799999,1.8568556571999992,1.857005461999999
2026-04-21 08:00:00+00:00,1.856923733599999,1.8572364977999989,1.8550124336999987,1.8567597424999989
2026-04-21 09:00:00+00:00,1.856664296799999,1.8574139479999991,1.856036663999999,1.857018291399999
2026-04-21 10:00:00+00:00,1.856609129999999,1.858027600799999,1.856609129999999,1.858027600799999
2026-04-21 11:00:00+00:00,1.8579186467999989,1.858995844899999,1.8573732679999988,1.858477827499999
2026-04-21 12:00:00+00:00,1.8586414159999987,1.859077702299999,1.8573601223999987,1.8573601223999987
2026-04-21 13:00:00+00:00,1.8577417384999986,1.8580415810999988,1.8570590531999989,1.8571271111999987
2026-04-21 14:00:00+00:00,1.856881889999999,1.8584750051999988,1.856077625999999,1.8563789711999987
2026-04-21 15:00:00+00:00,1.8562426511999988,1.856828108799999,1.855534249999999,1.8557658959999987
2026-04-21 16:00:00+00:00,1.8558339656999987,1.856459922299999,1.8557250335999986,1.8561595196999991
2026-04-21 17:00:00+00:00,1.856268389599999,1.8585047792999991,1.8552666369999988,1.857291124999999
2026-04-21 18:00:00+00:00,1.8573596324999988,1.8573596324999988,1.8555561204999989,1.856991278199999
2026-04-21 19:00:00+00:00,1.8570457681999988,1.8578779190999988,1.855117992499999,1.855717933599999
2026-04-21 20:00:00+00:00,1.855567293799999,1.857836518599999,1.854900018399999,1.857836257599999
2026-04-21 21:00:00+00:00,1.856090438999999,1.8570449771999993,1.8558591583999993,1.856322862499999
2026-04-21 22:00:00+00:00,1.8576861804999982,1.8580269889999987,1.8573588228999984,1.8576724355999987
2026-04-21 23:00:00+00:00,1.8578224178999991,1.8580822679999984,1.8576457157999986,1.8580413498999984
2026-04-22 00:00:00+00:00,1.8582868736999985,1.8592413119999982,1.8578915529999986,1.8578915529999986
2026-04-22 01:00:00+00:00,1.8584778050999986,1.8588594443999984,1.857713774799999,1.8584367137999986
2026-04-22 02:00:00+00:00,1.8585458271999986,1.8585868323999983,1.8577820599999986,1.8578366535999986
2026-04-22 03:00:00+00:00,1.8577411924999985,1.8584640389999985,1.8577000315999985,1.8579866102999985
2026-04-22 04:00:00+00:00,1.8581638353999985,1.8583003629999986,1.8575642363999982,1.8575779247999984
2026-04-22 05:00:00+00:00,1.8576052991999983,1.8597308927999987,1.8576052991999983,1.8590091337999988
2026-04-22 06:00:00+00:00,1.8592273991999986,1.8600186263999987,1.858545982199999,1.8586959530999987
2026-04-22 07:00:00+00:00,1.8589549391999984,1.8597318027999983,1.8580824791999984,1.8595954199999987
2026-04-22 08:00:00+00:00,1.8596497104999987,1.8597450383999987,1.8586270751999987,1.8591447929999985
2026-04-22 09:00:00+00:00,1.8594309324999991,1.8601809821999986,1.8588594923999986,1.8588867319999984
2026-04-22 10:00:00+00:00,1.8589276655999982,1.8593774576999986,1.8585187225999986,1.8590912191999984
2026-04-22 11:00:00+00:00,1.8586686404999986,1.8589821749999986,1.8574278995999987,1.8579450169999985
2026-04-22 12:00:00+00:00,1.8581633403999986,1.858408466199999,1.8567719379999985,1.8573162269999985
2026-04-22 13:00:00+00:00,1.8571796255999986,1.8596909487999989,1.8570308327999983,1.858259589899999
2026-04-22 14:00:00+00:00,1.8580823391999988,1.8586959555999982,1.857712603499998,1.857712603499998
2026-04-22 15:00:00+00:00,1.8576442149999985,1.8584223759999985,1.8574121087999986,1.8576863927999985
2026-04-22 16:00:00+00:00,1.8576729431999988,1.8576729431999988,1.8568406114999985,1.8573460247999987
2026-04-22 17:00:00+00:00,1.8573596324999986,1.8589409804999986,1.8573596324999986,1.8589409804999986
2026-04-22 18:00:00+00:00,1.8589409679999982,1.8593225972999983,1.8585312558999987,1.8585312558999987
2026-04-22 19:00:00+00:00,1.8583946404999983,1.8592527617999985,1.8582726635999982,1.8592118999999985
2026-04-22 20:00:00+00:00,1.859388905999999,1.859388905999999,1.8584753311999982,1.8584753311999982
2026-04-22 21:00:00+00:00,1.8566082743999985,1.8587204668999986,1.8566082743999985,1.8572903293999983
2026-04-22 22:00:00+00:00,1.8585718763999985,1.8586533525999984,1.8582036971999987,1.8582442173999991
2026-04-22 23:00:00+00:00,1.8583395996999992,1.858407430199999,1.8580121576999988,1.8580257737999986
2026-04-23 00:00:00+00:00,1.8580388874999991,1.8587225663999993,1.8565075786999996,1.8587089569999995
2026-04-23 01:00:00+00:00,1.8587362079999996,1.8588451603999991,1.8576445497999992,1.8576582191999989
2026-04-23 02:00:00+00:00,1.8576719399999988,1.8577531049999993,1.8566873459999986,1.8566873459999986
2026-04-23 03:00:00+00:00,1.8566188739999991,1.8569473298999992,1.8563734775999996,1.8568906319999992
2026-04-23 04:00:00+00:00,1.8568089708999989,1.8570561459999992,1.8565375740999992,1.856960856799999
2026-04-23 05:00:00+00:00,1.8568381139999994,1.8573829274999996,1.856701559999999,1.8570708899999988
2026-04-23 06:00:00+00:00,1.8565254729999991,1.8575752607999994,1.8564711535999987,1.857002226299999
2026-04-23 07:00:00+00:00,1.8568383551999994,1.8573166611999994,1.8559117019999993,1.8562529369999992
2026-04-23 08:00:00+00:00,1.8563216108999994,1.8579317535999993,1.855245154999999,1.8579317535999993
2026-04-23 09:00:00+00:00,1.8576046335999996,1.858926553399999,1.8567984547999992,1.8577808743999988
2026-04-23 10:00:00+00:00,1.8579991671999994,1.8585698159999988,1.8571077419999993,1.8571077419999993
2026-04-23 11:00:00+00:00,1.8571625683999993,1.8589955424999995,1.8569174311999987,1.8585721439999996
2026-04-23 12:00:00+00:00,1.8584905859999992,1.860003804299999,1.8573949319999992,1.857775947799999
2026-04-23 13:00:00+00:00,1.8578443799999993,1.8599589023999996,1.8574315259999994,1.859631917199999
2026-04-23 14:00:00+00:00,1.8591669301999996,1.8613272957999993,1.858843750399999,1.860467081699999
2026-04-23 15:00:00+00:00,1.860412311299999,1.860860930999999,1.858854407099999,1.8589762409999995
2026-04-23 16:00:00+00:00,1.8588939851999993,1.8601729601999988,1.858674397999999,1.8601729601999988
2026-04-23 17:00:00+00:00,1.8602824953999992,1.8602824953999992,1.8568624427999998,1.8585038645999992
2026-04-23 18:00:00+00:00,1.8584623826999995,1.8588327853999995,1.8577262164999992,1.8578890615999997
2026-04-23 19:00:00+00:00,1.8577400427999993,1.8579162419999995,1.8567940460999992,1.857041645199999
2026-04-23 20:00:00+00:00,1.8572453201999997,1.8576112655999988,1.8567001459999986,1.8576112655999988
2026-04-23 21:00:00+00:00,1.858070933999999,1.8581383319999987,1.855501851599998,1.8561683647999987
2026-04-23 22:00:00+00:00,1.8570820493999978,1.8576789949999983,1.8569319299999982,1.8575043959999977
2026-04-23 23:00:00+00:00,1.857463552799998,1.8576944099999984,1.8572861607999982,1.8574616669999986
2026-04-24 00:00:00+00:00,1.8574901919999982,1.8579144159999985,1.8574336675999985,1.8576675072999982
2026-04-24 01:00:00+00:00,1.857817658399998,1.8582966838999988,1.857421191899998,1.8582966838999988
2026-04-24 02:00:00+00:00,1.8582686576999978,1.8582686576999978,1.857445337699998,1.857931946499998
2026-04-24 03:00:00+00:00,1.8579053151999978,1.8582850799999981,1.8577884739999981,1.8582436961999982
2026-04-24 04:00:00+00:00,1.858297346399998,1.8586549169999984,1.8579292439999981,1.8585454313999983
2026-04-24 05:00:00+00:00,1.8586137547999984,1.8586990160999985,1.8582494809999985,1.8583039109999986
2026-04-24 06:00:00+00:00,1.8583177871999976,1.8593398949999984,1.8583177871999976,1.8587370311999982
2026-04-24 07:00:00+00:00,1.8587502992999987,1.8591887599999983,1.8583960491999982,1.858761916499998
2026-04-24 08:00:00+00:00,1.8588289103999982,1.8588488670999983,1.8571964107999985,1.857660953199998
2026-04-24 09:00:00+00:00,1.857783728499998,1.8587665343999977,1.857184334099998,1.8584265937999982
2026-04-24 10:00:00+00:00,1.8581388946999982,1.8591114593999984,1.858070635199998,1.8587856545999981
2026-04-24 11:00:00+00:00,1.8587042759999983,1.8611326195999982,1.858362367499998,1.858936655999998
2026-04-24 12:00:00+00:00,1.8591553584999982,1.8600145703999977,1.858307889599998,1.8600013442999985
2026-04-24 13:00:00+00:00,1.8600145703999977,1.8613604774999983,1.8593714380999982,1.860802684199998
2026-04-24 14:00:00+00:00,1.8609246655999976,1.8627036135999981,1.8596452631999985,1.8604640111999984
2026-04-24 15:00:00+00:00,1.8605051243999982,1.861586782399998,1.859208252799998,1.8611635079999977
2026-04-24 16:00:00+00:00,1.861422843499998,1.8618052214999985,1.8607673215999987,1.8616552613999982
2026-04-24 17:00:00+00:00,1.8615733253999982,1.8615733253999982,1.8607549037999986,1.8608504804999981
2026-04-24 18:00:00+00:00,1.8609322139999982,1.8616555499999978,1.8609322139999982,1.8616555499999978
2026-04-24 19:00:00+00:00,1.8618056414999982,1.8621192883999982,1.8613826299999983,1.862105683199998
2026-04-24 20:00:00+00:00,1.8623376203999982,1.8630610271999977,1.8606051179999985,1.8606051179999985
2026-04-26 21:00:00+00:00,1.8605096309999984,1.8605096309999984,1.858627481199998,1.8594183097999983
2026-04-26 22:00:00+00:00,1.8621319935999985,1.8626093963999981,1.8615868415999983,1.861750334699998
2026-04-26 23:00:00+00:00,1.8618322711999977,1.8621456503999978,1.8615867670999977,1.861668647299998
2026-04-27 00:00:00+00:00,1.861668485299998,1.861709320799998,1.861257668399998,1.8616394082999979
2026-04-27 01:00:00+00:00,1.8619245353999982,1.862658074999998,1.8619245353999982,1.862399433599998
2026-04-27 02:00:00+00:00,1.862344742399998,1.8632990047999978,1.8620457152999979,1.8631083486999978
2026-04-27 03:00:00+00:00,1.863189915999998,1.864114986499998,1.863176238199998,1.863843589299998
2026-04-27 04:00:00+00:00,1.863843892799998,1.8640620935999979,1.863408208799998,1.863489944399998
2026-04-27 05:00:00+00:00,1.8634493565999977,1.8635036803999976,1.8624683475999977,1.8624683475999977
2026-04-27 06:00:00+00:00,1.8623462123999976,1.8625474779999978,1.8611869743999978,1.861769440799998
2026-04-27 07:00:00+00:00,1.8616461249999978,1.862337738299998,1.860216733799998,1.860244369199998
2026-04-27 08:00:00+00:00,1.860147951899998,1.8602855084999979,1.858013837099998,1.858866063999998
2026-04-27 09:00:00+00:00,1.8587015129999978,1.8589344110999981,1.8572548315999982,1.8572548315999982
2026-04-27 10:00:00+00:00,1.857459321899998,1.858938111999998,1.8571572711999977,1.8585435935999979
2026-04-27 11:00:00+00:00,1.8586397465999978,1.859077334399998,1.857876357399998,1.8584640047999978
2026-04-27 12:00:00+00:00,1.858558726799998,1.8593316483999975,1.8562028111999977,1.8562028111999977
2026-04-27 13:00:00+00:00,1.8550380624999978,1.857550017999998,1.8550380624999978,1.856590847999998
2026-04-27 14:00:00+00:00,1.8564838915999982,1.858797245699998,1.8564806771999978,1.858714128699998
2026-04-27 15:00:00+00:00,1.8587558093999978,1.859031185399998,1.857901871999998,1.858403694799998
2026-04-27 16:00:00+00:00,1.858430844399998,1.8588246318999981,1.8574262009999976,1.8574684258999978
2026-04-27 17:00:00+00:00,1.8574963151999981,1.857854324699998,1.8564952706999982,1.8572681173999979
2026-04-27 18:00:00+00:00,1.857295373999998,1.8573930143999977,1.856205363599998,1.857328303799998
2026-04-27 19:00:00+00:00,1.8573554753999977,1.858515548399998,1.8570820493999978,1.8581900534999978
2026-04-27 20:00:00+00:00,1.8583542522999978,1.8585583959999976,1.8570942966999981,1.8572321735999977
2026-04-27 21:00:00+00:00,1.855855596999998,1.8567945015999983,1.8555818957999979,1.8561270889999981
2026-04-27 22:00:00+00:00,1.8574223579999982,1.8575168215999982,1.8571471442999983,1.8572429619999982
2026-04-27 23:00:00+00:00,1.8573116134999987,1.8573660351999983,1.857079427799998,1.8572824727999981
2026-04-28 00:00:00+00:00,1.857241732199998,1.8573772425999984,1.8563933009999984,1.8569866139999982
2026-04-28 01:00:00+00:00,1.8568388039999983,1.857535244799998,1.856540643799998,1.857212279999998
2026-04-28 02:00:00+00:00,1.8571306484999983,1.857703457999998,1.8570900677999984,1.8574453151999986
2026-04-28 03:00:00+00:00,1.8574043327999983,1.8585839987999981,1.8574043327999983,1.8578347007999985
2026-04-28 04:00:00+00:00,1.8578493179999984,1.8582445802999983,1.8577000403999988,1.8577950291999985
2026-04-28 05:00:00+00:00,1.8577544075999988,1.8579443799999982,1.8566817257999984,1.8566832957999984
2026-04-28 06:00:00+00:00,1.856344621499998,1.8567928403999985,1.855652349599998,1.8562119327999982
2026-04-28 07:00:00+00:00,1.8553393671999983,1.8561821059999983,1.8549934369999983,1.8557185599999984
2026-04-28 08:00:00+00:00,1.8556651904999981,1.8566574887999985,1.855311613899998,1.8563207372999984
2026-04-28 09:00:00+00:00,1.8562399979999982,1.8562399979999982,1.8551116583999983,1.8553021083999983
2026-04-28 10:00:00+00:00,1.8554382699999983,1.8566650149999981,1.8549341199999982,1.8559021585999984
2026-04-28 11:00:00+00:00,1.8559293593999981,1.8565833551999986,1.854320346999998,1.8548382049999983
2026-04-28 12:00:00+00:00,1.8548786314999985,1.8585868538999983,1.8546473379999986,1.8583414940999983
2026-04-28 13:00:00+00:00,1.8578916587999983,1.8586413262999988,1.8569099535999982,1.8575233976999983
2026-04-28 14:00:00+00:00,1.8571010567999984,1.8611094965999986,1.8569376357999983,1.8611094965999986
2026-04-28 15:00:00+00:00,1.8610142599999986,1.8614507375999985,1.8602774182999986,1.8605359301999984
2026-04-28 16:00:00+00:00,1.8605225575999984,1.8626785499999983,1.8603044672999982,1.8622282275999986
2026-04-28 17:00:00+00:00,1.8623099459999983,1.862445810199998,1.8615053599999984,1.8621184427999984
2026-04-28 18:00:00+00:00,1.8621455849999984,1.8633472819999983,1.8618867656999982,1.8630471381999982
2026-04-28 19:00:00+00:00,1.8628694768999983,1.8632111147999983,1.8623102865999985,1.8630608554999983
2026-04-28 20:00:00+00:00,1.863060781099998,1.8637296809999984,1.8627604799999984,1.8627604799999984
2026-04-28 21:00:00+00:00,1.8597581672999985,1.8612858116999988,1.8597581672999985,1.8603314586999986
2026-04-28 22:00:00+00:00,1.8626504444999983,1.8632785802999983,1.8626504444999983,1.8631011217999986
2026-04-28 23:00:00+00:00,1.8630874620999984,1.8633740817999986,1.8630874620999984,1.863319146999999
2026-04-29 00:00:00+00:00,1.8634142279999981,1.8635781479999989,1.8631137279999987,1.8635238720999987
2026-04-29 01:00:00+00:00,1.8633742023999982,1.8634831379999983,1.8627740369999986,1.8627740659999985
2026-04-29 02:00:00+00:00,1.8628829823999984,1.863059971499999,1.8622282671999986,1.8622831357999987
2026-04-29 03:00:00+00:00,1.8624741093999988,1.8628426259999986,1.8621328790999985,1.8625015445999986
2026-04-29 04:00:00+00:00,1.8624060323999985,1.8628972379999988,1.8624060323999985,1.8626243039999988
2026-04-29 05:00:00+00:00,1.8626380091999983,1.8628017809999982,1.8618465399999986,1.861928420399999
2026-04-29 06:00:00+00:00,1.8620239854999983,1.8621468047999983,1.8608636819999984,1.8613143050999987
2026-04-29 07:00:00+00:00,1.8611916293999988,1.8615736977999986,1.8603323039999986,1.8607414551999992
2026-04-29 08:00:00+00:00,1.8603321714999985,1.860877937099999,1.859295868699998,1.8606187019999987
2026-04-29 09:00:00+00:00,1.8606187113999983,1.8622013305999987,1.8604004905999985,1.862160299999999
2026-04-29 10:00:00+00:00,1.861832766499999,1.862638080599999,1.8618192995999983,1.8621329918999985
2026-04-29 11:00:00+00:00,1.8616827501999984,1.8620921351999984,1.8606323124999988,1.8607005299999986
2026-04-29 12:00:00+00:00,1.8607822949999986,1.8611908307999985,1.8594867284999992,1.8597049279999986
2026-04-29 13:00:00+00:00,1.8599503243999984,1.8615269762999986,1.8594420461999983,1.8595645955999982
2026-04-29 14:00:00+00:00,1.859644893599999,1.8610403403999987,1.8585868778999988,1.8599367513999991
2026-04-29 15:00:00+00:00,1.8597867514999984,1.8597867514999984,1.8576190387999987,1.8576190387999987
2026-04-29 16:00:00+00:00,1.8579870463999983,1.8582460499999987,1.8566918747999983,1.8568962782999985
2026-04-29 17:00:00+00:00,1.8566101475999988,1.8582050411999982,1.8564052095999986,1.8571147019999987
2026-04-29 18:00:00+00:00,1.8577820293999985,1.8581230247999987,1.8558548383999984,1.857152827599998
2026-04-29 19:00:00+00:00,1.8571809255999985,1.8578218819999985,1.8565526123999987,1.8571948679999983
2026-04-29 20:00:00+00:00,1.8569498015999986,1.8575353231999991,1.8564593342999987,1.8571537265999987
2026-04-29 21:00:00+00:00,1.8563626029999987,1.8575904801999987,1.8556547155999985,1.8566360189999989
2026-04-29 22:00:00+00:00,1.857167715499999,1.857972543599999,1.8569628863999992,1.857972543599999
2026-04-29 23:00:00+00:00,1.8577546893999988,1.858273078999999,1.857617959999999,1.8577826279999985
2026-04-30 00:00:00+00:00,1.8580279189999986,1.8583004357999986,1.8575917901999988,1.8577279379999991
2026-04-30 01:00:00+00:00,1.8577142867999987,1.8579051503999988,1.857291249599999,1.8574960618999987
2026-04-30 02:00:00+00:00,1.857550450299999,1.8578096831999986,1.8566218227999989,1.8571134719999984
2026-04-30 03:00:00+00:00,1.8571274551999981,1.8571956039999988,1.8567732311999985,1.8569775440999987
2026-04-30 04:00:00+00:00,1.8569500130999985,1.8570178755999986,1.8556114184999986,1.8559249745999988
2026-04-30 05:00:00+00:00,1.8560075169999988,1.8563625021999985,1.8556266261999987,1.8558564058999987
2026-04-30 06:00:00+00:00,1.8556922479999989,1.857577103299999,1.8552425215999986,1.8568680888999987
2026-04-30 07:00:00+00:00,1.8569093789999986,1.8576463229999989,1.856651507699999,1.857142072799999
2026-04-30 08:00:00+00:00,1.8574691036999993,1.858545872199999,1.857155559999999,1.857169295999999
2026-04-30 09:00:00+00:00,1.8572238174999989,1.858939900799999,1.8568422634999988,1.8585993239999992
2026-04-30 10:00:00+00:00,1.8586948946999988,1.860665058599999,1.857945851999999,1.860665058599999
2026-04-30 11:00:00+00:00,1.8597657789999986,1.8622201859999992,1.859031353999999,1.8604379059999987
2026-04-30 12:00:00+00:00,1.860315130999999,1.861898979999999,1.8592675620999992,1.8610401270999983
2026-04-30 13:00:00+00:00,1.8606038894999988,1.860930255599999,1.8597721199999988,1.860151684999999
2026-04-30 14:00:00+00:00,1.8593048651999993,1.8638013434999987,1.8591683371999985,1.8624428679999991
2026-04-30 15:00:00+00:00,1.862966992499999,1.8634974585999988,1.8605108375999986,1.8617358505999988
2026-04-30 16:00:00+00:00,1.861628183199999,1.8623246277999987,1.860859804799999,1.8618053418999987
2026-04-30 17:00:00+00:00,1.8621003895999988,1.862726445999999,1.8615991053999987,1.862143097399999
2026-04-30 18:00:00+00:00,1.8626576531999988,1.8626576531999988,1.8613995326999986,1.8614614671999987
2026-04-30 19:00:00+00:00,1.8616847995999988,1.8628350337999988,1.861429558799999,1.861429558799999
2026-04-30 20:00:00+00:00,1.8617681137999986,1.862041230399999,1.8605833324999987,1.861004069399999
2026-04-30 21:00:00+00:00,1.8599959103999986,1.8610216847999987,1.8599959103999986,1.860683746799999
2026-04-30 22:00:00+00:00,1.8613329328,1.8614291519999995,1.8604885601999994,1.8605437297999992
2026-04-30 23:00:00+00:00,1.8607205547999994,1.8608575767999993,1.8601858299999996,1.8602579960999994
2026-05-01 00:00:00+00:00,1.8604622915999995,1.8605018959999995,1.8593353029999995,1.8603780137999992
2026-05-01 01:00:00+00:00,1.8605303924999996,1.8605303924999996,1.8597954879999992,1.860304330499999
2026-05-01 02:00:00+00:00,1.8602366559999992,1.8603705293999997,1.8598189199999993,1.8601670959999994
2026-05-01 03:00:00+00:00,1.8601952144999994,1.8607088843999995,1.8599714767999993,1.8602303135999991
2026-05-01 04:00:00+00:00,1.8603814579999993,1.8605966675999994,1.8600776427999994,1.8604872104999992
2026-05-01 05:00:00+00:00,1.8604732843999991,1.8604732843999991,1.8592804211999996,1.8592804211999996
2026-05-01 06:00:00+00:00,1.859343683999999,1.8617002496999995,1.8590446403999992,1.8611879563999991
2026-05-01 07:00:00+00:00,1.8613533689999997,1.8617057861999993,1.8602066384999996,1.8603211949999996
2026-05-01 08:00:00+00:00,1.8604680104999993,1.8608670313999998,1.8598905023999992,1.8600799391999996
2026-05-01 09:00:00+00:00,1.8597934255999997,1.8599736128999997,1.858874931199999,1.858874931199999
2026-05-01 10:00:00+00:00,1.8589571252999992,1.8601471629999997,1.8588486279999992,1.8595625570999994
2026-05-01 11:00:00+00:00,1.8594489119999993,1.8610164494999994,1.8594486930999992,1.8610164494999994
2026-05-01 12:00:00+00:00,1.8609236063999997,1.8622066616999993,1.8606516917999998,1.8617915679999995
2026-05-01 13:00:00+00:00,1.8618043531999995,1.8627394094999994,1.8600008833999995,1.8625450460999997
2026-05-01 14:00:00+00:00,1.8625705594999995,1.8659812115999996,1.8620167319999994,1.8622472351999992
2026-05-01 15:00:00+00:00,1.8623146661999999,1.8627171101999993,1.861451281799999,1.861802923599999
2026-05-01 16:00:00+00:00,1.8618331105999995,1.8625715779999992,1.8609097979999993,1.8609097979999993
2026-05-01 17:00:00+00:00,1.8608395759999992,1.8611124179999992,1.8594180575999995,1.8600136917999994
2026-05-01 18:00:00+00:00,1.8600545144999991,1.8600545144999991,1.8581356299999996,1.8583039895999995
2026-05-01 19:00:00+00:00,1.8582081216999995,1.858661253,1.8576612795999994,1.8579217999999995
2026-05-01 20:00:00+00:00,1.8579630959999995,1.8579630959999995,1.8561371585999997,1.8561371585999997
2026-05-03 21:00:00+00:00,1.8566790753999995,1.8574959143999992,1.8563540217999996,1.8574959143999992
2026-05-03 22:00:00+00:00,1.8557736209999995,1.8570405131999996,1.8554738239999993,1.8559380783999992
2026-05-03 23:00:00+00:00,1.855898664,1.8560051899999994,1.8551540075,1.8552242099999996
2026-05-04 00:00:00+00:00,1.855061334999999,1.8559560153999994,1.8545182606,1.8559560153999994
2026-05-04 01:00:00+00:00,1.855957928999999,1.8560977519999997,1.8554624864999991,1.8558770603999994
2026-05-04 02:00:00+00:00,1.8559729295999994,1.8566920565999994,1.855782921599999,1.8561083004999994
2026-05-04 03:00:00+00:00,1.8562988974999994,1.8574010895999995,1.8561098855999993,1.8570896849999998
2026-05-04 04:00:00+00:00,1.8570217903999995,1.8570785519999988,1.8560798843999993,1.8563922911999997
2026-05-04 05:00:00+00:00,1.856298314299999,1.857055681499999,1.856203014999999,1.8569475814999998
2026-05-04 06:00:00+00:00,1.8569213904999993,1.8580206449999994,1.8559818670999992,1.8562516890999992
2026-05-04 07:00:00+00:00,1.8562524954999997,1.8562676455999991,1.855177958699999,1.855517116199999
2026-05-04 08:00:00+00:00,1.855518326199999,1.855518326199999,1.8541835159999993,1.8543057971999992
2026-05-04 09:00:00+00:00,1.8543050250999986,1.854850423499999,1.8538421732999992,1.8544035355999993
2026-05-04 10:00:00+00:00,1.8543627350999994,1.8543627350999994,1.8517132682999993,1.8525039495999995
2026-05-04 11:00:00+00:00,1.8524349183999993,1.8537774815999992,1.8520872463999996,1.853709144999999
2026-05-04 12:00:00+00:00,1.8536003743999991,1.856328033499999,1.8534098469999996,1.855922598499999
2026-05-04 13:00:00+00:00,1.855447538399999,1.856477074199999,1.854682676399999,1.8551816371999996
2026-05-04 14:00:00+00:00,1.8551013173,1.855978826799999,1.8541766160999993,1.8541766160999993
2026-05-04 15:00:00+00:00,1.8542044223999992,1.8548295104999994,1.8512323867999998,1.8516408109999989
2026-05-04 16:00:00+00:00,1.8518303543999992,1.8521449386999989,1.8499478568999996,1.8505722539999994
2026-05-04 17:00:00+00:00,1.8507214919999988,1.8528917981999986,1.8507214919999988,1.851872545599999
2026-05-04 18:00:00+00:00,1.8516274580999992,1.8517346015999994,1.8503355085999988,1.851432756799999
2026-05-04 19:00:00+00:00,1.851543551999999,1.8526747611999996,1.8515188159999993,1.8526747611999996
2026-05-04 20:00:00+00:00,1.8526484133999992,1.8533884779999992,1.8526106976999992,1.8532793419999993
2026-05-04 21:00:00+00:00,1.8523131038999991,1.8527879249999994,1.8498952120999999,1.8509534899999993
2026-05-04 22:00:00+00:00,1.851661017599999,1.8520978639999992,1.8516211227999995,1.8519617279999994
2026-05-04 23:00:00+00:00,1.8518663039999994,1.8522186821999997,1.8518248722999993,1.8519463925999988
2026-05-05 00:00:00+00:00,1.8519878207999991,1.8521363735999992,1.8514723476999992,1.8517586429999993
2026-05-05 01:00:00+00:00,1.851664280699999,1.851664280699999,1.8511057667999993,1.851349316999999
2026-05-05 02:00:00+00:00,1.8513901130999997,1.8518515807999993,1.8512262590999993,1.8514038365999992
2026-05-05 03:00:00+00:00,1.8513904371999996,1.8515260871999992,1.851064765199999,1.8510650915999993
2026-05-05 04:00:00+00:00,1.8510783913999995,1.8515941941999994,1.850712934499999,1.8508218308999993
2026-05-05 05:00:00+00:00,1.850699789999999,1.851623014799999,1.8506984333999996,1.8508207055999994
2026-05-05 06:00:00+00:00,1.850942462999999,1.852012350499999,1.8502089705999996,1.851673684599999
2026-05-05 07:00:00+00:00,1.8525841498999993,1.853056412399999,1.8521606327999987,1.8527062553999993
2026-05-05 08:00:00+00:00,1.8526782161999993,1.853448575999999,1.8522008319999996,1.8529355528999993
2026-05-05 09:00:00+00:00,1.8527862583999988,1.8532601324999993,1.8520119820999992,1.8521577137999996
2026-05-05 10:00:00+00:00,1.8520089185,1.8527418766999995,1.8517360284999993,1.8527418766999995
2026-05-05 11:00:00+00:00,1.8524582167999994,1.8525971177999991,1.8514964243999992,1.852213164199999
2026-05-05 12:00:00+00:00,1.8521317891999998,1.8542592439999988,1.8513722007999993,1.8539033759999992
2026-05-05 13:00:00+00:00,1.8539027229999991,1.854496897999999,1.8532564335999993,1.8534337039999993
2026-05-05 14:00:00+00:00,1.8541681885999994,1.8560181881999998,1.8537212654999993,1.8560181881999998
2026-05-05 15:00:00+00:00,1.8560049670999992,1.856579661399999,1.8555948319999995,1.856172989999999
2026-05-05 16:00:00+00:00,1.8559834257999996,1.856545743599999,1.8551500577999993,1.8552190823999988
2026-05-05 17:00:00+00:00,1.8554228003999989,1.8556674261999997,1.854240434099999,1.8543490748999991
2026-05-05 18:00:00+00:00,1.8544851774999989,1.8544851774999989,1.8537634561999987,1.8538043399999997
2026-05-05 19:00:00+00:00,1.8540084653999993,1.8541177709999987,1.8534940701999993,1.8539312407999997
2026-05-05 20:00:00+00:00,1.8540677117999997,1.8540677117999997,1.8525427981999993,1.8525427981999993
2026-05-05 21:00:00+00:00,1.8513423197999994,1.8527591679999993,1.8510043019999995,1.8514783867999998
2026-05-05 22:00:00+00:00,1.8529366152999995,1.8543560229999996,1.8528417473999996,1.8539752031999994
2026-05-05 23:00:00+00:00,1.8541248488,1.8554867999999995,1.8541248488,1.8547023975999994
2026-05-06 00:00:00+00:00,1.854879606399999,1.8552294363999997,1.854608693599999,1.854640218199999
2026-05-06 01:00:00+00:00,1.8547365635999995,1.8552387629999993,1.8545727830999996,1.8545727830999996
2026-05-06 02:00:00+00:00,1.8548162367999996,1.8551290663999995,1.8542121513999998,1.8543736101999995
2026-05-06 03:00:00+00:00,1.8544553169999995,1.8544553169999995,1.8535441715999996,1.8537078734999997
2026-05-06 04:00:00+00:00,1.853599911999999,1.8563555555999995,1.8535174799999992,1.8552502989999993
2026-05-06 05:00:00+00:00,1.8555354038999996,1.8556630679999995,1.854955045999999,1.8551177918
2026-05-06 06:00:00+00:00,1.8557468675999995,1.8562503290999994,1.8548291546999995,1.8551279295999996
2026-05-06 07:00:00+00:00,1.8555521229999996,1.8572282259999993,1.8547442359999995,1.8571543363999994
2026-05-06 08:00:00+00:00,1.8572649939999994,1.8600573023999996,1.8564500019999997,1.8599207199999992
2026-05-06 09:00:00+00:00,1.8594597815999991,1.8613569077999994,1.8590610163999999,1.8607306121999994
2026-05-06 10:00:00+00:00,1.8605964989999992,1.8620580376999993,1.8599759339999995,1.8619604639999996
2026-05-06 11:00:00+00:00,1.8622345279999992,1.8638766103999997,1.8608183929999993,1.8610783574999992
2026-05-06 12:00:00+00:00,1.8609832867999998,1.8621316442999996,1.860410808,1.8615222353999994
2026-05-06 13:00:00+00:00,1.8617814076999997,1.8620367941999996,1.8602834634999992,1.8620347519999993
2026-05-06 14:00:00+00:00,1.8615545597999994,1.8632470785999995,1.8611747011999993,1.8612308549999996
2026-05-06 15:00:00+00:00,1.8611500379999997,1.8618914483999993,1.8608454495999995,1.8609129119999996
2026-05-06 16:00:00+00:00,1.8610503605999993,1.8616949655999993,1.8604979791999992,1.8609660959999996
2026-05-06 17:00:00+00:00,1.8611856339999995,1.8631744676999995,1.8611856339999995,1.8626693107999999
2026-05-06 18:00:00+00:00,1.8626823260999994,1.8629294474999993,1.8622460028999994,1.8626128455999995
2026-05-06 19:00:00+00:00,1.8626115221999995,1.8627225299999992,1.8619142424999995,1.8624490749999996
2026-05-06 20:00:00+00:00,1.8626821296999994,1.8627636239999992,1.8613014557999996,1.8618752261999991
2026-05-06 21:00:00+00:00,1.8601009575999994,1.8611124840000002,1.8595554515999997,1.8607698777
2026-05-06 22:00:00+00:00,1.8615341639999996,1.861942992,1.8614253188999998,1.8619154952999997
2026-05-06 23:00:00+00:00,1.8619161109000004,1.8621770363999997,1.8618345451000002,1.8619598727999997
2026-05-07 00:00:00+00:00,1.8622187099999998,1.8628153619999996,1.8621388295999997,1.8623148636
2026-05-07 01:00:00+00:00,1.8623571736,1.8633269280999998,1.8621366376999997,1.8631646375999997
2026-05-07 02:00:00+00:00,1.8634635530999997,1.8641395638,1.8632905755999998,1.8636869475
2026-05-07 03:00:00+00:00,1.8636201369999998,1.8636201369999998,1.8626013123,1.8626016955
2026-05-07 04:00:00+00:00,1.8624518105999999,1.8627166443999996,1.8623128056,1.8626518958999998
2026-05-07 05:00:00+00:00,1.8627197705999998,1.8628441069000001,1.8623940827999999,1.8625043629999998
2026-05-07 06:00:00+00:00,1.862532151,1.8636967335999999,1.8624383055000002,1.8632110350000002
2026-05-07 07:00:00+00:00,1.8632372741999996,1.8659990232999997,1.863236952,1.8645710477
2026-05-07 08:00:00+00:00,1.8645706375999997,1.8649804500000002,1.8640274391999998,1.8646518815999997
2026-05-07 09:00:00+00:00,1.8646266183999998,1.8649260972,1.863762505,1.8641070755999998
2026-05-07 10:00:00+00:00,1.8639587089999996,1.8653829335999998,1.8639587089999996,1.8644487655999997
2026-05-07 11:00:00+00:00,1.8643797446999997,1.8646445556,1.8632670848,1.86458877
2026-05-07 12:00:00+00:00,1.8645176471999996,1.8668125104999997,1.8643543287999995,1.8660361049999998
2026-05-07 13:00:00+00:00,1.8657935608,1.8668453056,1.8653993791999999,1.8661101568
2026-05-07 14:00:00+00:00,1.8660705623999998,1.8670019003999998,1.8647276369999999,1.8670019003999998
2026-05-07 15:00:00+00:00,1.86716449,1.86716449,1.8643539024,1.8643539024
2026-05-07 16:00:00+00:00,1.8642454511999995,1.864324308,1.8615600070999998,1.8616281754
2026-05-07 17:00:00+00:00,1.8614252176,1.8615061587999995,1.8592413877999998,1.8607081291999996
2026-05-07 18:00:00+00:00,1.86080419,1.8612421099999998,1.8599100596999996,1.8604914497999998
2026-05-07 19:00:00+00:00,1.8601776991999999,1.8605197392000004,1.8592836934999997,1.8603805312
2026-05-07 20:00:00+00:00,1.8604353887999996,1.8611422511999998,1.8593736479999998,1.8603165672
2026-05-07 21:00:00+00:00,1.8600157575999996,1.8601384528,1.8585020303999997,1.8591565616999997
2026-05-07 22:00:00+00:00,1.8601529849999998,1.860343224,1.859825583,1.8598394607
2026-05-07 23:00:00+00:00,1.8598803599999996,1.8606836159999998,1.8598252819999999,1.8606014734999998
2026-05-08 00:00:00+00:00,1.8606283624000002,1.8608315165999998,1.8597289983999998,1.85983831
2026-05-08 01:00:00+00:00,1.8601511936,1.8606545306999998,1.8598244419999999,1.8605728680000002
2026-05-08 02:00:00+00:00,1.8606005846999998,1.8609685686000002,1.8603567800999996,1.8605328599999997
2026-05-08 03:00:00+00:00,1.8605600594,1.8606549311999998,1.8601511936,1.8602193684
2026-05-08 04:00:00+00:00,1.8603281619999998,1.8616075725,1.8597702431999998,1.8612665652
2026-05-08 05:00:00+00:00,1.8613890048,1.8624230800000003,1.8613890048,1.8623689991999999
2026-05-08 06:00:00+00:00,1.8624231440999999,1.8640415423999996,1.8622866755999996,1.8637566759
2026-05-08 07:00:00+00:00,1.8636616759999995,1.8640159589999998,1.8627768687,1.863649992
2026-05-08 08:00:00+00:00,1.8636647516,1.8673229544999996,1.8636638831999999,1.8672396063
2026-05-08 09:00:00+00:00,1.8672251424,1.867915252,1.8665798151000002,1.8666070269
2026-05-08 10:00:00+00:00,1.8667566918,1.8670562541999998,1.8657144063999997,1.8658101657999997
2026-05-08 11:00:00+00:00,1.8659052544999999,1.866294423,1.8654556994,1.8661291523999999
2026-05-08 12:00:00+00:00,1.8659947613999999,1.8732298572000001,1.8659947613999999,1.8726851329999998
2026-05-08 13:00:00+00:00,1.8727817524,1.8765764741999997,1.8724424954,1.8764244944999997
2026-05-08 14:00:00+00:00,1.8758642596,1.875919836,1.8734814588,1.8742553116
2026-05-08 15:00:00+00:00,1.8742151243999998,1.8743518014,1.8724166544,1.8725268312
2026-05-08 16:00:00+00:00,1.8726627012000001,1.8738016674,1.8726556548,1.8729711712999997
2026-05-08 17:00:00+00:00,1.8728070885,1.8731720377999996,1.8725585508000002,1.872694696
2026-05-08 18:00:00+00:00,1.872980515,1.8738394016999997,1.8722829760000002,1.8724047531999999
2026-05-08 19:00:00+00:00,1.8727320546000001,1.8734289376000002,1.8721694559,1.8734289376000002
2026-05-08 20:00:00+00:00,1.8734289376000002,1.8739480005000002,1.8716092693999997,1.8722897345999998
2026-05-10 21:00:00+00:00,1.8732856905,1.8808200059999998,1.8732856905,1.8789223627999985
2026-05-10 22:00:00+00:00,1.881495581999999,1.8837419379999982,1.881495581999999,1.8837419379999982
2026-05-10 23:00:00+00:00,1.8836037287999987,1.8840913811999986,1.8833799053999982,1.8837088269999989
2026-05-11 00:00:00+00:00,1.883888917999999,1.8844044935999982,1.8835011347999988,1.884364958999999
2026-05-11 01:00:00+00:00,1.8844051080999993,1.8846271624999982,1.8838629215999987,1.8839169327999987
2026-05-11 02:00:00+00:00,1.884108079599998,1.8843007084999988,1.8837526751999984,1.883754431999999
2026-05-11 03:00:00+00:00,1.883562609199999,1.8839989503999983,1.8835474139999986,1.8837832719999983
2026-05-11 04:00:00+00:00,1.8839069589999984,1.8842107983999987,1.8832826041999988,1.8833368553999987
2026-05-11 05:00:00+00:00,1.883487492499999,1.8838668768999987,1.8831440781999986,1.8835407759999987
2026-05-11 06:00:00+00:00,1.8835659499999984,1.8837999124999982,1.8812979511999985,1.8837999124999982
2026-05-11 07:00:00+00:00,1.8837146474999984,1.8838647827999988,1.8824350841999988,1.882874428799999
2026-05-11 08:00:00+00:00,1.8828752273999987,1.8846205091999986,1.8826950392999986,1.8836497979999987
2026-05-11 09:00:00+00:00,1.8837169037999988,1.8842646263999987,1.882434140599999,1.882434140599999
2026-05-11 10:00:00+00:00,1.8822183369999985,1.8824012633999982,1.8797219467999984,1.8799675621999987
2026-05-11 11:00:00+00:00,1.8805165829999981,1.8839180963999986,1.8805165829999981,1.8832232705999992
2026-05-11 12:00:00+00:00,1.8832234155999985,1.8853309896999986,1.8823365278999984,1.8837554987999987
2026-05-11 13:00:00+00:00,1.8842209844999986,1.8855653879999992,1.883945851699998,1.8844255624999988
2026-05-11 14:00:00+00:00,1.8843839549999986,1.8872871035999985,1.8831155097999985,1.8872871035999985
2026-05-11 15:00:00+00:00,1.8874778189999983,1.889324372699999,1.887453394599999,1.8887893775999987
2026-05-11 16:00:00+00:00,1.8887762959999983,1.8888217243999987,1.887090408799999,1.8874496145999986
2026-05-11 17:00:00+00:00,1.8877245815999986,1.8879975575999985,1.8873168965999987,1.887861617399999
2026-05-11 18:00:00+00:00,1.8878608865999986,1.8882106063999988,1.8868776354999985,1.886959252499999
2026-05-11 19:00:00+00:00,1.8869730699999991,1.8870003827999986,1.8860909872999987,1.8861470936999991
2026-05-11 20:00:00+00:00,1.886325127799999,1.8865307852999993,1.884890272499999,1.884890272499999
2026-05-11 21:00:00+00:00,1.8831737473999988,1.8842298111999987,1.8831737473999988,1.8839020287999984
2026-05-11 22:00:00+00:00,1.8842162919999985,1.8846294929999992,1.8840232875999985,1.8845335999999986
2026-05-11 23:00:00+00:00,1.8845472599999986,1.8849160799999987,1.8842357159999987,1.8844411695999983
2026-05-12 00:00:00+00:00,1.8843221294999986,1.8848163410999987,1.8842704799999992,1.8843017191999987
2026-05-12 01:00:00+00:00,1.8843555039999988,1.8843555039999988,1.8832400923999981,1.8835376852999985
2026-05-12 02:00:00+00:00,1.8836334989999983,1.8841138406999987,1.883606461399999,1.884043688999999
2026-05-12 03:00:00+00:00,1.8839470194999985,1.8841418080999985,1.8835144722999988,1.8835690859999987
2026-05-12 04:00:00+00:00,1.8835690859999987,1.8838280705999983,1.8831314219999986,1.8836228319999988
2026-05-12 05:00:00+00:00,1.8835945988999983,1.883662874999999,1.8814711915999986,1.8814711915999986
2026-05-12 06:00:00+00:00,1.881908846999999,1.881908846999999,1.8782893656999982,1.8783167759999986
2026-05-12 07:00:00+00:00,1.8782205795999987,1.878753802799999,1.8757750780999987,1.8761182109999992
2026-05-12 08:00:00+00:00,1.8760223023999982,1.8779529601999987,1.8745580309999987,1.8778842494999983
2026-05-12 09:00:00+00:00,1.8779383514999985,1.8801301402999984,1.8772549399999983,1.8798436799999987
2026-05-12 10:00:00+00:00,1.8798162239999987,1.881444905599999,1.8788986879999992,1.8789397379999988
2026-05-12 11:00:00+00:00,1.8787615887999989,1.8796926362999988,1.8776647502999984,1.8780069569999984
2026-05-12 12:00:00+00:00,1.8778152399999983,1.8792801468999987,1.8763107109999988,1.878403058899999
2026-05-12 13:00:00+00:00,1.8782796907999988,1.8790214923999986,1.8762424431999987,1.8767219039999992
2026-05-12 14:00:00+00:00,1.8768998630999987,1.879474049999999,1.8766668815999987,1.877625078199999
2026-05-12 15:00:00+00:00,1.8774609409999985,1.8789411239999985,1.8764476409999986,1.8786257687999985
2026-05-12 16:00:00+00:00,1.8785709620999989,1.878872086299999,1.877434082999999,1.877434082999999
2026-05-12 17:00:00+00:00,1.8774204151999985,1.8783930567999991,1.8774203224999981,1.8778584168999983
2026-05-12 18:00:00+00:00,1.878036523999999,1.8783089471999983,1.8772009631999984,1.8775269404999986
2026-05-12 19:00:00+00:00,1.8777867049999988,1.8787435799999987,1.8777307079999987,1.8784569264999984
2026-05-12 20:00:00+00:00,1.8786077603999987,1.8788134274999984,1.8776751971999988,1.8778806246999986
2026-05-12 21:00:00+00:00,1.8760875639999985,1.8769214951999984,1.875854104399999,1.8767163581999988
2026-05-12 22:00:00+00:00,1.8776474499999989,1.8780163856999987,1.877509868399999,1.877797755299999
2026-05-12 23:00:00+00:00,1.8777840263999988,1.8778940081999986,1.8774433310999987,1.8775118199999992
2026-05-13 00:00:00+00:00,1.8776486693999985,1.877688681599999,1.8770469199999988,1.8772367795999987
2026-05-13 01:00:00+00:00,1.8772369223999985,1.8773695133999986,1.8765676799999988,1.8770556419999989
2026-05-13 02:00:00+00:00,1.8769182796999986,1.8770395807999989,1.8761933277999987,1.876508353999999
2026-05-13 03:00:00+00:00,1.8765903751999986,1.8768380714999988,1.8762081455999988,1.876824183599999
2026-05-13 04:00:00+00:00,1.876865577599999,1.877018080799999,1.8766201535999985,1.8768810329999988
2026-05-13 05:00:00+00:00,1.8769904021999988,1.879275971999999,1.8769904021999988,1.8790841135999992
2026-05-13 06:00:00+00:00,1.8790300242999984,1.8791929419999989,1.876952580299999,1.8771714499999987
2026-05-13 07:00:00+00:00,1.8776098106999992,1.8784725363999988,1.876515142699999,1.8765289409999988
2026-05-13 08:00:00+00:00,1.876597402099999,1.8776917599999987,1.8761306879999986,1.8762263729999986
2026-05-13 09:00:00+00:00,1.875994420499999,1.876501386999999,1.874516480799999,1.8752821604999992
2026-05-13 10:00:00+00:00,1.8751861875999989,1.8752269556999988,1.8726005807999988,1.8727636479999987
2026-05-13 11:00:00+00:00,1.8728047139999988,1.873311083999999,1.8721212893999988,1.8727369019999989
2026-05-13 12:00:00+00:00,1.8727640700999988,1.8731602131999987,1.8707400608999984,1.871095694299999
2026-05-13 13:00:00+00:00,1.871738582999999,1.8763927435999987,1.871629016399999,1.8759955244999986
2026-05-13 14:00:00+00:00,1.876187417599999,1.8765426932999987,1.873530391299999,1.8754749078999993
2026-05-13 15:00:00+00:00,1.8756527929999984,1.8764182955999986,1.8749672219999989,1.8760083399999987
2026-05-13 16:00:00+00:00,1.8758849444999988,1.876555220399999,1.875255812399999,1.875817207999999
2026-05-13 17:00:00+00:00,1.8756665300999988,1.876227866999999,1.8754748462999988,1.8758312919999989
2026-05-13 18:00:00+00:00,1.8760367129999986,1.8774890531999986,1.8758996299999988,1.877310719999999
2026-05-13 19:00:00+00:00,1.877406379199999,1.877406379199999,1.8764874599999988,1.876747898799999
2026-05-13 20:00:00+00:00,1.876871135999999,1.877295720799999,1.876747547399999,1.876967301599999
2026-05-13 21:00:00+00:00,1.875707558199999,1.8763785896999996,1.8753373148999988,1.875652516999999
2026-05-13 22:00:00+00:00,1.876829874999999,1.877499889999999,1.876829874999999,1.8769115829999992
2026-05-13 23:00:00+00:00,1.876993813199999,1.8771577967999995,1.876856954199999,1.8769938989999988
2026-05-14 00:00:00+00:00,1.877076321999999,1.8776782089999988,1.877076321999999,1.8774594467999988
2026-05-14 01:00:00+00:00,1.877391272399999,1.8775140383999989,1.8767621743999987,1.8768578901999988
2026-05-14 02:00:00+00:00,1.876871659199999,1.877227559999999,1.876747991999999,1.8767891019999987
2026-05-14 03:00:00+00:00,1.8768849193999986,1.8777885749999992,1.8768849193999986,1.877542478999999
2026-05-14 04:00:00+00:00,1.8774330039999987,1.8774738564999989,1.8771575367999986,1.8771718195999987
2026-05-14 05:00:00+00:00,1.8771855647999989,1.8771855647999989,1.8755433129999988,1.8756117808999992
2026-05-14 06:00:00+00:00,1.8761456443999986,1.8773901698999986,1.875803471099999,1.8768154292999988
2026-05-14 07:00:00+00:00,1.8766649019999988,1.876761260099999,1.8754886821999988,1.8755576204999989
2026-05-14 08:00:00+00:00,1.8755713169999988,1.876214042399999,1.8749687697999988,1.8761181305999985
2026-05-14 09:00:00+00:00,1.876035755999999,1.8762962282999989,1.875352002999999,1.875352002999999
2026-05-14 10:00:00+00:00,1.8753108762999986,1.8770369583999988,1.8753108447999987,1.8766397077999986
2026-05-14 11:00:00+00:00,1.8767082039999987,1.8777357839999989,1.8755844527999987,1.8755844527999987
2026-05-14 12:00:00+00:00,1.8757626815999986,1.8783798290999987,1.8757626815999986,1.8770915132999988
2026-05-14 13:00:00+00:00,1.8771052403999986,1.8773244159999989,1.875048779999999,1.8764331263999987
2026-05-14 14:00:00+00:00,1.8762412475999988,1.8771464316999988,1.874445350399999,1.874608777199999
2026-05-14 15:00:00+00:00,1.874648988299999,1.8755257978999988,1.8724726901999986,1.873089129599999
2026-05-14 16:00:00+00:00,1.8731849539999987,1.8731849539999987,1.8670845194999988,1.8679239395999987
2026-05-14 17:00:00+00:00,1.867924658599999,1.868034628199999,1.8636737823999991,1.8637554779999987
2026-05-14 18:00:00+00:00,1.8638222612999988,1.8638222612999988,1.8616323799999988,1.8630296191999989
2026-05-14 19:00:00+00:00,1.863058142399999,1.8635077709999988,1.862138755199999,1.8622755749999986
2026-05-14 20:00:00+00:00,1.8625361014999986,1.8625361014999986,1.861323890999999,1.861829336399999
2026-05-14 21:00:00+00:00,1.8610383431999986,1.861789667199999,1.8605040299999986,1.8610124799999987
2026-05-14 22:00:00+00:00,1.8616117962999987,1.8616117962999987,1.8608334401999986,1.8611062771999987
2026-05-14 23:00:00+00:00,1.8610238659999987,1.861743688799999,1.859962220799999,1.8610283471999987
2026-05-15 00:00:00+00:00,1.8609175388999988,1.861341296399999,1.8601099787999986,1.8610545713999989
2026-05-15 01:00:00+00:00,1.8611766824999987,1.8612591363999986,1.8599051256999988,1.8600432031999987
2026-05-15 02:00:00+00:00,1.8599193589999987,1.861215877199999,1.8596076330999989,1.8608027541999987
2026-05-15 03:00:00+00:00,1.861008861599999,1.8611705384999988,1.8606647641999987,1.8611296893999987
2026-05-15 04:00:00+00:00,1.8610049240999986,1.8610320482999987,1.8602135249999987,1.8602135249999987
2026-05-15 05:00:00+00:00,1.8601300937999987,1.8606900027999989,1.8582641154999988,1.8582641154999988
2026-05-15 06:00:00+00:00,1.8582679667999988,1.8593918703999988,1.8562386249999987,1.859268892199999
2026-05-15 07:00:00+00:00,1.8591001253999988,1.861089510999999,1.8591001253999988,1.860486496399999
2026-05-15 08:00:00+00:00,1.860487024399999,1.860487024399999,1.8577674871999987,1.8580958077999987
2026-05-15 09:00:00+00:00,1.8578333619999985,1.8594301703999987,1.8566846479999988,1.8591013235999987
2026-05-15 10:00:00+00:00,1.8595139549999986,1.8629030099999988,1.859389326599999,1.8624015422999987
2026-05-15 11:00:00+00:00,1.8622932854999985,1.8623998383999987,1.8604904183999986,1.8605050841999988
2026-05-15 12:00:00+00:00,1.8604226843999985,1.861102307999999,1.858614854399999,1.8598696967999988
2026-05-15 13:00:00+00:00,1.8599087562999985,1.8615166380999986,1.8588030047999986,1.8588030047999986
2026-05-15 14:00:00+00:00,1.8589209209999988,1.8612810779999986,1.8587139176999987,1.8594048470999986
2026-05-15 15:00:00+00:00,1.859406305199999,1.859406305199999,1.8552812275999988,1.8564003331999988
2026-05-15 16:00:00+00:00,1.8562883103999985,1.8562883103999985,1.8541117673999987,1.854183348399999
2026-05-15 17:00:00+00:00,1.8541119687999987,1.8554190233999988,1.853638898299999,1.8547328933999987
2026-05-15 18:00:00+00:00,1.8549239807999987,1.8558893747999987,1.8548950841999985,1.8554350335999992
2026-05-15 19:00:00+00:00,1.8554737529999987,1.8558304269999986,1.854817673199999,1.8551038112999991
2026-05-15 20:00:00+00:00,1.8548991629999987,1.8554549750999987,1.8281251692000005,1.8281251692000005
2026-05-17 21:00:00+00:00,1.8280702656000005,1.8300593628000004,1.8280702656000005,1.8298524860000003
2026-05-17 22:00:00+00:00,1.8296492284000005,1.8304332310000002,1.8293389019000006,1.8302574455999996
2026-05-17 23:00:00+00:00,1.8301462419999999,1.8306134314999998,1.8301462419999999,1.8305606220000001
2026-05-18 00:00:00+00:00,1.8305095626999994,1.8310123422999995,1.8299302905,1.8302251955999997
2026-05-18 01:00:00+00:00,1.8301396293999994,1.8301810841999997,1.8293651958999997,1.8298499616999997
2026-05-18 02:00:00+00:00,1.8299100581999996,1.8303091136000005,1.8296822699999995,1.8297961793999997
2026-05-18 03:00:00+00:00,1.8297872144999998,1.8298804499999997,1.8295471684,1.8297103369999996
2026-05-18 04:00:00+00:00,1.8297240779999997,1.830292079,1.8297240779999997,1.8301999381999996
2026-05-18 05:00:00+00:00,1.8301861959999999,1.8313184475000002,1.8299646159999996,1.831084437
2026-05-18 06:00:00+00:00,1.8313767087,1.8343922015999996,1.8313767087,1.8343751143000002
2026-05-18 07:00:00+00:00,1.8343290378,1.8346243991999995,1.8333529747999995,1.8342432335999999
2026-05-18 08:00:00+00:00,1.834481606,1.8373472719999997,1.8339669093000002,1.8364574828999995
2026-05-18 09:00:00+00:00,1.8362100723999992,1.8365406497999996,1.8348089163999999,1.8353348924999995
2026-05-18 10:00:00+00:00,1.8354458519999999,1.8357653215999992,1.833472968,1.8335160841
2026-05-18 11:00:00+00:00,1.8337518539999997,1.8376591660000003,1.8337518539999997,1.8376591660000003
2026-05-18 12:00:00+00:00,1.8376348964999996,1.8393910266000009,1.8375732899999997,1.8392774400000005
2026-05-18 13:00:00+00:00,1.8392878975999996,1.8403201212,1.8378613231999992,1.8394107354
2026-05-18 14:00:00+00:00,1.8392617278000003,1.8403750604999995,1.8385698913999995,1.8394610208
2026-05-18 15:00:00+00:00,1.8394750849999997,1.843511852,1.8389245562999998,1.842957988
2026-05-18 16:00:00+00:00,1.8427501287999992,1.8464420644999995,1.8427501287999992,1.8442138979
2026-05-18 17:00:00+00:00,1.8443765755999997,1.8447251271999998,1.8430239715999994,1.8430239715999994
2026-05-18 18:00:00+00:00,1.8428174351999995,1.842904615,1.8415792329000003,1.8416583282999999
2026-05-18 19:00:00+00:00,1.8417712319999997,1.8444701159999994,1.8417712319999997,1.8440276232999995
2026-05-18 20:00:00+00:00,1.8443845486999997,1.8448576112999997,1.8442221579000002,1.8442221579000002
2026-05-18 21:00:00+00:00,1.8434389045,1.8442478564999998,1.8417969740999998,1.842798756299999
2026-05-18 22:00:00+00:00,1.8446036126999996,1.8447332219999992,1.8443056852999995,1.8444420819999998
2026-05-18 23:00:00+00:00,1.8444964095999996,1.8447180614999992,1.8443007127999995,1.8443007127999995
2026-05-19 00:00:00+00:00,1.8442630471999997,1.8444825398999996,1.8438472499999996,1.8438747249999992
2026-05-19 01:00:00+00:00,1.8439006219999996,1.8440364046999997,1.8433184755999992,1.8435980675999997
2026-05-19 02:00:00+00:00,1.8436217097999998,1.843628716799999,1.8427688915999996,1.843219469399999
2026-05-19 03:00:00+00:00,1.843134181199999,1.8433768555999992,1.842741583299999,1.8429028967999992
2026-05-19 04:00:00+00:00,1.842846345699999,1.843310528399999,1.8426788547999993,1.8426788547999993
2026-05-19 05:00:00+00:00,1.8428598143999992,1.8432603606999993,1.842031972399999,1.8431782607999994
2026-05-19 06:00:00+00:00,1.842325967999999,1.843001918999999,1.8408005561999996,1.8409677333999992
2026-05-19 07:00:00+00:00,1.840879275399999,1.8417068423999992,1.8399536567999992,1.841698876799999
2026-05-19 08:00:00+00:00,1.841502486599999,1.8421931618999992,1.840594936999999,1.8418548131999997
2026-05-19 09:00:00+00:00,1.8418667903999992,1.8443594754999995,1.8417567887999988,1.8443446933999998
2026-05-19 10:00:00+00:00,1.8439169507999995,1.8454959457999998,1.8435103399999992,1.8440892182999995
2026-05-19 11:00:00+00:00,1.8437464577999996,1.8439571604999996,1.8415789757999992,1.8422109575999996
2026-05-19 12:00:00+00:00,1.8421854899999994,1.8467761124999995,1.8421854899999994,1.8445592549999994
2026-05-19 13:00:00+00:00,1.8446090849999994,1.844636250599999,1.8418412129999995,1.8437081979999996
2026-05-19 14:00:00+00:00,1.8430825449999995,1.8435332836999991,1.8413007927999998,1.8432197055999993
2026-05-19 15:00:00+00:00,1.8433029959999991,1.8434199433999994,1.8420501241999994,1.8421162397999997
2026-05-19 16:00:00+00:00,1.8417499442999994,1.8419296479999996,1.8410221949999994,1.8412739759999992
2026-05-19 17:00:00+00:00,1.8414676591999992,1.8432710684999996,1.8414676591999992,1.8428859759999994
2026-05-19 18:00:00+00:00,1.8427659359999995,1.8428951543999994,1.8410531390999993,1.8410531390999993
2026-05-19 19:00:00+00:00,1.8412136519999995,1.8418969184999994,1.8411663059999992,1.8415048483999994
2026-05-19 20:00:00+00:00,1.8415567719999995,1.8419294399999993,1.8398093375999993,1.839890055299999
2026-05-19 21:00:00+00:00,1.8387587231999996,1.8401697287999992,1.8387587231999996,1.8401697287999992
2026-05-19 22:00:00+00:00,1.8403144635999988,1.840555656399999,1.8400669133999992,1.8402350667999992
2026-05-19 23:00:00+00:00,1.8402752664999993,1.841032069599999,1.8402199983999994,1.8407388437999994
2026-05-20 00:00:00+00:00,1.8408202262999986,1.841870110699999,1.8408202262999986,1.8410387711999994
2026-05-20 01:00:00+00:00,1.8411476849999995,1.8411476849999995,1.8395978694999997,1.8403867749999994
2026-05-20 02:00:00+00:00,1.8404139095999994,1.8410987061999997,1.8402041530999993,1.8409355195999992
2026-05-20 03:00:00+00:00,1.8407286324999994,1.8422069051999992,1.840700787199999,1.842078438699999
2026-05-20 04:00:00+00:00,1.8423627910999991,1.842687920699999,1.841404637099999,1.841404637099999
2026-05-20 05:00:00+00:00,1.8416700899999996,1.841960877899999,1.8411910514999992,1.8413394425999992
2026-05-20 06:00:00+00:00,1.8404711726999987,1.8431991143999988,1.8402627671999991,1.8415900049999991
2026-05-20 07:00:00+00:00,1.8411766325999992,1.8432341495999995,1.8410029846999993,1.8424982195999993
2026-05-20 08:00:00+00:00,1.8424729343999993,1.8426574679999994,1.8409494817999994,1.8419882744999991
2026-05-20 09:00:00+00:00,1.8420738566999992,1.8432773969999992,1.8420738566999992,1.8427401020999994
2026-05-20 10:00:00+00:00,1.8427037537999997,1.8438812799999993,1.8425657149999988,1.8435430495999992
2026-05-20 11:00:00+00:00,1.8435148139999993,1.843841438399999,1.8417922079999993,1.8419316981999996
2026-05-20 12:00:00+00:00,1.842312098599999,1.8438411877999992,1.842312098599999,1.842687951299999
2026-05-20 13:00:00+00:00,1.842497545099999,1.844111919699999,1.841872092899999,1.8435158675999994
2026-05-20 14:00:00+00:00,1.8432207999999992,1.8463682369999992,1.8422780291999992,1.844720431199999
2026-05-20 15:00:00+00:00,1.8450517133999993,1.8477893355999992,1.8444448073999995,1.8467476252999993
2026-05-20 16:00:00+00:00,1.8470295807999986,1.847725745999999,1.8455106749999994,1.8468841167999992
2026-05-20 17:00:00+00:00,1.8468826502999993,1.8479548605999987,1.8468115210999996,1.8468115210999996
2026-05-20 18:00:00+00:00,1.8468124351999993,1.8473609055999993,1.8462665369999995,1.8470606549999993
2026-05-20 19:00:00+00:00,1.8472453271999991,1.8473411909999993,1.8457023453999988,1.8457023453999988
2026-05-20 20:00:00+00:00,1.8455133083999993,1.8462467199999988,1.8452996435999993,1.8452996435999993
2026-05-20 21:00:00+00:00,1.8440550790999994,1.845562073399999,1.8438880199999992,1.845351448199999
2026-05-20 22:00:00+00:00,1.8461391799999995,1.8463934138999991,1.845928468799999,1.8462700853999992
2026-05-20 23:00:00+00:00,1.846434914999999,1.8465591215999992,1.8461390156999993,1.8463591271999993
2026-05-21 00:00:00+00:00,1.8463396775999992,1.8470681999999994,1.8458880854999988,1.8469056991999993
2026-05-21 01:00:00+00:00,1.8469878382999991,1.8478776939999997,1.8469878382999991,1.847514625499999
2026-05-21 02:00:00+00:00,1.8477101320999987,1.8477752051999992,1.8465766549999993,1.847325955199999
2026-05-21 03:00:00+00:00,1.8473963401999993,1.8476758799999993,1.847368832399999,1.8474519987999987
2026-05-21 04:00:00+00:00,1.8474392083999986,1.8479656271999993,1.847167679099999,1.847882167499999
2026-05-21 05:00:00+00:00,1.8478152991999997,1.848250973799999,1.847746864199999,1.8481825223999993
2026-05-21 06:00:00+00:00,1.8482922336999992,1.8487586002999987,1.847744959199999,1.8484422651999988
2026-05-21 07:00:00+00:00,1.8488007949999987,1.8493336575999988,1.8468336479999992,1.8491114747999993
2026-05-21 08:00:00+00:00,1.8493368767999991,1.8510659647999992,1.8484973639999995,1.8491177431999994
2026-05-21 09:00:00+00:00,1.849056968999999,1.8503437070999988,1.849056968999999,1.8499453705999993
2026-05-21 10:00:00+00:00,1.8500000889999997,1.8502917426999987,1.8468225542999992,1.847349894499999
2026-05-21 11:00:00+00:00,1.8474045911999994,1.8489767946999995,1.846943376599999,1.8474481160999991
2026-05-21 12:00:00+00:00,1.8476659439999987,1.848098706999999,1.846412436999999,1.8471394607999987
2026-05-21 13:00:00+00:00,1.8474467371999992,1.8484603676999993,1.8458922479999988,1.847393527199999
2026-05-21 14:00:00+00:00,1.8480855671999992,1.8493367559999994,1.8474430946999991,1.848727343099999
2026-05-21 15:00:00+00:00,1.8482904171999992,1.8486076769999986,1.8468761063999992,1.8478331633999991
2026-05-21 16:00:00+00:00,1.8481388569999992,1.8485452945999992,1.8474649365999989,1.8477901059999997
2026-05-21 17:00:00+00:00,1.847803157199999,1.852018812799999,1.8477288121999995,1.8515360049999996
2026-05-21 18:00:00+00:00,1.8515101031999992,1.8515101031999992,1.849204991999999,1.8498529963999997
2026-05-21 19:00:00+00:00,1.8498470207999993,1.851229575799999,1.8498470207999993,1.8507457103999996
2026-05-21 20:00:00+00:00,1.851145342199999,1.851145342199999,1.8495669191999988,1.8497347815999996
2026-05-21 21:00:00+00:00,1.8471853559999987,1.8490891919999992,1.8471719311999988,1.8476456799999994
2026-05-21 22:00:00+00:00,1.8494824439999995,1.8497849271999995,1.8492487844999994,1.8496050143999994
2026-05-21 23:00:00+00:00,1.8496348244999996,1.8498508199999995,1.8495476614999995,1.8496856399999995
2026-05-22 00:00:00+00:00,1.8498507123999994,1.8505586594999994,1.8497028653999992,1.8497028653999992
2026-05-22 01:00:00+00:00,1.8497841333999994,1.8505548831999994,1.8497841333999994,1.8504680679999994
2026-05-22 02:00:00+00:00,1.8505242200999992,1.8509010101999994,1.8504467363999997,1.8506082678999995
2026-05-22 03:00:00+00:00,1.8507329513999993,1.8509416379999992,1.8503833083999996,1.8509416379999992
2026-05-22 04:00:00+00:00,1.850925759899999,1.8512809699999997,1.8507763394999994,1.8511707459999995
2026-05-22 05:00:00+00:00,1.8512413424999994,1.8514112105999994,1.8503204543999996,1.8505236313999993
2026-05-22 06:00:00+00:00,1.8501409485999996,1.8511738196999994,1.8501409485999996,1.8504108655999993
2026-05-22 07:00:00+00:00,1.8500883113999995,1.8509780794999995,1.8495966287999994,1.850601327899999
2026-05-22 08:00:00+00:00,1.8506423169999995,1.8515998121999995,1.8498932905999996,1.8500010839999996
2026-05-22 09:00:00+00:00,1.8499869680999992,1.8511331733999994,1.8498226109999991,1.8510391451999992
2026-05-22 10:00:00+00:00,1.8511504262999994,1.8518756249999997,1.8510974072999993,1.8513339389999994
2026-05-22 11:00:00+00:00,1.8513869363999993,1.8516399087999995,1.8506761645999992,1.8514468543999993
2026-05-22 12:00:00+00:00,1.8513372651999995,1.8539874993999996,1.8510066854999994,1.8539874993999996
2026-05-22 13:00:00+00:00,1.8539895999999993,1.8555190532999997,1.8531516851999992,1.8532368199999993
2026-05-22 14:00:00+00:00,1.8525962482999994,1.8559772659999996,1.8522227731999994,1.8557403362999996
2026-05-22 15:00:00+00:00,1.8556642553999994,1.8569554314999994,1.8552309299999996,1.8559779961999991
2026-05-22 16:00:00+00:00,1.8559180019999995,1.8565470215999995,1.8554747012999997,1.8556413119999995
2026-05-22 17:00:00+00:00,1.8558251553999994,1.8572123039999995,1.8556020035999992,1.8566671819999996
2026-05-22 18:00:00+00:00,1.8568051779999994,1.8568051779999994,1.8554388757999993,1.8562866785999994
2026-05-22 19:00:00+00:00,1.8562466624999996,1.8562466624999996,1.8549146391999993,1.8559499503999994
2026-05-22 20:00:00+00:00,1.8558671299999996,1.8560916199999995,1.8531060714999994,1.8531060714999994
2026-05-24 21:00:00+00:00,1.8531060714999994,1.8531559339999994,1.8514064623999995,1.8527519603999998
2026-05-24 22:00:00+00:00,1.8558932849999994,1.8572259511999996,1.8558932849999994,1.8570999292999997
2026-05-24 23:00:00+00:00,1.8571615004999995,1.8573961735999995,1.8568230696,1.8568761741
2026-05-25 00:00:00+00:00,1.8568892648000002,1.8576737963999999,1.856689095,1.8567337827000001
2026-05-25 01:00:00+00:00,1.8570179783999996,1.8571473085,1.8561704484999997,1.8562115027999997
2026-05-25 02:00:00+00:00,1.8562415978,1.8562589367,1.8558190523999998,1.8559053092
2026-05-25 03:00:00+00:00,1.8560030159999996,1.8570513907,1.8557650972,1.8568267083
2026-05-25 04:00:00+00:00,1.8567042451999998,1.8578571544,1.8566362940999996,1.8575954727999997
2026-05-25 05:00:00+00:00,1.8575689307999996,1.8584668503999997,1.8575689307999996,1.8579960858
2026-05-25 06:00:00+00:00,1.8580480594,1.858538121,1.857850967,1.8585072112
2026-05-25 07:00:00+00:00,1.8584345192,1.8590671356000001,1.857631501,1.8590671356000001
2026-05-25 08:00:00+00:00,1.8587575305000001,1.8599060139,1.8587492804999999,1.8599060139
2026-05-25 09:00:00+00:00,1.8598514583000003,1.8602882816000001,1.8598379976000001,1.8600384760999997
2026-05-25 10:00:00+00:00,1.860137706,1.8601904817999997,1.85962644,1.8598170167999997
2026-05-25 11:00:00+00:00,1.8597595743999997,1.8610921736000001,1.8597453929999999,1.860435628
2026-05-25 12:00:00+00:00,1.8605167743,1.8610769942999998,1.8599591031999998,1.8601476607999996
2026-05-25 13:00:00+00:00,1.8600395715000002,1.8604407541999999,1.859518116,1.859518116
2026-05-25 14:00:00+00:00,1.8594097205999998,1.8596013481999998,1.8588004775999996,1.8593395567999997
2026-05-25 15:00:00+00:00,1.8592967912,1.8596698775,1.8584608092000001,1.8589933743999998
2026-05-25 16:00:00+00:00,1.858841559,1.8601332633,1.858841559,1.8600231407999999
2026-05-25 17:00:00+00:00,1.8600231407999999,1.8605128431999998,1.8599567888000001,1.8603258974999999
2026-05-25 18:00:00+00:00,1.8603676538,1.8606529472000002,1.8600271559999997,1.8606263324999996
2026-05-25 19:00:00+00:00,1.8605987154999997,1.8606398069999996,1.8601422408000001,1.860184971
2026-05-25 20:00:00+00:00,1.8601576913999998,1.8604955691,1.8599143636999997,1.8599143636999997
2026-05-25 21:00:00+00:00,1.8582595356,1.8591865939999999,1.8571132672999997,1.8588877141999998
2026-05-25 22:00:00+00:00,1.8595298028999998,1.8598453302,1.8591462840000004,1.8594890592000004
2026-05-25 23:00:00+00:00,1.859572231,1.8597122972000002,1.8589534238,1.8589534238
2026-05-26 00:00:00+00:00,1.8590055299999997,1.8590055299999997,1.8582155184000002,1.8583825130000002
2026-05-26 01:00:00+00:00,1.8583269402000004,1.8583552464,1.8575482560000003,1.8579527552
2026-05-26 02:00:00+00:00,1.8579796607999999,1.8582049044000004,1.8577794350000003,1.8581552659999998
2026-05-26 03:00:00+00:00,1.8581021712,1.8584672925000003,1.8579552569999997,1.8579853679999998
2026-05-26 04:00:00+00:00,1.8580122768,1.8580122768,1.8575409520000004,1.8575409520000004
2026-05-26 05:00:00+00:00,1.8576903384,1.8576903384,1.8570880783000003,1.8571564110000003
2026-05-26 06:00:00+00:00,1.8570742613999998,1.8579052007999999,1.85662433,1.8571523075
2026-05-26 07:00:00+00:00,1.8571777080999998,1.8573670308000003,1.8551544205,1.8558384599999997
2026-05-26 08:00:00+00:00,1.8555992972999997,1.8563707217999998,1.8553469219999998,1.8556372131000003
2026-05-26 09:00:00+00:00,1.855374534,1.8567820318000001,1.855374534,1.8563948425000003
2026-05-26 10:00:00+00:00,1.8563470468,1.8570439941,1.856122585,1.8566542763999998
2026-05-26 11:00:00+00:00,1.8566259640000002,1.8574499943999998,1.8556840125999998,1.8560725001
2026-05-26 12:00:00+00:00,1.8560122776000003,1.8574490802000003,1.8559002096000001,1.85657493
2026-05-26 13:00:00+00:00,1.8564781830000001,1.8568793777,1.8542575089,1.8544512771999997
2026-05-26 14:00:00+00:00,1.8541198563999999,1.8545569896,1.852627282,1.852627282
2026-05-26 15:00:00+00:00,1.8530305434000003,1.8531110381999998,1.8504397275,1.8504397275
2026-05-26 16:00:00+00:00,1.8505213559999996,1.8524954592,1.8505213559999996,1.8522180871999998
2026-05-26 17:00:00+00:00,1.8521526792,1.8531770862000003,1.8521526792,1.852968063
2026-05-26 18:00:00+00:00,1.8530070405000003,1.8531644381999999,1.8524406679000003,1.8527954906
2026-05-26 19:00:00+00:00,1.8527345308,1.8538493096999997,1.8527345308,1.8529859256999999
2026-05-26 20:00:00+00:00,1.853045544,1.8536947125,1.8528678,1.8528954300000002
2026-05-26 21:00:00+00:00,1.8508348904000003,1.8528391582000001,1.8508348904000003,1.8521763205000004
2026-05-26 22:00:00+00:00,1.8528297013000001,1.8532297879000004,1.8527018356000002,1.8530609372000002
2026-05-26 23:00:00+00:00,1.8532247054000002,1.8535602225000005,1.8530084530000004,1.8534128691000005
2026-05-27 00:00:00+00:00,1.8534739152,1.8537834150000005,1.8530374700000005,1.8534029402
2026-05-27 01:00:00+00:00,1.8532525935000004,1.8536532660000005,1.853046189,1.8531018520000002
2026-05-27 02:00:00+00:00,1.8531919306000004,1.853556980000001,1.8529180560000005,1.8535120064
2026-05-27 03:00:00+00:00,1.8534200388000006,1.8539405940000004,1.8533928080000002,1.8539232560000005
2026-05-27 04:00:00+00:00,1.8538561510000005,1.8539670470000003,1.8534780236000006,1.8534780236000006
2026-05-27 05:00:00+00:00,1.8535178939000003,1.8538802420000002,1.8534468774000001,1.8535143120000004
2026-05-27 06:00:00+00:00,1.8531314874000004,1.8545712874000004,1.8529596630000003,1.8545712874000004
2026-05-27 07:00:00+00:00,1.8544841555000005,1.8547900587000008,1.8537146264000004,1.8544399835000007
2026-05-27 08:00:00+00:00,1.8545459968000004,1.8551669484000004,1.8539349864000003,1.8550179
2026-05-27 09:00:00+00:00,1.8550011454000008,1.8554645880000002,1.8539517018,1.8542752326
2026-05-27 10:00:00+00:00,1.8543276360000003,1.8552904875000003,1.8538259628000004,1.8552083229000005
2026-05-27 11:00:00+00:00,1.855019334,1.8551408441000006,1.8538505067000002,1.8540430524000004
2026-05-27 12:00:00+00:00,1.8538900000000007,1.8561311498000004,1.8538195176000005,1.8540921370000003
2026-05-27 13:00:00+00:00,1.8544387232000004,1.8557992300000004,1.8544323947000003,1.8548854324000001
2026-05-27 14:00:00+00:00,1.8550191501000006,1.8559319016,1.8539974372000003,1.8539974372000003
2026-05-27 15:00:00+00:00,1.8537859251000004,1.8541497993000005,1.8524470776,1.8529066197000001
2026-05-27 16:00:00+00:00,1.8526255837,1.8527937744,1.8521102268000005,1.8525782132000002
2026-05-27 17:00:00+00:00,1.8527139112000004,1.8527164663000002,1.8511704876000001,1.8525876036000004
2026-05-27 18:00:00+00:00,1.8525305148000002,1.8535838796000002,1.8524676632,1.8535652130000004
2026-05-27 19:00:00+00:00,1.8535781687,1.8536340998000007,1.8528396412000008,1.8533561238000005
2026-05-27 20:00:00+00:00,1.8532186610000005,1.8543997878000005,1.8531335688000001,1.8537117370000005
2026-05-27 21:00:00+00:00,1.8525363915000004,1.8533044736000004,1.8512649756000004,1.8526400480000003
2026-05-27 22:00:00+00:00,1.8533058329000003,1.8533063814000008,1.8528612920000007,1.8531054476000006
2026-05-27 23:00:00+00:00,1.8530085655000006,1.8531644080000003,1.8521641658000003,1.8523155375000004
2026-05-28 00:00:00+00:00,1.8522434844000006,1.8529523040000004,1.8520602012000005,1.8523849488000004
2026-05-28 01:00:00+00:00,1.8522034792000008,1.8523424512000004,1.8509512959000007,1.8511764474000003
2026-05-28 02:00:00+00:00,1.8512768967000008,1.8519898378000004,1.8512229568000003,1.8513797804000005
2026-05-28 03:00:00+00:00,1.8513421371000007,1.8513713088000003,1.8489990610000004,1.8490053816000005
2026-05-28 04:00:00+00:00,1.849049693,1.8494780840000007,1.8488827088000004,1.8492394503000005
2026-05-28 05:00:00+00:00,1.8492373519000003,1.8510556350000003,1.8492373519000003,1.8508638939000006
2026-05-28 06:00:00+00:00,1.8507961125999999,1.8522185568000002,1.8506587808000008,1.8516439809000003
2026-05-28 07:00:00+00:00,1.8518142500000003,1.8520587630000005,1.8508430025,1.8518509581000002
2026-05-28 08:00:00+00:00,1.8520167472000004,1.8524740992000004,1.8514421600000006,1.8524211446000007
2026-05-28 09:00:00+00:00,1.8525191731000004,1.8529820322000001,1.8521132901000006,1.8523918952000005
2026-05-28 10:00:00+00:00,1.8524710190000007,1.8527432880000005,1.8511546592000003,1.8511546592000003
2026-05-28 11:00:00+00:00,1.8516358575999998,1.8520859854000005,1.8510076918000002,1.8517372944000003
2026-05-28 12:00:00+00:00,1.8518294206000003,1.8531324405000003,1.8512116050000007,1.8529151112000002
2026-05-28 13:00:00+00:00,1.8530895366000002,1.8533696566000002,1.8522865774000004,1.8522865774000004
2026-05-28 14:00:00+00:00,1.8521982300000002,1.8547421376000006,1.8505640886000003,1.8511877241000003
2026-05-28 15:00:00+00:00,1.8512824675,1.8512967042000006,1.8490153662000004,1.8490153662000004
2026-05-28 16:00:00+00:00,1.8490965592000002,1.8498627951,1.8488594154000004,1.8494734752000004
2026-05-28 17:00:00+00:00,1.8493907135999998,1.8493907135999998,1.8481285788000004,1.8485586824000004
2026-05-28 18:00:00+00:00,1.8483541550000004,1.8484693702000004,1.8471849781000003,1.8475196913000005
2026-05-28 19:00:00+00:00,1.8472313550000004,1.8475212225000006,1.8467796680999997,1.8473420188000003
2026-05-28 20:00:00+00:00,1.8473278500000005,1.8481818080000003,1.8472876470000001,1.8478673630000002
2026-05-28 21:00:00+00:00,1.8466122756000003,1.8475518435000005,1.8454837179999997,1.8475518435000005
2026-05-28 22:00:00+00:00,1.8478267679000004,1.8484395314000004,1.8477291378,1.8478490137000005
2026-05-28 23:00:00+00:00,1.8480488247000002,1.8481828977000003,1.8478554720000004,1.8480990528000003
2026-05-29 00:00:00+00:00,1.8479393079000002,1.8483435100000003,1.8476326456,1.8477931065000004
2026-05-29 01:00:00+00:00,1.8477965400000007,1.8482507465000002,1.8475430368,1.8477754856000006
2026-05-29 02:00:00+00:00,1.8475510819000003,1.8480450487000002,1.8475231320000003,1.8475675232000002
2026-05-29 03:00:00+00:00,1.8476601646000004,1.8477665892000004,1.8472303236000003,1.8473304472000003
2026-05-29 04:00:00+00:00,1.8475128914000003,1.8480495544999997,1.8473217960000003,1.8480495544999997
2026-05-29 05:00:00+00:00,1.8480345912000005,1.8481548000000005,1.8474587736,1.8479040930000004
2026-05-29 06:00:00+00:00,1.8481113192000003,1.8493584776000005,1.8476904500000002,1.8491499936000002
2026-05-29 07:00:00+00:00,1.8487321886,1.8491503860000003,1.8469209150000003,1.8479196932000006
2026-05-29 08:00:00+00:00,1.8479485880000004,1.8483656520000002,1.8463272680000002,1.8466154834000001
2026-05-29 09:00:00+00:00,1.8464506632000002,1.8477508101000002,1.8464506632000002,1.8477508101000002
2026-05-29 10:00:00+00:00,1.8476101215000005,1.8478600008000003,1.8469195965000003,1.8478600008000003
2026-05-29 11:00:00+00:00,1.8479808549999999,1.8487483296000002,1.8477221994000002,1.8483207912000004
2026-05-29 12:00:00+00:00,1.8483240736000004,1.8520262240000003,1.8483240736000004,1.8514243632000003
2026-05-29 13:00:00+00:00,1.8512002670000005,1.8520818120000007,1.8507102047000004,1.8513087740000003
2026-05-29 14:00:00+00:00,1.8516621816000005,1.8522640040000005,1.8487888161000003,1.8517500978000005
2026-05-29 15:00:00+00:00,1.8524470825000006,1.8536910896000003,1.8515200742000006,1.8525192285999998
2026-05-29 16:00:00+00:00,1.8525864140999997,1.8535821117000002,1.8521699707000003,1.853432897
2026-05-29 17:00:00+00:00,1.8532426582000001,1.8536626923000001,1.8510272718,1.8510272718
2026-05-29 18:00:00+00:00,1.8510675264,1.8524788302000006,1.8509039010000006,1.8521726550000002
2026-05-29 19:00:00+00:00,1.8524314560000004,1.8527124329999998,1.8512552568000002,1.8522793920000002
2026-05-29 20:00:00+00:00,1.8516177371000002,1.8521940976000006,1.8490508813000006,1.8490508813000006
2026-05-31 21:00:00+00:00,1.8490911110000006,1.8498841212,1.8472383493999998,1.8482731071000003
2026-05-31 22:00:00+00:00,1.8483688424000002,1.8490903524000002,1.8481936561999996,1.8482310114000002
2026-05-31 23:00:00+00:00,1.8484325275000004,1.84878639,1.8482727339999998,1.8486653692000006
2026-06-01 00:00:00+00:00,1.8486750280000002,1.8498508606000004,1.8486750280000002,1.8498508606000004
2026-06-01 01:00:00+00:00,1.8496152452000003,1.8506774527999996,1.8496152452000003,1.8506774527999996
2026-06-01 02:00:00+00:00,1.8506241765000002,1.8510484322000003,1.8505321750000003,1.8510484322000003
2026-06-01 03:00:00+00:00,1.8512132336000007,1.8512610347000007,1.8505148950000003,1.8507562840000003
2026-06-01 04:00:00+00:00,1.8508659109999999,1.8512009520000003,1.8506969875000001,1.8511055136000008
2026-06-01 05:00:00+00:00,1.8511453875000001,1.8522792912000003,1.8510951168,1.8520283635
2026-06-01 06:00:00+00:00,1.8521759225000003,1.8532154699999996,1.8508148276000005,1.8527073027000003
2026-06-01 07:00:00+00:00,1.8523984464000007,1.8528721722000001,1.8516234253000003,1.8523806028000003
2026-06-01 08:00:00+00:00,1.8524074452000001,1.8544349778000004,1.8524074452000001,1.8539092792000003
2026-06-01 09:00:00+00:00,1.8541117058999996,1.854243492,1.8528744915000002,1.8528744915000002
2026-06-01 10:00:00+00:00,1.8528070036000008,1.8541424880000001,1.8524246976000003,1.8540415608000005
2026-06-01 11:00:00+00:00,1.8542291047000001,1.8554151543000001,1.8542291047000001,1.8552998392000002
2026-06-01 12:00:00+00:00,1.8552370032000007,1.8565272297000002,1.8541232679000004,1.8544331916000003
2026-06-01 13:00:00+00:00,1.8543598200000004,1.8548717832000003,1.8497339292000003,1.8497339292000003
2026-06-01 14:00:00+00:00,1.8497187855,1.8527411376000003,1.849423629,1.8527411376000003
2026-06-01 15:00:00+00:00,1.8526871160000002,1.8540397800000001,1.8517083978000008,1.8540397800000001
2026-06-01 16:00:00+00:00,1.8542667720000001,1.8544916852000002,1.8530137035000003,1.8543002293000006
2026-06-01 17:00:00+00:00,1.854122598,1.8556211625000005,1.8536692680000002,1.8553101215
2026-06-01 18:00:00+00:00,1.855283664,1.8558561780000002,1.8551585040000003,1.8556012332
2026-06-01 19:00:00+00:00,1.8555036024000002,1.8559339568000004,1.8547277772000006,1.8553670568000002
2026-06-01 20:00:00+00:00,1.8554504171,1.855617528,1.8550546812000002,1.8550546812000002
2026-06-01 21:00:00+00:00,1.8539454948000005,1.8557635566000004,1.8538013860000007,1.8539656044000004
2026-06-01 22:00:00+00:00,1.8555167064000007,1.8559868196000004,1.8555167064000007,1.8557176000000004
2026-06-01 23:00:00+00:00,1.8558701148000003,1.8562768378,1.8557956648000005,1.8561426158000003
2026-06-02 00:00:00+00:00,1.8561873473000003,1.8564017136000004,1.8557677834000004,1.8557962812000004
2026-06-02 01:00:00+00:00,1.8558939384000002,1.8566673125000004,1.8558151680000003,1.8558151680000003
2026-06-02 02:00:00+00:00,1.8559304442000006,1.8562876220000004,1.8558017536000004,1.8561174350000003
2026-06-02 03:00:00+00:00,1.8562029512000007,1.8565256931000003,1.8560386100000001,1.8563914861000004
2026-06-02 04:00:00+00:00,1.8563760054000005,1.8572474655000006,1.8563760054000005,1.8571795212000004
2026-06-02 05:00:00+00:00,1.8570721108000001,1.8574443553000002,1.8569130255000004,1.8569130255000004
2026-06-02 06:00:00+00:00,1.8572861174000006,1.8587455458000006,1.8572861174000006,1.8581088035000004
2026-06-02 07:00:00+00:00,1.8580001284000003,1.8581341453000004,1.8571860586000002,1.8576685288000003
2026-06-02 08:00:00+00:00,1.8578332840000005,1.8578901636000005,1.8572066929000006,1.8575269686000004
2026-06-02 09:00:00+00:00,1.8574028603000003,1.8589146836000006,1.8572791644000006,1.8588442968000005
2026-06-02 10:00:00+00:00,1.8584303778000006,1.8592728756000003,1.8583412367000003,1.8588072412
2026-06-02 11:00:00+00:00,1.8588915112000004,1.8590706169000006,1.8580790544000003,1.8580928832
2026-06-02 12:00:00+00:00,1.8581339774000003,1.8586967270000005,1.8572654968000004,1.8572654968000004
2026-06-02 13:00:00+00:00,1.8573207956000004,1.8575742830000002,1.8550952307000004,1.8562118536000003
2026-06-02 14:00:00+00:00,1.8562886975000004,1.8572998500000006,1.8562247046000004,1.8565949318000001
2026-06-02 15:00:00+00:00,1.8569277434000002,1.8575335164000002,1.856018112,1.8564462592000002
2026-06-02 16:00:00+00:00,1.8563130088000004,1.8566362941000005,1.8558179166000002,1.8559671983000003
2026-06-02 17:00:00+00:00,1.8559833682000004,1.8564131090000002,1.8555442280000003,1.8557643672000004
2026-06-02 18:00:00+00:00,1.8559319016000002,1.8563119410000002,1.8551128714999998,1.8561527110000002
2026-06-02 19:00:00+00:00,1.8561830588000001,1.8568799760000003,1.8561795740000004,1.8566745780000002
2026-06-02 20:00:00+00:00,1.8566481085000002,1.8570474748000005,1.8563040990000002,1.8565386624000006
2026-06-02 21:00:00+00:00,1.8557114898000004,1.8569300606999999,1.8549211956000005,1.8557078430000007
2026-06-02 22:00:00+00:00,1.8563819052000008,1.8576343776000008,1.8563819052000008,1.8570904038000007
2026-06-02 23:00:00+00:00,1.8570505405000006,1.8571025977000009,1.8560653875000008,1.8564762905000007
2026-06-03 00:00:00+00:00,1.8566134080000007,1.8576189284000006,1.8566134080000007,1.8576164978000007
2026-06-03 01:00:00+00:00,1.8574635120000007,1.8579324588000008,1.8572018924000004,1.8577169713000008
2026-06-03 02:00:00+00:00,1.8578129962000007,1.8580954353000005,1.857752657100001,1.8577682234000008
2026-06-03 03:00:00+00:00,1.8578345280000008,1.8582292524000006,1.8576294378000007,1.8581835936000006
2026-06-03 04:00:00+00:00,1.8581575716000007,1.8581575716000007,1.8577373424000008,1.857848073600001
2026-06-03 05:00:00+00:00,1.857807806400001,1.8584063948000007,1.856812224300001,1.856812224300001
2026-06-03 06:00:00+00:00,1.8570579717000009,1.8571250382000009,1.8559545004000007,1.8569736048000005
2026-06-03 07:00:00+00:00,1.8569385245000007,1.8579197880000007,1.8564378336000007,1.8577389284000005
2026-06-03 08:00:00+00:00,1.8575568160000009,1.8577813113000008,1.8565978608000007,1.8566608606000008
2026-06-03 09:00:00+00:00,1.8568404695000007,1.8573867702000009,1.8565629002000006,1.857354689400001
2026-06-03 10:00:00+00:00,1.8571660648000006,1.8576017640000007,1.8561516288000006,1.856946347300001
2026-06-03 11:00:00+00:00,1.8569593266000008,1.8578411488000006,1.8567944850000007,1.8572833944000007
2026-06-03 12:00:00+00:00,1.8571016360000006,1.8573729213000008,1.8557414358000004,1.8565446725000005
2026-06-03 13:00:00+00:00,1.8565409381000006,1.8568998525000007,1.8558144630000009,1.8563772084000005
2026-06-03 14:00:00+00:00,1.8566525438000008,1.8588580904000007,1.8560740572000007,1.8587379692000008
2026-06-03 15:00:00+00:00,1.8585514608000007,1.8602126640000007,1.8582885365000008,1.8601203495000005
2026-06-03 16:00:00+00:00,1.8600316624000006,1.8600316624000006,1.8581666220000008,1.8587883350000007
2026-06-03 17:00:00+00:00,1.8586673687000006,1.8589356958000007,1.8579109032000005,1.8581249544000007
2026-06-03 18:00:00+00:00,1.8582638464000008,1.8585679770000008,1.8578157288000008,1.858102278000001
2026-06-03 19:00:00+00:00,1.8581305633000007,1.8587062720000007,1.8579987999000007,1.8587062720000007
2026-06-03 20:00:00+00:00,1.8586315449000006,1.8586795080000007,1.8580353830000007,1.8581393544000009
2026-06-03 21:00:00+00:00,1.8571681604000005,1.8577915160000007,1.8555596328000006,1.8555596328000006
2026-06-03 22:00:00+00:00,1.8579341088000005,1.8580634331000005,1.8573075576000004,1.8579142230000005
2026-06-03 23:00:00+00:00,1.8579712658000005,1.8588766626000004,1.8576351952000003,1.8587229139000003
2026-06-04 00:00:00+00:00,1.8585761754000005,1.8591072756000007,1.8582835843000005,1.8586257098000003
2026-06-04 01:00:00+00:00,1.8584956971000006,1.8592479664000001,1.8584956971000006,1.8592093180000004
2026-06-04 02:00:00+00:00,1.8589691626000004,1.8596038942000006,1.8588873430000006,1.8592701950000003
2026-06-04 03:00:00+00:00,1.8591689025000007,1.8592991696000005,1.8587593485000005,1.8591473670000003
2026-06-04 04:00:00+00:00,1.8591731078000007,1.8606599978000007,1.8591731078000007,1.8606599978000007
2026-06-04 05:00:00+00:00,1.8605900104000006,1.8608262458000004,1.8598895000000004,1.8603517386000006
2026-06-04 06:00:00+00:00,1.8603403875000006,1.8611840232000005,1.8603403875000006,1.8611148033000005
2026-06-04 07:00:00+00:00,1.8609860643000005,1.8620196740000006,1.8607990005000006,1.8619377857000003
2026-06-04 08:00:00+00:00,1.8619163563000005,1.8626784570000003,1.8619163563000005,1.8622893990000005
2026-06-04 09:00:00+00:00,1.8624455095,1.8628859052000004,1.8610938774000005,1.8610938774000005
2026-06-04 10:00:00+00:00,1.8610765036000005,1.8620887574000005,1.8609340717000002,1.8619403509000005
2026-06-04 11:00:00+00:00,1.8622796269000006,1.8634428540000008,1.8621533043000003,1.8633428344000005
2026-06-04 12:00:00+00:00,1.8635692326000004,1.8638079852000005,1.8624521622000005,1.8624581100000006
2026-06-04 13:00:00+00:00,1.8623216205000004,1.8627063912000006,1.8608238399,1.8612950598000007
2026-06-04 14:00:00+00:00,1.8612590460000003,1.8615077916000007,1.8599537355000002,1.8611788542000003
2026-06-04 15:00:00+00:00,1.8608752904000003,1.8617121054000005,1.8599032494000003,1.8601123006000004
2026-06-04 16:00:00+00:00,1.8599729814000003,1.8609900464000004,1.8596799639000003,1.8603204380000005
2026-06-04 17:00:00+00:00,1.8602380944000005,1.8604990194000004,1.8597972960000002,1.8597972960000002
2026-06-04 18:00:00+00:00,1.8599412880000001,1.8599412880000001,1.8589613328000003,1.8592641122000004
2026-06-04 19:00:00+00:00,1.8592568100000002,1.8598468350000004,1.8591615994000001,1.8597408020000006
2026-06-04 20:00:00+00:00,1.8598478644000007,1.8605781863000006,1.8598478644000007,1.8602328576000002
2026-06-04 21:00:00+00:00,1.8586348086000006,1.8601617954,1.8580169080000002,1.8580359794999999
2026-06-04 22:00:00+00:00,1.8594232448999997,1.8600506687999998,1.8594232448999997,1.859980661
2026-06-04 23:00:00+00:00,1.8599137479999999,1.8599940435999998,1.8597346231999998,1.8597752843
2026-06-05 00:00:00+00:00,1.8595838156999998,1.8598411589999997,1.859226114,1.859738231
2026-06-05 01:00:00+00:00,1.8597881496,1.8599528640000003,1.8594263325,1.859527701
2026-06-05 02:00:00+00:00,1.8594144918,1.8598008442999998,1.8592183628999999,1.8592342936
2026-06-05 03:00:00+00:00,1.85923582,1.8600228192,1.859194144,1.860022309
2026-06-05 04:00:00+00:00,1.8598874349999999,1.8603434355000001,1.8598874349999999,1.8601956599999998
2026-06-05 05:00:00+00:00,1.8600726375,1.8604000311,1.8599224809,1.8599368889999999
2026-06-05 06:00:00+00:00,1.8598396155999999,1.8605223432,1.8598396155999999,1.8605223432
2026-06-05 07:00:00+00:00,1.8606572806,1.8606572806,1.8597725999999999,1.8603167235
2026-06-05 08:00:00+00:00,1.8600629813999998,1.8620626184999998,1.8599270507999999,1.8617836464000002
2026-06-05 09:00:00+00:00,1.8615342875,1.8629223765,1.8608610239999999,1.861316376
2026-06-05 10:00:00+00:00,1.861455036,1.8634480668000002,1.8612711029999995,1.8627952771999998
2026-06-05 11:00:00+00:00,1.8628763108000002,1.8630386684999998,1.862079678,1.8624202192000001
2026-06-05 12:00:00+00:00,1.8622036147999999,1.8634169872000002,1.8555620655000002,1.8555620655000002
2026-06-05 13:00:00+00:00,1.8553836474,1.8574785,1.8551494675999998,1.8559444799999998
2026-06-05 14:00:00+00:00,1.8561737103,1.8570222642999998,1.8551500286000002,1.8560381958
2026-06-05 15:00:00+00:00,1.8559936572,1.8559936572,1.853906784,1.8542348716000001
2026-06-05 16:00:00+00:00,1.8543310663,1.8544098188,1.8529437011999998,1.8543655108
2026-06-05 17:00:00+00:00,1.8543593777999998,1.8546324209999998,1.8527786802000001,1.8532397337999997
2026-06-05 18:00:00+00:00,1.8532809014999998,1.8535969456,1.8524505076,1.8534877032
2026-06-05 19:00:00+00:00,1.8533255783999998,1.8533255783999998,1.8525504282,1.8527235615
2026-06-05 20:00:00+00:00,1.8523480768,1.8529693135999998,1.8510362975999997,1.8517959745999995
2026-06-07 21:00:00+00:00,1.8516896121999993,1.8521194736999993,1.8502603475999995,1.8502603475999995
2026-06-07 22:00:00+00:00,1.852878015499999,1.8542694879999992,1.8526404707999993,1.8542694879999992
2026-06-07 23:00:00+00:00,1.8543715752999994,1.8549246589999993,1.8541930497999994,1.854911348499999
2026-06-08 00:00:00+00:00,1.8549664663999992,1.8559696049999992,1.8549150960999994,1.8559696049999992
2026-06-08 01:00:00+00:00,1.8560210873999994,1.8561985446999993,1.853590193599999,1.8553479383999991
2026-06-08 02:00:00+00:00,1.8553073769999993,1.8560060857999992,1.8546529628999995,1.8557527391999993
2026-06-08 03:00:00+00:00,1.8558230459999991,1.8560466574999994,1.8554823119999992,1.8558146925999994
2026-06-08 04:00:00+00:00,1.8558007564999996,1.8562370861999995,1.8552956879999993,1.855381151399999
2026-06-08 05:00:00+00:00,1.8556780787999994,1.8556891879999993,1.8540295774999993,1.8542038211999992
2026-06-08 06:00:00+00:00,1.8541873223999994,1.8545066519999993,1.8530535211999992,1.8532783223999996
2026-06-08 07:00:00+00:00,1.8534601279999992,1.8557933068999994,1.853265023999999,1.8547327826999993
2026-06-08 08:00:00+00:00,1.8547917387999995,1.8552593039999994,1.8538284935999991,1.8538284935999991
2026-06-08 09:00:00+00:00,1.8540693539999993,1.8541973841999992,1.8520407555999996,1.8540359374999993
2026-06-08 10:00:00+00:00,1.8540701191999993,1.8557672024999994,1.8538908303999992,1.8554315916999993
2026-06-08 11:00:00+00:00,1.8554322071999994,1.8577382197999992,1.8554322071999994,1.8574884594999994
2026-06-08 12:00:00+00:00,1.8574696749999993,1.857955301899999,1.8547154839999995,1.8552463158999992
2026-06-08 13:00:00+00:00,1.8552445275999996,1.8573982898999992,1.8551452799999995,1.856544992599999
2026-06-08 14:00:00+00:00,1.8566000063999994,1.857011184899999,1.8553414439999993,1.8556956991999995
2026-06-08 15:00:00+00:00,1.8556278774999992,1.8575728555999993,1.8556278774999992,1.857289106399999
2026-06-08 16:00:00+00:00,1.8572621263999993,1.8575162074999994,1.8569424415999993,1.8572413169999993
2026-06-08 17:00:00+00:00,1.8573820081999992,1.8579833014999994,1.857165955199999,1.8573584837999992
2026-06-08 18:00:00+00:00,1.8573950659999992,1.8578122926999991,1.8568946913999993,1.8568946913999993
2026-06-08 19:00:00+00:00,1.8570822839999992,1.8572223630999993,1.8564343207999991,1.8566675807999995
2026-06-08 20:00:00+00:00,1.8566041207999995,1.8570023819999992,1.8564186032999994,1.856431187299999
2026-06-08 21:00:00+00:00,1.8556306275999992,1.8561729959999995,1.8536009781999996,1.8537590368
2026-06-08 22:00:00+00:00,1.8558338749999999,1.8562327118,1.8556870084,1.8559961514
2026-06-08 23:00:00+00:00,1.8560094672000003,1.856245533,1.855790474,1.855860196
2026-06-09 00:00:00+00:00,1.85570426,1.856044008,1.855142177,1.8555584256
2026-06-09 01:00:00+00:00,1.8557186339999998,1.8567558042,1.8556027499999996,1.8567558042
2026-06-09 02:00:00+00:00,1.8566061839999999,1.8570453673,1.8565479503999998,1.8565952471999998
2026-06-09 03:00:00+00:00,1.856523137,1.8570410693999997,1.8564946576,1.8567030623999998
2026-06-09 04:00:00+00:00,1.8566987889,1.8579066255999999,1.8566509824,1.8577290936
2026-06-09 05:00:00+00:00,1.8577569548000001,1.8578704368,1.8568693271999999,1.856977195
2026-06-09 06:00:00+00:00,1.8567079349,1.8581123426,1.8565887149999998,1.8571454472
2026-06-09 07:00:00+00:00,1.8572405719,1.8588163616999998,1.8570473983999998,1.8580521966
2026-06-09 08:00:00+00:00,1.857996495,1.8601324715999998,1.857996495,1.8596587485
2026-06-09 09:00:00+00:00,1.859403295,1.8609214480000003,1.859400128,1.8605432927999999
2026-06-09 10:00:00+00:00,1.860789996,1.8613873238999998,1.8604368288000002,1.8611891673
2026-06-09 11:00:00+00:00,1.8614921174999999,1.86166625,1.8604644192,1.860626148
2026-06-09 12:00:00+00:00,1.8606555521999997,1.8610801289999996,1.8602228159999998,1.8607925152
2026-06-09 13:00:00+00:00,1.8607925152,1.8626480418,1.8607925152,1.8622047267999997
2026-06-09 14:00:00+00:00,1.862159481,1.8649906274999997,1.862159481,1.8632689757999998
2026-06-09 15:00:00+00:00,1.8635364198,1.863926625,1.8618420128,1.8633599552
2026-06-09 16:00:00+00:00,1.8629492045,1.8636306001999998,1.8603848767999998,1.8615600782999997
2026-06-09 17:00:00+00:00,1.8617232479999999,1.8631798391999999,1.8617232479999999,1.8620140176
2026-06-09 18:00:00+00:00,1.8621400471999998,1.8631780056000002,1.8616178792,1.8626964480000001
2026-06-09 19:00:00+00:00,1.8625158179999999,1.8628446452999998,1.8608729238,1.8608729238
2026-06-09 20:00:00+00:00,1.8608833823999997,1.8617456922,1.8606267529999998,1.86081313
2026-06-09 21:00:00+00:00,1.859953299,1.859953299,1.8580885799999998,1.8587071730999996
2026-06-09 22:00:00+00:00,1.8600402743999995,1.8605582279999995,1.8600278781,1.8605323515999996
2026-06-09 23:00:00+00:00,1.8605050649999997,1.8606625343999994,1.8604154869999994,1.8604783709999997
2026-06-10 00:00:00+00:00,1.8608758019999998,1.8610934629999998,1.8603312481999994,1.8608264839999997
2026-06-10 01:00:00+00:00,1.8608491214999996,1.8611057521999999,1.8605580991999997,1.8606434873
2026-06-10 02:00:00+00:00,1.8605947748999996,1.8613449461999998,1.8603707245999999,1.8612050567999998
2026-06-10 03:00:00+00:00,1.8612741583999997,1.8619739701999993,1.8611515997999997,1.8618585479999996
2026-06-10 04:00:00+00:00,1.8619108661999997,1.8619108661999997,1.8610622139999997,1.8611811959999995
2026-06-10 05:00:00+00:00,1.8611515997999997,1.8619713188999996,1.8610773067999997,1.8617267811999998
2026-06-10 06:00:00+00:00,1.8618922374999998,1.8623379494999999,1.8606270227999997,1.8606270227999997
2026-06-10 07:00:00+00:00,1.8604768699999994,1.8613324719999995,1.8601841663999996,1.8609882779999998
2026-06-10 08:00:00+00:00,1.8607593451999997,1.8607593451999997,1.8594915651999997,1.859667488
2026-06-10 09:00:00+00:00,1.8597420775999998,1.8605379214999997,1.8592136954999994,1.8605047124999996
2026-06-10 10:00:00+00:00,1.8603944928999996,1.8609129363999994,1.8598549094999997,1.8600782885999998
2026-06-10 11:00:00+00:00,1.8600654734999997,1.8607107889999996,1.8581756479999998,1.8587694026999997
2026-06-10 12:00:00+00:00,1.8586625714999996,1.8617595653999999,1.8584972459999995,1.8606463411999996
2026-06-10 13:00:00+00:00,1.8610835130999999,1.8613657829999997,1.8598612471999996,1.8607430615999996
2026-06-10 14:00:00+00:00,1.8606966974999997,1.8616214903999995,1.8602029654999994,1.8612757799999995
2026-06-10 15:00:00+00:00,1.8610777499999998,1.8612002595999997,1.8591580174999998,1.8597803951999996
2026-06-10 16:00:00+00:00,1.8599858279999997,1.8602674271999997,1.8597776421999996,1.8600064978999995
2026-06-10 17:00:00+00:00,1.8602597551999998,1.8604968849999997,1.8592197203999996,1.8601511708999996
2026-06-10 18:00:00+00:00,1.8600914525999996,1.8605124427999997,1.8592577015999994,1.8593632299999996
2026-06-10 19:00:00+00:00,1.8592867853999997,1.8598476239999995,1.8586689559999998,1.8594808511999998
2026-06-10 20:00:00+00:00,1.8595238109999994,1.859745855,1.8584681672999999,1.8584681672999999
2026-06-10 21:00:00+00:00,1.8575102783999997,1.8585464699999998,1.8575102783999997,1.8577254674999992
2026-06-10 22:00:00+00:00,1.858034042999999,1.858034042999999,1.8572088653999994,1.8572088653999994
2026-06-10 23:00:00+00:00,1.8574173413999993,1.8584665434999994,1.8570053610999995,1.8582975579999996
2026-06-11 00:00:00+00:00,1.8583989423999994,1.8587763323999997,1.8582302161999997,1.8586306899999996
2026-06-11 01:00:00+00:00,1.8585610574999998,1.8605488610999996,1.8585610574999998,1.8597587891999996
2026-06-11 02:00:00+00:00,1.8597593469999996,1.8598539924999995,1.8592188784999997,1.8595484920999996
2026-06-11 03:00:00+00:00,1.8596732419999995,1.8596732419999995,1.8591656539999997,1.8594905132999995
2026-06-11 04:00:00+00:00,1.8595166499999995,1.8603327584999998,1.8593333333999995,1.8601739549999998
2026-06-11 05:00:00+00:00,1.8600602921999996,1.8604550614999997,1.8600014159999996,1.8603333894999996
2026-06-11 06:00:00+00:00,1.8602841503999996,1.8617734421999994,1.8602841503999996,1.8615539063999995
2026-06-11 07:00:00+00:00,1.8618227329999995,1.8639142731999996,1.8617245412999996,1.8632394485999995
2026-06-11 08:00:00+00:00,1.8630952199999997,1.8634196020999996,1.8621988314999998,1.8624851765999997
2026-06-11 09:00:00+00:00,1.8624134906999994,1.8631705807999999,1.8620192051999993,1.8629245217999997
2026-06-11 10:00:00+00:00,1.8628534559999996,1.8628534559999996,1.8618067703999996,1.8623133904999996
2026-06-11 11:00:00+00:00,1.8625533171999995,1.8630020735999997,1.8619937783999998,1.8628699123999994
2026-06-11 12:00:00+00:00,1.8627606959999996,1.8635516729999995,1.8611360394999994,1.8633776855999993
2026-06-11 13:00:00+00:00,1.8632360599999997,1.8648025055999995,1.8616320562999997,1.8643132429999996
2026-06-11 14:00:00+00:00,1.8648610518999995,1.8648610518999995,1.8620368190999996,1.8628758014999995
2026-06-11 15:00:00+00:00,1.8628400879999993,1.8632308415999999,1.8616830099999995,1.8623560009999998
2026-06-11 16:00:00+00:00,1.8624559746999994,1.8627734211999993,1.8617813407999995,1.8622205311999995
2026-06-11 17:00:00+00:00,1.8622577203999995,1.8680357054999996,1.8621503459999995,1.8668724312999996
2026-06-11 18:00:00+00:00,1.8667436122999994,1.8682388735999995,1.8660844987999996,1.8677673845999996
2026-06-11 19:00:00+00:00,1.8681894592999995,1.8691068815999994,1.8675674144999996,1.8675674144999996
2026-06-11 20:00:00+00:00,1.8677687135999994,1.8687090949999994,1.8676760509999997,1.8683954714999995
2026-06-11 21:00:00+00:00,1.8675055079999994,1.8696569399999996,1.8670415988999998,1.8687922549999993
2026-06-11 22:00:00+00:00,1.8704748799999997,1.8707071616999995,1.8694854795999996,1.8701857162999997
2026-06-11 23:00:00+00:00,1.8701933434999998,1.8704166399999993,1.8699134994,1.8702166895999996
2026-06-12 00:00:00+00:00,1.8699067154999995,1.8704575637999998,1.8695197883999997,1.8699291887999998
2026-06-12 01:00:00+00:00,1.8697912667999999,1.8699298939999995,1.8691581995999997,1.8694689829999993
2026-06-12 02:00:00+00:00,1.8694398839999997,1.8701805533999996,1.8693741254999996,1.8697855097999998
2026-06-12 03:00:00+00:00,1.8698163206,1.8703786883999993,1.8695597485999995,1.8701776291999994
2026-06-12 04:00:00+00:00,1.8701044376999996,1.8704261016,1.8698323561999997,1.8698793607999997
2026-06-12 05:00:00+00:00,1.8699146450999995,1.8699503009999998,1.8692125101999997,1.8692246974999998
2026-06-12 06:00:00+00:00,1.8695340745999995,1.8699221024999997,1.8687974279999997,1.8694898089999996
2026-06-12 07:00:00+00:00,1.8692250810999995,1.8698811646999998,1.8688184399999996,1.8698811646999998
2026-06-12 08:00:00+00:00,1.8693688649999995,1.8717966751999995,1.8693688649999995,1.8715115201999994
2026-06-12 09:00:00+00:00,1.8713130329999994,1.8724800854999997,1.8712478609999998,1.8722074938999997
2026-06-12 10:00:00+00:00,1.8723035791999998,1.8723399963999996,1.8712385371999996,1.8714836672999997
2026-06-12 11:00:00+00:00,1.8715465577999997,1.8727299255999996,1.8714751135999994,1.8716484357999994
2026-06-12 12:00:00+00:00,1.8713613764999995,1.8713613764999995,1.8685539982999995,1.8686509785
2026-06-12 13:00:00+00:00,1.8684342431999996,1.8703957238999993,1.8682115306999993,1.8692495278999994
2026-06-12 14:00:00+00:00,1.8695190095999996,1.8698765192999995,1.8681364223999999,1.8694369134999993
2026-06-12 15:00:00+00:00,1.8693141149999997,1.8700967550999996,1.8688966326999996,1.8697678649999998
2026-06-12 16:00:00+00:00,1.8694586567999998,1.8706339719999996,1.8690376979999999,1.8702904373999996
2026-06-12 17:00:00+00:00,1.8704322835999996,1.8713233999999996,1.8704043641999997,1.8712088472
2026-06-12 18:00:00+00:00,1.8711948815999997,1.8716697119999997,1.8709697252999997,1.8712316699999991
2026-06-12 19:00:00+00:00,1.8713824619999992,1.8713824619999992,1.870630119199999,1.8709089251999993
2026-06-12 20:00:00+00:00,1.8707902343999991,1.870987552799999,1.8693518999999994,1.8693518999999994
2026-06-14 21:00:00+00:00,1.8693251471999996,1.872109140999999,1.8693251471999996,1.8706923576
2026-06-14 22:00:00+00:00,1.8727250395000001,1.8749470692,1.8727250395000001,1.8746041032
2026-06-14 23:00:00+00:00,1.8746728349999997,1.8748521683999997,1.8742781184,1.8747516488000002
2026-06-15 00:00:00+00:00,1.8748888195999998,1.8757359809999998,1.8747631142999996,1.8748297197
2026-06-15 01:00:00+00:00,1.8748070940000001,1.8750679177999998,1.8743127924999998,1.8743127924999998
2026-06-15 02:00:00+00:00,1.8742670441999998,1.8745458599999998,1.8738849195,1.8739838514
2026-06-15 03:00:00+00:00,1.8740402496,1.8744381851999996,1.8739054996,1.8741396743999998
2026-06-15 04:00:00+00:00,1.8743732595,1.8748011399999995,1.873872264,1.8744877568999998
2026-06-15 05:00:00+00:00,1.8745917120000002,1.8746770065,1.8741349208,1.8746728849
2026-06-15 06:00:00+00:00,1.8750527279999998,1.8753711329999998,1.8744633432,1.874779161
2026-06-15 07:00:00+00:00,1.8750251349999998,1.8751144644000002,1.873756974,1.8741766941
2026-06-15 08:00:00+00:00,1.8738821635999998,1.8740073528,1.8721040217999996,1.8724192937999997
2026-06-15 09:00:00+00:00,1.8725572907999999,1.8732255506999997,1.872287505,1.8727629594000001
2026-06-15 10:00:00+00:00,1.8724852943999999,1.8731478520000002,1.8720283617999998,1.8721763887
2026-06-15 11:00:00+00:00,1.87227693,1.8736145603999999,1.87227693,1.8736145603999999
2026-06-15 12:00:00+00:00,1.8736214196000003,1.8737155007999997,1.8722297544999995,1.8732635613999997
2026-06-15 13:00:00+00:00,1.8732546318000003,1.8752398206000003,1.8732043452,1.8745064537
2026-06-15 14:00:00+00:00,1.8748401367999996,1.876247264,1.8747059627999998,1.8748235861999998
2026-06-15 15:00:00+00:00,1.8750525037999994,1.875151525,1.8739186359999997,1.8740410090000001
2026-06-15 16:00:00+00:00,1.8743359519999998,1.8753476654,1.8740652512,1.8742794320000002
2026-06-15 17:00:00+00:00,1.8742917115,1.8746660678999998,1.8740110495,1.8742463824
2026-06-15 18:00:00+00:00,1.8743653632999995,1.8746394281999998,1.8734073528,1.8735786684000002
2026-06-15 19:00:00+00:00,1.8735040532000002,1.8735040532000002,1.8726367337999998,1.8728854827
2026-06-15 20:00:00+00:00,1.8729238583999999,1.8731747295,1.8722868135,1.8730425672000002
2026-06-15 21:00:00+00:00,1.8710019692000002,1.872408365,1.8707917185000003,1.8711521748000002
2026-06-15 22:00:00+00:00,1.8730080875000001,1.8734946300000006,1.8729488412,1.8733295075000003
2026-06-15 23:00:00+00:00,1.8734384352,1.8740032875,1.8734384352,1.8738762182000002
2026-06-16 00:00:00+00:00,1.8735330431999997,1.8737908305000002,1.8732845627999999,1.8734508987
2026-06-16 01:00:00+00:00,1.873516689,1.8738559127999999,1.8728121132000004,1.8730481400000007
2026-06-16 02:00:00+00:00,1.8730585125,1.8730585125,1.8723685977000002,1.8726728157
2026-06-16 03:00:00+00:00,1.8726855968000002,1.8731863315000001,1.8726594705000001,1.8729861672
2026-06-16 04:00:00+00:00,1.8730713472,1.8740539750000003,1.8728195076000003,1.8738462240000004
2026-06-16 05:00:00+00:00,1.8736978065000003,1.8743485806,1.8736286226,1.8736286226
2026-06-16 06:00:00+00:00,1.8737069538,1.8747288670000006,1.8737069538,1.8747288670000006
2026-06-16 07:00:00+00:00,1.8747681596000005,1.8756238072000002,1.8746125040000001,1.8756238072000002
2026-06-16 08:00:00+00:00,1.8754314288000002,1.8766376442000006,1.8754314288000002,1.8765007046000004
2026-06-16 09:00:00+00:00,1.8766010592,1.8767999759000003,1.8753272594000001,1.8754174297000001
2026-06-16 10:00:00+00:00,1.8751482945000006,1.8763253880000001,1.8747265404000002,1.8763253880000001
2026-06-16 11:00:00+00:00,1.8760047996,1.8762525736000004,1.875121029,1.8758461241
2026-06-16 12:00:00+00:00,1.8756780965000004,1.8767266776000002,1.875548426,1.8766395844000001
2026-06-16 13:00:00+00:00,1.8768168045000002,1.8768594183000005,1.8742657772999998,1.874638944
2026-06-16 14:00:00+00:00,1.8750143295000008,1.8750602201000004,1.8734479654999998,1.8746849000999999
2026-06-16 15:00:00+00:00,1.8749262603000003,1.875955445,1.8740814903000003,1.8756938420000004
2026-06-16 16:00:00+00:00,1.8755691596000004,1.8760617603000005,1.8747807407999995,1.8749359860000003
2026-06-16 17:00:00+00:00,1.8747396801000002,1.8760333392000004,1.8745653617999998,1.8760333392000004
2026-06-16 18:00:00+00:00,1.8760659456000006,1.8762903423000001,1.8751636683999995,1.8757354263000006
2026-06-16 19:00:00+00:00,1.8758111328000002,1.8759873076000004,1.8755302436000005,1.8759230991000002
2026-06-16 20:00:00+00:00,1.8758683011000004,1.8764476758000002,1.8753064645000006,1.8755874188999997
2026-06-16 21:00:00+00:00,1.8744293552,1.8754631939999997,1.8738746488,1.874855912
2026-06-16 22:00:00+00:00,1.8754696562,1.8756252591999998,1.8753658659999999,1.875610693
2026-06-16 23:00:00+00:00,1.8755832963999994,1.8759412029999998,1.8755832963999994,1.8757698623999999
2026-06-17 00:00:00+00:00,1.8757774057999996,1.8763907118999998,1.8756246807,1.8759609615999995
2026-06-17 01:00:00+00:00,1.8759283703999998,1.8765422964000003,1.8759283703999998,1.875993728
2026-06-17 02:00:00+00:00,1.8757727859,1.8766058795999998,1.8757727859,1.8762560220000002
2026-06-17 03:00:00+00:00,1.8762222491999998,1.8767510451,1.8761982787,1.8767061177999997
2026-06-17 04:00:00+00:00,1.8766688304,1.8769084961000002,1.8766192914,1.8766758405999997
2026-06-17 05:00:00+00:00,1.8767032452,1.8769282782,1.8764024084999997,1.876428642
2026-06-17 06:00:00+00:00,1.875701932,1.8760938199999997,1.8747460799999998,1.8755191664
2026-06-17 07:00:00+00:00,1.8755313516,1.8760505955,1.8748191049999998,1.875261448
2026-06-17 08:00:00+00:00,1.8747303309,1.8751418063,1.8743096697,1.8749726915
2026-06-17 09:00:00+00:00,1.8749119430999996,1.8753770385,1.8744421212999998,1.8753770385
2026-06-17 10:00:00+00:00,1.8754166371999996,1.8763746803999994,1.8750751035,1.8757742912999995
2026-06-17 11:00:00+00:00,1.8759313377000004,1.87609758,1.8747071459999995,1.8748042409999996
2026-06-17 12:00:00+00:00,1.8750258565999998,1.8766371407999998,1.8747649535,1.8764075655000003
2026-06-17 13:00:00+00:00,1.8761907854999997,1.8764793794999999,1.875507585,1.8758698875000002
2026-06-17 14:00:00+00:00,1.8757870649,1.8757870649,1.8732363481999998,1.8745998749999995
2026-06-17 15:00:00+00:00,1.8745864999999997,1.8764837303999997,1.8737869643999998,1.8762485328
2026-06-17 16:00:00+00:00,1.8762286692,1.8766221215999999,1.8759514006999998,1.8763294466
2026-06-17 17:00:00+00:00,1.8764465984000003,1.87737368,1.8759069835000002,1.8760994385
2026-06-17 18:00:00+00:00,1.8736907894999997,1.8748587237999998,1.8730293098999995,1.8733543201999998
2026-06-17 19:00:00+00:00,1.8732907831999999,1.8732907831999999,1.8685365124999997,1.872248079
2026-06-17 20:00:00+00:00,1.8716860275,1.8720209106,1.8702862457999998,1.8702862457999998
2026-06-17 21:00:00+00:00,1.8690639788999996,1.8707301128999998,1.8680745989999998,1.8687922217999997
2026-06-17 22:00:00+00:00,1.87079265,1.8711482238,1.8700431519999998,1.8710073017999997
2026-06-17 23:00:00+00:00,1.8711888719999998,1.8722805888,1.8711888719999998,1.8722415587999997
2026-06-18 00:00:00+00:00,1.8722808116999994,1.8734980725000001,1.8722305052,1.8724471206
2026-06-18 01:00:00+00:00,1.8727518647999999,1.8743564930999996,1.8725461097999998,1.8738066671999998
2026-06-18 02:00:00+00:00,1.8740378689999997,1.8741058848,1.8735571926999997,1.873795376
2026-06-18 03:00:00+00:00,1.8738126816,1.8743953849999997,1.8737247074999999,1.8743140025999998
2026-06-18 04:00:00+00:00,1.8742022657,1.8743713780999998,1.8739190303999997,1.8741735665
2026-06-18 05:00:00+00:00,1.8739331267999995,1.8742493252999997,1.8732784515999998,1.8732784515999998
2026-06-18 06:00:00+00:00,1.8740235972,1.8759501903999998,1.8740235972,1.8741849023999997
2026-06-18 07:00:00+00:00,1.8741816815999996,1.8741816815999996,1.8717932879999999,1.8718917861999997
2026-06-18 08:00:00+00:00,1.871743412,1.871743412,1.8668374343999996,1.8670245079999994
2026-06-18 09:00:00+00:00,1.8669564557999998,1.8675476859000002,1.8655219049999998,1.8666624617999998
2026-06-18 10:00:00+00:00,1.8664840435999999,1.8667799496,1.8648006271999995,1.8648006271999995
2026-06-18 11:00:00+00:00,1.8647978959999998,1.8647978959999998,1.8625280519999996,1.8635273696999999
2026-06-18 12:00:00+00:00,1.8637156745999996,1.8663473199999996,1.8637156745999996,1.8648170255
2026-06-18 13:00:00+00:00,1.8648284445999999,1.8664857917999997,1.8642527399999995,1.8654679580999998
2026-06-18 14:00:00+00:00,1.8653815014999997,1.867771785,1.8652981498999996,1.867771785
2026-06-18 15:00:00+00:00,1.8675926787999995,1.8683032799999997,1.8670858056,1.8672160727999998
2026-06-18 16:00:00+00:00,1.8673505377999997,1.8673505377999997,1.8648633975,1.8656962268
2026-06-18 17:00:00+00:00,1.8653938711999998,1.866271005,1.8645346143999997,1.8645346143999997
2026-06-18 18:00:00+00:00,1.8647588375999997,1.8647588375999997,1.8634493111999997,1.8634519776999994
2026-06-18 19:00:00+00:00,1.8634435427999996,1.8634435427999996,1.8624228025,1.8626052096
2026-06-18 20:00:00+00:00,1.8622519296,1.8634247603999998,1.8622519296,1.8631968272
2026-06-18 21:00:00+00:00,1.8647955590999998,1.8648200380999995,1.8627649264000001,1.8641587183999997
2026-06-18 22:00:00+00:00,1.8656626572,1.8656749019999996,1.8651800690999991,1.8654968240999996
2026-06-18 23:00:00+00:00,1.8653007674999997,1.866119655199999,1.8651028201,1.8658667639999995
2026-06-19 00:00:00+00:00,1.8663232652,1.8666940291999998,1.8662441059999997,1.866599717399999
2026-06-19 01:00:00+00:00,1.8667421007999996,1.8668926676,1.8658343879999997,1.8658758773
2026-06-19 02:00:00+00:00,1.8658495098999996,1.8664240397999996,1.865585205,1.8659845124999992
2026-06-19 03:00:00+00:00,1.8660137651999997,1.8660137651999997,1.864695318,1.8652574975999996
2026-06-19 04:00:00+00:00,1.8652282025999996,1.8653725299999995,1.8633176374999993,1.8634754339999993
2026-06-19 05:00:00+00:00,1.8633044807999997,1.8664542155999995,1.8626196305999996,1.8656519209999998
2026-06-19 06:00:00+00:00,1.8651399264999997,1.8654574751999993,1.8640004834,1.8654574751999993
2026-06-19 07:00:00+00:00,1.8656085151999995,1.8663853816999998,1.8649742457999996,1.8657044891999996
2026-06-19 08:00:00+00:00,1.8658518029999995,1.8700552740999998,1.865581652,1.8694069799999993
2026-06-19 09:00:00+00:00,1.8695720669999991,1.8711891339999995,1.8693199609999993,1.8706039942999997
2026-06-19 10:00:00+00:00,1.8705726289999993,1.8711215423999992,1.8695149627999996,1.8711215423999992
2026-06-19 11:00:00+00:00,1.8713214993999998,1.871627877599999,1.8707063233999996,1.8708455391999999
2026-06-19 12:00:00+00:00,1.8708105653999996,1.8722924957,1.8708105653999996,1.8722228004999997
2026-06-19 13:00:00+00:00,1.8723786735999994,1.873475224899999,1.8712167407999998,1.8721350945
2026-06-19 14:00:00+00:00,1.8721727899999991,1.8747279449999996,1.8716141840000002,1.8747279449999996
2026-06-19 15:00:00+00:00,1.8749067911999993,1.8752724144000001,1.8732568605999995,1.8733057977999994
2026-06-19 16:00:00+00:00,1.8731507615999994,1.8743933591999997,1.8730895985999998,1.8743933591999997
2026-06-19 17:00:00+00:00,1.8746657039999992,1.875089698,1.8742895529999992,1.8743825627999997
2026-06-19 18:00:00+00:00,1.8744364011,1.8749750291999998,1.8744364011,1.8747709514999988
2026-06-19 19:00:00+00:00,1.8746500419999992,1.8748949023999992,1.8741160505999994,1.874792602399999
2026-06-19 20:00:00+00:00,1.8745601771999987,1.8745601771999987,1.8715342487999986,1.8715342487999986
2026-06-21 21:00:00+00:00,1.8718616269999993,1.8728332239999992,1.8713136903999985,1.871382062799998
2026-06-21 22:00:00+00:00,1.8754469248999974,1.8766174879999973,1.8754469248999974,1.8766174879999973
2026-06-21 23:00:00+00:00,1.8766851839999974,1.8766851839999974,1.8758977471999985,1.8762749171999977
2026-06-22 00:00:00+00:00,1.8765988627999983,1.877972476899998,1.8764261615999986,1.877972476899998
2026-06-22 01:00:00+00:00,1.8781709273999974,1.8791808123999978,1.8781709273999974,1.8786677099999973
2026-06-22 02:00:00+00:00,1.8788665949999974,1.879394850999998,1.8786220420999973,1.8791374079999978
2026-06-22 03:00:00+00:00,1.8790267814999977,1.8793613774999978,1.8782293807999977,1.8784531309999977
2026-06-22 04:00:00+00:00,1.878617992499998,1.8787428113999978,1.8775962783999975,1.8780348527999975
2026-06-22 05:00:00+00:00,1.8780697209999975,1.8789017663999974,1.8780697209999975,1.8782891217999975
2026-06-22 06:00:00+00:00,1.8779714122999982,1.8788531511999977,1.8772538127999983,1.8777163715999974
2026-06-22 07:00:00+00:00,1.877916626799998,1.877916626799998,1.874357436599998,1.8748277774999973
2026-06-22 08:00:00+00:00,1.8748937754999975,1.876935976199998,1.8735460951999974,1.8767105399999977
2026-06-22 09:00:00+00:00,1.876729327199998,1.8792346985999981,1.876729327199998,1.8788115683999977
2026-06-22 10:00:00+00:00,1.8788691047999975,1.8808079718999975,1.8787461230999982,1.8801223391999982
2026-06-22 11:00:00+00:00,1.8800868679999982,1.881470571499998,1.8798699464999977,1.8798815919999985
2026-06-22 12:00:00+00:00,1.8799851526999978,1.8828484173999973,1.8798507820999981,1.8814230723999983
2026-06-22 13:00:00+00:00,1.8810318119999974,1.8830221477999973,1.8794540459999987,1.8800054639999975
2026-06-22 14:00:00+00:00,1.8799018790999973,1.8816031799999977,1.8787109197999976,1.8809376725999973
2026-06-22 15:00:00+00:00,1.880931989799998,1.882372026799998,1.880931989799998,1.8811017983999976
2026-06-22 16:00:00+00:00,1.881232702899998,1.881232702899998,1.8795144651999984,1.8801616142999977
2026-06-22 17:00:00+00:00,1.8803678369999979,1.880593673499998,1.879415647199998,1.8796799330999983
2026-06-22 18:00:00+00:00,1.8796640469999972,1.879907209999998,1.878690082499998,1.8790513019999973
2026-06-22 19:00:00+00:00,1.8791344543999982,1.8803170348999978,1.8791240779999976,1.8800839259999982
2026-06-22 20:00:00+00:00,1.8800183531999972,1.8809331547999981,1.879050104099998,1.879050104099998
2026-06-22 21:00:00+00:00,1.879134954299998,1.8811091537999975,1.8782607479999973,1.8800024791999976
2026-06-22 22:00:00+00:00,1.8815615799999974,1.8815954561999975,1.8801474240999978,1.880253754499997
2026-06-22 23:00:00+00:00,1.880091199999998,1.8808522347999972,1.8800903483999971,1.8807467782999974
2026-06-23 00:00:00+00:00,1.8808744968999973,1.8810721049999974,1.8800775615999978,1.8805186238999971
2026-06-23 01:00:00+00:00,1.8805348176999974,1.8810621305999975,1.8803395277999968,1.8808219142999976
2026-06-23 02:00:00+00:00,1.8807341211999975,1.881287885999997,1.8805489709999972,1.8811949795999972
2026-06-23 03:00:00+00:00,1.8811843199999974,1.8819203695999973,1.880836674899997,1.8819203695999973
2026-06-23 04:00:00+00:00,1.8819530153999977,1.8819530153999977,1.881133245199997,1.881309426599998
2026-06-23 05:00:00+00:00,1.8811898741999977,1.8821576663999975,1.881047309999997,1.8821576663999975
2026-06-23 06:00:00+00:00,1.8815422383999971,1.8831983609999976,1.8815422383999971,1.8817545823999977
2026-06-23 07:00:00+00:00,1.8817475627999973,1.883098969199997,1.8797442605999972,1.8800758379999978
2026-06-23 08:00:00+00:00,1.8804131891999978,1.8809880359999973,1.8786517433999972,1.880033896399997
2026-06-23 09:00:00+00:00,1.8803526345999975,1.881488471199997,1.879272587399997,1.8813300947999976
2026-06-23 10:00:00+00:00,1.881270923999997,1.881270923999997,1.879350611999997,1.8807322715999972
2026-06-23 11:00:00+00:00,1.8812281179999972,1.8814614335999973,1.8793732823999976,1.879430947199997
2026-06-23 12:00:00+00:00,1.8795860303999976,1.880751449399997,1.8791335999999974,1.8795448199999976
2026-06-23 13:00:00+00:00,1.8795515935999976,1.8800923091999977,1.8782624206999972,1.878859750399998
2026-06-23 14:00:00+00:00,1.8789529499999973,1.8800766719999975,1.8782263239999972,1.8792441359999976
2026-06-23 15:00:00+00:00,1.879475908799998,1.879475908799998,1.8777028661999977,1.878000893999998
2026-06-23 16:00:00+00:00,1.8780425107999972,1.8790686952999973,1.8779407544999973,1.8787374383999975
2026-06-23 17:00:00+00:00,1.8785831733999978,1.8795485202999973,1.8784407564999972,1.8790107832999976
2026-06-23 18:00:00+00:00,1.879217018999998,1.8798418259999976,1.8786293729999974,1.8798418259999976
2026-06-23 19:00:00+00:00,1.8798295691999969,1.8809136517999971,1.8798295691999969,1.8800778527999973
2026-06-23 20:00:00+00:00,1.8804439754999975,1.8814372631999974,1.8804439754999975,1.8813218717999978
2026-06-23 21:00:00+00:00,1.8796819827999975,1.8811522316999971,1.8795892936999974,1.8800169621999978
2026-06-23 22:00:00+00:00,1.8808086699999973,1.8813610103999971,1.8807944674999977,1.881075448999998
2026-06-23 23:00:00+00:00,1.8811435871999975,1.881186540799998,1.8807944674999977,1.880845517499997
2026-06-24 00:00:00+00:00,1.8808635609999975,1.8813178815999974,1.8804372211999976,1.8808426347999971
2026-06-24 01:00:00+00:00,1.8807335819999973,1.8807771586999975,1.8798828861999972,1.8806754440999973
2026-06-24 02:00:00+00:00,1.8805230697999968,1.881196083799998,1.8803885671999971,1.8805911019999975
2026-06-24 03:00:00+00:00,1.880385763499997,1.8815932439999974,1.8803794307999973,1.8813561843999975
2026-06-24 04:00:00+00:00,1.8813125954999979,1.8813125954999979,1.8803758599999973,1.8805728235999972
2026-06-24 05:00:00+00:00,1.8805008123999973,1.8812609288999977,1.8805008123999973,1.8810555525999972
2026-06-24 06:00:00+00:00,1.8810487499999973,1.8828478409999974,1.8807791707999977,1.8807900299999976
2026-06-24 07:00:00+00:00,1.880692878599997,1.8824945684999974,1.8798147249999972,1.881425069999998
2026-06-24 08:00:00+00:00,1.8815113855999974,1.8827642642999975,1.880916337499997,1.8823292969999974
2026-06-24 09:00:00+00:00,1.8823950425999978,1.8826337203999974,1.880481057299997,1.880481057299997
2026-06-24 10:00:00+00:00,1.8803103488999973,1.8803103488999973,1.8766977755999972,1.8766977755999972
2026-06-24 11:00:00+00:00,1.8768135629999976,1.8784573903999975,1.8760536829999974,1.8780780839999969
2026-06-24 12:00:00+00:00,1.8780618139999972,1.878999324399998,1.8771493591999973,1.8777902351999978
2026-06-24 13:00:00+00:00,1.8779516768999975,1.879150912799997,1.8770744003999973,1.8780811249999971
2026-06-24 14:00:00+00:00,1.877855602799998,1.878677456599998,1.8766120549999974,1.8774941116999972
2026-06-24 15:00:00+00:00,1.8777620984999979,1.8794018006999973,1.8777620984999979,1.8786912339999973
2026-06-24 16:00:00+00:00,1.878692263499997,1.879030455199998,1.8774281930999974,1.8779046165999977
2026-06-24 17:00:00+00:00,1.877967446399997,1.878409226999997,1.8776930350999976,1.8779669189999972
2026-06-24 18:00:00+00:00,1.8781316456999972,1.879551130599997,1.8779130941999969,1.8790471391999974
2026-06-24 19:00:00+00:00,1.8790045483999973,1.8791646349999975,1.8782700208999974,1.878335019999997
2026-06-24 20:00:00+00:00,1.8784416741999972,1.8796224487999975,1.8782467109999972,1.8789690723999972
2026-06-24 21:00:00+00:00,1.8782589041999973,1.8782589041999973,1.875663542299997,1.8775801757999964
2026-06-24 22:00:00+00:00,1.8781837091999964,1.8790421928999956,1.8781206953999963,1.8787769811999961
2026-06-24 23:00:00+00:00,1.8788724863999962,1.879125517499996,1.8785788926999962,1.8789150871999962
2026-06-25 00:00:00+00:00,1.8789362437999957,1.8794789458999959,1.8788729596999962,1.878889587999996
2026-06-25 01:00:00+00:00,1.878903817699996,1.880591279399996,1.878903817699996,1.879870436399996
2026-06-25 02:00:00+00:00,1.8797860590999962,1.8805255886999956,1.8797860590999962,1.880510515199996
2026-06-25 03:00:00+00:00,1.8805429895999959,1.8808771859999962,1.880351714999996,1.880633944799996
2026-06-25 04:00:00+00:00,1.8806950667999958,1.880981517799996,1.880510170399996,1.8807916284999961
2026-06-25 05:00:00+00:00,1.8810092080999956,1.8812387900999958,1.880663979999996,1.8810434399999958
2026-06-25 06:00:00+00:00,1.8811399782999958,1.8813910799999962,1.880183293999996,1.8807008544999961
2026-06-25 07:00:00+00:00,1.8812345399999961,1.8816238288999958,1.8806367999999958,1.8812387900999958
2026-06-25 08:00:00+00:00,1.881507753999996,1.882076370999996,1.880614478699996,1.8817349627999957
2026-06-25 09:00:00+00:00,1.881731993999996,1.8827818767999962,1.8813774487999957,1.8816934751999959
2026-06-25 10:00:00+00:00,1.8813957147999962,1.8813957147999962,1.8799087391999958,1.8804699199999961
2026-06-25 11:00:00+00:00,1.880456575499996,1.880456575499996,1.878345401499996,1.8784415579999962
2026-06-25 12:00:00+00:00,1.8785551280999961,1.880861959599996,1.8785199887999962,1.8807312924999962
2026-06-25 13:00:00+00:00,1.8803846095999959,1.881410150399996,1.879371037599996,1.8796542045999958
2026-06-25 14:00:00+00:00,1.8792777105999963,1.8810836303999963,1.8792777105999963,1.879970558399996
2026-06-25 15:00:00+00:00,1.8803065891999962,1.8811003247999958,1.8794538887999959,1.8802442959999957
2026-06-25 16:00:00+00:00,1.879804072699996,1.8799212182999958,1.8786357559999962,1.878808762999996
2026-06-25 17:00:00+00:00,1.8789337313999963,1.8791192447999958,1.878404962899996,1.8789849455999958
2026-06-25 18:00:00+00:00,1.878762663799996,1.879469278399996,1.878582757799996,1.8785885726999962
2026-06-25 19:00:00+00:00,1.8787096822999958,1.879089865799996,1.878377695999996,1.8786737501999962
2026-06-25 20:00:00+00:00,1.878669023999996,1.8789195501999962,1.877874867899996,1.877874867899996
2026-06-25 21:00:00+00:00,1.877461605599996,1.8777554131999958,1.8765762049999957,1.8770358363999955
2026-06-25 22:00:00+00:00,1.8776124980999955,1.8782922199999954,1.8769224372999955,1.8769924029999954
2026-06-25 23:00:00+00:00,1.8769120499999956,1.8778452523999951,1.8769120499999956,1.8776003759999953
2026-06-26 00:00:00+00:00,1.8777444808999957,1.8781986216999955,1.8775528823999956,1.8779055558999955
2026-06-26 01:00:00+00:00,1.8781335483999955,1.8782377473999956,1.8774276881999956,1.8777653927999953
2026-06-26 02:00:00+00:00,1.8778305923999956,1.8779761421999956,1.8772403395999955,1.877455815999996
2026-06-26 03:00:00+00:00,1.8775106589999957,1.8782273237999954,1.8775106589999957,1.8781630262999955
2026-06-26 04:00:00+00:00,1.878168675599996,1.8783398879999957,1.8779124329999952,1.8782745896999957
2026-06-26 05:00:00+00:00,1.8782839956999957,1.8787139937999953,1.8780892559999955,1.8782695539999954
2026-06-26 06:00:00+00:00,1.8784607543999958,1.8790063889999955,1.8776798115999955,1.8776798115999955
2026-06-26 07:00:00+00:00,1.8777808468999957,1.8797531059999955,1.8773345861999957,1.8796471379999953
2026-06-26 08:00:00+00:00,1.8794758828999953,1.8800897023999958,1.8779553743999957,1.8797685887999958
2026-06-26 09:00:00+00:00,1.8797606035999956,1.8807417200999954,1.8789369383999956,1.8800083043999953
2026-06-26 10:00:00+00:00,1.8799598414999956,1.8799977481999954,1.8792131567999955,1.8797544557999957
2026-06-26 11:00:00+00:00,1.8798075089999953,1.8802872199999954,1.8794128219999955,1.8798774146999955
2026-06-26 12:00:00+00:00,1.8798376409999955,1.8799510729999953,1.8771601769999957,1.8778216519999955
2026-06-26 13:00:00+00:00,1.8775908659999958,1.8793969220999955,1.8772357207999957,1.8793969220999955
2026-06-26 14:00:00+00:00,1.8795844534999953,1.8804403799999954,1.8787719599999957,1.8789034511999956
2026-06-26 15:00:00+00:00,1.8791305295999956,1.8803852097999953,1.8786746607999953,1.8801034348999957
2026-06-26 16:00:00+00:00,1.8795661345999957,1.8800115263999957,1.8788854345999957,1.8790472089999954
2026-06-26 17:00:00+00:00,1.8788163903999957,1.8791159318999957,1.8780362923999958,1.8781611184999956
2026-06-26 18:00:00+00:00,1.8782339213999955,1.8784529599999957,1.8778081727999956,1.8782074799999957
2026-06-26 19:00:00+00:00,1.8782358499999956,1.8782358499999956,1.8763707283999957,1.8765042668999958
2026-06-26 20:00:00+00:00,1.8764852446999953,1.8775889803999954,1.8757729399999954,1.8760886244999955
2026-06-28 21:00:00+00:00,1.8762076899999955,1.8762076899999955,1.8706804946999953,1.872550676399995
2026-06-28 22:00:00+00:00,1.8736241070999953,1.8739399594999953,1.8730784732999954,1.873236238999995
2026-06-28 23:00:00+00:00,1.873257047999995,1.873529091999995,1.8729501275999947,1.873437454799995
2026-06-29 00:00:00+00:00,1.873464784799995,1.8745266227999953,1.873464784799995,1.874018392199995
2026-06-29 01:00:00+00:00,1.874216761199995,1.8743679203999952,1.873599934499995,1.8738001821999948
2026-06-29 02:00:00+00:00,1.873778460399995,1.874253473199995,1.873778460399995,1.8741836641999952
2026-06-29 03:00:00+00:00,1.874182639199995,1.8744282755999948,1.873860621899995,1.873867247999995
2026-06-29 04:00:00+00:00,1.8738152976999949,1.8741024707999947,1.8737302794999953,1.8740571194999953
2026-06-29 05:00:00+00:00,1.874003275199995,1.8750154783999953,1.874003275199995,1.874693168299995
2026-06-29 06:00:00+00:00,1.8748833349999952,1.875880828799995,1.8748529279999948,1.875813369599995
2026-06-29 07:00:00+00:00,1.8755961182999952,1.8767733063999952,1.8751156631999948,1.8756731839999952
2026-06-29 08:00:00+00:00,1.875992554799995,1.876035060899995,1.875306051499995,1.8758401433999947
2026-06-29 09:00:00+00:00,1.875982779299995,1.876568189999995,1.8757556145999947,1.8763674159999952
2026-06-29 10:00:00+00:00,1.8761992505999951,1.8777761474999948,1.8756601555999954,1.8777761474999948
2026-06-29 11:00:00+00:00,1.8777357125999952,1.880451205599995,1.8777357125999952,1.8803056683999952
2026-06-29 12:00:00+00:00,1.880290557899995,1.8810643571999948,1.879856169599995,1.880619556199995
2026-06-29 13:00:00+00:00,1.880829538499995,1.882539763999995,1.8807284043999952,1.881733771399995
2026-06-29 14:00:00+00:00,1.8821513279999953,1.8833521235999953,1.8815596344999952,1.882923785599995
2026-06-29 15:00:00+00:00,1.8829901375999951,1.8844228899999949,1.882525187499995,1.8844228899999949
2026-06-29 16:00:00+00:00,1.884301556399995,1.8845008671999948,1.8828372847999952,1.8832642610999952
2026-06-29 17:00:00+00:00,1.8831924539999951,1.8839370131999953,1.8828740699999953,1.8831689699999954
2026-06-29 18:00:00+00:00,1.883485223999995,1.8839361469999951,1.883172547199995,1.883838504599995
2026-06-29 19:00:00+00:00,1.883813733999995,1.8843074023999948,1.8836780031999951,1.884276352299995
2026-06-29 20:00:00+00:00,1.884323219199995,1.8853815366999949,1.884218863799995,1.8844927239999951
2026-06-29 21:00:00+00:00,1.883034654799995,1.884207148199995,1.882262092199995,1.8832833185999949
2026-06-29 22:00:00+00:00,1.8849669871999948,1.8849669871999948,1.8841293081999952,1.8841293081999952
2026-06-29 23:00:00+00:00,1.8841700618999948,1.884860049199995,1.8839565875999953,1.884428358399995
2026-06-30 00:00:00+00:00,1.884579497499995,1.8850808897999947,1.8838953012999948,1.884022139999995
2026-06-30 01:00:00+00:00,1.883867834799995,1.884136118399995,1.8834143123999953,1.884136118399995
2026-06-30 02:00:00+00:00,1.884286728799995,1.884705451499995,1.884132350999995,1.884418412399995
2026-06-30 03:00:00+00:00,1.8844553285999948,1.8846381399999947,1.8841408221999951,1.884387101999995
2026-06-30 04:00:00+00:00,1.884257291199995,1.884748049999995,1.884155032799995,1.8843156227999949
2026-06-30 05:00:00+00:00,1.884371526199995,1.884395491199995,1.883760473399995,1.883776612499995
2026-06-30 06:00:00+00:00,1.883449407999995,1.8857684534999952,1.883449407999995,1.8850255031999952
2026-06-30 07:00:00+00:00,1.8849299699999948,1.885406113999995,1.884114350999995,1.884183496399995
2026-06-30 08:00:00+00:00,1.884213777599995,1.8843056878999949,1.883041586599995,1.884025124899995
2026-06-30 09:00:00+00:00,1.883918119199995,1.8857058590999949,1.883918119199995,1.8851952055999948
2026-06-30 10:00:00+00:00,1.8851383463999951,1.885642477599995,1.8845832479999949,1.8845832479999949
2026-06-30 11:00:00+00:00,1.8844325912999953,1.884657122399995,1.8834927171999951,1.883990579299995
2026-06-30 12:00:00+00:00,1.8837983039999948,1.8837983039999948,1.8812321807999952,1.8812321807999952
2026-06-30 13:00:00+00:00,1.8810477654999949,1.8825375833999949,1.8809076384999952,1.8815537608999948
2026-06-30 14:00:00+00:00,1.881043192799995,1.884326933699995,1.880850339599995,1.8841057521999949
2026-06-30 15:00:00+00:00,1.8838524749999952,1.8854676409999949,1.883792075099995,1.8842759548999948
2026-06-30 16:00:00+00:00,1.884095157599995,1.8843284173999952,1.883256963399995,1.883661097999995
2026-06-30 17:00:00+00:00,1.883788784599995,1.884512590499995,1.883596511999995,1.883745313199995
2026-06-30 18:00:00+00:00,1.8836462523999948,1.8846459799999948,1.8835442854999949,1.8836282423999948
2026-06-30 19:00:00+00:00,1.883588400299995,1.8839170755999952,1.881952863999995,1.8822502827999952
2026-06-30 20:00:00+00:00,1.882077511499995,1.8836297755999951,1.8818232601999954,1.8829556447999947
2026-06-30 21:00:00+00:00,1.881554375999995,1.883244452599995,1.881554375999995,1.882322369099995
2026-06-30 22:00:00+00:00,1.883578406999995,1.883670565199995,1.8831779896999952,1.883386170199995
2026-06-30 23:00:00+00:00,1.8833064523999952,1.8839155624999948,1.8830707445999952,1.883889005099995
2026-07-01 00:00:00+00:00,1.8837003807999952,1.8845629775999946,1.8837003807999952,1.8839568634999955
2026-07-01 01:00:00+00:00,1.883904682799995,1.884388807199995,1.8835560127999948,1.8836714675999948
2026-07-01 02:00:00+00:00,1.883672399499995,1.883883515999995,1.8833439653999946,1.883433824599995
2026-07-01 03:00:00+00:00,1.883485018799995,1.8835851155999948,1.8829918079999954,1.883106142399995
2026-07-01 04:00:00+00:00,1.883037956499995,1.8836391092999947,1.882881967999995,1.8835882289999952
2026-07-01 05:00:00+00:00,1.8835891521999952,1.883767765599995,1.8831786834999953,1.8831786834999953
2026-07-01 06:00:00+00:00,1.8833480507999953,1.8845610287999952,1.8831247523999952,1.8840267599999947
2026-07-01 07:00:00+00:00,1.884048987699995,1.8843705810999951,1.882218310699995,1.884357307799995
2026-07-01 08:00:00+00:00,1.8845134703999948,1.886218900799995,1.884115593899995,1.885294507199995
2026-07-01 09:00:00+00:00,1.885355324999995,1.8865089395999945,1.8851746717999947,1.885627325199995
2026-07-01 10:00:00+00:00,1.885564007799995,1.885916199999995,1.885217779699995,1.885217779699995
2026-07-01 11:00:00+00:00,1.885085463799995,1.885085463799995,1.8838606744999948,1.8846705842999953
2026-07-01 12:00:00+00:00,1.8846419099999954,1.8859465074999953,1.8842208115999952,1.8852701125999947
2026-07-01 13:00:00+00:00,1.8851222389999953,1.886539359599995,1.8833077779999952,1.8860178623999952
2026-07-01 14:00:00+00:00,1.8863922249999951,1.8889280810999949,1.885773954899995,1.8872892609999952
2026-07-01 15:00:00+00:00,1.887241285999995,1.8877434477999953,1.8862237439999952,1.8875944363999948
2026-07-01 16:00:00+00:00,1.888029620099995,1.8892066283999955,1.8880114579999951,1.8885336714999952
2026-07-01 17:00:00+00:00,1.8887259997999948,1.8891165937999947,1.8884903399999948,1.888539204999995
2026-07-01 18:00:00+00:00,1.8885427469999951,1.8889889787999945,1.888212734799995,1.8889171183999947
2026-07-01 19:00:00+00:00,1.8890040599999947,1.8895195335999946,1.8887219378999949,1.8887964668999948
2026-07-01 20:00:00+00:00,1.8889392915999945,1.8891841599999948,1.8880209279999947,1.8882837052999948
2026-07-01 21:00:00+00:00,1.8860818799999948,1.8888665499999953,1.8860818799999948,1.887055110199995
2026-07-01 22:00:00+00:00,1.8890572049999954,1.8897298207999955,1.8890163970999945,1.8897298207999955
2026-07-01 23:00:00+00:00,1.8897298207999955,1.8901113074999951,1.8896002460999952,1.8896516924999953
2026-07-02 00:00:00+00:00,1.8900516683999953,1.890423807999995,1.8894156551999952,1.8895265723999954
2026-07-02 01:00:00+00:00,1.8893278599999952,1.8904099959999952,1.8892648853999952,1.8899560679999952
2026-07-02 02:00:00+00:00,1.8899559711999954,1.8905366033999953,1.8898841189999953,1.8902178566999954
2026-07-02 03:00:00+00:00,1.8902266726999954,1.890587951999995,1.8899214905999953,1.890587951999995
2026-07-02 04:00:00+00:00,1.890681955399995,1.8908753015999953,1.890271996799995,1.8905442492999949
2026-07-02 05:00:00+00:00,1.8905610749999953,1.8910908731999954,1.8905610749999953,1.8909622323999955
2026-07-02 06:00:00+00:00,1.8908577964999953,1.8919848765999951,1.8904731455999952,1.8912179519999952
2026-07-02 07:00:00+00:00,1.8908996345999953,1.8954016514999954,1.8908992492999952,1.8954016514999954
2026-07-02 08:00:00+00:00,1.8954956943999952,1.8972623279999952,1.8950020052999954,1.8969851743999953
2026-07-02 09:00:00+00:00,1.8968781089999955,1.8971662835999952,1.8952814071999953,1.895393207399995
2026-07-02 10:00:00+00:00,1.895552831199995,1.8958359142999952,1.8941037209999951,1.8956502767999952
2026-07-02 11:00:00+00:00,1.8957254849999952,1.8957254849999952,1.8934611329999953,1.8935678481999951
2026-07-02 12:00:00+00:00,1.893362627199995,1.8960500863999956,1.8921471593999952,1.8960098841999953
2026-07-02 13:00:00+00:00,1.8964709791999954,1.8973668228999951,1.8949129055999954,1.897073358099995
2026-07-02 14:00:00+00:00,1.8973459460999953,1.8985587356999953,1.8961503973999954,1.8981985967999953
2026-07-02 15:00:00+00:00,1.897900176799995,1.898025988399995,1.8964972873999952,1.8967406395999955
2026-07-02 16:00:00+00:00,1.8966841855999952,1.8969054092999953,1.8949305675999952,1.8949305675999952
2026-07-02 17:00:00+00:00,1.8950982874999953,1.895289534399995,1.8934027519999954,1.8935639806999953
2026-07-02 18:00:00+00:00,1.8935892303999953,1.8945585416999953,1.8935892303999953,1.8945585416999953
2026-07-02 19:00:00+00:00,1.8946482473999953,1.8947835895999956,1.8941116009999952,1.8942697695999948
2026-07-02 20:00:00+00:00,1.8941643017999952,1.8952061749999956,1.8940549916999954,1.8940549916999954
2026-07-02 21:00:00+00:00,1.892852232599995,1.8937071960999954,1.8917548736999958,1.8929434543999957
2026-07-02 22:00:00+00:00,1.8934767755999957,1.8943075239999956,1.8934767755999957,1.8939337075999954
2026-07-02 23:00:00+00:00,1.8940296860999952,1.8945182159999956,1.8937881314999956,1.8938306429999956
2026-07-03 00:00:00+00:00,1.8938977795999956,1.8945065522999955,1.8938829183999955,1.8945065522999955
2026-07-03 01:00:00+00:00,1.8944113523999957,1.8953414660999957,1.8943993638999959,1.8947313926999956
2026-07-03 02:00:00+00:00,1.8946392693999952,1.8951509279999956,1.8942214052999953,1.894465124999996
2026-07-03 03:00:00+00:00,1.8943496231999954,1.8946697599999958,1.8940868764999956,1.8944375865999954
2026-07-03 04:00:00+00:00,1.8943951338999954,1.8943951338999954,1.8939465069999954,1.8942663414999956
2026-07-03 05:00:00+00:00,1.8944368403999954,1.8952616659999957,1.8939560849999957,1.8939739879999955
2026-07-03 06:00:00+00:00,1.8940699845999958,1.8961274024999957,1.8939828669999954,1.8954281495999956
2026-07-03 07:00:00+00:00,1.8951054267999954,1.896875865599995,1.8949527999999956,1.8966507071999954
2026-07-03 08:00:00+00:00,1.8964204168999959,1.8967786175999954,1.8952122221999952,1.8955276263999954
2026-07-03 09:00:00+00:00,1.8957387059999953,1.8957858434999957,1.8947505394999955,1.8949071343999955
2026-07-03 10:00:00+00:00,1.8947607719999957,1.8963182034999955,1.8946466723999955,1.8957067177999956
2026-07-03 11:00:00+00:00,1.8958783247999953,1.8971181692999957,1.8958783247999953,1.8971048559999957
2026-07-03 12:00:00+00:00,1.8973268467999955,1.8984522191999955,1.8973268467999955,1.8978620039999952
2026-07-03 13:00:00+00:00,1.8977201819999951,1.8977201819999951,1.8963914661999952,1.8965538786999956
2026-07-03 14:00:00+00:00,1.8964128919999956,1.8975172607999957,1.8963005417999956,1.8973984105999957
2026-07-03 15:00:00+00:00,1.8974551229999954,1.8979792359999954,1.8972759899999958,1.8975919684999958
2026-07-03 16:00:00+00:00,1.8976792379999956,1.8984098615999956,1.8974624924999954,1.8977343641999953
2026-07-03 17:00:00+00:00,1.8977635293999957,1.8981338597999955,1.8976856403999955,1.8978416335999952
2026-07-03 18:00:00+00:00,1.8979416995999956,1.8979416995999956,1.8971535527999952,1.8973700543999958
2026-07-03 19:00:00+00:00,1.8975464156999957,1.8976342868999954,1.8971368199999956,1.8973696429999958
2026-07-03 20:00:00+00:00,1.8977089455999951,1.8979708906999953,1.8959713379999954,1.8959713379999954
2026-07-05 21:00:00+00:00,1.8952761083999952,1.896941271899994,1.8948832274999958,1.896321677999994
2026-07-05 22:00:00+00:00,1.8987653234999944,1.8995169153999947,1.8985254626999948,1.8986037569999943
2026-07-05 23:00:00+00:00,1.8986203795999943,1.8993039250999944,1.8985189783999943,1.8991713769999945
2026-07-06 00:00:00+00:00,1.8993040143999944,1.8999552959999941,1.8990830015999944,1.8994045514999944
2026-07-06 01:00:00+00:00,1.8993113124999943,1.8993664628999947,1.8982658467999944,1.8982658467999944
2026-07-06 02:00:00+00:00,1.8984411589999943,1.8988465639999947,1.8979932919999947,1.8987739619999948
2026-07-06 03:00:00+00:00,1.8987780429999943,1.8988610574999942,1.8983477249999945,1.8984736679999943
2026-07-06 04:00:00+00:00,1.8983759423999946,1.8984666037999944,1.8980934713999942,1.8982119419999943
2026-07-06 05:00:00+00:00,1.8981753503999945,1.898231864799994,1.8976468588999944,1.8977163083999944
2026-07-06 06:00:00+00:00,1.8978406334999944,1.8983988308999946,1.897237816199994,1.898194204199994
2026-07-06 07:00:00+00:00,1.8978732299999945,1.9006598834999942,1.8978732299999945,1.9005880351999942
2026-07-06 08:00:00+00:00,1.900598939199995,1.900598939199995,1.8991745871999943,1.900213649299994
2026-07-06 09:00:00+00:00,1.899823933799994,1.9005648820999943,1.8996215249999946,1.9000044810999945
2026-07-06 10:00:00+00:00,1.8999836855999945,1.9000171935999943,1.8985917145999942,1.8993446759999943
2026-07-06 11:00:00+00:00,1.8993547174999947,1.900834937999994,1.8990138094999949,1.9003642889999943
2026-07-06 12:00:00+00:00,1.9005161856999946,1.9021699814999944,1.9002956601999945,1.9018713341999942
2026-07-06 13:00:00+00:00,1.9019466751999947,1.9023658199999942,1.9004052479999947,1.9010966039999946
2026-07-06 14:00:00+00:00,1.9010238719999941,1.9033911467999944,1.9010238719999941,1.9024566391999944
2026-07-06 15:00:00+00:00,1.9024372650999946,1.9028668280999945,1.9012757321999936,1.9028447834999944
2026-07-06 16:00:00+00:00,1.9026413957999944,1.9041449678999935,1.9023614057999947,1.9040999741999947
2026-07-06 17:00:00+00:00,1.9040999741999947,1.9047667169999944,1.9038358071999946,1.9047667169999944
2026-07-06 18:00:00+00:00,1.904712277399994,1.9059223689999945,1.904466913199994,1.9057504943999939
2026-07-06 19:00:00+00:00,1.9059376819999947,1.9062365750999943,1.9047309797999943,1.9050339671999945
2026-07-06 20:00:00+00:00,1.9050220811999945,1.9053829703999947,1.9040092607999943,1.9040092607999943
2026-07-06 21:00:00+00:00,1.9034828510999944,1.9047416331999942,1.9025270179999945,1.9042216515999943
2026-07-06 22:00:00+00:00,1.904706805499994,1.9057455178999942,1.9046573513999945,1.905629270599994
2026-07-06 23:00:00+00:00,1.9056756676999942,1.9062369479999943,1.905497288399994,1.905600507299994
2026-07-07 00:00:00+00:00,1.905749724999994,1.9059304164999937,1.905227861999994,1.9054585235999941
2026-07-07 01:00:00+00:00,1.9057969787999935,1.9069115009999942,1.905782778899994,1.9064395303999941
2026-07-07 02:00:00+00:00,1.9065055379999942,1.906618342999994,1.9060043155999942,1.9061805773999942
2026-07-07 03:00:00+00:00,1.9062838807999942,1.9065035874999943,1.9061822830999942,1.9062264571999938
2026-07-07 04:00:00+00:00,1.9062951275999944,1.9064039125999943,1.906032309999994,1.9061775838999941
2026-07-07 05:00:00+00:00,1.9060828599999942,1.9060828599999942,1.9052913359999943,1.9055526122999942
2026-07-07 06:00:00+00:00,1.9056544011999939,1.9056544011999939,1.9042332441999943,1.9043525309999942
2026-07-07 07:00:00+00:00,1.904450344199994,1.9054689479999942,1.9038523847999942,1.9049732105999941
2026-07-07 08:00:00+00:00,1.9050553984999943,1.9062027399999941,1.9046151869999943,1.9059413099999942
2026-07-07 09:00:00+00:00,1.9056857171999944,1.905865430399994,1.9044976895999943,1.9044976895999943
2026-07-07 10:00:00+00:00,1.904173372499994,1.904996982899994,1.903481250399994,1.904682935999994
2026-07-07 11:00:00+00:00,1.904645809599994,1.905834124799994,1.9040456655999942,1.9056740111999937
2026-07-07 12:00:00+00:00,1.9057702924999937,1.9061499599999943,1.905263799599994,1.9059085295999942
2026-07-07 13:00:00+00:00,1.9056102119999943,1.906206067499994,1.901728790499994,1.901795830799994
2026-07-07 14:00:00+00:00,1.902047286399994,1.9022988217999943,1.9005389809999944,1.901769055199994
2026-07-07 15:00:00+00:00,1.901722652799994,1.9018541429999942,1.900184789699994,1.9005494633999942
2026-07-07 16:00:00+00:00,1.9006840943999939,1.9007122229999942,1.899607072999994,1.9002167484999941
2026-07-07 17:00:00+00:00,1.9001765421999939,1.9003765859999942,1.8997389060999943,1.8998787803999941
2026-07-07 18:00:00+00:00,1.8996393824999944,1.9001518118999945,1.8991975022999943,1.899540230399994
2026-07-07 19:00:00+00:00,1.8993967939999943,1.8996370469999937,1.899050573799994,1.899351924599994
2026-07-07 20:00:00+00:00,1.8993708027999938,1.899713252799994,1.8991113855999942,1.8995329760999944
2026-07-07 21:00:00+00:00,1.8986160443999942,1.8986601776999945,1.8960457889999942,1.8974731285999942
2026-07-07 22:00:00+00:00,1.898883072499994,1.8990945834999937,1.8981545063999943,1.8982369383999942
2026-07-07 23:00:00+00:00,1.898364587199994,1.8985599533999948,1.8980927039999942,1.8981217198999938
2026-07-08 00:00:00+00:00,1.8978906351999945,1.8987235665999938,1.897319057899994,1.898517194399994
2026-07-08 01:00:00+00:00,1.8985299975999943,1.8988088951999942,1.8979384346999943,1.8980758367999944
2026-07-08 02:00:00+00:00,1.8980032967999945,1.8981248271999946,1.8975510247999943,1.8978905555999943
2026-07-08 03:00:00+00:00,1.8980662825999945,1.8983561282999943,1.8979537303999943,1.898134005899994
2026-07-08 04:00:00+00:00,1.8980843069999944,1.898178796799994,1.8974528503999943,1.8974528503999943
2026-07-08 05:00:00+00:00,1.897408010499994,1.897483616999994,1.8967206393999947,1.8969418124999946
2026-07-08 06:00:00+00:00,1.8973061665999944,1.8975748035999944,1.8964181774999944,1.897238357199994
2026-07-08 07:00:00+00:00,1.8970898239999943,1.8970898239999943,1.8950941831999943,1.895120225399994
2026-07-08 08:00:00+00:00,1.895112710399994,1.8956354753999942,1.8914790851999943,1.891661448399994
2026-07-08 09:00:00+00:00,1.8917251924999945,1.8921466997999938,1.890339066599994,1.8915321543999943
2026-07-08 10:00:00+00:00,1.891734018699994,1.893908633499994,1.8914592671999941,1.893046929399994
2026-07-08 11:00:00+00:00,1.8930329595999944,1.8952193519999943,1.8928065999999943,1.8943578729999941
2026-07-08 12:00:00+00:00,1.894248523799994,1.896013714799994,1.894248523799994,1.8949477175999945
2026-07-08 13:00:00+00:00,1.8951179189999938,1.898539333199994,1.8948701519999949,1.8976293859999944
2026-07-08 14:00:00+00:00,1.8975640679999948,1.8978292887999941,1.8958064523999942,1.8977047196999943
2026-07-08 15:00:00+00:00,1.8974468318999937,1.8987918127999945,1.8960610871999943,1.8980450343999942
2026-07-08 16:00:00+00:00,1.897879516999994,1.899457366799994,1.8976745397999946,1.8993836159999942
2026-07-08 17:00:00+00:00,1.8993156880999942,1.9023011674999943,1.899163670799994,1.901136493799994
2026-07-08 18:00:00+00:00,1.9011264589999943,1.901539750499994,1.9006865235999943,1.9007798174999937
2026-07-08 19:00:00+00:00,1.900989453299994,1.9011622419999938,1.8999951024999937,1.9006245989999937
2026-07-08 20:00:00+00:00,1.9006754689999934,1.9007547906999935,1.8991607183999937,1.8993916193999938
2026-07-08 21:00:00+00:00,1.8977531887999937,1.900343391999994,1.8975502895999936,1.8996913836999938
2026-07-08 22:00:00+00:00,1.900703580999994,1.900703580999994,1.8999602267999935,1.9000868985999937
2026-07-08 23:00:00+00:00,1.9001152111999935,1.9003282879999934,1.8998238104999936,1.9001969711999938
2026-07-09 00:00:00+00:00,1.900293864799994,1.9008196424999935,1.899941147999993,1.900091743199993
2026-07-09 01:00:00+00:00,1.9001864639999935,1.9002063823999935,1.8993438197999941,1.8999524114999935
2026-07-09 02:00:00+00:00,1.8999552970999931,1.9005656463999931,1.8998704024999933,1.899879876699994
2026-07-09 03:00:00+00:00,1.8999216053999934,1.9004934509999936,1.8994948619999934,1.9002420224999934
2026-07-09 04:00:00+00:00,1.9001429549999933,1.9005852959999936,1.9000997707999936,1.9003852899999938
2026-07-09 05:00:00+00:00,1.9004193449999938,1.9012158676999937,1.9004193449999938,1.9012158676999937
2026-07-09 06:00:00+00:00,1.9017776304999934,1.9036427433999936,1.9015682135999934,1.9036217015999934
2026-07-09 07:00:00+00:00,1.9036565365999938,1.9055075819999936,1.903591615799993,1.9045713972999934
2026-07-09 08:00:00+00:00,1.9046952875999934,1.9059809987999938,1.9046160459999932,1.9055616197999936
2026-07-09 09:00:00+00:00,1.9055743316999931,1.9058218659999937,1.9041104529999937,1.9041104529999937
2026-07-09 10:00:00+00:00,1.9036782959999934,1.9036782959999934,1.901461665399994,1.901461665399994
2026-07-09 11:00:00+00:00,1.901188261199993,1.902051770099994,1.9003488144999934,1.9003488144999934
2026-07-09 12:00:00+00:00,1.9003665552999935,1.9011083555999937,1.8994262923999936,1.9000089389999932
2026-07-09 13:00:00+00:00,1.9003630139999934,1.9029971762999938,1.9001923114999935,1.9027763858999933
2026-07-09 14:00:00+00:00,1.9029421335999936,1.9032613511999932,1.9001181451999933,1.9002867599999935
2026-07-09 15:00:00+00:00,1.9003650812999935,1.901891554399994,1.9000773383999932,1.9015307519999936
2026-07-09 16:00:00+00:00,1.9016283809999934,1.9020613937999935,1.9008020971999933,1.9019934569999937
2026-07-09 17:00:00+00:00,1.9020861575999937,1.9029876074999932,1.9018130729999936,1.9028849699999935
2026-07-09 18:00:00+00:00,1.9031312471999933,1.903485052199993,1.9026188681999936,1.9031645309999936
2026-07-09 19:00:00+00:00,1.9032989969999936,1.9035544823999937,1.9021897063999933,1.9027303379999938
2026-07-09 20:00:00+00:00,1.9028068839999936,1.9029350231999935,1.9020336803999938,1.9020336803999938
2026-07-09 21:00:00+00:00,1.9006034449999936,1.901534458199993,1.8999207719999935,1.9010992558999928
2026-07-09 22:00:00+00:00,1.901850925799993,1.9027610084999926,1.901850925799993,1.9026683515999927
2026-07-09 23:00:00+00:00,1.9027539989999929,1.9027681544999926,1.9024249859999927,1.9025707949999933
2026-07-10 00:00:00+00:00,1.9027036663999923,1.9033531711999923,1.9024913173999922,1.9030792574999928
2026-07-10 01:00:00+00:00,1.9029667739999927,1.9037153519999928,1.9028324643999928,1.9035268559999925
2026-07-10 02:00:00+00:00,1.9034817438999923,1.904381164399993,1.9034817438999923,1.9036038256999928
2026-07-10 03:00:00+00:00,1.903564684399993,1.9037996271999924,1.903406960899993,1.9036115181999929
2026-07-10 04:00:00+00:00,1.9035887199999928,1.9036924423999928,1.9033453097999928,1.9034424899999922
2026-07-10 05:00:00+00:00,1.9033993810999927,1.9037893940999924,1.9033993810999927,1.903688982599993
2026-07-10 06:00:00+00:00,1.9037276181999925,1.9047447539999929,1.902880239999993,1.9028923243999927
2026-07-10 07:00:00+00:00,1.9033560180999929,1.9042327849999923,1.903114875599992,1.9034241079999925
2026-07-10 08:00:00+00:00,1.9031693935999923,1.9037361230999932,1.9019607679999926,1.9022911658999924
2026-07-10 09:00:00+00:00,1.9021956615999929,1.9033570038999925,1.9021956615999929,1.9024531519999925
2026-07-10 10:00:00+00:00,1.9025579663999919,1.9053330929999925,1.9024554317999927,1.904953083299993
2026-07-10 11:00:00+00:00,1.9054832627999925,1.9056558267999932,1.9025435939999928,1.902943400399993
2026-07-10 12:00:00+00:00,1.903226652999993,1.903226652999993,1.9001577095999926,1.9006215420999932
2026-07-10 13:00:00+00:00,1.900774067999992,1.9016942132999932,1.9000735239999924,1.9010001887999928
2026-07-10 14:00:00+00:00,1.900634453899992,1.9014701816999924,1.8995195231999924,1.8998445519999927
2026-07-10 15:00:00+00:00,1.8999251859999924,1.900256117199992,1.8990008113999925,1.8990451805999928
2026-07-10 16:00:00+00:00,1.8992079203999925,1.899267748999993,1.8964673207999927,1.8964673207999927
2026-07-10 17:00:00+00:00,1.8967569479999928,1.8977502055999929,1.896374397599992,1.8976950845999925
2026-07-10 18:00:00+00:00,1.8976392627999923,1.898354515199992,1.8975381103999924,1.898354515199992
2026-07-10 19:00:00+00:00,1.8982174009999926,1.8990033293999928,1.8981698867999923,1.898929762799993
2026-07-10 20:00:00+00:00,1.8989143159999926,1.8993948983999924,1.8967483093999926,1.8979806264999926
2026-07-12 21:00:00+00:00,1.8980074786999923,1.8990790244999924,1.897656199599993,1.8988789091999918
2026-07-12 22:00:00+00:00,1.8994229815999917,1.8994229815999917,1.898022926799992,1.8987677619999919
2026-07-12 23:00:00+00:00,1.8987335889999917,1.899595367999992,1.898350343999992,1.8995871983999915
2026-07-13 00:00:00+00:00,1.8997730540999915,1.899951689599992,1.8988287569999918,1.8988287569999918
2026-07-13 01:00:00+00:00,1.898748475199992,1.8990566189999916,1.8984654431999923,1.8988674659999913
2026-07-13 02:00:00+00:00,1.8986934383999918,1.899065984199992,1.8983685364999923,1.8987936120999918
2026-07-13 03:00:00+00:00,1.8988226399999917,1.8988316805999914,1.8981483377999915,1.8981483377999915
2026-07-13 04:00:00+00:00,1.897994212499992,1.898085986999992,1.897801720799992,1.8979184603999917
2026-07-13 05:00:00+00:00,1.8979587407999916,1.8987138044999918,1.8977870207999914,1.8986790143999919
2026-07-13 06:00:00+00:00,1.8983271479999924,1.8994700087999916,1.8979996777999915,1.898240843199992
2026-07-13 07:00:00+00:00,1.8987075819999917,1.8991235807999924,1.8970037087999918,1.8978639386999918
2026-07-13 08:00:00+00:00,1.8977027030999918,1.8989782839999918,1.8969033290999917,1.8969033290999917
2026-07-13 09:00:00+00:00,1.896742594999992,1.8974146295999919,1.8965438639999919,1.8970950562999918
2026-07-13 10:00:00+00:00,1.8970244477999918,1.8971153591999919,1.895747134499992,1.8965432197999919
2026-07-13 11:00:00+00:00,1.896519741599992,1.8970203812999917,1.8952982831999918,1.8966143627999916
2026-07-13 12:00:00+00:00,1.8968146911999921,1.897472045899992,1.895959935999992,1.897472045899992
2026-07-13 13:00:00+00:00,1.8974142318999923,1.8980667283999915,1.8965483649999924,1.8965579877999923
2026-07-13 14:00:00+00:00,1.8967219109999918,1.8967219109999918,1.894481666999992,1.895707048799992
2026-07-13 15:00:00+00:00,1.895754399199992,1.895754399199992,1.8941815991999915,1.895704843199992
2026-07-13 16:00:00+00:00,1.895552294999992,1.8959053499999923,1.8938938724999919,1.894295336099992
2026-07-13 17:00:00+00:00,1.894047857399992,1.8949591568999917,1.8934287455999919,1.8934570031999913
2026-07-13 18:00:00+00:00,1.8934704045999915,1.894207969199992,1.8931909919999919,1.894100014399992
2026-07-13 19:00:00+00:00,1.894014494999992,1.8944042715999918,1.8935439899999917,1.8938081383999918
2026-07-13 20:00:00+00:00,1.8936615183999919,1.8939227117999917,1.892544831099992,1.892544831099992
2026-07-13 21:00:00+00:00,1.891942267599992,1.892155679999992,1.8909330353999925,1.8910186286999928
2026-07-13 22:00:00+00:00,1.8926295785999925,1.8929828735999927,1.8922658577999922,1.8924369119999924
2026-07-13 23:00:00+00:00,1.8925075674999927,1.8926027931999925,1.8918470586999927,1.8921518507999922
2026-07-14 00:00:00+00:00,1.8925729358999925,1.8926993699999928,1.8917251433999924,1.8922044899999921
2026-07-14 01:00:00+00:00,1.8923077527999925,1.8925598301999926,1.8920126914999926,1.892041657599992
2026-07-14 02:00:00+00:00,1.8920065163999924,1.892115874599992,1.8909481049999926,1.890956533899993
2026-07-14 03:00:00+00:00,1.8910701343999925,1.891588007599992,1.8907971494999924,1.8913051058999923
2026-07-14 04:00:00+00:00,1.8914603147999924,1.8914603147999924,1.8909918821999925,1.8911216771999921
2026-07-14 05:00:00+00:00,1.8911111007999923,1.8923661399999925,1.8911111007999923,1.891629633599993
2026-07-14 06:00:00+00:00,1.8916669793999925,1.8917615359999924,1.8906396583999925,1.8910192627999924
2026-07-14 07:00:00+00:00,1.8908477713999927,1.8910723025999923,1.8869244049999925,1.8872903140999922
2026-07-14 08:00:00+00:00,1.8875981019999928,1.8884182261999922,1.886628236999993,1.888076227199992
2026-07-14 09:00:00+00:00,1.8878930979999926,1.8879570883999923,1.8872416999999924,1.8877583087999925
2026-07-14 10:00:00+00:00,1.8877001324999925,1.8897126875999923,1.8877001324999925,1.8897126875999923
2026-07-14 11:00:00+00:00,1.8895973255999927,1.8923523332999925,1.8893094371999923,1.8923268074999924
2026-07-14 12:00:00+00:00,1.8923067245999925,1.8938826587999922,1.8894696911999922,1.8903605503999927
2026-07-14 13:00:00+00:00,1.8903504655999928,1.8908982751999923,1.8871706335999925,1.8908438089999922
2026-07-14 14:00:00+00:00,1.8904663593999926,1.8904663593999926,1.8874770991999925,1.8875384936999926
2026-07-14 15:00:00+00:00,1.8872378615999925,1.887565256499992,1.8852886457999927,1.8858855703999928
2026-07-14 16:00:00+00:00,1.8859159039999922,1.886623327199993,1.8853473361999922,1.885694647499993
2026-07-14 17:00:00+00:00,1.8856427327999927,1.8859156955999925,1.8844018874999928,1.8852728324999923
2026-07-14 18:00:00+00:00,1.885429231199992,1.8861519172999925,1.885135188499993,1.8855437283999927
2026-07-14 19:00:00+00:00,1.8857147339999927,1.8865268357999923,1.885432611199992,1.8864950831999923
2026-07-14 20:00:00+00:00,1.886530460399993,1.886832104999993,1.8842622083999927,1.8842622083999927
2026-07-14 21:00:00+00:00,1.8846050897999926,1.8866800480999928,1.8842498997999926,1.8862230960999926
2026-07-14 22:00:00+00:00,1.886551154999993,1.8874055911999932,1.8865133335999933,1.8869268177999932
2026-07-14 23:00:00+00:00,1.887089864799993,1.887210779799993,1.886557568399993,1.886773202599993
2026-07-15 00:00:00+00:00,1.8868698939999933,1.8874121777999933,1.886655231899993,1.887097018399993
2026-07-15 01:00:00+00:00,1.887102878399993,1.8873168695999931,1.8866415599999928,1.886726928799993
2026-07-15 02:00:00+00:00,1.8866392075999932,1.8869169419999932,1.886524659499993,1.886642639999993
2026-07-15 03:00:00+00:00,1.8867694643999928,1.8871701173999933,1.8867349367999933,1.8870455759999931
2026-07-15 04:00:00+00:00,1.887078904299993,1.887345525499993,1.886940336799993,1.887267703799993
2026-07-15 05:00:00+00:00,1.887346017599993,1.8889702249999931,1.887116851199993,1.888792435799993
2026-07-15 06:00:00+00:00,1.889178526199993,1.890445293799993,1.889178526199993,1.890246911399993
2026-07-15 07:00:00+00:00,1.8895213604999932,1.8895213604999932,1.8875389909999931,1.887627783999993
2026-07-15 08:00:00+00:00,1.887605040299993,1.887605040299993,1.8865232112999932,1.8872038781999931
2026-07-15 09:00:00+00:00,1.8872355683999933,1.887417504699993,1.8867130919999928,1.8869390278999931
2026-07-15 10:00:00+00:00,1.886884599599993,1.889101409999993,1.8865162501999928,1.889065350399993
2026-07-15 11:00:00+00:00,1.888883891999993,1.891384337499993,1.8888136319999929,1.8910245623999928
2026-07-15 12:00:00+00:00,1.8913098775999932,1.891856150799993,1.890319426799993,1.891454191799993
2026-07-15 13:00:00+00:00,1.8913576171999933,1.895434883999993,1.8913576171999933,1.8949368995999931
2026-07-15 14:00:00+00:00,1.8946121375999931,1.8989709065999933,1.8938546927999929,1.898244887699993
2026-07-15 15:00:00+00:00,1.8980083073999927,1.9002267199999932,1.8976660039999929,1.9002267199999932
2026-07-15 16:00:00+00:00,1.9003284257999928,1.905056266999993,1.8999815314999928,1.9045616737999933
2026-07-15 17:00:00+00:00,1.9057769135999931,1.9059057953999932,1.904103698799993,1.905253479599993
2026-07-15 18:00:00+00:00,1.905345250799993,1.9063994267999929,1.9048606204999927,1.905164461199993
2026-07-15 19:00:00+00:00,1.9053223661999934,1.9053886971999934,1.904143963799993,1.9048318154999933
2026-07-15 20:00:00+00:00,1.9048730007999928,1.905746543999993,1.9047258818999928,1.905285187499993
2026-07-15 21:00:00+00:00,1.9049044351999929,1.905589898799993,1.902237162099993,1.9037363487999928
2026-07-15 22:00:00+00:00,1.9048350705999926,1.9055600255999927,1.9048350705999926,1.9051262029999927
2026-07-15 23:00:00+00:00,1.9050183803999927,1.9052177039999927,1.9047751169999925,1.9047751169999925
2026-07-16 00:00:00+00:00,1.9047207689999925,1.9055172752999927,1.9040674211999928,1.904252479999993
2026-07-16 01:00:00+00:00,1.9040899274999927,1.9046838311999925,1.9040529507999926,1.9046566799999927
2026-07-16 02:00:00+00:00,1.9045978275999926,1.9048327069999926,1.9040268994999927,1.9048327069999926
2026-07-16 03:00:00+00:00,1.904774754599993,1.9057365431999926,1.9047607227999928,1.9052268479999928
2026-07-16 04:00:00+00:00,1.9052947559999929,1.905354435599993,1.9049805991999926,1.905156707999993
2026-07-16 05:00:00+00:00,1.9053237059999926,1.9061504944999927,1.9049897775999927,1.9049897775999927
2026-07-16 06:00:00+00:00,1.9056338464999927,1.9061202299999926,1.9052515295999928,1.9055153549999928
2026-07-16 07:00:00+00:00,1.9055394841999926,1.9057774559999927,1.9048049313999929,1.9051865491999926
2026-07-16 08:00:00+00:00,1.9049512082999926,1.9050529541999928,1.9028369619999927,1.9028369619999927
2026-07-16 09:00:00+00:00,1.9028518915999926,1.9029287627999927,1.9008082979999927,1.9008082979999927
2026-07-16 10:00:00+00:00,1.9008101607999928,1.9008582536999927,1.8996628214999927,1.8998011384999927
2026-07-16 11:00:00+00:00,1.899649736399993,1.8996773059999925,1.8983794169999928,1.8995439384999926
2026-07-16 12:00:00+00:00,1.8992082473999925,1.8994734769999926,1.8975772431999929,1.8977408794999928
2026-07-16 13:00:00+00:00,1.8979514837999927,1.8990522134999925,1.8967922531999928,1.8983731529999928
2026-07-16 14:00:00+00:00,1.8986551583999929,1.8990911147999925,1.8968652239999928,1.8969519177999927
2026-07-16 15:00:00+00:00,1.8971713711999927,1.8979632755999927,1.8964938509999927,1.8964938509999927
2026-07-16 16:00:00+00:00,1.8964890019999927,1.8966092771999927,1.895759249999993,1.8962735529999928
2026-07-16 17:00:00+00:00,1.8961732611999926,1.8973827659999924,1.8961732611999926,1.8971707082999927
2026-07-16 18:00:00+00:00,1.8972461199999926,1.8972461199999926,1.8964990855999928,1.8966205565999927
2026-07-16 19:00:00+00:00,1.8967123589999926,1.8972373439999928,1.8963529727999926,1.8972373439999928
2026-07-16 20:00:00+00:00,1.8972894083999927,1.8978665441999925,1.8965987177999926,1.8965987177999926
2026-07-16 21:00:00+00:00,1.8950318424999926,1.8959509799999923,1.8947780045999927,1.8952230978999922
2026-07-16 22:00:00+00:00,1.8959026007999924,1.8961459841999926,1.8957378471999926,1.8960047435999925
2026-07-16 23:00:00+00:00,1.8959661944999926,1.8961740309999926,1.8956777146999924,1.8960257141999923
2026-07-17 00:00:00+00:00,1.8960903584999924,1.8960903584999924,1.8949592339999923,1.8954262205999926
2026-07-17 01:00:00+00:00,1.8955808867999926,1.8955833402999922,1.8942328634999925,1.8943839230999924
2026-07-17 02:00:00+00:00,1.8945256383999924,1.8946638115999923,1.8941935021999925,1.8943571533999926
2026-07-17 03:00:00+00:00,1.8943747574999923,1.8946467539999923,1.8939599887999927,1.8939875177999925
2026-07-17 04:00:00+00:00,1.8939984946999926,1.8939984946999926,1.8929900009999925,1.8932259485999925
2026-07-17 05:00:00+00:00,1.8931869719999923,1.8937618543999926,1.8928169519999924,1.8937196559999923
2026-07-17 06:00:00+00:00,1.8938208269999923,1.8947729303999925,1.8937262534999924,1.8945320374999925
2026-07-17 07:00:00+00:00,1.8948065811999926,1.8950452498999923,1.8918808604999924,1.8918808604999924
2026-07-17 08:00:00+00:00,1.8919429640999925,1.8927554757999923,1.8899546659999924,1.8902021749999924
2026-07-17 09:00:00+00:00,1.8900937373999926,1.8904216733999923,1.8893474124999925,1.8901336823999926
2026-07-17 10:00:00+00:00,1.8900245551999924,1.8900245551999924,1.8885519057999922,1.8894393041999926
2026-07-17 11:00:00+00:00,1.8897461023999924,1.8903040546999923,1.8884513267999925,1.8888688295999925
2026-07-17 12:00:00+00:00,1.8887391935999926,1.8888496798999923,1.8871055479999925,1.8878090192999923
2026-07-17 13:00:00+00:00,1.8876541263999926,1.8886992145999926,1.8867142034999924,1.8883753033999926
2026-07-17 14:00:00+00:00,1.8883986716999923,1.8891440911999924,1.8877441714999925,1.8880140014999924
2026-07-17 15:00:00+00:00,1.8882468821999925,1.8889715354999927,1.8875452877999923,1.8883352699999925
2026-07-17 16:00:00+00:00,1.8884597267999927,1.8892484414999924,1.8873812207999923,1.8891198063999928
2026-07-17 17:00:00+00:00,1.8892297815999923,1.8901573424999925,1.8890296127999924,1.8894705197999924
2026-07-17 18:00:00+00:00,1.8894795344999924,1.8895449663999926,1.8888149435999924,1.8890839711999925
2026-07-17 19:00:00+00:00,1.8890434699999925,1.8900579543999927,1.8889300503999924,1.8895496399999925
2026-07-17 20:00:00+00:00,1.8895414847999927,1.8902775074999925,1.8891029867999927,1.8893234486999926
2026-07-19 21:00:00+00:00,1.8891648613999927,1.8917691961999927,1.8891648613999927,1.8904430219999926
2026-07-19 22:00:00+00:00,1.8931245559999927,1.8936852159999926,1.892812601999993,1.8932287698999923
2026-07-19 23:00:00+00:00,1.8931612283999926,1.8934081903999924,1.8929609515999928,1.8933133679999927
2026-07-20 00:00:00+00:00,1.8932137399999927,1.893522538599993,1.8930872399999925,1.8931942217999926
2026-07-20 01:00:00+00:00,1.8932866179999925,1.8933160973999927,1.8927086643999926,1.8929265095999925
2026-07-20 02:00:00+00:00,1.892881588199993,1.8939216629999929,1.892881588199993,1.8936676989999928
2026-07-20 03:00:00+00:00,1.8937493189999928,1.8940970159999928,1.8936754502999928,1.8937280165999926
2026-07-20 04:00:00+00:00,1.8938298392999928,1.894422593899993,1.8938298392999928,1.8943502423999927
2026-07-20 05:00:00+00:00,1.8943642431999925,1.8952475279999925,1.894318468799993,1.8951088909999927
2026-07-20 06:00:00+00:00,1.895109366599993,1.8952517975999927,1.893674967999993,1.8937990799999926
2026-07-20 07:00:00+00:00,1.8941235878999927,1.8970497209999928,1.8939114715999927,1.8970497209999928
2026-07-20 08:00:00+00:00,1.8968195375999928,1.8976669503999928,1.8966626189999927,1.8971811333999928
2026-07-20 09:00:00+00:00,1.8970559399999927,1.8979192619999925,1.8960007519999929,1.8973661525999925
2026-07-20 10:00:00+00:00,1.8970310267999928,1.8979691054999928,1.8967354735999928,1.8974174229999927
2026-07-20 11:00:00+00:00,1.8976461481999929,1.8988336379999926,1.8967180973999926,1.8979718570999926
2026-07-20 12:00:00+00:00,1.8975159151999927,1.8986364479999926,1.8966552323999928,1.8981757519999927
2026-07-20 13:00:00+00:00,1.8981060701999928,1.8988771580999928,1.8971266418999928,1.8974327534999926
2026-07-20 14:00:00+00:00,1.8977129919999927,1.8978590644999926,1.8961814222999926,1.8975922917999928
2026-07-20 15:00:00+00:00,1.8964708597999929,1.8964976516999925,1.8944674407999926,1.8949894739999926
2026-07-20 16:00:00+00:00,1.8949062879999927,1.8950544170999926,1.8942804313999926,1.8949914062999929
2026-07-20 17:00:00+00:00,1.8949970782999925,1.8966727403999926,1.8949824599999927,1.8963736079999929
2026-07-20 18:00:00+00:00,1.8964606974999927,1.8973985546999927,1.8964606974999927,1.8973721087999926
2026-07-20 19:00:00+00:00,1.8972376598999925,1.8984250521999926,1.8970584543999927,1.8981095743999927
2026-07-20 20:00:00+00:00,1.8981185327999925,1.8982121799999927,1.897651703399993,1.8981010191999927
2026-07-20 21:00:00+00:00,1.8966111005999926,1.9005070396999928,1.8965976132999924,1.8996770729999926
2026-07-20 22:00:00+00:00,1.900000264099993,1.9004121586999927,1.8996338492999927,1.8998926309999926
2026-07-20 23:00:00+00:00,1.8998639087999927,1.9002467615999927,1.8996532224999927,1.8997055865999928
2026-07-21 00:00:00+00:00,1.899793917599993,1.9003307744999924,1.8995632241999927,1.9001107245999926
2026-07-21 01:00:00+00:00,1.9001793791999928,1.9010033639999928,1.8999745491999926,1.9006313182999925
2026-07-21 02:00:00+00:00,1.9006352459999927,1.901325328799993,1.9006352459999927,1.9009074959999925
2026-07-21 03:00:00+00:00,1.9009497239999928,1.9017779591999928,1.9005215375999926,1.9014908401999928
2026-07-21 04:00:00+00:00,1.9015054799999926,1.9015094286999925,1.9008513089999926,1.9009434913999927
2026-07-21 05:00:00+00:00,1.9008916493999926,1.9013143383999929,1.9007926319999928,1.9010885775999926
2026-07-21 06:00:00+00:00,1.9014570413999925,1.9028806949999928,1.9009995927999925,1.9010271734999926
2026-07-21 07:00:00+00:00,1.9010060367999928,1.9014972630999925,1.8996737759999929,1.900148937299993
2026-07-21 08:00:00+00:00,1.9002798443999929,1.9012986794999929,1.8986394167999927,1.8986394167999927
2026-07-21 09:00:00+00:00,1.8986658617999925,1.8987344927999927,1.8970216550999928,1.8972393179999927
2026-07-21 10:00:00+00:00,1.8971527863999926,1.8982062449999926,1.8958434624999927,1.8961813799999927
2026-07-21 11:00:00+00:00,1.8961611775999927,1.8965970383999928,1.8947364713999926,1.8953068175999928
2026-07-21 12:00:00+00:00,1.8954802855999926,1.8960118699999928,1.8937565275999926,1.8942924772999927
2026-07-21 13:00:00+00:00,1.8939988129999927,1.8957774433999925,1.8912333615999926,1.8949740319999926
2026-07-21 14:00:00+00:00,1.8945262645999927,1.8965374181999928,1.8936462635999929,1.893982420799993
2026-07-21 15:00:00+00:00,1.894084183199993,1.8955949842999926,1.8936865916999928,1.8950273978999925
2026-07-21 16:00:00+00:00,1.895353353599993,1.8967185479999928,1.8948183880999927,1.8964059908999928
2026-07-21 17:00:00+00:00,1.8964731759999924,1.8978151371999925,1.8964265102999929,1.8972556474999929
2026-07-21 18:00:00+00:00,1.8974004815999925,1.8974905343999926,1.8968105375999926,1.8974746804999927
2026-07-21 19:00:00+00:00,1.8974592801999925,1.8979777073999926,1.8971324967999927,1.8971324967999927
2026-07-21 20:00:00+00:00,1.8969645785999927,1.8970895447999925,1.8966439175999927,1.8966439175999927
2026-07-21 21:00:00+00:00,1.8951796815999928,1.8968502324999927,1.8946284467999928,1.8964714071999926
2026-07-21 22:00:00+00:00,1.8964382675999927,1.8969955549999924,1.8964382675999927,1.8966731136999924
2026-07-21 23:00:00+00:00,1.8967947959999927,1.8969283094999925,1.8965983359999925,1.896852418999993
2026-07-22 00:00:00+00:00,1.8970496383999926,1.8977016919999927,1.8969485307999925,1.8977016919999927
2026-07-22 01:00:00+00:00,1.8975234999999924,1.8975234999999924,1.8970081778999923,1.8973133169999927
2026-07-22 02:00:00+00:00,1.8972569189999926,1.8979996419999925,1.8971081779999925,1.8977305347999927
2026-07-22 03:00:00+00:00,1.8976126079999927,1.8979035789999927,1.8974049371999924,1.8974190377999924
2026-07-22 04:00:00+00:00,1.8974305599999928,1.8976593904999928,1.8973652125999925,1.8975459431999924
2026-07-22 05:00:00+00:00,1.8975728575999926,1.8977286087999927,1.8966423621999926,1.8966423621999926
2026-07-22 06:00:00+00:00,1.8970320095999924,1.8976681238999926,1.8950521439999928,1.8960248201999925
2026-07-22 07:00:00+00:00,1.8961484618999926,1.8961484618999926,1.8945817217999927,1.8952750823999929
2026-07-22 08:00:00+00:00,1.8953385749999927,1.8956011752999928,1.8943550828999924,1.8946144223999928
2026-07-22 09:00:00+00:00,1.8944389711999925,1.8949177049999928,1.8935943146999925,1.8942236511999928
2026-07-22 10:00:00+00:00,1.8944862039999926,1.8956112038999924,1.8942102085999923,1.8948508753999926
2026-07-22 11:00:00+00:00,1.8952160823999926,1.8952160823999926,1.8931436677999929,1.8932025941999924
2026-07-22 12:00:00+00:00,1.8931975216999923,1.8931975216999923,1.8917329855999927,1.8921946686999926
2026-07-22 13:00:00+00:00,1.8923984072999929,1.8959367536999925,1.8923564589999926,1.8958813799999925
2026-07-22 14:00:00+00:00,1.8957720674999925,1.8957720674999925,1.8933261515999928,1.8933945524999924
2026-07-22 15:00:00+00:00,1.893642939499993,1.8941927149999924,1.8933146369999927,1.8937696657999927
2026-07-22 16:00:00+00:00,1.8936288587999928,1.8944786695999927,1.8931820464999922,1.8943806906999925
2026-07-22 17:00:00+00:00,1.8943461249999924,1.8943646729999926,1.8937775422999927,1.8940758912999927
2026-07-22 18:00:00+00:00,1.8941847364999926,1.8942180542999927,1.8934727038999923,1.8934727038999923
2026-07-22 19:00:00+00:00,1.8934861509999927,1.8936256947999928,1.8932679344999928,1.8932684665999926
2026-07-22 20:00:00+00:00,1.8933228867999927,1.8940354847999927,1.8932069183999927,1.8936334339999925
2026-07-22 21:00:00+00:00,1.893481708799993,1.8938824748999927,1.891001775199993,1.8918393704999934
2026-07-22 22:00:00+00:00,1.8925593653999933,1.8927590543999935,1.8923545293999935,1.8926457524999936
2026-07-22 23:00:00+00:00,1.8926470376999933,1.8931219535999935,1.8926470376999933,1.8930656307999933
2026-07-23 00:00:00+00:00,1.8930976051999937,1.8933449297999931,1.8927532370999935,1.8931187714999935
2026-07-23 01:00:00+00:00,1.8928456097999935,1.893062704999993,1.8923839229999935,1.892488444999993
2026-07-23 02:00:00+00:00,1.8925600280999935,1.892843259999994,1.8922474267999936,1.8923353999999932
2026-07-23 03:00:00+00:00,1.8924356199999934,1.8925842806999935,1.8920838677999936,1.892129313599994
2026-07-23 04:00:00+00:00,1.8921281113999937,1.8923679917999932,1.891757729399994,1.8919166174999937
2026-07-23 05:00:00+00:00,1.8918780551999936,1.8923142424999935,1.8916940822999935,1.8916940822999935
2026-07-23 06:00:00+00:00,1.8915520909999934,1.8917752047999932,1.8905454499999934,1.8907667657999931
2026-07-23 07:00:00+00:00,1.890557693999993,1.8908651847999933,1.8892712600999935,1.890718242599994
2026-07-23 08:00:00+00:00,1.890869848699993,1.891420685999994,1.8899508365999935,1.8908341039999934
2026-07-23 09:00:00+00:00,1.8908181335999936,1.892389411899994,1.8908181335999936,1.8920677679999935
2026-07-23 10:00:00+00:00,1.8919391777999934,1.8923563987999936,1.8912665441999938,1.8917958718999934
2026-07-23 11:00:00+00:00,1.8916026228999931,1.8917062528999935,1.888938654099994,1.889407001099993
2026-07-23 12:00:00+00:00,1.8891874191999933,1.8891874191999933,1.887688000799993,1.8881138700999938
2026-07-23 13:00:00+00:00,1.8876177536999934,1.8876177536999934,1.8856197697999937,1.8856197697999937
2026-07-23 14:00:00+00:00,1.8856332557999937,1.886742444599994,1.8848418261999935,1.885333943699994
2026-07-23 15:00:00+00:00,1.885601729699994,1.8861094039999937,1.8838639076999932,1.8842645571999934
2026-07-23 16:00:00+00:00,1.8845518719999939,1.8855939259999936,1.8844532839999937,1.8846643175999938
2026-07-23 17:00:00+00:00,1.884647529399993,1.8846904250999936,1.8837437732999933,1.8837790823999936
2026-07-23 18:00:00+00:00,1.8837825423999934,1.884320149199994,1.883423247999993,1.8835306739999933
2026-07-23 19:00:00+00:00,1.8837784789999938,1.8846774812999934,1.8833284602999933,1.8845641647999936
2026-07-23 20:00:00+00:00,1.884842967999993,1.8852131213999934,1.8842355025999937,1.8842355025999937
2026-07-23 21:00:00+00:00,1.8834839615999934,1.8837232127999932,1.8825346149999929,1.8832749326999934
2026-07-23 22:00:00+00:00,1.8840797569999934,1.8843875912999932,1.883913607799993,1.884286759999993
2026-07-23 23:00:00+00:00,1.8843762915999935,1.8844946640999936,1.8841101848999935,1.8841975853999933
2026-07-24 00:00:00+00:00,1.8842391279999935,1.8842391279999935,1.883237931499993,1.883933741399993
2026-07-24 01:00:00+00:00,1.8838453410999938,1.8840208149999935,1.883557232999994,1.8836945199999933
2026-07-24 02:00:00+00:00,1.8838016431999935,1.8839048567999934,1.8834555167999936,1.8835423253999937
2026-07-24 03:00:00+00:00,1.8835437039999938,1.8835437039999938,1.883148965199993,1.883314112899994
2026-07-24 04:00:00+00:00,1.8832739617999938,1.8834608932999932,1.8831725271999935,1.8834483832999933
2026-07-24 05:00:00+00:00,1.8834068501999932,1.883976833199993,1.883202784799993,1.883202784799993
2026-07-24 06:00:00+00:00,1.883724352499994,1.884718709999994,1.8833871911999933,1.884718709999994
2026-07-24 07:00:00+00:00,1.8846952893999935,1.8862308299999937,1.8844239166999937,1.8862182158999934
2026-07-24 08:00:00+00:00,1.8862885703999934,1.8862885703999934,1.8845669458999934,1.8845669458999934
2026-07-24 09:00:00+00:00,1.8845896244999936,1.8853410995999937,1.8837437732999933,1.8844729136999938
2026-07-24 10:00:00+00:00,1.8842363877999935,1.8850696953999933,1.883777441099993,1.8846808994999933
2026-07-24 11:00:00+00:00,1.8847056359999934,1.8862643147999933,1.8847056359999934,1.8860657749999934
2026-07-24 12:00:00+00:00,1.8862608687999938,1.8866566744999933,1.885394121599993,1.8866566744999933
2026-07-24 13:00:00+00:00,1.8870081599999935,1.8878707910999935,1.8866468249999935,1.8876473995999934
2026-07-24 14:00:00+00:00,1.8877181149999935,1.8877181149999935,1.8857562815999938,1.8857562815999938
2026-07-24 15:00:00+00:00,1.8855632947999938,1.8882116054999931,1.8855632947999938,1.8875868297999936
2026-07-24 16:00:00+00:00,1.8877035426999935,1.887997633199993,1.8870015999999932,1.8870015999999932
2026-07-24 17:00:00+00:00,1.8871463039999934,1.887678374399993,1.886655739799994,1.8876072157999935
2026-07-24 18:00:00+00:00,1.8876515839999934,1.8880764244999937,1.8874873610999936,1.8875162399999934
2026-07-24 19:00:00+00:00,1.8876148783999935,1.887953955299994,1.887338762399994,1.8875410912999935
2026-07-24 20:00:00+00:00,1.8877137603999934,1.887931549599993,1.8766575828,1.8766575828
2026-07-26 21:00:00+00:00,1.8766294092000002,1.8776482014000002,1.8744117768999997,1.8749156300000003
2026-07-26 22:00:00+00:00,1.8781827242,1.8785965776000002,1.8779797160000002,1.8781356615999998
2026-07-26 23:00:00+00:00,1.878029016,1.8787927740000003,1.8778514426,1.8787529082
2026-07-27 00:00:00+00:00,1.8785840112000003,1.8789255568,1.8780230072000001,1.8780489439
2026-07-27 01:00:00+00:00,1.8782764364000002,1.8784589979999997,1.8779398680000003,1.8784589979999997
2026-07-27 02:00:00+00:00,1.8783893682,1.8785397708,1.8781317947,1.8781584801000004
2026-07-27 03:00:00+00:00,1.8782592120000003,1.8787700288000002,1.8781771409999999,1.8784202218000001
2026-07-27 04:00:00+00:00,1.8785936444,1.8788582442000001,1.8783423953,1.8783423953
2026-07-27 05:00:00+00:00,1.8783097675000004,1.8788923286000003,1.8783097675000004,1.8788085743999998
2026-07-27 06:00:00+00:00,1.8789108696000003,1.881102679,1.8789108696000003,1.8799316888000004
2026-07-27 07:00:00+00:00,1.8801297811000002,1.8801297811000002,1.8779529225,1.8779529225
2026-07-27 08:00:00+00:00,1.8780442038,1.8787259028000003,1.8770169352,1.8785490370000002
2026-07-27 09:00:00+00:00,1.878322705,1.8790519300000004,1.8782579158000001,1.8785086184
2026-07-27 10:00:00+00:00,1.8785940299000001,1.8788760750000004,1.8768738299999999,1.8769092366000002
2026-07-27 11:00:00+00:00,1.8771538005000001,1.8771538005000001,1.8754668026999999,1.8764043105000003
2026-07-27 12:00:00+00:00,1.8764288612000004,1.8767399754000003,1.875285831,1.8764143910000002
2026-07-27 13:00:00+00:00,1.8762833925000002,1.8769198403999998,1.8748677150000002,1.875007908
2026-07-27 14:00:00+00:00,1.874889104,1.8770338744000001,1.874889104,1.8755138457000002
2026-07-27 15:00:00+00:00,1.8753212135000004,1.8758782972,1.8750480372,1.8752298288
2026-07-27 16:00:00+00:00,1.8754623265000003,1.8763648079000002,1.8751468086,1.8754249156
2026-07-27 17:00:00+00:00,1.8755187717000004,1.8755279576000001,1.8737553131000002,1.8748744488000002
2026-07-27 18:00:00+00:00,1.8748651933999998,1.8754920310000003,1.8746251482999998,1.8750234313
2026-07-27 19:00:00+00:00,1.8751259056,1.8755703708000004,1.8749612818000003,1.8750653999999998
2026-07-27 20:00:00+00:00,1.8751998776000005,1.87533099,1.8747576350000001,1.8747711854000002
2026-07-27 21:00:00+00:00,1.874171397,1.8742995347999993,1.8732083832,1.8733109357999997
2026-07-27 22:00:00+00:00,1.8739589465999997,1.8742944509999995,1.8739233767999999,1.8740826359999998
2026-07-27 23:00:00+00:00,1.8741382709,1.8745496998000002,1.8740103308000002,1.8745449399
2026-07-28 00:00:00+00:00,1.8746216469999994,1.8750333166,1.8738705563999998,1.8740136079999998
2026-07-28 01:00:00+00:00,1.8739073999999998,1.8745747620000002,1.8738378619999991,1.8743769
2026-07-28 02:00:00+00:00,1.8742167564999999,1.8748788377999996,1.8742167564999999,1.8746679423999995
2026-07-28 03:00:00+00:00,1.8746721099,1.8750100319999998,1.8745060686999997,1.8745060686999997
2026-07-28 04:00:00+00:00,1.8745118399999998,1.8745159184999998,1.8739356299999996,1.874300813
2026-07-28 05:00:00+00:00,1.8744335830000003,1.8746476995999997,1.8732663155999998,1.8733583654999995
2026-07-28 06:00:00+00:00,1.8735675792000002,1.8755612735999994,1.8732606398999994,1.8754142074999993
2026-07-28 07:00:00+00:00,1.8752106328,1.8753178821999998,1.8738220045999998,1.8739778082999998
2026-07-28 08:00:00+00:00,1.8741398111999992,1.8749891294999999,1.8741383345999993,1.8745591271999997
2026-07-28 09:00:00+00:00,1.874402988,1.874402988,1.8719796089999996,1.8719796089999996
2026-07-28 10:00:00+00:00,1.871710584,1.8717177446000004,1.8706254372000002,1.8709831959999998
2026-07-28 11:00:00+00:00,1.8711970919999998,1.8716020205999997,1.8701173455999998,1.8707667756999997
2026-07-28 12:00:00+00:00,1.8713533428000002,1.8741914537999993,1.8712179563999993,1.8741458226000003
2026-07-28 13:00:00+00:00,1.8742089089999996,1.8742089089999996,1.8724568667999992,1.872683705
2026-07-28 14:00:00+00:00,1.8728661599999996,1.8728661599999996,1.8713519967999996,1.8721292839999997
2026-07-28 15:00:00+00:00,1.8724992699999996,1.8729902864,1.8715597625999998,1.8729781160999999
2026-07-28 16:00:00+00:00,1.8729297313000002,1.8730610642999992,1.8713327724,1.8713327724
2026-07-28 17:00:00+00:00,1.8713774384999993,1.8729604103999997,1.8713774384999993,1.8722379675999996
2026-07-28 18:00:00+00:00,1.872433764,1.8724578307999997,1.8712790136,1.8718148565999997
2026-07-28 19:00:00+00:00,1.8717949602000001,1.8727606810000001,1.8717800271999996,1.8723514683000002
2026-07-28 20:00:00+00:00,1.8723506303999997,1.8725623468999997,1.8716124014,1.8719600132999994
2026-07-28 21:00:00+00:00,1.8707664450000001,1.8719077499999994,1.8692862074999996,1.8711321949999993
2026-07-28 22:00:00+00:00,1.8716937479999998,1.8719210551999992,1.8707472944999997,1.8711934573999993
2026-07-28 23:00:00+00:00,1.8710084319999996,1.8716911849999998,1.8708034114999994,1.8716911849999998
2026-07-29 00:00:00+00:00,1.8714893663999996,1.8722844191999992,1.8714893663999996,1.8717368239999992
2026-07-29 01:00:00+00:00,1.8716372039999996,1.8716372039999996,1.8705481998999993,1.8708559865999999
2026-07-29 02:00:00+00:00,1.8709878739999994,1.8718956799999993,1.8709878739999994,1.8714728119999995
2026-07-29 03:00:00+00:00,1.871335745399999,1.8716607064999993,1.8709607069999992,1.8710428139999995
2026-07-29 04:00:00+00:00,1.8710810203999995,1.8714901599999993,1.8709181469999996,1.8710638921999991
2026-07-29 05:00:00+00:00,1.8710514194999994,1.8715477325999994,1.8710148057999993,1.8713375951999995
2026-07-29 06:00:00+00:00,1.8714329831999994,1.8721767782999996,1.8707241419999994,1.8718823999999996
2026-07-29 07:00:00+00:00,1.871798840899999,1.8725062403999992,1.8714460481999995,1.8723339512999992
2026-07-29 08:00:00+00:00,1.8721414970999992,1.8733116783999992,1.8715604259999996,1.8732689807999994
2026-07-29 09:00:00+00:00,1.8730526723999996,1.8730602799999996,1.8718932322999993,1.8725040984999994
2026-07-29 10:00:00+00:00,1.8722569793999995,1.8727465259999998,1.8712391623999993,1.8713950679999996
2026-07-29 11:00:00+00:00,1.8713361031999995,1.8718271819999996,1.8709910946999995,1.8715409855999994
2026-07-29 12:00:00+00:00,1.8715203047999995,1.8720454939999995,1.8691710737999994,1.8694380547999996
2026-07-29 13:00:00+00:00,1.8696528003999995,1.8701975535999993,1.8689067119999994,1.8692688299999998
2026-07-29 14:00:00+00:00,1.8693955409999996,1.8708877343999994,1.8689087999999994,1.8697148199999996
2026-07-29 15:00:00+00:00,1.8695482032999997,1.8698977940999992,1.8689837903999993,1.8691276839999997
2026-07-29 16:00:00+00:00,1.8690656160999994,1.8704196743999997,1.8687118063999992,1.8704196743999997
2026-07-29 17:00:00+00:00,1.8705207905999996,1.8727337915999995,1.8704354107999994,1.8714611720999996
2026-07-29 18:00:00+00:00,1.8736992531999996,1.8744786235999997,1.8716998479999996,1.8738997146999994
2026-07-29 19:00:00+00:00,1.8735485324999994,1.8747436553999992,1.8724747889999998,1.8735390227999993
2026-07-29 20:00:00+00:00,1.8732893894999998,1.8752126206,1.8722850191999996,1.8747153417999993
2026-07-29 21:00:00+00:00,1.8746050753999997,1.8746184231999994,1.8722220867,1.8730314047999999
2026-07-29 22:00:00+00:00,1.8744714260999997,1.8745947836999999,1.8740729999999999,1.8743017228
2026-07-29 23:00:00+00:00,1.874527688,1.87469477,1.8734020825,1.8734582165
2026-07-30 00:00:00+00:00,1.8735978688,1.8735978688,1.8725842974000002,1.8728173647000002
2026-07-30 01:00:00+00:00,1.872835617,1.8734686640999998,1.8726615099,1.8731822088
2026-07-30 02:00:00+00:00,1.873357158,1.8735425840000002,1.8727586568,1.8727586568
2026-07-30 03:00:00+00:00,1.8726750894,1.8728145567999999,1.8721589412000001,1.8726142645000001
2026-07-30 04:00:00+00:00,1.8725342935,1.8733142760000001,1.8724809795000001,1.8728195576000002
2026-07-30 05:00:00+00:00,1.8725983496999998,1.873799424,1.8725465148,1.8731741000000002
2026-07-30 06:00:00+00:00,1.8733545996,1.8733545996,1.8716073807,1.8724304536
2026-07-30 07:00:00+00:00,1.8729849699999999,1.873952001,1.8729849699999999,1.8734528618000001
2026-07-30 08:00:00+00:00,1.8734802468,1.8755463349999997,1.8734802468,1.8747683399999995
2026-07-30 09:00:00+00:00,1.8748724425999992,1.8775981227999996,1.8748724425999992,1.8768922548000002
2026-07-30 10:00:00+00:00,1.8768186227999994,1.8795504143999993,1.8760173298999996,1.8775344379999992
2026-07-30 11:00:00+00:00,1.8782216539999994,1.8782216539999994,1.8760458151999997,1.8772462799999992
2026-07-30 12:00:00+00:00,1.8771747319999996,1.8780532893999995,1.8762862339999997,1.8766397161
2026-07-30 13:00:00+00:00,1.8763642588999996,1.8795160929999997,1.8752476511999998,1.8785598324999997
2026-07-30 14:00:00+00:00,1.8787696787999997,1.8811174448999997,1.8787696787999997,1.8791305929000002
2026-07-30 15:00:00+00:00,1.8789428822999998,1.8825011424999996,1.8789428822999998,1.8820144199999993
2026-07-30 16:00:00+00:00,1.8821101082999996,1.8832896103999996,1.8810235682999994,1.8816425270999997
2026-07-30 17:00:00+00:00,1.8814171699999998,1.8827511390999996,1.8813977502999997,1.8826914124
2026-07-30 18:00:00+00:00,1.8828033516,1.8833426681999994,1.8820467199999997,1.8832511083999999
2026-07-30 19:00:00+00:00,1.8833098374999995,1.8839810855999997,1.8833098374999995,1.8834189056000001
2026-07-30 20:00:00+00:00,1.8834683279999995,1.8840787874999998,1.8831262125,1.8838653203999995
2026-07-30 21:00:00+00:00,1.8825778571999994,1.8833817078,1.8819942567999994,1.8832684991999997
2026-07-30 22:00:00+00:00,1.8835139897999997,1.8837576383999997,1.8834052907999999,1.8835110999999995
2026-07-30 23:00:00+00:00,1.8836421022,1.8836421022,1.8832349558999995,1.883407462999999
2026-07-31 00:00:00+00:00,1.8833419420000002,1.8836848349999997,1.8826995291999997,1.8835299405999995
2026-07-31 01:00:00+00:00,1.8836448948000002,1.8836640254999992,1.8824270573999997,1.8828685562000003
2026-07-31 02:00:00+00:00,1.88296899,1.8835313343000002,1.8826973954999993,1.8827196212999993
2026-07-31 03:00:00+00:00,1.8827272319999995,1.8831652697999997,1.8825286676,1.8831126996
2026-07-31 04:00:00+00:00,1.8829310600999998,1.8830098755999993,1.8820262735999997,1.8823814511999992
2026-07-31 05:00:00+00:00,1.8823516478,1.8825625043999998,1.881799224,1.8820823472
2026-07-31 06:00:00+00:00,1.8821303153999998,1.8835653763999995,1.8820107143999996,1.8825221687999996
2026-07-31 07:00:00+00:00,1.8823206527999992,1.8836197169999997,1.8820288127999993,1.8835081422999997
2026-07-31 08:00:00+00:00,1.8830174737999996,1.8836630360999997,1.8814953639,1.8831677364
2026-07-31 09:00:00+00:00,1.8830125850000003,1.8836948840000005,1.8822991742999995,1.8824695866000003
2026-07-31 10:00:00+00:00,1.8824854433999996,1.8832931669999997,1.8820591624,1.8827317799999994
2026-07-31 11:00:00+00:00,1.8824215592,1.8825133769999993,1.8802395413000002,1.8809617234
2026-07-31 12:00:00+00:00,1.8808462858,1.8829690424999999,1.8808386717999996,1.8813936391
2026-07-31 13:00:00+00:00,1.8814357432,1.8816359916,1.8778270177000003,1.8800953019999997
2026-07-31 14:00:00+00:00,1.8798315918,1.8857477990000004,1.8798315918,1.8855847134999997
2026-07-31 15:00:00+00:00,1.8856688839999995,1.8878072243999997,1.8849874247999994,1.8871301524999997
2026-07-31 16:00:00+00:00,1.8869821750000004,1.8869904480000002,1.8859932227999996,1.8866952813999995
2026-07-31 17:00:00+00:00,1.8867004815999995,1.8880884133999998,1.8864331993999999,1.8878645304
2026-07-31 18:00:00+00:00,1.8879195016,1.8883039685999996,1.8871957229999994,1.8877249083
2026-07-31 19:00:00+00:00,1.8877811789999999,1.8878032107999991,1.8865729374999998,1.8866954241
2026-07-31 20:00:00+00:00,1.88680934,1.8887093585000008,1.8857039699999998,1.8857039699999998
2026-08-02 21:00:00+00:00,1.8855424535999994,1.8866484749999997,1.8847406195999998,1.88493342
2026-08-02 22:00:00+00:00,1.8884920338,1.888570712,1.8875278254,1.8876270194999998
2026-08-02 23:00:00+00:00,1.8875412936000002,1.8877611639999998,1.8871177337999998,1.8873873931
2026-08-03 00:00:00+00:00,1.887467751,1.8879450685999999,1.8866215053,1.8879450685999999
2026-08-03 01:00:00+00:00,1.8881530668000002,1.8883596420000002,1.8861031842,1.8873688969
2026-08-03 02:00:00+00:00,1.8873969675,1.8876536999999998,1.8868161849999998,1.8869846194
2026-08-03 03:00:00+00:00,1.8869693976000002,1.8869693976000002,1.8864575125000003,1.8868481769
2026-08-03 04:00:00+00:00,1.8868798287,1.8875039587999998,1.8866833064999997,1.8873857631999997
2026-08-03 05:00:00+00:00,1.8873495605999997,1.8876577691999998,1.8872163088,1.8873566348
2026-08-03 06:00:00+00:00,1.8872502,1.8875127683000001,1.8860750128000001,1.8864572324000002
2026-08-03 07:00:00+00:00,1.8866867524,1.88755646,1.8861701949999998,1.8870794889
2026-08-03 08:00:00+00:00,1.8868370241999999,1.8869872751999999,1.8860718765,1.8860718765
2026-08-03 09:00:00+00:00,1.8860646091999997,1.8862416541,1.8852993740000001,1.8854635646
2026-08-03 10:00:00+00:00,1.8853767918,1.8872229984,1.885366488,1.8870537920000001
2026-08-03 11:00:00+00:00,1.8872688023,1.8873451458000001,1.8860762268,1.8862170372
2026-08-03 12:00:00+00:00,1.8862585448,1.8874049441,1.8860761132000001,1.8870421679999998
2026-08-03 13:00:00+00:00,1.8869914400999999,1.8871862207999999,1.8856480291,1.8856480291
2026-08-03 14:00:00+00:00,1.8854913304999998,1.885787868,1.8829184399999999,1.8829184399999999
2026-08-03 15:00:00+00:00,1.8827851401,1.8831759077999999,1.8822731395,1.883002293
2026-08-03 16:00:00+00:00,1.8829710149999999,1.8833464128000001,1.8820083519999997,1.8821702808
2026-08-03 17:00:00+00:00,1.8822340288000001,1.8829454538,1.8822006289000002,1.8823707703999997
2026-08-03 18:00:00+00:00,1.882506024,1.8831854447999998,1.8823178616,1.8831854447999998
2026-08-03 19:00:00+00:00,1.8830973960000001,1.8834057948,1.8830399225999999,1.8831988493999998
2026-08-03 20:00:00+00:00,1.8832116095,1.8836707358,1.8827326437,1.8827326437
2026-08-03 21:00:00+00:00,1.8819081113999996,1.8821468644999997,1.88122059,1.882146721
2026-08-03 22:00:00+00:00,1.8832556888,1.8832556888,1.8829682458,1.8830832301999998
2026-08-03 23:00:00+00:00,1.8830162137,1.8830162137,1.88268595,1.8828640535
2026-08-04 00:00:00+00:00,1.8827977005999998,1.8829352486,1.8820700025,1.8820700025
2026-08-04 01:00:00+00:00,1.8820288715,1.8828981612,1.8820089288,1.8826937368
2026-08-04 02:00:00+00:00,1.8827538122,1.8833291463000001,1.8827538122,1.8829591584
2026-08-04 03:00:00+00:00,1.8832556888,1.8832556888,1.8823170191999998,1.8823362572000002
2026-08-04 04:00:00+00:00,1.8823528943999999,1.8825085048,1.882110846,1.8823872611999999
2026-08-04 05:00:00+00:00,1.8824134104,1.8832013399999998,1.8821288244000003,1.8831317216
2026-08-04 06:00:00+00:00,1.8832268244,1.8852525770000002,1.8832268244,1.8850837862000003
2026-08-04 07:00:00+00:00,1.8851721590000001,1.8854760959999999,1.8844993788,1.8846931059
2026-08-04 08:00:00+00:00,1.8847225044999998,1.8847417069999999,1.8833170472,1.883966751
2026-08-04 09:00:00+00:00,1.883831341,1.8838678219,1.8833312259000001,1.8836812665
2026-08-04 10:00:00+00:00,1.8837617570999998,1.8845031743999998,1.8834559743999997,1.8843985737999998
2026-08-04 11:00:00+00:00,1.8844478225999999,1.8871459838,1.8844478225999999,1.8870686439
2026-08-04 12:00:00+00:00,1.8872789238,1.8879141228,1.8868755446000003,1.8873118208
2026-08-04 13:00:00+00:00,1.8874211059,1.8887779260000002,1.8869382183999999,1.8879805764
2026-08-04 14:00:00+00:00,1.8880842258,1.8885330972,1.8866813554999997,1.8871798535
2026-08-04 15:00:00+00:00,1.8870565049999999,1.8902352976,1.8870565049999999,1.8901092588
2026-08-04 16:00:00+00:00,1.8899998934,1.890488208,1.8893575842,1.8895480993999998
2026-08-04 17:00:00+00:00,1.8895835112000003,1.8896948298,1.88851641,1.8886835961
2026-08-04 18:00:00+00:00,1.8887948925,1.8890922138,1.88833015,1.8888431553
2026-08-04 19:00:00+00:00,1.888942931,1.8889460303999999,1.8884499782,1.8888903928999998
2026-08-04 20:00:00+00:00,1.8890975816000002,1.8890975816000002,1.888233906,1.888233906
2026-08-04 21:00:00+00:00,1.8858530928,1.8885465219,1.8858530928,1.8876468384000002
2026-08-04 22:00:00+00:00,1.8883687898,1.8885925776,1.8882050211,1.8883720008000002
2026-08-04 23:00:00+00:00,1.8883547229000002,1.8887598608000002,1.8882619404,1.8885816432000002
2026-08-05 00:00:00+00:00,1.8887804145000002,1.8891060324000004,1.8886072860000003,1.8888929801
2026-08-05 01:00:00+00:00,1.888733665,1.8888872487000001,1.8884525974999997,1.8888846207000003
2026-08-05 02:00:00+00:00,1.8890797200000002,1.8903140802000002,1.8889838114,1.8898597848
2026-08-05 03:00:00+00:00,1.8900191500000003,1.8900396820000005,1.8896259194,1.8900396820000005
2026-08-05 04:00:00+00:00,1.8900288294999998,1.8902361113000001,1.8899674573000003,1.8902231645999998
2026-08-05 05:00:00+00:00,1.8901335168000004,1.8906223275,1.8900089528,1.8902679801
2026-08-05 06:00:00+00:00,1.8904566380000003,1.8919794996000001,1.8904566380000003,1.8919794996000001
2026-08-05 07:00:00+00:00,1.8919129320000003,1.8919129320000003,1.8904286124,1.8911896522000005
2026-08-05 08:00:00+00:00,1.8913084868,1.8914307269000004,1.8898408136999998,1.8899098900000002
2026-08-05 09:00:00+00:00,1.8900608482000003,1.8910508396000003,1.8896578702,1.8906591873000003
2026-08-05 10:00:00+00:00,1.8910096200000004,1.891239394,1.8904758736,1.8908895548000002
2026-08-05 11:00:00+00:00,1.8906269998,1.8915944592,1.8905910387000002,1.8907886296
2026-08-05 12:00:00+00:00,1.8907737408,1.8907737408,1.8892297079999998,1.8894167074999997
2026-08-05 13:00:00+00:00,1.8895278830000002,1.8899667075000002,1.8876322023999998,1.8876322023999998
2026-08-05 14:00:00+00:00,1.8879832713000002,1.8887327616000003,1.8859849800000004,1.8863078406
2026-08-05 15:00:00+00:00,1.8864935397000002,1.8866562534000002,1.8834864048000004,1.8840192712000001
2026-08-05 16:00:00+00:00,1.8838475390000002,1.8851935078000004,1.8837032214000002,1.8846528825000002
2026-08-05 17:00:00+00:00,1.8845594432000001,1.8849097112000002,1.8837864736000003,1.8839861040000003
2026-08-05 18:00:00+00:00,1.8836431848000001,1.883753577,1.8832024181000002,1.8834140952999998
2026-08-05 19:00:00+00:00,1.8836091155000005,1.8837691936000003,1.8832153340000002,1.8832913442
2026-08-05 20:00:00+00:00,1.8833717856000003,1.8838150754999998,1.8830406386999998,1.8832471017000003
2026-08-05 21:00:00+00:00,1.8822692192000001,1.88328286,1.8813042482,1.8821554058999999
2026-08-05 22:00:00+00:00,1.8835001987999986,1.8837584443999995,1.8833903839999995,1.8836117327999993
2026-08-05 23:00:00+00:00,1.8837893361000002,1.8839969055000003,1.8836880703999992,1.8839205947999988
2026-08-06 00:00:00+00:00,1.8836532012000002,1.8837486615999999,1.8831747652,1.8832476711999995
2026-08-06 01:00:00+00:00,1.8830611946999993,1.8832847743999996,1.8829369405,1.883243879
2026-08-06 02:00:00+00:00,1.883425431299999,1.883743698199999,1.883344608999999,1.8834392719999995
2026-08-06 03:00:00+00:00,1.8833429007999993,1.8833949559999994,1.8828381127999996,1.8830612907999995
2026-08-06 04:00:00+00:00,1.8830910671999994,1.8833060303999993,1.8830490188999995,1.8831284642999995
2026-08-06 05:00:00+00:00,1.8831272994999995,1.8833187969999996,1.8828364022999988,1.8833187969999996
2026-08-06 06:00:00+00:00,1.8833840765999994,1.8834690029999992,1.882548486599999,1.8830052251999998
2026-08-06 07:00:00+00:00,1.8830034779999998,1.8832914299999999,1.8826232699999996,1.8829783565999996
2026-08-06 08:00:00+00:00,1.8830098755999987,1.8835758467,1.8825242728999996,1.883219934799999
2026-08-06 09:00:00+00:00,1.8832725406,1.8832725406,1.8817152492999993,1.8823015094999993
2026-08-06 10:00:00+00:00,1.8820965479999994,1.8821666159999995,1.8812532783000002,1.881334459199999
2026-08-06 11:00:00+00:00,1.8812404943999994,1.8817624019999986,1.8809509104999997,1.8813489536
2026-08-06 12:00:00+00:00,1.8812380995999987,1.883477511999999,1.8810723755999998,1.883477511999999
2026-08-06 13:00:00+00:00,1.883540321599999,1.885811807499999,1.883451189499999,1.885727697699999
2026-08-06 14:00:00+00:00,1.8857103903999994,1.8858896879999996,1.8843703808999992,1.8848822794999998
2026-08-06 15:00:00+00:00,1.8849033144999987,1.8853117247999995,1.8844195905999999,1.884514193699999
2026-08-06 16:00:00+00:00,1.8844519880999993,1.884582393299999,1.8835270675999989,1.8836691056999986
2026-08-06 17:00:00+00:00,1.883789981999999,1.883894099999999,1.8823399875,1.882904144399999
2026-08-06 18:00:00+00:00,1.8826477855999995,1.8831494996999996,1.8821618872000003,1.8825707167999994
2026-08-06 19:00:00+00:00,1.8826402140000003,1.8828154108999993,1.8821757343999999,1.8825064331999994
2026-08-06 20:00:00+00:00,1.8825058446999994,1.8825729911999995,1.8818179604999998,1.8820124159999996
2026-08-06 21:00:00+00:00,1.8811343231999993,1.8813287404999997,1.8797566031999993,1.8812715116999996
2026-08-06 22:00:00+00:00,1.8818896499999995,1.8821786993999998,1.8816876835999996,1.881822524999999
2026-08-06 23:00:00+00:00,1.881905445,1.8821508128999995,1.8818051229999997,1.8821508128999995
2026-08-07 00:00:00+00:00,1.8821595299999996,1.8822449645999995,1.8817664557999993,1.8821509979999995
2026-08-07 01:00:00+00:00,1.8820710516999994,1.8823038179999998,1.8819194625000002,1.8821956776000002
2026-08-07 02:00:00+00:00,1.8822009920999994,1.8826545664000003,1.8822009920999994,1.8826316111999992
2026-08-07 03:00:00+00:00,1.8826975435999993,1.8826975435999993,1.8824039713,1.8825716279999993
2026-08-07 04:00:00+00:00,1.8824788269999997,1.8828783130999998,1.8824788269999997,1.8827771949999994
2026-08-07 05:00:00+00:00,1.8826814207999998,1.8833351550000001,1.8826814207999998,1.8833351550000001
2026-08-07 06:00:00+00:00,1.8835912295999997,1.8840520136,1.8832373126000002,1.8833405513999992
2026-08-07 07:00:00+00:00,1.8832680224999998,1.8832680224999998,1.8823732035999994,1.8825813287999997
2026-08-07 08:00:00+00:00,1.8828472274999999,1.8829650815999994,1.8817732839999997,1.8817732839999997
2026-08-07 09:00:00+00:00,1.8818720703999994,1.8818781383999994,1.8803855160000003,1.8806664887999998
2026-08-07 10:00:00+00:00,1.8811152568999994,1.8811152568999994,1.8805037471999995,1.8808275345999996
2026-08-07 11:00:00+00:00,1.8807690320999997,1.8812507952,1.8806263539999997,1.8811540943999994
2026-08-07 12:00:00+00:00,1.8812814019999997,1.8812814019999997,1.8781436792999997,1.8796615151999998
2026-08-07 13:00:00+00:00,1.8795445304999996,1.8809184635999994,1.8783508943999998,1.8784818627999997
2026-08-07 14:00:00+00:00,1.8780072354999993,1.8784073430000001,1.8764042792999993,1.8774812165999997
2026-08-07 15:00:00+00:00,1.8775019047999992,1.8778495413999998,1.8762883407999995,1.8772730232000001
2026-08-07 16:00:00+00:00,1.8773524391999996,1.8782258862999996,1.8771011688000003,1.8773947199999994
2026-08-07 17:00:00+00:00,1.8774977859999995,1.8778590810000002,1.8769450905999998,1.8776190069999998
2026-08-07 18:00:00+00:00,1.8776272784999999,1.8780005375999997,1.8773791803000002,1.8780005375999997
2026-08-07 19:00:00+00:00,1.878082774499999,1.8790622697,1.878082774499999,1.878584833999999
2026-08-07 20:00:00+00:00,1.8784789587999997,1.8794938532000003,1.8765128535999995,1.8794938532000003
2026-08-09 21:00:00+00:00,1.8794938532000003,1.8803742381000002,1.8790082847000003,1.8790569336000007
2026-08-09 22:00:00+00:00,1.8797726373000005,1.8797726373000005,1.8791644176000009,1.8794840013000003
2026-08-09 23:00:00+00:00,1.8794745864000004,1.8804173913000009,1.8794745864000004,1.8803456424000007
2026-08-10 00:00:00+00:00,1.8804226950000003,1.8806583607000003,1.8801696288000007,1.8802473705000007
2026-08-10 01:00:00+00:00,1.8804231514000005,1.8804846291000001,1.8797497342000005,1.8803749107000007
2026-08-10 02:00:00+00:00,1.8803465624000004,1.8806976243000004,1.8802354677000006,1.8805237543000004
2026-08-10 03:00:00+00:00,1.8805186140000005,1.8811945560000005,1.8805186140000005,1.8810978242000005
2026-08-10 04:00:00+00:00,1.881112723200001,1.8816564450000004,1.8810666000000005,1.8813695208000005
2026-08-10 05:00:00+00:00,1.8813797220000006,1.881815449000001,1.8813746589000002,1.881815449000001
2026-08-10 06:00:00+00:00,1.8820210227000005,1.8820210227000005,1.8812429274000004,1.8815092793000003
2026-08-10 07:00:00+00:00,1.8815344383000003,1.8815344383000003,1.8799586898000007,1.8799883298000002
2026-08-10 08:00:00+00:00,1.8799469697000006,1.8807899725000006,1.8799056652000006,1.8807899725000006
2026-08-10 09:00:00+00:00,1.8808831650000006,1.8811513559000008,1.8800192880000002,1.8800805556000002
2026-08-10 10:00:00+00:00,1.8798440994000005,1.8808835360000007,1.8798252504000006,1.8803741760000003
2026-08-10 11:00:00+00:00,1.8802857618000006,1.8805583244000006,1.8798104032000005,1.8804294691000005
2026-08-10 12:00:00+00:00,1.8803819970000004,1.8809853804000005,1.8802420434000005,1.8806588910000006
2026-08-10 13:00:00+00:00,1.8807843519000005,1.8832089543000001,1.8807843519000005,1.8823342135000007
2026-08-10 14:00:00+00:00,1.8828133940000003,1.8843890268000005,1.8826045650000007,1.8835660800000005
2026-08-10 15:00:00+00:00,1.8836974671000002,1.8838583904000006,1.882071799200001,1.8822882485000008
2026-08-10 16:00:00+00:00,1.8823980189000005,1.8825081912000003,1.8810812503000003,1.8813477284000006
2026-08-10 17:00:00+00:00,1.881335880600001,1.8822227417000008,1.8813211245000008,1.8818974350000004
2026-08-10 18:00:00+00:00,1.8818996070000003,1.8820799211000008,1.8814709502000007,1.881841149300001
2026-08-10 19:00:00+00:00,1.8818089767000008,1.8818359845000006,1.8808450938000005,1.881337195600001
2026-08-10 20:00:00+00:00,1.8814381248000005,1.8814381248000005,1.8809248272000008,1.8812540340000004
2026-08-10 21:00:00+00:00,1.8797546141000008,1.8810017156000003,1.8793037820000007,1.8802969184000005
2026-08-10 22:00:00+00:00,1.8812304420000006,1.8813198368000006,1.8809552504000007,1.8810570063000007
2026-08-10 23:00:00+00:00,1.8811114500000004,1.8811114500000004,1.8807239952000003,1.8808767640000004
2026-08-11 00:00:00+00:00,1.8807809616000002,1.8809796510000003,1.8806246982000003,1.8806602353000004
2026-08-11 01:00:00+00:00,1.8807518562000003,1.8809743980000004,1.8804640480000003,1.8806180470000005
2026-08-11 02:00:00+00:00,1.8806155396000004,1.8807437775000002,1.8800910000000008,1.8801479841000008
2026-08-11 03:00:00+00:00,1.8802197386000006,1.8808167152000008,1.8802197386000006,1.8804551364000002
2026-08-11 04:00:00+00:00,1.8805222508000004,1.8806762400000006,1.8801847260000004,1.8805829316000007
2026-08-11 05:00:00+00:00,1.8805382572000007,1.8805382572000007,1.8800944000000004,1.8803418517000006
2026-08-11 06:00:00+00:00,1.8805367303000005,1.8810136968000002,1.8793944554000004,1.8799492824000004
2026-08-11 07:00:00+00:00,1.8803087820000002,1.8808767830000004,1.8794207934000005,1.8803431152
2026-08-11 08:00:00+00:00,1.8804649943000007,1.8806914425000005,1.8798829568000004,1.8799838512000002
2026-08-11 09:00:00+00:00,1.8799800145000005,1.8800479386000004,1.8792108880000002,1.8797817720000003
2026-08-11 10:00:00+00:00,1.8798201504000005,1.8798201504000005,1.8788480028000005,1.8788649370000003
2026-08-11 11:00:00+00:00,1.8787235480000004,1.8798208072000002,1.8787235480000004,1.8791952660000006
2026-08-11 12:00:00+00:00,1.8791934992000003,1.8798787476000007,1.8788192920000004,1.8792601505000006
2026-08-11 13:00:00+00:00,1.8795420813000001,1.8807437333000006,1.8792383083000006,1.8800376210000005
2026-08-11 14:00:00+00:00,1.8797772963000006,1.8800985750000003,1.8793345789000002,1.8796242464000001
2026-08-11 15:00:00+00:00,1.8798423945000007,1.8801931100000004,1.8791464195000005,1.8801363113000005
2026-08-11 16:00:00+00:00,1.8799275758000003,1.8799275758000003,1.8777301348000006,1.8778573476000004
2026-08-11 17:00:00+00:00,1.8778720680000005,1.8782766115000002,1.8771895692000005,1.8781125516000003
2026-08-11 18:00:00+00:00,1.8780299008000005,1.8780299008000005,1.8771604908000006,1.8778872112
2026-08-11 19:00:00+00:00,1.8779031788000005,1.8792993128000006,1.8779031788000005,1.8792993128000006
2026-08-11 20:00:00+00:00,1.8792338448000003,1.8793938436000006,1.8787941656000002,1.8788327796000002
2026-08-11 21:00:00+00:00,1.8777587025000002,1.8792415845000001,1.8777587025000002,1.8792088830000002
2026-08-11 22:00:00+00:00,1.8796050594999998,1.8796696830999997,1.8791629953999998,1.879221066
2026-08-11 23:00:00+00:00,1.8792759062,1.8795682173999997,1.8791617804000003,1.8792710545999995
2026-08-12 00:00:00+00:00,1.879145432,1.8794974164000002,1.879145432,1.8794417548000002
2026-08-12 01:00:00+00:00,1.8793275566999998,1.8801216089,1.879246782,1.8799622776
2026-08-12 02:00:00+00:00,1.8798884976000003,1.8800694810000003,1.8797016160000002,1.8798698192
2026-08-12 03:00:00+00:00,1.879855485,1.8800368544,1.8797943929999996,1.8798783359999998
2026-08-12 04:00:00+00:00,1.879905344,1.8803580938999995,1.8798639979999998,1.8803167429999998
2026-08-12 05:00:00+00:00,1.8803420832000004,1.8804066736,1.8800159444,1.8801218266000002
2026-08-12 06:00:00+00:00,1.8802327895999997,1.8805137353999999,1.8798391596,1.8805137353999999
2026-08-12 07:00:00+00:00,1.8805301415,1.8811772748000002,1.880278308,1.8804441249000001
2026-08-12 08:00:00+00:00,1.8806037057,1.8810677396000002,1.8804495056000001,1.8809677995999996
2026-08-12 09:00:00+00:00,1.8811614885000003,1.8829321978000002,1.8810361752,1.8819214204999999
2026-08-12 10:00:00+00:00,1.8818551131999999,1.8827935744,1.881836368,1.881836368
2026-08-12 11:00:00+00:00,1.8818220304,1.883059794,1.8818220304,1.8825451439000003
2026-08-12 12:00:00+00:00,1.8825165177,1.8826819725,1.8803234303999998,1.8820597117999998
2026-08-12 13:00:00+00:00,1.8820296930000002,1.8823443417000005,1.8798219264,1.8806864811999997
2026-08-12 14:00:00+00:00,1.8806466756000002,1.8806466756000002,1.8793271452,1.879650078
2026-08-12 15:00:00+00:00,1.8794216774,1.87966603,1.8786519151999999,1.879395866
2026-08-12 16:00:00+00:00,1.8794384135999997,1.8805917899999998,1.8794133913999997,1.8804224835
2026-08-12 17:00:00+00:00,1.8808143671000002,1.8812010047999996,1.8802532683999997,1.8802532683999997
2026-08-12 18:00:00+00:00,1.8802244999999997,1.8802244999999997,1.8796728474000002,1.8798567141999998
2026-08-12 19:00:00+00:00,1.8797937872000001,1.8801512253,1.8795604588000001,1.8796318073999998
2026-08-12 20:00:00+00:00,1.879552188,1.880195578,1.8794745468,1.8798195276
2026-08-12 21:00:00+00:00,1.8788056476000001,1.8796014487000001,1.8785423008,1.8789624213
2026-08-12 22:00:00+00:00,1.8796857697999998,1.8802369404,1.8796857697999998,1.8800959731
2026-08-12 23:00:00+00:00,1.8800415568,1.8804372930000002,1.8800006357999997,1.8803428224
2026-08-13 00:00:00+00:00,1.8805640039999998,1.8805640039999998,1.8800898355,1.8802518357999998
2026-08-13 01:00:00+00:00,1.8802257111999998,1.8808108838999997,1.8801134477999997,1.880268544
2026-08-13 02:00:00+00:00,1.880352166,1.8803976306999997,1.8799380863999997,1.8800482439999997
2026-08-13 03:00:00+00:00,1.8801008337999996,1.8806233438,1.8799888580000002,1.8804488879
2026-08-13 04:00:00+00:00,1.8804070670000002,1.8807850967999997,1.8800167386,1.8807680624999996
2026-08-13 05:00:00+00:00,1.8807532379999998,1.8810058826,1.880482612,1.8805716027999997
2026-08-13 06:00:00+00:00,1.8809649530999997,1.8810272060999995,1.8795686283,1.8801704344999997
2026-08-13 07:00:00+00:00,1.88014857,1.8807566395999997,1.8791766365,1.8799965646
2026-08-13 08:00:00+00:00,1.8796674609999997,1.8802606074000001,1.8792361440999996,1.8795600767999996
2026-08-13 09:00:00+00:00,1.8795038261000003,1.8800392687999998,1.8789517749,1.8793336929999997
2026-08-13 10:00:00+00:00,1.87922445,1.8804768996,1.87922445,1.8792848184
2026-08-13 11:00:00+00:00,1.8792739909999998,1.8804065786999997,1.87915987,1.8803355536000002
2026-08-13 12:00:00+00:00,1.8802654185,1.8807695423999995,1.8799192219999998,1.8807581171999999
2026-08-13 13:00:00+00:00,1.880757788,1.8821854351999998,1.880036613,1.8821854351999998
2026-08-13 14:00:00+00:00,1.8827089067999998,1.8827089067999998,1.8814893317999997,1.8822248912
2026-08-13 15:00:00+00:00,1.8819391178,1.8819391178,1.8795444122,1.8797037523999998
2026-08-13 16:00:00+00:00,1.8796480355999998,1.8796480355999998,1.8773194284999999,1.8775835363999998
2026-08-13 17:00:00+00:00,1.8777945739,1.878055196,1.8768917833999998,1.8776741229999998
2026-08-13 18:00:00+00:00,1.8778228622999995,1.8783314050999997,1.8777226602,1.8778300078999999
2026-08-13 19:00:00+00:00,1.8778609719999997,1.8779876415999999,1.8772612067999996,1.8773325504999998
2026-08-13 20:00:00+00:00,1.8773342864999998,1.8778980890999997,1.8772141977,1.8772977303
2026-08-13 21:00:00+00:00,1.8758910260999997,1.8774168929999995,1.8756678767999997,1.8771297867
2026-08-13 22:00:00+00:00,1.8774400039999997,1.8777806507999995,1.8773943104,1.877619679
2026-08-13 23:00:00+00:00,1.8776231501999998,1.8777162624999997,1.8772985811999996,1.8775321883999996
2026-08-14 00:00:00+00:00,1.8773720419999997,1.8778085344999993,1.8772532048,1.8777402189999999
2026-08-14 01:00:00+00:00,1.8777393852000002,1.8780902438999998,1.8777053771999999,1.8777053771999999
2026-08-14 02:00:00+00:00,1.8777514587999997,1.877819768,1.8770410282999996,1.8771401627999995
2026-08-14 03:00:00+00:00,1.8771258175999996,1.8777356231999998,1.8770588046000003,1.8772840250999996
2026-08-14 04:00:00+00:00,1.8772557815999997,1.8777341891000001,1.8772557815999997,1.8773737464000002
2026-08-14 05:00:00+00:00,1.8773766465000001,1.8773942699999993,1.8767463899999999,1.8769442891999997
2026-08-14 06:00:00+00:00,1.8768522069000002,1.8770007102,1.8760596401999998,1.8763113249999996
2026-08-14 07:00:00+00:00,1.8764776745999998,1.8764776745999998,1.8749316766000002,1.8754889319999999
2026-08-14 08:00:00+00:00,1.8759919465000001,1.8776443919999999,1.875816245,1.8772567281
2026-08-14 09:00:00+00:00,1.8773023502,1.877411973,1.8768051162,1.8772112733
2026-08-14 10:00:00+00:00,1.8772105584999996,1.8777512136,1.877114107,1.8775048992000003
2026-08-14 11:00:00+00:00,1.8774688998999993,1.8786056249999994,1.876852131,1.8777064796000003
2026-08-14 12:00:00+00:00,1.8776418616000001,1.8781971076,1.8767848451999998,1.878015084
2026-08-14 13:00:00+00:00,1.8778912356,1.8794222999999999,1.8773143368,1.878180913
2026-08-14 14:00:00+00:00,1.8785317094999998,1.8794278599999996,1.8781538118000003,1.8791317880999998
2026-08-14 15:00:00+00:00,1.8791043699999996,1.8793217034,1.8782492984999999,1.8791499312000002
2026-08-14 16:00:00+00:00,1.8791120754,1.8793036949999997,1.8769331076999998,1.8769756833999998
2026-08-14 17:00:00+00:00,1.876863455,1.8768900874999999,1.8760626999000003,1.876709107
2026-08-14 18:00:00+00:00,1.8767760831999998,1.8768518419999998,1.8764035839000004,1.876698952
2026-08-14 19:00:00+00:00,1.8766583559999999,1.876986501,1.8765108431999995,1.8768802487999996
2026-08-14 20:00:00+00:00,1.8768220884000002,1.8770291183999996,1.8753383049999999,1.8753406752
2026-08-16 21:00:00+00:00,1.8753406752,1.8759997966000006,1.874413831100001,1.8746065533000003
2026-08-16 22:00:00+00:00,1.8759063844000003,1.8769020899000002,1.8753723935999997,1.8768360534000001
2026-08-16 23:00:00+00:00,1.8768079950000003,1.8775366593000002,1.8767680425,1.8774957132000005
2026-08-17 00:00:00+00:00,1.8775431633000002,1.8779575850000005,1.8773344736000002,1.8779575850000005
2026-08-17 01:00:00+00:00,1.8778895304000005,1.8783265365000004,1.8778494735,1.8779714460000008
2026-08-17 02:00:00+00:00,1.8778344005,1.8779985432000004,1.8773448408000004,1.8774257806000003
2026-08-17 03:00:00+00:00,1.8773722460000009,1.8774699155999999,1.8770002169000009,1.87725573
2026-08-17 04:00:00+00:00,1.8771445395000002,1.8775514394000006,1.8771054802,1.8771054802
2026-08-17 05:00:00+00:00,1.8770928767000004,1.8775181520000006,1.8768991752000004,1.8772213370000004
2026-08-17 06:00:00+00:00,1.8774285759000002,1.8777672431,1.8769602312000002,1.877304352
2026-08-17 07:00:00+00:00,1.8772597752000002,1.8783164425000003,1.8771184960000002,1.8777918588000002
2026-08-17 08:00:00+00:00,1.8776391936000008,1.8782206440000009,1.8763358988000003,1.8766529744000002
2026-08-17 09:00:00+00:00,1.8766529744000002,1.8772864643000002,1.8765110638000002,1.8771962357000003
2026-08-17 10:00:00+00:00,1.8771793770000003,1.8779837204000003,1.8769571268,1.8773792947
2026-08-17 11:00:00+00:00,1.8774476556000006,1.8780069105000003,1.8769608520000007,1.8775144872
2026-08-17 12:00:00+00:00,1.8774341055000006,1.8777997665000004,1.8759538930000008,1.8766871319000002
2026-08-17 13:00:00+00:00,1.8768111628000006,1.8781788280000002,1.8761989133000003,1.8767124845000005
2026-08-17 14:00:00+00:00,1.8767395915000002,1.8778558375000003,1.8762287392000008,1.8778558375000003
2026-08-17 15:00:00+00:00,1.8777616440000002,1.8791712390000006,1.8774047250000003,1.8791712390000006
2026-08-17 16:00:00+00:00,1.8791034625,1.8795717394999998,1.8788076880000006,1.8788360398
2026-08-17 17:00:00+00:00,1.8789872976000004,1.8790957200000005,1.8770021050000003,1.8770021050000003
2026-08-17 18:00:00+00:00,1.8770823466000002,1.8770823466000002,1.8766008589999998,1.8768853499
2026-08-17 19:00:00+00:00,1.8769672169000002,1.8772969608000007,1.8767195807000003,1.8772827611999998
2026-08-17 20:00:00+00:00,1.8775858816000004,1.8777338058000004,1.8769265157000001,1.8774069132000006
2026-08-17 21:00:00+00:00,1.8763422018000002,1.8765457216,1.8742205213999998,1.875868888
2026-08-17 22:00:00+00:00,1.8769316960000002,1.8769316960000002,1.8763985663999998,1.8764854469000003
2026-08-17 23:00:00+00:00,1.8764844464000006,1.8773751600000006,1.8764844464000006,1.877195889
2026-08-18 00:00:00+00:00,1.8771581961000001,1.8773689412999999,1.8769159558000004,1.8771830015999997
2026-08-18 01:00:00+00:00,1.8771678324,1.8774544404000002,1.8766396320000005,1.8766947636000004
2026-08-18 02:00:00+00:00,1.8767059764999996,1.8767059764999996,1.8757335474000003,1.875990954
2026-08-18 03:00:00+00:00,1.875987687,1.875987687,1.8752662552000001,1.8753869470000002
2026-08-18 04:00:00+00:00,1.8754018415000002,1.8760183651999998,1.8751602324000005,1.8759012094
2026-08-18 05:00:00+00:00,1.8758183321999997,1.8762889011999997,1.8757496736000001,1.8758349708000004
2026-08-18 06:00:00+00:00,1.8757004128,1.8757004128,1.8736542824000002,1.8742228212
2026-08-18 07:00:00+00:00,1.8739660191,1.8739660191,1.8732006072000007,1.873552535
2026-08-18 08:00:00+00:00,1.8733695940000004,1.8742810200000006,1.8732178160000004,1.8742810200000006
2026-08-18 09:00:00+00:00,1.874182275,1.8743929357000004,1.8734094480000003,1.8741995535
2026-08-18 10:00:00+00:00,1.8741569454,1.8745043296,1.8736204502,1.8741104783999996
2026-08-18 11:00:00+00:00,1.874041848,1.8745336869000004,1.8736990216000007,1.8745329801000001
2026-08-18 12:00:00+00:00,1.8744896002000007,1.8750901944000002,1.8741841073999999,1.8750901944000002
2026-08-18 13:00:00+00:00,1.8751359606000004,1.8765740017,1.8744956405,1.8764077114000002
2026-08-18 14:00:00+00:00,1.8767236535,1.8786999846,1.8760335572000004,1.8782943328000001
2026-08-18 15:00:00+00:00,1.8784563614999998,1.8788897232000001,1.8778782609,1.8788897232000001
2026-08-18 16:00:00+00:00,1.8789605600000001,1.8798711744000003,1.8787758,1.8794640219999998
2026-08-18 17:00:00+00:00,1.8794230716000004,1.8795508734000002,1.8789017358000002,1.8795508734000002
2026-08-18 18:00:00+00:00,1.8795610176000004,1.8803379052000002,1.8794486915000002,1.8797229135000002
2026-08-18 19:00:00+00:00,1.8797337860000005,1.8798149180000001,1.8783943687999998,1.8786231239999998
2026-08-18 20:00:00+00:00,1.8784301060000004,1.8786824859,1.8780230105999998,1.8780233810000002
2026-08-18 21:00:00+00:00,1.8769125484000004,1.8777475087999997,1.8759276029000005,1.8773305559000002
2026-08-18 22:00:00+00:00,1.8783665856,1.8786951883,1.8782009991000002,1.8786396167000003
2026-08-18 23:00:00+00:00,1.8787098210000004,1.879175177,1.8787098210000004,1.8791631309000003
2026-08-19 00:00:00+00:00,1.8792322326000002,1.8796922020000004,1.8785419950000002,1.8786505320000002
2026-08-19 01:00:00+00:00,1.8785836993999996,1.8790035264,1.8781443292000002,1.8783858105000002
2026-08-19 02:00:00+00:00,1.8783321064000005,1.8785306982999999,1.8765625440000004,1.8768632637999998
2026-08-19 03:00:00+00:00,1.8768642970000002,1.8772343712000004,1.8764671625,1.8772062623999999
2026-08-19 04:00:00+00:00,1.8771012089999997,1.8776156840000002,1.8768268322000004,1.8775064013000002
2026-08-19 05:00:00+00:00,1.8774421848000002,1.8778529559999997,1.8772635351,1.8776746296000002
2026-08-19 06:00:00+00:00,1.8775778454000003,1.8789914496,1.8774320691,1.8785670141000004
2026-08-19 07:00:00+00:00,1.8782166260000004,1.8787040688000005,1.8775701225,1.8787040688000005
2026-08-19 08:00:00+00:00,1.8787704859,1.8801757644999997,1.8786462996000004,1.8787090751000002
2026-08-19 09:00:00+00:00,1.8785683485000002,1.8789072393000004,1.8778040196,1.8785360352000002
2026-08-19 10:00:00+00:00,1.8783261071999997,1.8786216806,1.8780000648000001,1.8781232512000003
2026-08-19 11:00:00+00:00,1.8783879700000001,1.8786595155,1.8777978224,1.8780851584
2026-08-19 12:00:00+00:00,1.8781841941999997,1.8829381762000001,1.8781841941999997,1.8821580162000004
2026-08-19 13:00:00+00:00,1.8821042000000001,1.8826536454000002,1.8799826815999998,1.8799826815999998
2026-08-19 14:00:00+00:00,1.8805292850000002,1.8805292850000002,1.8775260240000002,1.8776927952999998
2026-08-19 15:00:00+00:00,1.8780760845000002,1.8791078409000004,1.8775950710000002,1.8784494485
2026-08-19 16:00:00+00:00,1.8781119546000002,1.8782308200000002,1.8774492895000001,1.8777229307000003
2026-08-19 17:00:00+00:00,1.8777971091999999,1.8779383692000002,1.8765377648000003,1.8765377648000003
2026-08-19 18:00:00+00:00,1.876597776,1.8774195825000002,1.8758065625,1.8770095855
2026-08-19 19:00:00+00:00,1.8770673011000003,1.8778754370000001,1.8767617192,1.8772014016
2026-08-19 20:00:00+00:00,1.8770497437999998,1.8774231304000002,1.8762386174999997,1.8764482086000003
2026-08-19 21:00:00+00:00,1.8747942428999997,1.8770105406000004,1.8747942428999997,1.8768875280000001
2026-08-19 22:00:00+00:00,1.8779545440000003,1.8781079264000002,1.8773730297000004,1.8773730297000004
2026-08-19 23:00:00+00:00,1.8773314170000002,1.8774888264000003,1.8770936677,1.8772030704
2026-08-20 00:00:00+00:00,1.8774256000000002,1.8774256000000002,1.8767995996000002,1.8770526684000002
2026-08-20 01:00:00+00:00,1.8771892650000002,1.8773133285999999,1.876557591,1.8771508350000001
2026-08-20 02:00:00+00:00,1.8771378028,1.8777610548,1.8771378028,1.877594484
2026-08-20 03:00:00+00:00,1.8777869292,1.8780317948,1.8773475688,1.8776528920000004
2026-08-20 04:00:00+00:00,1.8776801159999998,1.8776801159999998,1.8770555552,1.8772592940000001
2026-08-20 05:00:00+00:00,1.8772868900000002,1.8773318997000004,1.8760206756000004,1.8760976075
2026-08-20 06:00:00+00:00,1.8761115894,1.8768268975,1.8760066864000002,1.8768268975
2026-08-20 07:00:00+00:00,1.8765768456000003,1.8774885272000001,1.8757977315999999,1.8766495293
2026-08-20 08:00:00+00:00,1.8765390137000002,1.8772920495000005,1.8765222144,1.8766781459999997
2026-08-20 09:00:00+00:00,1.8768559104,1.878068094,1.8766747965000004,1.8775390408000001
2026-08-20 10:00:00+00:00,1.8773584224,1.8781078009,1.8771236460000003,1.8776443182000002
2026-08-20 11:00:00+00:00,1.8773152216000002,1.8773152216000002,1.8756494352,1.8760193018
2026-08-20 12:00:00+00:00,1.8758965001000003,1.8790291590000003,1.8752463912000001,1.8787464537000003
2026-08-20 13:00:00+00:00,1.8790798604999999,1.8791368200000003,1.8774243488000004,1.8781621404000004
2026-08-20 14:00:00+00:00,1.8780693008,1.8788324874,1.8774756408000004,1.8777634740000002
2026-08-20 15:00:00+00:00,1.8777650866000002,1.8789547413000005,1.8773005030000005,1.8784524766000001
2026-08-20 16:00:00+00:00,1.8784919423999997,1.8791832910000001,1.8780114725000001,1.878879524
2026-08-20 17:00:00+00:00,1.8789070968000001,1.8789070968000001,1.8776169012000001,1.8780025074
2026-08-20 18:00:00+00:00,1.8780305452,1.8782615495000001,1.8776272800000002,1.8782613900000003
2026-08-20 19:00:00+00:00,1.8782742144000002,1.8790807234999998,1.8782742144000002,1.8790807234999998
2026-08-20 20:00:00+00:00,1.8789869549999998,1.8791645976,1.8784458616000004,1.8785377188
2026-08-20 21:00:00+00:00,1.8773309803000002,1.8773922391,1.8763504322999998,1.8771038338000001
2026-08-20 22:00:00+00:00,1.8783227380000005,1.8784909238999998,1.8780091036000004,1.8782191275000004
2026-08-20 23:00:00+00:00,1.8782195556000005,1.8790074930000007,1.8781399959999998,1.8789656368
2026-08-21 00:00:00+00:00,1.8787055334000002,1.8788062141000004,1.8777040685000006,1.8777040685000006
2026-08-21 01:00:00+00:00,1.8778007298000001,1.8784209084999999,1.8777933995000002,1.8778216681000008
2026-08-21 02:00:00+00:00,1.8778632059999998,1.8780735312000003,1.8773226966000007,1.8773490050000001
2026-08-21 03:00:00+00:00,1.8772527060000002,1.8773510684000003,1.8767706350000002,1.8770590865000003
2026-08-21 04:00:00+00:00,1.8769760775000006,1.8769760775000006,1.8763162796000004,1.8768654256000004
2026-08-21 05:00:00+00:00,1.8768906765000002,1.877312006,1.8764861696000001,1.8771747865000001
2026-08-21 06:00:00+00:00,1.8769817232000008,1.8772673454000004,1.8766073898000006,1.8769541108999999
2026-08-21 07:00:00+00:00,1.8767495058000003,1.8778038372000003,1.8753460260000003,1.8755803853000002
2026-08-21 08:00:00+00:00,1.8756349400999999,1.8771727728,1.874827839,1.8771727728
2026-08-21 09:00:00+00:00,1.8770629332000002,1.8783145078999999,1.8761544780000001,1.87623604
2026-08-21 10:00:00+00:00,1.8759484452000004,1.8763671160000006,1.8739220748000003,1.8742374272000004
2026-08-21 11:00:00+00:00,1.8742237809000002,1.8760651299999997,1.8740464656000002,1.8749955120000001
2026-08-21 12:00:00+00:00,1.8747501588,1.8751165104000003,1.8734477256000004,1.8741099032000008
2026-08-21 13:00:00+00:00,1.8742758125000003,1.8748068199999999,1.8730794032,1.8747655925
2026-08-21 14:00:00+00:00,1.8749119806000005,1.8760719156000003,1.8742278807,1.8751771321000004
2026-08-21 15:00:00+00:00,1.8753279838000003,1.8768337872,1.8749194464,1.8766864422000002
2026-08-21 16:00:00+00:00,1.8768101540000002,1.8770135540000004,1.8762709405999998,1.8766047218000004
2026-08-21 17:00:00+00:00,1.8764950126000004,1.877103585,1.8760344174000003,1.8770623199999996
2026-08-21 18:00:00+00:00,1.8771591420000004,1.8777753645000002,1.8771331128000002,1.8774068280000002
2026-08-21 19:00:00+00:00,1.8774204775000003,1.8778111380000007,1.8771444164000002,1.8778111380000007
2026-08-21 20:00:00+00:00,1.8776185884000003,1.8777444124000002,1.8758212448000007,1.8764697159999992
2026-08-23 21:00:00+00:00,1.883289886,1.883289886,1.8797331034999998,1.8797331034999998
2026-08-23 22:00:00+00:00,1.8818836766999998,1.8825868529999998,1.8814749335999998,1.8818600925
2026-08-23 23:00:00+00:00,1.8819433092000002,1.8832002261999998,1.8817798864000002,1.8831867112
2026-08-24 00:00:00+00:00,1.8832970504,1.8833349276000002,1.8817081768000001,1.8825870111999998
2026-08-24 01:00:00+00:00,1.8827931612000002,1.8830547549999999,1.8821591459999998,1.8824682041
2026-08-24 02:00:00+00:00,1.8825621166,1.8826322696999997,1.8821399408,1.8825798456
2026-08-24 03:00:00+00:00,1.8825390400000002,1.8825926328000002,1.8817553864999998,1.8818916956000002
2026-08-24 04:00:00+00:00,1.8819324854000001,1.8826316824999998,1.8818773182000001,1.8826316824999998
2026-08-24 05:00:00+00:00,1.8825888134,1.8825888134,1.882128404,1.8825029972
2026-08-24 06:00:00+00:00,1.882831068,1.8857356389,1.882831068,1.8855315234
2026-08-24 07:00:00+00:00,1.885893606,1.887114346,1.8857011771999999,1.8863155967999998
2026-08-24 08:00:00+00:00,1.8862315495,1.8870028022999998,1.8855833804999997,1.8855833804999997
2026-08-24 09:00:00+00:00,1.8857949431999999,1.8862523304,1.8854327625,1.8860186871
2026-08-24 10:00:00+00:00,1.8859240400000001,1.886074739,1.8853585344000001,1.8858105057
2026-08-24 11:00:00+00:00,1.8857717596,1.8883871245999997,1.8857717596,1.8883871245999997
2026-08-24 12:00:00+00:00,1.8884546944,1.8886030730999999,1.8872031200000001,1.8875082804
2026-08-24 13:00:00+00:00,1.8876204931999998,1.8876204931999998,1.8860214188,1.886168352
2026-08-24 14:00:00+00:00,1.8864926927999999,1.8873291950000002,1.8856641816000002,1.8869183319999998
2026-08-24 15:00:00+00:00,1.8868507769999998,1.8872448227999998,1.886104248,1.8865140364000001
2026-08-24 16:00:00+00:00,1.8866910096,1.8881053464000002,1.8866910096,1.8881053464000002
2026-08-24 17:00:00+00:00,1.8882828085,1.8887186098,1.8880722401999999,1.8885153303000002
2026-08-24 18:00:00+00:00,1.8883783608000002,1.8885571288,1.8876694613,1.8879075688
2026-08-24 19:00:00+00:00,1.8876736583999998,1.8876736583999998,1.88686474,1.88686474
2026-08-24 20:00:00+00:00,1.886905624,1.8875090044999998,1.886905624,1.8869793722000001
2026-08-24 21:00:00+00:00,1.8856409493,1.8866537078,1.8853340276,1.8861971805000002
2026-08-24 22:00:00+00:00,1.8876388129999997,1.8879391692000003,1.8868057460999998,1.887258138
2026-08-24 23:00:00+00:00,1.8871507316,1.8876142978,1.8871507316,1.8875254625
2026-08-25 00:00:00+00:00,1.8876913488,1.8883741059999999,1.8876913488,1.8883741059999999
2026-08-25 01:00:00+00:00,1.8882616788,1.8887526252,1.888132829,1.8884139167
2026-08-25 02:00:00+00:00,1.8884266644,1.8886236710000002,1.8881091573,1.8881953646999998
2026-08-25 03:00:00+00:00,1.8881540304,1.8882514259999998,1.887987153,1.8880524037
2026-08-25 04:00:00+00:00,1.8880499232,1.8885790924,1.887839125,1.8885097959000001
2026-08-25 05:00:00+00:00,1.888439798,1.888743081,1.888105745,1.8881200799999998
2026-08-25 06:00:00+00:00,1.8881334654000002,1.88948013,1.8881334654000002,1.88948013
2026-08-25 07:00:00+00:00,1.8893619456,1.891060083,1.8893619456,1.8903229332
2026-08-25 08:00:00+00:00,1.8901861076000002,1.8907790100000004,1.889342938,1.8907526055999997
2026-08-25 09:00:00+00:00,1.8909195829,1.8912808022999998,1.8900027552,1.8901278715000003
2026-08-25 10:00:00+00:00,1.8901540944000002,1.890317091,1.8892718298,1.8892868247
2026-08-25 11:00:00+00:00,1.8892061584000002,1.8894929010000001,1.8881739348,1.8894631313999999
2026-08-25 12:00:00+00:00,1.8897932844,1.8900846064000003,1.8885176023,1.8887351340000003
2026-08-25 13:00:00+00:00,1.8890738299999998,1.8899669108,1.8872625225,1.8872625225
2026-08-25 14:00:00+00:00,1.8873291950000002,1.8873291950000002,1.8855096806,1.8860976777
2026-08-25 15:00:00+00:00,1.8863564946,1.8872887314,1.8862480439999998,1.8870252155999996
2026-08-25 16:00:00+00:00,1.8869172602000002,1.8875156478,1.8864521279,1.8869065412000001
2026-08-25 17:00:00+00:00,1.8867130031999997,1.887565536,1.8866476799999996,1.887469458
2026-08-25 18:00:00+00:00,1.8871829403,1.8875143475999998,1.8869947079999991,1.887118067999999
2026-08-25 19:00:00+00:00,1.8870631181999995,1.8882797543999994,1.8867614599999991,1.8881400383999996
2026-08-25 20:00:00+00:00,1.8879474873999988,1.8889506683999995,1.8879474873999988,1.8882948279999991
2026-08-25 21:00:00+00:00,1.8871130243999987,1.8884868398,1.8867767789999998,1.8872609864999998
2026-08-25 22:00:00+00:00,1.8884705180999999,1.8887053941999998,1.888119656,1.8882836234999998
2026-08-25 23:00:00+00:00,1.8882694145999999,1.8883882563,1.8879813159999996,1.888098621
2026-08-26 00:00:00+00:00,1.8879058627999998,1.8890578982,1.8879058627999998,1.8886841452999998
2026-08-26 01:00:00+00:00,1.8890422816,1.8895025744,1.8888079364,1.8889831015
2026-08-26 02:00:00+00:00,1.8890398912,1.8899752589999999,1.8890398912,1.8897098615999999
2026-08-26 03:00:00+00:00,1.889807067,1.8903253642,1.8896762130999998,1.8898534772
2026-08-26 04:00:00+00:00,1.889798487,1.8901070786999998,1.8895917205,1.8900758664000001
2026-08-26 05:00:00+00:00,1.8899400155999997,1.890116058,1.8896671491,1.88987577
2026-08-26 06:00:00+00:00,1.8898866458999997,1.8898866458999997,1.8886400424,1.8897202862999998
2026-08-26 07:00:00+00:00,1.8898725513999999,1.8907009534,1.8894162297,1.889678231
2026-08-26 08:00:00+00:00,1.8894434883,1.8899698256999997,1.8893191893999999,1.8896297936
2026-08-26 09:00:00+00:00,1.8895889113999997,1.8898887141999998,1.8892232814,1.88953008
2026-08-26 10:00:00+00:00,1.8893359349999999,1.8893634268000001,1.8884582633,1.8889285632
2026-08-26 11:00:00+00:00,1.8889989092,1.8899220231,1.8889009194,1.8891810306
2026-08-26 12:00:00+00:00,1.8891803249999999,1.8897660180000002,1.8872244364,1.8875062225000003
2026-08-26 13:00:00+00:00,1.8876115807999998,1.8880499252999998,1.8862826892,1.8864442913999997
2026-08-26 14:00:00+00:00,1.886562072,1.8877310345,1.8859865747999998,1.887464364
2026-08-26 15:00:00+00:00,1.8875866443,1.8877253248,1.8862714325,1.8862714325
2026-08-26 16:00:00+00:00,1.8863263724999997,1.8863436569999998,1.8853196931999994,1.8858120299999996
2026-08-26 17:00:00+00:00,1.88577558,1.8861696899999996,1.8855776645999993,1.8858761249999991
2026-08-26 18:00:00+00:00,1.8859449344000003,1.8861560999999998,1.8855643528,1.8861560999999998
2026-08-26 19:00:00+00:00,1.8861711330000002,1.8864209478,1.8857319410000002,1.8863538427999995
2026-08-26 20:00:00+00:00,1.8863408199999998,1.8866005136999997,1.8861513697999999,1.8863564015000003
2026-08-26 21:00:00+00:00,1.8844152452,1.8858545592000002,1.8839394971999999,1.8855346403
2026-08-26 22:00:00+00:00,1.8865962330000001,1.8867466347,1.88633344,1.8864008532
2026-08-26 23:00:00+00:00,1.8863467546000001,1.8867846184000003,1.886225796,1.8864455576
2026-08-27 00:00:00+00:00,1.8865090474,1.8867526122,1.8856730904000003,1.8857144291999999
2026-08-27 01:00:00+00:00,1.8857396414,1.8866274144000001,1.8857396414,1.8865730416000002
2026-08-27 02:00:00+00:00,1.8865605887999997,1.8868125136,1.8862518089999998,1.8867714486
2026-08-27 03:00:00+00:00,1.886787072,1.8868237698,1.8864890926,1.886544036
2026-08-27 04:00:00+00:00,1.8865738704000001,1.8869431391999998,1.8861765754999997,1.8862586901
2026-08-27 05:00:00+00:00,1.8863673932999998,1.8867918830000001,1.886191044,1.8867918830000001
2026-08-27 06:00:00+00:00,1.8867883202000002,1.8873517220999998,1.8866911189000002,1.8873517220999998
2026-08-27 07:00:00+00:00,1.8875065624000003,1.8880918590000004,1.8864211540999998,1.8864622130000002
2026-08-27 08:00:00+00:00,1.8864102178,1.8868896961999997,1.8851212800000001,1.8851212800000001
2026-08-27 09:00:00+00:00,1.8850808412,1.8854508336,1.8843146077000001,1.8848899884
2026-08-27 10:00:00+00:00,1.8848359954999996,1.8857172675000002,1.8842405412,1.8851213916
2026-08-27 11:00:00+00:00,1.8847208836000002,1.885504554,1.8829828896000003,1.8835817760000002
2026-08-27 12:00:00+00:00,1.8839519325,1.8845928491999997,1.88271968,1.8831774069
2026-08-27 13:00:00+00:00,1.8833323754,1.8848097223999998,1.8833323754,1.8842494089999997
2026-08-27 14:00:00+00:00,1.8841926193999998,1.884459984,1.8823150047,1.8826559064
2026-08-27 15:00:00+00:00,1.8827925675,1.8843179795999998,1.8827925675,1.8841681351999997
2026-08-27 16:00:00+00:00,1.8840729435999999,1.8846482291999995,1.8835934837999997,1.8836371742999996
2026-08-27 17:00:00+00:00,1.8838314359999992,1.8840521039999996,1.8827817944999996,1.8828494691999993
2026-08-27 18:00:00+00:00,1.882917947599999,1.8831236581999993,1.8824223547999992,1.8831215069999996
2026-08-27 19:00:00+00:00,1.8831785519999997,1.8832310255999993,1.8824551404999994,1.8826043453999997
2026-08-27 20:00:00+00:00,1.8823722851999996,1.8837046117999994,1.8823722851999996,1.8831993099999995
2026-08-27 21:00:00+00:00,1.8810771479999997,1.88321369,1.8810771479999997,1.8825717369
2026-08-27 22:00:00+00:00,1.8833828076,1.8834523343999998,1.8830567888,1.8832920045
2026-08-27 23:00:00+00:00,1.8832778981999998,1.883511848,1.8831693819999997,1.8833474097
2026-08-28 00:00:00+00:00,1.88314497,1.8832947952,1.8828402875999997,1.8828825951000001
2026-08-28 01:00:00+00:00,1.8828528653,1.883300204,1.8828528653,1.8828819680000002
2026-08-28 02:00:00+00:00,1.882909413,1.8829355352000001,1.8821898920000002,1.8824817437999999
2026-08-28 03:00:00+00:00,1.8825802079999998,1.8826197208000002,1.882198539,1.8822819063999998
2026-08-28 04:00:00+00:00,1.8821980144,1.8823879922,1.8821703119999997,1.882360815
2026-08-28 05:00:00+00:00,1.882386404,1.8824809876000004,1.8821418200000002,1.8822931352999999
2026-08-28 06:00:00+00:00,1.882445244,1.8827807964,1.8820908714000002,1.882439174
2026-08-28 07:00:00+00:00,1.8824360828,1.8826760048,1.881635063,1.8823304590000003
2026-08-28 08:00:00+00:00,1.8823856072,1.882789997,1.8817931304,1.8826024749999999
2026-08-28 09:00:00+00:00,1.882382402,1.8825723431999999,1.8820286475,1.8821095812999997
2026-08-28 10:00:00+00:00,1.8819851346000003,1.8823765092000002,1.8812715956,1.8817980483999999
2026-08-28 11:00:00+00:00,1.8816452416000002,1.8820424736,1.88130514,1.88171269
2026-08-28 12:00:00+00:00,1.8818091179999998,1.8819308531,1.8808713902999998,1.8818732935
2026-08-28 13:00:00+00:00,1.8817787418,1.8820349472000002,1.8803460696,1.8809111412
2026-08-28 14:00:00+00:00,1.8821340944000002,1.88461252,1.8800658096000002,1.8839829888000001
2026-08-28 15:00:00+00:00,1.884467925,1.8848288448000003,1.883272325,1.8835159979999998
2026-08-28 16:00:00+00:00,1.8834149195999998,1.8835240266,1.8817699451,1.8819141049
2026-08-28 17:00:00+00:00,1.8817797827999998,1.8818460549999998,1.8811788872,1.8814133986000001
2026-08-28 18:00:00+00:00,1.8814536116999998,1.8818072763999998,1.8813976103999999,1.881686635
2026-08-28 19:00:00+00:00,1.8817433904000003,1.8821888696,1.8815787665999997,1.8821888696
2026-08-28 20:00:00+00:00,1.8822543664000002,1.8826111228,1.8811100147,1.8811100147
2026-08-30 21:00:00+00:00,1.8817045976,1.88195535,1.8814538414,1.8817872930000004
2026-08-30 22:00:00+00:00,1.8817666857999997,1.8820472775,1.8811856336,1.8820172636999999
2026-08-30 23:00:00+00:00,1.8820743505000002,1.8821142246000002,1.8816547190000001,1.8819912205999998
2026-08-31 00:00:00+00:00,1.8821573,1.882638735,1.8818355272,1.8826063588000002
2026-08-31 01:00:00+00:00,1.8825678542,1.8826965504,1.8813265416,1.8813675195000001
2026-08-31 02:00:00+00:00,1.8813400848,1.8815213664,1.8811317138,1.881412317
2026-08-31 03:00:00+00:00,1.8814262076,1.8815925499000001,1.8812296512,1.881288688
2026-08-31 04:00:00+00:00,1.88145468,1.8814834955,1.8810237289999998,1.8814001549000001
2026-08-31 05:00:00+00:00,1.8814234332,1.8821243112,1.8813904108999997,1.8821243112
2026-08-31 06:00:00+00:00,1.8819291038000001,1.8825331566000003,1.8815967808,1.8822086201
2026-08-31 07:00:00+00:00,1.8820963776000001,1.882525794,1.8814863192000002,1.8819600197999997
2026-08-31 08:00:00+00:00,1.8823656578999999,1.8830458404000003,1.881884697,1.881884697
2026-08-31 09:00:00+00:00,1.8819973133999999,1.8822225173999998,1.8811994223,1.8812282552
2026-08-31 10:00:00+00:00,1.8812154112000001,1.8813576914999999,1.880190299,1.8813413149999998
2026-08-31 11:00:00+00:00,1.8812066262,1.88132742,1.8799429188,1.8801321105
2026-08-31 12:00:00+00:00,1.880011654,1.8807493185,1.8791077816,1.879197612
2026-08-31 13:00:00+00:00,1.8794579295,1.8800490608,1.8792019187000002,1.8792392228
2026-08-31 14:00:00+00:00,1.8790365132,1.8796696983999999,1.8775537871999999,1.879141662
2026-08-31 15:00:00+00:00,1.8795541908,1.8797917266999997,1.8780035192,1.8780930700000003
2026-08-31 16:00:00+00:00,1.8782584762,1.8782997503999999,1.8776305568,1.8778498199999998
2026-08-31 17:00:00+00:00,1.8777679060000003,1.8779647196,1.8773284677999997,1.8775680719999999
2026-08-31 18:00:00+00:00,1.8776487532000001,1.8778128914999999,1.8770202873000001,1.8773368108
2026-08-31 19:00:00+00:00,1.8773214207,1.8778661632,1.8770196725,1.8778661632
2026-08-31 20:00:00+00:00,1.8777882525,1.8778985001,1.8768164599999997,1.8768164599999997
2026-08-31 21:00:00+00:00,1.8756254660000002,1.8769872542,1.8751896202,1.8766713856
2026-08-31 22:00:00+00:00,1.8777768438,1.8777768438,1.8766606791,1.8767715167
2026-08-31 23:00:00+00:00,1.8767961321,1.8768777148000002,1.8763894656,1.876765317
2026-09-01 00:00:00+00:00,1.8765972576,1.8776455704,1.8765088,1.8776455704
2026-09-01 01:00:00+00:00,1.8777539928,1.877930488,1.8773961336,1.8776101141000001
2026-09-01 02:00:00+00:00,1.8777043009999999,1.8777865249999999,1.8773861080000003,1.8777736120000001
2026-09-01 03:00:00+00:00,1.8776743534,1.8779420324,1.8775586411999998,1.877838144
2026-09-01 04:00:00+00:00,1.8778391247,1.8779884044000001,1.8776736948000001,1.877884629
2026-09-01 05:00:00+00:00,1.8777911220000003,1.8784869248000002,1.8777911220000003,1.8784260621000002
2026-09-01 06:00:00+00:00,1.8780290738000003,1.8780871168000002,1.8769436875999999,1.8776891951999999
2026-09-01 07:00:00+00:00,1.877505115,1.8778238895,1.8768504992,1.8777958088000002
2026-09-01 08:00:00+00:00,1.8775873850000002,1.8785442563999997,1.8771917561999998,1.878299852
2026-09-01 09:00:00+00:00,1.8783114102,1.8787708128,1.8777591805,1.8778338735
2026-09-01 10:00:00+00:00,1.8777146428,1.8788884354,1.8775971895,1.8778614660000001
2026-09-01 11:00:00+00:00,1.8774307050999999,1.8792920379000002,1.8774307050999999,1.8788499098999998
2026-09-01 12:00:00+00:00,1.8788037620000002,1.8793426578,1.8780472799999999,1.8783827234000001
2026-09-01 13:00:00+00:00,1.8778604949999997,1.8813237504000002,1.8778604949999997,1.8807174411
2026-09-01 14:00:00+00:00,1.8811681716000002,1.8822840022,1.88085879,1.8822276571999998
2026-09-01 15:00:00+00:00,1.8823318851,1.8823318851,1.880075288,1.8806847345
2026-09-01 16:00:00+00:00,1.8806881176,1.8808485653000002,1.8791777105,1.8791777105
2026-09-01 17:00:00+00:00,1.8791109174,1.8796705468000001,1.8789011805,1.8790521750000002
2026-09-01 18:00:00+00:00,1.8791070124,1.8791375570000002,1.8774571320000002,1.8775807243000002
2026-09-01 19:00:00+00:00,1.8775942382000002,1.8779092499999999,1.8773633663999998,1.8776939256
2026-09-01 20:00:00+00:00,1.8774028668,1.8784552064000002,1.8774028668,1.8779096298999998
2026-09-01 21:00:00+00:00,1.8762145432000001,1.8780147108,1.8762145432000001,1.8776683827999998
2026-09-01 22:00:00+00:00,1.8785551482,1.8786111144000002,1.8778409156,1.8778683252000001
2026-09-01 23:00:00+00:00,1.8777992315,1.8780421103999998,1.8776734165999998,1.8777529670000002
2026-09-02 00:00:00+00:00,1.8780351983999999,1.8780622236,1.8772133440999998,1.877296233
2026-09-02 01:00:00+00:00,1.8775710842,1.8776053070999998,1.8769968243000001,1.877397575
2026-09-02 02:00:00+00:00,1.8773847846,1.8787688664000002,1.8773843816,1.8787418528000002
2026-09-02 03:00:00+00:00,1.8786608120000001,1.8790087266000002,1.8785638517999999,1.8789272978
2026-09-02 04:00:00+00:00,1.8789268849999998,1.8793341576,1.8787811301000001,1.878929169
2026-09-02 05:00:00+00:00,1.8788587103,1.879133144,1.8786485769999999,1.8787926834000002
2026-09-02 06:00:00+00:00,1.8786354912000003,1.8794262006000002,1.8785073936,1.8786160368
2026-09-02 07:00:00+00:00,1.8788570055,1.8815954884999997,1.8785386345000001,1.8815545404
2026-09-02 08:00:00+00:00,1.881559512,1.882789948,1.881457552,1.881457552
2026-09-02 09:00:00+00:00,1.881578622,1.88200536,1.8795586584000001,1.8795586584000001
2026-09-02 10:00:00+00:00,1.8796719499999999,1.8796719499999999,1.8780411858,1.8784160346
2026-09-02 11:00:00+00:00,1.878158502,1.878894096,1.8775994712000001,1.8779597882
2026-09-02 12:00:00+00:00,1.8779323769999998,1.8781098900000002,1.875174116,1.8752748832000001
2026-09-02 13:00:00+00:00,1.8754405618,1.8776021374999998,1.8737362929999999,1.8739679057999998
2026-09-02 14:00:00+00:00,1.8740187432,1.8742696568,1.8701630661000002,1.8703358352000004
2026-09-02 15:00:00+00:00,1.8702634880000002,1.8710654094,1.868658207,1.870146421
2026-09-02 16:00:00+00:00,1.8702056616,1.8708069236999998,1.8683820495999999,1.8684339204
2026-09-02 17:00:00+00:00,1.8683543592,1.8684619645,1.8668932371999998,1.8670870447999997
2026-09-02 18:00:00+00:00,1.8670881124999998,1.8671292864,1.8661751337,1.8666795968
2026-09-02 19:00:00+00:00,1.8665834190000001,1.8666668194,1.8658332465,1.866577344
2026-09-02 20:00:00+00:00,1.8666468881999998,1.8676084959,1.8658485,1.8658485
2026-09-02 21:00:00+00:00,1.865061556,1.8661052523999997,1.8646422911999998,1.8658203585
2026-09-02 22:00:00+00:00,1.8670376232,1.8671021491,1.8664757680000001,1.866614208
2026-09-02 23:00:00+00:00,1.8666138470999998,1.8667064178000001,1.8662389643999997,1.8666648819
2026-09-03 00:00:00+00:00,1.8664331488,1.8667018932,1.8657530527000001,1.8665361786
2026-09-03 01:00:00+00:00,1.8665776947,1.8667942083,1.8653918625,1.8653950655999998
2026-09-03 02:00:00+00:00,1.8654113816000002,1.8658430522000002,1.8653574520000002,1.8658109388000002
2026-09-03 03:00:00+00:00,1.8658541505,1.8666570735,1.865852436,1.8662492016
2026-09-03 04:00:00+00:00,1.8662910249999998,1.8665939431999998,1.8661102332000001,1.8664074265
2026-09-03 05:00:00+00:00,1.866463092,1.8668466852999999,1.8660612879999998,1.866468076
2026-09-03 06:00:00+00:00,1.8664362756,1.8664362756,1.8652983682,1.8659024482
2026-09-03 07:00:00+00:00,1.8660194600000002,1.8665939313000002,1.8651133641000002,1.8658037162
2026-09-03 08:00:00+00:00,1.8655273602,1.8660982496,1.8636516432,1.8639038862
2026-09-03 09:00:00+00:00,1.864046221,1.8646010391999999,1.8634575442999999,1.8638443340000002
2026-09-03 10:00:00+00:00,1.8639385089000002,1.8640866734,1.8625434684,1.8628209535999998
2026-09-03 11:00:00+00:00,1.8625558547999999,1.863368208,1.861242407,1.861242407
2026-09-03 12:00:00+00:00,1.8611980352,1.8649766616999999,1.8610906883999998,1.8644304177
2026-09-03 13:00:00+00:00,1.8641184100000001,1.8651849215999998,1.8637360575999997,1.8651849215999998
2026-09-03 14:00:00+00:00,1.8644619309000001,1.8647764508,1.8630986902,1.8641184100000001
2026-09-03 15:00:00+00:00,1.8641373319,1.8667009184999999,1.8641373319,1.8651574100000001
2026-09-03 16:00:00+00:00,1.8652388558,1.8654769800000002,1.8646451136000002,1.865158011
2026-09-03 17:00:00+00:00,1.8653345403000001,1.8666713562000001,1.865043712,1.8663639498
2026-09-03 18:00:00+00:00,1.8664875263999998,1.8670660372,1.8664771694000002,1.8667976876
2026-09-03 19:00:00+00:00,1.8667693608,1.8671464048,1.8648439283999998,1.8648691512
2026-09-03 20:00:00+00:00,1.8647731625000001,1.8657379972,1.864368704,1.86556953
2026-09-03 21:00:00+00:00,1.8642041244,1.8647105757,1.864034744,1.8646548765000002
2026-09-03 22:00:00+00:00,1.8656682320000002,1.8656682320000002,1.8651608514000002,1.8651746435
2026-09-03 23:00:00+00:00,1.8651765188,1.8656043162,1.8651091644000002,1.8655257748
2026-09-04 00:00:00+00:00,1.8655533542,1.8660125135000003,1.8653406831,1.8657461502000001
2026-09-04 01:00:00+00:00,1.8657882975,1.8661897259999998,1.8657882975,1.8660155542999999
2026-09-04 02:00:00+00:00,1.8660295932,1.8662100721,1.8657466696,1.8660742608
2026-09-04 03:00:00+00:00,1.8660885705,1.8663927359999999,1.8658621332999998,1.8660151731999999
2026-09-04 04:00:00+00:00,1.8660568131,1.8662244055000001,1.8658424195,1.8662244055000001
2026-09-04 05:00:00+00:00,1.8662636976,1.866599592,1.8662553464,1.8665855465
2026-09-04 06:00:00+00:00,1.8667487384,1.8680933292000002,1.866589856,1.8676845551999999
2026-09-04 07:00:00+00:00,1.867730158,1.86894162,1.8677281763999998,1.8682477033999998
2026-09-04 08:00:00+00:00,1.8682371204000001,1.8688522288,1.8673716366,1.8676619961000003
2026-09-04 09:00:00+00:00,1.8672503999999999,1.8676289903,1.8665140266,1.8667149200000002
2026-09-04 10:00:00+00:00,1.8667157621000001,1.8683234672,1.8664841902000002,1.868321268
2026-09-04 11:00:00+00:00,1.8681759744,1.8692005944000003,1.867700442,1.867700442
2026-09-04 12:00:00+00:00,1.8679634830999998,1.8727949099999999,1.8660737410000001,1.8725044269999997
2026-09-04 13:00:00+00:00,1.871826804,1.8728292696,1.8700970512000001,1.8712950689999999
2026-09-04 14:00:00+00:00,1.8710686048000003,1.8725743785,1.8706886353,1.8707166492000002
2026-09-04 15:00:00+00:00,1.8705393265999999,1.871368092,1.8702237861000002,1.870654872
2026-09-04 16:00:00+00:00,1.8706869427999997,1.8712042416999999,1.8705985784999999,1.8707083199999999
2026-09-04 17:00:00+00:00,1.8706340378000001,1.8706340378000001,1.8694878140000002,1.8701602920000002
2026-09-04 18:00:00+00:00,1.8703108976999998,1.8704038624,1.8696715464,1.8702153234
2026-09-04 19:00:00+00:00,1.8701612682000002,1.8701912154,1.869419601,1.8698660279
2026-09-04 20:00:00+00:00,1.8697670052000002,1.870308335,1.8687186390000001,1.8687186390000001
2026-09-06 22:00:00+00:00,1.8699228467999998,1.8700998305,1.8697442688,1.8699102912000003
2026-09-06 23:00:00+00:00,1.8699939399999999,1.87006502,1.8698072416000002,1.87002161
2026-09-07 00:00:00+00:00,1.8701683719999997,1.8705445005,1.869895876,1.8700052800000002
2026-09-07 01:00:00+00:00,1.8697581904,1.8698609943,1.869401933,1.869643226
2026-09-07 02:00:00+00:00,1.8695859294,1.8695859294,1.8692317344000002,1.86942416
2026-09-07 03:00:00+00:00,1.8693961471,1.869806025,1.8692772335999999,1.8694363293
2026-09-07 04:00:00+00:00,1.8694089820000002,1.86945114,1.8692834770000002,1.8693852
2026-09-07 05:00:00+00:00,1.8695061598,1.8697720212000002,1.8693266159999997,1.869757566
2026-09-07 06:00:00+00:00,1.8699681792,1.87137489,1.8696409311,1.8712827552
2026-09-07 07:00:00+00:00,1.8709953249,1.8717386775000002,1.8708988004000002,1.8715450473999997
2026-09-07 08:00:00+00:00,1.8715991777999998,1.8720237577,1.8708545925000002,1.8713499721
2026-09-07 09:00:00+00:00,1.8712799700000002,1.8719935980000002,1.8709931327999998,1.8712298878
2026-09-07 10:00:00+00:00,1.8714493511999999,1.8714493511999999,1.8704405456,1.8707363915000002
2026-09-07 11:00:00+00:00,1.8705587188000001,1.8709848065999999,1.8702409232000001,1.8703112688
2026-09-07 12:00:00+00:00,1.8705036160000001,1.8705036160000001,1.8694268531,1.8698942625
2026-09-07 13:00:00+00:00,1.8696630294,1.870653204,1.8695699077,1.8696952830000002
2026-09-07 14:00:00+00:00,1.8697377920999998,1.8702675596000002,1.8689209,1.8702675596000002
2026-09-07 15:00:00+00:00,1.8703355489999998,1.8706346064,1.8698281014999998,1.8700630167999999
2026-09-07 16:00:00+00:00,1.8701437104,1.870894888,1.8699649706,1.8707851965
2026-09-07 17:00:00+00:00,1.8706470955,1.8707259736,1.8704332289999999,1.8705299171999998
2026-09-07 18:00:00+00:00,1.8705851676,1.8708817412999998,1.8705139342000001,1.8708129384000003
2026-09-07 19:00:00+00:00,1.8708532895999999,1.870920723,1.8706446756000001,1.8706858476000001
2026-09-07 20:00:00+00:00,1.8707532696,1.8707532696,1.8702953750000002,1.8704432279999998
2026-09-07 21:00:00+00:00,1.8686976353999998,1.8686976353999998,1.8686976353999998,1.8686976353999998
2026-09-07 22:00:00+00:00,1.8706371684,1.8708855464999998,1.8702160256,1.8704226564000002
2026-09-07 23:00:00+00:00,1.8705055248,1.8706377564000003,1.8699833659999998,1.8699997572
2026-09-08 00:00:00+00:00,1.869932538,1.8702250865999999,1.8696337497,1.8699080376
2026-09-08 01:00:00+00:00,1.869841908,1.8699797928000002,1.8694801281000002,1.8697321311
2026-09-08 02:00:00+00:00,1.8696523545000001,1.8697587201,1.868816144,1.8688840896
2026-09-08 03:00:00+00:00,1.8689785555999998,1.8689785555999998,1.86867241,1.8687844543999999
2026-09-08 04:00:00+00:00,1.8688006510000001,1.8689883224000001,1.8686174591,1.8688577115999998
2026-09-08 05:00:00+00:00,1.8687897504,1.8689144954,1.867623816,1.8679195199999998
2026-09-08 06:00:00+00:00,1.8677863044000003,1.8678299694,1.8661966515000001,1.8676178889
2026-09-08 07:00:00+00:00,1.8674361720000001,1.8675709325,1.8661109319,1.866724287
2026-09-08 08:00:00+00:00,1.8669317443,1.8670658244,1.8658077802,1.8667892334
2026-09-08 09:00:00+00:00,1.8665308742999998,1.8679342705000002,1.8665308742999998,1.8672769223999999
2026-09-08 10:00:00+00:00,1.8670926049999998,1.8684915975000003,1.8670926049999998,1.8683782855000002
2026-09-08 11:00:00+00:00,1.868310647,1.869779408,1.8673420863999997,1.8695606208000002
2026-09-08 12:00:00+00:00,1.8694772823999999,1.8709360560000001,1.8689998332000002,1.8690019571999998
2026-09-08 13:00:00+00:00,1.8690675992,1.8690675992,1.8675946296,1.8681829212
2026-09-08 14:00:00+00:00,1.8679815015999999,1.8679815015999999,1.8651644860999999,1.8673861008000001
2026-09-08 15:00:00+00:00,1.8670379574,1.8670379574,1.8655440468000002,1.8659488424
2026-09-08 16:00:00+00:00,1.8660151,1.8665730299999999,1.8660151,1.8664256529
2026-09-08 17:00:00+00:00,1.8666337274,1.8667304907,1.8661010312,1.8664931361000001
2026-09-08 18:00:00+00:00,1.8664520279999999,1.8670129335999999,1.8660820310000001,1.8668840392
2026-09-08 19:00:00+00:00,1.8667326815999998,1.8669697796,1.865917416,1.8661487976000002
2026-09-08 20:00:00+00:00,1.866040969,1.866501558,1.8655078695999998,1.8660948838
2026-09-08 21:00:00+00:00,1.8648764372,1.8648764372,1.8648764372,1.8648764372
2026-09-08 22:00:00+00:00,1.8664045659,1.8665606024,1.8662312534,1.8663956822000003
2026-09-08 23:00:00+00:00,1.8664244616,1.8664244616,1.8657520946000001,1.8657520946000001
2026-09-09 00:00:00+00:00,1.8659447297999998,1.8663547973999999,1.8658524465000002,1.8661561644
2026-09-09 01:00:00+00:00,1.866330008,1.8666058005,1.8661179992,1.866286604
2026-09-09 02:00:00+00:00,1.8662847464,1.8663270102,1.8660617025000001,1.8661798453000003
2026-09-09 03:00:00+00:00,1.8661111954,1.8662340321,1.8657821946,1.8659321100000001
2026-09-09 04:00:00+00:00,1.8658499175999999,1.8662830415999998,1.8658499175999999,1.8662283953999999
2026-09-09 05:00:00+00:00,1.8662421680999999,1.8666538084,1.8661453125999998,1.8666104902
2026-09-09 06:00:00+00:00,1.8665584996,1.8677010128,1.8664653848000001,1.8671427286
2026-09-09 07:00:00+00:00,1.8672520482,1.8682044514999998,1.8671425176,1.8675626385
2026-09-09 08:00:00+00:00,1.8674502885000002,1.8674502885000002,1.8655891112,1.8660621757
2026-09-09 09:00:00+00:00,1.8658991925,1.8666836230000001,1.865062932,1.8651446271999998
2026-09-09 10:00:00+00:00,1.8652831960999998,1.8661267925999998,1.8651258108000002,1.865681649
2026-09-09 11:00:00+00:00,1.8655457934000002,1.8681434256000002,1.8653712831000002,1.8674855198999998
2026-09-09 12:00:00+00:00,1.8676267495999999,1.8677344336000001,1.8664751980000003,1.8670560981000002
2026-09-09 13:00:00+00:00,1.8672889702000002,1.86981552,1.8672889702000002,1.8695670833
2026-09-09 14:00:00+00:00,1.8693234959000002,1.8713766,1.869175945,1.8709602048
2026-09-09 15:00:00+00:00,1.8709643628,1.8710837507000002,1.8698060304,1.8703662954
2026-09-09 16:00:00+00:00,1.8705608768,1.8710333166,1.8700565136,1.8710157152000002
2026-09-09 17:00:00+00:00,1.8710850012,1.8717679163000003,1.8710844930000001,1.8714255210000001
2026-09-09 18:00:00+00:00,1.8714528822000003,1.8716444161999999,1.8699693009,1.8700510935
2026-09-09 19:00:00+00:00,1.8700940663999999,1.8705937052,1.8697989033000002,1.8705937052
2026-09-09 20:00:00+00:00,1.8703475164999999,1.8706590492000001,1.8699026107999999,1.8699026107999999
2026-09-09 21:00:00+00:00,1.8691322719999999,1.8692539369999999,1.8689777021999998,1.8692539369999999
2026-09-09 22:00:00+00:00,1.8700971564,1.8703915815,1.8699637164,1.8702294619
2026-09-09 23:00:00+00:00,1.8703930815,1.8704266677999999,1.8700791512000001,1.8704264124
2026-09-10 00:00:00+00:00,1.8703701684,1.8706270703999999,1.87022849,1.8703759228
2026-09-10 01:00:00+00:00,1.8704329874999999,1.8716375029999999,1.8704329874999999,1.8715722025000001
2026-09-10 02:00:00+00:00,1.8715724496000001,1.8720198504,1.8715724496000001,1.871916094
2026-09-10 03:00:00+00:00,1.87190278,1.87190278,1.8715506353999998,1.871718842
2026-09-10 04:00:00+00:00,1.8716214405000002,1.8717590098999999,1.8713342700000002,1.8715480904000001
2026-09-10 05:00:00+00:00,1.871686687,1.871686687,1.871225081,1.871397182
2026-09-10 06:00:00+00:00,1.8714363811999999,1.8721001908,1.8714363811999999,1.8718290468
2026-09-10 07:00:00+00:00,1.8716495571,1.8718940684999998,1.8712581056000004,1.8715626644999999
2026-09-10 08:00:00+00:00,1.8715866975,1.8715866975,1.8703399791999997,1.8714886300000002
2026-09-10 09:00:00+00:00,1.8711477414000002,1.8711788436,1.8705812117999998,1.8711588510000003
2026-09-10 10:00:00+00:00,1.8710212752,1.8714353052,1.870166396,1.8706980024000002
2026-09-10 11:00:00+00:00,1.8705161472000003,1.870697169,1.8692875364000001,1.8692875364000001
2026-09-10 12:00:00+00:00,1.8694662975,1.8694662975,1.8664296534,1.8680311749
2026-09-10 13:00:00+00:00,1.8682924481,1.8682924481,1.8660500313,1.8677739140999998
2026-09-10 14:00:00+00:00,1.8677471875999998,1.8697465394,1.8676967548,1.8695759755999999
2026-09-10 15:00:00+00:00,1.869641605,1.8698526170999998,1.8682248939,1.8682248939
2026-09-10 16:00:00+00:00,1.868402457,1.868624604,1.8678709806,1.8686090241
2026-09-10 17:00:00+00:00,1.8687307338,1.8700848455999999,1.868425533,1.869021351
2026-09-10 18:00:00+00:00,1.868938715,1.8692748939,1.8683808739999999,1.8687951128
2026-09-10 19:00:00+00:00,1.8687080075,1.8690303515,1.8684162809999998,1.868850516
2026-09-10 20:00:00+00:00,1.8688360340999999,1.8691789713999998,1.8686404039,1.868853423
2026-09-10 21:00:00+00:00,1.8669488691,1.8669488691,1.8663956038,1.866556341
2026-09-10 22:00:00+00:00,1.8689026050000002,1.869316025,1.868895564,1.869316025
2026-09-10 23:00:00+00:00,1.8693855229000003,1.8693855229000003,1.8690096971999999,1.86912201
2026-09-11 00:00:00+00:00,1.8693729780000001,1.8698697444000003,1.8693144050000001,1.8698697444000003
2026-09-11 01:00:00+00:00,1.8697716185,1.8699794672,1.8690861448,1.8691309475999998
2026-09-11 02:00:00+00:00,1.8691556624999999,1.8692257043999998,1.8688752527999999,1.8690879656
2026-09-11 03:00:00+00:00,1.8691011318,1.8691142976000001,1.8685478427000002,1.8687904703999998
2026-09-11 04:00:00+00:00,1.8687499713,1.869353292,1.8686797248,1.8688280284
2026-09-11 05:00:00+00:00,1.8687169676,1.86988905,1.8687169676,1.8693240064
2026-09-11 06:00:00+00:00,1.8702809813999999,1.8718219362,1.8702809813999999,1.8713982768000001
2026-09-11 07:00:00+00:00,1.8711108346,1.871395768,1.8700277481999998,1.8702491466
2026-09-11 08:00:00+00:00,1.8701941188,1.8707591604,1.8696306847,1.8701353020000002
2026-09-11 09:00:00+00:00,1.8702913391999998,1.8708369582,1.8693283697999998,1.8707665076
2026-09-11 10:00:00+00:00,1.870960047,1.8718772222999998,1.8703517483999998,1.8718342252
2026-09-11 11:00:00+00:00,1.8719152564,1.8724984588,1.8712958305,1.871531442
2026-09-11 12:00:00+00:00,1.87152642,1.8747438255,1.8711821109,1.8747374520000002
2026-09-11 13:00:00+00:00,1.8753913878000001,1.8761015472,1.8737085223999999,1.8760744844000001
2026-09-11 14:00:00+00:00,1.8757961859,1.8774841805999998,1.874950085,1.8769600327999998
2026-09-11 15:00:00+00:00,1.8771681338,1.8776743163999998,1.8745448868999999,1.874698448
2026-09-11 16:00:00+00:00,1.8747285885999998,1.8751691946,1.8743263416000002,1.8747749685
2026-09-11 17:00:00+00:00,1.8747448523999999,1.8752196112,1.8740537208,1.8750065692000002
2026-09-11 18:00:00+00:00,1.8749646335999999,1.8754262172,1.8746956808,1.8751590809000003
2026-09-11 19:00:00+00:00,1.8751857900000002,1.8760156220000002,1.8751857900000002,1.8753944424
2026-09-11 20:00:00+00:00,1.8754106711,1.8764227872,1.8752982234,1.8754778239999998
