datetime,open,high,low,close
2026-03-12 02:00:00+00:00,0.7845900000000002,0.7851100000000003,0.7845400000000002,0.7849700000000003
2026-03-12 03:00:00+00:00,0.7849700000000003,0.7851700000000003,0.7847300000000003,0.7849700000000003
2026-03-12 04:00:00+00:00,0.7849700000000003,0.7853000000000003,0.7847000000000003,0.7850900000000003
2026-03-12 05:00:00+00:00,0.7850900000000003,0.7851100000000003,0.7844000000000003,0.7847300000000003
2026-03-12 06:00:00+00:00,0.7847300000000003,0.7848600000000002,0.7841400000000003,0.7845300000000003
2026-03-12 07:00:00+00:00,0.7845300000000003,0.7852000000000002,0.7841800000000003,0.7847500000000003
2026-03-12 08:00:00+00:00,0.7847500000000003,0.7857200000000003,0.7843500000000003,0.7849600000000003
2026-03-12 09:00:00+00:00,0.7849600000000003,0.7851300000000003,0.7832500000000002,0.7834000000000003
2026-03-12 10:00:00+00:00,0.7834000000000003,0.7842200000000003,0.7831400000000003,0.7837800000000003
2026-03-12 11:00:00+00:00,0.7837800000000003,0.7841500000000002,0.7830500000000002,0.7840200000000003
2026-03-12 12:00:00+00:00,0.7840200000000003,0.7853600000000003,0.7839500000000003,0.7850000000000003
2026-03-12 13:00:00+00:00,0.7850000000000003,0.7861600000000003,0.7844600000000003,0.7856400000000002
2026-03-12 14:00:00+00:00,0.7856400000000002,0.7869500000000003,0.7852400000000003,0.7868300000000003
2026-03-12 15:00:00+00:00,0.7868300000000003,0.7879800000000002,0.7866900000000002,0.7873500000000003
2026-03-12 16:00:00+00:00,0.7873500000000003,0.7879900000000003,0.7866600000000002,0.7874000000000003
2026-03-12 17:00:00+00:00,0.7874000000000003,0.7876400000000002,0.7865500000000003,0.7874300000000003
2026-03-12 18:00:00+00:00,0.7874300000000003,0.7885700000000003,0.7872500000000002,0.7884500000000003
2026-03-12 19:00:00+00:00,0.7884500000000003,0.7888700000000003,0.7882100000000003,0.7888100000000002
2026-03-12 20:00:00+00:00,0.7888100000000002,0.7892700000000002,0.7886600000000002,0.7888500000000003
2026-03-12 21:00:00+00:00,0.7888500000000003,0.7888500000000003,0.7878300000000003,0.7882900000000003
2026-03-12 22:00:00+00:00,0.7882900000000003,0.7892900000000003,0.7882900000000003,0.7886500000000003
2026-03-12 23:00:00+00:00,0.7886500000000003,0.7888800000000002,0.7883100000000003,0.7883900000000003
2026-03-13 00:00:00+00:00,0.7883900000000003,0.7885300000000003,0.7876900000000002,0.7880600000000003
2026-03-13 01:00:00+00:00,0.7880600000000003,0.7889100000000002,0.7878300000000003,0.7887700000000003
2026-03-13 02:00:00+00:00,0.7887700000000003,0.7894400000000003,0.7884500000000003,0.7892600000000003
2026-03-13 03:00:00+00:00,0.7892600000000003,0.7897400000000002,0.7891500000000002,0.7895000000000003
2026-03-13 04:00:00+00:00,0.7895000000000003,0.7902700000000003,0.7895000000000003,0.7897400000000002
2026-03-13 05:00:00+00:00,0.7897400000000002,0.7902000000000002,0.7895100000000003,0.7901500000000002
2026-03-13 06:00:00+00:00,0.7901500000000002,0.7908100000000002,0.7897700000000003,0.7907400000000002
2026-03-13 07:00:00+00:00,0.7907400000000002,0.7918700000000003,0.7906000000000003,0.7916000000000003
2026-03-13 08:00:00+00:00,0.7916000000000003,0.7924600000000003,0.7913000000000002,0.7915600000000003
2026-03-13 09:00:00+00:00,0.7915600000000003,0.7915600000000003,0.7902000000000002,0.7914100000000003
2026-03-13 10:00:00+00:00,0.7914100000000003,0.7917500000000003,0.7904500000000003,0.7911300000000002
2026-03-13 11:00:00+00:00,0.7911300000000002,0.7912900000000003,0.7898900000000003,0.7900600000000003
2026-03-13 12:00:00+00:00,0.7900600000000003,0.7908500000000003,0.7891200000000003,0.7900100000000003
2026-03-13 13:00:00+00:00,0.7900100000000003,0.7903900000000003,0.7890900000000003,0.7897500000000003
2026-03-13 14:00:00+00:00,0.7897500000000003,0.7919100000000002,0.7896400000000002,0.7917800000000003
2026-03-13 15:00:00+00:00,0.7917800000000003,0.7929100000000002,0.7916200000000003,0.7927500000000003
2026-03-13 16:00:00+00:00,0.7927500000000003,0.7928800000000003,0.7921700000000003,0.7927200000000003
2026-03-13 17:00:00+00:00,0.7927200000000003,0.7929700000000003,0.7922100000000003,0.7927100000000002
2026-03-13 18:00:00+00:00,0.7927100000000002,0.7934600000000003,0.7926600000000003,0.7933900000000003
2026-03-13 19:00:00+00:00,0.7933900000000003,0.7942300000000003,0.7932700000000003,0.7941300000000002
2026-03-13 20:00:00+00:00,0.7941300000000002,0.7946700000000003,0.7936400000000002,0.7938400000000002
2026-03-15 21:00:00+00:00,0.7938400000000002,0.7938400000000002,0.7883400000000006,0.7886599999999999
2026-03-15 22:00:00+00:00,0.7886599999999999,0.7889899999999999,0.7875099999999999,0.7879399999999999
2026-03-15 23:00:00+00:00,0.7879399999999999,0.7883499999999999,0.7877899999999999,0.7878099999999999
2026-03-16 00:00:00+00:00,0.7878099999999999,0.7878199999999999,0.7867199999999999,0.7868899999999999
2026-03-16 01:00:00+00:00,0.7868899999999999,0.7878999999999999,0.7866599999999999,0.7872899999999999
2026-03-16 02:00:00+00:00,0.7872899999999999,0.7875199999999999,0.78687,0.7870499999999999
2026-03-16 03:00:00+00:00,0.7870499999999999,0.7875199999999999,0.7867199999999999,0.7870799999999999
2026-03-16 04:00:00+00:00,0.7870799999999999,0.7882099999999999,0.7869499999999999,0.7882099999999999
2026-03-16 05:00:00+00:00,0.7882099999999999,0.78853,0.7878,0.7881099999999999
2026-03-16 06:00:00+00:00,0.7881099999999999,0.7892399999999999,0.7880799999999999,0.7887899999999999
2026-03-16 07:00:00+00:00,0.7887899999999999,0.7901299999999999,0.7885999999999999,0.7892599999999999
2026-03-16 08:00:00+00:00,0.7892599999999999,0.7892799999999999,0.78709,0.7873199999999999
2026-03-16 09:00:00+00:00,0.7873199999999999,0.7875899999999999,0.7865699999999999,0.7871699999999999
2026-03-16 10:00:00+00:00,0.7871699999999999,0.7873299999999999,0.7856399999999999,0.7859899999999999
2026-03-16 11:00:00+00:00,0.7859899999999999,0.7862099999999999,0.7850699999999999,0.7855199999999999
2026-03-16 12:00:00+00:00,0.7855199999999999,0.7857099999999999,0.7848499999999999,0.7856199999999999
2026-03-16 13:00:00+00:00,0.7856199999999999,0.7857799999999999,0.7847099999999999,0.7848099999999999
2026-03-16 14:00:00+00:00,0.7848099999999999,0.7863999999999999,0.7844699999999999,0.7860799999999999
2026-03-16 15:00:00+00:00,0.7860799999999999,0.7871199999999999,0.7854599999999999,0.78658
2026-03-16 16:00:00+00:00,0.78658,0.7868399999999999,0.78536,0.7857199999999999
2026-03-16 17:00:00+00:00,0.7857199999999999,0.7862699999999999,0.7849499999999999,0.7862299999999999
2026-03-16 18:00:00+00:00,0.7862299999999999,0.7862299999999999,0.7843499999999999,0.78487
2026-03-16 19:00:00+00:00,0.78487,0.7854899999999999,0.7843799999999999,0.7854099999999999
2026-03-16 20:00:00+00:00,0.7854099999999999,0.7856999999999998,0.7843299999999999,0.7843299999999999
2026-03-16 21:00:00+00:00,0.7843299999999999,0.7843299999999999,0.7825899999999998,0.7835599999999998
2026-03-16 22:00:00+00:00,0.7835599999999998,0.7846499999999998,0.7835599999999998,0.7846199999999999
2026-03-16 23:00:00+00:00,0.7846199999999999,0.7848999999999998,0.7845799999999998,0.7847299999999998
2026-03-17 00:00:00+00:00,0.7847299999999998,0.7852999999999998,0.7847199999999999,0.7849699999999998
2026-03-17 01:00:00+00:00,0.7849699999999998,0.7855599999999998,0.7847499999999998,0.7853399999999998
2026-03-17 02:00:00+00:00,0.7853399999999998,0.7856899999999998,0.7851099999999999,0.7853699999999998
2026-03-17 03:00:00+00:00,0.7853699999999998,0.7854199999999998,0.7845199999999998,0.7852099999999999
2026-03-17 04:00:00+00:00,0.7852099999999999,0.7853099999999998,0.7845599999999998,0.7847799999999998
2026-03-17 05:00:00+00:00,0.7847799999999998,0.7859899999999999,0.7846599999999998,0.7858499999999998
2026-03-17 06:00:00+00:00,0.7858499999999998,0.7866199999999998,0.7854799999999998,0.7855099999999998
2026-03-17 07:00:00+00:00,0.7855099999999998,0.7857099999999998,0.7840199999999998,0.7843299999999999
2026-03-17 08:00:00+00:00,0.7843299999999999,0.7846799999999998,0.7831599999999999,0.7835599999999998
2026-03-17 09:00:00+00:00,0.7835599999999998,0.7840499999999998,0.7827899999999999,0.7833199999999998
2026-03-17 10:00:00+00:00,0.7833199999999998,0.7838399999999999,0.7831299999999998,0.7834299999999998
2026-03-17 11:00:00+00:00,0.7834299999999998,0.7841699999999998,0.7826999999999998,0.7840899999999998
2026-03-17 12:00:00+00:00,0.7840899999999998,0.7842399999999998,0.7831699999999998,0.7831999999999998
2026-03-17 13:00:00+00:00,0.7831999999999998,0.7833699999999998,0.7822399999999998,0.7832099999999999
2026-03-17 14:00:00+00:00,0.7832099999999999,0.7835599999999998,0.7821199999999998,0.7827799999999998
2026-03-17 15:00:00+00:00,0.7827799999999998,0.7830399999999998,0.7821699999999998,0.7823099999999998
2026-03-17 16:00:00+00:00,0.7823099999999998,0.7827899999999999,0.7814499999999999,0.7816699999999999
2026-03-17 17:00:00+00:00,0.7816699999999999,0.7820299999999998,0.7812899999999998,0.7814999999999999
2026-03-17 18:00:00+00:00,0.7814999999999999,0.7815799999999998,0.7810399999999998,0.7815199999999999
2026-03-17 19:00:00+00:00,0.7815199999999999,0.7818799999999998,0.7812299999999999,0.7817699999999999
2026-03-17 20:00:00+00:00,0.7817699999999999,0.7818399999999999,0.7807099999999998,0.7807099999999998
2026-03-17 21:00:00+00:00,0.7807099999999998,0.7807099999999998,0.7794999999999997,0.7800199999999998
2026-03-17 22:00:00+00:00,0.7800199999999998,0.7806999999999998,0.7800199999999998,0.7806799999999999
2026-03-17 23:00:00+00:00,0.7806799999999999,0.7807999999999998,0.7803799999999999,0.7807099999999999
2026-03-18 00:00:00+00:00,0.7807099999999999,0.7812399999999999,0.7803799999999999,0.78113
2026-03-18 01:00:00+00:00,0.78113,0.7816099999999999,0.7807499999999999,0.7814699999999999
2026-03-18 02:00:00+00:00,0.7814699999999999,0.78153,0.7812199999999999,0.7813899999999999
2026-03-18 03:00:00+00:00,0.7813899999999999,0.7814399999999999,0.7811899999999999,0.7812499999999999
2026-03-18 04:00:00+00:00,0.7812499999999999,0.7812499999999999,0.7810199999999999,0.7811699999999999
2026-03-18 05:00:00+00:00,0.7811699999999999,0.7812899999999999,0.7809999999999999,0.78106
2026-03-18 06:00:00+00:00,0.78106,0.78162,0.7808999999999999,0.78148
2026-03-18 07:00:00+00:00,0.78148,0.7824399999999999,0.78135,0.78235
2026-03-18 08:00:00+00:00,0.78235,0.78338,0.7819999999999999,0.78208
2026-03-18 09:00:00+00:00,0.78208,0.78304,0.7819499999999999,0.7819699999999999
2026-03-18 10:00:00+00:00,0.7819699999999999,0.78235,0.78162,0.78184
2026-03-18 11:00:00+00:00,0.78184,0.7823699999999999,0.7813199999999999,0.7815599999999999
2026-03-18 12:00:00+00:00,0.7815599999999999,0.7840199999999999,0.7815399999999999,0.7840199999999999
2026-03-18 13:00:00+00:00,0.7840199999999999,0.78526,0.7837599999999999,0.7839499999999999
2026-03-18 14:00:00+00:00,0.7839499999999999,0.78506,0.78323,0.7844199999999999
2026-03-18 15:00:00+00:00,0.7844199999999999,0.78511,0.7838599999999999,0.78509
2026-03-18 16:00:00+00:00,0.78509,0.7855,0.78423,0.7853399999999999
2026-03-18 17:00:00+00:00,0.7853399999999999,0.7863199999999999,0.7851999999999999,0.78572
2026-03-18 18:00:00+00:00,0.78572,0.7880799999999999,0.7853199999999999,0.7880799999999999
2026-03-18 19:00:00+00:00,0.7880799999999999,0.7887599999999999,0.7876599999999999,0.78872
2026-03-18 20:00:00+00:00,0.78872,0.78948,0.7884699999999999,0.7890299999999999
2026-03-18 21:00:00+00:00,0.7890299999999999,0.7890299999999999,0.7872799999999999,0.7874399999999998
2026-03-18 22:00:00+00:00,0.7874399999999998,0.7889999999999998,0.7874399999999998,0.7886499999999999
2026-03-18 23:00:00+00:00,0.7886499999999999,0.7887599999999998,0.7881899999999998,0.7884999999999999
2026-03-19 00:00:00+00:00,0.7884999999999999,0.7885499999999999,0.7877399999999999,0.7877699999999999
2026-03-19 01:00:00+00:00,0.7877699999999999,0.7879199999999998,0.7871499999999998,0.7876199999999999
2026-03-19 02:00:00+00:00,0.7876199999999999,0.7878799999999998,0.7867099999999998,0.7874299999999999
2026-03-19 03:00:00+00:00,0.7874299999999999,0.7879399999999999,0.7873499999999999,0.7878599999999999
2026-03-19 04:00:00+00:00,0.7878599999999999,0.7885299999999998,0.7878499999999998,0.7884099999999998
2026-03-19 05:00:00+00:00,0.7884099999999998,0.7886099999999998,0.7882099999999999,0.7885899999999998
2026-03-19 06:00:00+00:00,0.7885899999999998,0.7887899999999999,0.7878399999999999,0.7878499999999998
2026-03-19 07:00:00+00:00,0.7878499999999998,0.7886499999999999,0.7870699999999998,0.7877899999999999
2026-03-19 08:00:00+00:00,0.7877899999999999,0.7895699999999999,0.7875599999999998,0.7882799999999999
2026-03-19 09:00:00+00:00,0.7882799999999999,0.7911399999999998,0.7875599999999998,0.7893999999999999
2026-03-19 10:00:00+00:00,0.7893999999999999,0.7914699999999999,0.7888699999999998,0.7912599999999999
2026-03-19 11:00:00+00:00,0.7912599999999999,0.7915699999999999,0.7900799999999999,0.7904099999999998
2026-03-19 12:00:00+00:00,0.7904099999999998,0.7911799999999999,0.7891299999999999,0.7896399999999998
2026-03-19 13:00:00+00:00,0.7896399999999998,0.7901299999999999,0.7871299999999999,0.7878799999999998
2026-03-19 14:00:00+00:00,0.7878799999999998,0.7883499999999999,0.7866299999999998,0.7875699999999999
2026-03-19 15:00:00+00:00,0.7875699999999999,0.7884399999999998,0.7860099999999999,0.7881599999999999
2026-03-19 16:00:00+00:00,0.7881599999999999,0.7885799999999998,0.7869499999999998,0.7876499999999999
2026-03-19 17:00:00+00:00,0.7876499999999999,0.7876599999999998,0.7857999999999998,0.7863199999999998
2026-03-19 18:00:00+00:00,0.7863199999999998,0.7867799999999998,0.7846799999999998,0.7847999999999998
2026-03-19 19:00:00+00:00,0.7847999999999998,0.7847999999999998,0.7814999999999999,0.7840799999999999
2026-03-19 20:00:00+00:00,0.7840799999999999,0.7841799999999999,0.7836599999999998,0.7839399999999999
2026-03-19 21:00:00+00:00,0.7839399999999999,0.7839399999999999,0.7831199999999998,0.7834899999999998
2026-03-19 22:00:00+00:00,0.7834899999999998,0.7846099999999998,0.7832399999999998,0.7845299999999998
2026-03-19 23:00:00+00:00,0.7845299999999998,0.7848799999999998,0.7841999999999999,0.7846999999999998
2026-03-20 00:00:00+00:00,0.7846999999999998,0.7848299999999998,0.7841899999999998,0.7844099999999998
2026-03-20 01:00:00+00:00,0.7844099999999998,0.7846499999999998,0.7838399999999999,0.7844899999999998
2026-03-20 02:00:00+00:00,0.7844899999999998,0.7847399999999999,0.7843199999999998,0.7846299999999998
2026-03-20 03:00:00+00:00,0.7846299999999998,0.7851899999999998,0.7846199999999999,0.7850499999999998
2026-03-20 04:00:00+00:00,0.7850499999999998,0.7851599999999999,0.7848799999999998,0.7851199999999998
2026-03-20 05:00:00+00:00,0.7851199999999998,0.7853899999999998,0.7847699999999999,0.7853799999999999
2026-03-20 06:00:00+00:00,0.7853799999999999,0.7854699999999999,0.7847399999999999,0.7854199999999999
2026-03-20 07:00:00+00:00,0.7854199999999999,0.7858299999999998,0.7844699999999999,0.7847199999999999
2026-03-20 08:00:00+00:00,0.7847199999999999,0.7850899999999998,0.7839199999999998,0.7845699999999999
2026-03-20 09:00:00+00:00,0.7845699999999999,0.7845799999999998,0.7833699999999998,0.7841999999999999
2026-03-20 10:00:00+00:00,0.7841999999999999,0.7850299999999999,0.7836799999999998,0.7838899999999999
2026-03-20 11:00:00+00:00,0.7838899999999999,0.7839499999999998,0.7822599999999998,0.7826399999999999
2026-03-20 12:00:00+00:00,0.7826399999999999,0.7828199999999998,0.7812999999999999,0.7821399999999998
2026-03-20 13:00:00+00:00,0.7821399999999998,0.7846899999999999,0.7819399999999999,0.7846099999999998
2026-03-20 14:00:00+00:00,0.7846099999999998,0.7863199999999998,0.7845299999999998,0.7852199999999998
2026-03-20 15:00:00+00:00,0.7852199999999998,0.7853899999999998,0.7841299999999999,0.7847999999999998
2026-03-20 16:00:00+00:00,0.7847999999999998,0.7848899999999999,0.7833399999999998,0.7838699999999998
2026-03-20 17:00:00+00:00,0.7838699999999998,0.7843999999999999,0.7831699999999998,0.7843799999999999
2026-03-20 18:00:00+00:00,0.7843799999999999,0.7847399999999999,0.7834499999999999,0.7844999999999999
2026-03-20 19:00:00+00:00,0.7844999999999999,0.7847799999999998,0.7836899999999999,0.7840499999999998
2026-03-20 20:00:00+00:00,0.7840499999999998,0.7841799999999999,0.7829399999999999,0.7830599999999999
2026-03-22 21:00:00+00:00,0.7830599999999999,0.7861800000000003,0.7819299999999998,0.7855900000000002
2026-03-22 22:00:00+00:00,0.7855900000000002,0.7868900000000002,0.7848700000000002,0.7854900000000002
2026-03-22 23:00:00+00:00,0.7854900000000002,0.7862800000000002,0.7853200000000002,0.7860400000000002
2026-03-23 00:00:00+00:00,0.7860400000000002,0.7876400000000002,0.7858200000000002,0.7872600000000002
2026-03-23 01:00:00+00:00,0.7872600000000002,0.7872600000000002,0.7860600000000002,0.7866900000000002
2026-03-23 02:00:00+00:00,0.7866900000000002,0.7877600000000002,0.7863900000000003,0.7874300000000002
2026-03-23 03:00:00+00:00,0.7874300000000002,0.7878700000000002,0.7871400000000002,0.7875200000000002
2026-03-23 04:00:00+00:00,0.7875200000000002,0.7876600000000002,0.7872800000000002,0.7872900000000002
2026-03-23 05:00:00+00:00,0.7872900000000002,0.7882700000000002,0.7872000000000002,0.7882600000000002
2026-03-23 06:00:00+00:00,0.7882600000000002,0.7890000000000003,0.7881000000000002,0.7881700000000003
2026-03-23 07:00:00+00:00,0.7881700000000003,0.7883700000000002,0.7870800000000002,0.7877900000000002
2026-03-23 08:00:00+00:00,0.7877900000000002,0.7894000000000002,0.7867200000000002,0.7893900000000003
2026-03-23 09:00:00+00:00,0.7893900000000003,0.7916000000000002,0.7890900000000002,0.7912200000000003
2026-03-23 10:00:00+00:00,0.7912200000000003,0.7921400000000002,0.7911700000000003,0.7921300000000002
2026-03-23 11:00:00+00:00,0.7921300000000002,0.7923000000000002,0.7841400000000002,0.7879100000000002
2026-03-23 12:00:00+00:00,0.7879100000000002,0.7888400000000002,0.7835200000000002,0.7837700000000002
2026-03-23 13:00:00+00:00,0.7837700000000002,0.7864100000000002,0.7835900000000002,0.7852000000000002
2026-03-23 14:00:00+00:00,0.7852000000000002,0.7853000000000002,0.7817500000000002,0.7836300000000002
2026-03-23 15:00:00+00:00,0.7836300000000002,0.7860800000000002,0.7823800000000002,0.7860600000000002
2026-03-23 16:00:00+00:00,0.7860600000000002,0.7865800000000002,0.7851400000000002,0.7857600000000002
2026-03-23 17:00:00+00:00,0.7857600000000002,0.7861300000000002,0.7846000000000002,0.7853600000000002
2026-03-23 18:00:00+00:00,0.7853600000000002,0.7860200000000002,0.7827100000000002,0.7832400000000002
2026-03-23 19:00:00+00:00,0.7832400000000002,0.7845800000000002,0.7831400000000002,0.7845400000000002
2026-03-23 20:00:00+00:00,0.7845400000000002,0.7849400000000002,0.7844100000000002,0.7845700000000002
2026-03-23 21:00:00+00:00,0.7845700000000002,0.7845700000000002,0.7838700000000002,0.7839200000000002
2026-03-23 22:00:00+00:00,0.7839200000000002,0.7850600000000001,0.7839100000000001,0.7845700000000001
2026-03-23 23:00:00+00:00,0.7845700000000001,0.7850700000000002,0.7844800000000002,0.7849200000000002
2026-03-24 00:00:00+00:00,0.7849200000000002,0.7867800000000001,0.7848900000000001,0.7864900000000001
2026-03-24 01:00:00+00:00,0.7864900000000001,0.7870600000000001,0.7858600000000001,0.7866900000000001
2026-03-24 02:00:00+00:00,0.7866900000000001,0.7867700000000002,0.7860200000000002,0.7866700000000001
2026-03-24 03:00:00+00:00,0.7866700000000001,0.7869000000000002,0.7861600000000002,0.7867200000000002
2026-03-24 04:00:00+00:00,0.7867200000000002,0.7872700000000001,0.7866900000000001,0.7870300000000001
2026-03-24 05:00:00+00:00,0.7870300000000001,0.7871900000000002,0.7864000000000001,0.7867200000000002
2026-03-24 06:00:00+00:00,0.7867200000000002,0.7872100000000002,0.7862500000000001,0.7863500000000001
2026-03-24 07:00:00+00:00,0.7863500000000001,0.7865500000000002,0.7844400000000001,0.7845000000000002
2026-03-24 08:00:00+00:00,0.7845000000000002,0.7858200000000002,0.7842700000000001,0.7854400000000001
2026-03-24 09:00:00+00:00,0.7854400000000001,0.7859300000000001,0.7847400000000001,0.7848400000000001
2026-03-24 10:00:00+00:00,0.7848400000000001,0.7864300000000002,0.7848200000000002,0.7857500000000002
2026-03-24 11:00:00+00:00,0.7857500000000002,0.7864700000000001,0.7852300000000001,0.7858600000000001
2026-03-24 12:00:00+00:00,0.7858600000000001,0.7880300000000001,0.7854300000000002,0.7875000000000001
2026-03-24 13:00:00+00:00,0.7875000000000001,0.7899200000000002,0.7871300000000001,0.7889500000000002
2026-03-24 14:00:00+00:00,0.7889500000000002,0.7894100000000002,0.7876900000000001,0.7888400000000001
2026-03-24 15:00:00+00:00,0.7888400000000001,0.7899400000000001,0.7884700000000001,0.7897500000000002
2026-03-24 16:00:00+00:00,0.7897500000000002,0.7900100000000001,0.7888200000000002,0.7894500000000001
2026-03-24 17:00:00+00:00,0.7894500000000001,0.7907600000000001,0.7891600000000002,0.7896100000000001
2026-03-24 18:00:00+00:00,0.7896100000000001,0.7903600000000002,0.7886200000000001,0.7891800000000001
2026-03-24 19:00:00+00:00,0.7891800000000001,0.7891800000000001,0.7882800000000001,0.7885000000000001
2026-03-24 20:00:00+00:00,0.7885000000000001,0.7885800000000002,0.7853800000000002,0.7864700000000001
2026-03-24 21:00:00+00:00,0.7864700000000001,0.7866600000000001,0.7855800000000002,0.7855800000000002
2026-03-24 22:00:00+00:00,0.7855800000000002,0.7869100000000002,0.7855800000000002,0.7863700000000001
2026-03-24 23:00:00+00:00,0.7863700000000001,0.7868000000000002,0.7861900000000002,0.7864900000000001
2026-03-25 00:00:00+00:00,0.7864900000000001,0.7865800000000002,0.7854400000000001,0.7859200000000002
2026-03-25 01:00:00+00:00,0.7859200000000002,0.7867700000000002,0.7856500000000002,0.7866700000000002
2026-03-25 02:00:00+00:00,0.7866700000000002,0.7878400000000002,0.7865900000000001,0.7877500000000002
2026-03-25 03:00:00+00:00,0.7877500000000002,0.7878800000000001,0.7874200000000001,0.7877300000000002
2026-03-25 04:00:00+00:00,0.7877300000000002,0.7881400000000002,0.7874500000000002,0.7878800000000001
2026-03-25 05:00:00+00:00,0.7878800000000001,0.7884800000000002,0.7878800000000001,0.7883600000000002
2026-03-25 06:00:00+00:00,0.7883600000000002,0.7886400000000001,0.7878600000000001,0.7881600000000002
2026-03-25 07:00:00+00:00,0.7881600000000002,0.7890800000000002,0.7876100000000001,0.7883900000000001
2026-03-25 08:00:00+00:00,0.7883900000000001,0.7892700000000001,0.7867800000000001,0.7876600000000001
2026-03-25 09:00:00+00:00,0.7876600000000001,0.7890600000000002,0.7874400000000001,0.7884000000000002
2026-03-25 10:00:00+00:00,0.7884000000000002,0.7884200000000001,0.7874900000000001,0.7875100000000002
2026-03-25 11:00:00+00:00,0.7875100000000002,0.7878200000000002,0.7869700000000002,0.7872300000000002
2026-03-25 12:00:00+00:00,0.7872300000000002,0.7885300000000002,0.7866300000000002,0.7880800000000002
2026-03-25 13:00:00+00:00,0.7880800000000002,0.7901500000000001,0.7876000000000002,0.7899900000000002
2026-03-25 14:00:00+00:00,0.7899900000000002,0.7905100000000002,0.7886100000000001,0.7889000000000002
2026-03-25 15:00:00+00:00,0.7889000000000002,0.7906900000000002,0.7887900000000002,0.7902400000000002
2026-03-25 16:00:00+00:00,0.7902400000000002,0.7909000000000002,0.7894800000000002,0.7901500000000001
2026-03-25 17:00:00+00:00,0.7901500000000001,0.7902600000000002,0.7890600000000002,0.7895100000000002
2026-03-25 18:00:00+00:00,0.7895100000000002,0.7905100000000002,0.7893100000000002,0.7902200000000001
2026-03-25 19:00:00+00:00,0.7902200000000001,0.7905600000000002,0.7899800000000001,0.7900600000000002
2026-03-25 20:00:00+00:00,0.7900600000000002,0.7904900000000001,0.7893000000000002,0.7893000000000002
2026-03-25 21:00:00+00:00,0.7893000000000002,0.7897200000000003,0.7878900000000002,0.7891300000000002
2026-03-25 22:00:00+00:00,0.7891300000000002,0.7897100000000002,0.7891300000000002,0.7894700000000002
2026-03-25 23:00:00+00:00,0.7894700000000002,0.7895800000000002,0.7893400000000002,0.7895000000000002
2026-03-26 00:00:00+00:00,0.7895000000000002,0.7901500000000002,0.7892700000000002,0.7898100000000002
2026-03-26 01:00:00+00:00,0.7898100000000002,0.7899600000000002,0.7893100000000002,0.7898600000000002
2026-03-26 02:00:00+00:00,0.7898600000000002,0.7903000000000002,0.7896800000000002,0.7901700000000003
2026-03-26 03:00:00+00:00,0.7901700000000003,0.7902400000000002,0.7894100000000002,0.7896700000000002
2026-03-26 04:00:00+00:00,0.7896700000000002,0.7897400000000002,0.7893300000000002,0.7895400000000002
2026-03-26 05:00:00+00:00,0.7895400000000002,0.7902200000000003,0.7893500000000002,0.7902200000000003
2026-03-26 06:00:00+00:00,0.7902200000000003,0.7906300000000002,0.7897200000000002,0.7899100000000002
2026-03-26 07:00:00+00:00,0.7899100000000002,0.7908600000000002,0.7898900000000002,0.7902900000000002
2026-03-26 08:00:00+00:00,0.7902900000000002,0.7907300000000002,0.7894100000000002,0.7894800000000002
2026-03-26 09:00:00+00:00,0.7894800000000002,0.7905000000000002,0.7892600000000002,0.7899500000000002
2026-03-26 10:00:00+00:00,0.7899500000000002,0.7901900000000002,0.7893400000000002,0.7898600000000002
2026-03-26 11:00:00+00:00,0.7898600000000002,0.7916000000000002,0.7896800000000002,0.7915300000000002
2026-03-26 12:00:00+00:00,0.7915300000000002,0.7916100000000003,0.7907700000000002,0.7909800000000002
2026-03-26 13:00:00+00:00,0.7909800000000002,0.7915300000000002,0.7907400000000002,0.7911500000000002
2026-03-26 14:00:00+00:00,0.7911500000000002,0.7915800000000002,0.7903300000000002,0.7907700000000002
2026-03-26 15:00:00+00:00,0.7907700000000002,0.7922200000000003,0.7906900000000002,0.7914500000000002
2026-03-26 16:00:00+00:00,0.7914500000000002,0.7925200000000002,0.7913200000000002,0.7923200000000002
2026-03-26 17:00:00+00:00,0.7923200000000002,0.7929400000000002,0.7922000000000002,0.7929200000000002
2026-03-26 18:00:00+00:00,0.7929200000000002,0.7931900000000002,0.7926700000000002,0.7927800000000002
2026-03-26 19:00:00+00:00,0.7927800000000002,0.7936400000000002,0.7927200000000002,0.7936300000000002
2026-03-26 20:00:00+00:00,0.7936300000000002,0.7938400000000002,0.7910300000000002,0.7924700000000002
2026-03-26 21:00:00+00:00,0.7924700000000002,0.7935900000000002,0.7918300000000003,0.7920700000000003
2026-03-26 22:00:00+00:00,0.7920700000000003,0.7930800000000002,0.7920700000000003,0.7927800000000003
2026-03-26 23:00:00+00:00,0.7927800000000003,0.7931800000000002,0.7927500000000002,0.7931600000000002
2026-03-27 00:00:00+00:00,0.7931600000000002,0.7940000000000003,0.7928500000000003,0.7934500000000002
2026-03-27 01:00:00+00:00,0.7934500000000002,0.7935100000000003,0.7929800000000002,0.7930600000000002
2026-03-27 02:00:00+00:00,0.7930600000000002,0.7934600000000003,0.7928900000000002,0.7934300000000002
2026-03-27 03:00:00+00:00,0.7934300000000002,0.7940100000000002,0.7933400000000003,0.7938700000000002
2026-03-27 04:00:00+00:00,0.7938700000000002,0.7940600000000002,0.7935400000000002,0.7936700000000002
2026-03-27 05:00:00+00:00,0.7936700000000002,0.7942300000000002,0.7932400000000002,0.7938100000000002
2026-03-27 06:00:00+00:00,0.7938100000000002,0.7943100000000002,0.7935000000000002,0.7942800000000002
2026-03-27 07:00:00+00:00,0.7942800000000002,0.7953100000000002,0.7942800000000002,0.7951700000000003
2026-03-27 08:00:00+00:00,0.7951700000000003,0.7952200000000003,0.7943000000000002,0.7949300000000002
2026-03-27 09:00:00+00:00,0.7949300000000002,0.7959800000000002,0.7947000000000002,0.7957000000000002
2026-03-27 10:00:00+00:00,0.7957000000000002,0.7959900000000002,0.7952200000000003,0.7959100000000002
2026-03-27 11:00:00+00:00,0.7959100000000002,0.7961300000000002,0.7953300000000002,0.7958700000000002
2026-03-27 12:00:00+00:00,0.7958700000000002,0.7963800000000002,0.7952600000000002,0.7953900000000003
2026-03-27 13:00:00+00:00,0.7953900000000003,0.7955400000000002,0.7939300000000002,0.7944500000000002
2026-03-27 14:00:00+00:00,0.7944500000000002,0.7953100000000002,0.7936100000000003,0.7950200000000002
2026-03-27 15:00:00+00:00,0.7950200000000002,0.7963300000000002,0.7948000000000002,0.7953600000000002
2026-03-27 16:00:00+00:00,0.7953600000000002,0.7955700000000002,0.7947800000000003,0.7952200000000003
2026-03-27 17:00:00+00:00,0.7952200000000003,0.7963600000000002,0.7947400000000002,0.7961900000000002
2026-03-27 18:00:00+00:00,0.7961900000000002,0.7971000000000003,0.7960600000000002,0.7969600000000002
2026-03-27 19:00:00+00:00,0.7969600000000002,0.7975200000000002,0.7969100000000002,0.7969900000000002
2026-03-27 20:00:00+00:00,0.7969900000000002,0.7977100000000003,0.7964200000000002,0.7965700000000002
2026-03-29 21:00:00+00:00,0.7965700000000002,0.7965700000000002,0.7918500000000004,0.7925400000000004
2026-03-29 22:00:00+00:00,0.7925400000000004,0.7945500000000003,0.7925400000000004,0.7944100000000003
2026-03-29 23:00:00+00:00,0.7944100000000003,0.7946900000000003,0.7942200000000004,0.7944200000000003
2026-03-30 00:00:00+00:00,0.7944200000000003,0.7945700000000003,0.7930700000000003,0.7932300000000003
2026-03-30 01:00:00+00:00,0.7932300000000003,0.7935600000000003,0.7929100000000003,0.7934400000000004
2026-03-30 02:00:00+00:00,0.7934400000000004,0.7937300000000003,0.7930000000000004,0.7933000000000003
2026-03-30 03:00:00+00:00,0.7933000000000003,0.7934000000000003,0.7927900000000003,0.7932900000000003
2026-03-30 04:00:00+00:00,0.7932900000000003,0.7933200000000004,0.7928200000000003,0.7932200000000004
2026-03-30 05:00:00+00:00,0.7932200000000004,0.7935700000000003,0.7930200000000003,0.7931800000000003
2026-03-30 06:00:00+00:00,0.7931800000000003,0.7933400000000003,0.7925200000000003,0.7933000000000003
2026-03-30 07:00:00+00:00,0.7933000000000003,0.7946000000000003,0.7933000000000003,0.7944000000000003
2026-03-30 08:00:00+00:00,0.7944000000000003,0.7947800000000003,0.7941600000000003,0.7947200000000003
2026-03-30 09:00:00+00:00,0.7947200000000003,0.7950200000000003,0.7939800000000004,0.7942200000000004
2026-03-30 10:00:00+00:00,0.7942200000000004,0.7944200000000003,0.7937000000000003,0.7940500000000004
2026-03-30 11:00:00+00:00,0.7940500000000004,0.7944500000000003,0.7930100000000003,0.7944400000000004
2026-03-30 12:00:00+00:00,0.7944400000000004,0.7952000000000004,0.7941500000000004,0.7944400000000004
2026-03-30 13:00:00+00:00,0.7944400000000004,0.7949400000000003,0.7937200000000003,0.7948600000000003
2026-03-30 14:00:00+00:00,0.7948600000000003,0.7958800000000004,0.7943900000000003,0.7945100000000003
2026-03-30 15:00:00+00:00,0.7945100000000003,0.7952700000000004,0.7943800000000003,0.7946800000000003
2026-03-30 16:00:00+00:00,0.7946800000000003,0.7949500000000003,0.7944700000000003,0.7947100000000004
2026-03-30 17:00:00+00:00,0.7947100000000004,0.7952200000000004,0.7944300000000003,0.7950400000000003
2026-03-30 18:00:00+00:00,0.7950400000000003,0.7950800000000003,0.7940600000000003,0.7944400000000004
2026-03-30 19:00:00+00:00,0.7944400000000004,0.7948900000000003,0.7943700000000004,0.7944100000000003
2026-03-30 20:00:00+00:00,0.7944100000000003,0.7944500000000003,0.7929000000000003,0.7929000000000003
2026-03-30 21:00:00+00:00,0.7929000000000003,0.7941200000000005,0.7922400000000003,0.7938500000000005
2026-03-30 22:00:00+00:00,0.7938500000000005,0.7945700000000004,0.7936800000000005,0.7945500000000004
2026-03-30 23:00:00+00:00,0.7945500000000004,0.7949000000000005,0.7945500000000004,0.7946900000000005
2026-03-31 00:00:00+00:00,0.7946900000000005,0.7950400000000004,0.7935200000000004,0.7936400000000005
2026-03-31 01:00:00+00:00,0.7936400000000005,0.7939100000000004,0.7927000000000004,0.7931700000000005
2026-03-31 02:00:00+00:00,0.7931700000000005,0.7934200000000005,0.7930300000000005,0.7932000000000005
2026-03-31 03:00:00+00:00,0.7932000000000005,0.7936800000000005,0.7931300000000004,0.7935700000000004
2026-03-31 04:00:00+00:00,0.7935700000000004,0.7935800000000004,0.7932900000000005,0.7934900000000005
2026-03-31 05:00:00+00:00,0.7934900000000005,0.7940500000000005,0.7933100000000004,0.7939000000000005
2026-03-31 06:00:00+00:00,0.7939000000000005,0.7948100000000005,0.7938900000000004,0.7944000000000004
2026-03-31 07:00:00+00:00,0.7944000000000004,0.7950200000000005,0.7940100000000004,0.7947200000000004
2026-03-31 08:00:00+00:00,0.7947200000000004,0.7949700000000004,0.7942400000000005,0.7946900000000005
2026-03-31 09:00:00+00:00,0.7946900000000005,0.7954300000000004,0.7945600000000005,0.7952500000000005
2026-03-31 10:00:00+00:00,0.7952500000000005,0.7959200000000004,0.7951100000000004,0.7958400000000004
2026-03-31 11:00:00+00:00,0.7958400000000004,0.7959300000000005,0.7940000000000005,0.7943300000000004
2026-03-31 12:00:00+00:00,0.7943300000000004,0.7949900000000004,0.7940600000000004,0.7949900000000004
2026-03-31 13:00:00+00:00,0.7949900000000004,0.7954000000000004,0.7941200000000005,0.7945600000000005
2026-03-31 14:00:00+00:00,0.7945600000000005,0.7985900000000005,0.7939400000000004,0.7985200000000005
2026-03-31 15:00:00+00:00,0.7985200000000005,0.7990400000000004,0.7965300000000004,0.7974800000000004
2026-03-31 16:00:00+00:00,0.7974800000000004,0.7982600000000004,0.7951200000000005,0.7958800000000005
2026-03-31 17:00:00+00:00,0.7958800000000005,0.7959200000000004,0.7947500000000004,0.7955800000000004
2026-03-31 18:00:00+00:00,0.7955800000000004,0.7956700000000004,0.7946800000000005,0.7951700000000005
2026-03-31 19:00:00+00:00,0.7951700000000005,0.7956900000000005,0.7942200000000005,0.7943600000000004
2026-03-31 20:00:00+00:00,0.7943600000000004,0.7943700000000005,0.7937400000000004,0.7937400000000004
2026-03-31 21:00:00+00:00,0.7937400000000004,0.7969200000000002,0.7934800000000004,0.7949500000000004
2026-03-31 22:00:00+00:00,0.7949500000000004,0.7957600000000004,0.7948100000000005,0.7955300000000004
2026-03-31 23:00:00+00:00,0.7955300000000004,0.7956500000000004,0.7940100000000004,0.7941000000000004
2026-04-01 00:00:00+00:00,0.7941000000000004,0.7944100000000004,0.7931700000000004,0.7932100000000004
2026-04-01 01:00:00+00:00,0.7932100000000004,0.7948500000000004,0.7931400000000004,0.7945500000000004
2026-04-01 02:00:00+00:00,0.7945500000000004,0.7946600000000004,0.7938100000000005,0.7939400000000004
2026-04-01 03:00:00+00:00,0.7939400000000004,0.7947000000000004,0.7938500000000004,0.7946000000000004
2026-04-01 04:00:00+00:00,0.7946000000000004,0.7946100000000004,0.7939500000000004,0.7940500000000004
2026-04-01 05:00:00+00:00,0.7940500000000004,0.7940900000000004,0.7929700000000004,0.7931700000000004
2026-04-01 06:00:00+00:00,0.7931700000000004,0.7934300000000004,0.7908000000000004,0.7909000000000004
2026-04-01 07:00:00+00:00,0.7909000000000004,0.7915500000000004,0.7891600000000004,0.7908100000000005
2026-04-01 08:00:00+00:00,0.7908100000000005,0.7909700000000004,0.7893500000000004,0.7900000000000004
2026-04-01 09:00:00+00:00,0.7900000000000004,0.7905700000000004,0.7892800000000004,0.7894600000000004
2026-04-01 10:00:00+00:00,0.7894600000000004,0.7896800000000004,0.7884900000000004,0.7887000000000004
2026-04-01 11:00:00+00:00,0.7887000000000004,0.7889600000000004,0.7880300000000005,0.7881700000000004
2026-04-01 12:00:00+00:00,0.7881700000000004,0.7888300000000004,0.7868700000000004,0.7883700000000005
2026-04-01 13:00:00+00:00,0.7883700000000005,0.7896700000000004,0.7875200000000004,0.7891800000000004
2026-04-01 14:00:00+00:00,0.7891800000000004,0.7907300000000004,0.7886800000000004,0.7891500000000004
2026-04-01 15:00:00+00:00,0.7891500000000004,0.7904600000000004,0.7887900000000004,0.7896700000000004
2026-04-01 16:00:00+00:00,0.7896700000000004,0.7902400000000004,0.7886300000000004,0.7886300000000004
2026-04-01 17:00:00+00:00,0.7886300000000004,0.7898600000000005,0.7881800000000004,0.7898500000000004
2026-04-01 18:00:00+00:00,0.7898500000000004,0.7911300000000004,0.7897600000000004,0.7910900000000004
2026-04-01 19:00:00+00:00,0.7910900000000004,0.7914200000000005,0.7908600000000005,0.7911400000000004
2026-04-01 20:00:00+00:00,0.7911400000000004,0.7912100000000004,0.7900300000000005,0.7900800000000004
2026-04-01 21:00:00+00:00,0.7900800000000004,0.7936500000000003,0.7900500000000004,0.7927400000000003
2026-04-01 22:00:00+00:00,0.7927400000000003,0.7938200000000004,0.7927400000000003,0.7934700000000003
2026-04-01 23:00:00+00:00,0.7934700000000003,0.7935400000000004,0.7931800000000003,0.7935200000000003
2026-04-02 00:00:00+00:00,0.7935200000000003,0.7937000000000004,0.7924400000000004,0.7926300000000004
2026-04-02 01:00:00+00:00,0.7926300000000004,0.7963500000000003,0.7922500000000003,0.7960700000000004
2026-04-02 02:00:00+00:00,0.7960700000000004,0.7969500000000004,0.7957600000000004,0.7968500000000004
2026-04-02 03:00:00+00:00,0.7968500000000004,0.7977500000000004,0.7967400000000003,0.7976300000000004
2026-04-02 04:00:00+00:00,0.7976300000000004,0.7983200000000004,0.7973700000000004,0.7980000000000004
2026-04-02 05:00:00+00:00,0.7980000000000004,0.7990200000000004,0.7977800000000004,0.7989900000000004
2026-04-02 06:00:00+00:00,0.7989900000000004,0.7997800000000004,0.7980100000000003,0.7981000000000004
2026-04-02 07:00:00+00:00,0.7981000000000004,0.7995900000000004,0.7979200000000004,0.7984400000000004
2026-04-02 08:00:00+00:00,0.7984400000000004,0.7992600000000004,0.7983700000000004,0.7990700000000004
2026-04-02 09:00:00+00:00,0.7990700000000004,0.7994300000000004,0.7985000000000004,0.7992100000000004
2026-04-02 10:00:00+00:00,0.7992100000000004,0.8003500000000003,0.7991400000000004,0.8001900000000004
2026-04-02 11:00:00+00:00,0.8001900000000004,0.8003200000000004,0.7992800000000003,0.7993400000000004
2026-04-02 12:00:00+00:00,0.7993400000000004,0.7993500000000003,0.7983100000000004,0.7986000000000004
2026-04-02 13:00:00+00:00,0.7986000000000004,0.7999500000000004,0.7981800000000003,0.7991500000000004
2026-04-02 14:00:00+00:00,0.7991500000000004,0.7996600000000004,0.7974700000000003,0.7983700000000004
2026-04-02 15:00:00+00:00,0.7983700000000004,0.7984100000000004,0.7972300000000003,0.7979300000000004
2026-04-02 16:00:00+00:00,0.7979300000000004,0.7982200000000004,0.7975700000000003,0.7981900000000004
2026-04-02 17:00:00+00:00,0.7981900000000004,0.7983300000000004,0.7974700000000003,0.7982300000000003
2026-04-02 18:00:00+00:00,0.7982300000000003,0.7987100000000005,0.7980900000000004,0.7985300000000004
2026-04-02 19:00:00+00:00,0.7985300000000004,0.7985800000000004,0.7979400000000004,0.7985300000000004
2026-04-02 20:00:00+00:00,0.7985300000000004,0.7986400000000005,0.7980500000000005,0.7982600000000004
2026-04-02 21:00:00+00:00,0.7982600000000004,0.8012100000000003,0.7981700000000004,0.7993700000000002
2026-04-02 22:00:00+00:00,0.7993700000000002,0.8007100000000003,0.7993700000000002,0.8005000000000003
2026-04-02 23:00:00+00:00,0.8005000000000003,0.8005300000000003,0.8003000000000002,0.8004500000000002
2026-04-03 00:00:00+00:00,0.8004500000000002,0.8005800000000003,0.8001800000000002,0.8004900000000003
2026-04-03 01:00:00+00:00,0.8004900000000003,0.8008500000000003,0.8003700000000002,0.8007000000000002
2026-04-03 02:00:00+00:00,0.8007000000000002,0.8007500000000003,0.8003300000000002,0.8004800000000002
2026-04-03 03:00:00+00:00,0.8004800000000002,0.8006000000000003,0.8003900000000003,0.8004300000000003
2026-04-03 04:00:00+00:00,0.8004300000000003,0.8005400000000003,0.8003800000000003,0.8005300000000003
2026-04-03 05:00:00+00:00,0.8005300000000003,0.8006700000000003,0.8001900000000003,0.8002500000000003
2026-04-03 06:00:00+00:00,0.8002500000000003,0.8004600000000003,0.8000500000000003,0.8001200000000003
2026-04-03 07:00:00+00:00,0.8001200000000003,0.8001200000000003,0.7994500000000003,0.7995800000000003
2026-04-03 08:00:00+00:00,0.7995800000000003,0.7999100000000003,0.7995000000000003,0.7997500000000003
2026-04-03 09:00:00+00:00,0.7997500000000003,0.7999700000000003,0.7996500000000003,0.7998500000000003
2026-04-03 10:00:00+00:00,0.7998500000000003,0.8001600000000003,0.7996400000000004,0.7999500000000003
2026-04-03 11:00:00+00:00,0.7999500000000003,0.8002100000000003,0.7997800000000003,0.8000600000000003
2026-04-03 12:00:00+00:00,0.8000600000000003,0.8048700000000003,0.7995500000000003,0.8010500000000003
2026-04-03 13:00:00+00:00,0.8010500000000003,0.8011800000000003,0.8003500000000003,0.8004200000000004
2026-04-03 14:00:00+00:00,0.8004200000000004,0.8015500000000003,0.8003400000000003,0.8014800000000003
2026-04-03 15:00:00+00:00,0.8014800000000003,0.8022700000000003,0.8004000000000003,0.8018500000000003
2026-04-03 16:00:00+00:00,0.8018500000000003,0.8025900000000002,0.8018500000000003,0.8025400000000003
2026-04-03 17:00:00+00:00,0.8025400000000003,0.8026500000000003,0.8022400000000003,0.8023200000000003
2026-04-03 18:00:00+00:00,0.8023200000000003,0.8026900000000002,0.8022300000000003,0.8026100000000003
2026-04-03 19:00:00+00:00,0.8026100000000003,0.8029400000000003,0.8023300000000003,0.8027000000000003
2026-04-03 20:00:00+00:00,0.8027000000000003,0.8027000000000003,0.7995700000000003,0.8007200000000003
2026-04-05 21:00:00+00:00,0.8000400000000001,0.8000400000000001,0.79736,0.79765
2026-04-05 22:00:00+00:00,0.79765,0.79958,0.79735,0.7988099999999999
2026-04-05 23:00:00+00:00,0.7988099999999999,0.7996399999999999,0.7984699999999999,0.7996199999999999
2026-04-06 00:00:00+00:00,0.7996199999999999,0.7996699999999999,0.79907,0.7996199999999999
2026-04-06 01:00:00+00:00,0.7996199999999999,0.8002299999999999,0.7994799999999999,0.8001899999999998
2026-04-06 02:00:00+00:00,0.8001899999999998,0.8002099999999999,0.7990299999999999,0.7992699999999999
2026-04-06 03:00:00+00:00,0.7992699999999999,0.79929,0.7988999999999999,0.7991699999999999
2026-04-06 04:00:00+00:00,0.7991699999999999,0.7992499999999999,0.7987899999999999,0.7989299999999999
2026-04-06 05:00:00+00:00,0.7989299999999999,0.7989899999999999,0.7984899999999999,0.7987499999999998
2026-04-06 06:00:00+00:00,0.7987499999999998,0.7990799999999999,0.7977499999999998,0.7980599999999999
2026-04-06 07:00:00+00:00,0.7980599999999999,0.7989399999999999,0.7951099999999999,0.7953299999999999
2026-04-06 08:00:00+00:00,0.7953299999999999,0.7959399999999999,0.7951099999999999,0.7957799999999999
2026-04-06 09:00:00+00:00,0.7957799999999999,0.7964799999999999,0.7955199999999999,0.79624
2026-04-06 10:00:00+00:00,0.79624,0.7969599999999999,0.7959899999999999,0.7960799999999999
2026-04-06 11:00:00+00:00,0.7960799999999999,0.7970599999999999,0.7960499999999999,0.7963999999999999
2026-04-06 12:00:00+00:00,0.7963999999999999,0.7968699999999999,0.7954799999999999,0.7955399999999999
2026-04-06 13:00:00+00:00,0.7955399999999999,0.7959499999999999,0.7951699999999999,0.7952899999999999
2026-04-06 14:00:00+00:00,0.7952899999999999,0.7963499999999999,0.7945099999999999,0.7962699999999999
2026-04-06 15:00:00+00:00,0.7962699999999999,0.7969399999999999,0.7962699999999999,0.7963099999999999
2026-04-06 16:00:00+00:00,0.7963099999999999,0.7965299999999998,0.7960799999999999,0.79641
2026-04-06 17:00:00+00:00,0.79641,0.7971899999999998,0.7961899999999998,0.7968399999999999
2026-04-06 18:00:00+00:00,0.7968399999999999,0.7969499999999999,0.7958899999999999,0.79641
2026-04-06 19:00:00+00:00,0.79641,0.7966899999999999,0.7962999999999999,0.7965499999999999
2026-04-06 20:00:00+00:00,0.7965499999999999,0.7966499999999999,0.7956099999999999,0.7956099999999999
2026-04-06 21:00:00+00:00,0.7956099999999999,0.7957799999999999,0.7939099999999999,0.79449
2026-04-06 22:00:00+00:00,0.79449,0.79538,0.79449,0.79531
2026-04-06 23:00:00+00:00,0.79531,0.79561,0.79525,0.79548
2026-04-07 00:00:00+00:00,0.79548,0.79631,0.79546,0.79628
2026-04-07 01:00:00+00:00,0.79628,0.79739,0.79597,0.79719
2026-04-07 02:00:00+00:00,0.79719,0.79742,0.7968999999999999,0.79694
2026-04-07 03:00:00+00:00,0.79694,0.79707,0.79662,0.7967
2026-04-07 04:00:00+00:00,0.7967,0.79679,0.79593,0.79598
2026-04-07 05:00:00+00:00,0.79598,0.7966,0.79567,0.796
2026-04-07 06:00:00+00:00,0.796,0.79652,0.79575,0.79627
2026-04-07 07:00:00+00:00,0.79627,0.7972899999999999,0.79619,0.79718
2026-04-07 08:00:00+00:00,0.79718,0.79719,0.79521,0.79538
2026-04-07 09:00:00+00:00,0.79538,0.7958999999999999,0.79518,0.79588
2026-04-07 10:00:00+00:00,0.79588,0.79738,0.79578,0.79688
2026-04-07 11:00:00+00:00,0.79688,0.79737,0.79672,0.7967299999999999
2026-04-07 12:00:00+00:00,0.7967299999999999,0.79727,0.79628,0.797
2026-04-07 13:00:00+00:00,0.797,0.79804,0.79671,0.7975
2026-04-07 14:00:00+00:00,0.7975,0.79843,0.79611,0.79739
2026-04-07 15:00:00+00:00,0.79739,0.7983,0.79677,0.79707
2026-04-07 16:00:00+00:00,0.79707,0.79715,0.79633,0.79667
2026-04-07 17:00:00+00:00,0.79667,0.79698,0.796,0.79635
2026-04-07 18:00:00+00:00,0.79635,0.79688,0.79601,0.79661
2026-04-07 19:00:00+00:00,0.79661,0.79689,0.79477,0.79523
2026-04-07 20:00:00+00:00,0.79523,0.79532,0.79434,0.79434
2026-04-07 21:00:00+00:00,0.79434,0.79582,0.79401,0.7951199999999997
2026-04-07 22:00:00+00:00,0.7951199999999997,0.7966299999999997,0.7912199999999997,0.7914599999999997
2026-04-07 23:00:00+00:00,0.7914599999999997,0.7919099999999998,0.7888099999999998,0.7888699999999997
2026-04-08 00:00:00+00:00,0.7888699999999997,0.7901799999999998,0.7881699999999997,0.7897699999999997
2026-04-08 01:00:00+00:00,0.7897699999999997,0.7897899999999998,0.7882799999999998,0.7887999999999997
2026-04-08 02:00:00+00:00,0.7887999999999997,0.7891799999999998,0.7882799999999998,0.7888799999999998
2026-04-08 03:00:00+00:00,0.7888799999999998,0.7891899999999997,0.7885299999999997,0.7888299999999998
2026-04-08 04:00:00+00:00,0.7888299999999998,0.7888299999999998,0.7877199999999998,0.7879999999999997
2026-04-08 05:00:00+00:00,0.7879999999999997,0.7882799999999998,0.7863999999999998,0.7872699999999998
2026-04-08 06:00:00+00:00,0.7872699999999998,0.7875499999999998,0.7857499999999997,0.7865299999999997
2026-04-08 07:00:00+00:00,0.7865299999999997,0.7881399999999997,0.7857899999999998,0.7860699999999997
2026-04-08 08:00:00+00:00,0.7860699999999997,0.7876499999999997,0.7856699999999998,0.7872999999999998
2026-04-08 09:00:00+00:00,0.7872999999999998,0.7875399999999998,0.7866899999999998,0.7874499999999998
2026-04-08 10:00:00+00:00,0.7874499999999998,0.7878499999999997,0.7867399999999998,0.7869599999999998
2026-04-08 11:00:00+00:00,0.7869599999999998,0.7873999999999998,0.7859999999999998,0.7869199999999997
2026-04-08 12:00:00+00:00,0.7869199999999997,0.7875599999999997,0.7855999999999997,0.7859499999999997
2026-04-08 13:00:00+00:00,0.7859499999999997,0.7883299999999998,0.7853899999999998,0.7877199999999998
2026-04-08 14:00:00+00:00,0.7877199999999998,0.7882199999999998,0.7867899999999998,0.7869899999999997
2026-04-08 15:00:00+00:00,0.7869899999999997,0.7883499999999998,0.7868199999999997,0.7882999999999998
2026-04-08 16:00:00+00:00,0.7882999999999998,0.7889499999999997,0.7882799999999998,0.7884899999999998
2026-04-08 17:00:00+00:00,0.7884899999999998,0.7895099999999997,0.7882799999999998,0.7891599999999998
2026-04-08 18:00:00+00:00,0.7891599999999998,0.7909199999999997,0.7886299999999997,0.7907899999999998
2026-04-08 19:00:00+00:00,0.7907899999999998,0.7910999999999998,0.7895099999999997,0.7896199999999998
2026-04-08 20:00:00+00:00,0.7896199999999998,0.7900199999999997,0.7892999999999998,0.7892999999999998
2026-04-08 21:00:00+00:00,0.7892999999999998,0.7908799999999997,0.7892399999999998,0.7900399999999997
2026-04-08 22:00:00+00:00,0.7900399999999997,0.7910199999999997,0.7900399999999997,0.7908199999999997
2026-04-08 23:00:00+00:00,0.7908199999999997,0.7911199999999997,0.7906699999999998,0.7910299999999997
2026-04-09 00:00:00+00:00,0.7910299999999997,0.7915699999999998,0.7907699999999998,0.7914299999999997
2026-04-09 01:00:00+00:00,0.7914299999999997,0.7917699999999998,0.7909899999999997,0.7910599999999998
2026-04-09 02:00:00+00:00,0.7910599999999998,0.7912599999999997,0.7906099999999997,0.7907199999999998
2026-04-09 03:00:00+00:00,0.7907199999999998,0.7909599999999997,0.7904899999999997,0.7908899999999996
2026-04-09 04:00:00+00:00,0.7908899999999996,0.7909199999999996,0.7901799999999997,0.7907399999999997
2026-04-09 05:00:00+00:00,0.7907399999999997,0.7914599999999997,0.7905899999999997,0.7913099999999996
2026-04-09 06:00:00+00:00,0.7913099999999996,0.7918199999999996,0.7909399999999996,0.7909499999999997
2026-04-09 07:00:00+00:00,0.7909499999999997,0.7911099999999996,0.7902999999999997,0.7905999999999996
2026-04-09 08:00:00+00:00,0.7905999999999996,0.7912299999999997,0.7902199999999997,0.7906599999999997
2026-04-09 09:00:00+00:00,0.7906599999999997,0.7910199999999997,0.7905299999999996,0.7906799999999997
2026-04-09 10:00:00+00:00,0.7906799999999997,0.7913299999999996,0.7905599999999997,0.7912699999999997
2026-04-09 11:00:00+00:00,0.7912699999999997,0.7913099999999996,0.7898899999999996,0.7900499999999997
2026-04-09 12:00:00+00:00,0.7900499999999997,0.7906699999999997,0.7897799999999997,0.7901099999999996
2026-04-09 13:00:00+00:00,0.7901099999999996,0.7902199999999997,0.7884799999999996,0.7890299999999997
2026-04-09 14:00:00+00:00,0.7890299999999997,0.7903899999999997,0.7885899999999997,0.7900799999999997
2026-04-09 15:00:00+00:00,0.7900799999999997,0.7908299999999997,0.7884199999999997,0.7885199999999997
2026-04-09 16:00:00+00:00,0.7885199999999997,0.7886499999999996,0.7876399999999997,0.7880999999999997
2026-04-09 17:00:00+00:00,0.7880999999999997,0.7885399999999997,0.7875299999999996,0.7884699999999997
2026-04-09 18:00:00+00:00,0.7884699999999997,0.7902299999999997,0.7883899999999997,0.7901099999999996
2026-04-09 19:00:00+00:00,0.7901099999999996,0.7902199999999997,0.7894999999999996,0.7900899999999996
2026-04-09 20:00:00+00:00,0.7900899999999996,0.7902999999999997,0.7894899999999997,0.7894899999999997
2026-04-09 21:00:00+00:00,0.7894899999999997,0.7896499999999996,0.7870499999999996,0.7873999999999994
2026-04-09 22:00:00+00:00,0.7873999999999994,0.7893999999999994,0.7873999999999994,0.7891599999999994
2026-04-09 23:00:00+00:00,0.7891599999999994,0.7895799999999995,0.7890899999999994,0.7894699999999994
2026-04-10 00:00:00+00:00,0.7894699999999994,0.7899399999999994,0.7894699999999994,0.7897599999999995
2026-04-10 01:00:00+00:00,0.7897599999999995,0.7898899999999994,0.7888799999999995,0.7890699999999995
2026-04-10 02:00:00+00:00,0.7890699999999995,0.7896999999999994,0.7889899999999994,0.7892699999999995
2026-04-10 03:00:00+00:00,0.7892699999999995,0.7892899999999995,0.7887599999999995,0.7888799999999995
2026-04-10 04:00:00+00:00,0.7888799999999995,0.7889499999999995,0.7886699999999994,0.7889199999999995
2026-04-10 05:00:00+00:00,0.7889199999999995,0.7891899999999995,0.7888399999999994,0.7889099999999994
2026-04-10 06:00:00+00:00,0.7889099999999994,0.7892399999999995,0.7883399999999995,0.7888399999999994
2026-04-10 07:00:00+00:00,0.7888399999999994,0.7891599999999994,0.7881299999999994,0.7890999999999995
2026-04-10 08:00:00+00:00,0.7890999999999995,0.7892299999999994,0.7880199999999995,0.7887799999999995
2026-04-10 09:00:00+00:00,0.7887799999999995,0.7891599999999994,0.7873399999999995,0.7883999999999994
2026-04-10 10:00:00+00:00,0.7883999999999994,0.7889099999999994,0.7877199999999994,0.7878299999999995
2026-04-10 11:00:00+00:00,0.7878299999999995,0.7879899999999994,0.7872799999999994,0.7873799999999994
2026-04-10 12:00:00+00:00,0.7873799999999994,0.7876199999999994,0.7856099999999995,0.7868199999999994
2026-04-10 13:00:00+00:00,0.7868199999999994,0.7869499999999995,0.7846399999999994,0.7854699999999994
2026-04-10 14:00:00+00:00,0.7854699999999994,0.7885399999999995,0.7840199999999995,0.7875099999999995
2026-04-10 15:00:00+00:00,0.7875099999999995,0.7878599999999994,0.7862999999999994,0.7878499999999995
2026-04-10 16:00:00+00:00,0.7878499999999995,0.7886299999999995,0.7875099999999995,0.7880199999999995
2026-04-10 17:00:00+00:00,0.7880199999999995,0.7884599999999995,0.7877999999999995,0.7881199999999995
2026-04-10 18:00:00+00:00,0.7881199999999995,0.7882899999999995,0.7870499999999995,0.7872699999999995
2026-04-10 19:00:00+00:00,0.7872699999999995,0.7877099999999995,0.7872099999999994,0.7876799999999995
2026-04-10 20:00:00+00:00,0.7876799999999995,0.7878999999999995,0.7867199999999994,0.7868899999999994
2026-04-12 21:00:00+00:00,0.7868899999999994,0.7882999999999994,0.7856399999999994,0.7876399999999993
2026-04-12 22:00:00+00:00,0.7876399999999993,0.7901299999999993,0.7871899999999994,0.7897099999999994
2026-04-12 23:00:00+00:00,0.7897099999999994,0.7903199999999994,0.7894699999999993,0.7895399999999994
2026-04-13 00:00:00+00:00,0.7895399999999994,0.7898799999999994,0.7893399999999994,0.7893899999999994
2026-04-13 01:00:00+00:00,0.7893899999999994,0.7896299999999994,0.7889999999999994,0.7891599999999993
2026-04-13 02:00:00+00:00,0.7891599999999993,0.7891699999999994,0.7887299999999994,0.7888699999999994
2026-04-13 03:00:00+00:00,0.7888699999999994,0.7890199999999994,0.7886999999999994,0.7887099999999994
2026-04-13 04:00:00+00:00,0.7887099999999994,0.7889999999999994,0.7885999999999993,0.7889899999999993
2026-04-13 05:00:00+00:00,0.7889899999999993,0.7891999999999993,0.7887599999999994,0.7889399999999993
2026-04-13 06:00:00+00:00,0.7889399999999993,0.7891699999999994,0.7879499999999994,0.7879499999999994
2026-04-13 07:00:00+00:00,0.7879499999999994,0.7879499999999994,0.7866699999999993,0.7869499999999994
2026-04-13 08:00:00+00:00,0.7869499999999994,0.7874399999999994,0.7866899999999993,0.7872899999999994
2026-04-13 09:00:00+00:00,0.7872899999999994,0.7874399999999994,0.7868899999999993,0.7873699999999993
2026-04-13 10:00:00+00:00,0.7873699999999993,0.7874099999999994,0.7867299999999994,0.7868499999999994
2026-04-13 11:00:00+00:00,0.7868499999999994,0.7879799999999993,0.7861499999999993,0.7879199999999994
2026-04-13 12:00:00+00:00,0.7879199999999994,0.7881099999999993,0.7864499999999993,0.7865199999999993
2026-04-13 13:00:00+00:00,0.7865199999999993,0.7868499999999994,0.7853599999999994,0.7858399999999993
2026-04-13 14:00:00+00:00,0.7858399999999993,0.7861999999999993,0.7839199999999994,0.7843899999999994
2026-04-13 15:00:00+00:00,0.7843899999999994,0.7849199999999994,0.7841599999999993,0.7845299999999994
2026-04-13 16:00:00+00:00,0.7845299999999994,0.7846099999999994,0.7825799999999994,0.7827699999999993
2026-04-13 17:00:00+00:00,0.7827699999999993,0.7828199999999994,0.7815999999999994,0.7822899999999994
2026-04-13 18:00:00+00:00,0.7822899999999994,0.7822899999999994,0.7800299999999993,0.7800599999999993
2026-04-13 19:00:00+00:00,0.7800599999999993,0.7808099999999993,0.7798999999999994,0.7806899999999993
2026-04-13 20:00:00+00:00,0.7806899999999993,0.7809299999999993,0.7795399999999993,0.7795399999999993
2026-04-13 21:00:00+00:00,0.7795399999999993,0.7795399999999993,0.7783099999999993,0.7791299999999993
2026-04-13 22:00:00+00:00,0.7791299999999993,0.7800999999999993,0.7791299999999993,0.7798399999999993
2026-04-13 23:00:00+00:00,0.7798399999999993,0.7798599999999993,0.7794099999999994,0.7794999999999993
2026-04-14 00:00:00+00:00,0.7794999999999993,0.7799499999999994,0.7792999999999993,0.7793199999999993
2026-04-14 01:00:00+00:00,0.7793199999999993,0.7798699999999993,0.7792299999999993,0.7797899999999993
2026-04-14 02:00:00+00:00,0.7797899999999993,0.7801199999999994,0.7796499999999993,0.7798999999999994
2026-04-14 03:00:00+00:00,0.7798999999999994,0.7800499999999994,0.7792399999999994,0.7793399999999994
2026-04-14 04:00:00+00:00,0.7793399999999994,0.7795399999999993,0.7791899999999994,0.7794299999999993
2026-04-14 05:00:00+00:00,0.7794299999999993,0.7799399999999993,0.7791699999999994,0.7795699999999993
2026-04-14 06:00:00+00:00,0.7795699999999993,0.7799599999999993,0.7785299999999993,0.7785599999999994
2026-04-14 07:00:00+00:00,0.7785599999999994,0.7785599999999994,0.7763899999999994,0.7774799999999993
2026-04-14 08:00:00+00:00,0.7774799999999993,0.7780499999999994,0.7767599999999993,0.7768699999999993
2026-04-14 09:00:00+00:00,0.7768699999999993,0.7772299999999993,0.7762799999999993,0.7768799999999993
2026-04-14 10:00:00+00:00,0.7768799999999993,0.7771299999999993,0.7763599999999994,0.7770899999999993
2026-04-14 11:00:00+00:00,0.7770899999999993,0.7771799999999993,0.7761499999999993,0.7765999999999993
2026-04-14 12:00:00+00:00,0.7765999999999993,0.7772799999999993,0.7757499999999994,0.7762099999999993
2026-04-14 13:00:00+00:00,0.7762099999999993,0.7773799999999993,0.7759399999999993,0.7767999999999994
2026-04-14 14:00:00+00:00,0.7767999999999994,0.7768099999999993,0.7752999999999993,0.7759399999999993
2026-04-14 15:00:00+00:00,0.7759399999999993,0.7774699999999993,0.7759399999999993,0.7772899999999994
2026-04-14 16:00:00+00:00,0.7772899999999994,0.7775199999999993,0.7769099999999993,0.7774099999999994
2026-04-14 17:00:00+00:00,0.7774099999999994,0.7775399999999993,0.7768699999999993,0.7770999999999993
2026-04-14 18:00:00+00:00,0.7770999999999993,0.7776599999999994,0.7769399999999993,0.7774099999999994
2026-04-14 19:00:00+00:00,0.7774099999999994,0.7776699999999993,0.7773799999999993,0.7776199999999993
2026-04-14 20:00:00+00:00,0.7776199999999993,0.7776799999999994,0.7770499999999994,0.7771199999999994
2026-04-14 21:00:00+00:00,0.7771199999999994,0.7771199999999994,0.7753799999999992,0.7757699999999991
2026-04-14 22:00:00+00:00,0.7757699999999991,0.7764599999999992,0.7757699999999991,0.7763399999999991
2026-04-14 23:00:00+00:00,0.7763399999999991,0.7765099999999991,0.7759399999999991,0.7763299999999991
2026-04-15 00:00:00+00:00,0.7763299999999991,0.7769899999999991,0.7762799999999991,0.7763999999999991
2026-04-15 01:00:00+00:00,0.7763999999999991,0.7768799999999991,0.7760999999999991,0.7766899999999991
2026-04-15 02:00:00+00:00,0.7766899999999991,0.777359999999999,0.7764999999999991,0.7770799999999991
2026-04-15 03:00:00+00:00,0.7770799999999991,0.7773099999999991,0.776629999999999,0.776749999999999
2026-04-15 04:00:00+00:00,0.776749999999999,0.7768299999999991,0.776629999999999,0.7766399999999991
2026-04-15 05:00:00+00:00,0.7766399999999991,0.7767099999999991,0.7761699999999991,0.7763999999999991
2026-04-15 06:00:00+00:00,0.7763999999999991,0.7768399999999991,0.7760699999999991,0.7766499999999991
2026-04-15 07:00:00+00:00,0.7766499999999991,0.7767199999999991,0.776019999999999,0.7764599999999992
2026-04-15 08:00:00+00:00,0.7764599999999992,0.7764999999999991,0.7752399999999992,0.7762199999999991
2026-04-15 09:00:00+00:00,0.7762199999999991,0.7774499999999991,0.7760899999999991,0.7770499999999991
2026-04-15 10:00:00+00:00,0.7770499999999991,0.7780399999999991,0.776799999999999,0.7779199999999991
2026-04-15 11:00:00+00:00,0.7779199999999991,0.7785199999999991,0.7775999999999991,0.7779199999999991
2026-04-15 12:00:00+00:00,0.7779199999999991,0.7783299999999991,0.7775499999999991,0.7777899999999991
2026-04-15 13:00:00+00:00,0.7777899999999991,0.7777899999999991,0.7766399999999991,0.7773299999999991
2026-04-15 14:00:00+00:00,0.7773299999999991,0.7774899999999991,0.7760399999999991,0.7769399999999991
2026-04-15 15:00:00+00:00,0.7769399999999991,0.7770899999999991,0.7762799999999991,0.7769399999999991
2026-04-15 16:00:00+00:00,0.7769399999999991,0.7771199999999991,0.7766499999999991,0.7770799999999991
2026-04-15 17:00:00+00:00,0.7770799999999991,0.7777699999999991,0.7767899999999991,0.777529999999999
2026-04-15 18:00:00+00:00,0.777529999999999,0.7776499999999991,0.7768199999999991,0.7770299999999991
2026-04-15 19:00:00+00:00,0.7770299999999991,0.7772099999999991,0.7767399999999991,0.7770799999999991
2026-04-15 20:00:00+00:00,0.7770799999999991,0.7774899999999991,0.776579999999999,0.776609999999999
2026-04-15 21:00:00+00:00,0.776609999999999,0.7803099999999991,0.776479999999999,0.779789999999999
2026-04-15 22:00:00+00:00,0.779789999999999,0.7799199999999991,0.779619999999999,0.779749999999999
2026-04-15 23:00:00+00:00,0.779749999999999,0.7797799999999991,0.7794799999999991,0.7795599999999991
2026-04-16 00:00:00+00:00,0.7795599999999991,0.7797699999999991,0.7792499999999991,0.7792499999999991
2026-04-16 01:00:00+00:00,0.7792499999999991,0.779849999999999,0.7791099999999991,0.7795499999999991
2026-04-16 02:00:00+00:00,0.7795499999999991,0.7795899999999991,0.7785899999999991,0.7786399999999991
2026-04-16 03:00:00+00:00,0.7786399999999991,0.7787299999999991,0.7780999999999991,0.7786899999999991
2026-04-16 04:00:00+00:00,0.7786899999999991,0.7790099999999991,0.7786499999999991,0.7790099999999991
2026-04-16 05:00:00+00:00,0.7790099999999991,0.7795399999999991,0.7788799999999991,0.7794199999999991
2026-04-16 06:00:00+00:00,0.7794199999999991,0.7797799999999991,0.7789199999999991,0.7789999999999991
2026-04-16 07:00:00+00:00,0.7789999999999991,0.7804199999999991,0.7788199999999991,0.7802599999999991
2026-04-16 08:00:00+00:00,0.7802599999999991,0.7812699999999991,0.7800899999999991,0.7805999999999991
2026-04-16 09:00:00+00:00,0.7805999999999991,0.7822099999999991,0.7805399999999991,0.7819499999999991
2026-04-16 10:00:00+00:00,0.7819499999999991,0.7825599999999991,0.7818799999999991,0.7820899999999991
2026-04-16 11:00:00+00:00,0.7820899999999991,0.7820899999999991,0.7812899999999992,0.7814799999999991
2026-04-16 12:00:00+00:00,0.7814799999999991,0.7820599999999991,0.781359999999999,0.7816999999999991
2026-04-16 13:00:00+00:00,0.7816999999999991,0.7819499999999991,0.7811099999999991,0.7813499999999991
2026-04-16 14:00:00+00:00,0.7813499999999991,0.7821599999999991,0.7807899999999991,0.7820499999999991
2026-04-16 15:00:00+00:00,0.7820499999999991,0.7823999999999991,0.7815899999999991,0.7815899999999991
2026-04-16 16:00:00+00:00,0.7815899999999991,0.7824999999999991,0.7812099999999991,0.7822499999999991
2026-04-16 17:00:00+00:00,0.7822499999999991,0.7827699999999991,0.7820399999999991,0.7826099999999991
2026-04-16 18:00:00+00:00,0.7826099999999991,0.7826199999999991,0.7816599999999991,0.7817499999999991
2026-04-16 19:00:00+00:00,0.7817499999999991,0.7817499999999991,0.7811299999999991,0.7815699999999991
2026-04-16 20:00:00+00:00,0.7815699999999991,0.781799999999999,0.7814799999999991,0.7817299999999991
2026-04-16 21:00:00+00:00,0.7817299999999991,0.7817299999999991,0.7793599999999989,0.7793999999999989
2026-04-16 22:00:00+00:00,0.7793999999999989,0.7803499999999989,0.7793999999999989,0.7802999999999989
2026-04-16 23:00:00+00:00,0.7802999999999989,0.7804699999999989,0.779939999999999,0.7802199999999989
2026-04-17 00:00:00+00:00,0.7802199999999989,0.7804599999999989,0.7798999999999989,0.7801999999999989
2026-04-17 01:00:00+00:00,0.7801999999999989,0.7805599999999989,0.780159999999999,0.780279999999999
2026-04-17 02:00:00+00:00,0.780279999999999,0.7808299999999989,0.780279999999999,0.7806199999999989
2026-04-17 03:00:00+00:00,0.7806199999999989,0.780819999999999,0.780159999999999,0.780309999999999
2026-04-17 04:00:00+00:00,0.780309999999999,0.7803699999999989,0.780139999999999,0.780279999999999
2026-04-17 05:00:00+00:00,0.780279999999999,0.7804599999999989,0.7800999999999989,0.780429999999999
2026-04-17 06:00:00+00:00,0.780429999999999,0.7809999999999989,0.7801199999999989,0.7809599999999989
2026-04-17 07:00:00+00:00,0.7809599999999989,0.7809599999999989,0.7800499999999989,0.7800999999999989
2026-04-17 08:00:00+00:00,0.7800999999999989,0.7804099999999989,0.7791799999999989,0.7791999999999989
2026-04-17 09:00:00+00:00,0.7791999999999989,0.7796199999999989,0.7789699999999989,0.7793699999999989
2026-04-17 10:00:00+00:00,0.7793699999999989,0.7796199999999989,0.7790299999999989,0.7795099999999989
2026-04-17 11:00:00+00:00,0.7795099999999989,0.7797099999999989,0.779309999999999,0.779549999999999
2026-04-17 12:00:00+00:00,0.779549999999999,0.7796299999999989,0.7761699999999989,0.7761899999999989
2026-04-17 13:00:00+00:00,0.7761899999999989,0.776819999999999,0.774719999999999,0.775599999999999
2026-04-17 14:00:00+00:00,0.775599999999999,0.7758799999999989,0.7744899999999989,0.7757499999999989
2026-04-17 15:00:00+00:00,0.7757499999999989,0.7766899999999989,0.7755699999999989,0.7765299999999989
2026-04-17 16:00:00+00:00,0.7765299999999989,0.7768499999999989,0.775839999999999,0.7764399999999989
2026-04-17 17:00:00+00:00,0.7764399999999989,0.777479999999999,0.776429999999999,0.776549999999999
2026-04-17 18:00:00+00:00,0.776549999999999,0.7780699999999989,0.776379999999999,0.7776099999999989
2026-04-17 19:00:00+00:00,0.7776099999999989,0.7784399999999989,0.7772699999999989,0.778329999999999
2026-04-17 20:00:00+00:00,0.778329999999999,0.7788799999999989,0.7780699999999989,0.7784099999999989
2026-04-19 21:00:00+00:00,0.7784099999999989,0.779819999999999,0.777059999999999,0.779669999999999
2026-04-19 22:00:00+00:00,0.779669999999999,0.781199999999999,0.779429999999999,0.780779999999999
2026-04-19 23:00:00+00:00,0.780779999999999,0.781169999999999,0.780309999999999,0.781029999999999
2026-04-20 00:00:00+00:00,0.781029999999999,0.781169999999999,0.779789999999999,0.779919999999999
2026-04-20 01:00:00+00:00,0.779919999999999,0.780389999999999,0.779469999999999,0.779789999999999
2026-04-20 02:00:00+00:00,0.779789999999999,0.779979999999999,0.779419999999999,0.779859999999999
2026-04-20 03:00:00+00:00,0.779859999999999,0.779999999999999,0.779349999999999,0.779569999999999
2026-04-20 04:00:00+00:00,0.779569999999999,0.779959999999999,0.779409999999999,0.779769999999999
2026-04-20 05:00:00+00:00,0.779769999999999,0.780629999999999,0.779719999999999,0.780369999999999
2026-04-20 06:00:00+00:00,0.780369999999999,0.780799999999999,0.779309999999999,0.779349999999999
2026-04-20 07:00:00+00:00,0.779349999999999,0.779909999999999,0.778599999999999,0.779559999999999
2026-04-20 08:00:00+00:00,0.779559999999999,0.779629999999999,0.778989999999999,0.779289999999999
2026-04-20 09:00:00+00:00,0.779289999999999,0.779289999999999,0.778469999999999,0.778629999999999
2026-04-20 10:00:00+00:00,0.778629999999999,0.778789999999999,0.778289999999999,0.778419999999999
2026-04-20 11:00:00+00:00,0.778419999999999,0.778639999999999,0.778019999999999,0.778449999999999
2026-04-20 12:00:00+00:00,0.778449999999999,0.779209999999999,0.777909999999999,0.778229999999999
2026-04-20 13:00:00+00:00,0.778229999999999,0.778469999999999,0.776649999999999,0.777119999999999
2026-04-20 14:00:00+00:00,0.777119999999999,0.778429999999999,0.775649999999999,0.775749999999999
2026-04-20 15:00:00+00:00,0.775749999999999,0.776409999999999,0.774849999999999,0.775509999999999
2026-04-20 16:00:00+00:00,0.775509999999999,0.775839999999999,0.775239999999999,0.775509999999999
2026-04-20 17:00:00+00:00,0.775509999999999,0.776009999999999,0.775219999999999,0.775769999999999
2026-04-20 18:00:00+00:00,0.775769999999999,0.776139999999999,0.775249999999999,0.776039999999999
2026-04-20 19:00:00+00:00,0.776039999999999,0.776059999999999,0.775489999999999,0.775699999999999
2026-04-20 20:00:00+00:00,0.775699999999999,0.775869999999999,0.775329999999999,0.775329999999999
2026-04-20 21:00:00+00:00,0.775329999999999,0.775609999999999,0.773409999999999,0.7748899999999991
2026-04-20 22:00:00+00:00,0.7748899999999991,0.7753199999999991,0.7748899999999991,0.774999999999999
2026-04-20 23:00:00+00:00,0.774999999999999,0.775619999999999,0.774999999999999,0.775559999999999
2026-04-21 00:00:00+00:00,0.775559999999999,0.775889999999999,0.775399999999999,0.775599999999999
2026-04-21 01:00:00+00:00,0.775599999999999,0.775829999999999,0.775409999999999,0.775779999999999
2026-04-21 02:00:00+00:00,0.775779999999999,0.776169999999999,0.775709999999999,0.775879999999999
2026-04-21 03:00:00+00:00,0.775879999999999,0.776469999999999,0.775819999999999,0.776329999999999
2026-04-21 04:00:00+00:00,0.776329999999999,0.776429999999999,0.776239999999999,0.776329999999999
2026-04-21 05:00:00+00:00,0.776329999999999,0.776339999999999,0.7754799999999991,0.775779999999999
2026-04-21 06:00:00+00:00,0.775779999999999,0.776179999999999,0.775619999999999,0.775899999999999
2026-04-21 07:00:00+00:00,0.775899999999999,0.776659999999999,0.775809999999999,0.776579999999999
2026-04-21 08:00:00+00:00,0.776579999999999,0.7776999999999991,0.776419999999999,0.777339999999999
2026-04-21 09:00:00+00:00,0.777339999999999,0.777609999999999,0.776419999999999,0.776759999999999
2026-04-21 10:00:00+00:00,0.776759999999999,0.777149999999999,0.776749999999999,0.776949999999999
2026-04-21 11:00:00+00:00,0.776949999999999,0.777319999999999,0.776239999999999,0.776269999999999
2026-04-21 12:00:00+00:00,0.776269999999999,0.777349999999999,0.776159999999999,0.777159999999999
2026-04-21 13:00:00+00:00,0.777159999999999,0.777169999999999,0.775959999999999,0.776159999999999
2026-04-21 14:00:00+00:00,0.776159999999999,0.777039999999999,0.775279999999999,0.776669999999999
2026-04-21 15:00:00+00:00,0.776669999999999,0.777729999999999,0.776289999999999,0.777119999999999
2026-04-21 16:00:00+00:00,0.777119999999999,0.777999999999999,0.776769999999999,0.777849999999999
2026-04-21 17:00:00+00:00,0.777849999999999,0.779619999999999,0.776579999999999,0.7778699999999991
2026-04-21 18:00:00+00:00,0.7778699999999991,0.778789999999999,0.777489999999999,0.777749999999999
2026-04-21 19:00:00+00:00,0.777749999999999,0.779409999999999,0.776999999999999,0.779099999999999
2026-04-21 20:00:00+00:00,0.779099999999999,0.779359999999999,0.777209999999999,0.777389999999999
2026-04-21 21:00:00+00:00,0.777389999999999,0.7782799999999991,0.7745599999999991,0.7756399999999993
2026-04-21 22:00:00+00:00,0.7756399999999993,0.7761299999999993,0.7756399999999993,0.7760999999999993
2026-04-21 23:00:00+00:00,0.7760999999999993,0.7761899999999994,0.7756199999999993,0.7756699999999993
2026-04-22 00:00:00+00:00,0.7756699999999993,0.7757299999999994,0.7749899999999994,0.7756799999999994
2026-04-22 01:00:00+00:00,0.7756799999999994,0.7760699999999994,0.7754099999999994,0.7756399999999993
2026-04-22 02:00:00+00:00,0.7756399999999993,0.7759199999999994,0.7753599999999994,0.7758399999999993
2026-04-22 03:00:00+00:00,0.7758399999999993,0.7759499999999994,0.7755899999999993,0.7758799999999993
2026-04-22 04:00:00+00:00,0.7758799999999993,0.7759199999999994,0.7755799999999994,0.7758499999999994
2026-04-22 05:00:00+00:00,0.7758499999999994,0.7758499999999994,0.7742699999999993,0.7748099999999993
2026-04-22 06:00:00+00:00,0.7748099999999993,0.7753099999999994,0.7745499999999994,0.7751199999999994
2026-04-22 07:00:00+00:00,0.7751199999999994,0.7752099999999994,0.7746599999999993,0.7749199999999994
2026-04-22 08:00:00+00:00,0.7749199999999994,0.7753599999999994,0.7744999999999993,0.7751099999999993
2026-04-22 09:00:00+00:00,0.7751099999999993,0.7764099999999994,0.7748499999999994,0.7762299999999993
2026-04-22 10:00:00+00:00,0.7762299999999993,0.7764699999999993,0.7757799999999994,0.7759799999999993
2026-04-22 11:00:00+00:00,0.7759799999999993,0.7771099999999993,0.7759799999999993,0.7769399999999993
2026-04-22 12:00:00+00:00,0.7769399999999993,0.7782999999999993,0.7765699999999993,0.7781399999999994
2026-04-22 13:00:00+00:00,0.7781399999999994,0.7781499999999993,0.7767799999999994,0.7773099999999994
2026-04-22 14:00:00+00:00,0.7773099999999994,0.7783199999999993,0.7769399999999993,0.7781399999999994
2026-04-22 15:00:00+00:00,0.7781399999999994,0.7786399999999993,0.7776999999999994,0.7785799999999994
2026-04-22 16:00:00+00:00,0.7785799999999994,0.7790299999999993,0.7783999999999993,0.7789799999999993
2026-04-22 17:00:00+00:00,0.7789799999999993,0.7793299999999993,0.7784999999999993,0.7792899999999994
2026-04-22 18:00:00+00:00,0.7792899999999994,0.7796699999999993,0.7790599999999993,0.7794199999999993
2026-04-22 19:00:00+00:00,0.7794199999999993,0.7800399999999993,0.7793699999999993,0.7798999999999993
2026-04-22 20:00:00+00:00,0.7798999999999993,0.7801099999999993,0.7797399999999993,0.7798599999999993
2026-04-22 21:00:00+00:00,0.7798599999999993,0.7798599999999993,0.7782199999999992,0.7790299999999992
2026-04-22 22:00:00+00:00,0.7790299999999992,0.7798899999999993,0.7790199999999993,0.7797599999999992
2026-04-22 23:00:00+00:00,0.7797599999999992,0.7800299999999992,0.7797199999999993,0.7799399999999993
2026-04-23 00:00:00+00:00,0.7799399999999993,0.7809799999999992,0.7792399999999993,0.7793899999999993
2026-04-23 01:00:00+00:00,0.7793899999999993,0.7797499999999993,0.7792299999999993,0.7796799999999993
2026-04-23 02:00:00+00:00,0.7796799999999993,0.7807399999999992,0.7796099999999992,0.7806599999999992
2026-04-23 03:00:00+00:00,0.7806599999999992,0.7808999999999993,0.7803399999999993,0.7808199999999993
2026-04-23 04:00:00+00:00,0.7808199999999993,0.7808899999999993,0.7805299999999993,0.7806199999999993
2026-04-23 05:00:00+00:00,0.7806199999999993,0.7806599999999992,0.7801199999999993,0.7801299999999992
2026-04-23 06:00:00+00:00,0.7801299999999992,0.7803699999999992,0.7794299999999993,0.7796599999999992
2026-04-23 07:00:00+00:00,0.7796599999999992,0.7802499999999992,0.7791899999999993,0.7797699999999993
2026-04-23 08:00:00+00:00,0.7797699999999993,0.7799299999999992,0.7791499999999992,0.7792299999999993
2026-04-23 09:00:00+00:00,0.7792299999999993,0.7803299999999993,0.7791899999999993,0.7802499999999992
2026-04-23 10:00:00+00:00,0.7802499999999992,0.7809999999999993,0.7800899999999993,0.7806499999999993
2026-04-23 11:00:00+00:00,0.7806499999999993,0.7808299999999992,0.7792999999999992,0.7795699999999992
2026-04-23 12:00:00+00:00,0.7795699999999992,0.7808199999999993,0.7793399999999993,0.7805499999999993
2026-04-23 13:00:00+00:00,0.7805499999999993,0.7814599999999993,0.7802499999999992,0.7806399999999992
2026-04-23 14:00:00+00:00,0.7806399999999992,0.7808299999999992,0.7782899999999993,0.7786399999999992
2026-04-23 15:00:00+00:00,0.7786399999999992,0.7794899999999992,0.7784099999999993,0.7793899999999993
2026-04-23 16:00:00+00:00,0.7793899999999993,0.7799699999999993,0.7793699999999992,0.7797199999999993
2026-04-23 17:00:00+00:00,0.7797199999999993,0.7824399999999992,0.7796999999999993,0.7808199999999993
2026-04-23 18:00:00+00:00,0.7808199999999993,0.7811499999999992,0.7799699999999993,0.7811399999999993
2026-04-23 19:00:00+00:00,0.7811399999999993,0.7817099999999992,0.7810499999999992,0.7813899999999993
2026-04-23 20:00:00+00:00,0.7813899999999993,0.7816699999999993,0.7813699999999992,0.7814299999999993
2026-04-23 21:00:00+00:00,0.7814299999999993,0.7814299999999993,0.7786199999999992,0.7792999999999992
2026-04-23 22:00:00+00:00,0.7792999999999992,0.7800599999999992,0.7792899999999992,0.7800299999999992
2026-04-23 23:00:00+00:00,0.7800299999999992,0.7802799999999993,0.7798999999999993,0.7799799999999992
2026-04-24 00:00:00+00:00,0.7799799999999992,0.7802699999999992,0.7795399999999992,0.7799999999999992
2026-04-24 01:00:00+00:00,0.7799999999999992,0.7802099999999993,0.7797799999999993,0.7798099999999992
2026-04-24 02:00:00+00:00,0.7798099999999992,0.7805799999999993,0.7797599999999992,0.7805199999999992
2026-04-24 03:00:00+00:00,0.7805199999999992,0.7810399999999993,0.7804299999999993,0.7806899999999992
2026-04-24 04:00:00+00:00,0.7806899999999992,0.7809899999999993,0.7804299999999993,0.7807499999999993
2026-04-24 05:00:00+00:00,0.7807499999999993,0.7808799999999992,0.7803999999999992,0.7805399999999992
2026-04-24 06:00:00+00:00,0.7805399999999992,0.7811899999999993,0.7803999999999992,0.7811099999999993
2026-04-24 07:00:00+00:00,0.7811099999999993,0.7813699999999992,0.7801799999999992,0.7803199999999992
2026-04-24 08:00:00+00:00,0.7803199999999992,0.7807199999999993,0.7794899999999992,0.7798299999999992
2026-04-24 09:00:00+00:00,0.7798299999999992,0.7807399999999992,0.7796999999999993,0.7806599999999992
2026-04-24 10:00:00+00:00,0.7806599999999992,0.7808499999999993,0.7795499999999993,0.7796199999999993
2026-04-24 11:00:00+00:00,0.7796199999999993,0.7800999999999992,0.7789199999999993,0.7790399999999993
2026-04-24 12:00:00+00:00,0.7790399999999993,0.7804399999999992,0.7786699999999993,0.7798399999999993
2026-04-24 13:00:00+00:00,0.7798399999999993,0.7811599999999993,0.7796099999999992,0.7804299999999993
2026-04-24 14:00:00+00:00,0.7804299999999993,0.7807099999999992,0.7789999999999992,0.7799299999999992
2026-04-24 15:00:00+00:00,0.7799299999999992,0.7799699999999993,0.7782799999999993,0.7785099999999993
2026-04-24 16:00:00+00:00,0.7785099999999993,0.7789499999999993,0.7783399999999993,0.7785999999999993
2026-04-24 17:00:00+00:00,0.7785999999999993,0.7791299999999992,0.7783099999999993,0.7791299999999992
2026-04-24 18:00:00+00:00,0.7791299999999992,0.7792899999999993,0.7787699999999993,0.7790099999999993
2026-04-24 19:00:00+00:00,0.7790099999999993,0.7790299999999992,0.7786499999999993,0.7786899999999992
2026-04-24 20:00:00+00:00,0.7786899999999992,0.7788099999999992,0.7777899999999992,0.7778499999999993
2026-04-26 21:00:00+00:00,0.7778499999999993,0.7779099999999992,0.7750599999999992,0.7755399999999991
2026-04-26 22:00:00+00:00,0.7755399999999991,0.7777999999999992,0.7755399999999991,0.7776199999999991
2026-04-26 23:00:00+00:00,0.7776199999999991,0.7779599999999991,0.7775299999999992,0.7778799999999991
2026-04-27 00:00:00+00:00,0.7778799999999991,0.7778799999999991,0.7770199999999992,0.7771199999999991
2026-04-27 01:00:00+00:00,0.7771199999999991,0.7771199999999991,0.7761699999999991,0.7764199999999991
2026-04-27 02:00:00+00:00,0.7764199999999991,0.7766399999999991,0.7761199999999991,0.7762499999999991
2026-04-27 03:00:00+00:00,0.7762499999999991,0.7762499999999991,0.7758099999999991,0.7760599999999991
2026-04-27 04:00:00+00:00,0.7760599999999991,0.7762499999999991,0.7757999999999992,0.7761599999999991
2026-04-27 05:00:00+00:00,0.7761599999999991,0.7766499999999992,0.7761099999999991,0.7766199999999992
2026-04-27 06:00:00+00:00,0.7766199999999992,0.7770999999999991,0.7763699999999992,0.7764199999999992
2026-04-27 07:00:00+00:00,0.7764199999999992,0.7766299999999992,0.7758999999999991,0.7761899999999992
2026-04-27 08:00:00+00:00,0.7761899999999992,0.7762599999999992,0.7748099999999992,0.7749899999999992
2026-04-27 09:00:00+00:00,0.7749899999999992,0.7756799999999991,0.7748699999999992,0.7756399999999992
2026-04-27 10:00:00+00:00,0.7756399999999992,0.7758499999999992,0.7753999999999992,0.7756099999999991
2026-04-27 11:00:00+00:00,0.7756099999999991,0.7763999999999992,0.7754099999999992,0.7761999999999992
2026-04-27 12:00:00+00:00,0.7761999999999992,0.7761999999999992,0.7749899999999992,0.7759099999999992
2026-04-27 13:00:00+00:00,0.7759099999999992,0.7762199999999991,0.7750899999999992,0.7759499999999991
2026-04-27 14:00:00+00:00,0.7759499999999991,0.7761199999999991,0.7744899999999992,0.7756599999999991
2026-04-27 15:00:00+00:00,0.7756599999999991,0.7762799999999992,0.7755699999999992,0.7759199999999992
2026-04-27 16:00:00+00:00,0.7759199999999992,0.7767999999999992,0.7758699999999992,0.7767799999999991
2026-04-27 17:00:00+00:00,0.7767799999999991,0.7774199999999992,0.7765499999999992,0.7769599999999992
2026-04-27 18:00:00+00:00,0.7769599999999992,0.7771099999999992,0.7767299999999991,0.7769799999999992
2026-04-27 19:00:00+00:00,0.7769799999999992,0.7770899999999992,0.7766299999999992,0.7770599999999992
2026-04-27 20:00:00+00:00,0.7770599999999992,0.7772199999999991,0.7768699999999992,0.7768699999999992
2026-04-27 21:00:00+00:00,0.7768699999999992,0.7768699999999992,0.773849999999999,0.7742699999999991
2026-04-27 22:00:00+00:00,0.7742699999999991,0.775629999999999,0.7742699999999991,0.7754999999999991
2026-04-27 23:00:00+00:00,0.7754999999999991,0.7756199999999991,0.7754299999999991,0.7754699999999991
2026-04-28 00:00:00+00:00,0.7754699999999991,0.776019999999999,0.7750399999999991,0.7759899999999991
2026-04-28 01:00:00+00:00,0.7759899999999991,0.7767899999999991,0.7759899999999991,0.7767099999999991
2026-04-28 02:00:00+00:00,0.7767099999999991,0.7770099999999991,0.776609999999999,0.7769099999999991
2026-04-28 03:00:00+00:00,0.7769099999999991,0.777019999999999,0.7763499999999991,0.776729999999999
2026-04-28 04:00:00+00:00,0.776729999999999,0.7770399999999991,0.7765699999999991,0.7770099999999991
2026-04-28 05:00:00+00:00,0.7770099999999991,0.777629999999999,0.7769799999999991,0.7775899999999991
2026-04-28 06:00:00+00:00,0.7775899999999991,0.7798199999999991,0.7775399999999991,0.779729999999999
2026-04-28 07:00:00+00:00,0.779729999999999,0.779829999999999,0.778559999999999,0.7798099999999991
2026-04-28 08:00:00+00:00,0.7798099999999991,0.779849999999999,0.778339999999999,0.7790399999999991
2026-04-28 09:00:00+00:00,0.7790399999999991,0.780339999999999,0.778799999999999,0.7799899999999991
2026-04-28 10:00:00+00:00,0.7799899999999991,0.7802499999999991,0.7795299999999991,0.7795499999999991
2026-04-28 11:00:00+00:00,0.7795499999999991,0.7810599999999991,0.7793499999999991,0.7809199999999991
2026-04-28 12:00:00+00:00,0.7809199999999991,0.7812599999999991,0.7796399999999991,0.779749999999999
2026-04-28 13:00:00+00:00,0.779749999999999,0.7808099999999991,0.7797099999999991,0.7802499999999991
2026-04-28 14:00:00+00:00,0.7802499999999991,0.781019999999999,0.779729999999999,0.7798899999999991
2026-04-28 15:00:00+00:00,0.7798899999999991,0.7800899999999991,0.7788199999999991,0.7789599999999991
2026-04-28 16:00:00+00:00,0.7789599999999991,0.779799999999999,0.7788399999999991,0.7793499999999991
2026-04-28 17:00:00+00:00,0.7793499999999991,0.7798399999999991,0.779119999999999,0.779239999999999
2026-04-28 18:00:00+00:00,0.779239999999999,0.7797899999999991,0.7791499999999991,0.779729999999999
2026-04-28 19:00:00+00:00,0.779729999999999,0.780019999999999,0.779339999999999,0.779679999999999
2026-04-28 20:00:00+00:00,0.779679999999999,0.7796999999999991,0.7792299999999991,0.7793699999999991
2026-04-28 21:00:00+00:00,0.7793699999999991,0.7793699999999991,0.7752999999999991,0.7759799999999991
2026-04-28 22:00:00+00:00,0.7759799999999991,0.7766599999999991,0.7759799999999991,0.7766499999999991
2026-04-28 23:00:00+00:00,0.7766499999999991,0.7767099999999991,0.7764999999999991,0.7765099999999991
2026-04-29 00:00:00+00:00,0.7765099999999991,0.7766999999999991,0.7761299999999991,0.7764899999999991
2026-04-29 01:00:00+00:00,0.7764899999999991,0.7772299999999991,0.7761599999999991,0.7764399999999991
2026-04-29 02:00:00+00:00,0.7764399999999991,0.7764699999999991,0.775799999999999,0.7764599999999992
2026-04-29 03:00:00+00:00,0.7764599999999992,0.7765899999999991,0.7760399999999991,0.7764699999999991
2026-04-29 04:00:00+00:00,0.7764699999999991,0.7766099999999991,0.7763099999999991,0.776529999999999
2026-04-29 05:00:00+00:00,0.776529999999999,0.7772599999999991,0.7765099999999991,0.777019999999999
2026-04-29 06:00:00+00:00,0.777019999999999,0.7771099999999991,0.7763299999999991,0.7765199999999991
2026-04-29 07:00:00+00:00,0.7765199999999991,0.7769999999999991,0.7762199999999991,0.7766399999999991
2026-04-29 08:00:00+00:00,0.7766399999999991,0.7771599999999991,0.7764199999999991,0.777139999999999
2026-04-29 09:00:00+00:00,0.777139999999999,0.7777899999999991,0.776799999999999,0.7777199999999991
2026-04-29 10:00:00+00:00,0.7777199999999991,0.7778399999999991,0.7766999999999991,0.7766999999999991
2026-04-29 11:00:00+00:00,0.7766999999999991,0.7769999999999991,0.7762999999999991,0.7768199999999991
2026-04-29 12:00:00+00:00,0.7768199999999991,0.7777099999999991,0.7762399999999992,0.777629999999999
2026-04-29 13:00:00+00:00,0.777629999999999,0.7790999999999991,0.7773299999999991,0.7786599999999991
2026-04-29 14:00:00+00:00,0.7786599999999991,0.7787799999999991,0.7770399999999991,0.777189999999999
2026-04-29 15:00:00+00:00,0.777189999999999,0.7782099999999991,0.7769099999999991,0.7777199999999991
2026-04-29 16:00:00+00:00,0.7777199999999991,0.778189999999999,0.7772899999999991,0.7781299999999991
2026-04-29 17:00:00+00:00,0.7781299999999991,0.7784399999999991,0.7773699999999991,0.7774199999999991
2026-04-29 18:00:00+00:00,0.7774199999999991,0.7799499999999991,0.7773899999999991,0.7789899999999991
2026-04-29 19:00:00+00:00,0.7789899999999991,0.7792899999999992,0.7781199999999991,0.7785499999999991
2026-04-29 20:00:00+00:00,0.7785499999999991,0.7791999999999991,0.7774199999999991,0.7774199999999991
2026-04-29 21:00:00+00:00,0.7774199999999991,0.7789399999999993,0.7767199999999991,0.7780299999999994
2026-04-29 22:00:00+00:00,0.7780299999999994,0.7798299999999995,0.7780299999999994,0.7792999999999994
2026-04-29 23:00:00+00:00,0.7792999999999994,0.7795599999999995,0.7785299999999995,0.7786799999999995
2026-04-30 00:00:00+00:00,0.7786799999999995,0.7789499999999995,0.7782699999999995,0.7789299999999995
2026-04-30 01:00:00+00:00,0.7789299999999995,0.7791699999999995,0.7786399999999994,0.7789699999999995
2026-04-30 02:00:00+00:00,0.7789699999999995,0.7800399999999995,0.7789199999999995,0.7795799999999995
2026-04-30 03:00:00+00:00,0.7795799999999995,0.7797299999999995,0.7792099999999994,0.7794899999999995
2026-04-30 04:00:00+00:00,0.7794899999999995,0.7803899999999995,0.7794099999999995,0.7800599999999994
2026-04-30 05:00:00+00:00,0.7800599999999994,0.7801299999999994,0.7795699999999994,0.7800799999999994
2026-04-30 06:00:00+00:00,0.7800799999999994,0.7801299999999994,0.7790699999999995,0.7793299999999994
2026-04-30 07:00:00+00:00,0.7793299999999994,0.7793699999999995,0.7781499999999995,0.7785499999999994
2026-04-30 08:00:00+00:00,0.7785499999999994,0.7785599999999995,0.7767499999999995,0.7776399999999994
2026-04-30 09:00:00+00:00,0.7776399999999994,0.7777099999999995,0.7752199999999995,0.7754699999999994
2026-04-30 10:00:00+00:00,0.7754699999999994,0.7757799999999995,0.7734199999999994,0.7734599999999995
2026-04-30 11:00:00+00:00,0.7734599999999995,0.7742999999999994,0.7725099999999995,0.7731099999999994
2026-04-30 12:00:00+00:00,0.7731099999999994,0.7736799999999995,0.7714399999999995,0.7720199999999995
2026-04-30 13:00:00+00:00,0.7720199999999995,0.7733699999999994,0.7713799999999995,0.7723199999999995
2026-04-30 14:00:00+00:00,0.7723199999999995,0.7728799999999995,0.7690599999999994,0.7702099999999995
2026-04-30 15:00:00+00:00,0.7702099999999995,0.7707699999999995,0.7687999999999995,0.7705299999999995
2026-04-30 16:00:00+00:00,0.7705299999999995,0.7709299999999994,0.7700399999999995,0.7705899999999994
2026-04-30 17:00:00+00:00,0.7705899999999994,0.7707199999999994,0.7696899999999994,0.7703799999999995
2026-04-30 18:00:00+00:00,0.7703799999999995,0.7705199999999994,0.7690599999999994,0.7693399999999995
2026-04-30 19:00:00+00:00,0.7693399999999995,0.7696699999999994,0.7686199999999994,0.7694899999999995
2026-04-30 20:00:00+00:00,0.7694899999999995,0.7696899999999994,0.7691299999999994,0.7693999999999994
2026-04-30 21:00:00+00:00,0.7693999999999994,0.7701799999999993,0.7670699999999995,0.7693499999999993
2026-04-30 22:00:00+00:00,0.7693499999999993,0.7706999999999994,0.7693499999999993,0.7703999999999993
2026-04-30 23:00:00+00:00,0.7703999999999993,0.7706699999999994,0.7702499999999993,0.7706399999999993
2026-05-01 00:00:00+00:00,0.7706399999999993,0.7707599999999993,0.7703299999999994,0.7705899999999993
2026-05-01 01:00:00+00:00,0.7705899999999993,0.7709299999999993,0.7703599999999994,0.7704999999999994
2026-05-01 02:00:00+00:00,0.7704999999999994,0.7707299999999994,0.7701999999999993,0.7704099999999994
2026-05-01 03:00:00+00:00,0.7704099999999994,0.7705899999999993,0.7701199999999994,0.7705399999999993
2026-05-01 04:00:00+00:00,0.7705399999999993,0.7712399999999994,0.7704699999999993,0.7711699999999994
2026-05-01 05:00:00+00:00,0.7711699999999994,0.7717699999999994,0.7711499999999993,0.7716299999999994
2026-05-01 06:00:00+00:00,0.7716299999999994,0.7720099999999993,0.7685599999999994,0.7698499999999994
2026-05-01 07:00:00+00:00,0.7698499999999994,0.7710399999999994,0.7698499999999994,0.7707699999999994
2026-05-01 08:00:00+00:00,0.7707699999999994,0.7710499999999993,0.7696899999999993,0.7698799999999993
2026-05-01 09:00:00+00:00,0.7698799999999993,0.7708799999999993,0.7697999999999994,0.7704699999999993
2026-05-01 10:00:00+00:00,0.7704699999999993,0.7706999999999994,0.7696099999999994,0.7697499999999994
2026-05-01 11:00:00+00:00,0.7697499999999994,0.7698799999999993,0.7688699999999994,0.7694599999999994
2026-05-01 12:00:00+00:00,0.7694599999999994,0.7697799999999994,0.7677999999999994,0.7691799999999993
2026-05-01 13:00:00+00:00,0.7691799999999993,0.7704299999999994,0.7687299999999994,0.7687299999999994
2026-05-01 14:00:00+00:00,0.7687299999999994,0.7688899999999994,0.7668499999999994,0.7677999999999994
2026-05-01 15:00:00+00:00,0.7677999999999994,0.7689999999999994,0.7677499999999994,0.7685499999999994
2026-05-01 16:00:00+00:00,0.7685499999999994,0.7695699999999993,0.7682199999999993,0.7695399999999993
2026-05-01 17:00:00+00:00,0.7695399999999993,0.7701099999999994,0.7693499999999993,0.7698099999999993
2026-05-01 18:00:00+00:00,0.7698099999999993,0.7704999999999994,0.7697099999999993,0.7701199999999994
2026-05-01 19:00:00+00:00,0.7701199999999994,0.7708099999999994,0.7700999999999995,0.7706299999999994
2026-05-01 20:00:00+00:00,0.7706299999999994,0.7709799999999994,0.7701199999999994,0.7701599999999994
2026-05-03 21:00:00+00:00,0.7701599999999994,0.7721599999999994,0.7669999999999996,0.7682099999999996
2026-05-03 22:00:00+00:00,0.7682099999999996,0.7683199999999997,0.7668399999999996,0.7678099999999997
2026-05-03 23:00:00+00:00,0.7678099999999997,0.7683399999999996,0.7677999999999996,0.7682799999999996
2026-05-04 00:00:00+00:00,0.7682799999999996,0.7687799999999996,0.7679299999999997,0.7679399999999996
2026-05-04 01:00:00+00:00,0.7679399999999996,0.7688499999999996,0.7679199999999996,0.7682599999999996
2026-05-04 02:00:00+00:00,0.7682599999999996,0.7684299999999996,0.7679799999999997,0.7679899999999996
2026-05-04 03:00:00+00:00,0.7679899999999996,0.7683499999999996,0.7669699999999996,0.7673099999999996
2026-05-04 04:00:00+00:00,0.7673099999999996,0.7680799999999997,0.7672499999999997,0.7679499999999996
2026-05-04 05:00:00+00:00,0.7679499999999996,0.7681699999999996,0.7675899999999997,0.7678199999999996
2026-05-04 06:00:00+00:00,0.7678199999999996,0.7686299999999996,0.7674799999999996,0.7682999999999996
2026-05-04 07:00:00+00:00,0.7682999999999996,0.7700799999999997,0.7682499999999997,0.7697999999999996
2026-05-04 08:00:00+00:00,0.7697999999999996,0.7703699999999997,0.7693499999999996,0.7695099999999996
2026-05-04 09:00:00+00:00,0.7695099999999996,0.7701799999999996,0.7690899999999996,0.7701099999999996
2026-05-04 10:00:00+00:00,0.7701099999999996,0.7717099999999997,0.7699399999999996,0.7707799999999996
2026-05-04 11:00:00+00:00,0.7707799999999996,0.7715299999999996,0.7704499999999996,0.7712999999999997
2026-05-04 12:00:00+00:00,0.7712999999999997,0.7713499999999996,0.7699199999999996,0.7702199999999996
2026-05-04 13:00:00+00:00,0.7702199999999996,0.7706099999999996,0.7693299999999996,0.7696299999999996
2026-05-04 14:00:00+00:00,0.7696299999999996,0.7702099999999996,0.7692499999999997,0.7695999999999996
2026-05-04 15:00:00+00:00,0.7695999999999996,0.7708499999999996,0.7689899999999996,0.7704999999999996
2026-05-04 16:00:00+00:00,0.7704999999999996,0.7717799999999996,0.7701999999999997,0.7717199999999996
2026-05-04 17:00:00+00:00,0.7717199999999996,0.7717799999999996,0.7703499999999996,0.7706299999999996
2026-05-04 18:00:00+00:00,0.7706299999999996,0.7709999999999996,0.7701599999999996,0.7701999999999997
2026-05-04 19:00:00+00:00,0.7701999999999997,0.7707499999999996,0.7700499999999996,0.7706599999999996
2026-05-04 20:00:00+00:00,0.7706599999999996,0.7713499999999996,0.7706599999999996,0.7708999999999996
2026-05-04 21:00:00+00:00,0.7708999999999996,0.7708999999999996,0.7690799999999995,0.7699799999999996
2026-05-04 22:00:00+00:00,0.7699799999999996,0.7706299999999996,0.7699099999999995,0.7705099999999996
2026-05-04 23:00:00+00:00,0.7705099999999996,0.7705499999999995,0.7703999999999995,0.7705099999999996
2026-05-05 00:00:00+00:00,0.7705099999999996,0.7710299999999995,0.7702799999999995,0.7708699999999995
2026-05-05 01:00:00+00:00,0.7708699999999995,0.7710299999999995,0.7703699999999996,0.7705799999999996
2026-05-05 02:00:00+00:00,0.7705799999999996,0.7706899999999995,0.7702799999999995,0.7706399999999995
2026-05-05 03:00:00+00:00,0.7706399999999995,0.7707199999999995,0.7704299999999995,0.7706399999999995
2026-05-05 04:00:00+00:00,0.7706399999999995,0.7711999999999996,0.7704199999999995,0.7711499999999996
2026-05-05 05:00:00+00:00,0.7711499999999996,0.7712499999999995,0.7704299999999995,0.7707599999999996
2026-05-05 06:00:00+00:00,0.7707599999999996,0.7709999999999996,0.7704899999999996,0.7706499999999995
2026-05-05 07:00:00+00:00,0.7706499999999995,0.7706999999999995,0.7695299999999996,0.7699799999999996
2026-05-05 08:00:00+00:00,0.7699799999999996,0.7700199999999996,0.7692899999999996,0.7699199999999995
2026-05-05 09:00:00+00:00,0.7699199999999995,0.7703999999999995,0.7696199999999995,0.7696499999999995
2026-05-05 10:00:00+00:00,0.7696499999999995,0.7698499999999996,0.7688699999999995,0.7696299999999996
2026-05-05 11:00:00+00:00,0.7696299999999996,0.7705799999999996,0.7695999999999995,0.7701399999999996
2026-05-05 12:00:00+00:00,0.7701399999999996,0.7706999999999995,0.7695699999999995,0.7701099999999995
2026-05-05 13:00:00+00:00,0.7701099999999995,0.7701399999999996,0.7690699999999996,0.7692699999999996
2026-05-05 14:00:00+00:00,0.7692699999999996,0.7701199999999996,0.7681499999999996,0.7681699999999996
2026-05-05 15:00:00+00:00,0.7681699999999996,0.7686999999999995,0.7677599999999996,0.7686599999999996
2026-05-05 16:00:00+00:00,0.7686599999999996,0.7693799999999995,0.7684499999999995,0.7693599999999996
2026-05-05 17:00:00+00:00,0.7693599999999996,0.7696299999999996,0.7688899999999995,0.7692099999999995
2026-05-05 18:00:00+00:00,0.7692099999999995,0.7693999999999995,0.7690199999999996,0.7691799999999995
2026-05-05 19:00:00+00:00,0.7691799999999995,0.7696399999999995,0.7690999999999996,0.7695599999999996
2026-05-05 20:00:00+00:00,0.7695599999999996,0.7696499999999995,0.7693299999999995,0.7694099999999996
2026-05-05 21:00:00+00:00,0.7694099999999996,0.7694099999999996,0.7675399999999996,0.7688699999999995
2026-05-05 22:00:00+00:00,0.7688699999999995,0.7692299999999995,0.7676799999999995,0.7680899999999995
2026-05-05 23:00:00+00:00,0.7680899999999995,0.7680999999999996,0.7667399999999995,0.7673599999999995
2026-05-06 00:00:00+00:00,0.7673599999999995,0.7678599999999995,0.7670999999999996,0.7672299999999995
2026-05-06 01:00:00+00:00,0.7672299999999995,0.7674699999999995,0.7669199999999995,0.7673199999999996
2026-05-06 02:00:00+00:00,0.7673199999999996,0.7678499999999995,0.7671299999999995,0.7676699999999995
2026-05-06 03:00:00+00:00,0.7676699999999995,0.7677099999999996,0.7672299999999995,0.7675299999999995
2026-05-06 04:00:00+00:00,0.7675299999999995,0.7676299999999995,0.7647599999999996,0.7654799999999995
2026-05-06 05:00:00+00:00,0.7654799999999995,0.7663299999999995,0.7653499999999995,0.7660299999999995
2026-05-06 06:00:00+00:00,0.7660299999999995,0.7667299999999995,0.7658499999999995,0.7663999999999995
2026-05-06 07:00:00+00:00,0.7663999999999995,0.7679099999999995,0.7655899999999995,0.7657099999999996
2026-05-06 08:00:00+00:00,0.7657099999999996,0.7667599999999996,0.7641099999999995,0.7647499999999995
2026-05-06 09:00:00+00:00,0.7647499999999995,0.7658799999999996,0.7646099999999996,0.7647899999999995
2026-05-06 10:00:00+00:00,0.7647899999999995,0.7653599999999995,0.7630199999999995,0.7634599999999995
2026-05-06 11:00:00+00:00,0.7634599999999995,0.7646599999999996,0.7633099999999995,0.7644399999999996
2026-05-06 12:00:00+00:00,0.7644399999999996,0.7655799999999995,0.7644299999999995,0.7652199999999996
2026-05-06 13:00:00+00:00,0.7652199999999996,0.7659499999999995,0.7649799999999995,0.7657699999999995
2026-05-06 14:00:00+00:00,0.7657699999999995,0.7663199999999996,0.7645599999999996,0.7649999999999996
2026-05-06 15:00:00+00:00,0.7649999999999996,0.7653899999999996,0.7647199999999995,0.7652899999999995
2026-05-06 16:00:00+00:00,0.7652899999999995,0.7658699999999995,0.7652399999999995,0.7656899999999995
2026-05-06 17:00:00+00:00,0.7656899999999995,0.7657699999999995,0.7647399999999995,0.7651199999999995
2026-05-06 18:00:00+00:00,0.7651199999999995,0.7651199999999995,0.7643499999999995,0.7645099999999995
2026-05-06 19:00:00+00:00,0.7645099999999995,0.7646799999999995,0.7641999999999995,0.7646099999999996
2026-05-06 20:00:00+00:00,0.7646099999999996,0.7649299999999996,0.7644599999999995,0.7646499999999995
2026-05-06 21:00:00+00:00,0.7646499999999995,0.7647599999999996,0.7632699999999996,0.7642599999999995
2026-05-06 22:00:00+00:00,0.7642599999999995,0.7645599999999996,0.7642599999999995,0.7644399999999996
2026-05-06 23:00:00+00:00,0.7644399999999996,0.7648199999999995,0.7643599999999995,0.7647499999999995
2026-05-07 00:00:00+00:00,0.7647499999999995,0.7651899999999995,0.7644199999999994,0.7649199999999995
2026-05-07 01:00:00+00:00,0.7649199999999995,0.7651299999999995,0.7637399999999995,0.7641099999999995
2026-05-07 02:00:00+00:00,0.7641099999999995,0.7646899999999994,0.7640199999999995,0.7645199999999995
2026-05-07 03:00:00+00:00,0.7645199999999995,0.7650699999999995,0.7645199999999995,0.7650599999999995
2026-05-07 04:00:00+00:00,0.7650599999999995,0.7651899999999995,0.7646399999999994,0.7648599999999994
2026-05-07 05:00:00+00:00,0.7648599999999994,0.7649899999999995,0.7646299999999995,0.7648899999999995
2026-05-07 06:00:00+00:00,0.7648899999999995,0.7651699999999995,0.7639399999999995,0.7643399999999995
2026-05-07 07:00:00+00:00,0.7643399999999995,0.7645799999999995,0.7633599999999995,0.7634999999999995
2026-05-07 08:00:00+00:00,0.7634999999999995,0.7638699999999995,0.7631299999999995,0.7634499999999995
2026-05-07 09:00:00+00:00,0.7634499999999995,0.7637799999999995,0.7631099999999995,0.7633499999999995
2026-05-07 10:00:00+00:00,0.7633499999999995,0.7638299999999995,0.7630299999999994,0.7637599999999994
2026-05-07 11:00:00+00:00,0.7637599999999994,0.7642099999999995,0.7634699999999994,0.7637999999999995
2026-05-07 12:00:00+00:00,0.7637999999999995,0.7640399999999995,0.7627799999999995,0.7631799999999995
2026-05-07 13:00:00+00:00,0.7631799999999995,0.7633799999999995,0.7625599999999995,0.7629799999999994
2026-05-07 14:00:00+00:00,0.7629799999999994,0.7635099999999995,0.7624599999999995,0.7625599999999995
2026-05-07 15:00:00+00:00,0.7625599999999995,0.7639499999999995,0.7624599999999995,0.7636199999999995
2026-05-07 16:00:00+00:00,0.7636199999999995,0.7642499999999994,0.7634599999999995,0.7641699999999995
2026-05-07 17:00:00+00:00,0.7641699999999995,0.7655899999999994,0.7641399999999995,0.7648299999999995
2026-05-07 18:00:00+00:00,0.7648299999999995,0.7654099999999995,0.7645499999999995,0.7647999999999995
2026-05-07 19:00:00+00:00,0.7647999999999995,0.7660799999999994,0.7645499999999995,0.7660799999999994
2026-05-07 20:00:00+00:00,0.7660799999999994,0.7666299999999995,0.7653299999999995,0.7653799999999995
2026-05-07 21:00:00+00:00,0.7653799999999995,0.7663299999999995,0.7639599999999996,0.7649899999999996
2026-05-07 22:00:00+00:00,0.7649899999999996,0.7660099999999996,0.7649899999999996,0.7659999999999997
2026-05-07 23:00:00+00:00,0.7659999999999997,0.7661499999999997,0.7656699999999997,0.7657599999999997
2026-05-08 00:00:00+00:00,0.7657599999999997,0.7660899999999997,0.7653699999999997,0.7657799999999997
2026-05-08 01:00:00+00:00,0.7657799999999997,0.7657899999999997,0.7652299999999997,0.7655599999999997
2026-05-08 02:00:00+00:00,0.7655599999999997,0.7661999999999997,0.7655499999999997,0.7658699999999997
2026-05-08 03:00:00+00:00,0.7658699999999997,0.7660599999999997,0.7654999999999997,0.7658099999999997
2026-05-08 04:00:00+00:00,0.7658099999999997,0.7659899999999997,0.7651399999999997,0.7651499999999997
2026-05-08 05:00:00+00:00,0.7651499999999997,0.7653999999999997,0.7649299999999997,0.7650599999999997
2026-05-08 06:00:00+00:00,0.7650599999999997,0.7651399999999997,0.7640699999999997,0.7644599999999997
2026-05-08 07:00:00+00:00,0.7644599999999997,0.7648099999999997,0.7643299999999997,0.7644599999999997
2026-05-08 08:00:00+00:00,0.7644599999999997,0.7645799999999997,0.7631099999999997,0.7634499999999997
2026-05-08 09:00:00+00:00,0.7634499999999997,0.7635199999999998,0.7628399999999997,0.7631299999999998
2026-05-08 10:00:00+00:00,0.7631299999999998,0.7638799999999997,0.7629999999999997,0.7636899999999996
2026-05-08 11:00:00+00:00,0.7636899999999996,0.7639299999999997,0.7632299999999997,0.7633499999999998
2026-05-08 12:00:00+00:00,0.7633499999999998,0.7644499999999997,0.7623599999999997,0.7628699999999997
2026-05-08 13:00:00+00:00,0.7628699999999997,0.7633299999999997,0.7618099999999997,0.7625899999999997
2026-05-08 14:00:00+00:00,0.7625899999999997,0.7634599999999997,0.7625499999999997,0.7626299999999997
2026-05-08 15:00:00+00:00,0.7626299999999997,0.7632699999999997,0.7622899999999997,0.7626199999999997
2026-05-08 16:00:00+00:00,0.7626199999999997,0.7627099999999997,0.7621999999999997,0.7624699999999996
2026-05-08 17:00:00+00:00,0.7624699999999996,0.7625699999999997,0.7620899999999997,0.7623999999999997
2026-05-08 18:00:00+00:00,0.7623999999999997,0.7624999999999997,0.7615099999999997,0.7618199999999997
2026-05-08 19:00:00+00:00,0.7618199999999997,0.7622099999999997,0.7614399999999997,0.7621899999999997
2026-05-08 20:00:00+00:00,0.7621899999999997,0.7622899999999997,0.7608599999999996,0.7608999999999997
2026-05-10 21:00:00+00:00,0.7608999999999997,0.76176,0.7600099999999999,0.7607700000000001
2026-05-10 22:00:00+00:00,0.7607700000000001,0.76215,0.7605500000000001,0.76195
2026-05-10 23:00:00+00:00,0.76195,0.76197,0.76163,0.76188
2026-05-11 00:00:00+00:00,0.76188,0.76232,0.76156,0.76192
2026-05-11 01:00:00+00:00,0.76192,0.7627,0.76187,0.76253
2026-05-11 02:00:00+00:00,0.76253,0.76286,0.76239,0.76285
2026-05-11 03:00:00+00:00,0.76285,0.76319,0.7628,0.76311
2026-05-11 04:00:00+00:00,0.76311,0.76354,0.76306,0.7635
2026-05-11 05:00:00+00:00,0.7635,0.7636000000000001,0.76306,0.76346
2026-05-11 06:00:00+00:00,0.76346,0.76346,0.7617200000000001,0.76183
2026-05-11 07:00:00+00:00,0.76183,0.76247,0.76168,0.76229
2026-05-11 08:00:00+00:00,0.76229,0.76252,0.76162,0.76252
2026-05-11 09:00:00+00:00,0.76252,0.76293,0.76228,0.76293
2026-05-11 10:00:00+00:00,0.76293,0.76309,0.76223,0.76262
2026-05-11 11:00:00+00:00,0.76262,0.76301,0.76211,0.7627
2026-05-11 12:00:00+00:00,0.7627,0.76314,0.76228,0.76228
2026-05-11 13:00:00+00:00,0.76228,0.76234,0.76135,0.76152
2026-05-11 14:00:00+00:00,0.76152,0.76186,0.76091,0.76125
2026-05-11 15:00:00+00:00,0.76125,0.76158,0.76092,0.7613800000000001
2026-05-11 16:00:00+00:00,0.7613800000000001,0.76206,0.76126,0.76192
2026-05-11 17:00:00+00:00,0.76192,0.76215,0.76166,0.7618
2026-05-11 18:00:00+00:00,0.7618,0.76232,0.76165,0.76229
2026-05-11 19:00:00+00:00,0.76229,0.76247,0.76214,0.7623
2026-05-11 20:00:00+00:00,0.7623,0.76254,0.76197,0.76197
2026-05-11 21:00:00+00:00,0.76197,0.7623300000000001,0.7609300000000001,0.7613800000000001
2026-05-11 22:00:00+00:00,0.7613800000000001,0.7619900000000001,0.7613800000000001,0.7619500000000001
2026-05-11 23:00:00+00:00,0.7619500000000001,0.7624200000000001,0.7619300000000001,0.76229
2026-05-12 00:00:00+00:00,0.76229,0.7630800000000001,0.76229,0.7630600000000001
2026-05-12 01:00:00+00:00,0.7630600000000001,0.7638,0.76292,0.7636200000000001
2026-05-12 02:00:00+00:00,0.7636200000000001,0.76385,0.76348,0.7636600000000001
2026-05-12 03:00:00+00:00,0.7636600000000001,0.76404,0.7636000000000001,0.7639900000000001
2026-05-12 04:00:00+00:00,0.7639900000000001,0.76409,0.7637200000000001,0.76387
2026-05-12 05:00:00+00:00,0.76387,0.7641500000000001,0.76285,0.76329
2026-05-12 06:00:00+00:00,0.76329,0.76426,0.76297,0.7641700000000001
2026-05-12 07:00:00+00:00,0.7641700000000001,0.76497,0.76402,0.76485
2026-05-12 08:00:00+00:00,0.76485,0.7649800000000001,0.7642300000000001,0.7647200000000001
2026-05-12 09:00:00+00:00,0.7647200000000001,0.7652300000000001,0.7645400000000001,0.76482
2026-05-12 10:00:00+00:00,0.76482,0.7652500000000001,0.7647200000000001,0.7651700000000001
2026-05-12 11:00:00+00:00,0.7651700000000001,0.7656100000000001,0.7646900000000001,0.76512
2026-05-12 12:00:00+00:00,0.76512,0.7655500000000001,0.7643700000000001,0.7644700000000001
2026-05-12 13:00:00+00:00,0.7644700000000001,0.7662300000000001,0.7643900000000001,0.7660500000000001
2026-05-12 14:00:00+00:00,0.7660500000000001,0.7661600000000001,0.7652100000000001,0.7653300000000001
2026-05-12 15:00:00+00:00,0.7653300000000001,0.7664300000000001,0.7651500000000001,0.7658200000000001
2026-05-12 16:00:00+00:00,0.7658200000000001,0.7662500000000001,0.7654700000000001,0.76607
2026-05-12 17:00:00+00:00,0.76607,0.76614,0.7655200000000001,0.7655600000000001
2026-05-12 18:00:00+00:00,0.7655600000000001,0.7658200000000001,0.7647900000000001,0.7648600000000001
2026-05-12 19:00:00+00:00,0.7648600000000001,0.7649100000000001,0.7643500000000001,0.7647800000000001
2026-05-12 20:00:00+00:00,0.7647800000000001,0.7649400000000001,0.7645400000000001,0.7646100000000001
2026-05-12 21:00:00+00:00,0.7646100000000001,0.76545,0.7637,0.76498
2026-05-12 22:00:00+00:00,0.76498,0.76536,0.76492,0.76519
2026-05-12 23:00:00+00:00,0.76519,0.76542,0.76506,0.7653800000000001
2026-05-13 00:00:00+00:00,0.7653800000000001,0.76562,0.7649,0.76496
2026-05-13 01:00:00+00:00,0.76496,0.76551,0.76483,0.76503
2026-05-13 02:00:00+00:00,0.76503,0.76527,0.76486,0.76518
2026-05-13 03:00:00+00:00,0.76518,0.7655000000000001,0.76512,0.7653
2026-05-13 04:00:00+00:00,0.7653,0.76552,0.7652100000000001,0.76534
2026-05-13 05:00:00+00:00,0.76534,0.7653800000000001,0.76503,0.7652
2026-05-13 06:00:00+00:00,0.7652,0.76618,0.76513,0.76602
2026-05-13 07:00:00+00:00,0.76602,0.76653,0.76569,0.76637
2026-05-13 08:00:00+00:00,0.76637,0.7672800000000001,0.76617,0.767
2026-05-13 09:00:00+00:00,0.767,0.76767,0.76666,0.7668
2026-05-13 10:00:00+00:00,0.7668,0.767,0.76614,0.76631
2026-05-13 11:00:00+00:00,0.76631,0.76656,0.766,0.76631
2026-05-13 12:00:00+00:00,0.76631,0.7678,0.76601,0.76749
2026-05-13 13:00:00+00:00,0.76749,0.76769,0.76647,0.7667700000000001
2026-05-13 14:00:00+00:00,0.7667700000000001,0.76791,0.7667200000000001,0.7674
2026-05-13 15:00:00+00:00,0.7674,0.76748,0.76684,0.76729
2026-05-13 16:00:00+00:00,0.76729,0.7674,0.76654,0.76724
2026-05-13 17:00:00+00:00,0.76724,0.76731,0.76688,0.76725
2026-05-13 18:00:00+00:00,0.76725,0.76727,0.7667700000000001,0.76703
2026-05-13 19:00:00+00:00,0.76703,0.76706,0.76644,0.76661
2026-05-13 20:00:00+00:00,0.76661,0.76669,0.76642,0.76659
2026-05-13 21:00:00+00:00,0.76659,0.76764,0.76654,0.7670600000000001
2026-05-13 22:00:00+00:00,0.7670600000000001,0.76759,0.7670600000000001,0.76744
2026-05-13 23:00:00+00:00,0.76744,0.76764,0.76737,0.7675700000000001
2026-05-14 00:00:00+00:00,0.7675700000000001,0.76765,0.76731,0.76737
2026-05-14 01:00:00+00:00,0.76737,0.76754,0.7671800000000001,0.7674500000000001
2026-05-14 02:00:00+00:00,0.7674500000000001,0.76776,0.7673500000000001,0.76763
2026-05-14 03:00:00+00:00,0.76763,0.7678,0.76747,0.76774
2026-05-14 04:00:00+00:00,0.76774,0.7678200000000001,0.7673500000000001,0.7676700000000001
2026-05-14 05:00:00+00:00,0.7676700000000001,0.76793,0.76756,0.76791
2026-05-14 06:00:00+00:00,0.76791,0.7679400000000001,0.76666,0.7668400000000001
2026-05-14 07:00:00+00:00,0.7668400000000001,0.7682300000000001,0.76681,0.76819
2026-05-14 08:00:00+00:00,0.76819,0.76839,0.7676700000000001,0.7678400000000001
2026-05-14 09:00:00+00:00,0.7678400000000001,0.7680400000000001,0.7675500000000001,0.7677200000000001
2026-05-14 10:00:00+00:00,0.7677200000000001,0.76797,0.76731,0.7677200000000001
2026-05-14 11:00:00+00:00,0.7677200000000001,0.7679900000000001,0.76759,0.7679900000000001
2026-05-14 12:00:00+00:00,0.7679900000000001,0.76803,0.76744,0.76793
2026-05-14 13:00:00+00:00,0.76793,0.76874,0.76764,0.7681600000000001
2026-05-14 14:00:00+00:00,0.7681600000000001,0.76888,0.7677700000000001,0.76886
2026-05-14 15:00:00+00:00,0.76886,0.7694000000000001,0.76886,0.7688900000000001
2026-05-14 16:00:00+00:00,0.7688900000000001,0.76946,0.76871,0.76908
2026-05-14 17:00:00+00:00,0.76908,0.76919,0.76885,0.7691
2026-05-14 18:00:00+00:00,0.7691,0.76951,0.7691,0.76926
2026-05-14 19:00:00+00:00,0.76926,0.76985,0.7691800000000001,0.7695700000000001
2026-05-14 20:00:00+00:00,0.7695700000000001,0.76993,0.76949,0.76959
2026-05-14 21:00:00+00:00,0.76959,0.76959,0.76807,0.76866
2026-05-14 22:00:00+00:00,0.76866,0.76949,0.76866,0.76944
2026-05-14 23:00:00+00:00,0.76944,0.76986,0.76942,0.76982
2026-05-15 00:00:00+00:00,0.76982,0.77061,0.7697499999999999,0.77032
2026-05-15 01:00:00+00:00,0.77032,0.77115,0.77029,0.77112
2026-05-15 02:00:00+00:00,0.77112,0.77123,0.7703099999999999,0.77061
2026-05-15 03:00:00+00:00,0.77061,0.77079,0.77049,0.7707499999999999
2026-05-15 04:00:00+00:00,0.7707499999999999,0.7714099999999999,0.77066,0.77127
2026-05-15 05:00:00+00:00,0.77127,0.77191,0.77116,0.77183
2026-05-15 06:00:00+00:00,0.77183,0.77184,0.77093,0.7714599999999999
2026-05-15 07:00:00+00:00,0.7714599999999999,0.77157,0.77025,0.77083
2026-05-15 08:00:00+00:00,0.77083,0.7715,0.7706999999999999,0.77128
2026-05-15 09:00:00+00:00,0.77128,0.7723,0.7712399999999999,0.77171
2026-05-15 10:00:00+00:00,0.77171,0.77173,0.76943,0.77001
2026-05-15 11:00:00+00:00,0.77001,0.7717999999999999,0.7699199999999999,0.77166
2026-05-15 12:00:00+00:00,0.77166,0.77264,0.77162,0.77227
2026-05-15 13:00:00+00:00,0.77227,0.77276,0.77186,0.7722399999999999
2026-05-15 14:00:00+00:00,0.7722399999999999,0.77254,0.77105,0.77203
2026-05-15 15:00:00+00:00,0.77203,0.77295,0.77165,0.77245
2026-05-15 16:00:00+00:00,0.77245,0.77266,0.7720699999999999,0.77217
2026-05-15 17:00:00+00:00,0.77217,0.77235,0.77161,0.7722
2026-05-15 18:00:00+00:00,0.7722,0.77289,0.77217,0.77249
2026-05-15 19:00:00+00:00,0.77249,0.7727499999999999,0.77223,0.77223
2026-05-15 20:00:00+00:00,0.77223,0.77257,0.77195,0.7719699999999999
2026-05-17 21:00:00+00:00,0.7719699999999999,0.7741500000000001,0.7715700000000002,0.7715900000000002
2026-05-17 22:00:00+00:00,0.7715900000000002,0.7729100000000002,0.7715900000000002,0.7727000000000003
2026-05-17 23:00:00+00:00,0.7727000000000003,0.7733200000000002,0.7726300000000003,0.7732300000000003
2026-05-18 00:00:00+00:00,0.7732300000000003,0.7733900000000002,0.7724200000000002,0.7732500000000002
2026-05-18 01:00:00+00:00,0.7732500000000002,0.7736300000000003,0.7728100000000002,0.7729700000000003
2026-05-18 02:00:00+00:00,0.7729700000000003,0.7733200000000002,0.7727200000000003,0.7729700000000003
2026-05-18 03:00:00+00:00,0.7729700000000003,0.7731700000000002,0.7725600000000002,0.7726800000000003
2026-05-18 04:00:00+00:00,0.7726800000000003,0.7728600000000002,0.7723600000000003,0.7727700000000003
2026-05-18 05:00:00+00:00,0.7727700000000003,0.7730100000000003,0.7725100000000003,0.7725900000000002
2026-05-18 06:00:00+00:00,0.7725900000000002,0.7726900000000003,0.7712600000000003,0.7713600000000003
2026-05-18 07:00:00+00:00,0.7713600000000003,0.7716900000000003,0.7705900000000002,0.7711900000000003
2026-05-18 08:00:00+00:00,0.7711900000000003,0.7713600000000003,0.7704500000000003,0.7707400000000003
2026-05-18 09:00:00+00:00,0.7707400000000003,0.7714500000000003,0.7706600000000002,0.7714400000000002
2026-05-18 10:00:00+00:00,0.7714400000000002,0.7721900000000003,0.7712400000000003,0.7721700000000002
2026-05-18 11:00:00+00:00,0.7721700000000002,0.7724000000000003,0.7705000000000003,0.7713100000000003
2026-05-18 12:00:00+00:00,0.7713100000000003,0.7713300000000003,0.7703700000000002,0.7708700000000003
2026-05-18 13:00:00+00:00,0.7708700000000003,0.7712000000000002,0.7703000000000003,0.7708700000000003
2026-05-18 14:00:00+00:00,0.7708700000000003,0.7717600000000002,0.7707100000000002,0.7717500000000003
2026-05-18 15:00:00+00:00,0.7717500000000003,0.7723400000000002,0.7711700000000002,0.7714700000000002
2026-05-18 16:00:00+00:00,0.7714700000000002,0.7716700000000003,0.7705500000000003,0.7706800000000003
2026-05-18 17:00:00+00:00,0.7706800000000003,0.7708900000000003,0.7704800000000003,0.7706400000000002
2026-05-18 18:00:00+00:00,0.7706400000000002,0.7719500000000002,0.7705800000000003,0.7719200000000003
2026-05-18 19:00:00+00:00,0.7719200000000003,0.7719800000000002,0.7698700000000003,0.7703900000000002
2026-05-18 20:00:00+00:00,0.7703900000000002,0.7703900000000002,0.7699000000000003,0.7702500000000002
2026-05-18 21:00:00+00:00,0.7702500000000002,0.7705300000000003,0.7691800000000003,0.7699500000000002
2026-05-18 22:00:00+00:00,0.7699500000000002,0.7703200000000002,0.7699500000000002,0.7703100000000003
2026-05-18 23:00:00+00:00,0.7703100000000003,0.7705700000000002,0.7702100000000003,0.7705700000000002
2026-05-19 00:00:00+00:00,0.7705700000000002,0.7713800000000003,0.7704900000000002,0.7713300000000003
2026-05-19 01:00:00+00:00,0.7713300000000003,0.7715000000000003,0.7708400000000002,0.7712900000000003
2026-05-19 02:00:00+00:00,0.7712900000000003,0.7717900000000002,0.7712900000000003,0.7717000000000002
2026-05-19 03:00:00+00:00,0.7717000000000002,0.7718700000000002,0.7714400000000001,0.7718400000000001
2026-05-19 04:00:00+00:00,0.7718400000000001,0.7720600000000001,0.7716000000000002,0.7719200000000002
2026-05-19 05:00:00+00:00,0.7719200000000002,0.7721800000000001,0.7714700000000001,0.7715500000000002
2026-05-19 06:00:00+00:00,0.7715500000000002,0.7720600000000001,0.7712500000000001,0.7719500000000001
2026-05-19 07:00:00+00:00,0.7719500000000001,0.7721600000000002,0.7712200000000001,0.7713500000000001
2026-05-19 08:00:00+00:00,0.7713500000000001,0.7731200000000001,0.7712000000000001,0.7729400000000002
2026-05-19 09:00:00+00:00,0.7729400000000002,0.7735600000000001,0.7729100000000001,0.77324
2026-05-19 10:00:00+00:00,0.77324,0.7740800000000001,0.7727300000000001,0.77309
2026-05-19 11:00:00+00:00,0.77309,0.7737900000000001,0.7730300000000001,0.7737400000000001
2026-05-19 12:00:00+00:00,0.7737400000000001,0.77398,0.7732300000000001,0.77397
2026-05-19 13:00:00+00:00,0.77397,0.7757000000000001,0.77393,0.77503
2026-05-19 14:00:00+00:00,0.77503,0.77671,0.77493,0.77658
2026-05-19 15:00:00+00:00,0.77658,0.77658,0.7756000000000001,0.77581
2026-05-19 16:00:00+00:00,0.77581,0.77627,0.77471,0.7750600000000001
2026-05-19 17:00:00+00:00,0.7750600000000001,0.77507,0.77463,0.77476
2026-05-19 18:00:00+00:00,0.77476,0.77536,0.77451,0.77531
2026-05-19 19:00:00+00:00,0.77531,0.77537,0.7748200000000001,0.775
2026-05-19 20:00:00+00:00,0.775,0.7751600000000001,0.7749400000000001,0.77503
2026-05-19 21:00:00+00:00,0.77503,0.77559,0.77472,0.77476
2026-05-19 22:00:00+00:00,0.77476,0.77568,0.77476,0.77553
2026-05-19 23:00:00+00:00,0.77553,0.7756000000000001,0.7750900000000001,0.77547
2026-05-20 00:00:00+00:00,0.77547,0.77605,0.77523,0.776
2026-05-20 01:00:00+00:00,0.776,0.77669,0.77593,0.77653
2026-05-20 02:00:00+00:00,0.77653,0.77678,0.77607,0.77653
2026-05-20 03:00:00+00:00,0.77653,0.77674,0.77592,0.77617
2026-05-20 04:00:00+00:00,0.77617,0.7766000000000001,0.77579,0.77657
2026-05-20 05:00:00+00:00,0.77657,0.7769900000000001,0.77618,0.77672
2026-05-20 06:00:00+00:00,0.77672,0.77714,0.77595,0.7769900000000001
2026-05-20 07:00:00+00:00,0.7769900000000001,0.77717,0.77674,0.77705
2026-05-20 08:00:00+00:00,0.77705,0.77732,0.77664,0.77689
2026-05-20 09:00:00+00:00,0.77689,0.77727,0.77673,0.77718
2026-05-20 10:00:00+00:00,0.77718,0.77718,0.7760900000000001,0.77632
2026-05-20 11:00:00+00:00,0.77632,0.77707,0.77632,0.77677
2026-05-20 12:00:00+00:00,0.77677,0.77723,0.77651,0.77711
2026-05-20 13:00:00+00:00,0.77711,0.7772600000000001,0.77686,0.77717
2026-05-20 14:00:00+00:00,0.77717,0.7773100000000001,0.77361,0.774
2026-05-20 15:00:00+00:00,0.774,0.7749,0.77235,0.7743
2026-05-20 16:00:00+00:00,0.7743,0.77431,0.77345,0.77385
2026-05-20 17:00:00+00:00,0.77385,0.77439,0.7736000000000001,0.77435
2026-05-20 18:00:00+00:00,0.77435,0.7745,0.77313,0.77346
2026-05-20 19:00:00+00:00,0.77346,0.7736500000000001,0.77303,0.77361
2026-05-20 20:00:00+00:00,0.77361,0.77397,0.7735,0.77379
2026-05-20 21:00:00+00:00,0.77379,0.77379,0.77248,0.77339
2026-05-20 22:00:00+00:00,0.77339,0.77368,0.77337,0.77358
2026-05-20 23:00:00+00:00,0.77358,0.77394,0.77347,0.77378
2026-05-21 00:00:00+00:00,0.77378,0.77417,0.77363,0.77368
2026-05-21 01:00:00+00:00,0.77368,0.77369,0.7728200000000001,0.77328
2026-05-21 02:00:00+00:00,0.77328,0.77423,0.77305,0.7740400000000001
2026-05-21 03:00:00+00:00,0.7740400000000001,0.77407,0.7735500000000001,0.77389
2026-05-21 04:00:00+00:00,0.77389,0.77392,0.77347,0.77356
2026-05-21 05:00:00+00:00,0.77356,0.77394,0.7734,0.7735
2026-05-21 06:00:00+00:00,0.7735,0.77422,0.77332,0.7739
2026-05-21 07:00:00+00:00,0.7739,0.7751,0.77375,0.77415
2026-05-21 08:00:00+00:00,0.77415,0.77431,0.77258,0.77367
2026-05-21 09:00:00+00:00,0.77367,0.77378,0.77253,0.77285
2026-05-21 10:00:00+00:00,0.77285,0.77496,0.77252,0.77462
2026-05-21 11:00:00+00:00,0.77462,0.775,0.77383,0.77486
2026-05-21 12:00:00+00:00,0.77486,0.77559,0.77449,0.77542
2026-05-21 13:00:00+00:00,0.77542,0.77703,0.77525,0.77572
2026-05-21 14:00:00+00:00,0.77572,0.77641,0.7751600000000001,0.77547
2026-05-21 15:00:00+00:00,0.77547,0.77617,0.77539,0.7759900000000001
2026-05-21 16:00:00+00:00,0.7759900000000001,0.77615,0.77546,0.77551
2026-05-21 17:00:00+00:00,0.77551,0.77567,0.7724,0.77283
2026-05-21 18:00:00+00:00,0.77283,0.77429,0.77242,0.77397
2026-05-21 19:00:00+00:00,0.77397,0.77405,0.77261,0.77281
2026-05-21 20:00:00+00:00,0.77281,0.7733800000000001,0.7727,0.77318
2026-05-21 21:00:00+00:00,0.77318,0.77373,0.7720800000000001,0.7730400000000001
2026-05-21 22:00:00+00:00,0.7730400000000001,0.7735900000000001,0.7728800000000001,0.7734400000000001
2026-05-21 23:00:00+00:00,0.7734400000000001,0.7736200000000001,0.77334,0.77344
2026-05-22 00:00:00+00:00,0.77344,0.7738,0.77341,0.77376
2026-05-22 01:00:00+00:00,0.77376,0.77396,0.77356,0.77396
2026-05-22 02:00:00+00:00,0.77396,0.77398,0.77342,0.77356
2026-05-22 03:00:00+00:00,0.77356,0.77378,0.77347,0.77359
2026-05-22 04:00:00+00:00,0.77359,0.7736700000000001,0.77312,0.77319
2026-05-22 05:00:00+00:00,0.77319,0.77398,0.77309,0.77388
2026-05-22 06:00:00+00:00,0.77388,0.7740100000000001,0.77344,0.77357
2026-05-22 07:00:00+00:00,0.77357,0.77447,0.77293,0.7730600000000001
2026-05-22 08:00:00+00:00,0.7730600000000001,0.77329,0.77239,0.7730600000000001
2026-05-22 09:00:00+00:00,0.7730600000000001,0.7734500000000001,0.7728,0.7730400000000001
2026-05-22 10:00:00+00:00,0.7730400000000001,0.7737,0.7726000000000001,0.7736500000000001
2026-05-22 11:00:00+00:00,0.7736500000000001,0.7739200000000002,0.7730900000000002,0.7731900000000002
2026-05-22 12:00:00+00:00,0.7731900000000002,0.7733400000000001,0.7722900000000001,0.7726200000000002
2026-05-22 13:00:00+00:00,0.7726200000000002,0.7728400000000002,0.7714900000000001,0.7726400000000001
2026-05-22 14:00:00+00:00,0.7726400000000001,0.7739800000000001,0.7726200000000002,0.7727400000000001
2026-05-22 15:00:00+00:00,0.7727400000000001,0.7730300000000001,0.7724100000000002,0.7725800000000002
2026-05-22 16:00:00+00:00,0.7725800000000002,0.7728200000000002,0.7711200000000001,0.7711700000000001
2026-05-22 17:00:00+00:00,0.7711700000000001,0.7714900000000001,0.7706800000000001,0.7712800000000002
2026-05-22 18:00:00+00:00,0.7712800000000002,0.7715700000000002,0.7710000000000001,0.7712900000000001
2026-05-22 19:00:00+00:00,0.7712900000000001,0.7718300000000001,0.7711100000000002,0.7717100000000001
2026-05-22 20:00:00+00:00,0.7717100000000001,0.7720900000000002,0.7712700000000001,0.7713900000000001
2026-05-24 21:00:00+00:00,0.7713900000000001,0.7714000000000001,0.7707600000000001,0.7713600000000002
2026-05-24 22:00:00+00:00,0.7713600000000002,0.7715600000000001,0.7694500000000002,0.7695400000000001
2026-05-24 23:00:00+00:00,0.7695400000000001,0.7699000000000001,0.7693400000000001,0.7698700000000002
2026-05-25 00:00:00+00:00,0.7698700000000002,0.7700400000000002,0.7691400000000002,0.7699400000000002
2026-05-25 01:00:00+00:00,0.7699400000000002,0.7700100000000002,0.7691300000000001,0.7696900000000001
2026-05-25 02:00:00+00:00,0.7696900000000001,0.7697600000000001,0.7693500000000001,0.7696600000000001
2026-05-25 03:00:00+00:00,0.7696600000000001,0.7698100000000001,0.7694800000000002,0.7697300000000001
2026-05-25 04:00:00+00:00,0.7697300000000001,0.7699200000000002,0.7693300000000002,0.7694400000000001
2026-05-25 05:00:00+00:00,0.7694400000000001,0.7697000000000002,0.7691600000000002,0.7696600000000001
2026-05-25 06:00:00+00:00,0.7696600000000001,0.7697700000000002,0.7689700000000002,0.7691900000000002
2026-05-25 07:00:00+00:00,0.7691900000000002,0.7699100000000001,0.7690600000000002,0.7695300000000002
2026-05-25 08:00:00+00:00,0.7695300000000002,0.7697600000000001,0.7692000000000001,0.7692400000000001
2026-05-25 09:00:00+00:00,0.7692400000000001,0.7693500000000001,0.7688400000000002,0.7691100000000002
2026-05-25 10:00:00+00:00,0.7691100000000002,0.7691300000000001,0.7687800000000001,0.7689600000000001
2026-05-25 11:00:00+00:00,0.7689600000000001,0.76909,0.7684000000000001,0.7688900000000001
2026-05-25 12:00:00+00:00,0.7688900000000001,0.76902,0.76829,0.76858
2026-05-25 13:00:00+00:00,0.76858,0.77076,0.76848,0.77068
2026-05-25 14:00:00+00:00,0.77068,0.77085,0.7702800000000001,0.7705200000000001
2026-05-25 15:00:00+00:00,0.7705200000000001,0.77102,0.7701,0.7703800000000001
2026-05-25 16:00:00+00:00,0.7703800000000001,0.77098,0.7703800000000001,0.77053
2026-05-25 17:00:00+00:00,0.77053,0.7706200000000001,0.7701300000000001,0.77017
2026-05-25 18:00:00+00:00,0.77017,0.7702700000000001,0.77007,0.7700800000000001
2026-05-25 19:00:00+00:00,0.7700800000000001,0.7702100000000001,0.7700500000000001,0.77014
2026-05-25 20:00:00+00:00,0.77014,0.7702800000000001,0.7698900000000001,0.7698900000000001
2026-05-25 21:00:00+00:00,0.7698900000000001,0.77048,0.76915,0.7702300000000001
2026-05-25 22:00:00+00:00,0.7702300000000001,0.7706500000000001,0.77022,0.77042
2026-05-25 23:00:00+00:00,0.77042,0.77087,0.77032,0.77087
2026-05-26 00:00:00+00:00,0.77087,0.7713300000000001,0.7708200000000001,0.77092
2026-05-26 01:00:00+00:00,0.77092,0.77146,0.7707900000000001,0.77107
2026-05-26 02:00:00+00:00,0.77107,0.7712800000000001,0.77095,0.77109
2026-05-26 03:00:00+00:00,0.77109,0.7711,0.7705700000000001,0.77059
2026-05-26 04:00:00+00:00,0.77059,0.7711,0.7705200000000001,0.77109
2026-05-26 05:00:00+00:00,0.77109,0.7715200000000001,0.77098,0.77147
2026-05-26 06:00:00+00:00,0.77147,0.77275,0.77109,0.77242
2026-05-26 07:00:00+00:00,0.77242,0.7728200000000001,0.77193,0.77202
2026-05-26 08:00:00+00:00,0.77202,0.7724000000000001,0.7717400000000001,0.77222
2026-05-26 09:00:00+00:00,0.77222,0.77234,0.7716200000000001,0.7718400000000001
2026-05-26 10:00:00+00:00,0.7718400000000001,0.7721800000000001,0.7715700000000001,0.77215
2026-05-26 11:00:00+00:00,0.77215,0.7729600000000001,0.77188,0.77295
2026-05-26 12:00:00+00:00,0.77295,0.77308,0.77251,0.77271
2026-05-26 13:00:00+00:00,0.77271,0.7734500000000001,0.77241,0.7728700000000001
2026-05-26 14:00:00+00:00,0.7728700000000001,0.7731,0.77215,0.77305
2026-05-26 15:00:00+00:00,0.77305,0.77408,0.7730400000000001,0.77364
2026-05-26 16:00:00+00:00,0.77364,0.77369,0.77293,0.77339
2026-05-26 17:00:00+00:00,0.77339,0.77366,0.7732,0.77353
2026-05-26 18:00:00+00:00,0.77353,0.77363,0.7731,0.77329
2026-05-26 19:00:00+00:00,0.77329,0.7735000000000001,0.77319,0.77342
2026-05-26 20:00:00+00:00,0.77342,0.7734500000000001,0.7732300000000001,0.7732800000000001
2026-05-26 21:00:00+00:00,0.7732800000000001,0.7732800000000001,0.7719700000000002,0.7724100000000002
2026-05-26 22:00:00+00:00,0.7724100000000002,0.7728300000000001,0.7724100000000002,0.7726000000000002
2026-05-26 23:00:00+00:00,0.7726000000000002,0.7726400000000001,0.7721300000000001,0.7723500000000001
2026-05-27 00:00:00+00:00,0.7723500000000001,0.7724800000000002,0.7720900000000002,0.7723500000000001
2026-05-27 01:00:00+00:00,0.7723500000000001,0.7727900000000001,0.7722000000000001,0.7726900000000001
2026-05-27 02:00:00+00:00,0.7726900000000001,0.7728000000000002,0.7722900000000001,0.7725500000000002
2026-05-27 03:00:00+00:00,0.7725500000000002,0.7726100000000001,0.7721500000000001,0.7725100000000001
2026-05-27 04:00:00+00:00,0.7725100000000001,0.7725300000000002,0.7722100000000002,0.7723000000000001
2026-05-27 05:00:00+00:00,0.7723000000000001,0.7725100000000001,0.7720800000000001,0.7724600000000001
2026-05-27 06:00:00+00:00,0.7724600000000001,0.7729500000000001,0.7718200000000002,0.7719900000000002
2026-05-27 07:00:00+00:00,0.7719900000000002,0.7728900000000002,0.7717700000000002,0.7727900000000001
2026-05-27 08:00:00+00:00,0.7727900000000001,0.7733800000000002,0.7724700000000001,0.7732900000000001
2026-05-27 09:00:00+00:00,0.7732900000000001,0.7733000000000001,0.7725100000000001,0.7728600000000001
2026-05-27 10:00:00+00:00,0.7728600000000001,0.7734400000000001,0.7728300000000001,0.7732100000000002
2026-05-27 11:00:00+00:00,0.7732100000000002,0.7738600000000001,0.7731500000000001,0.7736400000000001
2026-05-27 12:00:00+00:00,0.7736400000000001,0.7737300000000001,0.7714200000000001,0.7724000000000001
2026-05-27 13:00:00+00:00,0.7724000000000001,0.7728100000000001,0.7720400000000002,0.7725300000000002
2026-05-27 14:00:00+00:00,0.7725300000000002,0.7739700000000002,0.7716600000000001,0.7738600000000001
2026-05-27 15:00:00+00:00,0.7738600000000001,0.7743700000000001,0.7732500000000001,0.7742300000000001
2026-05-27 16:00:00+00:00,0.7742300000000001,0.7747000000000002,0.7736900000000001,0.7737000000000002
2026-05-27 17:00:00+00:00,0.7737000000000002,0.7745100000000001,0.7736500000000002,0.7741200000000001
2026-05-27 18:00:00+00:00,0.7741200000000001,0.7745000000000002,0.7738000000000002,0.7739800000000001
2026-05-27 19:00:00+00:00,0.7739800000000001,0.7742400000000002,0.7737400000000001,0.7741200000000001
2026-05-27 20:00:00+00:00,0.7741200000000001,0.7743300000000002,0.7739800000000001,0.7742300000000001
2026-05-27 21:00:00+00:00,0.7742300000000001,0.7742300000000001,0.7731000000000001,0.7736400000000001
2026-05-27 22:00:00+00:00,0.7736400000000001,0.7742100000000001,0.7736400000000001,0.77419
2026-05-27 23:00:00+00:00,0.77419,0.7750900000000001,0.7740800000000001,0.7750400000000001
2026-05-28 00:00:00+00:00,0.7750400000000001,0.7752100000000001,0.7748100000000001,0.7749900000000001
2026-05-28 01:00:00+00:00,0.7749900000000001,0.7758400000000001,0.7749300000000001,0.7757600000000001
2026-05-28 02:00:00+00:00,0.7757600000000001,0.77583,0.7752600000000001,0.7756400000000001
2026-05-28 03:00:00+00:00,0.7756400000000001,0.7770900000000001,0.7755700000000001,0.7770100000000001
2026-05-28 04:00:00+00:00,0.7770100000000001,0.7770600000000001,0.7766200000000001,0.7767000000000001
2026-05-28 05:00:00+00:00,0.7767000000000001,0.7767700000000001,0.7756700000000001,0.77583
2026-05-28 06:00:00+00:00,0.77583,0.7759900000000001,0.7747200000000001,0.7749
2026-05-28 07:00:00+00:00,0.7749,0.77544,0.7744800000000001,0.7754000000000001
2026-05-28 08:00:00+00:00,0.7754000000000001,0.77641,0.77522,0.7760100000000001
2026-05-28 09:00:00+00:00,0.7760100000000001,0.7764000000000001,0.77539,0.77634
2026-05-28 10:00:00+00:00,0.77634,0.7770400000000001,0.77634,0.77697
2026-05-28 11:00:00+00:00,0.77697,0.777,0.7757700000000001,0.7760400000000001
2026-05-28 12:00:00+00:00,0.7760400000000001,0.7762500000000001,0.77383,0.7739400000000001
2026-05-28 13:00:00+00:00,0.7739400000000001,0.7744900000000001,0.77341,0.7742600000000001
2026-05-28 14:00:00+00:00,0.7742600000000001,0.7746600000000001,0.7718700000000001,0.7719300000000001
2026-05-28 15:00:00+00:00,0.7719300000000001,0.7719600000000001,0.7711600000000001,0.7716800000000001
2026-05-28 16:00:00+00:00,0.7716800000000001,0.7719200000000002,0.7705800000000002,0.7707200000000001
2026-05-28 17:00:00+00:00,0.7707200000000001,0.7711800000000001,0.7706700000000001,0.7707900000000001
2026-05-28 18:00:00+00:00,0.7707900000000001,0.7712900000000001,0.7704400000000001,0.7712400000000001
2026-05-28 19:00:00+00:00,0.7712400000000001,0.7713100000000002,0.7706800000000001,0.7709900000000001
2026-05-28 20:00:00+00:00,0.7709900000000001,0.7711700000000001,0.7709500000000001,0.7710300000000001
2026-05-28 21:00:00+00:00,0.7710300000000001,0.7711400000000002,0.7683400000000001,0.76883
2026-05-28 22:00:00+00:00,0.76883,0.76942,0.7685000000000001,0.76922
2026-05-28 23:00:00+00:00,0.76922,0.76924,0.7690100000000001,0.7691100000000001
2026-05-29 00:00:00+00:00,0.7691100000000001,0.76922,0.76886,0.76913
2026-05-29 01:00:00+00:00,0.76913,0.76934,0.76836,0.76927
2026-05-29 02:00:00+00:00,0.76927,0.7693300000000001,0.7689900000000001,0.76931
2026-05-29 03:00:00+00:00,0.76931,0.76986,0.7693,0.7697700000000001
2026-05-29 04:00:00+00:00,0.7697700000000001,0.7697900000000001,0.76935,0.76937
2026-05-29 05:00:00+00:00,0.76937,0.76942,0.76909,0.76915
2026-05-29 06:00:00+00:00,0.76915,0.7692800000000001,0.76856,0.76858
2026-05-29 07:00:00+00:00,0.76858,0.76946,0.76858,0.769
2026-05-29 08:00:00+00:00,0.769,0.7699900000000001,0.7689600000000001,0.7696200000000001
2026-05-29 09:00:00+00:00,0.7696200000000001,0.76963,0.76866,0.76871
2026-05-29 10:00:00+00:00,0.76871,0.7691100000000001,0.76791,0.76797
2026-05-29 11:00:00+00:00,0.76797,0.7682300000000001,0.76741,0.76742
2026-05-29 12:00:00+00:00,0.76742,0.7678200000000001,0.76664,0.76665
2026-05-29 13:00:00+00:00,0.76665,0.7672300000000001,0.76627,0.76665
2026-05-29 14:00:00+00:00,0.76665,0.7681,0.7647900000000001,0.7671
2026-05-29 15:00:00+00:00,0.7671,0.76729,0.76607,0.7664000000000001
2026-05-29 16:00:00+00:00,0.7664000000000001,0.7671,0.7663300000000001,0.76661
2026-05-29 17:00:00+00:00,0.76661,0.76776,0.7665500000000001,0.76776
2026-05-29 18:00:00+00:00,0.76776,0.76783,0.76588,0.7663800000000001
2026-05-29 19:00:00+00:00,0.7663800000000001,0.7663800000000001,0.76524,0.76571
2026-05-29 20:00:00+00:00,0.76571,0.76651,0.76559,0.76559
2026-05-31 21:00:00+00:00,0.76559,0.76749,0.76559,0.76714
2026-05-31 22:00:00+00:00,0.76714,0.7684,0.76712,0.76797
2026-05-31 23:00:00+00:00,0.76797,0.7683,0.76779,0.7682800000000001
2026-06-01 00:00:00+00:00,0.7682800000000001,0.76929,0.76825,0.7691100000000001
2026-06-01 01:00:00+00:00,0.7691100000000001,0.76948,0.7690600000000001,0.76937
2026-06-01 02:00:00+00:00,0.76937,0.76975,0.76934,0.76948
2026-06-01 03:00:00+00:00,0.76948,0.76973,0.76913,0.76953
2026-06-01 04:00:00+00:00,0.76953,0.76959,0.76932,0.76937
2026-06-01 05:00:00+00:00,0.76937,0.7693800000000001,0.7688900000000001,0.76895
2026-06-01 06:00:00+00:00,0.76895,0.7695000000000001,0.76839,0.76841
2026-06-01 07:00:00+00:00,0.76841,0.77001,0.7684,0.76951
2026-06-01 08:00:00+00:00,0.76951,0.7698900000000001,0.76926,0.7695000000000001
2026-06-01 09:00:00+00:00,0.7695000000000001,0.77068,0.76922,0.7703800000000001
2026-06-01 10:00:00+00:00,0.7703800000000001,0.7708200000000001,0.77023,0.77029
2026-06-01 11:00:00+00:00,0.77029,0.77068,0.7701600000000001,0.77039
2026-06-01 12:00:00+00:00,0.77039,0.77149,0.76998,0.77147
2026-06-01 13:00:00+00:00,0.77147,0.77467,0.77142,0.77427
2026-06-01 14:00:00+00:00,0.77427,0.7748200000000001,0.77362,0.77366
2026-06-01 15:00:00+00:00,0.77366,0.77398,0.7724300000000001,0.7732
2026-06-01 16:00:00+00:00,0.7732,0.77386,0.77269,0.7727700000000001
2026-06-01 17:00:00+00:00,0.7727700000000001,0.77331,0.77209,0.7725500000000001
2026-06-01 18:00:00+00:00,0.7725500000000001,0.7728200000000001,0.77239,0.77276
2026-06-01 19:00:00+00:00,0.77276,0.7731100000000001,0.77269,0.77295
2026-06-01 20:00:00+00:00,0.77295,0.7731100000000001,0.77268,0.7729400000000001
2026-06-01 21:00:00+00:00,0.7729400000000001,0.7732100000000001,0.7717700000000001,0.77232
2026-06-01 22:00:00+00:00,0.77232,0.77313,0.77232,0.77306
2026-06-01 23:00:00+00:00,0.77306,0.77306,0.7726100000000001,0.7727200000000001
2026-06-02 00:00:00+00:00,0.7727200000000001,0.7734800000000001,0.7726600000000001,0.7732800000000001
2026-06-02 01:00:00+00:00,0.7732800000000001,0.7735600000000001,0.77285,0.7732600000000001
2026-06-02 02:00:00+00:00,0.7732600000000001,0.7733200000000001,0.7729000000000001,0.7731000000000001
2026-06-02 03:00:00+00:00,0.7731000000000001,0.7731000000000001,0.7726900000000001,0.7728900000000001
2026-06-02 04:00:00+00:00,0.7728900000000001,0.7729000000000001,0.7725100000000001,0.7725900000000001
2026-06-02 05:00:00+00:00,0.7725900000000001,0.7729500000000001,0.7724500000000001,0.7727
2026-06-02 06:00:00+00:00,0.7727,0.7727400000000001,0.7708,0.77102
2026-06-02 07:00:00+00:00,0.77102,0.7717700000000001,0.7708600000000001,0.7713800000000001
2026-06-02 08:00:00+00:00,0.7713800000000001,0.77258,0.7708100000000001,0.7723800000000001
2026-06-02 09:00:00+00:00,0.7723800000000001,0.7725900000000001,0.77207,0.77224
2026-06-02 10:00:00+00:00,0.77224,0.7725100000000001,0.7717800000000001,0.7718300000000001
2026-06-02 11:00:00+00:00,0.7718300000000001,0.7720000000000001,0.7713500000000001,0.77148
2026-06-02 12:00:00+00:00,0.77148,0.7723300000000001,0.7714000000000001,0.7721000000000001
2026-06-02 13:00:00+00:00,0.7721000000000001,0.7731200000000001,0.7716200000000001,0.7728400000000001
2026-06-02 14:00:00+00:00,0.7728400000000001,0.7735500000000001,0.77224,0.7723700000000001
2026-06-02 15:00:00+00:00,0.7723700000000001,0.77275,0.7721100000000001,0.7722700000000001
2026-06-02 16:00:00+00:00,0.7722700000000001,0.7738100000000001,0.7722300000000001,0.7735400000000001
2026-06-02 17:00:00+00:00,0.7735400000000001,0.7743300000000001,0.7733800000000001,0.7741700000000001
2026-06-02 18:00:00+00:00,0.7741700000000001,0.7748100000000001,0.7736400000000001,0.7737300000000001
2026-06-02 19:00:00+00:00,0.7737300000000001,0.7737600000000001,0.7733500000000001,0.7733700000000001
2026-06-02 20:00:00+00:00,0.7733700000000001,0.7737100000000001,0.7731800000000001,0.7735600000000001
2026-06-02 21:00:00+00:00,0.7735600000000001,0.7735600000000001,0.7723200000000001,0.7731400000000002
2026-06-02 22:00:00+00:00,0.7731400000000002,0.7738400000000002,0.7731400000000002,0.7738400000000002
2026-06-02 23:00:00+00:00,0.7738400000000002,0.7748500000000001,0.7737700000000002,0.7747800000000001
2026-06-03 00:00:00+00:00,0.7747800000000001,0.7748400000000002,0.7739000000000001,0.7741000000000001
2026-06-03 01:00:00+00:00,0.7741000000000001,0.7743800000000002,0.7737500000000002,0.7741100000000002
2026-06-03 02:00:00+00:00,0.7741100000000002,0.7744400000000001,0.7738600000000001,0.7741800000000002
2026-06-03 03:00:00+00:00,0.7741800000000002,0.7746600000000001,0.7741000000000001,0.7745500000000002
2026-06-03 04:00:00+00:00,0.7745500000000002,0.7749600000000002,0.7744700000000001,0.7747600000000001
2026-06-03 05:00:00+00:00,0.7747600000000001,0.7750900000000002,0.7745600000000001,0.7750800000000001
2026-06-03 06:00:00+00:00,0.7750800000000001,0.7758900000000002,0.7749200000000002,0.7753500000000002
2026-06-03 07:00:00+00:00,0.7753500000000002,0.7758000000000002,0.7747100000000001,0.7757100000000001
2026-06-03 08:00:00+00:00,0.7757100000000001,0.7759300000000001,0.7755200000000002,0.7758700000000002
2026-06-03 09:00:00+00:00,0.7758700000000002,0.7759100000000001,0.7753400000000001,0.7757500000000002
2026-06-03 10:00:00+00:00,0.7757500000000002,0.7758900000000002,0.7751100000000002,0.7754400000000001
2026-06-03 11:00:00+00:00,0.7754400000000001,0.7755400000000001,0.7748100000000001,0.7750800000000001
2026-06-03 12:00:00+00:00,0.7750800000000001,0.7768700000000002,0.7750500000000001,0.7767400000000002
2026-06-03 13:00:00+00:00,0.7767400000000002,0.7770700000000001,0.7760300000000001,0.7766100000000001
2026-06-03 14:00:00+00:00,0.7766100000000001,0.7777000000000002,0.7759600000000002,0.7764200000000001
2026-06-03 15:00:00+00:00,0.7764200000000001,0.7773200000000001,0.7763500000000002,0.7772000000000001
2026-06-03 16:00:00+00:00,0.7772000000000001,0.7787700000000002,0.7771800000000002,0.7783300000000002
2026-06-03 17:00:00+00:00,0.7783300000000002,0.7789900000000002,0.7780700000000002,0.7788000000000002
2026-06-03 18:00:00+00:00,0.7788000000000002,0.7791300000000001,0.7786300000000002,0.7787600000000001
2026-06-03 19:00:00+00:00,0.7787600000000001,0.7787900000000002,0.7784200000000001,0.7785200000000001
2026-06-03 20:00:00+00:00,0.7785200000000001,0.7786700000000002,0.7784200000000001,0.7784600000000003
2026-06-03 21:00:00+00:00,0.7784600000000003,0.7785900000000002,0.7761300000000002,0.7780500000000002
2026-06-03 22:00:00+00:00,0.7780500000000002,0.7787000000000003,0.7775300000000002,0.7778100000000002
2026-06-03 23:00:00+00:00,0.7778100000000002,0.7780800000000002,0.7774000000000002,0.7774900000000001
2026-06-04 00:00:00+00:00,0.7774900000000001,0.7777200000000002,0.7771200000000001,0.7776400000000002
2026-06-04 01:00:00+00:00,0.7776400000000002,0.7778600000000002,0.7771000000000001,0.7771100000000002
2026-06-04 02:00:00+00:00,0.7771100000000002,0.7774300000000002,0.7768200000000002,0.7769000000000001
2026-06-04 03:00:00+00:00,0.7769000000000001,0.7777200000000002,0.7769000000000001,0.7774100000000002
2026-06-04 04:00:00+00:00,0.7774100000000002,0.7775800000000002,0.7768100000000002,0.7770500000000001
2026-06-04 05:00:00+00:00,0.7770500000000001,0.7775200000000002,0.7769700000000002,0.7769800000000002
2026-06-04 06:00:00+00:00,0.7769800000000002,0.7779400000000002,0.7767000000000002,0.7777100000000001
2026-06-04 07:00:00+00:00,0.7777100000000001,0.7786700000000002,0.7774200000000002,0.7782400000000002
2026-06-04 08:00:00+00:00,0.7782400000000002,0.7783400000000001,0.7770400000000002,0.7773300000000002
2026-06-04 09:00:00+00:00,0.7773300000000002,0.7773300000000002,0.7759700000000002,0.7762500000000002
2026-06-04 10:00:00+00:00,0.7762500000000002,0.7763300000000002,0.7755100000000001,0.7758800000000001
2026-06-04 11:00:00+00:00,0.7758800000000001,0.7758800000000001,0.7732200000000001,0.7735200000000002
2026-06-04 12:00:00+00:00,0.7735200000000002,0.7743500000000002,0.7732200000000001,0.7741100000000002
2026-06-04 13:00:00+00:00,0.7741100000000002,0.7746800000000001,0.7738400000000002,0.7744000000000002
2026-06-04 14:00:00+00:00,0.7744000000000002,0.7754700000000002,0.7741900000000002,0.7746700000000002
2026-06-04 15:00:00+00:00,0.7746700000000002,0.7753100000000002,0.7746000000000002,0.7749300000000002
2026-06-04 16:00:00+00:00,0.7749300000000002,0.7753400000000001,0.7747500000000002,0.7752800000000002
2026-06-04 17:00:00+00:00,0.7752800000000002,0.7754600000000001,0.7752200000000001,0.7753300000000002
2026-06-04 18:00:00+00:00,0.7753300000000002,0.7758000000000002,0.7751900000000002,0.7756600000000001
2026-06-04 19:00:00+00:00,0.7756600000000001,0.7759500000000001,0.7755800000000002,0.7757100000000001
2026-06-04 20:00:00+00:00,0.7757100000000001,0.7762100000000002,0.7756700000000002,0.7760000000000001
2026-06-04 21:00:00+00:00,0.7760000000000001,0.7760000000000001,0.7746500000000003,0.7754600000000003
2026-06-04 22:00:00+00:00,0.7754600000000003,0.7759500000000003,0.7754600000000003,0.7758500000000003
2026-06-04 23:00:00+00:00,0.7758500000000003,0.7759200000000003,0.7755200000000003,0.7756000000000003
2026-06-05 00:00:00+00:00,0.7756000000000003,0.7757700000000003,0.7752700000000002,0.7755500000000003
2026-06-05 01:00:00+00:00,0.7755500000000003,0.7759900000000003,0.7753400000000003,0.7757800000000002
2026-06-05 02:00:00+00:00,0.7757800000000002,0.7758700000000003,0.7754700000000003,0.7757400000000003
2026-06-05 03:00:00+00:00,0.7757400000000003,0.7758400000000003,0.7756600000000002,0.7756900000000003
2026-06-05 04:00:00+00:00,0.7756900000000003,0.7757100000000002,0.7754000000000003,0.7755000000000003
2026-06-05 05:00:00+00:00,0.7755000000000003,0.7756200000000003,0.7751800000000003,0.7755900000000003
2026-06-05 06:00:00+00:00,0.7755900000000003,0.7757500000000003,0.7744900000000002,0.7746700000000003
2026-06-05 07:00:00+00:00,0.7746700000000003,0.7747100000000002,0.7735900000000003,0.7742500000000003
2026-06-05 08:00:00+00:00,0.7742500000000003,0.7746400000000003,0.7737200000000003,0.7745500000000003
2026-06-05 09:00:00+00:00,0.7745500000000003,0.7748300000000002,0.7739600000000003,0.7741500000000003
2026-06-05 10:00:00+00:00,0.7741500000000003,0.7743700000000003,0.7736400000000003,0.7740600000000003
2026-06-05 11:00:00+00:00,0.7740600000000003,0.7746600000000002,0.7739400000000003,0.7744500000000003
2026-06-05 12:00:00+00:00,0.7744500000000003,0.7795400000000002,0.7743200000000002,0.7795200000000003
2026-06-05 13:00:00+00:00,0.7795200000000003,0.7799000000000003,0.7780000000000002,0.7798900000000003
2026-06-05 14:00:00+00:00,0.7798900000000003,0.7812500000000003,0.7792900000000003,0.7805200000000003
2026-06-05 15:00:00+00:00,0.7805200000000003,0.7820400000000003,0.7804200000000003,0.7819800000000002
2026-06-05 16:00:00+00:00,0.7819800000000002,0.7825500000000003,0.7816400000000003,0.7817500000000003
2026-06-05 17:00:00+00:00,0.7817500000000003,0.7831000000000002,0.7817000000000003,0.7828300000000002
2026-06-05 18:00:00+00:00,0.7828300000000002,0.7832000000000003,0.7823100000000003,0.7826200000000003
2026-06-05 19:00:00+00:00,0.7826200000000003,0.7829700000000003,0.7822800000000003,0.7824700000000003
2026-06-05 20:00:00+00:00,0.7824700000000003,0.7829500000000003,0.7816800000000003,0.7818400000000003
2026-06-07 21:00:00+00:00,0.7818400000000003,0.7818400000000003,0.7792200000000002,0.7810700000000003
2026-06-07 22:00:00+00:00,0.7810700000000003,0.7828900000000002,0.7810700000000003,0.7828100000000002
2026-06-07 23:00:00+00:00,0.7828100000000002,0.7828100000000002,0.7820900000000002,0.7821900000000002
2026-06-08 00:00:00+00:00,0.7821900000000002,0.7822400000000002,0.7814400000000001,0.7814800000000001
2026-06-08 01:00:00+00:00,0.7814800000000001,0.7831600000000001,0.7812400000000002,0.7830100000000001
2026-06-08 02:00:00+00:00,0.7830100000000001,0.7836300000000002,0.7828800000000001,0.7832200000000001
2026-06-08 03:00:00+00:00,0.7832200000000001,0.7833500000000001,0.7825000000000001,0.7825100000000001
2026-06-08 04:00:00+00:00,0.7825100000000001,0.7827300000000001,0.7822100000000001,0.7824500000000001
2026-06-08 05:00:00+00:00,0.7824500000000001,0.7836600000000001,0.7817800000000001,0.7833400000000001
2026-06-08 06:00:00+00:00,0.7833400000000001,0.7835200000000001,0.7827400000000001,0.7831100000000001
2026-06-08 07:00:00+00:00,0.7831100000000001,0.7836000000000001,0.7824100000000002,0.7835800000000002
2026-06-08 08:00:00+00:00,0.7835800000000002,0.7837800000000001,0.7830500000000001,0.7837700000000001
2026-06-08 09:00:00+00:00,0.7837700000000001,0.7843500000000001,0.7835300000000001,0.7836800000000002
2026-06-08 10:00:00+00:00,0.7836800000000002,0.7838900000000001,0.7824000000000001,0.7829600000000001
2026-06-08 11:00:00+00:00,0.7829600000000001,0.7831800000000001,0.7815200000000001,0.7822100000000001
2026-06-08 12:00:00+00:00,0.7822100000000001,0.7822400000000002,0.7814000000000001,0.7814900000000001
2026-06-08 13:00:00+00:00,0.7814900000000001,0.7820000000000001,0.7804000000000001,0.7819900000000001
2026-06-08 14:00:00+00:00,0.7819900000000001,0.7833300000000001,0.7816900000000001,0.7826000000000001
2026-06-08 15:00:00+00:00,0.7826000000000001,0.7832600000000001,0.7821500000000001,0.7829000000000002
2026-06-08 16:00:00+00:00,0.7829000000000002,0.7831300000000001,0.7826800000000002,0.7831100000000001
2026-06-08 17:00:00+00:00,0.7831100000000001,0.7835100000000002,0.7829700000000002,0.7831000000000001
2026-06-08 18:00:00+00:00,0.7831000000000001,0.7836000000000001,0.7826900000000001,0.7835600000000001
2026-06-08 19:00:00+00:00,0.7835600000000001,0.7838900000000001,0.7831800000000001,0.7838500000000002
2026-06-08 20:00:00+00:00,0.7838500000000002,0.7838600000000001,0.7834000000000001,0.7834000000000001
2026-06-08 21:00:00+00:00,0.7834000000000001,0.7834000000000001,0.7823200000000001,0.7828900000000001
2026-06-08 22:00:00+00:00,0.7828900000000001,0.7836200000000001,0.7828900000000001,0.7835000000000001
2026-06-08 23:00:00+00:00,0.7835000000000001,0.78391,0.78346,0.78391
2026-06-09 00:00:00+00:00,0.78391,0.78412,0.7837000000000001,0.7838
2026-06-09 01:00:00+00:00,0.7838,0.7838900000000001,0.7830400000000001,0.78305
2026-06-09 02:00:00+00:00,0.78305,0.78339,0.78291,0.7832800000000001
2026-06-09 03:00:00+00:00,0.7832800000000001,0.7835300000000001,0.7830400000000001,0.7832300000000001
2026-06-09 04:00:00+00:00,0.7832300000000001,0.78334,0.78254,0.78266
2026-06-09 05:00:00+00:00,0.78266,0.78298,0.78198,0.7821100000000001
2026-06-09 06:00:00+00:00,0.7821100000000001,0.78261,0.78151,0.7820900000000001
2026-06-09 07:00:00+00:00,0.7820900000000001,0.78281,0.78183,0.7827700000000001
2026-06-09 08:00:00+00:00,0.7827700000000001,0.7830400000000001,0.782,0.7821600000000001
2026-06-09 09:00:00+00:00,0.7821600000000001,0.7822600000000001,0.7817900000000001,0.7820900000000001
2026-06-09 10:00:00+00:00,0.7820900000000001,0.7822600000000001,0.7817000000000001,0.78195
2026-06-09 11:00:00+00:00,0.78195,0.78196,0.7812300000000001,0.7813300000000001
2026-06-09 12:00:00+00:00,0.7813300000000001,0.78152,0.7809900000000001,0.7814000000000001
2026-06-09 13:00:00+00:00,0.7814000000000001,0.7818400000000001,0.7805500000000001,0.78164
2026-06-09 14:00:00+00:00,0.78164,0.7829900000000001,0.7811600000000001,0.7825000000000001
2026-06-09 15:00:00+00:00,0.7825000000000001,0.7838,0.78213,0.78285
2026-06-09 16:00:00+00:00,0.78285,0.78488,0.78276,0.78402
2026-06-09 17:00:00+00:00,0.78402,0.78418,0.78307,0.78329
2026-06-09 18:00:00+00:00,0.78329,0.78376,0.7830600000000001,0.78358
2026-06-09 19:00:00+00:00,0.78358,0.7843800000000001,0.7835500000000001,0.7843100000000001
2026-06-09 20:00:00+00:00,0.7843100000000001,0.78439,0.7838700000000001,0.78388
2026-06-09 21:00:00+00:00,0.78388,0.78561,0.78388,0.78523
2026-06-09 22:00:00+00:00,0.78523,0.78635,0.78523,0.78624
2026-06-09 23:00:00+00:00,0.78624,0.78667,0.7860900000000001,0.78656
2026-06-10 00:00:00+00:00,0.78656,0.7867500000000001,0.78596,0.7861400000000001
2026-06-10 01:00:00+00:00,0.7861400000000001,0.78679,0.7859700000000001,0.7866500000000001
2026-06-10 02:00:00+00:00,0.7866500000000001,0.78671,0.7861,0.78657
2026-06-10 03:00:00+00:00,0.78657,0.78659,0.78596,0.78613
2026-06-10 04:00:00+00:00,0.78613,0.78663,0.7860900000000001,0.78642
2026-06-10 05:00:00+00:00,0.78642,0.7865,0.78528,0.78533
2026-06-10 06:00:00+00:00,0.78533,0.78571,0.78476,0.78568
2026-06-10 07:00:00+00:00,0.78568,0.786,0.78502,0.78574
2026-06-10 08:00:00+00:00,0.78574,0.7864800000000001,0.7857000000000001,0.78613
2026-06-10 09:00:00+00:00,0.78613,0.7863,0.78563,0.78581
2026-06-10 10:00:00+00:00,0.78581,0.78608,0.78535,0.78599
2026-06-10 11:00:00+00:00,0.78599,0.78688,0.78562,0.78662
2026-06-10 12:00:00+00:00,0.78662,0.78666,0.78416,0.78551
2026-06-10 13:00:00+00:00,0.78551,0.78564,0.7838,0.7846500000000001
2026-06-10 14:00:00+00:00,0.7846500000000001,0.7854800000000001,0.7841400000000001,0.7852
2026-06-10 15:00:00+00:00,0.7852,0.78679,0.78501,0.78574
2026-06-10 16:00:00+00:00,0.78574,0.78596,0.78507,0.78581
2026-06-10 17:00:00+00:00,0.78581,0.78663,0.78551,0.78613
2026-06-10 18:00:00+00:00,0.78613,0.78673,0.78566,0.78667
2026-06-10 19:00:00+00:00,0.78667,0.78724,0.78659,0.78724
2026-06-10 20:00:00+00:00,0.78724,0.7875300000000001,0.78705,0.78728
2026-06-10 21:00:00+00:00,0.78728,0.78743,0.78525,0.78606
2026-06-10 22:00:00+00:00,0.78606,0.78717,0.78606,0.78715
2026-06-10 23:00:00+00:00,0.78715,0.78753,0.78667,0.78686
2026-06-11 00:00:00+00:00,0.78686,0.78686,0.78604,0.7861
2026-06-11 01:00:00+00:00,0.7861,0.78611,0.78489,0.78519
2026-06-11 02:00:00+00:00,0.78519,0.78565,0.78507,0.78548
2026-06-11 03:00:00+00:00,0.78548,0.78568,0.78537,0.78555
2026-06-11 04:00:00+00:00,0.78555,0.7858,0.78513,0.78526
2026-06-11 05:00:00+00:00,0.78526,0.78552,0.78506,0.78528
2026-06-11 06:00:00+00:00,0.78528,0.78584,0.78526,0.7858
2026-06-11 07:00:00+00:00,0.7858,0.78613,0.78506,0.78613
2026-06-11 08:00:00+00:00,0.78613,0.78704,0.78605,0.787
2026-06-11 09:00:00+00:00,0.787,0.78717,0.78637,0.78644
2026-06-11 10:00:00+00:00,0.78644,0.78711,0.78642,0.78653
2026-06-11 11:00:00+00:00,0.78653,0.78653,0.7856799999999999,0.78582
2026-06-11 12:00:00+00:00,0.78582,0.78779,0.78561,0.78593
2026-06-11 13:00:00+00:00,0.78593,0.78715,0.78566,0.78643
2026-06-11 14:00:00+00:00,0.78643,0.78759,0.78638,0.78717
2026-06-11 15:00:00+00:00,0.78717,0.78771,0.78662,0.78758
2026-06-11 16:00:00+00:00,0.78758,0.78799,0.78736,0.78786
2026-06-11 17:00:00+00:00,0.78786,0.78819,0.78343,0.78456
2026-06-11 18:00:00+00:00,0.78456,0.78552,0.78308,0.78384
2026-06-11 19:00:00+00:00,0.78384,0.7838499999999999,0.7812,0.78191
2026-06-11 20:00:00+00:00,0.78191,0.782,0.78107,0.78177
2026-06-11 21:00:00+00:00,0.78177,0.78177,0.7802500000000002,0.7804700000000002
2026-06-11 22:00:00+00:00,0.7804700000000002,0.7815500000000002,0.7804700000000002,0.7809400000000002
2026-06-11 23:00:00+00:00,0.7809400000000002,0.7817300000000003,0.7807100000000002,0.7816000000000002
2026-06-12 00:00:00+00:00,0.7816000000000002,0.7825500000000002,0.7815200000000002,0.7823900000000003
2026-06-12 01:00:00+00:00,0.7823900000000003,0.7828100000000002,0.7822900000000003,0.7826700000000002
2026-06-12 02:00:00+00:00,0.7826700000000002,0.7827800000000003,0.7822400000000003,0.7826900000000002
2026-06-12 03:00:00+00:00,0.7826900000000002,0.7827900000000002,0.7820100000000002,0.7822200000000002
2026-06-12 04:00:00+00:00,0.7822200000000002,0.7825100000000003,0.7821000000000002,0.7824000000000002
2026-06-12 05:00:00+00:00,0.7824000000000002,0.7832000000000002,0.7821900000000003,0.7831900000000003
2026-06-12 06:00:00+00:00,0.7831900000000003,0.7832800000000002,0.7824200000000002,0.7827700000000002
2026-06-12 07:00:00+00:00,0.7827700000000002,0.7840100000000002,0.7827000000000003,0.7829800000000002
2026-06-12 08:00:00+00:00,0.7829800000000002,0.7830800000000002,0.7813000000000002,0.7821900000000003
2026-06-12 09:00:00+00:00,0.7821900000000003,0.7824800000000002,0.7813900000000003,0.7819300000000002
2026-06-12 10:00:00+00:00,0.7819300000000002,0.7829500000000003,0.7817700000000002,0.7826000000000002
2026-06-12 11:00:00+00:00,0.7826000000000002,0.7831000000000002,0.7821700000000003,0.7827700000000002
2026-06-12 12:00:00+00:00,0.7827700000000002,0.7840500000000002,0.7827100000000002,0.7836600000000002
2026-06-12 13:00:00+00:00,0.7836600000000002,0.7839200000000003,0.7824700000000002,0.7838100000000002
2026-06-12 14:00:00+00:00,0.7838100000000002,0.7841100000000002,0.7827300000000003,0.7830300000000002
2026-06-12 15:00:00+00:00,0.7830300000000002,0.7831700000000003,0.7823300000000002,0.7829600000000002
2026-06-12 16:00:00+00:00,0.7829600000000002,0.7833900000000003,0.7824900000000002,0.7830500000000002
2026-06-12 17:00:00+00:00,0.7830500000000002,0.7832600000000002,0.7826400000000002,0.7832200000000002
2026-06-12 18:00:00+00:00,0.7832200000000002,0.7833500000000002,0.7827600000000002,0.7831600000000003
2026-06-12 19:00:00+00:00,0.7831600000000003,0.7834700000000002,0.7828300000000002,0.7832300000000002
2026-06-12 20:00:00+00:00,0.7832300000000002,0.7835900000000002,0.7829500000000003,0.7829500000000003
2026-06-14 21:00:00+00:00,0.7829500000000003,0.7830800000000003,0.7804500000000002,0.7804900000000002
2026-06-14 22:00:00+00:00,0.7804900000000002,0.7812200000000002,0.7796700000000002,0.7804000000000002
2026-06-14 23:00:00+00:00,0.7804000000000002,0.7808000000000003,0.7802600000000003,0.7806400000000002
2026-06-15 00:00:00+00:00,0.7806400000000002,0.7812800000000002,0.7799200000000003,0.7812400000000003
2026-06-15 01:00:00+00:00,0.7812400000000003,0.7814900000000002,0.7809600000000002,0.7813200000000002
2026-06-15 02:00:00+00:00,0.7813200000000002,0.7814000000000002,0.7807200000000002,0.7808600000000002
2026-06-15 03:00:00+00:00,0.7808600000000002,0.7809200000000003,0.7803900000000003,0.7805100000000003
2026-06-15 04:00:00+00:00,0.7805100000000003,0.7806700000000002,0.7799800000000002,0.7800800000000002
2026-06-15 05:00:00+00:00,0.7800800000000002,0.7800900000000003,0.7794900000000002,0.7796300000000003
2026-06-15 06:00:00+00:00,0.7796300000000003,0.7812300000000002,0.7796000000000002,0.7804500000000002
2026-06-15 07:00:00+00:00,0.7804500000000002,0.7806400000000002,0.7795600000000003,0.7800300000000002
2026-06-15 08:00:00+00:00,0.7800300000000002,0.7803200000000002,0.7796400000000002,0.7800300000000002
2026-06-15 09:00:00+00:00,0.7800300000000002,0.7801000000000002,0.7792400000000003,0.7798300000000002
2026-06-15 10:00:00+00:00,0.7798300000000002,0.7801500000000002,0.7788900000000002,0.7794700000000002
2026-06-15 11:00:00+00:00,0.7794700000000002,0.7801500000000002,0.7792000000000002,0.7801200000000003
2026-06-15 12:00:00+00:00,0.7801200000000003,0.7805100000000003,0.7791700000000003,0.7794300000000002
2026-06-15 13:00:00+00:00,0.7794300000000002,0.7796600000000002,0.7788000000000003,0.7790800000000002
2026-06-15 14:00:00+00:00,0.7790800000000002,0.7798900000000002,0.7789300000000002,0.7793500000000002
2026-06-15 15:00:00+00:00,0.7793500000000002,0.7804500000000002,0.7793500000000002,0.7804100000000003
2026-06-15 16:00:00+00:00,0.7804100000000003,0.7806700000000002,0.7801200000000003,0.7803100000000003
2026-06-15 17:00:00+00:00,0.7803100000000003,0.7806100000000002,0.7802500000000002,0.7805000000000002
2026-06-15 18:00:00+00:00,0.7805000000000002,0.7807500000000003,0.7802400000000003,0.7807000000000003
2026-06-15 19:00:00+00:00,0.7807000000000003,0.7816300000000003,0.7806400000000002,0.7815900000000002
2026-06-15 20:00:00+00:00,0.7815900000000002,0.7816500000000002,0.7803000000000002,0.7808500000000003
2026-06-15 21:00:00+00:00,0.7808500000000003,0.7813800000000003,0.7792800000000003,0.7804900000000002
2026-06-15 22:00:00+00:00,0.7804900000000002,0.7814800000000003,0.7804900000000002,0.7812600000000003
2026-06-15 23:00:00+00:00,0.7812600000000003,0.7812700000000002,0.7808500000000003,0.7810500000000002
2026-06-16 00:00:00+00:00,0.7810500000000002,0.7813400000000003,0.7809000000000003,0.7809400000000003
2026-06-16 01:00:00+00:00,0.7809400000000003,0.7814500000000003,0.7807300000000003,0.7814100000000003
2026-06-16 02:00:00+00:00,0.7814100000000003,0.7817700000000003,0.7812500000000003,0.7815000000000003
2026-06-16 03:00:00+00:00,0.7815000000000003,0.7817500000000003,0.7813700000000003,0.7816100000000002
2026-06-16 04:00:00+00:00,0.7816100000000002,0.7824300000000003,0.7815400000000003,0.7822300000000003
2026-06-16 05:00:00+00:00,0.7822300000000003,0.7823000000000003,0.7818500000000003,0.7822900000000003
2026-06-16 06:00:00+00:00,0.7822900000000003,0.7825100000000003,0.7814300000000003,0.7814400000000002
2026-06-16 07:00:00+00:00,0.7814400000000002,0.7818300000000002,0.7813200000000003,0.7814000000000003
2026-06-16 08:00:00+00:00,0.7814000000000003,0.7816400000000003,0.7810300000000003,0.7811200000000003
2026-06-16 09:00:00+00:00,0.7811200000000003,0.7818300000000002,0.7809900000000003,0.7813900000000003
2026-06-16 10:00:00+00:00,0.7813900000000003,0.7814200000000003,0.7805500000000003,0.7806000000000003
2026-06-16 11:00:00+00:00,0.7806000000000003,0.7817800000000003,0.7806000000000003,0.7817200000000003
2026-06-16 12:00:00+00:00,0.7817200000000003,0.7822900000000003,0.7814900000000002,0.7815600000000003
2026-06-16 13:00:00+00:00,0.7815600000000003,0.7822500000000003,0.7806600000000002,0.7812500000000003
2026-06-16 14:00:00+00:00,0.7812500000000003,0.7813900000000003,0.7795800000000003,0.7797400000000003
2026-06-16 15:00:00+00:00,0.7797400000000003,0.7803800000000003,0.7789500000000003,0.7793400000000003
2026-06-16 16:00:00+00:00,0.7793400000000003,0.7794900000000003,0.7786800000000003,0.7792000000000003
2026-06-16 17:00:00+00:00,0.7792000000000003,0.7795600000000003,0.7791100000000003,0.7794800000000003
2026-06-16 18:00:00+00:00,0.7794800000000003,0.7798300000000002,0.7792100000000003,0.7796800000000003
2026-06-16 19:00:00+00:00,0.7796800000000003,0.7799800000000003,0.7794600000000003,0.7798000000000003
2026-06-16 20:00:00+00:00,0.7798000000000003,0.7799400000000003,0.7796100000000002,0.7796400000000003
2026-06-16 21:00:00+00:00,0.7796400000000003,0.7796600000000004,0.7786600000000002,0.7794200000000003
2026-06-16 22:00:00+00:00,0.7794200000000003,0.7795900000000003,0.7793100000000004,0.7794400000000004
2026-06-16 23:00:00+00:00,0.7794400000000004,0.7797600000000003,0.7792600000000004,0.7797200000000004
2026-06-17 00:00:00+00:00,0.7797200000000004,0.7797700000000004,0.7789400000000004,0.7790200000000004
2026-06-17 01:00:00+00:00,0.7790200000000004,0.7794000000000004,0.7787500000000004,0.7791000000000003
2026-06-17 02:00:00+00:00,0.7791000000000003,0.7791400000000004,0.7787100000000003,0.7790900000000004
2026-06-17 03:00:00+00:00,0.7790900000000004,0.7791500000000003,0.7787800000000004,0.7790000000000004
2026-06-17 04:00:00+00:00,0.7790000000000004,0.7790300000000003,0.7785000000000004,0.7785900000000003
2026-06-17 05:00:00+00:00,0.7785900000000003,0.7786100000000004,0.7782700000000004,0.7785400000000003
2026-06-17 06:00:00+00:00,0.7785400000000003,0.7789500000000004,0.7779700000000004,0.7782500000000003
2026-06-17 07:00:00+00:00,0.7782500000000003,0.7784200000000003,0.7775000000000004,0.7776500000000004
2026-06-17 08:00:00+00:00,0.7776500000000004,0.7787600000000003,0.7775500000000004,0.7783900000000004
2026-06-17 09:00:00+00:00,0.7783900000000004,0.7785000000000004,0.7777500000000004,0.7780200000000004
2026-06-17 10:00:00+00:00,0.7780200000000004,0.7789800000000003,0.7779700000000004,0.7787600000000003
2026-06-17 11:00:00+00:00,0.7787600000000003,0.7798800000000004,0.7787000000000004,0.7794200000000003
2026-06-17 12:00:00+00:00,0.7794200000000003,0.7796000000000004,0.7787900000000004,0.7788600000000004
2026-06-17 13:00:00+00:00,0.7788600000000004,0.7795200000000004,0.7786900000000004,0.7790600000000004
2026-06-17 14:00:00+00:00,0.7790600000000004,0.7804600000000004,0.7790200000000004,0.7796000000000004
2026-06-17 15:00:00+00:00,0.7796000000000004,0.7799500000000004,0.7793700000000003,0.7795100000000004
2026-06-17 16:00:00+00:00,0.7795100000000004,0.7799900000000004,0.7794300000000004,0.7797800000000004
2026-06-17 17:00:00+00:00,0.7797800000000004,0.7800900000000004,0.7788300000000004,0.7789200000000004
2026-06-17 18:00:00+00:00,0.7789200000000004,0.7840000000000004,0.7789100000000004,0.7836800000000004
2026-06-17 19:00:00+00:00,0.7836800000000004,0.7880400000000004,0.7834400000000004,0.7870500000000004
2026-06-17 20:00:00+00:00,0.7870500000000004,0.7874400000000004,0.7858900000000004,0.7862300000000004
2026-06-17 21:00:00+00:00,0.7862300000000004,0.7862300000000004,0.7850300000000003,0.7855700000000004
2026-06-17 22:00:00+00:00,0.7855700000000004,0.7863900000000004,0.7854900000000004,0.7862400000000004
2026-06-17 23:00:00+00:00,0.7862400000000004,0.7862400000000004,0.7858000000000004,0.7859400000000004
2026-06-18 00:00:00+00:00,0.7859400000000004,0.7859400000000004,0.7846800000000004,0.7853600000000004
2026-06-18 01:00:00+00:00,0.7853600000000004,0.7853900000000005,0.7847600000000005,0.7852700000000005
2026-06-18 02:00:00+00:00,0.7852700000000005,0.7855800000000004,0.7851200000000005,0.7853100000000004
2026-06-18 03:00:00+00:00,0.7853100000000004,0.7854000000000004,0.7849900000000004,0.7851400000000004
2026-06-18 04:00:00+00:00,0.7851400000000004,0.7854100000000004,0.7847200000000004,0.7849900000000004
2026-06-18 05:00:00+00:00,0.7849900000000004,0.7860700000000004,0.7849000000000005,0.7860400000000004
2026-06-18 06:00:00+00:00,0.7860400000000004,0.7860400000000004,0.7848800000000005,0.7854100000000004
2026-06-18 07:00:00+00:00,0.7854100000000004,0.7872500000000004,0.7852100000000004,0.7864800000000004
2026-06-18 08:00:00+00:00,0.7864800000000004,0.7890900000000004,0.7863200000000005,0.7889600000000004
2026-06-18 09:00:00+00:00,0.7889600000000004,0.7893000000000004,0.7885100000000004,0.7891000000000005
2026-06-18 10:00:00+00:00,0.7891000000000005,0.7905200000000004,0.7890800000000004,0.7902800000000004
2026-06-18 11:00:00+00:00,0.7902800000000004,0.7913100000000004,0.7898400000000004,0.7911900000000004
2026-06-18 12:00:00+00:00,0.7911900000000004,0.7914700000000005,0.7893400000000005,0.7901500000000005
2026-06-18 13:00:00+00:00,0.7901500000000005,0.7910000000000005,0.7890400000000004,0.7898400000000004
2026-06-18 14:00:00+00:00,0.7898400000000004,0.7903100000000004,0.7886300000000004,0.7887600000000005
2026-06-18 15:00:00+00:00,0.7887600000000005,0.7905400000000005,0.7885900000000005,0.7905200000000004
2026-06-18 16:00:00+00:00,0.7905200000000004,0.7913700000000005,0.7902300000000004,0.7910500000000005
2026-06-18 17:00:00+00:00,0.7910500000000005,0.7914200000000005,0.7906000000000004,0.7914000000000004
2026-06-18 18:00:00+00:00,0.7914000000000004,0.7917000000000004,0.7911400000000004,0.7916000000000004
2026-06-18 19:00:00+00:00,0.7916000000000004,0.7927300000000004,0.7910300000000005,0.7913200000000005
2026-06-18 20:00:00+00:00,0.7913200000000005,0.7915000000000004,0.7903500000000004,0.7903500000000004
2026-06-18 21:00:00+00:00,0.7903500000000004,0.7909300000000002,0.7890400000000004,0.7904700000000002
2026-06-18 22:00:00+00:00,0.7904700000000002,0.7908700000000002,0.7903700000000002,0.7905500000000002
2026-06-18 23:00:00+00:00,0.7905500000000002,0.7912200000000003,0.7905100000000003,0.7911900000000003
2026-06-19 00:00:00+00:00,0.7911900000000003,0.7911900000000003,0.7906200000000002,0.7909300000000002
2026-06-19 01:00:00+00:00,0.7909300000000002,0.7920300000000002,0.7907000000000003,0.7919300000000002
2026-06-19 02:00:00+00:00,0.7919300000000002,0.7921300000000002,0.7915100000000003,0.7920400000000002
2026-06-19 03:00:00+00:00,0.7920400000000002,0.7932400000000003,0.7920300000000002,0.7931800000000002
2026-06-19 04:00:00+00:00,0.7931800000000002,0.7947700000000002,0.7931500000000002,0.7946300000000003
2026-06-19 05:00:00+00:00,0.7946300000000003,0.7954300000000002,0.7937100000000002,0.7940100000000002
2026-06-19 06:00:00+00:00,0.7940100000000002,0.7941900000000003,0.7928200000000002,0.7928500000000003
2026-06-19 07:00:00+00:00,0.7928500000000003,0.7939300000000002,0.7923700000000002,0.7937700000000002
2026-06-19 08:00:00+00:00,0.7937700000000002,0.7938700000000002,0.7920500000000003,0.7920500000000003
2026-06-19 09:00:00+00:00,0.7920500000000003,0.7923300000000002,0.7916300000000003,0.7919900000000002
2026-06-19 10:00:00+00:00,0.7919900000000002,0.7928900000000002,0.7918400000000002,0.7926500000000002
2026-06-19 11:00:00+00:00,0.7926500000000002,0.7931400000000003,0.7923000000000002,0.7930600000000002
2026-06-19 12:00:00+00:00,0.7930600000000002,0.7936000000000002,0.7922200000000003,0.7927100000000002
2026-06-19 13:00:00+00:00,0.7927100000000002,0.7940500000000003,0.7925900000000002,0.7936400000000002
2026-06-19 14:00:00+00:00,0.7936400000000002,0.7942300000000002,0.7934900000000003,0.7939300000000002
2026-06-19 15:00:00+00:00,0.7939300000000002,0.7943200000000002,0.7934400000000003,0.7940500000000003
2026-06-19 16:00:00+00:00,0.7940500000000003,0.7942000000000002,0.7935300000000003,0.7938000000000003
2026-06-19 17:00:00+00:00,0.7938000000000003,0.7938000000000003,0.7932500000000002,0.7933200000000002
2026-06-19 18:00:00+00:00,0.7933200000000002,0.7933300000000002,0.7927000000000002,0.7928500000000003
2026-06-19 19:00:00+00:00,0.7928500000000003,0.7930400000000002,0.7926500000000002,0.7929900000000002
2026-06-19 20:00:00+00:00,0.7929900000000002,0.7932900000000002,0.7923700000000002,0.7928100000000002
2026-06-21 21:00:00+00:00,0.7928100000000002,0.7935000000000003,0.7924800000000004,0.7925700000000004
2026-06-21 22:00:00+00:00,0.7925700000000004,0.7935900000000004,0.7925700000000004,0.7934500000000004
2026-06-21 23:00:00+00:00,0.7934500000000004,0.7940000000000004,0.7931300000000004,0.7937000000000004
2026-06-22 00:00:00+00:00,0.7937000000000004,0.7942100000000004,0.7934300000000004,0.7935100000000004
2026-06-22 01:00:00+00:00,0.7935100000000004,0.7937500000000004,0.7926900000000003,0.7936300000000004
2026-06-22 02:00:00+00:00,0.7936300000000004,0.7937500000000004,0.7929400000000004,0.7931700000000004
2026-06-22 03:00:00+00:00,0.7931700000000004,0.7940700000000004,0.7929200000000004,0.7939800000000004
2026-06-22 04:00:00+00:00,0.7939800000000004,0.7944300000000004,0.7939500000000004,0.7941300000000004
2026-06-22 05:00:00+00:00,0.7941300000000004,0.7942400000000004,0.7934600000000004,0.7940600000000004
2026-06-22 06:00:00+00:00,0.7940600000000004,0.7941300000000004,0.7932500000000003,0.7935700000000004
2026-06-22 07:00:00+00:00,0.7935700000000004,0.7946700000000004,0.7932600000000004,0.7943300000000004
2026-06-22 08:00:00+00:00,0.7943300000000004,0.7948000000000004,0.7933900000000004,0.7935800000000004
2026-06-22 09:00:00+00:00,0.7935800000000004,0.7936200000000004,0.7925400000000004,0.7932200000000004
2026-06-22 10:00:00+00:00,0.7932200000000004,0.7936300000000004,0.7928000000000004,0.7935800000000004
2026-06-22 11:00:00+00:00,0.7935800000000004,0.7944300000000004,0.7931200000000004,0.7943400000000004
2026-06-22 12:00:00+00:00,0.7943400000000004,0.7943900000000004,0.7929800000000004,0.7940700000000004
2026-06-22 13:00:00+00:00,0.7940700000000004,0.7953100000000004,0.7939200000000004,0.7952900000000004
2026-06-22 14:00:00+00:00,0.7952900000000004,0.7953700000000004,0.7931300000000004,0.7934200000000003
2026-06-22 15:00:00+00:00,0.7934200000000003,0.7948000000000004,0.7929400000000004,0.7947500000000004
2026-06-22 16:00:00+00:00,0.7947500000000004,0.7951700000000004,0.7944700000000003,0.7946300000000004
2026-06-22 17:00:00+00:00,0.7946300000000004,0.7950800000000003,0.7945000000000004,0.7947200000000004
2026-06-22 18:00:00+00:00,0.7947200000000004,0.7949600000000004,0.7944400000000004,0.7947000000000004
2026-06-22 19:00:00+00:00,0.7947000000000004,0.7950200000000004,0.7942500000000003,0.7943000000000003
2026-06-22 20:00:00+00:00,0.7943000000000003,0.7945000000000004,0.7937300000000004,0.7937600000000004
2026-06-22 21:00:00+00:00,0.7937600000000004,0.7945800000000004,0.7932700000000004,0.7939000000000004
2026-06-22 22:00:00+00:00,0.7939000000000004,0.7947800000000004,0.7939000000000004,0.7945400000000004
2026-06-22 23:00:00+00:00,0.7945400000000004,0.7947400000000003,0.7944300000000003,0.7946500000000003
2026-06-23 00:00:00+00:00,0.7946500000000003,0.7950200000000004,0.7942400000000004,0.7943700000000004
2026-06-23 01:00:00+00:00,0.7943700000000004,0.7947700000000003,0.7941600000000003,0.7943900000000004
2026-06-23 02:00:00+00:00,0.7943900000000004,0.7946200000000003,0.7939900000000003,0.7945900000000004
2026-06-23 03:00:00+00:00,0.7945900000000004,0.7950500000000004,0.7943100000000004,0.7943300000000003
2026-06-23 04:00:00+00:00,0.7943300000000003,0.7950900000000003,0.7942800000000003,0.7950100000000003
2026-06-23 05:00:00+00:00,0.7950100000000003,0.7951600000000003,0.7944900000000004,0.7947200000000003
2026-06-23 06:00:00+00:00,0.7947200000000003,0.7949300000000004,0.7942200000000004,0.7947800000000004
2026-06-23 07:00:00+00:00,0.7947800000000004,0.7952200000000004,0.7936000000000003,0.7949800000000004
2026-06-23 08:00:00+00:00,0.7949800000000004,0.7958500000000004,0.7945800000000004,0.7955900000000004
2026-06-23 09:00:00+00:00,0.7955900000000004,0.7960200000000004,0.7954900000000004,0.7956100000000004
2026-06-23 10:00:00+00:00,0.7956100000000004,0.7961700000000004,0.7954600000000004,0.7958600000000003
2026-06-23 11:00:00+00:00,0.7958600000000003,0.7960500000000004,0.7951000000000004,0.7959900000000003
2026-06-23 12:00:00+00:00,0.7959900000000003,0.7960300000000003,0.7948900000000003,0.7950600000000003
2026-06-23 13:00:00+00:00,0.7950600000000003,0.7954800000000003,0.7932700000000004,0.7944800000000003
2026-06-23 14:00:00+00:00,0.7944800000000003,0.7961700000000004,0.7943300000000003,0.7954300000000003
2026-06-23 15:00:00+00:00,0.7954300000000003,0.7957900000000003,0.7947400000000003,0.7955500000000003
2026-06-23 16:00:00+00:00,0.7955500000000003,0.7960700000000004,0.7953200000000004,0.7960400000000003
2026-06-23 17:00:00+00:00,0.7960400000000003,0.7962900000000004,0.7959000000000004,0.7960500000000004
2026-06-23 18:00:00+00:00,0.7960500000000004,0.7964700000000003,0.7957900000000003,0.7957900000000003
2026-06-23 19:00:00+00:00,0.7957900000000003,0.7958600000000003,0.7953300000000003,0.7957400000000003
2026-06-23 20:00:00+00:00,0.7957400000000003,0.7958300000000004,0.7952500000000003,0.7954300000000003
2026-06-23 21:00:00+00:00,0.7954300000000003,0.7956900000000003,0.7947100000000004,0.7949500000000004
2026-06-23 22:00:00+00:00,0.7949500000000004,0.7956800000000004,0.7949500000000004,0.7951400000000004
2026-06-23 23:00:00+00:00,0.7951400000000004,0.7955600000000004,0.7951400000000004,0.7955400000000004
2026-06-24 00:00:00+00:00,0.7955400000000004,0.7962200000000004,0.7954400000000004,0.7958200000000003
2026-06-24 01:00:00+00:00,0.7958200000000003,0.7962200000000004,0.7955500000000003,0.7955700000000003
2026-06-24 02:00:00+00:00,0.7955700000000003,0.7963300000000003,0.7955000000000003,0.7962800000000003
2026-06-24 03:00:00+00:00,0.7962800000000003,0.7968900000000003,0.7959100000000003,0.7961000000000004
2026-06-24 04:00:00+00:00,0.7961000000000004,0.7966600000000004,0.7959300000000004,0.7966000000000003
2026-06-24 05:00:00+00:00,0.7966000000000003,0.7968300000000004,0.7963300000000003,0.7967100000000004
2026-06-24 06:00:00+00:00,0.7967100000000004,0.7974800000000003,0.7962700000000004,0.7973900000000004
2026-06-24 07:00:00+00:00,0.7973900000000004,0.7976900000000003,0.7970000000000004,0.7974900000000004
2026-06-24 08:00:00+00:00,0.7974900000000004,0.7982000000000004,0.7970900000000003,0.7973500000000003
2026-06-24 09:00:00+00:00,0.7973500000000003,0.7981700000000004,0.7972400000000004,0.7979100000000003
2026-06-24 10:00:00+00:00,0.7979100000000003,0.7985400000000004,0.7978200000000003,0.7984000000000003
2026-06-24 11:00:00+00:00,0.7984000000000003,0.7989100000000003,0.7978100000000004,0.7983600000000004
2026-06-24 12:00:00+00:00,0.7983600000000004,0.7995800000000004,0.7979200000000004,0.7994000000000003
2026-06-24 13:00:00+00:00,0.7994000000000003,0.7997600000000004,0.7979800000000004,0.7984300000000003
2026-06-24 14:00:00+00:00,0.7984300000000003,0.7992800000000003,0.7978700000000003,0.7990700000000004
2026-06-24 15:00:00+00:00,0.7990700000000004,0.7991900000000004,0.7972100000000003,0.7984700000000003
2026-06-24 16:00:00+00:00,0.7984700000000003,0.7985700000000003,0.7971800000000003,0.7976800000000004
2026-06-24 17:00:00+00:00,0.7976800000000004,0.7986800000000004,0.7975600000000004,0.7986800000000004
2026-06-24 18:00:00+00:00,0.7986800000000004,0.7987000000000003,0.7978500000000004,0.7982500000000003
2026-06-24 19:00:00+00:00,0.7982500000000003,0.7987400000000003,0.7980400000000003,0.7986000000000003
2026-06-24 20:00:00+00:00,0.7986000000000003,0.7987400000000003,0.7977500000000004,0.7977500000000004
2026-06-24 21:00:00+00:00,0.7977500000000004,0.7978800000000004,0.7968600000000003,0.79745
2026-06-24 22:00:00+00:00,0.79745,0.79839,0.79745,0.79833
2026-06-24 23:00:00+00:00,0.79833,0.79859,0.79825,0.7985599999999999
2026-06-25 00:00:00+00:00,0.7985599999999999,0.79902,0.79832,0.79837
2026-06-25 01:00:00+00:00,0.79837,0.79841,0.79713,0.79779
2026-06-25 02:00:00+00:00,0.79779,0.79792,0.7969499999999999,0.7973399999999999
2026-06-25 03:00:00+00:00,0.7973399999999999,0.7974,0.7966,0.79671
2026-06-25 04:00:00+00:00,0.79671,0.7969999999999999,0.79655,0.79697
2026-06-25 05:00:00+00:00,0.79697,0.79781,0.79687,0.7977
2026-06-25 06:00:00+00:00,0.7977,0.79816,0.79743,0.7979499999999999
2026-06-25 07:00:00+00:00,0.7979499999999999,0.7986099999999999,0.79726,0.79727
2026-06-25 08:00:00+00:00,0.79727,0.79738,0.7961199999999999,0.7967799999999999
2026-06-25 09:00:00+00:00,0.7967799999999999,0.7975,0.79659,0.79742
2026-06-25 10:00:00+00:00,0.79742,0.79866,0.79742,0.79846
2026-06-25 11:00:00+00:00,0.79846,0.79931,0.79845,0.79913
2026-06-25 12:00:00+00:00,0.79913,0.79942,0.79692,0.79806
2026-06-25 13:00:00+00:00,0.79806,0.7983,0.79615,0.7968
2026-06-25 14:00:00+00:00,0.7968,0.79693,0.7951199999999999,0.79597
2026-06-25 15:00:00+00:00,0.79597,0.79628,0.79505,0.79528
2026-06-25 16:00:00+00:00,0.79528,0.79598,0.79489,0.7958999999999999
2026-06-25 17:00:00+00:00,0.7958999999999999,0.79613,0.79562,0.79589
2026-06-25 18:00:00+00:00,0.79589,0.79631,0.79536,0.7957299999999999
2026-06-25 19:00:00+00:00,0.7957299999999999,0.79614,0.79523,0.79569
2026-06-25 20:00:00+00:00,0.79569,0.79616,0.79508,0.79508
2026-06-25 21:00:00+00:00,0.79508,0.7963899999999999,0.7936599999999999,0.79591
2026-06-25 22:00:00+00:00,0.79591,0.7967299999999999,0.79591,0.7964699999999999
2026-06-25 23:00:00+00:00,0.7964699999999999,0.7972499999999999,0.7963899999999999,0.7970999999999999
2026-06-26 00:00:00+00:00,0.7970999999999999,0.79724,0.79655,0.7967799999999999
2026-06-26 01:00:00+00:00,0.7967799999999999,0.79736,0.7964699999999999,0.79711
2026-06-26 02:00:00+00:00,0.79711,0.7976099999999999,0.79694,0.7969999999999999
2026-06-26 03:00:00+00:00,0.7969999999999999,0.79704,0.79574,0.7958799999999999
2026-06-26 04:00:00+00:00,0.7958799999999999,0.79609,0.79492,0.7950299999999999
2026-06-26 05:00:00+00:00,0.7950299999999999,0.79543,0.7949299999999999,0.79518
2026-06-26 06:00:00+00:00,0.79518,0.7956899999999999,0.7948799999999999,0.7955099999999999
2026-06-26 07:00:00+00:00,0.7955099999999999,0.7958099999999999,0.79438,0.79504
2026-06-26 08:00:00+00:00,0.79504,0.79531,0.79414,0.79479
2026-06-26 09:00:00+00:00,0.79479,0.7953,0.79401,0.7945399999999999
2026-06-26 10:00:00+00:00,0.7945399999999999,0.7949999999999999,0.79445,0.79479
2026-06-26 11:00:00+00:00,0.79479,0.79558,0.7945899999999999,0.79514
2026-06-26 12:00:00+00:00,0.79514,0.7951999999999999,0.79341,0.7936099999999999
2026-06-26 13:00:00+00:00,0.7936099999999999,0.79441,0.79328,0.79328
2026-06-26 14:00:00+00:00,0.79328,0.79563,0.7929799999999999,0.79555
2026-06-26 15:00:00+00:00,0.79555,0.79565,0.7943899999999999,0.7945899999999999
2026-06-26 16:00:00+00:00,0.7945899999999999,0.7961999999999999,0.79455,0.7958599999999999
2026-06-26 17:00:00+00:00,0.7958599999999999,0.7962499999999999,0.7956,0.79618
2026-06-26 18:00:00+00:00,0.79618,0.7962499999999999,0.79574,0.7961199999999999
2026-06-26 19:00:00+00:00,0.7961199999999999,0.79631,0.79577,0.79587
2026-06-26 20:00:00+00:00,0.79587,0.7965,0.7953100000000001,0.7954800000000001
2026-06-28 21:00:00+00:00,0.7954800000000001,0.7955300000000001,0.7952700000000001,0.7954700000000001
2026-06-28 22:00:00+00:00,0.7954700000000001,0.7959300000000001,0.7954000000000001,0.7957100000000001
2026-06-28 23:00:00+00:00,0.7957100000000001,0.7958900000000001,0.7955400000000001,0.7956400000000001
2026-06-29 00:00:00+00:00,0.7956400000000001,0.7957700000000001,0.7952400000000001,0.7954000000000001
2026-06-29 01:00:00+00:00,0.7954000000000001,0.7956800000000002,0.7952000000000001,0.7956400000000001
2026-06-29 02:00:00+00:00,0.7956400000000001,0.7956600000000001,0.7949500000000002,0.7953100000000001
2026-06-29 03:00:00+00:00,0.7953100000000001,0.7956000000000001,0.7950500000000001,0.7956000000000001
2026-06-29 04:00:00+00:00,0.7956000000000001,0.7956800000000002,0.7954000000000001,0.7955500000000001
2026-06-29 05:00:00+00:00,0.7955500000000001,0.7955700000000001,0.7948100000000001,0.7948400000000001
2026-06-29 06:00:00+00:00,0.7948400000000001,0.7950800000000001,0.7940000000000002,0.7941300000000001
2026-06-29 07:00:00+00:00,0.7941300000000001,0.7946300000000001,0.7940200000000001,0.7944100000000001
2026-06-29 08:00:00+00:00,0.7944100000000001,0.7949500000000002,0.7940800000000001,0.7946500000000001
2026-06-29 09:00:00+00:00,0.7946500000000001,0.7947200000000001,0.7940200000000001,0.7942300000000001
2026-06-29 10:00:00+00:00,0.7942300000000001,0.7944600000000002,0.7938000000000001,0.7939600000000001
2026-06-29 11:00:00+00:00,0.7939600000000001,0.7944700000000001,0.7935500000000001,0.7937600000000001
2026-06-29 12:00:00+00:00,0.7937600000000001,0.7945800000000001,0.7937500000000001,0.7943600000000001
2026-06-29 13:00:00+00:00,0.7943600000000001,0.7945400000000001,0.7935600000000002,0.7937600000000001
2026-06-29 14:00:00+00:00,0.7937600000000001,0.7945200000000001,0.7932700000000001,0.7940600000000001
2026-06-29 15:00:00+00:00,0.7940600000000001,0.7943900000000002,0.7934900000000001,0.7937000000000001
2026-06-29 16:00:00+00:00,0.7937000000000001,0.7937300000000002,0.7930600000000001,0.7933000000000001
2026-06-29 17:00:00+00:00,0.7933000000000001,0.7935900000000001,0.7929000000000002,0.7930400000000001
2026-06-29 18:00:00+00:00,0.7930400000000001,0.7931700000000002,0.7927500000000001,0.7930300000000001
2026-06-29 19:00:00+00:00,0.7930300000000001,0.7932900000000002,0.7927600000000001,0.7928900000000001
2026-06-29 20:00:00+00:00,0.7928900000000001,0.7931900000000001,0.7926600000000001,0.7926600000000001
2026-06-29 21:00:00+00:00,0.7926600000000001,0.7934900000000001,0.7926600000000001,0.7930500000000001
2026-06-29 22:00:00+00:00,0.7930500000000001,0.7937200000000001,0.7930500000000001,0.7935700000000001
2026-06-29 23:00:00+00:00,0.7935700000000001,0.7939800000000001,0.79351,0.7939700000000001
2026-06-30 00:00:00+00:00,0.7939700000000001,0.7944400000000001,0.79378,0.7940600000000001
2026-06-30 01:00:00+00:00,0.7940600000000001,0.7950600000000001,0.7939600000000001,0.79495
2026-06-30 02:00:00+00:00,0.79495,0.7951600000000001,0.7947200000000001,0.79495
2026-06-30 03:00:00+00:00,0.79495,0.7954100000000001,0.7948100000000001,0.79529
2026-06-30 04:00:00+00:00,0.79529,0.7958500000000001,0.7952500000000001,0.7958200000000001
2026-06-30 05:00:00+00:00,0.7958200000000001,0.7962700000000001,0.7955400000000001,0.7961100000000001
2026-06-30 06:00:00+00:00,0.7961100000000001,0.7962600000000001,0.79473,0.7948000000000001
2026-06-30 07:00:00+00:00,0.7948000000000001,0.7955900000000001,0.7944500000000001,0.7955200000000001
2026-06-30 08:00:00+00:00,0.7955200000000001,0.7961500000000001,0.7953600000000001,0.7955800000000001
2026-06-30 09:00:00+00:00,0.7955800000000001,0.7963000000000001,0.7953800000000001,0.7957100000000001
2026-06-30 10:00:00+00:00,0.7957100000000001,0.7959,0.7949,0.7949400000000001
2026-06-30 11:00:00+00:00,0.7949400000000001,0.7959300000000001,0.79461,0.7956600000000001
2026-06-30 12:00:00+00:00,0.7956600000000001,0.7959300000000001,0.7947700000000001,0.7953700000000001
2026-06-30 13:00:00+00:00,0.7953700000000001,0.79561,0.7946200000000001,0.7950100000000001
2026-06-30 14:00:00+00:00,0.7950100000000001,0.7958200000000001,0.7924400000000001,0.7928300000000001
2026-06-30 15:00:00+00:00,0.7928300000000001,0.79451,0.7925700000000001,0.79439
2026-06-30 16:00:00+00:00,0.79439,0.7949800000000001,0.79439,0.7948400000000001
2026-06-30 17:00:00+00:00,0.7948400000000001,0.7948700000000001,0.7940900000000001,0.7942600000000001
2026-06-30 18:00:00+00:00,0.7942600000000001,0.7944200000000001,0.7937600000000001,0.79439
2026-06-30 19:00:00+00:00,0.79439,0.7948400000000001,0.7940800000000001,0.7941000000000001
2026-06-30 20:00:00+00:00,0.7941000000000001,0.7945700000000001,0.7940200000000001,0.7945000000000001
2026-06-30 21:00:00+00:00,0.7945000000000001,0.7945000000000001,0.7931,0.7936700000000001
2026-06-30 22:00:00+00:00,0.7936700000000001,0.7949400000000001,0.7936700000000001,0.7948400000000001
2026-06-30 23:00:00+00:00,0.7948400000000001,0.79529,0.7946900000000001,0.7952300000000001
2026-07-01 00:00:00+00:00,0.7952300000000001,0.7955500000000001,0.7950900000000001,0.7954000000000001
2026-07-01 01:00:00+00:00,0.7954000000000001,0.7959,0.79539,0.7956900000000001
2026-07-01 02:00:00+00:00,0.7956900000000001,0.7958400000000001,0.7954500000000001,0.7957500000000001
2026-07-01 03:00:00+00:00,0.7957500000000001,0.7961100000000001,0.7955000000000001,0.7958900000000001
2026-07-01 04:00:00+00:00,0.7958900000000001,0.79607,0.7954300000000001,0.7955900000000001
2026-07-01 05:00:00+00:00,0.7955900000000001,0.7958200000000001,0.79539,0.7957000000000001
2026-07-01 06:00:00+00:00,0.7957000000000001,0.7960800000000001,0.7954700000000001,0.7959600000000001
2026-07-01 07:00:00+00:00,0.7959600000000001,0.79673,0.7958000000000001,0.7960600000000001
2026-07-01 08:00:00+00:00,0.7960600000000001,0.7966300000000001,0.79593,0.7962300000000001
2026-07-01 09:00:00+00:00,0.7962300000000001,0.7969800000000001,0.7960400000000001,0.7969
2026-07-01 10:00:00+00:00,0.7969,0.7969700000000001,0.7960300000000001,0.79615
2026-07-01 11:00:00+00:00,0.79615,0.7974000000000001,0.79612,0.79737
2026-07-01 12:00:00+00:00,0.79737,0.7982600000000001,0.7970400000000001,0.798
2026-07-01 13:00:00+00:00,0.798,0.7984800000000001,0.795,0.79573
2026-07-01 14:00:00+00:00,0.79573,0.79605,0.7944500000000001,0.79478
2026-07-01 15:00:00+00:00,0.79478,0.7955800000000001,0.79456,0.7950300000000001
2026-07-01 16:00:00+00:00,0.7950300000000001,0.7952500000000001,0.79429,0.7952500000000001
2026-07-01 17:00:00+00:00,0.7952500000000001,0.7955500000000001,0.7949,0.7952800000000001
2026-07-01 18:00:00+00:00,0.7952800000000001,0.7959600000000001,0.79522,0.7957
2026-07-01 19:00:00+00:00,0.7957,0.79595,0.79556,0.7958500000000001
2026-07-01 20:00:00+00:00,0.7958500000000001,0.79632,0.79498,0.79498
2026-07-01 21:00:00+00:00,0.79498,0.79687,0.79498,0.7962700000000001
2026-07-01 22:00:00+00:00,0.7962700000000001,0.79668,0.7961900000000001,0.7964100000000001
2026-07-01 23:00:00+00:00,0.7964100000000001,0.7965800000000001,0.7962800000000001,0.79634
2026-07-02 00:00:00+00:00,0.79634,0.7968000000000001,0.7959,0.7964900000000001
2026-07-02 01:00:00+00:00,0.7964900000000001,0.7965200000000001,0.7957900000000001,0.79617
2026-07-02 02:00:00+00:00,0.79617,0.7961900000000001,0.7955700000000001,0.7960300000000001
2026-07-02 03:00:00+00:00,0.7960300000000001,0.7963800000000001,0.7959100000000001,0.7959300000000001
2026-07-02 04:00:00+00:00,0.7959300000000001,0.7959700000000001,0.79551,0.7958000000000001
2026-07-02 05:00:00+00:00,0.7958000000000001,0.7960200000000001,0.7956200000000001,0.7958300000000001
2026-07-02 06:00:00+00:00,0.7958300000000001,0.7958300000000001,0.79451,0.7951300000000001
2026-07-02 07:00:00+00:00,0.7951300000000001,0.7954300000000001,0.7937200000000001,0.7938300000000001
2026-07-02 08:00:00+00:00,0.7938300000000001,0.7938600000000001,0.79124,0.79134
2026-07-02 09:00:00+00:00,0.79134,0.7925900000000001,0.7910800000000001,0.7923500000000001
2026-07-02 10:00:00+00:00,0.7923500000000001,0.7932500000000001,0.7922500000000001,0.7927700000000001
2026-07-02 11:00:00+00:00,0.7927700000000001,0.7939,0.7927400000000001,0.7936200000000001
2026-07-02 12:00:00+00:00,0.7936200000000001,0.7945300000000001,0.7880600000000001,0.7902300000000001
2026-07-02 13:00:00+00:00,0.7902300000000001,0.7909600000000001,0.7895500000000001,0.7895900000000001
2026-07-02 14:00:00+00:00,0.7895900000000001,0.7903600000000001,0.7888900000000001,0.7894500000000001
2026-07-02 15:00:00+00:00,0.7894500000000001,0.7897800000000001,0.78868,0.7893000000000001
2026-07-02 16:00:00+00:00,0.7893000000000001,0.7900800000000001,0.7891400000000001,0.7900400000000001
2026-07-02 17:00:00+00:00,0.7900400000000001,0.7911600000000001,0.7900300000000001,0.7909
2026-07-02 18:00:00+00:00,0.7909,0.7910200000000001,0.7903800000000001,0.79063
2026-07-02 19:00:00+00:00,0.79063,0.7909200000000001,0.7905500000000001,0.7906400000000001
2026-07-02 20:00:00+00:00,0.7906400000000001,0.7907400000000001,0.7902500000000001,0.7905300000000001
2026-07-02 21:00:00+00:00,0.7905300000000001,0.7905300000000001,0.7893000000000001,0.79
2026-07-02 22:00:00+00:00,0.79,0.79117,0.79,0.7909900000000001
2026-07-02 23:00:00+00:00,0.7909900000000001,0.7915800000000001,0.7908600000000001,0.7915400000000001
2026-07-03 00:00:00+00:00,0.7915400000000001,0.7918000000000001,0.7908600000000001,0.7908900000000001
2026-07-03 01:00:00+00:00,0.7908900000000001,0.7909100000000001,0.7896500000000001,0.7903300000000001
2026-07-03 02:00:00+00:00,0.7903300000000001,0.7904000000000001,0.7895800000000001,0.7899900000000001
2026-07-03 03:00:00+00:00,0.7899900000000001,0.7901800000000001,0.7898400000000001,0.78995
2026-07-03 04:00:00+00:00,0.78995,0.7900800000000001,0.78951,0.78951
2026-07-03 05:00:00+00:00,0.78951,0.78956,0.7889100000000001,0.7893000000000001
2026-07-03 06:00:00+00:00,0.7893000000000001,0.78934,0.7881400000000001,0.7887400000000001
2026-07-03 07:00:00+00:00,0.7887400000000001,0.7895000000000001,0.78851,0.7889800000000001
2026-07-03 08:00:00+00:00,0.7889800000000001,0.7896500000000001,0.7888700000000001,0.78961
2026-07-03 09:00:00+00:00,0.78961,0.7904200000000001,0.7894800000000001,0.79039
2026-07-03 10:00:00+00:00,0.79039,0.7904100000000001,0.7897600000000001,0.79024
2026-07-03 11:00:00+00:00,0.79024,0.7904700000000001,0.78956,0.7897400000000001
2026-07-03 12:00:00+00:00,0.7897400000000001,0.79039,0.7894500000000001,0.7902800000000001
2026-07-03 13:00:00+00:00,0.7902800000000001,0.7907600000000001,0.7901900000000001,0.79063
2026-07-03 14:00:00+00:00,0.79063,0.7908000000000001,0.7899400000000001,0.7904500000000001
2026-07-03 15:00:00+00:00,0.7904500000000001,0.7907700000000001,0.79022,0.79051
2026-07-03 16:00:00+00:00,0.79051,0.7907900000000001,0.7904200000000001,0.7906500000000001
2026-07-03 17:00:00+00:00,0.7906500000000001,0.7906900000000001,0.7903100000000001,0.7904700000000001
2026-07-03 18:00:00+00:00,0.7904700000000001,0.79066,0.7899900000000001,0.7905900000000001
2026-07-03 19:00:00+00:00,0.7905900000000001,0.7910100000000001,0.79029,0.7909200000000001
2026-07-03 20:00:00+00:00,0.7909200000000001,0.7910400000000001,0.7896500000000001,0.7897000000000001
2026-07-05 21:00:00+00:00,0.7897000000000001,0.7902299999999999,0.7895500000000001,0.7902299999999999
2026-07-05 22:00:00+00:00,0.7902299999999999,0.7912399999999998,0.7902299999999999,0.7911599999999999
2026-07-05 23:00:00+00:00,0.7911599999999999,0.7914199999999999,0.7909399999999999,0.7911499999999998
2026-07-06 00:00:00+00:00,0.7911499999999998,0.7915199999999999,0.7907299999999998,0.7909599999999999
2026-07-06 01:00:00+00:00,0.7909599999999999,0.7920399999999999,0.7908899999999999,0.7920099999999999
2026-07-06 02:00:00+00:00,0.7920099999999999,0.7921099999999999,0.7914899999999998,0.7915999999999999
2026-07-06 03:00:00+00:00,0.7915999999999999,0.7920699999999998,0.7914399999999998,0.7918199999999999
2026-07-06 04:00:00+00:00,0.7918199999999999,0.7918699999999999,0.7916499999999999,0.7917899999999999
2026-07-06 05:00:00+00:00,0.7917899999999999,0.7924799999999999,0.7917599999999998,0.7924399999999998
2026-07-06 06:00:00+00:00,0.7924399999999998,0.7932599999999999,0.7921199999999998,0.7930299999999999
2026-07-06 07:00:00+00:00,0.7930299999999999,0.7933899999999998,0.7919299999999998,0.7920199999999998
2026-07-06 08:00:00+00:00,0.7920199999999998,0.7931099999999999,0.7919499999999998,0.7927499999999998
2026-07-06 09:00:00+00:00,0.7927499999999998,0.7933899999999998,0.7926799999999998,0.7932999999999999
2026-07-06 10:00:00+00:00,0.7932999999999999,0.7935499999999999,0.7926299999999998,0.7930099999999999
2026-07-06 11:00:00+00:00,0.7930099999999999,0.7937499999999998,0.7929899999999999,0.7933499999999999
2026-07-06 12:00:00+00:00,0.7933499999999999,0.7939099999999999,0.7929199999999998,0.7937399999999999
2026-07-06 13:00:00+00:00,0.7937399999999999,0.7944199999999998,0.7929299999999998,0.7941199999999998
2026-07-06 14:00:00+00:00,0.7941199999999998,0.7946799999999998,0.7937999999999998,0.7938899999999999
2026-07-06 15:00:00+00:00,0.7938899999999999,0.7943399999999998,0.7933799999999999,0.7936599999999998
2026-07-06 16:00:00+00:00,0.7936599999999998,0.7937199999999999,0.7931599999999999,0.7934099999999998
2026-07-06 17:00:00+00:00,0.7934099999999998,0.7934199999999999,0.7926399999999999,0.7927899999999999
2026-07-06 18:00:00+00:00,0.7927899999999999,0.7929699999999998,0.7920199999999998,0.7922799999999999
2026-07-06 19:00:00+00:00,0.7922799999999999,0.7926899999999999,0.7921799999999999,0.7926199999999999
2026-07-06 20:00:00+00:00,0.7926199999999999,0.7927899999999999,0.7923799999999999,0.7923799999999999
2026-07-06 21:00:00+00:00,0.7923799999999999,0.7924899999999998,0.7910699999999998,0.7913799999999999
2026-07-06 22:00:00+00:00,0.7913799999999999,0.7925499999999999,0.7913799999999999,0.7923299999999999
2026-07-06 23:00:00+00:00,0.7923299999999999,0.7924999999999999,0.7920099999999999,0.7924799999999999
2026-07-07 00:00:00+00:00,0.7924799999999999,0.7931099999999999,0.7924299999999999,0.7930899999999999
2026-07-07 01:00:00+00:00,0.7930899999999999,0.7931699999999998,0.7921699999999998,0.7925399999999998
2026-07-07 02:00:00+00:00,0.7925399999999998,0.7929499999999998,0.7923999999999999,0.7929399999999999
2026-07-07 03:00:00+00:00,0.7929399999999999,0.7930099999999999,0.7925499999999999,0.7928899999999999
2026-07-07 04:00:00+00:00,0.7928899999999999,0.7930799999999999,0.7927399999999999,0.7930799999999999
2026-07-07 05:00:00+00:00,0.7930799999999999,0.7937799999999998,0.7929399999999999,0.7934999999999999
2026-07-07 06:00:00+00:00,0.7934999999999999,0.7941499999999998,0.7932099999999999,0.7933799999999999
2026-07-07 07:00:00+00:00,0.7933799999999999,0.7942199999999998,0.7931699999999998,0.7941899999999998
2026-07-07 08:00:00+00:00,0.7941899999999998,0.7942699999999998,0.7933499999999999,0.7936799999999998
2026-07-07 09:00:00+00:00,0.7936799999999998,0.7944699999999999,0.7935699999999999,0.7944399999999998
2026-07-07 10:00:00+00:00,0.7944399999999998,0.7945999999999999,0.7938799999999998,0.7939399999999999
2026-07-07 11:00:00+00:00,0.7939399999999999,0.7942999999999999,0.7933499999999999,0.7937099999999998
2026-07-07 12:00:00+00:00,0.7937099999999998,0.7937399999999999,0.7927499999999998,0.7932599999999999
2026-07-07 13:00:00+00:00,0.7932599999999999,0.7938299999999998,0.7927499999999998,0.7935599999999998
2026-07-07 14:00:00+00:00,0.7935599999999998,0.7945299999999998,0.7929799999999998,0.7934499999999999
2026-07-07 15:00:00+00:00,0.7934499999999999,0.7943599999999998,0.7934299999999999,0.7943299999999999
2026-07-07 16:00:00+00:00,0.7943299999999999,0.7947799999999998,0.7941399999999998,0.7944699999999999
2026-07-07 17:00:00+00:00,0.7944699999999999,0.7945299999999998,0.7939499999999998,0.7940699999999998
2026-07-07 18:00:00+00:00,0.7940699999999998,0.7950599999999999,0.7939499999999998,0.7949899999999999
2026-07-07 19:00:00+00:00,0.7949899999999999,0.7961299999999999,0.7949399999999999,0.7954899999999998
2026-07-07 20:00:00+00:00,0.7954899999999998,0.7959299999999998,0.7949999999999998,0.7949999999999998
2026-07-07 21:00:00+00:00,0.7949999999999998,0.7958299999999998,0.7935599999999999,0.7950499999999999
2026-07-07 22:00:00+00:00,0.7950499999999999,0.7958299999999999,0.7950499999999999,0.7956
2026-07-07 23:00:00+00:00,0.7956,0.79621,0.7955199999999999,0.7961099999999999
2026-07-08 00:00:00+00:00,0.7961099999999999,0.7963999999999999,0.7956899999999999,0.79597
2026-07-08 01:00:00+00:00,0.79597,0.7967799999999999,0.7958299999999999,0.79619
2026-07-08 02:00:00+00:00,0.79619,0.79631,0.7956799999999999,0.7958399999999999
2026-07-08 03:00:00+00:00,0.7958399999999999,0.7958399999999999,0.7953199999999999,0.7955099999999999
2026-07-08 04:00:00+00:00,0.7955099999999999,0.7958,0.7953399999999999,0.79543
2026-07-08 05:00:00+00:00,0.79543,0.7956799999999999,0.7948,0.7950699999999999
2026-07-08 06:00:00+00:00,0.7950699999999999,0.7951199999999999,0.7938599999999999,0.79404
2026-07-08 07:00:00+00:00,0.79404,0.7949399999999999,0.7934699999999999,0.7937599999999999
2026-07-08 08:00:00+00:00,0.7937599999999999,0.79548,0.7935499999999999,0.79492
2026-07-08 09:00:00+00:00,0.79492,0.79553,0.79453,0.7950699999999999
2026-07-08 10:00:00+00:00,0.7950699999999999,0.7954499999999999,0.7943699999999999,0.7948799999999999
2026-07-08 11:00:00+00:00,0.7948799999999999,0.7965399999999999,0.7948099999999999,0.7961099999999999
2026-07-08 12:00:00+00:00,0.7961099999999999,0.7961999999999999,0.79514,0.7959499999999999
2026-07-08 13:00:00+00:00,0.7959499999999999,0.7964199999999999,0.7956199999999999,0.7961099999999999
2026-07-08 14:00:00+00:00,0.7961099999999999,0.79648,0.7956199999999999,0.7961699999999999
2026-07-08 15:00:00+00:00,0.7961699999999999,0.7978999999999999,0.7958299999999999,0.7976399999999999
2026-07-08 16:00:00+00:00,0.7976399999999999,0.79768,0.79592,0.7959499999999999
2026-07-08 17:00:00+00:00,0.7959499999999999,0.7959499999999999,0.7948399999999999,0.79541
2026-07-08 18:00:00+00:00,0.79541,0.7956699999999999,0.7946099999999999,0.7947599999999999
2026-07-08 19:00:00+00:00,0.7947599999999999,0.7950999999999999,0.7943199999999999,0.7949299999999999
2026-07-08 20:00:00+00:00,0.7949299999999999,0.79582,0.7946399999999999,0.7947
2026-07-08 21:00:00+00:00,0.7947,0.7959199999999998,0.7938299999999999,0.7949999999999999
2026-07-08 22:00:00+00:00,0.7949999999999999,0.79537,0.7949999999999999,0.79504
2026-07-08 23:00:00+00:00,0.79504,0.79525,0.7949299999999999,0.79501
2026-07-09 00:00:00+00:00,0.79501,0.79502,0.7939299999999999,0.79435
2026-07-09 01:00:00+00:00,0.79435,0.7948299999999999,0.79413,0.79421
2026-07-09 02:00:00+00:00,0.79421,0.79463,0.7941199999999999,0.7944899999999999
2026-07-09 03:00:00+00:00,0.7944899999999999,0.79453,0.79377,0.79406
2026-07-09 04:00:00+00:00,0.79406,0.7943199999999999,0.7939499999999999,0.79396
2026-07-09 05:00:00+00:00,0.79396,0.7940499999999999,0.79342,0.79363
2026-07-09 06:00:00+00:00,0.79363,0.79363,0.79216,0.79284
2026-07-09 07:00:00+00:00,0.79284,0.79382,0.79277,0.79324
2026-07-09 08:00:00+00:00,0.79324,0.7939299999999999,0.7927,0.79392
2026-07-09 09:00:00+00:00,0.79392,0.79455,0.7936799999999999,0.79375
2026-07-09 10:00:00+00:00,0.79375,0.7946799999999999,0.79369,0.7944399999999999
2026-07-09 11:00:00+00:00,0.7944399999999999,0.79484,0.79415,0.7942199999999999
2026-07-09 12:00:00+00:00,0.7942199999999999,0.79465,0.79345,0.79441
2026-07-09 13:00:00+00:00,0.79441,0.7944899999999999,0.79357,0.79369
2026-07-09 14:00:00+00:00,0.79369,0.79425,0.7929499999999999,0.79365
2026-07-09 15:00:00+00:00,0.79365,0.79404,0.79315,0.79319
2026-07-09 16:00:00+00:00,0.79319,0.79348,0.79291,0.79338
2026-07-09 17:00:00+00:00,0.79338,0.79341,0.79269,0.79302
2026-07-09 18:00:00+00:00,0.79302,0.79364,0.79293,0.79348
2026-07-09 19:00:00+00:00,0.79348,0.79404,0.7933899999999999,0.79391
2026-07-09 20:00:00+00:00,0.79391,0.79394,0.7928,0.79281
2026-07-09 21:00:00+00:00,0.79281,0.7940199999999997,0.79142,0.7931799999999997
2026-07-09 22:00:00+00:00,0.7931799999999997,0.7935199999999997,0.7930199999999996,0.7931199999999996
2026-07-09 23:00:00+00:00,0.7931199999999996,0.7932099999999996,0.7930499999999997,0.7930599999999997
2026-07-10 00:00:00+00:00,0.7930599999999997,0.7933699999999997,0.7919999999999997,0.7921899999999996
2026-07-10 01:00:00+00:00,0.7921899999999996,0.7923899999999997,0.7907999999999996,0.7910399999999996
2026-07-10 02:00:00+00:00,0.7910399999999996,0.7910599999999997,0.7895499999999996,0.7897899999999997
2026-07-10 03:00:00+00:00,0.7897899999999997,0.7904999999999996,0.7896799999999996,0.7903799999999996
2026-07-10 04:00:00+00:00,0.7903799999999996,0.7913799999999996,0.7903799999999996,0.7911699999999997
2026-07-10 05:00:00+00:00,0.7911699999999997,0.7916399999999997,0.7908399999999997,0.7912999999999997
2026-07-10 06:00:00+00:00,0.7912999999999997,0.7918199999999996,0.7908099999999997,0.7915099999999996
2026-07-10 07:00:00+00:00,0.7915099999999996,0.7921599999999996,0.7914899999999997,0.7918999999999996
2026-07-10 08:00:00+00:00,0.7918999999999996,0.7929199999999996,0.7914099999999996,0.7928099999999997
2026-07-10 09:00:00+00:00,0.7928099999999997,0.7933899999999997,0.7926399999999997,0.7933799999999996
2026-07-10 10:00:00+00:00,0.7933799999999996,0.7934199999999997,0.7927599999999997,0.7931399999999996
2026-07-10 11:00:00+00:00,0.7931399999999996,0.7937299999999996,0.7929799999999997,0.7932999999999997
2026-07-10 12:00:00+00:00,0.7932999999999997,0.7941199999999996,0.7924999999999996,0.7935299999999996
2026-07-10 13:00:00+00:00,0.7935299999999996,0.7945799999999996,0.7935099999999996,0.7943499999999997
2026-07-10 14:00:00+00:00,0.7943499999999997,0.7952899999999996,0.7938299999999997,0.7944599999999996
2026-07-10 15:00:00+00:00,0.7944599999999996,0.7945799999999996,0.7927099999999997,0.7928299999999997
2026-07-10 16:00:00+00:00,0.7928299999999997,0.7936899999999997,0.7924399999999997,0.7936899999999997
2026-07-10 17:00:00+00:00,0.7936899999999997,0.7947799999999997,0.7936099999999997,0.7946999999999996
2026-07-10 18:00:00+00:00,0.7946999999999996,0.7953399999999996,0.7946499999999996,0.7950099999999997
2026-07-10 19:00:00+00:00,0.7950099999999997,0.7953799999999996,0.7949899999999996,0.7951099999999997
2026-07-10 20:00:00+00:00,0.7951099999999997,0.7954699999999997,0.7940099999999997,0.7941099999999996
2026-07-12 21:00:00+00:00,0.7941099999999996,0.7966599999999995,0.7938899999999994,0.7966199999999994
2026-07-12 22:00:00+00:00,0.7966199999999994,0.7983799999999994,0.7964799999999995,0.7980599999999994
2026-07-12 23:00:00+00:00,0.7980599999999994,0.7985099999999995,0.7975599999999995,0.7975799999999995
2026-07-13 00:00:00+00:00,0.7975799999999995,0.7984099999999995,0.7974199999999995,0.7983699999999995
2026-07-13 01:00:00+00:00,0.7983699999999995,0.7990099999999994,0.7979499999999995,0.7979799999999995
2026-07-13 02:00:00+00:00,0.7979799999999995,0.7984299999999994,0.7979099999999995,0.7983799999999994
2026-07-13 03:00:00+00:00,0.7983799999999994,0.7987299999999995,0.7979799999999995,0.7979999999999995
2026-07-13 04:00:00+00:00,0.7979999999999995,0.7981299999999995,0.7974099999999995,0.7975499999999994
2026-07-13 05:00:00+00:00,0.7975499999999994,0.7982099999999994,0.7972799999999994,0.7980699999999995
2026-07-13 06:00:00+00:00,0.7980699999999995,0.7985699999999994,0.7970999999999995,0.7974799999999995
2026-07-13 07:00:00+00:00,0.7974799999999995,0.7978299999999995,0.7966399999999995,0.7968199999999994
2026-07-13 08:00:00+00:00,0.7968199999999994,0.7968799999999995,0.7956099999999995,0.7963399999999995
2026-07-13 09:00:00+00:00,0.7963399999999995,0.7976699999999994,0.7963299999999994,0.7974199999999995
2026-07-13 10:00:00+00:00,0.7974199999999995,0.7982699999999995,0.7971299999999995,0.7971299999999995
2026-07-13 11:00:00+00:00,0.7971299999999995,0.7978099999999995,0.7968999999999995,0.7977099999999995
2026-07-13 12:00:00+00:00,0.7977099999999995,0.7986099999999995,0.7974299999999994,0.7977599999999995
2026-07-13 13:00:00+00:00,0.7977599999999995,0.7991299999999995,0.7974799999999995,0.7989799999999995
2026-07-13 14:00:00+00:00,0.7989799999999995,0.8006199999999994,0.7987799999999995,0.7998999999999995
2026-07-13 15:00:00+00:00,0.7998999999999995,0.8008899999999994,0.7998599999999995,0.8004799999999995
2026-07-13 16:00:00+00:00,0.8004799999999995,0.8021499999999995,0.8003699999999995,0.8017399999999995
2026-07-13 17:00:00+00:00,0.8017399999999995,0.8023499999999995,0.8016599999999995,0.8023399999999995
2026-07-13 18:00:00+00:00,0.8023399999999995,0.8027799999999995,0.8021799999999994,0.8022399999999995
2026-07-13 19:00:00+00:00,0.8022399999999995,0.8028099999999995,0.8021799999999994,0.8026399999999995
2026-07-13 20:00:00+00:00,0.8026399999999995,0.8031099999999994,0.8026099999999995,0.8029099999999995
2026-07-13 21:00:00+00:00,0.8029099999999995,0.8029099999999995,0.8017699999999994,0.8026399999999995
2026-07-13 22:00:00+00:00,0.8026399999999995,0.8029799999999995,0.8026199999999994,0.8029699999999994
2026-07-13 23:00:00+00:00,0.8029699999999994,0.8030199999999994,0.8027399999999995,0.8027999999999994
2026-07-14 00:00:00+00:00,0.8027999999999994,0.8032999999999995,0.8022999999999995,0.8027299999999994
2026-07-14 01:00:00+00:00,0.8027299999999994,0.8027799999999994,0.8022799999999994,0.8023799999999994
2026-07-14 02:00:00+00:00,0.8023799999999994,0.8023799999999994,0.8015899999999995,0.8019099999999995
2026-07-14 03:00:00+00:00,0.8019099999999995,0.8021099999999994,0.8013699999999995,0.8017399999999995
2026-07-14 04:00:00+00:00,0.8017399999999995,0.8022799999999994,0.8016699999999994,0.8019999999999994
2026-07-14 05:00:00+00:00,0.8019999999999994,0.8020699999999994,0.8014399999999994,0.8019799999999995
2026-07-14 06:00:00+00:00,0.8019799999999995,0.8026899999999995,0.8017899999999994,0.8026899999999995
2026-07-14 07:00:00+00:00,0.8026899999999995,0.8029899999999994,0.8018499999999994,0.8018599999999995
2026-07-14 08:00:00+00:00,0.8018599999999995,0.8019799999999995,0.8002799999999994,0.8007399999999995
2026-07-14 09:00:00+00:00,0.8007399999999995,0.8007699999999994,0.7999399999999994,0.8001199999999994
2026-07-14 10:00:00+00:00,0.8001199999999994,0.8010899999999994,0.8000799999999995,0.8009899999999994
2026-07-14 11:00:00+00:00,0.8009899999999994,0.8011899999999994,0.7993799999999994,0.7997799999999994
2026-07-14 12:00:00+00:00,0.7997799999999994,0.7998599999999995,0.7944599999999994,0.7962399999999994
2026-07-14 13:00:00+00:00,0.7962399999999994,0.7965399999999995,0.7952299999999994,0.7954699999999995
2026-07-14 14:00:00+00:00,0.7954699999999995,0.7960699999999994,0.7941899999999994,0.7957599999999995
2026-07-14 15:00:00+00:00,0.7957599999999995,0.7974399999999994,0.7949099999999995,0.7972299999999994
2026-07-14 16:00:00+00:00,0.7972299999999994,0.7975999999999994,0.7966299999999994,0.7968699999999994
2026-07-14 17:00:00+00:00,0.7968699999999994,0.7980199999999994,0.7966699999999994,0.7975499999999994
2026-07-14 18:00:00+00:00,0.7975499999999994,0.7981099999999994,0.7972199999999994,0.7973199999999995
2026-07-14 19:00:00+00:00,0.7973199999999995,0.7976299999999994,0.7970699999999994,0.7976199999999994
2026-07-14 20:00:00+00:00,0.7976199999999994,0.7977699999999994,0.7972399999999994,0.7972399999999994
2026-07-14 21:00:00+00:00,0.7972399999999994,0.7982899999999994,0.7965899999999994,0.7979999999999994
2026-07-14 22:00:00+00:00,0.7979999999999994,0.7987399999999993,0.7978099999999994,0.7984199999999994
2026-07-14 23:00:00+00:00,0.7984199999999994,0.7985199999999993,0.7980699999999994,0.7981299999999993
2026-07-15 00:00:00+00:00,0.7981299999999993,0.7982199999999994,0.7973999999999993,0.7974999999999993
2026-07-15 01:00:00+00:00,0.7974999999999993,0.7978199999999994,0.7970599999999993,0.7975999999999994
2026-07-15 02:00:00+00:00,0.7975999999999994,0.7980299999999994,0.7973999999999993,0.7977299999999994
2026-07-15 03:00:00+00:00,0.7977299999999994,0.7985299999999994,0.7975699999999993,0.7982099999999994
2026-07-15 04:00:00+00:00,0.7982099999999994,0.7983199999999994,0.7980099999999993,0.7982799999999993
2026-07-15 05:00:00+00:00,0.7982799999999993,0.7986399999999994,0.7976799999999994,0.7978699999999994
2026-07-15 06:00:00+00:00,0.7978699999999994,0.7983199999999994,0.7974399999999994,0.7982699999999994
2026-07-15 07:00:00+00:00,0.7982699999999994,0.7989399999999994,0.7978299999999994,0.7987399999999993
2026-07-15 08:00:00+00:00,0.7987399999999993,0.7994699999999993,0.7984599999999994,0.7991099999999993
2026-07-15 09:00:00+00:00,0.7991099999999993,0.7999299999999994,0.7988999999999994,0.7999299999999994
2026-07-15 10:00:00+00:00,0.7999299999999994,0.8002899999999994,0.7997999999999994,0.7998199999999994
2026-07-15 11:00:00+00:00,0.7998199999999994,0.8002699999999994,0.7995099999999994,0.8000799999999993
2026-07-15 12:00:00+00:00,0.8000799999999993,0.8005099999999994,0.7979199999999994,0.7980599999999993
2026-07-15 13:00:00+00:00,0.7980599999999993,0.7983299999999993,0.7968599999999993,0.7972799999999993
2026-07-15 14:00:00+00:00,0.7972799999999993,0.7976999999999994,0.7962999999999993,0.7964199999999994
2026-07-15 15:00:00+00:00,0.7964199999999994,0.7964299999999994,0.7953899999999994,0.7957399999999993
2026-07-15 16:00:00+00:00,0.7957399999999993,0.7963699999999994,0.7955999999999994,0.7960599999999993
2026-07-15 17:00:00+00:00,0.7960599999999993,0.7961099999999993,0.7933999999999993,0.7934199999999993
2026-07-15 18:00:00+00:00,0.7934199999999993,0.7938099999999993,0.7924299999999994,0.7936899999999993
2026-07-15 19:00:00+00:00,0.7936899999999993,0.7943899999999994,0.7932299999999993,0.7941899999999994
2026-07-15 20:00:00+00:00,0.7941899999999994,0.7945699999999993,0.7936199999999993,0.7937499999999994
2026-07-15 21:00:00+00:00,0.7937499999999994,0.7944699999999991,0.7934799999999993,0.7942999999999991
2026-07-15 22:00:00+00:00,0.7942999999999991,0.7948099999999991,0.7942699999999991,0.7946399999999991
2026-07-15 23:00:00+00:00,0.7946399999999991,0.7946499999999992,0.7941799999999991,0.7943699999999991
2026-07-16 00:00:00+00:00,0.7943699999999991,0.7948699999999991,0.794119999999999,0.7944499999999991
2026-07-16 01:00:00+00:00,0.7944499999999991,0.795439999999999,0.7943999999999991,0.7953099999999991
2026-07-16 02:00:00+00:00,0.7953099999999991,0.7961099999999991,0.7953099999999991,0.7957599999999991
2026-07-16 03:00:00+00:00,0.7957599999999991,0.7958599999999991,0.7951399999999991,0.7954599999999991
2026-07-16 04:00:00+00:00,0.7954599999999991,0.7959399999999991,0.7954499999999991,0.795729999999999
2026-07-16 05:00:00+00:00,0.795729999999999,0.7961099999999991,0.7954999999999991,0.7959699999999991
2026-07-16 06:00:00+00:00,0.7959699999999991,0.7959799999999991,0.7953799999999991,0.7955799999999991
2026-07-16 07:00:00+00:00,0.7955799999999991,0.7958499999999991,0.7951599999999991,0.795779999999999
2026-07-16 08:00:00+00:00,0.795779999999999,0.7968199999999991,0.7956699999999991,0.796559999999999
2026-07-16 09:00:00+00:00,0.796559999999999,0.7971299999999991,0.7965199999999991,0.796899999999999
2026-07-16 10:00:00+00:00,0.796899999999999,0.7971799999999991,0.7965399999999991,0.797049999999999
2026-07-16 11:00:00+00:00,0.797049999999999,0.7971099999999991,0.7961999999999991,0.7962599999999991
2026-07-16 12:00:00+00:00,0.7962599999999991,0.7978699999999991,0.795899999999999,0.7978099999999991
2026-07-16 13:00:00+00:00,0.7978099999999991,0.7979299999999991,0.7969799999999991,0.7975899999999991
2026-07-16 14:00:00+00:00,0.7975899999999991,0.7984999999999991,0.7971399999999991,0.7982799999999991
2026-07-16 15:00:00+00:00,0.7982799999999991,0.7985199999999991,0.7973099999999991,0.7975999999999991
2026-07-16 16:00:00+00:00,0.7975999999999991,0.7991499999999991,0.7975399999999991,0.7990899999999991
2026-07-16 17:00:00+00:00,0.7990899999999991,0.7993499999999991,0.7983799999999991,0.798559999999999
2026-07-16 18:00:00+00:00,0.798559999999999,0.7987499999999991,0.798389999999999,0.798509999999999
2026-07-16 19:00:00+00:00,0.798509999999999,0.798899999999999,0.7983799999999991,0.7984999999999991
2026-07-16 20:00:00+00:00,0.7984999999999991,0.7986899999999991,0.7981999999999991,0.7982999999999991
2026-07-16 21:00:00+00:00,0.7982999999999991,0.7985499999999991,0.7976799999999992,0.7980799999999992
2026-07-16 22:00:00+00:00,0.7980799999999992,0.7988499999999992,0.7980799999999992,0.7987599999999991
2026-07-16 23:00:00+00:00,0.7987599999999991,0.7988099999999991,0.7984399999999992,0.7985499999999992
2026-07-17 00:00:00+00:00,0.7985499999999992,0.7986799999999992,0.7982699999999991,0.7982799999999992
2026-07-17 01:00:00+00:00,0.7982799999999992,0.7992399999999992,0.7981699999999992,0.7990799999999991
2026-07-17 02:00:00+00:00,0.7990799999999991,0.7992399999999992,0.7987399999999991,0.7991599999999992
2026-07-17 03:00:00+00:00,0.7991599999999992,0.7992199999999992,0.7987699999999992,0.7989399999999992
2026-07-17 04:00:00+00:00,0.7989399999999992,0.7993499999999991,0.7989199999999992,0.7992499999999991
2026-07-17 05:00:00+00:00,0.7992499999999991,0.7993699999999991,0.7984999999999992,0.7988399999999992
2026-07-17 06:00:00+00:00,0.7988399999999992,0.7988399999999992,0.7976599999999991,0.7979199999999992
2026-07-17 07:00:00+00:00,0.7979199999999992,0.7980399999999992,0.7969299999999991,0.7972899999999992
2026-07-17 08:00:00+00:00,0.7972899999999992,0.7975599999999992,0.7965199999999991,0.7965699999999992
2026-07-17 09:00:00+00:00,0.7965699999999992,0.7979299999999991,0.7965399999999991,0.7975599999999992
2026-07-17 10:00:00+00:00,0.7975599999999992,0.7981299999999991,0.7973499999999992,0.7980099999999992
2026-07-17 11:00:00+00:00,0.7980099999999992,0.7980399999999992,0.7968799999999991,0.7972499999999991
2026-07-17 12:00:00+00:00,0.7972499999999991,0.7976599999999991,0.7968899999999992,0.7974899999999991
2026-07-17 13:00:00+00:00,0.7974899999999991,0.7981299999999991,0.7971599999999992,0.7974799999999992
2026-07-17 14:00:00+00:00,0.7974799999999992,0.7977699999999992,0.7966599999999991,0.7967699999999992
2026-07-17 15:00:00+00:00,0.7967699999999992,0.7970599999999992,0.7960999999999991,0.7969299999999991
2026-07-17 16:00:00+00:00,0.7969299999999991,0.7974899999999991,0.7969099999999991,0.7974099999999992
2026-07-17 17:00:00+00:00,0.7974099999999992,0.7977199999999992,0.7972999999999991,0.7976199999999992
2026-07-17 18:00:00+00:00,0.7976199999999992,0.7976799999999992,0.7973299999999992,0.7975599999999992
2026-07-17 19:00:00+00:00,0.7975599999999992,0.7978899999999992,0.7972199999999992,0.7972999999999991
2026-07-17 20:00:00+00:00,0.7972999999999991,0.7977699999999992,0.7967599999999991,0.7967699999999992
2026-07-19 21:00:00+00:00,0.7967699999999992,0.7971699999999994,0.7960399999999992,0.7966599999999991
2026-07-19 22:00:00+00:00,0.7966599999999991,0.7975099999999992,0.7966599999999991,0.7974599999999992
2026-07-19 23:00:00+00:00,0.7974599999999992,0.7977199999999991,0.7972699999999991,0.7973399999999992
2026-07-20 00:00:00+00:00,0.7973399999999992,0.7974099999999992,0.7968799999999991,0.7969199999999991
2026-07-20 01:00:00+00:00,0.7969199999999991,0.7970999999999991,0.7966199999999991,0.7967799999999992
2026-07-20 02:00:00+00:00,0.7967799999999992,0.7968699999999991,0.7962099999999991,0.7963899999999992
2026-07-20 03:00:00+00:00,0.7963899999999992,0.7964199999999991,0.7961599999999991,0.7962199999999992
2026-07-20 04:00:00+00:00,0.7962199999999992,0.7962399999999992,0.7958499999999992,0.7958899999999991
2026-07-20 05:00:00+00:00,0.7958899999999991,0.7962699999999991,0.7958299999999991,0.7962399999999992
2026-07-20 06:00:00+00:00,0.7962399999999992,0.7962899999999992,0.7959299999999991,0.7962299999999991
2026-07-20 07:00:00+00:00,0.7962299999999991,0.7965999999999991,0.7949899999999991,0.7952899999999992
2026-07-20 08:00:00+00:00,0.7952899999999992,0.7959699999999992,0.7951999999999991,0.7958699999999991
2026-07-20 09:00:00+00:00,0.7958699999999991,0.7971199999999992,0.7957899999999991,0.7969099999999991
2026-07-20 10:00:00+00:00,0.7969099999999991,0.7970699999999992,0.7963599999999992,0.7967799999999992
2026-07-20 11:00:00+00:00,0.7967799999999992,0.7971999999999991,0.7959699999999992,0.7966599999999991
2026-07-20 12:00:00+00:00,0.7966599999999991,0.7982499999999991,0.7966599999999991,0.7976799999999992
2026-07-20 13:00:00+00:00,0.7976799999999992,0.7985099999999992,0.7975699999999991,0.7983599999999992
2026-07-20 14:00:00+00:00,0.7983599999999992,0.7996399999999991,0.7981499999999991,0.7992099999999991
2026-07-20 15:00:00+00:00,0.7992099999999991,0.7994899999999991,0.7989699999999992,0.7991999999999991
2026-07-20 16:00:00+00:00,0.7991999999999991,0.7995499999999991,0.7988099999999991,0.7991799999999991
2026-07-20 17:00:00+00:00,0.7991799999999991,0.7991799999999991,0.7986899999999991,0.7989099999999991
2026-07-20 18:00:00+00:00,0.7989099999999991,0.7990699999999992,0.7985899999999991,0.7988299999999992
2026-07-20 19:00:00+00:00,0.7988299999999992,0.7990699999999992,0.7985999999999991,0.7988999999999992
2026-07-20 20:00:00+00:00,0.7988999999999992,0.7992299999999991,0.7979899999999991,0.7980799999999991
2026-07-20 21:00:00+00:00,0.7980799999999991,0.7992999999999991,0.7967099999999991,0.7992499999999991
2026-07-20 22:00:00+00:00,0.7992499999999991,0.7994599999999992,0.7990799999999991,0.7992399999999992
2026-07-20 23:00:00+00:00,0.7992399999999992,0.7993299999999992,0.7989599999999991,0.7989899999999992
2026-07-21 00:00:00+00:00,0.7989899999999992,0.7995299999999992,0.7988499999999992,0.7994199999999991
2026-07-21 01:00:00+00:00,0.7994199999999991,0.7994799999999992,0.7990399999999992,0.7994499999999991
2026-07-21 02:00:00+00:00,0.7994499999999991,0.7996199999999991,0.7992099999999992,0.7995599999999992
2026-07-21 03:00:00+00:00,0.7995599999999992,0.7998299999999992,0.7994199999999991,0.7996799999999992
2026-07-21 04:00:00+00:00,0.7996799999999992,0.7996999999999992,0.7991999999999991,0.7992399999999992
2026-07-21 05:00:00+00:00,0.7992399999999992,0.7994299999999992,0.7989199999999992,0.7992399999999992
2026-07-21 06:00:00+00:00,0.7992399999999992,0.7993299999999992,0.7986599999999991,0.7989499999999992
2026-07-21 07:00:00+00:00,0.7989499999999992,0.7989799999999991,0.7980699999999992,0.7987999999999992
2026-07-21 08:00:00+00:00,0.7987999999999992,0.7997199999999992,0.7985299999999992,0.7992599999999992
2026-07-21 09:00:00+00:00,0.7992599999999992,0.7994099999999992,0.7986899999999991,0.7989499999999992
2026-07-21 10:00:00+00:00,0.7989499999999992,0.7992199999999992,0.7982199999999992,0.7990799999999991
2026-07-21 11:00:00+00:00,0.7990799999999991,0.7997799999999992,0.7990099999999991,0.7996199999999991
2026-07-21 12:00:00+00:00,0.7996199999999991,0.8002699999999991,0.7994499999999991,0.7997799999999992
2026-07-21 13:00:00+00:00,0.7997799999999992,0.8010799999999991,0.7997199999999992,0.8005399999999991
2026-07-21 14:00:00+00:00,0.8005399999999991,0.8018699999999992,0.7997699999999992,0.8015499999999992
2026-07-21 15:00:00+00:00,0.8015499999999992,0.8017699999999992,0.8009599999999991,0.8012299999999991
2026-07-21 16:00:00+00:00,0.8012299999999991,0.8013799999999992,0.8010499999999992,0.8012999999999991
2026-07-21 17:00:00+00:00,0.8012999999999991,0.8016099999999992,0.8012099999999992,0.8015499999999992
2026-07-21 18:00:00+00:00,0.8015499999999992,0.8022499999999991,0.8015299999999992,0.8018999999999992
2026-07-21 19:00:00+00:00,0.8018999999999992,0.8020899999999992,0.8016299999999992,0.8016599999999992
2026-07-21 20:00:00+00:00,0.8016599999999992,0.8019299999999991,0.8014999999999991,0.8016799999999992
2026-07-21 21:00:00+00:00,0.8016799999999992,0.8030599999999992,0.8016799999999992,0.8025099999999992
2026-07-21 22:00:00+00:00,0.8025099999999992,0.8030999999999991,0.8024499999999991,0.8030999999999991
2026-07-21 23:00:00+00:00,0.8030999999999991,0.8031999999999991,0.8028099999999991,0.8028399999999992
2026-07-22 00:00:00+00:00,0.8028399999999992,0.8030199999999992,0.8025199999999992,0.8028699999999992
2026-07-22 01:00:00+00:00,0.8028699999999992,0.8035399999999991,0.8025899999999991,0.8031899999999992
2026-07-22 02:00:00+00:00,0.8031899999999992,0.8033499999999992,0.8025799999999992,0.8028999999999992
2026-07-22 03:00:00+00:00,0.8028999999999992,0.8031099999999992,0.8027499999999992,0.8029499999999992
2026-07-22 04:00:00+00:00,0.8029499999999992,0.8033199999999991,0.8029299999999991,0.8031399999999992
2026-07-22 05:00:00+00:00,0.8031399999999992,0.8033199999999991,0.8027699999999992,0.8028099999999991
2026-07-22 06:00:00+00:00,0.8028099999999991,0.8028999999999992,0.8024199999999991,0.8026199999999992
2026-07-22 07:00:00+00:00,0.8026199999999992,0.8027899999999992,0.8015199999999992,0.8022899999999992
2026-07-22 08:00:00+00:00,0.8022899999999992,0.8025799999999992,0.8017799999999992,0.8020399999999992
2026-07-22 09:00:00+00:00,0.8020399999999992,0.8029499999999992,0.8017699999999992,0.8027599999999991
2026-07-22 10:00:00+00:00,0.8027599999999991,0.8031299999999992,0.8025599999999992,0.8028199999999992
2026-07-22 11:00:00+00:00,0.8028199999999992,0.8031399999999992,0.8025799999999992,0.8028299999999992
2026-07-22 12:00:00+00:00,0.8028299999999992,0.8032099999999992,0.8020899999999992,0.8028099999999991
2026-07-22 13:00:00+00:00,0.8028099999999991,0.8028299999999992,0.8015299999999992,0.8025199999999992
2026-07-22 14:00:00+00:00,0.8025199999999992,0.8038299999999992,0.8023099999999992,0.8038199999999992
2026-07-22 15:00:00+00:00,0.8038199999999992,0.8040099999999992,0.8032199999999992,0.8036099999999992
2026-07-22 16:00:00+00:00,0.8036099999999992,0.8045599999999992,0.8035799999999992,0.8045599999999992
2026-07-22 17:00:00+00:00,0.8045599999999992,0.8048899999999992,0.8043299999999992,0.8047199999999992
2026-07-22 18:00:00+00:00,0.8047199999999992,0.8049399999999992,0.8046399999999991,0.8048299999999992
2026-07-22 19:00:00+00:00,0.8048299999999992,0.8050099999999992,0.8046599999999992,0.8046899999999991
2026-07-22 20:00:00+00:00,0.8046899999999991,0.8047499999999992,0.8045199999999992,0.8046099999999992
2026-07-22 21:00:00+00:00,0.8046099999999992,0.8046999999999992,0.8039799999999991,0.8045399999999991
2026-07-22 22:00:00+00:00,0.8045399999999991,0.8049399999999991,0.8045399999999991,0.804749999999999
2026-07-22 23:00:00+00:00,0.804749999999999,0.804749999999999,0.804429999999999,0.8044699999999989
2026-07-23 00:00:00+00:00,0.8044699999999989,0.804529999999999,0.8040999999999989,0.804119999999999
2026-07-23 01:00:00+00:00,0.804119999999999,0.804379999999999,0.803849999999999,0.804339999999999
2026-07-23 02:00:00+00:00,0.804339999999999,0.804379999999999,0.803699999999999,0.803729999999999
2026-07-23 03:00:00+00:00,0.803729999999999,0.804019999999999,0.803379999999999,0.8035599999999989
2026-07-23 04:00:00+00:00,0.8035599999999989,0.803649999999999,0.8032199999999989,0.8034499999999989
2026-07-23 05:00:00+00:00,0.8034499999999989,0.803729999999999,0.803309999999999,0.803599999999999
2026-07-23 06:00:00+00:00,0.803599999999999,0.8043499999999989,0.803409999999999,0.804259999999999
2026-07-23 07:00:00+00:00,0.804259999999999,0.8058899999999989,0.8042499999999989,0.8049599999999989
2026-07-23 08:00:00+00:00,0.8049599999999989,0.8055899999999989,0.804509999999999,0.8049499999999989
2026-07-23 09:00:00+00:00,0.8049499999999989,0.8052999999999989,0.804479999999999,0.8048599999999989
2026-07-23 10:00:00+00:00,0.8048599999999989,0.8053999999999989,0.8047599999999989,0.8053199999999989
2026-07-23 11:00:00+00:00,0.8053199999999989,0.807119999999999,0.8052799999999989,0.8062499999999989
2026-07-23 12:00:00+00:00,0.8062499999999989,0.807429999999999,0.8059399999999989,0.8068899999999989
2026-07-23 13:00:00+00:00,0.8068899999999989,0.8079799999999989,0.8061799999999989,0.8069599999999989
2026-07-23 14:00:00+00:00,0.8069599999999989,0.8073999999999989,0.8063699999999989,0.806699999999999
2026-07-23 15:00:00+00:00,0.806699999999999,0.8082299999999989,0.8061999999999989,0.807479999999999
2026-07-23 16:00:00+00:00,0.807479999999999,0.807479999999999,0.8063499999999989,0.8065199999999989
2026-07-23 17:00:00+00:00,0.8065199999999989,0.807509999999999,0.8061499999999989,0.8074899999999989
2026-07-23 18:00:00+00:00,0.8074899999999989,0.8075399999999989,0.8070099999999989,0.8071499999999989
2026-07-23 19:00:00+00:00,0.8071499999999989,0.8073499999999989,0.8066399999999989,0.807019999999999
2026-07-23 20:00:00+00:00,0.807019999999999,0.807189999999999,0.8067599999999989,0.8069299999999989
2026-07-23 21:00:00+00:00,0.8069299999999989,0.8078199999999989,0.8061299999999989,0.8071799999999989
2026-07-23 22:00:00+00:00,0.8071799999999989,0.8075699999999989,0.8071399999999989,0.8073499999999989
2026-07-23 23:00:00+00:00,0.8073499999999989,0.8076899999999989,0.8073099999999989,0.8075999999999989
2026-07-24 00:00:00+00:00,0.8075999999999989,0.8078099999999989,0.806949999999999,0.806949999999999
2026-07-24 01:00:00+00:00,0.806949999999999,0.8072599999999989,0.8066899999999989,0.8071799999999989
2026-07-24 02:00:00+00:00,0.8071799999999989,0.8077899999999989,0.807069999999999,0.8077799999999989
2026-07-24 03:00:00+00:00,0.8077799999999989,0.8080499999999989,0.8076599999999989,0.8077099999999989
2026-07-24 04:00:00+00:00,0.8077099999999989,0.8082999999999989,0.8075799999999989,0.808069999999999
2026-07-24 05:00:00+00:00,0.808069999999999,0.8081099999999989,0.8076299999999988,0.8079799999999989
2026-07-24 06:00:00+00:00,0.8079799999999989,0.8080499999999989,0.8073499999999989,0.8073899999999989
2026-07-24 07:00:00+00:00,0.8073899999999989,0.8074899999999989,0.8059599999999989,0.8069299999999989
2026-07-24 08:00:00+00:00,0.8069299999999989,0.8073699999999989,0.8066699999999989,0.8072199999999989
2026-07-24 09:00:00+00:00,0.8072199999999989,0.8074999999999989,0.8070299999999989,0.807069999999999
2026-07-24 10:00:00+00:00,0.807069999999999,0.8077799999999989,0.8067799999999989,0.8075699999999989
2026-07-24 11:00:00+00:00,0.8075699999999989,0.8087399999999989,0.8072799999999989,0.8082999999999989
2026-07-24 12:00:00+00:00,0.8082999999999989,0.8088899999999989,0.8080299999999989,0.8087099999999989
2026-07-24 13:00:00+00:00,0.8087099999999989,0.8091899999999989,0.8085199999999989,0.8085399999999989
2026-07-24 14:00:00+00:00,0.8085399999999989,0.8086999999999989,0.8079199999999989,0.8082499999999989
2026-07-24 15:00:00+00:00,0.8082499999999989,0.8083499999999989,0.8069799999999989,0.8074899999999989
2026-07-24 16:00:00+00:00,0.8074899999999989,0.8080799999999989,0.8071599999999989,0.8080799999999989
2026-07-24 17:00:00+00:00,0.8080799999999989,0.8091099999999989,0.8079999999999989,0.808949999999999
2026-07-24 18:00:00+00:00,0.808949999999999,0.8092299999999989,0.8088699999999989,0.8089099999999989
2026-07-24 19:00:00+00:00,0.8089099999999989,0.8091499999999989,0.8087799999999989,0.8090299999999989
2026-07-24 20:00:00+00:00,0.8090299999999989,0.8092599999999989,0.808459999999999,0.808459999999999
2026-07-26 21:00:00+00:00,0.808459999999999,0.809769999999999,0.8082699999999989,0.809359999999999
2026-07-26 22:00:00+00:00,0.809359999999999,0.810519999999999,0.809059999999999,0.810409999999999
2026-07-26 23:00:00+00:00,0.810409999999999,0.810449999999999,0.809809999999999,0.809889999999999
2026-07-27 00:00:00+00:00,0.809889999999999,0.809889999999999,0.8076299999999991,0.808619999999999
2026-07-27 01:00:00+00:00,0.808619999999999,0.808619999999999,0.807489999999999,0.807489999999999
2026-07-27 02:00:00+00:00,0.807489999999999,0.808419999999999,0.807449999999999,0.808399999999999
2026-07-27 03:00:00+00:00,0.808399999999999,0.808819999999999,0.808279999999999,0.808539999999999
2026-07-27 04:00:00+00:00,0.808539999999999,0.808769999999999,0.808379999999999,0.8086299999999991
2026-07-27 05:00:00+00:00,0.8086299999999991,0.808869999999999,0.808389999999999,0.808779999999999
2026-07-27 06:00:00+00:00,0.808779999999999,0.808799999999999,0.807479999999999,0.808199999999999
2026-07-27 07:00:00+00:00,0.808199999999999,0.808859999999999,0.807599999999999,0.808839999999999
2026-07-27 08:00:00+00:00,0.808839999999999,0.809099999999999,0.808369999999999,0.8085099999999991
2026-07-27 09:00:00+00:00,0.8085099999999991,0.808819999999999,0.808199999999999,0.8085099999999991
2026-07-27 10:00:00+00:00,0.8085099999999991,0.808709999999999,0.807969999999999,0.808609999999999
2026-07-27 11:00:00+00:00,0.808609999999999,0.808989999999999,0.808299999999999,0.808919999999999
2026-07-27 12:00:00+00:00,0.808919999999999,0.810059999999999,0.8085099999999991,0.809919999999999
2026-07-27 13:00:00+00:00,0.809919999999999,0.812309999999999,0.809919999999999,0.811959999999999
2026-07-27 14:00:00+00:00,0.811959999999999,0.8125599999999991,0.811359999999999,0.812199999999999
2026-07-27 15:00:00+00:00,0.812199999999999,0.812579999999999,0.811789999999999,0.812229999999999
2026-07-27 16:00:00+00:00,0.812229999999999,0.812469999999999,0.811219999999999,0.811589999999999
2026-07-27 17:00:00+00:00,0.811589999999999,0.812749999999999,0.811589999999999,0.8125599999999991
2026-07-27 18:00:00+00:00,0.8125599999999991,0.812749999999999,0.8123399999999991,0.812569999999999
2026-07-27 19:00:00+00:00,0.812569999999999,0.812909999999999,0.8123899999999991,0.812689999999999
2026-07-27 20:00:00+00:00,0.812689999999999,0.812959999999999,0.812009999999999,0.812009999999999
2026-07-27 21:00:00+00:00,0.812009999999999,0.813289999999999,0.812009999999999,0.812619999999999
2026-07-27 22:00:00+00:00,0.812619999999999,0.813719999999999,0.812619999999999,0.813679999999999
2026-07-27 23:00:00+00:00,0.813679999999999,0.813809999999999,0.813429999999999,0.813749999999999
2026-07-28 00:00:00+00:00,0.813749999999999,0.814039999999999,0.813059999999999,0.813089999999999
2026-07-28 01:00:00+00:00,0.813089999999999,0.813589999999999,0.812729999999999,0.813319999999999
2026-07-28 02:00:00+00:00,0.813319999999999,0.813499999999999,0.812769999999999,0.813009999999999
2026-07-28 03:00:00+00:00,0.813009999999999,0.813159999999999,0.812699999999999,0.813119999999999
2026-07-28 04:00:00+00:00,0.813119999999999,0.813619999999999,0.813119999999999,0.813529999999999
2026-07-28 05:00:00+00:00,0.813529999999999,0.813939999999999,0.813469999999999,0.813729999999999
2026-07-28 06:00:00+00:00,0.813729999999999,0.813759999999999,0.812989999999999,0.813749999999999
2026-07-28 07:00:00+00:00,0.813749999999999,0.814299999999999,0.813329999999999,0.814299999999999
2026-07-28 08:00:00+00:00,0.814299999999999,0.814329999999999,0.813499999999999,0.813639999999999
2026-07-28 09:00:00+00:00,0.813639999999999,0.8146099999999991,0.813549999999999,0.814579999999999
2026-07-28 10:00:00+00:00,0.814579999999999,0.814849999999999,0.814149999999999,0.814469999999999
2026-07-28 11:00:00+00:00,0.814469999999999,0.814769999999999,0.813699999999999,0.813939999999999
2026-07-28 12:00:00+00:00,0.813939999999999,0.814699999999999,0.813789999999999,0.813939999999999
2026-07-28 13:00:00+00:00,0.813939999999999,0.813959999999999,0.812829999999999,0.813009999999999
2026-07-28 14:00:00+00:00,0.813009999999999,0.813279999999999,0.812579999999999,0.812729999999999
2026-07-28 15:00:00+00:00,0.812729999999999,0.813039999999999,0.811109999999999,0.811339999999999
2026-07-28 16:00:00+00:00,0.811339999999999,0.812189999999999,0.811099999999999,0.812139999999999
2026-07-28 17:00:00+00:00,0.812139999999999,0.8129999999999991,0.811959999999999,0.812879999999999
2026-07-28 18:00:00+00:00,0.812879999999999,0.813409999999999,0.812679999999999,0.813369999999999
2026-07-28 19:00:00+00:00,0.813369999999999,0.813689999999999,0.813019999999999,0.813669999999999
2026-07-28 20:00:00+00:00,0.813669999999999,0.813759999999999,0.812969999999999,0.812969999999999
2026-07-28 21:00:00+00:00,0.812969999999999,0.8132699999999988,0.8112799999999989,0.8119399999999988
2026-07-28 22:00:00+00:00,0.8119399999999988,0.8133299999999988,0.8119399999999988,0.8131999999999988
2026-07-28 23:00:00+00:00,0.8131999999999988,0.8133999999999988,0.8131199999999988,0.8131899999999989
2026-07-29 00:00:00+00:00,0.8131899999999989,0.8135199999999988,0.8126899999999988,0.8127099999999988
2026-07-29 01:00:00+00:00,0.8127099999999988,0.8130499999999988,0.8120599999999988,0.8122299999999988
2026-07-29 02:00:00+00:00,0.8122299999999988,0.8123699999999988,0.8118199999999988,0.8119199999999988
2026-07-29 03:00:00+00:00,0.8119199999999988,0.8119699999999989,0.8113099999999988,0.8116399999999988
2026-07-29 04:00:00+00:00,0.8116399999999988,0.8116499999999988,0.8106299999999989,0.8109899999999988
2026-07-29 05:00:00+00:00,0.8109899999999988,0.8114599999999988,0.8106899999999988,0.8114399999999988
2026-07-29 06:00:00+00:00,0.8114399999999988,0.8121599999999988,0.8112199999999988,0.8120699999999988
2026-07-29 07:00:00+00:00,0.8120699999999988,0.8125799999999989,0.8115699999999988,0.8124399999999988
2026-07-29 08:00:00+00:00,0.8124399999999988,0.8131699999999988,0.8123899999999988,0.8127299999999988
2026-07-29 09:00:00+00:00,0.8127299999999988,0.8135299999999988,0.8126099999999988,0.8135099999999988
2026-07-29 10:00:00+00:00,0.8135099999999988,0.8141199999999988,0.8134099999999989,0.8136299999999989
2026-07-29 11:00:00+00:00,0.8136299999999989,0.8137799999999988,0.8131999999999988,0.8133399999999988
2026-07-29 12:00:00+00:00,0.8133399999999988,0.8141899999999989,0.8132799999999988,0.8134099999999989
2026-07-29 13:00:00+00:00,0.8134099999999989,0.8136399999999988,0.8119499999999988,0.8120799999999988
2026-07-29 14:00:00+00:00,0.8120799999999988,0.8140899999999988,0.8118999999999988,0.8140799999999988
2026-07-29 15:00:00+00:00,0.8140799999999988,0.8141599999999988,0.8133699999999988,0.8136299999999989
2026-07-29 16:00:00+00:00,0.8136299999999989,0.8143899999999988,0.8135899999999988,0.8140699999999989
2026-07-29 17:00:00+00:00,0.8140699999999989,0.8141899999999989,0.8131399999999988,0.8131399999999988
2026-07-29 18:00:00+00:00,0.8131399999999988,0.8131399999999988,0.8085799999999989,0.8086199999999988
2026-07-29 19:00:00+00:00,0.8086199999999988,0.8092499999999988,0.8070899999999988,0.8089899999999988
2026-07-29 20:00:00+00:00,0.8089899999999988,0.8089999999999988,0.8069199999999989,0.8069199999999989
2026-07-29 21:00:00+00:00,0.8069199999999989,0.8075499999999988,0.8063799999999987,0.8070399999999988
2026-07-29 22:00:00+00:00,0.8070399999999988,0.8076599999999987,0.8069099999999988,0.8074199999999988
2026-07-29 23:00:00+00:00,0.8074199999999988,0.8074999999999988,0.8067499999999987,0.8070299999999988
2026-07-30 00:00:00+00:00,0.8070299999999988,0.8086299999999987,0.8069199999999987,0.8082299999999988
2026-07-30 01:00:00+00:00,0.8082299999999988,0.8087799999999987,0.8078599999999988,0.8086799999999987
2026-07-30 02:00:00+00:00,0.8086799999999987,0.8088199999999988,0.8084699999999988,0.8087499999999987
2026-07-30 03:00:00+00:00,0.8087499999999987,0.8091499999999987,0.8086699999999988,0.8091199999999987
2026-07-30 04:00:00+00:00,0.8091199999999987,0.8093099999999988,0.8088399999999988,0.8091299999999988
2026-07-30 05:00:00+00:00,0.8091299999999988,0.8092799999999988,0.8085699999999988,0.8092399999999987
2026-07-30 06:00:00+00:00,0.8092399999999987,0.8098299999999987,0.8090999999999987,0.8093999999999988
2026-07-30 07:00:00+00:00,0.8093999999999988,0.8110499999999987,0.8086999999999988,0.8108299999999987
2026-07-30 08:00:00+00:00,0.8108299999999987,0.8108699999999988,0.8086699999999988,0.8097999999999987
2026-07-30 09:00:00+00:00,0.8097999999999987,0.8098299999999987,0.8072799999999988,0.8077099999999987
2026-07-30 10:00:00+00:00,0.8077099999999987,0.8079499999999987,0.8055499999999988,0.8064099999999987
2026-07-30 11:00:00+00:00,0.8064099999999987,0.8072899999999987,0.8059699999999987,0.8061599999999988
2026-07-30 12:00:00+00:00,0.8061599999999988,0.8066699999999988,0.8050199999999987,0.8065099999999987
2026-07-30 13:00:00+00:00,0.8065099999999987,0.8065299999999987,0.7997599999999988,0.8000299999999988
2026-07-30 14:00:00+00:00,0.8000299999999988,0.8016499999999988,0.7974799999999987,0.8012599999999988
2026-07-30 15:00:00+00:00,0.8012599999999988,0.8014099999999987,0.7989199999999987,0.7992799999999988
2026-07-30 16:00:00+00:00,0.7992799999999988,0.7992999999999988,0.7980699999999987,0.7983099999999987
2026-07-30 17:00:00+00:00,0.7983099999999987,0.7995899999999988,0.7977599999999988,0.7980499999999987
2026-07-30 18:00:00+00:00,0.7980499999999987,0.7984399999999987,0.7975399999999988,0.7975399999999988
2026-07-30 19:00:00+00:00,0.7975399999999988,0.7985199999999988,0.7975199999999988,0.7982499999999988
2026-07-30 20:00:00+00:00,0.7982499999999988,0.7989999999999987,0.7982099999999988,0.7985299999999987
2026-07-30 21:00:00+00:00,0.7985299999999987,0.7994999999999989,0.7977699999999988,0.7993599999999988
2026-07-30 22:00:00+00:00,0.7993599999999988,0.7996899999999988,0.7990899999999989,0.7995099999999988
2026-07-30 23:00:00+00:00,0.7995099999999988,0.8001799999999989,0.7993599999999988,0.8000299999999988
2026-07-31 00:00:00+00:00,0.8000299999999988,0.8007399999999988,0.7996099999999988,0.8003899999999988
2026-07-31 01:00:00+00:00,0.8003899999999988,0.8011899999999988,0.7999499999999988,0.8011599999999989
2026-07-31 02:00:00+00:00,0.8011599999999989,0.8012399999999988,0.8005699999999988,0.8010799999999988
2026-07-31 03:00:00+00:00,0.8010799999999988,0.8014499999999989,0.8008499999999988,0.8010999999999988
2026-07-31 04:00:00+00:00,0.8010999999999988,0.8016999999999989,0.8009799999999988,0.8013599999999989
2026-07-31 05:00:00+00:00,0.8013599999999989,0.8020899999999989,0.8012999999999988,0.8019699999999989
2026-07-31 06:00:00+00:00,0.8019699999999989,0.8020399999999989,0.8002699999999988,0.8007299999999988
2026-07-31 07:00:00+00:00,0.8007299999999988,0.8014899999999988,0.8006199999999989,0.8013099999999989
2026-07-31 08:00:00+00:00,0.8013099999999989,0.8023899999999988,0.8001499999999989,0.8003999999999989
2026-07-31 09:00:00+00:00,0.8003999999999989,0.8027699999999989,0.7997499999999989,0.8024999999999989
2026-07-31 10:00:00+00:00,0.8024999999999989,0.8033399999999988,0.8024099999999988,0.8032999999999989
2026-07-31 11:00:00+00:00,0.8032999999999989,0.8041999999999989,0.8032999999999989,0.8040399999999989
2026-07-31 12:00:00+00:00,0.8040399999999989,0.8052699999999989,0.8040099999999989,0.8048699999999989
2026-07-31 13:00:00+00:00,0.8048699999999989,0.8069399999999989,0.8030899999999989,0.8068799999999989
2026-07-31 14:00:00+00:00,0.8068799999999989,0.8071299999999989,0.8031299999999989,0.8032299999999989
2026-07-31 15:00:00+00:00,0.8032299999999989,0.8039099999999989,0.8022999999999989,0.8024099999999988
2026-07-31 16:00:00+00:00,0.8024099999999988,0.8033299999999989,0.8023899999999988,0.8031199999999988
2026-07-31 17:00:00+00:00,0.8031199999999988,0.8031799999999989,0.8014699999999989,0.8021699999999988
2026-07-31 18:00:00+00:00,0.8021699999999988,0.8029599999999989,0.8016799999999988,0.8024599999999988
2026-07-31 19:00:00+00:00,0.8024599999999988,0.8027999999999988,0.8020299999999989,0.8025999999999989
2026-07-31 20:00:00+00:00,0.8025999999999989,0.8029699999999989,0.8006999999999989,0.8009999999999989
2026-08-02 21:00:00+00:00,0.8009999999999989,0.8028499999999991,0.7988499999999992,0.8000999999999991
2026-08-02 22:00:00+00:00,0.8000999999999991,0.8016799999999992,0.8000999999999991,0.8015799999999991
2026-08-02 23:00:00+00:00,0.8015799999999991,0.8019699999999991,0.801169999999999,0.801569999999999
2026-08-03 00:00:00+00:00,0.801569999999999,0.801999999999999,0.800169999999999,0.801429999999999
2026-08-03 01:00:00+00:00,0.801429999999999,0.803569999999999,0.801149999999999,0.803419999999999
2026-08-03 02:00:00+00:00,0.803419999999999,0.804049999999999,0.8032899999999991,0.803479999999999
2026-08-03 03:00:00+00:00,0.803479999999999,0.803979999999999,0.803429999999999,0.803699999999999
2026-08-03 04:00:00+00:00,0.803699999999999,0.8037299999999991,0.803089999999999,0.803249999999999
2026-08-03 05:00:00+00:00,0.803249999999999,0.803429999999999,0.802739999999999,0.802829999999999
2026-08-03 06:00:00+00:00,0.802829999999999,0.804039999999999,0.802469999999999,0.803829999999999
2026-08-03 07:00:00+00:00,0.803829999999999,0.803949999999999,0.802429999999999,0.802979999999999
2026-08-03 08:00:00+00:00,0.802979999999999,0.803869999999999,0.802639999999999,0.8035099999999991
2026-08-03 09:00:00+00:00,0.8035099999999991,0.803559999999999,0.8023599999999991,0.803339999999999
2026-08-03 10:00:00+00:00,0.803339999999999,0.803869999999999,0.802959999999999,0.803689999999999
2026-08-03 11:00:00+00:00,0.803689999999999,0.803949999999999,0.802549999999999,0.802549999999999
2026-08-03 12:00:00+00:00,0.802549999999999,0.803959999999999,0.802449999999999,0.803599999999999
2026-08-03 13:00:00+00:00,0.803599999999999,0.804179999999999,0.803209999999999,0.803339999999999
2026-08-03 14:00:00+00:00,0.803339999999999,0.8048999999999991,0.803299999999999,0.804869999999999
2026-08-03 15:00:00+00:00,0.804869999999999,0.806099999999999,0.804869999999999,0.805159999999999
2026-08-03 16:00:00+00:00,0.805159999999999,0.805609999999999,0.804989999999999,0.805539999999999
2026-08-03 17:00:00+00:00,0.805539999999999,0.806039999999999,0.805539999999999,0.8059499999999991
2026-08-03 18:00:00+00:00,0.8059499999999991,0.806059999999999,0.8044599999999991,0.804649999999999
2026-08-03 19:00:00+00:00,0.804649999999999,0.804829999999999,0.804399999999999,0.804759999999999
2026-08-03 20:00:00+00:00,0.804759999999999,0.805059999999999,0.804439999999999,0.804439999999999
2026-08-03 21:00:00+00:00,0.804439999999999,0.8050399999999991,0.8036199999999991,0.804349999999999
2026-08-03 22:00:00+00:00,0.804349999999999,0.8052599999999991,0.804349999999999,0.8048399999999991
2026-08-03 23:00:00+00:00,0.8048399999999991,0.805219999999999,0.8047199999999991,0.8051799999999991
2026-08-04 00:00:00+00:00,0.8051799999999991,0.8051799999999991,0.804219999999999,0.804959999999999
2026-08-04 01:00:00+00:00,0.804959999999999,0.8053099999999991,0.8044299999999991,0.8047299999999991
2026-08-04 02:00:00+00:00,0.8047299999999991,0.8051799999999991,0.804539999999999,0.8050699999999991
2026-08-04 03:00:00+00:00,0.8050699999999991,0.8051799999999991,0.804419999999999,0.805129999999999
2026-08-04 04:00:00+00:00,0.805129999999999,0.8052399999999991,0.804859999999999,0.8049399999999991
2026-08-04 05:00:00+00:00,0.8049399999999991,0.8054099999999991,0.8048499999999991,0.8051599999999991
2026-08-04 06:00:00+00:00,0.8051599999999991,0.805319999999999,0.8044799999999991,0.8050099999999991
2026-08-04 07:00:00+00:00,0.8050099999999991,0.8051599999999991,0.804389999999999,0.8049899999999991
2026-08-04 08:00:00+00:00,0.8049899999999991,0.8051899999999991,0.8044099999999991,0.8049199999999991
2026-08-04 09:00:00+00:00,0.8049199999999991,0.805199999999999,0.804519999999999,0.8049199999999991
2026-08-04 10:00:00+00:00,0.8049199999999991,0.8050699999999991,0.8041799999999991,0.8047199999999991
2026-08-04 11:00:00+00:00,0.8047199999999991,0.8048899999999991,0.8032599999999991,0.8036699999999991
2026-08-04 12:00:00+00:00,0.8036699999999991,0.804129999999999,0.802879999999999,0.8036299999999991
2026-08-04 13:00:00+00:00,0.8036299999999991,0.804589999999999,0.802999999999999,0.8031399999999991
2026-08-04 14:00:00+00:00,0.8031399999999991,0.8038699999999991,0.802779999999999,0.803589999999999
2026-08-04 15:00:00+00:00,0.803589999999999,0.804779999999999,0.8035299999999991,0.8039399999999991
2026-08-04 16:00:00+00:00,0.8039399999999991,0.805129999999999,0.8039199999999991,0.804959999999999
2026-08-04 17:00:00+00:00,0.804959999999999,0.805029999999999,0.804439999999999,0.8047899999999991
2026-08-04 18:00:00+00:00,0.8047899999999991,0.8049199999999991,0.803809999999999,0.803999999999999
2026-08-04 19:00:00+00:00,0.803999999999999,0.8042099999999991,0.8038499999999991,0.8040899999999991
2026-08-04 20:00:00+00:00,0.8040899999999991,0.8040899999999991,0.8036499999999991,0.8037199999999991
2026-08-04 21:00:00+00:00,0.8037199999999991,0.804389999999999,0.8030399999999992,0.8039899999999991
2026-08-04 22:00:00+00:00,0.8039899999999991,0.8045199999999991,0.8039899999999991,0.804389999999999
2026-08-04 23:00:00+00:00,0.804389999999999,0.8047499999999991,0.804319999999999,0.8043599999999991
2026-08-05 00:00:00+00:00,0.8043599999999991,0.8044499999999991,0.8038999999999991,0.804149999999999
2026-08-05 01:00:00+00:00,0.804149999999999,0.8044799999999991,0.8039399999999991,0.8042099999999991
2026-08-05 02:00:00+00:00,0.8042099999999991,0.8042999999999991,0.802949999999999,0.803339999999999
2026-08-05 03:00:00+00:00,0.803339999999999,0.8033499999999991,0.8026499999999991,0.8030299999999991
2026-08-05 04:00:00+00:00,0.8030299999999991,0.803559999999999,0.802779999999999,0.803439999999999
2026-08-05 05:00:00+00:00,0.803439999999999,0.803709999999999,0.8031599999999991,0.803339999999999
2026-08-05 06:00:00+00:00,0.803339999999999,0.8039899999999991,0.8029099999999991,0.802949999999999
2026-08-05 07:00:00+00:00,0.802949999999999,0.804589999999999,0.802729999999999,0.804389999999999
2026-08-05 08:00:00+00:00,0.804389999999999,0.805389999999999,0.803979999999999,0.8050699999999991
2026-08-05 09:00:00+00:00,0.8050699999999991,0.805169999999999,0.8042999999999991,0.804489999999999
2026-08-05 10:00:00+00:00,0.804489999999999,0.8050899999999991,0.8044699999999991,0.804809999999999
2026-08-05 11:00:00+00:00,0.804809999999999,0.804809999999999,0.8035099999999991,0.803829999999999
2026-08-05 12:00:00+00:00,0.803829999999999,0.8047199999999991,0.8035699999999991,0.8046499999999991
2026-08-05 13:00:00+00:00,0.8046499999999991,0.8046499999999991,0.8030099999999991,0.8033299999999991
2026-08-05 14:00:00+00:00,0.8033299999999991,0.8034499999999991,0.8016199999999991,0.8021099999999991
2026-08-05 15:00:00+00:00,0.8021099999999991,0.8031399999999991,0.801709999999999,0.8029899999999991
2026-08-05 16:00:00+00:00,0.8029899999999991,0.8032499999999991,0.8026799999999991,0.803049999999999
2026-08-05 17:00:00+00:00,0.803049999999999,0.803319999999999,0.8020099999999991,0.8021199999999991
2026-08-05 18:00:00+00:00,0.8021199999999991,0.8023799999999991,0.801829999999999,0.8021799999999991
2026-08-05 19:00:00+00:00,0.8021799999999991,0.8028399999999991,0.8021299999999991,0.8025299999999991
2026-08-05 20:00:00+00:00,0.8025299999999991,0.8026999999999991,0.8022299999999991,0.802339999999999
2026-08-05 21:00:00+00:00,0.802339999999999,0.802339999999999,0.8011499999999991,0.8019199999999991
2026-08-05 22:00:00+00:00,0.8019199999999991,0.8022699999999992,0.8018199999999991,0.8020299999999991
2026-08-05 23:00:00+00:00,0.8020299999999991,0.8020599999999991,0.8017199999999991,0.801779999999999
2026-08-06 00:00:00+00:00,0.801779999999999,0.8019399999999991,0.8013599999999991,0.8016199999999991
2026-08-06 01:00:00+00:00,0.8016199999999991,0.8017599999999991,0.8012599999999991,0.8013599999999991
2026-08-06 02:00:00+00:00,0.8013599999999991,0.8015299999999991,0.8011099999999991,0.8014499999999991
2026-08-06 03:00:00+00:00,0.8014499999999991,0.8024199999999991,0.801439999999999,0.8022999999999991
2026-08-06 04:00:00+00:00,0.8022999999999991,0.8025899999999991,0.802169999999999,0.8024499999999991
2026-08-06 05:00:00+00:00,0.8024499999999991,0.802829999999999,0.8022499999999991,0.8024099999999991
2026-08-06 06:00:00+00:00,0.8024099999999991,0.8035199999999991,0.8022499999999991,0.8034099999999991
2026-08-06 07:00:00+00:00,0.8034099999999991,0.8038399999999991,0.8031099999999991,0.8037199999999991
2026-08-06 08:00:00+00:00,0.8037199999999991,0.8038499999999991,0.8032599999999991,0.8036799999999991
2026-08-06 09:00:00+00:00,0.8036799999999991,0.8048099999999991,0.8035399999999991,0.8045899999999991
2026-08-06 10:00:00+00:00,0.8045899999999991,0.805049999999999,0.804269999999999,0.8045799999999991
2026-08-06 11:00:00+00:00,0.8045799999999991,0.805219999999999,0.8042999999999991,0.804779999999999
2026-08-06 12:00:00+00:00,0.804779999999999,0.8052299999999991,0.804439999999999,0.8049199999999991
2026-08-06 13:00:00+00:00,0.8049199999999991,0.8053699999999991,0.804049999999999,0.8041099999999991
2026-08-06 14:00:00+00:00,0.8041099999999991,0.8053699999999991,0.8039399999999991,0.8052899999999991
2026-08-06 15:00:00+00:00,0.8052899999999991,0.808659999999999,0.8052799999999991,0.8080299999999991
2026-08-06 16:00:00+00:00,0.8080299999999991,0.808219999999999,0.8072399999999991,0.8074699999999991
2026-08-06 17:00:00+00:00,0.8074699999999991,0.8080699999999991,0.8072899999999991,0.807489999999999
2026-08-06 18:00:00+00:00,0.807489999999999,0.8075999999999991,0.8072299999999991,0.807269999999999
2026-08-06 19:00:00+00:00,0.807269999999999,0.8079499999999991,0.8070399999999991,0.8073699999999991
2026-08-06 20:00:00+00:00,0.8073699999999991,0.8078399999999991,0.8066499999999991,0.8066499999999991
2026-08-06 21:00:00+00:00,0.8066499999999991,0.8077999999999991,0.806169999999999,0.8072799999999991
2026-08-06 22:00:00+00:00,0.8072799999999991,0.8080799999999991,0.8072799999999991,0.8079199999999991
2026-08-06 23:00:00+00:00,0.8079199999999991,0.8079599999999991,0.8076799999999991,0.807709999999999
2026-08-07 00:00:00+00:00,0.807709999999999,0.8082399999999991,0.807709999999999,0.8081099999999991
2026-08-07 01:00:00+00:00,0.8081099999999991,0.8081199999999991,0.8075299999999991,0.807829999999999
2026-08-07 02:00:00+00:00,0.807829999999999,0.8080299999999991,0.807709999999999,0.8079499999999991
2026-08-07 03:00:00+00:00,0.8079499999999991,0.8081699999999991,0.8078499999999991,0.8078999999999991
2026-08-07 04:00:00+00:00,0.8078999999999991,0.8081499999999991,0.807879999999999,0.8079499999999991
2026-08-07 05:00:00+00:00,0.8079499999999991,0.8080799999999991,0.8077299999999991,0.8079199999999991
2026-08-07 06:00:00+00:00,0.8079199999999991,0.8079199999999991,0.8070599999999991,0.8072799999999991
2026-08-07 07:00:00+00:00,0.8072799999999991,0.8074699999999991,0.8067999999999991,0.806879999999999
2026-08-07 08:00:00+00:00,0.806879999999999,0.8070399999999991,0.806219999999999,0.8065799999999991
2026-08-07 09:00:00+00:00,0.8065799999999991,0.8066299999999991,0.8054999999999991,0.8057099999999991
2026-08-07 10:00:00+00:00,0.8057099999999991,0.8058399999999991,0.805389999999999,0.805609999999999
2026-08-07 11:00:00+00:00,0.805609999999999,0.8059799999999991,0.8053099999999991,0.805559999999999
2026-08-07 12:00:00+00:00,0.805559999999999,0.8061999999999991,0.8009699999999991,0.802389999999999
2026-08-07 13:00:00+00:00,0.802389999999999,0.8035799999999991,0.8019299999999991,0.8034599999999991
2026-08-07 14:00:00+00:00,0.8034599999999991,0.8038199999999991,0.8024199999999991,0.8036899999999991
2026-08-07 15:00:00+00:00,0.8036899999999991,0.8039399999999991,0.8025799999999991,0.8031299999999991
2026-08-07 16:00:00+00:00,0.8031299999999991,0.8031499999999991,0.8024099999999991,0.8030099999999991
2026-08-07 17:00:00+00:00,0.8030099999999991,0.8031199999999991,0.8026999999999991,0.8030299999999991
2026-08-07 18:00:00+00:00,0.8030299999999991,0.8032499999999991,0.8026399999999991,0.8028399999999991
2026-08-07 19:00:00+00:00,0.8028399999999991,0.8029599999999991,0.8021799999999991,0.8028899999999991
2026-08-07 20:00:00+00:00,0.8028899999999991,0.8035299999999992,0.8027499999999992,0.8028699999999992
2026-08-09 21:00:00+00:00,0.8028699999999992,0.8028699999999992,0.7996299999999991,0.800379999999999
2026-08-09 22:00:00+00:00,0.800379999999999,0.8019399999999989,0.800379999999999,0.801819999999999
2026-08-09 23:00:00+00:00,0.801819999999999,0.8018299999999989,0.8014899999999989,0.8018099999999989
2026-08-10 00:00:00+00:00,0.8018099999999989,0.802119999999999,0.8015199999999989,0.801819999999999
2026-08-10 01:00:00+00:00,0.801819999999999,0.8023999999999989,0.8016899999999989,0.8022699999999989
2026-08-10 02:00:00+00:00,0.8022699999999989,0.8025599999999989,0.8021299999999989,0.8024499999999989
2026-08-10 03:00:00+00:00,0.8024499999999989,0.8027799999999989,0.802259999999999,0.8027699999999989
2026-08-10 04:00:00+00:00,0.8027699999999989,0.8029099999999989,0.802579999999999,0.8026599999999989
2026-08-10 05:00:00+00:00,0.8026599999999989,0.8029299999999989,0.8023699999999989,0.8023899999999989
2026-08-10 06:00:00+00:00,0.8023899999999989,0.8026099999999989,0.8018599999999989,0.8019299999999989
2026-08-10 07:00:00+00:00,0.8019299999999989,0.8022299999999989,0.8003699999999989,0.800679999999999
2026-08-10 08:00:00+00:00,0.800679999999999,0.8017399999999989,0.8005699999999989,0.8016399999999989
2026-08-10 09:00:00+00:00,0.8016399999999989,0.801819999999999,0.801239999999999,0.8018099999999989
2026-08-10 10:00:00+00:00,0.8018099999999989,0.802139999999999,0.8015399999999989,0.802069999999999
2026-08-10 11:00:00+00:00,0.802069999999999,0.8023899999999989,0.8017099999999989,0.802089999999999
2026-08-10 12:00:00+00:00,0.802089999999999,0.802989999999999,0.8015699999999989,0.802919999999999
2026-08-10 13:00:00+00:00,0.802919999999999,0.8037899999999989,0.8024999999999989,0.803479999999999
2026-08-10 14:00:00+00:00,0.803479999999999,0.8035499999999989,0.8019999999999989,0.802239999999999
2026-08-10 15:00:00+00:00,0.802239999999999,0.8030799999999989,0.802139999999999,0.8024399999999989
2026-08-10 16:00:00+00:00,0.8024399999999989,0.8031799999999989,0.8023699999999989,0.8031099999999989
2026-08-10 17:00:00+00:00,0.8031099999999989,0.8037099999999989,0.803089999999999,0.8035899999999989
2026-08-10 18:00:00+00:00,0.8035899999999989,0.8039399999999989,0.8034399999999989,0.803679999999999
2026-08-10 19:00:00+00:00,0.803679999999999,0.8039399999999989,0.8035199999999989,0.8036599999999989
2026-08-10 20:00:00+00:00,0.8036599999999989,0.803919999999999,0.8035399999999989,0.8036899999999989
2026-08-10 21:00:00+00:00,0.8036899999999989,0.8036899999999989,0.802529999999999,0.8031799999999989
2026-08-10 22:00:00+00:00,0.8031799999999989,0.8037899999999989,0.8031699999999989,0.8035899999999989
2026-08-10 23:00:00+00:00,0.8035899999999989,0.8037199999999989,0.803289999999999,0.803359999999999
2026-08-11 00:00:00+00:00,0.803359999999999,0.803429999999999,0.802969999999999,0.803239999999999
2026-08-11 01:00:00+00:00,0.803239999999999,0.803529999999999,0.802899999999999,0.803289999999999
2026-08-11 02:00:00+00:00,0.803289999999999,0.8040299999999989,0.803239999999999,0.8039299999999989
2026-08-11 03:00:00+00:00,0.8039299999999989,0.8039499999999989,0.8034699999999989,0.803729999999999
2026-08-11 04:00:00+00:00,0.803729999999999,0.8039599999999989,0.8034699999999989,0.8036599999999989
2026-08-11 05:00:00+00:00,0.8036599999999989,0.8040599999999989,0.8036099999999989,0.803849999999999
2026-08-11 06:00:00+00:00,0.803849999999999,0.804699999999999,0.803629999999999,0.8042499999999989
2026-08-11 07:00:00+00:00,0.8042499999999989,0.804699999999999,0.8037599999999989,0.8046599999999989
2026-08-11 08:00:00+00:00,0.8046599999999989,0.8047699999999989,0.8043499999999989,0.8045499999999989
2026-08-11 09:00:00+00:00,0.8045499999999989,0.8050299999999989,0.8044899999999989,0.8044899999999989
2026-08-11 10:00:00+00:00,0.8044899999999989,0.8046599999999989,0.8039499999999989,0.8044199999999989
2026-08-11 11:00:00+00:00,0.8044199999999989,0.8045899999999989,0.8035899999999989,0.804479999999999
2026-08-11 12:00:00+00:00,0.804479999999999,0.8046099999999989,0.803699999999999,0.8041999999999989
2026-08-11 13:00:00+00:00,0.8041999999999989,0.804209999999999,0.8035499999999989,0.8038099999999989
2026-08-11 14:00:00+00:00,0.8038099999999989,0.8044399999999989,0.8038099999999989,0.804189999999999
2026-08-11 15:00:00+00:00,0.804189999999999,0.8051499999999989,0.8041099999999989,0.804409999999999
2026-08-11 16:00:00+00:00,0.804409999999999,0.8048099999999989,0.804309999999999,0.804799999999999
2026-08-11 17:00:00+00:00,0.804799999999999,0.8055399999999989,0.8046899999999989,0.8052799999999989
2026-08-11 18:00:00+00:00,0.8052799999999989,0.8055699999999989,0.804259999999999,0.804679999999999
2026-08-11 19:00:00+00:00,0.804679999999999,0.8049499999999989,0.804189999999999,0.8042199999999989
2026-08-11 20:00:00+00:00,0.8042199999999989,0.8047699999999989,0.803629999999999,0.803629999999999
2026-08-11 21:00:00+00:00,0.803629999999999,0.8052799999999989,0.803549999999999,0.8050599999999989
2026-08-11 22:00:00+00:00,0.8050599999999989,0.8055899999999988,0.8050599999999989,0.8054499999999989
2026-08-11 23:00:00+00:00,0.8054499999999989,0.8056799999999988,0.8054199999999988,0.8055799999999989
2026-08-12 00:00:00+00:00,0.8055799999999989,0.8061599999999989,0.8055399999999988,0.8060199999999988
2026-08-12 01:00:00+00:00,0.8060199999999988,0.8062799999999989,0.8059399999999989,0.8060799999999989
2026-08-12 02:00:00+00:00,0.8060799999999989,0.8062999999999989,0.8059599999999989,0.8061899999999989
2026-08-12 03:00:00+00:00,0.8061899999999989,0.8066899999999989,0.8061699999999988,0.8066299999999988
2026-08-12 04:00:00+00:00,0.8066299999999988,0.8068999999999988,0.8065699999999989,0.8066599999999988
2026-08-12 05:00:00+00:00,0.8066599999999988,0.8069199999999989,0.8065799999999989,0.8066699999999989
2026-08-12 06:00:00+00:00,0.8066699999999989,0.8067999999999989,0.8059699999999989,0.8061699999999988
2026-08-12 07:00:00+00:00,0.8061699999999988,0.8071399999999989,0.8061399999999989,0.8069499999999988
2026-08-12 08:00:00+00:00,0.8069499999999988,0.8073999999999989,0.8067899999999989,0.8072999999999989
2026-08-12 09:00:00+00:00,0.8072999999999989,0.8073699999999988,0.8056599999999988,0.8070099999999989
2026-08-12 10:00:00+00:00,0.8070099999999989,0.8073799999999989,0.8067499999999989,0.8070599999999989
2026-08-12 11:00:00+00:00,0.8070599999999989,0.8071099999999989,0.8056699999999989,0.8059299999999988
2026-08-12 12:00:00+00:00,0.8059299999999988,0.8067199999999989,0.8036599999999988,0.8042499999999989
2026-08-12 13:00:00+00:00,0.8042499999999989,0.8059399999999989,0.8040799999999989,0.8055699999999989
2026-08-12 14:00:00+00:00,0.8055699999999989,0.8065699999999989,0.8049999999999988,0.8059299999999988
2026-08-12 15:00:00+00:00,0.8059299999999988,0.8067899999999989,0.8058699999999989,0.8062599999999989
2026-08-12 16:00:00+00:00,0.8062599999999989,0.8075799999999989,0.8061299999999989,0.8073599999999989
2026-08-12 17:00:00+00:00,0.8073599999999989,0.8081999999999988,0.8071399999999989,0.8081799999999989
2026-08-12 18:00:00+00:00,0.8081799999999989,0.8083999999999989,0.8076799999999988,0.8082899999999988
2026-08-12 19:00:00+00:00,0.8082899999999988,0.8084599999999988,0.8080099999999989,0.8082799999999989
2026-08-12 20:00:00+00:00,0.8082799999999989,0.8084899999999988,0.8074799999999989,0.8074799999999989
2026-08-12 21:00:00+00:00,0.8074799999999989,0.8082699999999989,0.8060899999999989,0.8077699999999989
2026-08-12 22:00:00+00:00,0.8077699999999989,0.8083699999999989,0.8077499999999989,0.8080899999999989
2026-08-12 23:00:00+00:00,0.8080899999999989,0.8081199999999988,0.8078599999999989,0.8078599999999989
2026-08-13 00:00:00+00:00,0.8078599999999989,0.8078799999999988,0.8071999999999989,0.8074799999999989
2026-08-13 01:00:00+00:00,0.8074799999999989,0.8083899999999988,0.8073299999999989,0.8082699999999988
2026-08-13 02:00:00+00:00,0.8082699999999988,0.8086299999999988,0.8081699999999988,0.8086099999999988
2026-08-13 03:00:00+00:00,0.8086099999999988,0.8089399999999989,0.8083799999999989,0.8088799999999988
2026-08-13 04:00:00+00:00,0.8088799999999988,0.8090299999999989,0.8082999999999989,0.8083899999999988
2026-08-13 05:00:00+00:00,0.8083899999999988,0.8085999999999989,0.8082099999999989,0.8083499999999989
2026-08-13 06:00:00+00:00,0.8083499999999989,0.8092399999999988,0.8081099999999989,0.8085199999999989
2026-08-13 07:00:00+00:00,0.8085199999999989,0.8087499999999989,0.8072999999999989,0.8076099999999988
2026-08-13 08:00:00+00:00,0.8076099999999988,0.8078499999999988,0.8071599999999989,0.8075299999999989
2026-08-13 09:00:00+00:00,0.8075299999999989,0.8076299999999988,0.8066199999999989,0.8068099999999989
2026-08-13 10:00:00+00:00,0.8068099999999989,0.8070899999999989,0.8062399999999988,0.8067099999999988
2026-08-13 11:00:00+00:00,0.8067099999999988,0.8072599999999989,0.8065699999999989,0.8071699999999988
2026-08-13 12:00:00+00:00,0.8071699999999988,0.8080799999999989,0.8061499999999988,0.8062299999999989
2026-08-13 13:00:00+00:00,0.8062299999999989,0.8074199999999989,0.8060699999999988,0.8071599999999989
2026-08-13 14:00:00+00:00,0.8071599999999989,0.8073899999999988,0.8058799999999988,0.8064199999999989
2026-08-13 15:00:00+00:00,0.8064199999999989,0.8076699999999989,0.8062599999999989,0.8076199999999989
2026-08-13 16:00:00+00:00,0.8076199999999989,0.8083199999999988,0.8075099999999988,0.8078099999999989
2026-08-13 17:00:00+00:00,0.8078099999999989,0.8081899999999989,0.8075999999999989,0.8081399999999989
2026-08-13 18:00:00+00:00,0.8081399999999989,0.8085799999999989,0.8077499999999989,0.8085499999999989
2026-08-13 19:00:00+00:00,0.8085499999999989,0.8092799999999989,0.8084899999999988,0.8092399999999988
2026-08-13 20:00:00+00:00,0.8092399999999988,0.8093599999999989,0.8086199999999989,0.8086199999999989
2026-08-13 21:00:00+00:00,0.8086199999999989,0.8086199999999989,0.8071099999999989,0.8081499999999988
2026-08-13 22:00:00+00:00,0.8081499999999988,0.8083499999999988,0.8079899999999989,0.8081999999999988
2026-08-13 23:00:00+00:00,0.8081999999999988,0.8083499999999989,0.8080699999999988,0.8082999999999989
2026-08-14 00:00:00+00:00,0.8082999999999989,0.8083199999999989,0.8078399999999989,0.8078699999999989
2026-08-14 01:00:00+00:00,0.8078699999999989,0.808559999999999,0.807849999999999,0.808289999999999
2026-08-14 02:00:00+00:00,0.808289999999999,0.8082999999999989,0.8078699999999989,0.8082099999999989
2026-08-14 03:00:00+00:00,0.8082099999999989,0.8082199999999989,0.8077699999999989,0.8079199999999989
2026-08-14 04:00:00+00:00,0.8079199999999989,0.8079299999999989,0.8076299999999988,0.8076999999999989
2026-08-14 05:00:00+00:00,0.8076999999999989,0.8077499999999989,0.8073199999999989,0.8074999999999989
2026-08-14 06:00:00+00:00,0.8074999999999989,0.8080899999999989,0.8073799999999989,0.807679999999999
2026-08-14 07:00:00+00:00,0.807679999999999,0.8081399999999989,0.807459999999999,0.8076499999999989
2026-08-14 08:00:00+00:00,0.8076499999999989,0.8082299999999989,0.8073799999999989,0.8076299999999988
2026-08-14 09:00:00+00:00,0.8076299999999988,0.807679999999999,0.8070799999999989,0.8071499999999989
2026-08-14 10:00:00+00:00,0.8071499999999989,0.8076899999999989,0.8069599999999989,0.8071099999999989
2026-08-14 11:00:00+00:00,0.8071099999999989,0.8071599999999989,0.8057399999999989,0.8060499999999989
2026-08-14 12:00:00+00:00,0.8060499999999989,0.8061599999999989,0.8044299999999989,0.8058599999999989
2026-08-14 13:00:00+00:00,0.8058599999999989,0.8065899999999989,0.8046999999999989,0.8051099999999989
2026-08-14 14:00:00+00:00,0.8051099999999989,0.8059299999999989,0.8048199999999989,0.8055599999999989
2026-08-14 15:00:00+00:00,0.8055599999999989,0.806069999999999,0.8051099999999989,0.8057699999999989
2026-08-14 16:00:00+00:00,0.8057699999999989,0.8067899999999989,0.8056499999999989,0.8066999999999989
2026-08-14 17:00:00+00:00,0.8066999999999989,0.8076299999999988,0.8066899999999989,0.807339999999999
2026-08-14 18:00:00+00:00,0.807339999999999,0.8074499999999989,0.807119999999999,0.8072499999999989
2026-08-14 19:00:00+00:00,0.8072499999999989,0.8077099999999989,0.807159999999999,0.807379999999999
2026-08-14 20:00:00+00:00,0.807379999999999,0.807699999999999,0.8067399999999989,0.806749999999999
2026-08-16 21:00:00+00:00,0.806749999999999,0.8074999999999991,0.8064699999999991,0.8072399999999991
2026-08-16 22:00:00+00:00,0.8072399999999991,0.8083699999999991,0.8071999999999991,0.807659999999999
2026-08-16 23:00:00+00:00,0.807659999999999,0.807699999999999,0.8073899999999989,0.807509999999999
2026-08-17 00:00:00+00:00,0.807509999999999,0.807519999999999,0.806519999999999,0.806619999999999
2026-08-17 01:00:00+00:00,0.806619999999999,0.807119999999999,0.806439999999999,0.806639999999999
2026-08-17 02:00:00+00:00,0.806639999999999,0.806759999999999,0.806309999999999,0.806679999999999
2026-08-17 03:00:00+00:00,0.806679999999999,0.806819999999999,0.806379999999999,0.806379999999999
2026-08-17 04:00:00+00:00,0.806379999999999,0.806439999999999,0.806069999999999,0.806399999999999
2026-08-17 05:00:00+00:00,0.806399999999999,0.806449999999999,0.805879999999999,0.806139999999999
2026-08-17 06:00:00+00:00,0.806139999999999,0.806469999999999,0.805409999999999,0.805539999999999
2026-08-17 07:00:00+00:00,0.805539999999999,0.805889999999999,0.802569999999999,0.803119999999999
2026-08-17 08:00:00+00:00,0.803119999999999,0.804139999999999,0.802009999999999,0.803849999999999
2026-08-17 09:00:00+00:00,0.803849999999999,0.804579999999999,0.803629999999999,0.804469999999999
2026-08-17 10:00:00+00:00,0.804469999999999,0.805259999999999,0.804429999999999,0.805249999999999
2026-08-17 11:00:00+00:00,0.805249999999999,0.805349999999999,0.804619999999999,0.804689999999999
2026-08-17 12:00:00+00:00,0.804689999999999,0.805439999999999,0.804199999999999,0.804199999999999
2026-08-17 13:00:00+00:00,0.804199999999999,0.804459999999999,0.803259999999999,0.803719999999999
2026-08-17 14:00:00+00:00,0.803719999999999,0.804449999999999,0.803269999999999,0.804339999999999
2026-08-17 15:00:00+00:00,0.804339999999999,0.805159999999999,0.804219999999999,0.804409999999999
2026-08-17 16:00:00+00:00,0.804409999999999,0.804909999999999,0.804409999999999,0.804899999999999
2026-08-17 17:00:00+00:00,0.804899999999999,0.806339999999999,0.804809999999999,0.806179999999999
2026-08-17 18:00:00+00:00,0.806179999999999,0.806549999999999,0.806079999999999,0.806329999999999
2026-08-17 19:00:00+00:00,0.806329999999999,0.806499999999999,0.805479999999999,0.805679999999999
2026-08-17 20:00:00+00:00,0.805679999999999,0.805959999999999,0.805529999999999,0.805529999999999
2026-08-17 21:00:00+00:00,0.805529999999999,0.807209999999999,0.805529999999999,0.806809999999999
2026-08-17 22:00:00+00:00,0.806809999999999,0.807649999999999,0.806809999999999,0.807459999999999
2026-08-17 23:00:00+00:00,0.807459999999999,0.807509999999999,0.807009999999999,0.807149999999999
2026-08-18 00:00:00+00:00,0.807149999999999,0.807689999999999,0.806969999999999,0.807249999999999
2026-08-18 01:00:00+00:00,0.807249999999999,0.807629999999999,0.806859999999999,0.807539999999999
2026-08-18 02:00:00+00:00,0.807539999999999,0.807809999999999,0.807369999999999,0.807379999999999
2026-08-18 03:00:00+00:00,0.807379999999999,0.808129999999999,0.807369999999999,0.808079999999999
2026-08-18 04:00:00+00:00,0.808079999999999,0.8083899999999989,0.807899999999999,0.808249999999999
2026-08-18 05:00:00+00:00,0.808249999999999,0.808499999999999,0.807919999999999,0.808119999999999
2026-08-18 06:00:00+00:00,0.808119999999999,0.808699999999999,0.807919999999999,0.807929999999999
2026-08-18 07:00:00+00:00,0.807929999999999,0.808359999999999,0.8071699999999989,0.807709999999999
2026-08-18 08:00:00+00:00,0.807709999999999,0.808539999999999,0.8076599999999989,0.807969999999999
2026-08-18 09:00:00+00:00,0.807969999999999,0.8084399999999989,0.807699999999999,0.808129999999999
2026-08-18 10:00:00+00:00,0.808129999999999,0.808969999999999,0.808109999999999,0.808649999999999
2026-08-18 11:00:00+00:00,0.808649999999999,0.809229999999999,0.808629999999999,0.8088799999999989
2026-08-18 12:00:00+00:00,0.8088799999999989,0.809259999999999,0.808559999999999,0.808769999999999
2026-08-18 13:00:00+00:00,0.808769999999999,0.809579999999999,0.807989999999999,0.808239999999999
2026-08-18 14:00:00+00:00,0.808239999999999,0.808519999999999,0.807649999999999,0.808329999999999
2026-08-18 15:00:00+00:00,0.808329999999999,0.809259999999999,0.807859999999999,0.808589999999999
2026-08-18 16:00:00+00:00,0.808589999999999,0.8086099999999989,0.807759999999999,0.808399999999999
2026-08-18 17:00:00+00:00,0.808399999999999,0.808909999999999,0.8083899999999989,0.8086599999999989
2026-08-18 18:00:00+00:00,0.8086599999999989,0.809069999999999,0.808519999999999,0.808929999999999
2026-08-18 19:00:00+00:00,0.808929999999999,0.809119999999999,0.808569999999999,0.809029999999999
2026-08-18 20:00:00+00:00,0.809029999999999,0.809259999999999,0.808499999999999,0.808499999999999
2026-08-18 21:00:00+00:00,0.808499999999999,0.808739999999999,0.807889999999999,0.808579999999999
2026-08-18 22:00:00+00:00,0.808579999999999,0.808979999999999,0.808409999999999,0.808869999999999
2026-08-18 23:00:00+00:00,0.808869999999999,0.809199999999999,0.8086099999999989,0.808719999999999
2026-08-19 00:00:00+00:00,0.808719999999999,0.808869999999999,0.808099999999999,0.808719999999999
2026-08-19 01:00:00+00:00,0.808719999999999,0.809299999999999,0.808359999999999,0.808429999999999
2026-08-19 02:00:00+00:00,0.808429999999999,0.808509999999999,0.807539999999999,0.8080499999999989
2026-08-19 03:00:00+00:00,0.8080499999999989,0.808149999999999,0.807819999999999,0.808089999999999
2026-08-19 04:00:00+00:00,0.808089999999999,0.808139999999999,0.807529999999999,0.807629999999999
2026-08-19 05:00:00+00:00,0.807629999999999,0.807799999999999,0.807349999999999,0.8076599999999989
2026-08-19 06:00:00+00:00,0.8076599999999989,0.807719999999999,0.806689999999999,0.807119999999999
2026-08-19 07:00:00+00:00,0.807119999999999,0.807529999999999,0.8067799999999989,0.807429999999999
2026-08-19 08:00:00+00:00,0.807429999999999,0.807669999999999,0.806739999999999,0.807359999999999
2026-08-19 09:00:00+00:00,0.807359999999999,0.807409999999999,0.806539999999999,0.806669999999999
2026-08-19 10:00:00+00:00,0.806669999999999,0.806929999999999,0.806339999999999,0.806879999999999
2026-08-19 11:00:00+00:00,0.806879999999999,0.807209999999999,0.806579999999999,0.806719999999999
2026-08-19 12:00:00+00:00,0.806719999999999,0.806769999999999,0.802919999999999,0.803409999999999
2026-08-19 13:00:00+00:00,0.803409999999999,0.803419999999999,0.798649999999999,0.799019999999999
2026-08-19 14:00:00+00:00,0.799019999999999,0.799289999999999,0.7949499999999989,0.797939999999999
2026-08-19 15:00:00+00:00,0.797939999999999,0.798299999999999,0.795539999999999,0.796319999999999
2026-08-19 16:00:00+00:00,0.796319999999999,0.796759999999999,0.795179999999999,0.795799999999999
2026-08-19 17:00:00+00:00,0.795799999999999,0.796979999999999,0.795309999999999,0.796919999999999
2026-08-19 18:00:00+00:00,0.796919999999999,0.796919999999999,0.794239999999999,0.794369999999999
2026-08-19 19:00:00+00:00,0.794369999999999,0.794699999999999,0.793439999999999,0.793769999999999
2026-08-19 20:00:00+00:00,0.793769999999999,0.794179999999999,0.7934599999999989,0.793739999999999
2026-08-19 21:00:00+00:00,0.793739999999999,0.793769999999999,0.7928999999999989,0.793749999999999
2026-08-19 22:00:00+00:00,0.793749999999999,0.793939999999999,0.793379999999999,0.793929999999999
2026-08-19 23:00:00+00:00,0.793929999999999,0.794329999999999,0.793649999999999,0.794239999999999
2026-08-20 00:00:00+00:00,0.794239999999999,0.795599999999999,0.793609999999999,0.795429999999999
2026-08-20 01:00:00+00:00,0.795429999999999,0.796669999999999,0.794969999999999,0.795809999999999
2026-08-20 02:00:00+00:00,0.795809999999999,0.796429999999999,0.795179999999999,0.796369999999999
2026-08-20 03:00:00+00:00,0.796369999999999,0.796579999999999,0.795799999999999,0.796019999999999
2026-08-20 04:00:00+00:00,0.796019999999999,0.796619999999999,0.795789999999999,0.796479999999999
2026-08-20 05:00:00+00:00,0.796479999999999,0.7968999999999989,0.796199999999999,0.796399999999999
2026-08-20 06:00:00+00:00,0.796399999999999,0.796479999999999,0.794939999999999,0.794959999999999
2026-08-20 07:00:00+00:00,0.794959999999999,0.796409999999999,0.794719999999999,0.794929999999999
2026-08-20 08:00:00+00:00,0.794929999999999,0.795309999999999,0.794099999999999,0.794249999999999
2026-08-20 09:00:00+00:00,0.794249999999999,0.794379999999999,0.791529999999999,0.792239999999999
2026-08-20 10:00:00+00:00,0.792239999999999,0.793379999999999,0.791439999999999,0.7931199999999989
2026-08-20 11:00:00+00:00,0.7931199999999989,0.795229999999999,0.792979999999999,0.794819999999999
2026-08-20 12:00:00+00:00,0.794819999999999,0.795549999999999,0.793849999999999,0.794109999999999
2026-08-20 13:00:00+00:00,0.794109999999999,0.795829999999999,0.7936799999999989,0.795589999999999
2026-08-20 14:00:00+00:00,0.795589999999999,0.796359999999999,0.7947299999999989,0.795089999999999
2026-08-20 15:00:00+00:00,0.795089999999999,0.797129999999999,0.793849999999999,0.796269999999999
2026-08-20 16:00:00+00:00,0.796269999999999,0.7973899999999989,0.795929999999999,0.796879999999999
2026-08-20 17:00:00+00:00,0.796879999999999,0.797439999999999,0.796759999999999,0.796969999999999
2026-08-20 18:00:00+00:00,0.796969999999999,0.797429999999999,0.796839999999999,0.797159999999999
2026-08-20 19:00:00+00:00,0.797159999999999,0.797459999999999,0.796879999999999,0.797029999999999
2026-08-20 20:00:00+00:00,0.797029999999999,0.797239999999999,0.796759999999999,0.796759999999999
2026-08-20 21:00:00+00:00,0.796759999999999,0.797089999999999,0.7957599999999989,0.7964499999999989
2026-08-20 22:00:00+00:00,0.7964499999999989,0.797019999999999,0.7963899999999989,0.7964499999999989
2026-08-20 23:00:00+00:00,0.7964499999999989,0.7964499999999989,0.7960299999999989,0.7960999999999989
2026-08-21 00:00:00+00:00,0.7960999999999989,0.7967899999999989,0.7960099999999989,0.7967099999999989
2026-08-21 01:00:00+00:00,0.7967099999999989,0.7967099999999989,0.7954999999999989,0.7958899999999989
2026-08-21 02:00:00+00:00,0.7958899999999989,0.7962999999999989,0.7950799999999989,0.795479999999999
2026-08-21 03:00:00+00:00,0.795479999999999,0.7963399999999989,0.7953199999999989,0.7961199999999989
2026-08-21 04:00:00+00:00,0.7961199999999989,0.7964399999999989,0.7959799999999989,0.796309999999999
2026-08-21 05:00:00+00:00,0.796309999999999,0.7965099999999989,0.795429999999999,0.7955199999999989
2026-08-21 06:00:00+00:00,0.7955199999999989,0.796599999999999,0.7955199999999989,0.7962199999999989
2026-08-21 07:00:00+00:00,0.7962199999999989,0.7970799999999989,0.7958399999999989,0.7967699999999989
2026-08-21 08:00:00+00:00,0.7967699999999989,0.797239999999999,0.7957099999999989,0.7958899999999989
2026-08-21 09:00:00+00:00,0.7958899999999989,0.7962499999999989,0.7949099999999989,0.7957899999999989
2026-08-21 10:00:00+00:00,0.7957899999999989,0.7958899999999989,0.7948899999999989,0.7954999999999989
2026-08-21 11:00:00+00:00,0.7954999999999989,0.7962799999999989,0.7947599999999989,0.795799999999999
2026-08-21 12:00:00+00:00,0.795799999999999,0.7970299999999989,0.7954499999999989,0.7963699999999989
2026-08-21 13:00:00+00:00,0.7963699999999989,0.797139999999999,0.7961799999999989,0.7964999999999989
2026-08-21 14:00:00+00:00,0.7964999999999989,0.7981699999999989,0.7964999999999989,0.797479999999999
2026-08-21 15:00:00+00:00,0.797479999999999,0.7985399999999989,0.7971999999999989,0.7972699999999989
2026-08-21 16:00:00+00:00,0.7972699999999989,0.7977699999999989,0.7970799999999989,0.7975499999999989
2026-08-21 17:00:00+00:00,0.7975499999999989,0.7979099999999989,0.797359999999999,0.7976099999999989
2026-08-21 18:00:00+00:00,0.7976099999999989,0.7976099999999989,0.797239999999999,0.797259999999999
2026-08-21 19:00:00+00:00,0.797259999999999,0.7977399999999989,0.7971599999999989,0.7974199999999989
2026-08-21 20:00:00+00:00,0.7974199999999989,0.7979599999999989,0.7973199999999989,0.797529999999999
2026-08-23 21:00:00+00:00,0.8007299999999999,0.80153,0.80021,0.80048
2026-08-23 22:00:00+00:00,0.80048,0.80162,0.80048,0.80124
2026-08-23 23:00:00+00:00,0.80124,0.80136,0.8005599999999999,0.80057
2026-08-24 00:00:00+00:00,0.80057,0.80059,0.79972,0.79978
2026-08-24 01:00:00+00:00,0.79978,0.80067,0.79962,0.80015
2026-08-24 02:00:00+00:00,0.80015,0.80033,0.79982,0.80012
2026-08-24 03:00:00+00:00,0.80012,0.80049,0.80008,0.80032
2026-08-24 04:00:00+00:00,0.80032,0.80067,0.80004,0.80012
2026-08-24 05:00:00+00:00,0.80012,0.80095,0.80009,0.8004
2026-08-24 06:00:00+00:00,0.8004,0.80144,0.80028,0.80107
2026-08-24 07:00:00+00:00,0.80107,0.80222,0.80068,0.80193
2026-08-24 08:00:00+00:00,0.80193,0.80284,0.80167,0.8022
2026-08-24 09:00:00+00:00,0.8022,0.80274,0.802,0.80235
2026-08-24 10:00:00+00:00,0.80235,0.80273,0.8021,0.8027
2026-08-24 11:00:00+00:00,0.8027,0.80277,0.8011,0.80211
2026-08-24 12:00:00+00:00,0.80211,0.80275,0.80151,0.80258
2026-08-24 13:00:00+00:00,0.80258,0.80264,0.80168,0.8021
2026-08-24 14:00:00+00:00,0.8021,0.80276,0.80172,0.8026
2026-08-24 15:00:00+00:00,0.8026,0.80264,0.80163,0.80243
2026-08-24 16:00:00+00:00,0.80243,0.80259,0.80181,0.80232
2026-08-24 17:00:00+00:00,0.80232,0.80299,0.80205,0.80265
2026-08-24 18:00:00+00:00,0.80265,0.80287,0.80223,0.80251
2026-08-24 19:00:00+00:00,0.80251,0.80298,0.80245,0.80267
2026-08-24 20:00:00+00:00,0.80267,0.80276,0.80232,0.80232
2026-08-24 21:00:00+00:00,0.80232,0.80232,0.80113,0.802
2026-08-24 22:00:00+00:00,0.802,0.80247,0.802,0.80235
2026-08-24 23:00:00+00:00,0.80235,0.80243,0.80217,0.80227
2026-08-25 00:00:00+00:00,0.80227,0.80242,0.80203,0.80216
2026-08-25 01:00:00+00:00,0.80216,0.80323,0.80214,0.80308
2026-08-25 02:00:00+00:00,0.80308,0.80358,0.80299,0.80342
2026-08-25 03:00:00+00:00,0.80342,0.8036,0.80327,0.80352
2026-08-25 04:00:00+00:00,0.80352,0.80388,0.8035,0.80382
2026-08-25 05:00:00+00:00,0.80382,0.80408,0.80366,0.80396
2026-08-25 06:00:00+00:00,0.80396,0.8042,0.80321,0.80415
2026-08-25 07:00:00+00:00,0.80415,0.80421,0.80322,0.80403
2026-08-25 08:00:00+00:00,0.80403,0.80404,0.80267,0.80269
2026-08-25 09:00:00+00:00,0.80269,0.80281,0.80199,0.80248
2026-08-25 10:00:00+00:00,0.80248,0.80306,0.80238,0.80278
2026-08-25 11:00:00+00:00,0.80278,0.80299,0.8022500000000001,0.8027200000000001
2026-08-25 12:00:00+00:00,0.8027200000000001,0.8028600000000001,0.8023600000000001,0.8025300000000002
2026-08-25 13:00:00+00:00,0.8025300000000002,0.8027500000000002,0.8015900000000001,0.8022500000000001
2026-08-25 14:00:00+00:00,0.8022500000000001,0.8030700000000002,0.8019400000000002,0.8027500000000002
2026-08-25 15:00:00+00:00,0.8027500000000002,0.8029300000000001,0.8020400000000002,0.8023400000000002
2026-08-25 16:00:00+00:00,0.8023400000000002,0.8027500000000002,0.8022900000000002,0.8024300000000002
2026-08-25 17:00:00+00:00,0.8024300000000002,0.8026800000000002,0.8018900000000002,0.8019400000000002
2026-08-25 18:00:00+00:00,0.8019400000000002,0.8022000000000001,0.8018500000000003,0.8019400000000003
2026-08-25 19:00:00+00:00,0.8019400000000003,0.8019700000000003,0.8010900000000003,0.8012500000000002
2026-08-25 20:00:00+00:00,0.8012500000000002,0.8014200000000002,0.8007300000000003,0.8013700000000002
2026-08-25 21:00:00+00:00,0.8013700000000002,0.8013700000000002,0.8002700000000003,0.80107
2026-08-25 22:00:00+00:00,0.80107,0.8013899999999999,0.80107,0.80129
2026-08-25 23:00:00+00:00,0.80129,0.80194,0.8012699999999999,0.8017599999999999
2026-08-26 00:00:00+00:00,0.8017599999999999,0.8019799999999999,0.80148,0.80175
2026-08-26 01:00:00+00:00,0.80175,0.8022499999999999,0.80153,0.8021199999999999
2026-08-26 02:00:00+00:00,0.8021199999999999,0.8029099999999999,0.8016599999999999,0.8029
2026-08-26 03:00:00+00:00,0.8029,0.8032499999999999,0.8026399999999999,0.80312
2026-08-26 04:00:00+00:00,0.80312,0.8035699999999999,0.8030499999999999,0.8035599999999999
2026-08-26 05:00:00+00:00,0.8035599999999999,0.8035899999999999,0.80297,0.8033499999999999
2026-08-26 06:00:00+00:00,0.8033499999999999,0.8038799999999999,0.8032499999999999,0.80355
2026-08-26 07:00:00+00:00,0.80355,0.8035599999999999,0.8029599999999999,0.8031099999999999
2026-08-26 08:00:00+00:00,0.8031099999999999,0.8037099999999999,0.80285,0.8035599999999999
2026-08-26 09:00:00+00:00,0.8035599999999999,0.80414,0.8034699999999999,0.80392
2026-08-26 10:00:00+00:00,0.80392,0.8042799999999999,0.8038,0.8042799999999999
2026-08-26 11:00:00+00:00,0.8042799999999999,0.80446,0.80377,0.8038899999999999
2026-08-26 12:00:00+00:00,0.8038899999999999,0.80499,0.80336,0.8049599999999999
2026-08-26 13:00:00+00:00,0.8049599999999999,0.80551,0.80451,0.80551
2026-08-26 14:00:00+00:00,0.80551,0.80624,0.8051799999999999,0.80619
2026-08-26 15:00:00+00:00,0.80619,0.8062499999999999,0.8052299999999999,0.8054399999999999
2026-08-26 16:00:00+00:00,0.8054399999999999,0.80575,0.8052400000000001,0.8056300000000001
2026-08-26 17:00:00+00:00,0.8056300000000001,0.80569,0.80511,0.80531
2026-08-26 18:00:00+00:00,0.80531,0.8055400000000001,0.80505,0.8054500000000001
2026-08-26 19:00:00+00:00,0.8054500000000001,0.8056400000000001,0.8051700000000002,0.8053800000000001
2026-08-26 20:00:00+00:00,0.8053800000000001,0.8054700000000001,0.8052200000000002,0.8054000000000001
2026-08-26 21:00:00+00:00,0.8054000000000001,0.8054000000000001,0.8040800000000001,0.8046000000000001
2026-08-26 22:00:00+00:00,0.8046000000000001,0.8051900000000001,0.8046000000000001,0.8050500000000002
2026-08-26 23:00:00+00:00,0.8050500000000002,0.8051000000000001,0.8048100000000001,0.8050700000000001
2026-08-27 00:00:00+00:00,0.8050700000000001,0.8053800000000001,0.8048900000000001,0.8051900000000001
2026-08-27 01:00:00+00:00,0.8051900000000001,0.8054400000000002,0.8050200000000001,0.8052100000000001
2026-08-27 02:00:00+00:00,0.8052100000000001,0.8055300000000001,0.8051500000000001,0.8053600000000001
2026-08-27 03:00:00+00:00,0.8053600000000001,0.8055700000000001,0.8053000000000001,0.8054800000000001
2026-08-27 04:00:00+00:00,0.8054800000000001,0.8055600000000002,0.8052300000000001,0.8055000000000001
2026-08-27 05:00:00+00:00,0.8055000000000001,0.8057900000000001,0.8051300000000001,0.8056100000000002
2026-08-27 06:00:00+00:00,0.8056100000000002,0.8058700000000001,0.8054700000000001,0.8057300000000001
2026-08-27 07:00:00+00:00,0.8057300000000001,0.8060400000000001,0.8054100000000001,0.8059300000000001
2026-08-27 08:00:00+00:00,0.8059300000000001,0.8061300000000001,0.8053500000000001,0.8057700000000001
2026-08-27 09:00:00+00:00,0.8057700000000001,0.8060700000000001,0.8056000000000001,0.8059400000000001
2026-08-27 10:00:00+00:00,0.8059400000000001,0.8061200000000001,0.8054000000000001,0.8059300000000001
2026-08-27 11:00:00+00:00,0.8059300000000001,0.8060700000000001,0.8050600000000001,0.8052700000000002
2026-08-27 12:00:00+00:00,0.8052700000000002,0.8053200000000001,0.8046800000000001,0.8048500000000001
2026-08-27 13:00:00+00:00,0.8048500000000001,0.8048700000000001,0.8029400000000001,0.8040000000000002
2026-08-27 14:00:00+00:00,0.8040000000000002,0.8043400000000002,0.8036000000000001,0.8039500000000002
2026-08-27 15:00:00+00:00,0.8039500000000002,0.8040600000000001,0.80337,0.8035800000000001
2026-08-27 16:00:00+00:00,0.8035800000000001,0.80393,0.80337,0.80381
2026-08-27 17:00:00+00:00,0.80381,0.8043100000000001,0.8036300000000001,0.80425
2026-08-27 18:00:00+00:00,0.80425,0.80447,0.8041100000000001,0.8042
2026-08-27 19:00:00+00:00,0.8042,0.8044000000000001,0.8040900000000001,0.80425
2026-08-27 20:00:00+00:00,0.80425,0.80432,0.8040900000000001,0.8041300000000001
2026-08-27 21:00:00+00:00,0.8041300000000001,0.80415,0.80242,0.80322
2026-08-27 22:00:00+00:00,0.80322,0.80421,0.80322,0.80393
2026-08-27 23:00:00+00:00,0.80393,0.80405,0.8037,0.80382
2026-08-28 00:00:00+00:00,0.80382,0.80431,0.80378,0.80404
2026-08-28 01:00:00+00:00,0.80404,0.80444,0.80376,0.80442
2026-08-28 02:00:00+00:00,0.80442,0.80458,0.80425,0.80429
2026-08-28 03:00:00+00:00,0.80429,0.80472,0.80422,0.80469
2026-08-28 04:00:00+00:00,0.80469,0.80498,0.80469,0.80493
2026-08-28 05:00:00+00:00,0.80493,0.80526,0.80477,0.80516
2026-08-28 06:00:00+00:00,0.80516,0.80526,0.80477,0.80484
2026-08-28 07:00:00+00:00,0.80484,0.80534,0.80445,0.8046
2026-08-28 08:00:00+00:00,0.8046,0.80474,0.80405,0.80407
2026-08-28 09:00:00+00:00,0.80407,0.80445,0.8037,0.80416
2026-08-28 10:00:00+00:00,0.80416,0.80426,0.80322,0.80328
2026-08-28 11:00:00+00:00,0.80328,0.80399,0.8032,0.8038
2026-08-28 12:00:00+00:00,0.8038,0.80461,0.80369,0.80382
2026-08-28 13:00:00+00:00,0.80382,0.80469,0.8037,0.80468
2026-08-28 14:00:00+00:00,0.80468,0.80844,0.80255,0.8071
2026-08-28 15:00:00+00:00,0.8071,0.80868,0.8069,0.80846
2026-08-28 16:00:00+00:00,0.80846,0.80974,0.80839,0.80933
2026-08-28 17:00:00+00:00,0.80933,0.80972,0.80893,0.80963
2026-08-28 18:00:00+00:00,0.80963,0.80982,0.80923,0.80961
2026-08-28 19:00:00+00:00,0.80961,0.80981,0.80904,0.80915
2026-08-28 20:00:00+00:00,0.80915,0.80987,0.80888,0.80914
2026-08-30 21:00:00+00:00,0.80803,0.80945,0.80803,0.80945
2026-08-30 22:00:00+00:00,0.80945,0.80984,0.80902,0.80918
2026-08-30 23:00:00+00:00,0.80918,0.80936,0.8088299999999999,0.80884
2026-08-31 00:00:00+00:00,0.80884,0.80913,0.80835,0.8086
2026-08-31 01:00:00+00:00,0.8086,0.80915,0.80833,0.80854
2026-08-31 02:00:00+00:00,0.80854,0.80884,0.8082199999999999,0.80855
2026-08-31 03:00:00+00:00,0.80855,0.80907,0.80853,0.80893
2026-08-31 04:00:00+00:00,0.80893,0.80933,0.80885,0.80912
2026-08-31 05:00:00+00:00,0.80912,0.8096099999999999,0.80911,0.80924
2026-08-31 06:00:00+00:00,0.80924,0.80965,0.80877,0.80885
2026-08-31 07:00:00+00:00,0.80885,0.80909,0.80747,0.80784
2026-08-31 08:00:00+00:00,0.80784,0.80902,0.80747,0.80878
2026-08-31 09:00:00+00:00,0.8087799999999999,0.80916,0.8084,0.80849
2026-08-31 10:00:00+00:00,0.80849,0.80905,0.80818,0.8087
2026-08-31 11:00:00+00:00,0.8087,0.80881,0.80807,0.80847
2026-08-31 12:00:00+00:00,0.80847,0.80885,0.80801,0.80849
2026-08-31 13:00:00+00:00,0.80849,0.80868,0.80803,0.80826
2026-08-31 14:00:00+00:00,0.80826,0.80856,0.80684,0.8081
2026-08-31 15:00:00+00:00,0.8081,0.80877,0.8078,0.80845
2026-08-31 16:00:00+00:00,0.80845,0.80855,0.80801,0.80817
2026-08-31 17:00:00+00:00,0.80817,0.80828,0.80785,0.80806
2026-08-31 18:00:00+00:00,0.80806,0.80836,0.80791,0.80824
2026-08-31 19:00:00+00:00,0.80824,0.80854,0.80805,0.80827
2026-08-31 20:00:00+00:00,0.80827,0.80846,0.8081,0.80833
2026-08-31 21:00:00+00:00,0.80833,0.80833,0.80663,0.8077
2026-08-31 22:00:00+00:00,0.8077,0.80855,0.8077,0.80847
2026-08-31 23:00:00+00:00,0.80847,0.8087,0.8083,0.8083
2026-09-01 00:00:00+00:00,0.8083,0.80867,0.80785,0.80859
2026-09-01 01:00:00+00:00,0.80859,0.80954,0.80856,0.80932
2026-09-01 02:00:00+00:00,0.80932,0.80966,0.80929,0.80938
2026-09-01 03:00:00+00:00,0.80938,0.80987,0.80936,0.80986
2026-09-01 04:00:00+00:00,0.80986,0.80999,0.80965,0.80966
2026-09-01 05:00:00+00:00,0.80966,0.80968,0.80908,0.80934
2026-09-01 06:00:00+00:00,0.80934,0.80985,0.80915,0.80937
2026-09-01 07:00:00+00:00,0.80937,0.81048,0.80917,0.81011
2026-09-01 08:00:00+00:00,0.81011,0.81088,0.80987,0.80998
2026-09-01 09:00:00+00:00,0.80998,0.81013,0.80923,0.80987
2026-09-01 10:00:00+00:00,0.80987,0.81033,0.80971,0.8101
2026-09-01 11:00:00+00:00,0.8101,0.81025,0.80947,0.81018
2026-09-01 12:00:00+00:00,0.81018,0.81059,0.80975,0.80992
2026-09-01 13:00:00+00:00,0.80992,0.81061,0.80983,0.8099
2026-09-01 14:00:00+00:00,0.8099,0.81216,0.80956,0.81206
2026-09-01 15:00:00+00:00,0.81206,0.81207,0.81119,0.81166
2026-09-01 16:00:00+00:00,0.81166,0.81242,0.81162,0.81234
2026-09-01 17:00:00+00:00,0.81234,0.81247,0.81179,0.81226
2026-09-01 18:00:00+00:00,0.81226,0.81231,0.81161,0.81177
2026-09-01 19:00:00+00:00,0.81177,0.81192,0.81139,0.81139
2026-09-01 20:00:00+00:00,0.81139,0.81182,0.81138,0.81156
2026-09-01 21:00:00+00:00,0.81156,0.81156,0.81069,0.81126
2026-09-01 22:00:00+00:00,0.81126,0.81166,0.81124,0.8116
2026-09-01 23:00:00+00:00,0.8116,0.81191,0.81159,0.8119
2026-09-02 00:00:00+00:00,0.8119,0.81251,0.81179,0.81251
2026-09-02 01:00:00+00:00,0.81251,0.8132,0.81231,0.81286
2026-09-02 02:00:00+00:00,0.81286,0.81336,0.8126,0.8126
2026-09-02 03:00:00+00:00,0.8126,0.813,0.81245,0.81284
2026-09-02 04:00:00+00:00,0.81284,0.81325,0.81283,0.81325
2026-09-02 05:00:00+00:00,0.81325,0.81351,0.8125,0.81283
2026-09-02 06:00:00+00:00,0.81283,0.8134,0.81215,0.81338
2026-09-02 07:00:00+00:00,0.81338,0.81395,0.81282,0.8139
2026-09-02 08:00:00+00:00,0.8139,0.81497,0.81353,0.81479
2026-09-02 09:00:00+00:00,0.81479,0.81512,0.81442,0.81507
2026-09-02 10:00:00+00:00,0.81507,0.81567,0.81499,0.81501
2026-09-02 11:00:00+00:00,0.81501,0.81532,0.8142,0.81428
2026-09-02 12:00:00+00:00,0.81428,0.81487,0.81345,0.81485
2026-09-02 13:00:00+00:00,0.81485,0.81485,0.81162,0.81176
2026-09-02 14:00:00+00:00,0.81176,0.81356,0.81175,0.81288
2026-09-02 15:00:00+00:00,0.81288,0.81326,0.81249,0.81302
2026-09-02 16:00:00+00:00,0.81302,0.81332,0.81274,0.81315
2026-09-02 17:00:00+00:00,0.81315,0.81348,0.81283,0.8133
2026-09-02 18:00:00+00:00,0.8133,0.81348,0.81286,0.81329
2026-09-02 19:00:00+00:00,0.81329,0.81337,0.81283,0.81285
2026-09-02 20:00:00+00:00,0.81285,0.81296,0.81255,0.81286
2026-09-02 21:00:00+00:00,0.81286,0.81286,0.81147,0.81209
2026-09-02 22:00:00+00:00,0.81209,0.8131,0.81209,0.81282
2026-09-02 23:00:00+00:00,0.81282,0.81312,0.81277,0.81291
2026-09-03 00:00:00+00:00,0.81291,0.81306,0.81243,0.81269
2026-09-03 01:00:00+00:00,0.81269,0.81297,0.81221,0.81286
2026-09-03 02:00:00+00:00,0.81286,0.81294,0.81194,0.81225
2026-09-03 03:00:00+00:00,0.81225,0.81228,0.81179,0.81195
2026-09-03 04:00:00+00:00,0.81195,0.81206,0.81146,0.81181
2026-09-03 05:00:00+00:00,0.81181,0.81196,0.81105,0.81133
2026-09-03 06:00:00+00:00,0.81133,0.81152,0.80847,0.80992
2026-09-03 07:00:00+00:00,0.80992,0.81004,0.8083,0.80911
2026-09-03 08:00:00+00:00,0.80911,0.80952,0.80836,0.80894
2026-09-03 09:00:00+00:00,0.80894,0.81001,0.80849,0.80946
2026-09-03 10:00:00+00:00,0.80946,0.80983,0.80893,0.80926
2026-09-03 11:00:00+00:00,0.80926,0.80939,0.80827,0.80871
2026-09-03 12:00:00+00:00,0.80871,0.80934,0.80666,0.80696
2026-09-03 13:00:00+00:00,0.80696,0.80797,0.80619,0.80708
2026-09-03 14:00:00+00:00,0.80708,0.80963,0.80708,0.80869
2026-09-03 15:00:00+00:00,0.80869,0.80886,0.80695,0.80727
2026-09-03 16:00:00+00:00,0.80727,0.80736,0.8052,0.80584
2026-09-03 17:00:00+00:00,0.80584,0.80666,0.80575,0.80666
2026-09-03 18:00:00+00:00,0.80666,0.80691,0.80622,0.80671
2026-09-03 19:00:00+00:00,0.80671,0.80774,0.80666,0.80738
2026-09-03 20:00:00+00:00,0.80738,0.80762,0.80719,0.8075
2026-09-03 21:00:00+00:00,0.8075,0.8075,0.80633,0.8064
2026-09-03 22:00:00+00:00,0.8064,0.80789,0.8064,0.80786
2026-09-03 23:00:00+00:00,0.80786,0.80796,0.80744,0.80748
2026-09-04 00:00:00+00:00,0.80748,0.80792,0.80719,0.80777
2026-09-04 01:00:00+00:00,0.80777,0.80806,0.80762,0.8077
2026-09-04 02:00:00+00:00,0.8077,0.80789,0.8074,0.80781
2026-09-04 03:00:00+00:00,0.80781,0.80845,0.80771,0.80829
2026-09-04 04:00:00+00:00,0.80829,0.80829,0.80778,0.80793
2026-09-04 05:00:00+00:00,0.80793,0.8081,0.80761,0.80777
2026-09-04 06:00:00+00:00,0.80777,0.80804,0.80739,0.80803
2026-09-04 07:00:00+00:00,0.80803,0.80873,0.80789,0.80843
2026-09-04 08:00:00+00:00,0.80843,0.80886,0.80828,0.80871
2026-09-04 09:00:00+00:00,0.80871,0.80964,0.80857,0.8096
2026-09-04 10:00:00+00:00,0.8096,0.8096,0.80895,0.80917
2026-09-04 11:00:00+00:00,0.80917,0.80926,0.80878,0.80916
2026-09-04 12:00:00+00:00,0.80916,0.81263,0.80812,0.81099
2026-09-04 13:00:00+00:00,0.81099,0.81176,0.80911,0.81028
2026-09-04 14:00:00+00:00,0.81028,0.81088,0.80941,0.81009
2026-09-04 15:00:00+00:00,0.81009,0.81039,0.80914,0.80956
2026-09-04 16:00:00+00:00,0.80956,0.80968,0.80899,0.80919
2026-09-04 17:00:00+00:00,0.80919,0.81007,0.80919,0.81001
2026-09-04 18:00:00+00:00,0.81001,0.81036,0.80993,0.81024
2026-09-04 19:00:00+00:00,0.81024,0.81026,0.80961,0.80973
2026-09-04 20:00:00+00:00,0.80973,0.81011,0.80973,0.80989
2026-09-06 22:00:00+00:00,0.80989,0.8102199999999999,0.80947,0.8099999999999999
2026-09-06 23:00:00+00:00,0.8099999999999999,0.81001,0.80972,0.80995
2026-09-07 00:00:00+00:00,0.80995,0.81017,0.80943,0.8096
2026-09-07 01:00:00+00:00,0.8096,0.81033,0.80952,0.81026
2026-09-07 02:00:00+00:00,0.81026,0.81098,0.81023,0.81079
2026-09-07 03:00:00+00:00,0.81079,0.81086,0.81049,0.81056
2026-09-07 04:00:00+00:00,0.81056,0.8108299999999999,0.81043,0.81049
2026-09-07 05:00:00+00:00,0.81049,0.81075,0.81033,0.81038
2026-09-07 06:00:00+00:00,0.81038,0.81092,0.80994,0.8104
2026-09-07 07:00:00+00:00,0.8104,0.81089,0.80968,0.8098
2026-09-07 08:00:00+00:00,0.8098,0.81004,0.80846,0.80942
2026-09-07 09:00:00+00:00,0.80942,0.80945,0.80872,0.80897
2026-09-07 10:00:00+00:00,0.80897,0.80908,0.8084399999999999,0.80879
2026-09-07 11:00:00+00:00,0.80879,0.80914,0.8086599999999999,0.8090499999999999
2026-09-07 12:00:00+00:00,0.8090499999999999,0.80956,0.80858,0.8090499999999999
2026-09-07 13:00:00+00:00,0.8090499999999999,0.80941,0.8088299999999999,0.8088299999999999
2026-09-07 14:00:00+00:00,0.8088299999999999,0.80914,0.80851,0.80894
2026-09-07 15:00:00+00:00,0.80894,0.80926,0.80874,0.80911
2026-09-07 16:00:00+00:00,0.80911,0.80934,0.80893,0.80903
2026-09-07 17:00:00+00:00,0.80903,0.80938,0.80902,0.80932
2026-09-07 18:00:00+00:00,0.80932,0.80959,0.8093,0.80953
2026-09-07 19:00:00+00:00,0.80953,0.80964,0.80949,0.80958
2026-09-07 20:00:00+00:00,0.80958,0.80965,0.80946,0.80951
2026-09-07 21:00:00+00:00,0.80951,0.80951,0.8084,0.80874
2026-09-07 22:00:00+00:00,0.80874,0.80954,0.80874,0.80919
2026-09-07 23:00:00+00:00,0.80919,0.80926,0.80861,0.8089
2026-09-08 00:00:00+00:00,0.8089,0.80935,0.80858,0.80923
2026-09-08 01:00:00+00:00,0.80923,0.80935,0.80843,0.80843
2026-09-08 02:00:00+00:00,0.80843,0.80939,0.80825,0.80935
2026-09-08 03:00:00+00:00,0.80935,0.80944,0.80911,0.8094
2026-09-08 04:00:00+00:00,0.8094,0.80959,0.80923,0.80929
2026-09-08 05:00:00+00:00,0.80929,0.8094,0.80843,0.80844
2026-09-08 06:00:00+00:00,0.80844,0.8101,0.80772,0.8101
2026-09-08 07:00:00+00:00,0.8101,0.81119,0.80987,0.81066
2026-09-08 08:00:00+00:00,0.81066,0.81193,0.81063,0.81175
2026-09-08 09:00:00+00:00,0.81175,0.81203,0.81095,0.81118
2026-09-08 10:00:00+00:00,0.81118,0.81195,0.81067,0.8118
2026-09-08 11:00:00+00:00,0.8118,0.81199,0.81116,0.81156
2026-09-08 12:00:00+00:00,0.81156,0.81198,0.80994,0.80998
2026-09-08 13:00:00+00:00,0.80998,0.81003,0.80898,0.80931
2026-09-08 14:00:00+00:00,0.80931,0.81004,0.80819,0.80844
2026-09-08 15:00:00+00:00,0.80844,0.80912,0.80815,0.80911
2026-09-08 16:00:00+00:00,0.80911,0.80975,0.80909,0.80921
2026-09-08 17:00:00+00:00,0.80921,0.80923,0.80883,0.80893
2026-09-08 18:00:00+00:00,0.80893,0.80968,0.80879,0.80896
2026-09-08 19:00:00+00:00,0.80896,0.80979,0.80887,0.80972
2026-09-08 20:00:00+00:00,0.80972,0.80983,0.80937,0.80937
2026-09-08 21:00:00+00:00,0.80937,0.80937,0.80937,0.80937
2026-09-08 22:00:00+00:00,0.80937,0.80958,0.80916,0.80932
2026-09-08 23:00:00+00:00,0.80932,0.80933,0.80883,0.80904
2026-09-09 00:00:00+00:00,0.80904,0.80911,0.80865,0.80884
2026-09-09 01:00:00+00:00,0.80884,0.8094,0.80883,0.809
2026-09-09 02:00:00+00:00,0.809,0.80953,0.809,0.80917
2026-09-09 03:00:00+00:00,0.80917,0.80927,0.80879,0.80895
2026-09-09 04:00:00+00:00,0.80895,0.80901,0.80868,0.80874
2026-09-09 05:00:00+00:00,0.80874,0.80877,0.80826,0.80857
2026-09-09 06:00:00+00:00,0.80857,0.80864,0.80779,0.8084
2026-09-09 07:00:00+00:00,0.8084,0.80878,0.80783,0.80821
2026-09-09 08:00:00+00:00,0.80821,0.80962,0.8081,0.80961
2026-09-09 09:00:00+00:00,0.80961,0.8104,0.80943,0.81031
2026-09-09 10:00:00+00:00,0.81031,0.81066,0.80907,0.80933
2026-09-09 11:00:00+00:00,0.80933,0.80935,0.80766,0.80774
2026-09-09 12:00:00+00:00,0.80774,0.80806,0.80673,0.80782
2026-09-09 13:00:00+00:00,0.80782,0.80793,0.80675,0.80699
2026-09-09 14:00:00+00:00,0.80699,0.80816,0.80674,0.8076
2026-09-09 15:00:00+00:00,0.8076,0.81095,0.80723,0.81033
2026-09-09 16:00:00+00:00,0.81033,0.81073,0.80945,0.80994
2026-09-09 17:00:00+00:00,0.80994,0.81,0.80944,0.80957
2026-09-09 18:00:00+00:00,0.80957,0.81046,0.80942,0.81032
2026-09-09 19:00:00+00:00,0.81032,0.81068,0.81018,0.81029
2026-09-09 20:00:00+00:00,0.81029,0.81051,0.81008,0.81008
2026-09-09 21:00:00+00:00,0.81008,0.81008,0.80877,0.80891
2026-09-09 22:00:00+00:00,0.80891,0.81013,0.80891,0.80954
2026-09-09 23:00:00+00:00,0.80954,0.81007,0.80939,0.80994
2026-09-10 00:00:00+00:00,0.80994,0.8104,0.80969,0.81006
2026-09-10 01:00:00+00:00,0.81006,0.8101,0.80872,0.80879
2026-09-10 02:00:00+00:00,0.80879,0.80936,0.80861,0.80879
2026-09-10 03:00:00+00:00,0.80879,0.80917,0.80878,0.809
2026-09-10 04:00:00+00:00,0.809,0.80935,0.80883,0.80932
2026-09-10 05:00:00+00:00,0.80932,0.80932,0.80862,0.80863
2026-09-10 06:00:00+00:00,0.80863,0.80906,0.80842,0.8089
2026-09-10 07:00:00+00:00,0.8089,0.80959,0.80884,0.80929
2026-09-10 08:00:00+00:00,0.80929,0.81049,0.80923,0.8102
2026-09-10 09:00:00+00:00,0.8102,0.81114,0.80981,0.81054
2026-09-10 10:00:00+00:00,0.81054,0.81158,0.81007,0.81114
2026-09-10 11:00:00+00:00,0.81114,0.81187,0.81102,0.8118
2026-09-10 12:00:00+00:00,0.8118,0.8147,0.81168,0.81297
2026-09-10 13:00:00+00:00,0.81297,0.81385,0.81194,0.81249
2026-09-10 14:00:00+00:00,0.81249,0.81253,0.81105,0.81108
2026-09-10 15:00:00+00:00,0.81108,0.81173,0.81081,0.8113
2026-09-10 16:00:00+00:00,0.8113,0.81233,0.81121,0.8122
2026-09-10 17:00:00+00:00,0.8122,0.81258,0.81201,0.81249
2026-09-10 18:00:00+00:00,0.81249,0.81324,0.81241,0.8128
2026-09-10 19:00:00+00:00,0.8128,0.81316,0.81278,0.81293
2026-09-10 20:00:00+00:00,0.81293,0.81356,0.81269,0.81272
2026-09-10 21:00:00+00:00,0.81272,0.81302,0.81211,0.81268
2026-09-10 22:00:00+00:00,0.81268,0.81344,0.81268,0.81301
2026-09-10 23:00:00+00:00,0.81301,0.81339,0.81291,0.81309
2026-09-11 00:00:00+00:00,0.81309,0.81314,0.81256,0.81276
2026-09-11 01:00:00+00:00,0.81276,0.81328,0.81241,0.8131
2026-09-11 02:00:00+00:00,0.8131,0.81384,0.81306,0.81368
2026-09-11 03:00:00+00:00,0.81368,0.81421,0.81363,0.81387
2026-09-11 04:00:00+00:00,0.81387,0.81395,0.81303,0.81342
2026-09-11 05:00:00+00:00,0.81342,0.81348,0.81256,0.8128
2026-09-11 06:00:00+00:00,0.8128,0.81335,0.81244,0.81332
2026-09-11 07:00:00+00:00,0.81332,0.81386,0.81301,0.81362
2026-09-11 08:00:00+00:00,0.81362,0.81434,0.8132,0.81426
2026-09-11 09:00:00+00:00,0.81426,0.81501,0.81384,0.81478
2026-09-11 10:00:00+00:00,0.81478,0.81549,0.81427,0.81545
2026-09-11 11:00:00+00:00,0.81545,0.81592,0.81494,0.8152
2026-09-11 12:00:00+00:00,0.8152,0.817,0.81366,0.81412
2026-09-11 13:00:00+00:00,0.81412,0.81527,0.81372,0.81415
2026-09-11 14:00:00+00:00,0.81415,0.81527,0.81402,0.81526
2026-09-11 15:00:00+00:00,0.81526,0.81618,0.81499,0.8159
2026-09-11 16:00:00+00:00,0.8159,0.81617,0.81535,0.81607
2026-09-11 17:00:00+00:00,0.81607,0.81634,0.81576,0.81617
2026-09-11 18:00:00+00:00,0.81617,0.81704,0.81605,0.81659
2026-09-11 19:00:00+00:00,0.81659,0.81688,0.81648,0.81662
2026-09-11 20:00:00+00:00,0.81662,0.81684,0.81617,0.81623
